ISO-10303-21;
HEADER;
/* Generated by software containing ST-Developer
 * from STEP Tools, Inc. (www.steptools.com) 
 */

FILE_DESCRIPTION(
/* description */ ('STEP AP203'),
/* implementation_level */ '2;1');

FILE_NAME(
/* name */ '',
/* time_stamp */ '2026-08-26T09:44:45+08:00',
/* author */ (''),
/* organization */ (''),
/* preprocessor_version */ 'ST-DEVELOPER v20.1',
/* originating_system */ 'Autodesk Translation Framework v15.8.0.0',
/* authorisation */ '');

FILE_SCHEMA (('AUTOMOTIVE_DESIGN { 1 0 10303 214 3 1 1 }'));
ENDSEC;

DATA;
#10=MECHANICAL_DESIGN_GEOMETRIC_PRESENTATION_REPRESENTATION('',(#26,#27,
#28),#14653);
#11=TOROIDAL_SURFACE('',#7174,6.99999999999989,2.99999999999998);
#12=TOROIDAL_SURFACE('',#7178,6.99999999999998,3.);
#13=TOROIDAL_SURFACE('',#7254,4.99999999999259,2.99999999999986);
#14=ITEM_DEFINED_TRANSFORMATION($,$,#6881,#7144);
#15=ITEM_DEFINED_TRANSFORMATION($,$,#6880,#7415);
#16=(
REPRESENTATION_RELATIONSHIP($,$,#14668,#14667)
REPRESENTATION_RELATIONSHIP_WITH_TRANSFORMATION(#14)
SHAPE_REPRESENTATION_RELATIONSHIP()
);
#17=(
REPRESENTATION_RELATIONSHIP($,$,#14667,#14666)
REPRESENTATION_RELATIONSHIP_WITH_TRANSFORMATION(#15)
SHAPE_REPRESENTATION_RELATIONSHIP()
);
#18=CONTEXT_DEPENDENT_SHAPE_REPRESENTATION(#16,#14664);
#19=CONTEXT_DEPENDENT_SHAPE_REPRESENTATION(#17,#14665);
#20=NEXT_ASSEMBLY_USAGE_OCCURRENCE('035hand.step:1','035hand.step:1',
'035hand.step:1',#14671,#14672,'035hand.step:1');
#21=NEXT_ASSEMBLY_USAGE_OCCURRENCE('035hand.step (1):1',
'035hand.step (1):1','035hand.step (1):1',#14670,#14671,
'035hand.step (1):1');
#22=SHAPE_REPRESENTATION_RELATIONSHIP('SRR','None',#14668,#24);
#23=SHAPE_REPRESENTATION_RELATIONSHIP('SRR','None',#14666,#25);
#24=ADVANCED_BREP_SHAPE_REPRESENTATION('',(#29),#14652);
#25=ADVANCED_BREP_SHAPE_REPRESENTATION('',(#30,#31),#14650);
#26=STYLED_ITEM('',(#14686),#29);
#27=STYLED_ITEM('',(#14686),#30);
#28=STYLED_ITEM('',(#14686),#31);
#29=MANIFOLD_SOLID_BREP('\X2\5B9E4F53\X0\1',#6864);
#30=MANIFOLD_SOLID_BREP('\X2\5B9E4F53\X0\1',#6865);
#31=MANIFOLD_SOLID_BREP('\X2\5B9E4F53\X0\3',#6866);
#32=CONICAL_SURFACE('',#7074,3.99999999788706,0.785398161638839);
#33=CONICAL_SURFACE('',#7078,3.99999999771486,0.785398161604569);
#34=CONICAL_SURFACE('',#7086,3.99999999774916,0.785398161606137);
#35=CONICAL_SURFACE('',#7090,3.99999999774916,0.785398161578429);
#36=CONICAL_SURFACE('',#7184,13.2426379385936,0.785398161609869);
#37=(
BOUNDED_CURVE()
B_SPLINE_CURVE(2,(#10893,#10894,#10895),.UNSPECIFIED.,.F.,.F.)
B_SPLINE_CURVE_WITH_KNOTS((3,3),(-0.251374649545536,-0.0934308352534586),
 .UNSPECIFIED.)
CURVE()
GEOMETRIC_REPRESENTATION_ITEM()
RATIONAL_B_SPLINE_CURVE((1.38501894659868,1.30285200338725,1.17193910912066))
REPRESENTATION_ITEM('')
);
#38=(
BOUNDED_CURVE()
B_SPLINE_CURVE(2,(#10911,#10912,#10913),.UNSPECIFIED.,.F.,.F.)
B_SPLINE_CURVE_WITH_KNOTS((3,3),(0.0935138383248541,0.251484367511446),
 .UNSPECIFIED.)
CURVE()
GEOMETRIC_REPRESENTATION_ITEM()
RATIONAL_B_SPLINE_CURVE((1.17209842231086,1.30302911286078,1.38520722594912))
REPRESENTATION_ITEM('')
);
#39=(
BOUNDED_CURVE()
B_SPLINE_CURVE(2,(#10924,#10925,#10926),.UNSPECIFIED.,.F.,.F.)
B_SPLINE_CURVE_WITH_KNOTS((3,3),(-0.941800670541847,-0.783854846116007),
 .UNSPECIFIED.)
CURVE()
GEOMETRIC_REPRESENTATION_ITEM()
RATIONAL_B_SPLINE_CURVE((1.17195109622926,1.3028653295048,1.38503311313631))
REPRESENTATION_ITEM('')
);
#40=(
BOUNDED_CURVE()
B_SPLINE_CURVE(2,(#10933,#10934,#10935),.UNSPECIFIED.,.F.,.F.)
B_SPLINE_CURVE_WITH_KNOTS((3,3),(-0.251118314789515,-0.0932369115361404),
 .UNSPECIFIED.)
CURVE()
GEOMETRIC_REPRESENTATION_ITEM()
RATIONAL_B_SPLINE_CURVE((1.38457910134588,1.30243825204764,1.17156693222772))
REPRESENTATION_ITEM('')
);
#41=B_SPLINE_SURFACE_WITH_KNOTS('',3,3,((#9719,#9720,#9721,#9722,#9723,
#9724,#9725,#9726,#9727,#9728),(#9729,#9730,#9731,#9732,#9733,#9734,#9735,
#9736,#9737,#9738),(#9739,#9740,#9741,#9742,#9743,#9744,#9745,#9746,#9747,
#9748),(#9749,#9750,#9751,#9752,#9753,#9754,#9755,#9756,#9757,#9758),(#9759,
#9760,#9761,#9762,#9763,#9764,#9765,#9766,#9767,#9768),(#9769,#9770,#9771,
#9772,#9773,#9774,#9775,#9776,#9777,#9778),(#9779,#9780,#9781,#9782,#9783,
#9784,#9785,#9786,#9787,#9788),(#9789,#9790,#9791,#9792,#9793,#9794,#9795,
#9796,#9797,#9798),(#9799,#9800,#9801,#9802,#9803,#9804,#9805,#9806,#9807,
#9808),(#9809,#9810,#9811,#9812,#9813,#9814,#9815,#9816,#9817,#9818),(#9819,
#9820,#9821,#9822,#9823,#9824,#9825,#9826,#9827,#9828),(#9829,#9830,#9831,
#9832,#9833,#9834,#9835,#9836,#9837,#9838),(#9839,#9840,#9841,#9842,#9843,
#9844,#9845,#9846,#9847,#9848),(#9849,#9850,#9851,#9852,#9853,#9854,#9855,
#9856,#9857,#9858),(#9859,#9860,#9861,#9862,#9863,#9864,#9865,#9866,#9867,
#9868),(#9869,#9870,#9871,#9872,#9873,#9874,#9875,#9876,#9877,#9878),(#9879,
#9880,#9881,#9882,#9883,#9884,#9885,#9886,#9887,#9888),(#9889,#9890,#9891,
#9892,#9893,#9894,#9895,#9896,#9897,#9898)),.UNSPECIFIED.,.F.,.F.,.F.,(4,
2,2,2,2,2,2,2,4),(4,2,2,2,4),(0.,0.196349541,0.392699082,0.589048623,0.785398163,
0.981747704,1.178097245,1.374446786,1.570796327),(0.,0.25,0.5,0.75,1.),
 .UNSPECIFIED.);
#42=B_SPLINE_SURFACE_WITH_KNOTS('',3,3,((#9909,#9910,#9911,#9912,#9913,
#9914,#9915,#9916,#9917,#9918),(#9919,#9920,#9921,#9922,#9923,#9924,#9925,
#9926,#9927,#9928),(#9929,#9930,#9931,#9932,#9933,#9934,#9935,#9936,#9937,
#9938),(#9939,#9940,#9941,#9942,#9943,#9944,#9945,#9946,#9947,#9948),(#9949,
#9950,#9951,#9952,#9953,#9954,#9955,#9956,#9957,#9958),(#9959,#9960,#9961,
#9962,#9963,#9964,#9965,#9966,#9967,#9968),(#9969,#9970,#9971,#9972,#9973,
#9974,#9975,#9976,#9977,#9978),(#9979,#9980,#9981,#9982,#9983,#9984,#9985,
#9986,#9987,#9988),(#9989,#9990,#9991,#9992,#9993,#9994,#9995,#9996,#9997,
#9998),(#9999,#10000,#10001,#10002,#10003,#10004,#10005,#10006,#10007,#10008),
(#10009,#10010,#10011,#10012,#10013,#10014,#10015,#10016,#10017,#10018),
(#10019,#10020,#10021,#10022,#10023,#10024,#10025,#10026,#10027,#10028),
(#10029,#10030,#10031,#10032,#10033,#10034,#10035,#10036,#10037,#10038),
(#10039,#10040,#10041,#10042,#10043,#10044,#10045,#10046,#10047,#10048),
(#10049,#10050,#10051,#10052,#10053,#10054,#10055,#10056,#10057,#10058),
(#10059,#10060,#10061,#10062,#10063,#10064,#10065,#10066,#10067,#10068),
(#10069,#10070,#10071,#10072,#10073,#10074,#10075,#10076,#10077,#10078),
(#10079,#10080,#10081,#10082,#10083,#10084,#10085,#10086,#10087,#10088)),
 .UNSPECIFIED.,.F.,.F.,.F.,(4,2,2,2,2,2,2,2,4),(4,2,2,2,4),(4.71238898,
4.908738521,5.105088062,5.301437603,5.497787144,5.694136685,5.890486225,
6.086835766,6.2832114216695),(0.,0.25,0.5,0.75,1.),.UNSPECIFIED.);
#43=B_SPLINE_SURFACE_WITH_KNOTS('',3,3,((#10170,#10171,#10172,#10173,#10174,
#10175,#10176,#10177,#10178,#10179,#10180,#10181,#10182,#10183,#10184),
(#10185,#10186,#10187,#10188,#10189,#10190,#10191,#10192,#10193,#10194,
#10195,#10196,#10197,#10198,#10199),(#10200,#10201,#10202,#10203,#10204,
#10205,#10206,#10207,#10208,#10209,#10210,#10211,#10212,#10213,#10214),
(#10215,#10216,#10217,#10218,#10219,#10220,#10221,#10222,#10223,#10224,
#10225,#10226,#10227,#10228,#10229),(#10230,#10231,#10232,#10233,#10234,
#10235,#10236,#10237,#10238,#10239,#10240,#10241,#10242,#10243,#10244),
(#10245,#10246,#10247,#10248,#10249,#10250,#10251,#10252,#10253,#10254,
#10255,#10256,#10257,#10258,#10259),(#10260,#10261,#10262,#10263,#10264,
#10265,#10266,#10267,#10268,#10269,#10270,#10271,#10272,#10273,#10274),
(#10275,#10276,#10277,#10278,#10279,#10280,#10281,#10282,#10283,#10284,
#10285,#10286,#10287,#10288,#10289),(#10290,#10291,#10292,#10293,#10294,
#10295,#10296,#10297,#10298,#10299,#10300,#10301,#10302,#10303,#10304),
(#10305,#10306,#10307,#10308,#10309,#10310,#10311,#10312,#10313,#10314,
#10315,#10316,#10317,#10318,#10319),(#10320,#10321,#10322,#10323,#10324,
#10325,#10326,#10327,#10328,#10329,#10330,#10331,#10332,#10333,#10334)),
 .UNSPECIFIED.,.F.,.F.,.F.,(4,3,2,2,4),(4,3,2,2,2,2,4),(-0.1031910357,-0.09226836,
0.,0.99999921,1.011031112457),(0.39958293661,0.413305374,0.443502464,0.443512464024707,
0.458644977939925,0.45865497790063,1.78554396481843),.UNSPECIFIED.);
#44=B_SPLINE_SURFACE_WITH_KNOTS('',3,3,((#10593,#10594,#10595,#10596,#10597,
#10598,#10599,#10600,#10601,#10602,#10603,#10604,#10605,#10606,#10607,#10608),
(#10609,#10610,#10611,#10612,#10613,#10614,#10615,#10616,#10617,#10618,
#10619,#10620,#10621,#10622,#10623,#10624),(#10625,#10626,#10627,#10628,
#10629,#10630,#10631,#10632,#10633,#10634,#10635,#10636,#10637,#10638,#10639,
#10640),(#10641,#10642,#10643,#10644,#10645,#10646,#10647,#10648,#10649,
#10650,#10651,#10652,#10653,#10654,#10655,#10656),(#10657,#10658,#10659,
#10660,#10661,#10662,#10663,#10664,#10665,#10666,#10667,#10668,#10669,#10670,
#10671,#10672),(#10673,#10674,#10675,#10676,#10677,#10678,#10679,#10680,
#10681,#10682,#10683,#10684,#10685,#10686,#10687,#10688),(#10689,#10690,
#10691,#10692,#10693,#10694,#10695,#10696,#10697,#10698,#10699,#10700,#10701,
#10702,#10703,#10704),(#10705,#10706,#10707,#10708,#10709,#10710,#10711,
#10712,#10713,#10714,#10715,#10716,#10717,#10718,#10719,#10720),(#10721,
#10722,#10723,#10724,#10725,#10726,#10727,#10728,#10729,#10730,#10731,#10732,
#10733,#10734,#10735,#10736),(#10737,#10738,#10739,#10740,#10741,#10742,
#10743,#10744,#10745,#10746,#10747,#10748,#10749,#10750,#10751,#10752),
(#10753,#10754,#10755,#10756,#10757,#10758,#10759,#10760,#10761,#10762,
#10763,#10764,#10765,#10766,#10767,#10768),(#10769,#10770,#10771,#10772,
#10773,#10774,#10775,#10776,#10777,#10778,#10779,#10780,#10781,#10782,#10783,
#10784),(#10785,#10786,#10787,#10788,#10789,#10790,#10791,#10792,#10793,
#10794,#10795,#10796,#10797,#10798,#10799,#10800)),.UNSPECIFIED.,.F.,.F.,
 .F.,(4,3,2,2,2,4),(4,3,2,2,2,3,4),(-0.12025607292,-0.109164421,-0.005180256,
0.012150452,0.998917602,1.000000771),(0.3386522204843,0.355628497,0.444927211,
1.824245254,1.930346642,2.036447954,2.05325614857),.UNSPECIFIED.);
#45=B_SPLINE_SURFACE_WITH_KNOTS('',3,3,((#11586,#11587,#11588,#11589,#11590,
#11591,#11592,#11593,#11594,#11595,#11596,#11597,#11598,#11599,#11600,#11601,
#11602,#11603,#11604,#11605,#11606,#11607,#11608),(#11609,#11610,#11611,
#11612,#11613,#11614,#11615,#11616,#11617,#11618,#11619,#11620,#11621,#11622,
#11623,#11624,#11625,#11626,#11627,#11628,#11629,#11630,#11631),(#11632,
#11633,#11634,#11635,#11636,#11637,#11638,#11639,#11640,#11641,#11642,#11643,
#11644,#11645,#11646,#11647,#11648,#11649,#11650,#11651,#11652,#11653,#11654),
(#11655,#11656,#11657,#11658,#11659,#11660,#11661,#11662,#11663,#11664,
#11665,#11666,#11667,#11668,#11669,#11670,#11671,#11672,#11673,#11674,#11675,
#11676,#11677)),.UNSPECIFIED.,.F.,.F.,.F.,(4,4),(4,1,1,1,1,1,1,1,2,1,1,
1,1,1,1,1,3,4),(0.,0.00160587768783183),(-3.913028172,-3.766638682,-3.620249191,
-3.473859701,-3.327470211,-3.18108072,-3.03469123,-2.88830174,-2.74191225,
-2.595522759,-2.449133269,-2.302743779,-2.156354288,-2.009964798,-1.863575308,
-1.717185817,-1.57079653,-1.54737421358),.UNSPECIFIED.);
#46=B_SPLINE_SURFACE_WITH_KNOTS('',3,3,((#11984,#11985,#11986,#11987,#11988,
#11989),(#11990,#11991,#11992,#11993,#11994,#11995),(#11996,#11997,#11998,
#11999,#12000,#12001),(#12002,#12003,#12004,#12005,#12006,#12007),(#12008,
#12009,#12010,#12011,#12012,#12013),(#12014,#12015,#12016,#12017,#12018,
#12019),(#12020,#12021,#12022,#12023,#12024,#12025),(#12026,#12027,#12028,
#12029,#12030,#12031),(#12032,#12033,#12034,#12035,#12036,#12037),(#12038,
#12039,#12040,#12041,#12042,#12043),(#12044,#12045,#12046,#12047,#12048,
#12049)),.UNSPECIFIED.,.F.,.F.,.F.,(4,2,2,2,1,4),(4,2,4),(-7.3848E-5,-4.9488E-5,
0.,2.12208830216869E-5,0.571425421065959,0.999994487615424),(0.830667281,
2.112582722,3.13043431),.UNSPECIFIED.);
#47=B_SPLINE_SURFACE_WITH_KNOTS('',3,3,((#12193,#12194,#12195,#12196,#12197),
(#12198,#12199,#12200,#12201,#12202),(#12203,#12204,#12205,#12206,#12207),
(#12208,#12209,#12210,#12211,#12212),(#12213,#12214,#12215,#12216,#12217),
(#12218,#12219,#12220,#12221,#12222)),.UNSPECIFIED.,.F.,.F.,.F.,(4,1,1,
4),(4,1,4),(0.,0.571428571,0.714285714,1.),(0.,0.571428571,1.),
 .UNSPECIFIED.);
#48=B_SPLINE_SURFACE_WITH_KNOTS('',3,3,((#12272,#12273,#12274,#12275,#12276,
#12277,#12278,#12279),(#12280,#12281,#12282,#12283,#12284,#12285,#12286,
#12287),(#12288,#12289,#12290,#12291,#12292,#12293,#12294,#12295),(#12296,
#12297,#12298,#12299,#12300,#12301,#12302,#12303),(#12304,#12305,#12306,
#12307,#12308,#12309,#12310,#12311)),.UNSPECIFIED.,.F.,.F.,.F.,(4,1,4),
(4,1,1,2,4),(0.,0.571428571,1.),(-0.054661666,-0.048101733,-0.034981867,
-0.008742135,0.),.UNSPECIFIED.);
#49=B_SPLINE_SURFACE_WITH_KNOTS('',3,3,((#12318,#12319,#12320,#12321,#12322,
#12323,#12324,#12325,#12326),(#12327,#12328,#12329,#12330,#12331,#12332,
#12333,#12334,#12335),(#12336,#12337,#12338,#12339,#12340,#12341,#12342,
#12343,#12344),(#12345,#12346,#12347,#12348,#12349,#12350,#12351,#12352,
#12353),(#12354,#12355,#12356,#12357,#12358,#12359,#12360,#12361,#12362)),
 .UNSPECIFIED.,.F.,.F.,.F.,(4,1,4),(4,2,1,1,1,4),(0.,0.571428571,1.),(-0.060759252,
-0.052017108,-0.03233727,-0.019217378,-0.012657432,-0.006097486),
 .UNSPECIFIED.);
#50=B_SPLINE_SURFACE_WITH_KNOTS('',3,3,((#12439,#12440,#12441,#12442,#12443),
(#12444,#12445,#12446,#12447,#12448),(#12449,#12450,#12451,#12452,#12453),
(#12454,#12455,#12456,#12457,#12458),(#12459,#12460,#12461,#12462,#12463),
(#12464,#12465,#12466,#12467,#12468)),.UNSPECIFIED.,.F.,.F.,.F.,(4,1,1,
4),(4,1,4),(0.,0.571428571,0.714285714,0.999999999),(0.,0.571428571,1.),
 .UNSPECIFIED.);
#51=B_SPLINE_SURFACE_WITH_KNOTS('',3,3,((#12495,#12496,#12497,#12498),(#12499,
#12500,#12501,#12502),(#12503,#12504,#12505,#12506),(#12507,#12508,#12509,
#12510),(#12511,#12512,#12513,#12514),(#12515,#12516,#12517,#12518),(#12519,
#12520,#12521,#12522)),.UNSPECIFIED.,.F.,.F.,.F.,(4,3,4),(4,4),(0.122863448,
1.119039545,1.12900130597),(-25.136776538,-20.9739764960821),
 .UNSPECIFIED.);
#52=B_SPLINE_SURFACE_WITH_KNOTS('',3,1,((#12596,#12597),(#12598,#12599),
(#12600,#12601),(#12602,#12603),(#12604,#12605),(#12606,#12607),(#12608,
#12609),(#12610,#12611)),.UNSPECIFIED.,.F.,.F.,.F.,(4,2,2,4),(2,2),(0.363124059,
1.,1.00000257493657,1.21604321317313),(-0.1,0.400000001893174),
 .UNSPECIFIED.);
#53=B_SPLINE_SURFACE_WITH_KNOTS('',3,3,((#12763,#12764,#12765,#12766,#12767,
#12768,#12769,#12770),(#12771,#12772,#12773,#12774,#12775,#12776,#12777,
#12778),(#12779,#12780,#12781,#12782,#12783,#12784,#12785,#12786),(#12787,
#12788,#12789,#12790,#12791,#12792,#12793,#12794),(#12795,#12796,#12797,
#12798,#12799,#12800,#12801,#12802)),.UNSPECIFIED.,.F.,.F.,.F.,(4,1,4),
(4,2,2,4),(-1.50788735916861E-6,0.571428571,1.00000150788736),(-0.046178019,
2.E-9,1.00019546420941E-5,0.935456795944627),.UNSPECIFIED.);
#54=B_SPLINE_SURFACE_WITH_KNOTS('',3,1,((#12823,#12824),(#12825,#12826),
(#12827,#12828),(#12829,#12830),(#12831,#12832),(#12833,#12834),(#12835,
#12836),(#12837,#12838),(#12839,#12840),(#12841,#12842)),.UNSPECIFIED.,
 .F.,.F.,.F.,(4,2,2,2,4),(2,2),(-0.51472457,-0.41254357,-0.295954178,-0.157735625,
0.),(0.501421137614795,2.905029545),.UNSPECIFIED.);
#55=B_SPLINE_SURFACE_WITH_KNOTS('',3,1,((#12859,#12860,#12861,#12862),(#12863,
#12864,#12865,#12866),(#12867,#12868,#12869,#12870),(#12871,#12872,#12873,
#12874),(#12875,#12876,#12877,#12878),(#12879,#12880,#12881,#12882),(#12883,
#12884,#12885,#12886),(#12887,#12888,#12889,#12890),(#12891,#12892,#12893,
#12894),(#12895,#12896,#12897,#12898),(#12899,#12900,#12901,#12902),(#12903,
#12904,#12905,#12906)),.UNSPECIFIED.,.F.,.F.,.F.,(4,2,2,2,2,4),(2,1,1,2),
(-0.512720597,-0.429626281,-0.342017207,-0.215645577,-0.103864562,0.),(0.41636325672,
0.441003517,0.441050245,2.905029545),.UNSPECIFIED.);
#56=B_SPLINE_SURFACE_WITH_KNOTS('',3,3,((#13218,#13219,#13220,#13221,#13222,
#13223,#13224,#13225,#13226,#13227,#13228,#13229,#13230,#13231,#13232,#13233,
#13234,#13235,#13236,#13237,#13238,#13239,#13240,#13241,#13242,#13243,#13244,
#13245,#13246,#13247,#13248,#13249,#13250,#13251,#13252,#13253,#13254,#13255,
#13256,#13257,#13258,#13259,#13260,#13261,#13262,#13263,#13264,#13265,#13266,
#13267,#13268,#13269),(#13270,#13271,#13272,#13273,#13274,#13275,#13276,
#13277,#13278,#13279,#13280,#13281,#13282,#13283,#13284,#13285,#13286,#13287,
#13288,#13289,#13290,#13291,#13292,#13293,#13294,#13295,#13296,#13297,#13298,
#13299,#13300,#13301,#13302,#13303,#13304,#13305,#13306,#13307,#13308,#13309,
#13310,#13311,#13312,#13313,#13314,#13315,#13316,#13317,#13318,#13319,#13320,
#13321),(#13322,#13323,#13324,#13325,#13326,#13327,#13328,#13329,#13330,
#13331,#13332,#13333,#13334,#13335,#13336,#13337,#13338,#13339,#13340,#13341,
#13342,#13343,#13344,#13345,#13346,#13347,#13348,#13349,#13350,#13351,#13352,
#13353,#13354,#13355,#13356,#13357,#13358,#13359,#13360,#13361,#13362,#13363,
#13364,#13365,#13366,#13367,#13368,#13369,#13370,#13371,#13372,#13373),
(#13374,#13375,#13376,#13377,#13378,#13379,#13380,#13381,#13382,#13383,
#13384,#13385,#13386,#13387,#13388,#13389,#13390,#13391,#13392,#13393,#13394,
#13395,#13396,#13397,#13398,#13399,#13400,#13401,#13402,#13403,#13404,#13405,
#13406,#13407,#13408,#13409,#13410,#13411,#13412,#13413,#13414,#13415,#13416,
#13417,#13418,#13419,#13420,#13421,#13422,#13423,#13424,#13425),(#13426,
#13427,#13428,#13429,#13430,#13431,#13432,#13433,#13434,#13435,#13436,#13437,
#13438,#13439,#13440,#13441,#13442,#13443,#13444,#13445,#13446,#13447,#13448,
#13449,#13450,#13451,#13452,#13453,#13454,#13455,#13456,#13457,#13458,#13459,
#13460,#13461,#13462,#13463,#13464,#13465,#13466,#13467,#13468,#13469,#13470,
#13471,#13472,#13473,#13474,#13475,#13476,#13477),(#13478,#13479,#13480,
#13481,#13482,#13483,#13484,#13485,#13486,#13487,#13488,#13489,#13490,#13491,
#13492,#13493,#13494,#13495,#13496,#13497,#13498,#13499,#13500,#13501,#13502,
#13503,#13504,#13505,#13506,#13507,#13508,#13509,#13510,#13511,#13512,#13513,
#13514,#13515,#13516,#13517,#13518,#13519,#13520,#13521,#13522,#13523,#13524,
#13525,#13526,#13527,#13528,#13529),(#13530,#13531,#13532,#13533,#13534,
#13535,#13536,#13537,#13538,#13539,#13540,#13541,#13542,#13543,#13544,#13545,
#13546,#13547,#13548,#13549,#13550,#13551,#13552,#13553,#13554,#13555,#13556,
#13557,#13558,#13559,#13560,#13561,#13562,#13563,#13564,#13565,#13566,#13567,
#13568,#13569,#13570,#13571,#13572,#13573,#13574,#13575,#13576,#13577,#13578,
#13579,#13580,#13581)),.UNSPECIFIED.,.F.,.F.,.F.,(4,2,1,4),(4,2,1,2,1,2,
1,2,1,2,1,2,1,2,1,2,1,2,1,2,1,2,1,2,1,2,1,2,1,2,1,2,1,4),(0.009730356,1.,
1.00001964053806,1.19664721774528),(-0.000226751598398417,0.015625,0.015634539362195,
0.0812587522876489,0.0812682815094734,0.146782082969558,0.146791544722549,
0.212194505497431,0.212203864825596,0.277563376379548,0.277572600764195,
0.343080509450491,0.343089586642817,0.408651460761536,0.408660356308178,
0.474221328272596,0.474229991197158,0.539692487809922,0.539700898727859,
0.60515301968181,0.605161219091225,0.670519622984245,0.670527578408885,
0.735776709836638,0.735784424075976,0.80096529053628,0.800972853840033,
0.866096976235069,0.866104411225877,0.931155982903393,0.931163257477511,
0.996359273717043,0.99636719218268,0.99653876117476),.UNSPECIFIED.);
#57=B_SPLINE_SURFACE_WITH_KNOTS('',3,3,((#13590,#13591,#13592,#13593,#13594,
#13595,#13596,#13597,#13598,#13599,#13600,#13601,#13602,#13603,#13604,#13605,
#13606,#13607,#13608,#13609,#13610,#13611,#13612,#13613,#13614,#13615,#13616,
#13617,#13618,#13619,#13620,#13621,#13622,#13623,#13624,#13625,#13626,#13627,
#13628,#13629,#13630,#13631,#13632,#13633,#13634,#13635,#13636,#13637,#13638,
#13639,#13640,#13641,#13642,#13643,#13644,#13645,#13646,#13647,#13648,#13649,
#13650,#13651,#13652,#13653,#13654,#13655,#13656,#13657),(#13658,#13659,
#13660,#13661,#13662,#13663,#13664,#13665,#13666,#13667,#13668,#13669,#13670,
#13671,#13672,#13673,#13674,#13675,#13676,#13677,#13678,#13679,#13680,#13681,
#13682,#13683,#13684,#13685,#13686,#13687,#13688,#13689,#13690,#13691,#13692,
#13693,#13694,#13695,#13696,#13697,#13698,#13699,#13700,#13701,#13702,#13703,
#13704,#13705,#13706,#13707,#13708,#13709,#13710,#13711,#13712,#13713,#13714,
#13715,#13716,#13717,#13718,#13719,#13720,#13721,#13722,#13723,#13724,#13725),
(#13726,#13727,#13728,#13729,#13730,#13731,#13732,#13733,#13734,#13735,
#13736,#13737,#13738,#13739,#13740,#13741,#13742,#13743,#13744,#13745,#13746,
#13747,#13748,#13749,#13750,#13751,#13752,#13753,#13754,#13755,#13756,#13757,
#13758,#13759,#13760,#13761,#13762,#13763,#13764,#13765,#13766,#13767,#13768,
#13769,#13770,#13771,#13772,#13773,#13774,#13775,#13776,#13777,#13778,#13779,
#13780,#13781,#13782,#13783,#13784,#13785,#13786,#13787,#13788,#13789,#13790,
#13791,#13792,#13793),(#13794,#13795,#13796,#13797,#13798,#13799,#13800,
#13801,#13802,#13803,#13804,#13805,#13806,#13807,#13808,#13809,#13810,#13811,
#13812,#13813,#13814,#13815,#13816,#13817,#13818,#13819,#13820,#13821,#13822,
#13823,#13824,#13825,#13826,#13827,#13828,#13829,#13830,#13831,#13832,#13833,
#13834,#13835,#13836,#13837,#13838,#13839,#13840,#13841,#13842,#13843,#13844,
#13845,#13846,#13847,#13848,#13849,#13850,#13851,#13852,#13853,#13854,#13855,
#13856,#13857,#13858,#13859,#13860,#13861),(#13862,#13863,#13864,#13865,
#13866,#13867,#13868,#13869,#13870,#13871,#13872,#13873,#13874,#13875,#13876,
#13877,#13878,#13879,#13880,#13881,#13882,#13883,#13884,#13885,#13886,#13887,
#13888,#13889,#13890,#13891,#13892,#13893,#13894,#13895,#13896,#13897,#13898,
#13899,#13900,#13901,#13902,#13903,#13904,#13905,#13906,#13907,#13908,#13909,
#13910,#13911,#13912,#13913,#13914,#13915,#13916,#13917,#13918,#13919,#13920,
#13921,#13922,#13923,#13924,#13925,#13926,#13927,#13928,#13929),(#13930,
#13931,#13932,#13933,#13934,#13935,#13936,#13937,#13938,#13939,#13940,#13941,
#13942,#13943,#13944,#13945,#13946,#13947,#13948,#13949,#13950,#13951,#13952,
#13953,#13954,#13955,#13956,#13957,#13958,#13959,#13960,#13961,#13962,#13963,
#13964,#13965,#13966,#13967,#13968,#13969,#13970,#13971,#13972,#13973,#13974,
#13975,#13976,#13977,#13978,#13979,#13980,#13981,#13982,#13983,#13984,#13985,
#13986,#13987,#13988,#13989,#13990,#13991,#13992,#13993,#13994,#13995,#13996,
#13997),(#13998,#13999,#14000,#14001,#14002,#14003,#14004,#14005,#14006,
#14007,#14008,#14009,#14010,#14011,#14012,#14013,#14014,#14015,#14016,#14017,
#14018,#14019,#14020,#14021,#14022,#14023,#14024,#14025,#14026,#14027,#14028,
#14029,#14030,#14031,#14032,#14033,#14034,#14035,#14036,#14037,#14038,#14039,
#14040,#14041,#14042,#14043,#14044,#14045,#14046,#14047,#14048,#14049,#14050,
#14051,#14052,#14053,#14054,#14055,#14056,#14057,#14058,#14059,#14060,#14061,
#14062,#14063,#14064,#14065),(#14066,#14067,#14068,#14069,#14070,#14071,
#14072,#14073,#14074,#14075,#14076,#14077,#14078,#14079,#14080,#14081,#14082,
#14083,#14084,#14085,#14086,#14087,#14088,#14089,#14090,#14091,#14092,#14093,
#14094,#14095,#14096,#14097,#14098,#14099,#14100,#14101,#14102,#14103,#14104,
#14105,#14106,#14107,#14108,#14109,#14110,#14111,#14112,#14113,#14114,#14115,
#14116,#14117,#14118,#14119,#14120,#14121,#14122,#14123,#14124,#14125,#14126,
#14127,#14128,#14129,#14130,#14131,#14132,#14133)),.UNSPECIFIED.,.F.,.F.,
 .F.,(4,2,2,4),(4,2,2,2,2,2,2,2,2,2,2,2,2,2,2,2,2,2,2,2,2,2,2,2,2,2,2,2,
2,2,2,2,2,4),(0.114157319,1.,1.00002356858924,1.23573763631082),(-0.000250522,
0.,8.12653574383836E-6,0.0656257853025497,0.0656341925378409,0.13125176011377,
0.131260403664003,0.19687780434148,0.196886648987007,0.262503966193508,
0.262512988889121,0.328129851487778,0.328139042976333,0.393756637352788,
0.393766001202398,0.459383158073589,0.459392708502248,0.52500900787576,
0.525018873518563,0.590634642671822,0.590644718383909,0.656260570651349,
0.656270829688511,0.721885808370588,0.72189622921892,0.787510686418318,
0.787521242907868,0.853135132446425,0.853145775388859,0.918759777491538,
0.918770464296391,0.984384206988249,0.984394694890063,1.00010229984341),
 .UNSPECIFIED.);
#58=B_SPLINE_SURFACE_WITH_KNOTS('',3,3,((#14338,#14339,#14340,#14341,#14342,
#14343,#14344,#14345,#14346,#14347),(#14348,#14349,#14350,#14351,#14352,
#14353,#14354,#14355,#14356,#14357),(#14358,#14359,#14360,#14361,#14362,
#14363,#14364,#14365,#14366,#14367),(#14368,#14369,#14370,#14371,#14372,
#14373,#14374,#14375,#14376,#14377),(#14378,#14379,#14380,#14381,#14382,
#14383,#14384,#14385,#14386,#14387),(#14388,#14389,#14390,#14391,#14392,
#14393,#14394,#14395,#14396,#14397),(#14398,#14399,#14400,#14401,#14402,
#14403,#14404,#14405,#14406,#14407)),.UNSPECIFIED.,.F.,.F.,.F.,(4,2,1,4),
(4,1,1,2,2,4),(3.546849033,3.805605246,3.80561910623905,4.03248587059567),
(0.542258766,0.625,0.625020619529012,0.750000246081081,0.875000492049779,
1.00000133343025),.UNSPECIFIED.);
#59=B_SPLINE_SURFACE_WITH_KNOTS('',3,3,((#14462,#14463,#14464,#14465,#14466,
#14467,#14468,#14469,#14470,#14471),(#14472,#14473,#14474,#14475,#14476,
#14477,#14478,#14479,#14480,#14481),(#14482,#14483,#14484,#14485,#14486,
#14487,#14488,#14489,#14490,#14491),(#14492,#14493,#14494,#14495,#14496,
#14497,#14498,#14499,#14500,#14501),(#14502,#14503,#14504,#14505,#14506,
#14507,#14508,#14509,#14510,#14511),(#14512,#14513,#14514,#14515,#14516,
#14517,#14518,#14519,#14520,#14521)),.UNSPECIFIED.,.F.,.F.,.F.,(4,2,4),
(4,2,2,2,4),(2.25070262,2.477580061,2.730999272),(0.548786341,0.625,0.750000000356924,
0.875000000949521,1.00000000152472),.UNSPECIFIED.);
#60=B_SPLINE_SURFACE_WITH_KNOTS('',3,3,((#14529,#14530,#14531,#14532,#14533,
#14534,#14535,#14536),(#14537,#14538,#14539,#14540,#14541,#14542,#14543,
#14544),(#14545,#14546,#14547,#14548,#14549,#14550,#14551,#14552),(#14553,
#14554,#14555,#14556,#14557,#14558,#14559,#14560),(#14561,#14562,#14563,
#14564,#14565,#14566,#14567,#14568),(#14569,#14570,#14571,#14572,#14573,
#14574,#14575,#14576),(#14577,#14578,#14579,#14580,#14581,#14582,#14583,
#14584),(#14585,#14586,#14587,#14588,#14589,#14590,#14591,#14592),(#14593,
#14594,#14595,#14596,#14597,#14598,#14599,#14600),(#14601,#14602,#14603,
#14604,#14605,#14606,#14607,#14608),(#14609,#14610,#14611,#14612,#14613,
#14614,#14615,#14616)),.UNSPECIFIED.,.F.,.F.,.F.,(4,3,2,2,4),(4,3,1,4),
(-0.00915213338,-0.000223503,-2.57E-7,1.65516965311813E-5,0.892910027107471),
(-1.06539033835,-1.062773599,-0.950627651,-0.801099664),.UNSPECIFIED.);
#61=B_SPLINE_SURFACE_WITH_KNOTS('',3,3,((#14618,#14619,#14620,#14621),(#14622,
#14623,#14624,#14625),(#14626,#14627,#14628,#14629),(#14630,#14631,#14632,
#14633)),.UNSPECIFIED.,.F.,.F.,.F.,(4,4),(4,4),(-1.27452295515559E-6,0.893446711),
(1.226506617,1.570796342),.UNSPECIFIED.);
#62=FACE_BOUND('',#857,.T.);
#63=FACE_BOUND('',#858,.T.);
#64=FACE_BOUND('',#861,.T.);
#65=FACE_BOUND('',#862,.T.);
#66=FACE_BOUND('',#886,.T.);
#67=FACE_BOUND('',#888,.T.);
#68=FACE_BOUND('',#891,.T.);
#69=FACE_BOUND('',#892,.T.);
#70=FACE_BOUND('',#903,.T.);
#71=FACE_BOUND('',#904,.T.);
#72=FACE_BOUND('',#905,.T.);
#73=FACE_BOUND('',#906,.T.);
#74=FACE_BOUND('',#912,.T.);
#75=FACE_BOUND('',#913,.T.);
#76=FACE_BOUND('',#914,.T.);
#77=FACE_BOUND('',#915,.T.);
#78=FACE_BOUND('',#918,.T.);
#79=FACE_BOUND('',#919,.T.);
#80=FACE_BOUND('',#930,.T.);
#81=FACE_BOUND('',#932,.T.);
#82=FACE_BOUND('',#951,.T.);
#83=FACE_BOUND('',#952,.T.);
#84=FACE_BOUND('',#971,.T.);
#85=FACE_BOUND('',#972,.T.);
#86=FACE_BOUND('',#986,.T.);
#87=FACE_BOUND('',#989,.T.);
#88=FACE_BOUND('',#991,.T.);
#89=FACE_BOUND('',#1009,.T.);
#90=FACE_BOUND('',#1016,.T.);
#91=FACE_BOUND('',#1029,.T.);
#92=FACE_BOUND('',#1030,.T.);
#93=FACE_BOUND('',#1031,.T.);
#94=FACE_BOUND('',#1032,.T.);
#95=FACE_BOUND('',#1034,.T.);
#96=FACE_BOUND('',#1035,.T.);
#97=FACE_BOUND('',#1036,.T.);
#98=FACE_BOUND('',#1037,.T.);
#99=FACE_BOUND('',#1065,.T.);
#100=FACE_BOUND('',#1066,.T.);
#101=FACE_BOUND('',#1067,.T.);
#102=FACE_BOUND('',#1068,.T.);
#103=FACE_BOUND('',#1069,.T.);
#104=FACE_BOUND('',#1094,.T.);
#105=FACE_BOUND('',#1103,.T.);
#106=FACE_BOUND('',#1113,.T.);
#107=FACE_BOUND('',#1117,.T.);
#108=FACE_BOUND('',#1119,.T.);
#109=FACE_BOUND('',#1121,.T.);
#110=FACE_BOUND('',#1122,.T.);
#111=FACE_BOUND('',#1125,.T.);
#112=FACE_BOUND('',#1134,.T.);
#113=FACE_BOUND('',#1147,.T.);
#114=FACE_BOUND('',#1148,.T.);
#115=FACE_BOUND('',#1149,.T.);
#116=FACE_BOUND('',#1150,.T.);
#117=FACE_BOUND('',#1151,.T.);
#118=FACE_BOUND('',#1154,.T.);
#119=FACE_BOUND('',#1155,.T.);
#120=FACE_BOUND('',#1158,.T.);
#121=FACE_BOUND('',#1167,.T.);
#122=FACE_BOUND('',#1169,.T.);
#123=FACE_BOUND('',#1173,.T.);
#124=FACE_BOUND('',#1178,.T.);
#125=FACE_BOUND('',#1179,.T.);
#126=FACE_BOUND('',#1182,.T.);
#127=FACE_BOUND('',#1183,.T.);
#128=FACE_BOUND('',#1185,.T.);
#129=FACE_BOUND('',#1186,.T.);
#130=FACE_BOUND('',#1189,.T.);
#131=FACE_BOUND('',#1190,.T.);
#132=FACE_BOUND('',#1199,.T.);
#133=FACE_BOUND('',#1206,.T.);
#134=FACE_BOUND('',#1229,.T.);
#135=FACE_BOUND('',#1253,.T.);
#136=FACE_BOUND('',#1255,.T.);
#137=FACE_BOUND('',#1257,.T.);
#138=FACE_BOUND('',#1259,.T.);
#139=PLANE('',#6947);
#140=PLANE('',#6948);
#141=PLANE('',#6949);
#142=PLANE('',#6952);
#143=PLANE('',#6954);
#144=PLANE('',#6957);
#145=PLANE('',#6960);
#146=PLANE('',#6963);
#147=PLANE('',#6964);
#148=PLANE('',#6965);
#149=PLANE('',#6966);
#150=PLANE('',#6967);
#151=PLANE('',#6969);
#152=PLANE('',#6971);
#153=PLANE('',#6972);
#154=PLANE('',#6974);
#155=PLANE('',#6975);
#156=PLANE('',#6979);
#157=PLANE('',#6980);
#158=PLANE('',#6982);
#159=PLANE('',#6985);
#160=PLANE('',#6986);
#161=PLANE('',#6987);
#162=PLANE('',#7001);
#163=PLANE('',#7002);
#164=PLANE('',#7003);
#165=PLANE('',#7004);
#166=PLANE('',#7005);
#167=PLANE('',#7006);
#168=PLANE('',#7008);
#169=PLANE('',#7012);
#170=PLANE('',#7014);
#171=PLANE('',#7016);
#172=PLANE('',#7018);
#173=PLANE('',#7028);
#174=PLANE('',#7035);
#175=PLANE('',#7036);
#176=PLANE('',#7039);
#177=PLANE('',#7040);
#178=PLANE('',#7041);
#179=PLANE('',#7042);
#180=PLANE('',#7043);
#181=PLANE('',#7044);
#182=PLANE('',#7045);
#183=PLANE('',#7046);
#184=PLANE('',#7047);
#185=PLANE('',#7051);
#186=PLANE('',#7052);
#187=PLANE('',#7053);
#188=PLANE('',#7054);
#189=PLANE('',#7055);
#190=PLANE('',#7058);
#191=PLANE('',#7061);
#192=PLANE('',#7062);
#193=PLANE('',#7065);
#194=PLANE('',#7066);
#195=PLANE('',#7067);
#196=PLANE('',#7070);
#197=PLANE('',#7072);
#198=PLANE('',#7073);
#199=PLANE('',#7076);
#200=PLANE('',#7077);
#201=PLANE('',#7080);
#202=PLANE('',#7082);
#203=PLANE('',#7083);
#204=PLANE('',#7084);
#205=PLANE('',#7085);
#206=PLANE('',#7088);
#207=PLANE('',#7089);
#208=PLANE('',#7092);
#209=PLANE('',#7096);
#210=PLANE('',#7097);
#211=PLANE('',#7098);
#212=PLANE('',#7100);
#213=PLANE('',#7102);
#214=PLANE('',#7104);
#215=PLANE('',#7105);
#216=PLANE('',#7106);
#217=PLANE('',#7109);
#218=PLANE('',#7110);
#219=PLANE('',#7111);
#220=PLANE('',#7112);
#221=PLANE('',#7113);
#222=PLANE('',#7115);
#223=PLANE('',#7116);
#224=PLANE('',#7118);
#225=PLANE('',#7119);
#226=PLANE('',#7120);
#227=PLANE('',#7121);
#228=PLANE('',#7122);
#229=PLANE('',#7123);
#230=PLANE('',#7124);
#231=PLANE('',#7125);
#232=PLANE('',#7126);
#233=PLANE('',#7127);
#234=PLANE('',#7128);
#235=PLANE('',#7129);
#236=PLANE('',#7130);
#237=PLANE('',#7131);
#238=PLANE('',#7132);
#239=PLANE('',#7133);
#240=PLANE('',#7134);
#241=PLANE('',#7135);
#242=PLANE('',#7139);
#243=PLANE('',#7140);
#244=PLANE('',#7142);
#245=PLANE('',#7143);
#246=PLANE('',#7160);
#247=PLANE('',#7161);
#248=PLANE('',#7162);
#249=PLANE('',#7166);
#250=PLANE('',#7167);
#251=PLANE('',#7168);
#252=PLANE('',#7169);
#253=PLANE('',#7170);
#254=PLANE('',#7171);
#255=PLANE('',#7172);
#256=PLANE('',#7173);
#257=PLANE('',#7229);
#258=PLANE('',#7237);
#259=PLANE('',#7239);
#260=PLANE('',#7240);
#261=PLANE('',#7241);
#262=PLANE('',#7243);
#263=PLANE('',#7244);
#264=PLANE('',#7245);
#265=PLANE('',#7247);
#266=PLANE('',#7248);
#267=PLANE('',#7266);
#268=PLANE('',#7270);
#269=PLANE('',#7271);
#270=PLANE('',#7275);
#271=PLANE('',#7278);
#272=PLANE('',#7279);
#273=PLANE('',#7281);
#274=PLANE('',#7282);
#275=PLANE('',#7291);
#276=PLANE('',#7293);
#277=PLANE('',#7294);
#278=PLANE('',#7296);
#279=PLANE('',#7297);
#280=PLANE('',#7298);
#281=PLANE('',#7299);
#282=PLANE('',#7300);
#283=PLANE('',#7301);
#284=PLANE('',#7302);
#285=PLANE('',#7303);
#286=PLANE('',#7304);
#287=PLANE('',#7305);
#288=PLANE('',#7308);
#289=PLANE('',#7309);
#290=PLANE('',#7310);
#291=PLANE('',#7311);
#292=PLANE('',#7314);
#293=PLANE('',#7315);
#294=PLANE('',#7316);
#295=PLANE('',#7317);
#296=PLANE('',#7318);
#297=PLANE('',#7323);
#298=PLANE('',#7324);
#299=PLANE('',#7325);
#300=PLANE('',#7326);
#301=PLANE('',#7330);
#302=PLANE('',#7331);
#303=PLANE('',#7332);
#304=PLANE('',#7333);
#305=PLANE('',#7334);
#306=PLANE('',#7335);
#307=PLANE('',#7336);
#308=PLANE('',#7337);
#309=PLANE('',#7338);
#310=PLANE('',#7339);
#311=PLANE('',#7340);
#312=PLANE('',#7341);
#313=PLANE('',#7343);
#314=PLANE('',#7345);
#315=PLANE('',#7346);
#316=PLANE('',#7348);
#317=PLANE('',#7350);
#318=PLANE('',#7351);
#319=PLANE('',#7353);
#320=PLANE('',#7354);
#321=PLANE('',#7355);
#322=PLANE('',#7360);
#323=PLANE('',#7361);
#324=PLANE('',#7362);
#325=PLANE('',#7363);
#326=PLANE('',#7364);
#327=PLANE('',#7365);
#328=PLANE('',#7366);
#329=PLANE('',#7367);
#330=PLANE('',#7368);
#331=PLANE('',#7369);
#332=PLANE('',#7370);
#333=PLANE('',#7371);
#334=PLANE('',#7372);
#335=PLANE('',#7373);
#336=PLANE('',#7374);
#337=PLANE('',#7375);
#338=PLANE('',#7376);
#339=PLANE('',#7377);
#340=PLANE('',#7378);
#341=PLANE('',#7379);
#342=PLANE('',#7382);
#343=PLANE('',#7383);
#344=PLANE('',#7384);
#345=PLANE('',#7385);
#346=PLANE('',#7386);
#347=PLANE('',#7387);
#348=PLANE('',#7388);
#349=PLANE('',#7389);
#350=PLANE('',#7391);
#351=PLANE('',#7392);
#352=PLANE('',#7393);
#353=PLANE('',#7394);
#354=PLANE('',#7395);
#355=PLANE('',#7396);
#356=PLANE('',#7397);
#357=PLANE('',#7398);
#358=PLANE('',#7399);
#359=PLANE('',#7400);
#360=PLANE('',#7401);
#361=PLANE('',#7402);
#362=PLANE('',#7403);
#363=PLANE('',#7404);
#364=PLANE('',#7405);
#365=PLANE('',#7406);
#366=PLANE('',#7408);
#367=PLANE('',#7409);
#368=PLANE('',#7410);
#369=PLANE('',#7411);
#370=PLANE('',#7412);
#371=PLANE('',#7413);
#372=ELLIPSE('',#6895,4.84974225943445,4.19999999999999);
#373=ELLIPSE('',#6897,4.00000000840667,2.0000000005037);
#374=ELLIPSE('',#6898,4.40537852707465,2.00000000000005);
#375=ELLIPSE('',#6902,3.95979797543659,2.79999999991216);
#376=ELLIPSE('',#6903,2.91482145344038,2.79999999922568);
#377=ELLIPSE('',#6904,3.95979797532314,2.79999999985692);
#378=ELLIPSE('',#6909,3.95979797560218,2.80000000001186);
#379=ELLIPSE('',#6911,2.91482122759095,2.79999780797309);
#380=ELLIPSE('',#6912,3.95979798451108,2.80000000171681);
#381=ELLIPSE('',#6953,4.40550768282306,2.00003672895105);
#382=ELLIPSE('',#6968,4.00000000194442,1.99999999951435);
#383=ELLIPSE('',#6970,4.84974225158678,4.20000002446313);
#384=ELLIPSE('',#6973,2.81072068792844,2.69999999999648);
#385=ELLIPSE('',#6994,3.01679467516132,3.00000000974945);
#386=ELLIPSE('',#6995,3.01679467007442,2.99999999839566);
#387=ELLIPSE('',#6996,42.7923939218419,2.53098793095656);
#388=ELLIPSE('',#7049,3.01679468015191,2.99999999844703);
#389=ELLIPSE('',#7050,3.01679468241068,3.00000000464248);
#390=ELLIPSE('',#7193,1.39164876483905,1.20166052689608);
#391=ELLIPSE('',#7210,2.07055236098756,2.);
#392=ELLIPSE('',#7230,0.800007313822564,0.800000000000023);
#393=ELLIPSE('',#7238,4.24264193601516,3.00000033967231);
#394=ELLIPSE('',#7250,3.00002742683453,3.);
#395=ELLIPSE('',#7259,3.14173788414627,3.00000000000002);
#396=ELLIPSE('',#7263,5.2895812259685,3.0000000000014);
#397=ELLIPSE('',#7264,3.14173788430522,3.00000000000006);
#398=ELLIPSE('',#7272,0.800007313822563,0.800000000000023);
#399=ELLIPSE('',#7273,0.800007313822564,0.800000000000023);
#400=ELLIPSE('',#7284,30.9096263866261,8.0000000000242);
#401=ELLIPSE('',#7288,30.9096264401853,8.00000000002416);
#402=ELLIPSE('',#7292,2.07055236092054,2.);
#403=B_SPLINE_CURVE_WITH_KNOTS('',3,(#9216,#9217,#9218,#9219,#9220,#9221,
#9222,#9223,#9224,#9225,#9226,#9227,#9228,#9229,#9230,#9231,#9232,#9233),
 .UNSPECIFIED.,.F.,.F.,(4,2,2,2,2,2,2,2,4),(0.,0.125000000079577,0.250000000159155,
0.375000000238732,0.49999999968169,0.624999999761268,0.749999999840845,
0.874999999920423,1.),.UNSPECIFIED.);
#404=B_SPLINE_CURVE_WITH_KNOTS('',3,(#9239,#9240,#9241,#9242,#9243,#9244,
#9245,#9246,#9247,#9248),.UNSPECIFIED.,.F.,.F.,(4,2,2,2,4),(1.25921643453182,
1.35696447842203,1.45471252231225,1.56284907986203,1.67098563741181),
 .UNSPECIFIED.);
#405=B_SPLINE_CURVE_WITH_KNOTS('',3,(#9253,#9254,#9255,#9256,#9257,#9258,
#9259,#9260,#9261,#9262),.UNSPECIFIED.,.F.,.F.,(4,2,2,2,4),(1.25995494713515,
1.35401566711398,1.44807638709281,1.55989546297738,1.67171453886194),
 .UNSPECIFIED.);
#406=B_SPLINE_CURVE_WITH_KNOTS('',3,(#9466,#9467,#9468,#9469,#9470,#9471,
#9472,#9473,#9474,#9475),.UNSPECIFIED.,.F.,.F.,(4,2,2,2,4),(0.,0.148014843404705,
0.282786220986044,0.436567599316515,0.549150225547328),.UNSPECIFIED.);
#407=B_SPLINE_CURVE_WITH_KNOTS('',3,(#9480,#9481,#9482,#9483,#9484,#9485,
#9486,#9487),.UNSPECIFIED.,.F.,.F.,(4,2,2,4),(4.32630312325879E-6,0.0881459114310875,
0.203383438324574,0.406080422480737),.UNSPECIFIED.);
#408=B_SPLINE_CURVE_WITH_KNOTS('',3,(#9505,#9506,#9507,#9508,#9509,#9510),
 .UNSPECIFIED.,.F.,.F.,(4,2,4),(9.99657458881053E-7,0.110117109128869,0.27703216880537),
 .UNSPECIFIED.);
#409=B_SPLINE_CURVE_WITH_KNOTS('',3,(#9516,#9517,#9518,#9519,#9520,#9521),
 .UNSPECIFIED.,.F.,.F.,(4,2,4),(1.00026590294576E-6,0.445023778249119,0.890555666633723),
 .UNSPECIFIED.);
#410=B_SPLINE_CURVE_WITH_KNOTS('',3,(#9523,#9524,#9525,#9526,#9527,#9528,
#9529,#9530,#9531,#9532),.UNSPECIFIED.,.F.,.F.,(4,2,2,2,4),(0.,0.252737496672664,
0.505474993345593,0.758212490018522,1.),.UNSPECIFIED.);
#411=B_SPLINE_CURVE_WITH_KNOTS('',3,(#9559,#9560,#9561,#9562,#9563,#9564,
#9565,#9566),.UNSPECIFIED.,.F.,.F.,(4,2,2,4),(9.99898211273637E-7,0.0185026870428004,
0.0311972975707172,0.0635428338636716),.UNSPECIFIED.);
#412=B_SPLINE_CURVE_WITH_KNOTS('',3,(#9573,#9574,#9575,#9576,#9577,#9578,
#9579,#9580),.UNSPECIFIED.,.F.,.F.,(4,2,2,4),(3.95669698939317E-10,0.34063276778828,
0.670316383894139,0.999999999999997),.UNSPECIFIED.);
#413=B_SPLINE_CURVE_WITH_KNOTS('',3,(#9662,#9663,#9664,#9665,#9666,#9667,
#9668,#9669,#9670,#9671,#9672,#9673,#9674,#9675,#9676,#9677,#9678,#9679,
#9680,#9681,#9682),.UNSPECIFIED.,.F.,.F.,(4,1,2,2,2,2,2,2,2,2,4),(0.,0.0312499999993713,
0.0605468749988431,0.0624999999988108,0.12304687499818,0.124999999998171,
0.242187499998162,0.249999999998175,0.492187499998799,0.499999999998823,
1.),.UNSPECIFIED.);
#414=B_SPLINE_CURVE_WITH_KNOTS('',3,(#9686,#9687,#9688,#9689,#9690,#9691),
 .UNSPECIFIED.,.F.,.F.,(4,2,4),(9.97692859436233E-7,0.155356661962366,0.310659115884596),
 .UNSPECIFIED.);
#415=B_SPLINE_CURVE_WITH_KNOTS('',3,(#9696,#9697,#9698,#9699,#9700,#9701,
#9702,#9703,#9704,#9705,#9706,#9707,#9708,#9709,#9710,#9711,#9712,#9713,
#9714,#9715,#9716,#9717),.UNSPECIFIED.,.F.,.F.,(4,2,2,2,2,2,2,2,2,2,4),
(3.44391037816515E-8,0.113209838020183,0.226431920584972,0.339643462258118,
0.452858953446493,0.5,0.613211896211656,0.726436581984906,0.839651010772136,
0.95286978165562,0.999996453552621),.UNSPECIFIED.);
#416=B_SPLINE_CURVE_WITH_KNOTS('',3,(#9899,#9900,#9901,#9902,#9903,#9904,
#9905,#9906,#9907,#9908),.UNSPECIFIED.,.F.,.F.,(4,2,2,2,4),(0.,0.25,0.5,
0.75,1.),.UNSPECIFIED.);
#417=B_SPLINE_CURVE_WITH_KNOTS('',3,(#10090,#10091,#10092,#10093,#10094,
#10095,#10096,#10097,#10098,#10099,#10100,#10101,#10102,#10103,#10104,#10105,
#10106,#10107),.UNSPECIFIED.,.F.,.F.,(4,2,2,2,2,2,2,2,4),(0.,0.125000000079577,
0.250000000159155,0.375000000238732,0.50000000031831,0.625000000397887,
0.749999999840845,0.874999999920423,1.),.UNSPECIFIED.);
#418=B_SPLINE_CURVE_WITH_KNOTS('',3,(#10109,#10110,#10111,#10112,#10113,
#10114),.UNSPECIFIED.,.F.,.F.,(4,2,4),(-0.0371596726966714,-0.0186919098353292,
0.),.UNSPECIFIED.);
#419=B_SPLINE_CURVE_WITH_KNOTS('',3,(#10116,#10117,#10118,#10119,#10120,
#10121,#10122,#10123,#10124,#10125,#10126,#10127,#10128,#10129,#10130,#10131,
#10132,#10133),.UNSPECIFIED.,.F.,.F.,(4,2,2,2,2,2,2,2,4),(0.,0.0438028587083803,
0.203169048247279,0.362535238597823,0.521901428948367,0.681267619298912,
0.840633809649456,0.958690634300586,0.999999994752702),.UNSPECIFIED.);
#420=B_SPLINE_CURVE_WITH_KNOTS('',3,(#10134,#10135,#10136,#10137,#10138,
#10139,#10140,#10141,#10142,#10143),.UNSPECIFIED.,.F.,.F.,(4,2,2,2,4),(0.,
0.25,0.5,0.75,1.),.UNSPECIFIED.);
#421=B_SPLINE_CURVE_WITH_KNOTS('',3,(#10335,#10336,#10337,#10338,#10339,
#10340,#10341,#10342,#10343,#10344),.UNSPECIFIED.,.F.,.F.,(4,2,2,2,4),(2.31240030904241E-6,
0.0204825672529302,0.0422949046217759,0.0924577046778245,0.184807614246053),
 .UNSPECIFIED.);
#422=B_SPLINE_CURVE_WITH_KNOTS('',3,(#10529,#10530,#10531,#10532,#10533,
#10534,#10535,#10536,#10537,#10538,#10539,#10540,#10541,#10542,#10543,#10544,
#10545,#10546),.UNSPECIFIED.,.F.,.F.,(4,2,2,2,2,2,2,2,4),(9.92286408278057E-7,
0.000620925669948092,0.0010285189764764,0.00184892955289666,0.00351973100816549,
0.00704198003062348,0.0151207824377897,0.0375756693852256,0.0804645909368564),
 .UNSPECIFIED.);
#423=B_SPLINE_CURVE_WITH_KNOTS('',3,(#10560,#10561,#10562,#10563,#10564,
#10565,#10566,#10567,#10568,#10569),.UNSPECIFIED.,.F.,.F.,(4,2,2,2,4),(6.0934918194329E-8,
0.418604680570442,0.840080866819371,0.918194841795674,0.999999999848975),
 .UNSPECIFIED.);
#424=B_SPLINE_CURVE_WITH_KNOTS('',3,(#10801,#10802,#10803,#10804,#10805,
#10806,#10807,#10808,#10809,#10810,#10811,#10812,#10813,#10814,#10815,#10816,
#10817,#10818),.UNSPECIFIED.,.F.,.F.,(4,2,2,2,2,2,2,2,4),(1.44923846257608E-8,
0.00176435913953114,0.00352891257715673,0.00705943413959903,0.0141318225984202,
0.0283651108971099,0.0574832707425487,0.119876457381967,0.238634663116119),
 .UNSPECIFIED.);
#425=B_SPLINE_CURVE_WITH_KNOTS('',3,(#11188,#11189,#11190,#11191,#11192,
#11193,#11194,#11195,#11196,#11197,#11198,#11199,#11200,#11201,#11202,#11203,
#11204,#11205,#11206,#11207,#11208,#11209,#11210,#11211,#11212,#11213,#11214,
#11215,#11216,#11217,#11218),.UNSPECIFIED.,.F.,.F.,(4,1,2,2,2,2,2,2,2,2,
2,2,2,2,2,4),(0.,0.0625000000000678,0.117187500000113,0.125000000000115,
0.242187500000187,0.250000000000193,0.359375000000286,0.375000000000291,
0.50000000000037,0.609375000000456,0.625000000000471,0.742187500000612,
0.750000000000626,0.867187500000435,0.875000000000408,1.),.UNSPECIFIED.);
#426=B_SPLINE_CURVE_WITH_KNOTS('',3,(#11231,#11232,#11233,#11234,#11235,
#11236,#11237,#11238,#11239,#11240,#11241,#11242,#11243,#11244,#11245,#11246,
#11247,#11248,#11249,#11250,#11251,#11252,#11253,#11254,#11255,#11256,#11257,
#11258,#11259,#11260,#11261,#11262,#11263,#11264,#11265,#11266,#11267,#11268,
#11269,#11270,#11271,#11272,#11273,#11274,#11275,#11276,#11277,#11278,#11279,
#11280,#11281,#11282,#11283,#11284,#11285,#11286,#11287,#11288,#11289,#11290,
#11291,#11292,#11293,#11294,#11295,#11296,#11297,#11298,#11299,#11300,#11301,
#11302),.UNSPECIFIED.,.F.,.F.,(4,2,2,2,2,2,2,2,2,2,2,2,2,2,2,2,2,2,2,2,
2,2,2,2,2,2,2,2,2,2,2,2,2,2,2,4),(0.,0.0398771565960228,0.0624999999999484,
0.0937499999999379,0.107866037773375,0.121892244811001,0.124999999999927,
0.167782150888693,0.210630683419776,0.249999999999855,0.289057899121628,
0.32815869667983,0.359374999999805,0.369023515786861,0.374999999999809,
0.418824006881696,0.462713323216001,0.499999999999808,0.539823351030464,
0.579701357322828,0.593749999999835,0.607935927013309,0.622031862138991,
0.624999999999852,0.667782118414071,0.710630702975084,0.749999999999895,
0.7890579300996,0.828158762315295,0.859374999999925,0.869066473024239,0.87499999999993,
0.914822472193945,0.954704026126318,0.994462187639595,1.),.UNSPECIFIED.);
#427=B_SPLINE_CURVE_WITH_KNOTS('',3,(#11334,#11335,#11336,#11337,#11338,
#11339,#11340),.UNSPECIFIED.,.F.,.F.,(4,3,4),(-0.0581516036716129,0.,0.0581528225031964),
 .UNSPECIFIED.);
#428=B_SPLINE_CURVE_WITH_KNOTS('',3,(#11426,#11427,#11428,#11429,#11430,
#11431,#11432,#11433,#11434,#11435,#11436,#11437,#11438,#11439),
 .UNSPECIFIED.,.F.,.F.,(4,2,2,2,2,2,4),(-0.117977103467898,-0.0999010979047577,
-0.0814400420892592,-0.0627801055112777,-0.0441199511892662,-0.0256568311933965,
-1.00000852059875E-6),.UNSPECIFIED.);
#429=B_SPLINE_CURVE_WITH_KNOTS('',3,(#11453,#11454,#11455,#11456),
 .UNSPECIFIED.,.F.,.F.,(4,4),(0.,0.999998470264191),.UNSPECIFIED.);
#430=B_SPLINE_CURVE_WITH_KNOTS('',3,(#11468,#11469,#11470,#11471,#11472,
#11473,#11474,#11475,#11476,#11477,#11478,#11479,#11480,#11481,#11482,#11483,
#11484,#11485,#11486,#11487,#11488,#11489,#11490,#11491),.UNSPECIFIED.,
 .F.,.F.,(4,2,2,2,2,2,2,2,2,2,2,4),(0.,0.102950522424656,0.13129012532947,
0.270699817797992,0.37200340156948,0.43749999999977,0.469658597921401,0.499999999999763,
0.657189862708726,0.818897879612648,0.842647957361738,0.999999999999969),
 .UNSPECIFIED.);
#431=B_SPLINE_CURVE_WITH_KNOTS('',3,(#11495,#11496,#11497,#11498,#11499,
#11500,#11501,#11502,#11503,#11504,#11505,#11506,#11507,#11508,#11509,#11510,
#11511,#11512,#11513,#11514,#11515,#11516,#11517,#11518,#11519,#11520),
 .UNSPECIFIED.,.F.,.F.,(4,2,2,2,2,2,2,2,2,2,2,2,4),(0.,0.156373513816287,
0.250000000000044,0.409498326825237,0.437500000000019,0.469473451247202,
0.499999999999972,0.517621164912589,0.677512128055735,0.743810308837502,
0.867841849359359,0.975648833413881,1.),.UNSPECIFIED.);
#432=B_SPLINE_CURVE_WITH_KNOTS('',3,(#11526,#11527,#11528,#11529,#11530,
#11531),.UNSPECIFIED.,.F.,.F.,(4,2,4),(5.25310784247451E-8,0.148287586700304,
0.345136693000801),.UNSPECIFIED.);
#433=B_SPLINE_CURVE_WITH_KNOTS('',3,(#11533,#11534,#11535,#11536),
 .UNSPECIFIED.,.F.,.F.,(4,4),(-0.145870098655876,-0.120147875334527),
 .UNSPECIFIED.);
#434=B_SPLINE_CURVE_WITH_KNOTS('',3,(#11540,#11541,#11542,#11543,#11544,
#11545),.UNSPECIFIED.,.F.,.F.,(4,2,4),(0.,0.205983636952821,0.411967273995907),
 .UNSPECIFIED.);
#435=B_SPLINE_CURVE_WITH_KNOTS('',3,(#11700,#11701,#11702,#11703,#11704,
#11705,#11706,#11707,#11708,#11709,#11710,#11711,#11712,#11713,#11714,#11715,
#11716,#11717,#11718,#11719,#11720,#11721,#11722,#11723,#11724,#11725,#11726,
#11727,#11728,#11729,#11730,#11731,#11732,#11733,#11734,#11735,#11736),
 .UNSPECIFIED.,.F.,.F.,(4,3,3,3,3,3,3,3,3,3,3,3,4),(0.,0.0895388235392722,
0.179070413463614,0.268622793812038,0.358157982064191,0.447702356590814,
0.5,0.589539537307643,0.679072013042546,0.768625489686575,0.858161878243985,
0.947707571206947,0.999999999999975),.UNSPECIFIED.);
#436=B_SPLINE_CURVE_WITH_KNOTS('',3,(#11753,#11754,#11755,#11756,#11757,
#11758,#11759,#11760,#11761,#11762,#11763,#11764,#11765,#11766,#11767,#11768,
#11769,#11770,#11771,#11772,#11773,#11774),.UNSPECIFIED.,.F.,.F.,(4,2,2,
2,2,2,2,2,2,2,4),(-0.370584333793459,-0.320315088896114,-0.268812770497575,
-0.188838105104534,-0.096032363811056,-0.0484741566212377,-0.0244469347225038,
-0.0123755189799991,-0.00632572359200326,0.,0.00067761591634075),
 .UNSPECIFIED.);
#437=B_SPLINE_CURVE_WITH_KNOTS('',3,(#11792,#11793,#11794,#11795,#11796,
#11797),.UNSPECIFIED.,.F.,.F.,(4,2,4),(0.,0.5,1.),.UNSPECIFIED.);
#438=B_SPLINE_CURVE_WITH_KNOTS('',3,(#11798,#11799,#11800,#11801,#11802,
#11803),.UNSPECIFIED.,.F.,.F.,(4,2,4),(6.49621298388133E-9,0.500000003248106,
0.999999140013618),.UNSPECIFIED.);
#439=B_SPLINE_CURVE_WITH_KNOTS('',3,(#11806,#11807,#11808,#11809,#11810,
#11811),.UNSPECIFIED.,.F.,.F.,(4,2,4),(0.,0.5,1.),.UNSPECIFIED.);
#440=B_SPLINE_CURVE_WITH_KNOTS('',3,(#11813,#11814,#11815,#11816,#11817,
#11818),.UNSPECIFIED.,.F.,.F.,(4,2,4),(0.,0.5,1.),.UNSPECIFIED.);
#441=B_SPLINE_CURVE_WITH_KNOTS('',3,(#11822,#11823,#11824,#11825,#11826,
#11827),.UNSPECIFIED.,.F.,.F.,(4,2,4),(0.,0.5,1.),.UNSPECIFIED.);
#442=B_SPLINE_CURVE_WITH_KNOTS('',3,(#11828,#11829,#11830,#11831,#11832,
#11833),.UNSPECIFIED.,.F.,.F.,(4,2,4),(0.,0.5,1.),.UNSPECIFIED.);
#443=B_SPLINE_CURVE_WITH_KNOTS('',3,(#11836,#11837,#11838,#11839,#11840,
#11841),.UNSPECIFIED.,.F.,.F.,(4,2,4),(2.40926353731486E-7,0.5,1.),
 .UNSPECIFIED.);
#444=B_SPLINE_CURVE_WITH_KNOTS('',3,(#11843,#11844,#11845,#11846,#11847,
#11848),.UNSPECIFIED.,.F.,.F.,(4,2,4),(0.,0.5,1.),.UNSPECIFIED.);
#445=B_SPLINE_CURVE_WITH_KNOTS('',3,(#11854,#11855,#11856,#11857,#11858,
#11859),.UNSPECIFIED.,.F.,.F.,(4,2,4),(0.960980039041425,1.00521141657922,
1.03304349498838),.UNSPECIFIED.);
#446=B_SPLINE_CURVE_WITH_KNOTS('',3,(#11865,#11866,#11867,#11868,#11869,
#11870),.UNSPECIFIED.,.F.,.F.,(4,2,4),(0.,0.0559368798462777,0.111873782204201),
 .UNSPECIFIED.);
#447=B_SPLINE_CURVE_WITH_KNOTS('',3,(#11871,#11872,#11873,#11874,#11875,
#11876,#11877,#11878,#11879,#11880,#11881,#11882,#11883,#11884,#11885,#11886),
 .UNSPECIFIED.,.F.,.F.,(4,2,2,2,2,2,2,4),(9.99669433314583E-7,0.00373348261699576,
0.00622619811904682,0.0111166461877617,0.0205733634515405,0.0385130499954306,
0.0587890513508828,0.0785263275935318),.UNSPECIFIED.);
#448=B_SPLINE_CURVE_WITH_KNOTS('',3,(#11893,#11894,#11895,#11896,#11897,
#11898,#11899,#11900,#11901),.UNSPECIFIED.,.F.,.F.,(4,1,2,2,4),(-0.140637226996264,
-0.133332164230791,-0.126027101465319,-0.0729509205637776,-0.000446065583501235),
 .UNSPECIFIED.);
#449=B_SPLINE_CURVE_WITH_KNOTS('',3,(#11903,#11904,#11905,#11906,#11907,
#11908,#11909,#11910,#11911,#11912),.UNSPECIFIED.,.F.,.F.,(4,3,3,4),(2.34853190234402,
2.39808187507579,2.44810159375309,2.49025935123312),.UNSPECIFIED.);
#450=B_SPLINE_CURVE_WITH_KNOTS('',3,(#11961,#11962,#11963,#11964,#11965,
#11966),.UNSPECIFIED.,.F.,.F.,(4,2,4),(0.,0.67022687568617,1.),
 .UNSPECIFIED.);
#451=B_SPLINE_CURVE_WITH_KNOTS('',3,(#11974,#11975,#11976,#11977,#11978,
#11979,#11980,#11981,#11982,#11983),.UNSPECIFIED.,.F.,.F.,(4,3,3,4),(0.,
0.434608854128552,0.5,1.),.UNSPECIFIED.);
#452=B_SPLINE_CURVE_WITH_KNOTS('',3,(#12051,#12052,#12053,#12054,#12055,
#12056,#12057,#12058,#12059),.UNSPECIFIED.,.F.,.F.,(4,2,3,4),(0.,0.633917454021039,
0.633921817326736,0.999999980199737),.UNSPECIFIED.);
#453=B_SPLINE_CURVE_WITH_KNOTS('',3,(#12061,#12062,#12063,#12064,#12065,
#12066,#12067,#12068,#12069,#12070,#12071,#12072,#12073,#12074,#12075,#12076,
#12077,#12078,#12079,#12080,#12081,#12082,#12083,#12084,#12085,#12086,#12087,
#12088,#12089,#12090,#12091,#12092,#12093,#12094,#12095,#12096,#12097,#12098,
#12099,#12100,#12101,#12102,#12103,#12104,#12105,#12106,#12107,#12108,#12109,
#12110,#12111,#12112,#12113,#12114,#12115,#12116,#12117,#12118,#12119,#12120,
#12121,#12122,#12123,#12124,#12125,#12126,#12127,#12128,#12129,#12130,#12131,
#12132,#12133,#12134,#12135,#12136,#12137,#12138,#12139,#12140,#12141,#12142,
#12143,#12144,#12145,#12146,#12147,#12148,#12149,#12150,#12151,#12152,#12153,
#12154,#12155,#12156,#12157,#12158,#12159,#12160,#12161,#12162,#12163,#12164,
#12165,#12166,#12167,#12168,#12169,#12170,#12171,#12172,#12173,#12174,#12175,
#12176,#12177,#12178,#12179,#12180,#12181,#12182,#12183,#12184),
 .UNSPECIFIED.,.F.,.F.,(4,3,3,3,3,3,3,3,3,3,3,3,3,3,3,3,3,3,3,3,3,3,3,3,
3,3,3,3,3,3,3,3,3,3,3,3,3,3,3,3,3,4),(0.,0.0731050505592998,0.144497554792243,
0.213529622744826,0.250000000000417,0.318220220485019,0.375000000000592,
0.437500000000682,0.468750000000752,0.484375000000756,0.492187500000754,
0.497413120592983,0.500000000000751,0.540128370792571,0.575752595269383,
0.59312089183345,0.625000000001072,0.676032407018021,0.687500000001249,
0.718750000001341,0.734375000001385,0.742187500001406,0.746093750001425,
0.749269008070542,0.750000000001444,0.783130338366398,0.812500000001313,
0.843750000001231,0.859375000001181,0.867187500001149,0.871093750001121,
0.873046875001107,0.874836187711909,0.875000000001093,0.892698134689906,
0.91061812958573,0.928700350369994,0.937500000000547,0.955562420561697,
0.973565171648733,0.991482593133607,0.999999999988258),.UNSPECIFIED.);
#454=B_SPLINE_CURVE_WITH_KNOTS('',3,(#12185,#12186,#12187,#12188),
 .UNSPECIFIED.,.F.,.F.,(4,4),(0.,0.999995299768622),.UNSPECIFIED.);
#455=B_SPLINE_CURVE_WITH_KNOTS('',3,(#12224,#12225,#12226,#12227,#12228,
#12229,#12230,#12231),.UNSPECIFIED.,.F.,.F.,(4,2,2,4),(0.,0.194748573180535,
0.623891536274069,0.999999955854488),.UNSPECIFIED.);
#456=B_SPLINE_CURVE_WITH_KNOTS('',3,(#12232,#12233,#12234,#12235,#12236,
#12237,#12238,#12239,#12240,#12241,#12242,#12243,#12244,#12245,#12246,#12247,
#12248,#12249,#12250,#12251,#12252,#12253,#12254,#12255,#12256,#12257,#12258,
#12259,#12260,#12261,#12262,#12263,#12264,#12265,#12266,#12267,#12268,#12269,
#12270,#12271),.UNSPECIFIED.,.F.,.F.,(4,3,3,3,3,3,3,3,3,3,3,3,3,4),(3.25653563933222E-7,
0.0764929568617094,0.154367285704553,0.222918290679888,0.274331544411388,
0.315889768174539,0.376951545397252,0.428571305605891,0.443713804492134,
0.573544814387437,0.695346494237879,0.811566875412783,0.922453478149924,
1.),.UNSPECIFIED.);
#457=B_SPLINE_CURVE_WITH_KNOTS('',3,(#12312,#12313,#12314,#12315,#12316,
#12317),.UNSPECIFIED.,.F.,.F.,(4,2,4),(0.,0.648997715148353,0.999999989031366),
 .UNSPECIFIED.);
#458=B_SPLINE_CURVE_WITH_KNOTS('',3,(#12364,#12365,#12366,#12367,#12368,
#12369,#12370,#12371,#12372,#12373,#12374,#12375,#12376,#12377,#12378,#12379,
#12380,#12381,#12382,#12383,#12384,#12385,#12386,#12387,#12388,#12389,#12390,
#12391,#12392,#12393,#12394,#12395,#12396,#12397,#12398,#12399,#12400,#12401,
#12402,#12403,#12404,#12405,#12406,#12407,#12408,#12409),.UNSPECIFIED.,
 .F.,.F.,(4,2,2,2,2,2,2,2,2,2,2,2,2,2,2,2,2,2,2,2,2,2,4),(0.,0.0353363469817249,
0.0708827014490157,0.103549495739764,0.13563772553335,0.167084330850141,
0.177521764850888,0.221308937521766,0.264243938621051,0.295100468583011,
0.318481006124169,0.370312894377854,0.422218278644138,0.474460566202381,
0.527735428908759,0.555768069487016,0.625439593285696,0.656871814837332,
0.725817488533084,0.797610127346996,0.867292610518694,0.945774235799047,
1.),.UNSPECIFIED.);
#459=B_SPLINE_CURVE_WITH_KNOTS('',3,(#12410,#12411,#12412,#12413,#12414,
#12415,#12416,#12417,#12418,#12419,#12420,#12421,#12422,#12423,#12424,#12425,
#12426,#12427,#12428,#12429,#12430,#12431,#12432,#12433,#12434,#12435,#12436,
#12437,#12438),.UNSPECIFIED.,.F.,.F.,(4,2,2,2,2,2,2,2,3,2,2,2,2,4),(2.32367348696212E-7,
0.0714287455969401,0.143514103263236,0.215292432207728,0.285714285285714,
0.351630679905763,0.416657019796178,0.428571428428571,0.428734342767088,
0.539949490966817,0.65986432011301,0.78292102916979,0.903397947698004,1.),
 .UNSPECIFIED.);
#460=B_SPLINE_CURVE_WITH_KNOTS('',3,(#12469,#12470,#12471,#12472,#12473,
#12474,#12475,#12476,#12477,#12478,#12479,#12480,#12481,#12482,#12483,#12484,
#12485,#12486,#12487,#12488,#12489,#12490,#12491,#12492,#12493,#12494),
 .UNSPECIFIED.,.F.,.F.,(4,2,2,2,2,2,2,2,2,2,2,2,4),(0.,0.0911651258062538,
0.184669888930951,0.278746033701276,0.372294950731189,0.383896407506728,
0.428784279438091,0.537815051041979,0.649821776430592,0.765202906119196,
0.79705301510842,0.89852650755421,1.),.UNSPECIFIED.);
#461=B_SPLINE_CURVE_WITH_KNOTS('',3,(#12527,#12528,#12529,#12530,#12531,
#12532),.UNSPECIFIED.,.F.,.F.,(4,2,4),(0.,0.179297004684715,0.358828397132871),
 .UNSPECIFIED.);
#462=B_SPLINE_CURVE_WITH_KNOTS('',3,(#12540,#12541,#12542,#12543,#12544,
#12545,#12546,#12547,#12548,#12549,#12550,#12551,#12552,#12553,#12554,#12555,
#12556,#12557,#12558,#12559,#12560,#12561,#12562,#12563,#12564,#12565,#12566),
 .UNSPECIFIED.,.F.,.F.,(4,2,2,2,2,2,3,2,2,2,2,2,4),(-0.462363030658947,
-0.388210871225049,-0.312032391029418,-0.231957489229551,-0.151882587429684,
-0.0759412937148419,0.,0.0772223255795437,0.154444651159087,0.233245579876131,
0.312046508593174,0.388258457896726,0.462377800034515),.UNSPECIFIED.);
#463=B_SPLINE_CURVE_WITH_KNOTS('',3,(#12617,#12618,#12619,#12620,#12621,
#12622,#12623,#12624,#12625,#12626,#12627,#12628,#12629,#12630,#12631,#12632,
#12633,#12634,#12635,#12636,#12637,#12638,#12639,#12640,#12641,#12642,#12643,
#12644,#12645,#12646,#12647,#12648,#12649,#12650,#12651,#12652,#12653,#12654,
#12655,#12656,#12657,#12658,#12659,#12660,#12661,#12662,#12663,#12664,#12665,
#12666,#12667,#12668),.UNSPECIFIED.,.F.,.F.,(4,3,3,3,3,3,3,3,3,3,3,3,3,
3,3,3,3,4),(1.0000054482959E-6,0.171264801748178,0.299266859472507,0.414324435677955,
0.522038956424982,0.62479557779023,0.723913376937021,0.816333662933404,
0.856767538056821,0.863477804475546,0.962123278697301,1.07705926420395,
1.209561702756,1.32054304516658,1.41868033697333,1.46327566490808,1.46328554318825,
1.70541508151782),.UNSPECIFIED.);
#464=B_SPLINE_CURVE_WITH_KNOTS('',3,(#12672,#12673,#12674,#12675),
 .UNSPECIFIED.,.F.,.F.,(4,4),(0.363124059,0.559127015498305),
 .UNSPECIFIED.);
#465=B_SPLINE_CURVE_WITH_KNOTS('',3,(#12678,#12679,#12680,#12681,#12682,
#12683,#12684,#12685,#12686,#12687),.UNSPECIFIED.,.F.,.F.,(4,3,3,4),(3.77089747218264E-10,
0.999988890398194,0.99999225677429,1.),.UNSPECIFIED.);
#466=B_SPLINE_CURVE_WITH_KNOTS('',3,(#12740,#12741,#12742,#12743,#12744,
#12745,#12746,#12747,#12748,#12749,#12750,#12751,#12752),.UNSPECIFIED.,
 .F.,.F.,(4,3,3,3,4),(0.,0.0470422018491072,0.0470523889903342,0.174682591114512,
0.999987662958402),.UNSPECIFIED.);
#467=B_SPLINE_CURVE_WITH_KNOTS('',3,(#12803,#12804,#12805,#12806,#12807,
#12808,#12809,#12810,#12811,#12812,#12813,#12814),.UNSPECIFIED.,.F.,.F.,
(4,2,2,2,2,4),(-0.522497938019138,-0.406331883564459,-0.292877299337264,
-0.176869804100428,-0.089027904529705,-6.84537194928225E-7),
 .UNSPECIFIED.);
#468=B_SPLINE_CURVE_WITH_KNOTS('',3,(#12846,#12847,#12848,#12849,#12850,
#12851,#12852,#12853,#12854,#12855),.UNSPECIFIED.,.F.,.F.,(4,2,2,2,4),(0.,
0.198515878113221,0.425024187207539,0.693553340575912,1.),.UNSPECIFIED.);
#469=B_SPLINE_CURVE_WITH_KNOTS('',3,(#12910,#12911,#12912,#12913,#12914,
#12915,#12916,#12917,#12918,#12919,#12920,#12921,#12922,#12923,#12924,#12925,
#12926,#12927,#12928,#12929,#12930,#12931,#12932,#12933,#12934,#12935,#12936,
#12937,#12938,#12939,#12940,#12941,#12942,#12943,#12944,#12945,#12946,#12947,
#12948,#12949,#12950,#12951,#12952,#12953,#12954,#12955,#12956,#12957,#12958,
#12959,#12960,#12961,#12962,#12963,#12964,#12965,#12966,#12967,#12968,#12969,
#12970,#12971,#12972,#12973,#12974,#12975,#12976,#12977,#12978,#12979,#12980,
#12981,#12982,#12983,#12984,#12985,#12986,#12987,#12988,#12989),
 .UNSPECIFIED.,.F.,.F.,(4,2,2,2,2,2,2,2,2,2,2,2,2,2,2,2,2,2,2,2,2,2,2,2,
2,2,2,2,2,2,2,2,2,2,2,2,2,2,2,4),(-0.0332361980109834,-0.0327417841524479,
-0.0322291341597398,-0.0312031894589078,-0.0305052574145603,-0.0295613436592854,
-0.0282859320747635,-0.0265700625539523,-0.0260931712664699,-0.0249737121821878,
-0.0236945297461874,-0.0230417907963094,-0.0215729908357853,-0.0208083176417626,
-0.0199987339083778,-0.019114433470763,-0.0181564378414553,-0.0171352526887004,
-0.0160365111272227,-0.0150241103194207,-0.0145104329800706,-0.0124515934363482,
-0.0115796217379249,-0.0107706797811414,-0.0100132071896854,-0.00935744268444109,
-0.00455459062597382,-0.00395628994296943,-0.00347884161965225,-0.00266653421437754,
-0.00202182298730824,-0.00101559573382707,-0.000511254371760251,-0.000258649639313934,
-0.00013222234715429,-6.89753850963626E-5,-3.73433123724363E-5,-2.15250951323006E-5,
-1.36154378219331E-5,0.),.UNSPECIFIED.);
#470=B_SPLINE_CURVE_WITH_KNOTS('',3,(#12997,#12998,#12999,#13000,#13001,
#13002,#13003,#13004,#13005,#13006),.UNSPECIFIED.,.F.,.F.,(4,2,2,2,4),(-1.43326803271054,
-1.12636159873835,-0.863294899031472,-0.511763550354171,0.),
 .UNSPECIFIED.);
#471=B_SPLINE_CURVE_WITH_KNOTS('',3,(#13008,#13009,#13010,#13011,#13012,
#13013,#13014,#13015,#13016,#13017,#13018,#13019),.UNSPECIFIED.,.F.,.F.,
(4,2,2,2,2,4),(-0.103921174589024,-0.0870188855212573,-0.0722148840146837,
-0.0568501994767335,-0.0386190079631916,-9.98814201444431E-7),
 .UNSPECIFIED.);
#472=B_SPLINE_CURVE_WITH_KNOTS('',3,(#13057,#13058,#13059,#13060,#13061,
#13062),.UNSPECIFIED.,.F.,.F.,(4,2,4),(5.50606026346659E-8,0.00733719110640112,
0.0146821397106714),.UNSPECIFIED.);
#473=B_SPLINE_CURVE_WITH_KNOTS('',3,(#13066,#13067,#13068,#13069),
 .UNSPECIFIED.,.F.,.F.,(4,4),(5.73858497836721E-6,1.),.UNSPECIFIED.);
#474=B_SPLINE_CURVE_WITH_KNOTS('',3,(#13214,#13215,#13216,#13217),
 .UNSPECIFIED.,.F.,.F.,(4,4),(0.,0.999999977966073),.UNSPECIFIED.);
#475=B_SPLINE_CURVE_WITH_KNOTS('',3,(#13582,#13583,#13584,#13585,#13586,
#13587,#13588,#13589),.UNSPECIFIED.,.F.,.F.,(4,2,2,4),(-0.258061607503125,
-0.187638996351055,-0.0956606614100214,0.),.UNSPECIFIED.);
#476=B_SPLINE_CURVE_WITH_KNOTS('',3,(#14135,#14136,#14137,#14138,#14139,
#14140,#14141,#14142,#14143,#14144),.UNSPECIFIED.,.F.,.F.,(4,2,2,2,4),(0.,
0.0401985584751632,0.095474259632557,0.12127170635841,0.155942808761964),
 .UNSPECIFIED.);
#477=B_SPLINE_CURVE_WITH_KNOTS('',3,(#14157,#14158,#14159,#14160,#14161,
#14162),.UNSPECIFIED.,.F.,.F.,(4,2,4),(0.,0.112934835358299,0.225868531013359),
 .UNSPECIFIED.);
#478=B_SPLINE_CURVE_WITH_KNOTS('',3,(#14224,#14225,#14226,#14227,#14228,
#14229),.UNSPECIFIED.,.F.,.F.,(4,2,4),(0.,0.112535969890833,0.225071318546013),
 .UNSPECIFIED.);
#479=B_SPLINE_CURVE_WITH_KNOTS('',3,(#14233,#14234,#14235,#14236,#14237,
#14238),.UNSPECIFIED.,.F.,.F.,(4,2,4),(-0.286610705380833,-0.143372277552899,
0.),.UNSPECIFIED.);
#480=B_SPLINE_CURVE_WITH_KNOTS('',3,(#14241,#14242,#14243,#14244,#14245,
#14246),.UNSPECIFIED.,.F.,.F.,(4,2,4),(-0.288471526367372,-0.144076564333698,
-1.29481075113523E-6),.UNSPECIFIED.);
#481=B_SPLINE_CURVE_WITH_KNOTS('',3,(#14268,#14269,#14270,#14271,#14272,
#14273,#14274,#14275,#14276,#14277),.UNSPECIFIED.,.F.,.F.,(4,3,3,4),(0.,
0.485889126955765,0.5,1.),.UNSPECIFIED.);
#482=B_SPLINE_CURVE_WITH_KNOTS('',3,(#14278,#14279,#14280,#14281,#14282,
#14283,#14284),.UNSPECIFIED.,.F.,.F.,(4,3,4),(0.,0.514077658593447,1.),
 .UNSPECIFIED.);
#483=B_SPLINE_CURVE_WITH_KNOTS('',3,(#14634,#14635,#14636,#14637,#14638,
#14639,#14640,#14641,#14642,#14643),.UNSPECIFIED.,.F.,.F.,(4,2,2,2,4),(-0.198203140876059,
-0.160456948534848,-0.106521590050852,-0.056582622706321,-9.99998969408722E-7),
 .UNSPECIFIED.);
#484=FACE_OUTER_BOUND('',#835,.T.);
#485=FACE_OUTER_BOUND('',#836,.T.);
#486=FACE_OUTER_BOUND('',#837,.T.);
#487=FACE_OUTER_BOUND('',#838,.T.);
#488=FACE_OUTER_BOUND('',#839,.T.);
#489=FACE_OUTER_BOUND('',#840,.T.);
#490=FACE_OUTER_BOUND('',#841,.T.);
#491=FACE_OUTER_BOUND('',#842,.T.);
#492=FACE_OUTER_BOUND('',#843,.T.);
#493=FACE_OUTER_BOUND('',#844,.T.);
#494=FACE_OUTER_BOUND('',#845,.T.);
#495=FACE_OUTER_BOUND('',#846,.T.);
#496=FACE_OUTER_BOUND('',#847,.T.);
#497=FACE_OUTER_BOUND('',#848,.T.);
#498=FACE_OUTER_BOUND('',#849,.T.);
#499=FACE_OUTER_BOUND('',#850,.T.);
#500=FACE_OUTER_BOUND('',#851,.T.);
#501=FACE_OUTER_BOUND('',#852,.T.);
#502=FACE_OUTER_BOUND('',#853,.T.);
#503=FACE_OUTER_BOUND('',#854,.T.);
#504=FACE_OUTER_BOUND('',#855,.T.);
#505=FACE_OUTER_BOUND('',#856,.T.);
#506=FACE_OUTER_BOUND('',#859,.T.);
#507=FACE_OUTER_BOUND('',#860,.T.);
#508=FACE_OUTER_BOUND('',#863,.T.);
#509=FACE_OUTER_BOUND('',#864,.T.);
#510=FACE_OUTER_BOUND('',#865,.T.);
#511=FACE_OUTER_BOUND('',#866,.T.);
#512=FACE_OUTER_BOUND('',#867,.T.);
#513=FACE_OUTER_BOUND('',#868,.T.);
#514=FACE_OUTER_BOUND('',#869,.T.);
#515=FACE_OUTER_BOUND('',#870,.T.);
#516=FACE_OUTER_BOUND('',#871,.T.);
#517=FACE_OUTER_BOUND('',#872,.T.);
#518=FACE_OUTER_BOUND('',#873,.T.);
#519=FACE_OUTER_BOUND('',#874,.T.);
#520=FACE_OUTER_BOUND('',#875,.T.);
#521=FACE_OUTER_BOUND('',#876,.T.);
#522=FACE_OUTER_BOUND('',#877,.T.);
#523=FACE_OUTER_BOUND('',#878,.T.);
#524=FACE_OUTER_BOUND('',#879,.T.);
#525=FACE_OUTER_BOUND('',#880,.T.);
#526=FACE_OUTER_BOUND('',#881,.T.);
#527=FACE_OUTER_BOUND('',#882,.T.);
#528=FACE_OUTER_BOUND('',#883,.T.);
#529=FACE_OUTER_BOUND('',#884,.T.);
#530=FACE_OUTER_BOUND('',#885,.T.);
#531=FACE_OUTER_BOUND('',#887,.T.);
#532=FACE_OUTER_BOUND('',#889,.T.);
#533=FACE_OUTER_BOUND('',#890,.T.);
#534=FACE_OUTER_BOUND('',#893,.T.);
#535=FACE_OUTER_BOUND('',#894,.T.);
#536=FACE_OUTER_BOUND('',#895,.T.);
#537=FACE_OUTER_BOUND('',#896,.T.);
#538=FACE_OUTER_BOUND('',#897,.T.);
#539=FACE_OUTER_BOUND('',#898,.T.);
#540=FACE_OUTER_BOUND('',#899,.T.);
#541=FACE_OUTER_BOUND('',#900,.T.);
#542=FACE_OUTER_BOUND('',#901,.T.);
#543=FACE_OUTER_BOUND('',#902,.T.);
#544=FACE_OUTER_BOUND('',#907,.T.);
#545=FACE_OUTER_BOUND('',#908,.T.);
#546=FACE_OUTER_BOUND('',#909,.T.);
#547=FACE_OUTER_BOUND('',#910,.T.);
#548=FACE_OUTER_BOUND('',#911,.T.);
#549=FACE_OUTER_BOUND('',#916,.T.);
#550=FACE_OUTER_BOUND('',#917,.T.);
#551=FACE_OUTER_BOUND('',#920,.T.);
#552=FACE_OUTER_BOUND('',#921,.T.);
#553=FACE_OUTER_BOUND('',#922,.T.);
#554=FACE_OUTER_BOUND('',#923,.T.);
#555=FACE_OUTER_BOUND('',#924,.T.);
#556=FACE_OUTER_BOUND('',#925,.T.);
#557=FACE_OUTER_BOUND('',#926,.T.);
#558=FACE_OUTER_BOUND('',#927,.T.);
#559=FACE_OUTER_BOUND('',#928,.T.);
#560=FACE_OUTER_BOUND('',#929,.T.);
#561=FACE_OUTER_BOUND('',#931,.T.);
#562=FACE_OUTER_BOUND('',#933,.T.);
#563=FACE_OUTER_BOUND('',#934,.T.);
#564=FACE_OUTER_BOUND('',#935,.T.);
#565=FACE_OUTER_BOUND('',#936,.T.);
#566=FACE_OUTER_BOUND('',#937,.T.);
#567=FACE_OUTER_BOUND('',#938,.T.);
#568=FACE_OUTER_BOUND('',#939,.T.);
#569=FACE_OUTER_BOUND('',#940,.T.);
#570=FACE_OUTER_BOUND('',#941,.T.);
#571=FACE_OUTER_BOUND('',#942,.T.);
#572=FACE_OUTER_BOUND('',#943,.T.);
#573=FACE_OUTER_BOUND('',#944,.T.);
#574=FACE_OUTER_BOUND('',#945,.T.);
#575=FACE_OUTER_BOUND('',#946,.T.);
#576=FACE_OUTER_BOUND('',#947,.T.);
#577=FACE_OUTER_BOUND('',#948,.T.);
#578=FACE_OUTER_BOUND('',#949,.T.);
#579=FACE_OUTER_BOUND('',#950,.T.);
#580=FACE_OUTER_BOUND('',#953,.T.);
#581=FACE_OUTER_BOUND('',#954,.T.);
#582=FACE_OUTER_BOUND('',#955,.T.);
#583=FACE_OUTER_BOUND('',#956,.T.);
#584=FACE_OUTER_BOUND('',#957,.T.);
#585=FACE_OUTER_BOUND('',#958,.T.);
#586=FACE_OUTER_BOUND('',#959,.T.);
#587=FACE_OUTER_BOUND('',#960,.T.);
#588=FACE_OUTER_BOUND('',#961,.T.);
#589=FACE_OUTER_BOUND('',#962,.T.);
#590=FACE_OUTER_BOUND('',#963,.T.);
#591=FACE_OUTER_BOUND('',#964,.T.);
#592=FACE_OUTER_BOUND('',#965,.T.);
#593=FACE_OUTER_BOUND('',#966,.T.);
#594=FACE_OUTER_BOUND('',#967,.T.);
#595=FACE_OUTER_BOUND('',#968,.T.);
#596=FACE_OUTER_BOUND('',#969,.T.);
#597=FACE_OUTER_BOUND('',#970,.T.);
#598=FACE_OUTER_BOUND('',#973,.T.);
#599=FACE_OUTER_BOUND('',#974,.T.);
#600=FACE_OUTER_BOUND('',#975,.T.);
#601=FACE_OUTER_BOUND('',#976,.T.);
#602=FACE_OUTER_BOUND('',#977,.T.);
#603=FACE_OUTER_BOUND('',#978,.T.);
#604=FACE_OUTER_BOUND('',#979,.T.);
#605=FACE_OUTER_BOUND('',#980,.T.);
#606=FACE_OUTER_BOUND('',#981,.T.);
#607=FACE_OUTER_BOUND('',#982,.T.);
#608=FACE_OUTER_BOUND('',#983,.T.);
#609=FACE_OUTER_BOUND('',#984,.T.);
#610=FACE_OUTER_BOUND('',#985,.T.);
#611=FACE_OUTER_BOUND('',#987,.T.);
#612=FACE_OUTER_BOUND('',#988,.T.);
#613=FACE_OUTER_BOUND('',#990,.T.);
#614=FACE_OUTER_BOUND('',#992,.T.);
#615=FACE_OUTER_BOUND('',#993,.T.);
#616=FACE_OUTER_BOUND('',#994,.T.);
#617=FACE_OUTER_BOUND('',#995,.T.);
#618=FACE_OUTER_BOUND('',#996,.T.);
#619=FACE_OUTER_BOUND('',#997,.T.);
#620=FACE_OUTER_BOUND('',#998,.T.);
#621=FACE_OUTER_BOUND('',#999,.T.);
#622=FACE_OUTER_BOUND('',#1000,.T.);
#623=FACE_OUTER_BOUND('',#1001,.T.);
#624=FACE_OUTER_BOUND('',#1002,.T.);
#625=FACE_OUTER_BOUND('',#1003,.T.);
#626=FACE_OUTER_BOUND('',#1004,.T.);
#627=FACE_OUTER_BOUND('',#1005,.T.);
#628=FACE_OUTER_BOUND('',#1006,.T.);
#629=FACE_OUTER_BOUND('',#1007,.T.);
#630=FACE_OUTER_BOUND('',#1008,.T.);
#631=FACE_OUTER_BOUND('',#1010,.T.);
#632=FACE_OUTER_BOUND('',#1011,.T.);
#633=FACE_OUTER_BOUND('',#1012,.T.);
#634=FACE_OUTER_BOUND('',#1013,.T.);
#635=FACE_OUTER_BOUND('',#1014,.T.);
#636=FACE_OUTER_BOUND('',#1015,.T.);
#637=FACE_OUTER_BOUND('',#1017,.T.);
#638=FACE_OUTER_BOUND('',#1018,.T.);
#639=FACE_OUTER_BOUND('',#1019,.T.);
#640=FACE_OUTER_BOUND('',#1020,.T.);
#641=FACE_OUTER_BOUND('',#1021,.T.);
#642=FACE_OUTER_BOUND('',#1022,.T.);
#643=FACE_OUTER_BOUND('',#1023,.T.);
#644=FACE_OUTER_BOUND('',#1024,.T.);
#645=FACE_OUTER_BOUND('',#1025,.T.);
#646=FACE_OUTER_BOUND('',#1026,.T.);
#647=FACE_OUTER_BOUND('',#1027,.T.);
#648=FACE_OUTER_BOUND('',#1028,.T.);
#649=FACE_OUTER_BOUND('',#1033,.T.);
#650=FACE_OUTER_BOUND('',#1038,.T.);
#651=FACE_OUTER_BOUND('',#1039,.T.);
#652=FACE_OUTER_BOUND('',#1040,.T.);
#653=FACE_OUTER_BOUND('',#1041,.T.);
#654=FACE_OUTER_BOUND('',#1042,.T.);
#655=FACE_OUTER_BOUND('',#1043,.T.);
#656=FACE_OUTER_BOUND('',#1044,.T.);
#657=FACE_OUTER_BOUND('',#1045,.T.);
#658=FACE_OUTER_BOUND('',#1046,.T.);
#659=FACE_OUTER_BOUND('',#1047,.T.);
#660=FACE_OUTER_BOUND('',#1048,.T.);
#661=FACE_OUTER_BOUND('',#1049,.T.);
#662=FACE_OUTER_BOUND('',#1050,.T.);
#663=FACE_OUTER_BOUND('',#1051,.T.);
#664=FACE_OUTER_BOUND('',#1052,.T.);
#665=FACE_OUTER_BOUND('',#1053,.T.);
#666=FACE_OUTER_BOUND('',#1054,.T.);
#667=FACE_OUTER_BOUND('',#1055,.T.);
#668=FACE_OUTER_BOUND('',#1056,.T.);
#669=FACE_OUTER_BOUND('',#1057,.T.);
#670=FACE_OUTER_BOUND('',#1058,.T.);
#671=FACE_OUTER_BOUND('',#1059,.T.);
#672=FACE_OUTER_BOUND('',#1060,.T.);
#673=FACE_OUTER_BOUND('',#1061,.T.);
#674=FACE_OUTER_BOUND('',#1062,.T.);
#675=FACE_OUTER_BOUND('',#1063,.T.);
#676=FACE_OUTER_BOUND('',#1064,.T.);
#677=FACE_OUTER_BOUND('',#1070,.T.);
#678=FACE_OUTER_BOUND('',#1071,.T.);
#679=FACE_OUTER_BOUND('',#1072,.T.);
#680=FACE_OUTER_BOUND('',#1073,.T.);
#681=FACE_OUTER_BOUND('',#1074,.T.);
#682=FACE_OUTER_BOUND('',#1075,.T.);
#683=FACE_OUTER_BOUND('',#1076,.T.);
#684=FACE_OUTER_BOUND('',#1077,.T.);
#685=FACE_OUTER_BOUND('',#1078,.T.);
#686=FACE_OUTER_BOUND('',#1079,.T.);
#687=FACE_OUTER_BOUND('',#1080,.T.);
#688=FACE_OUTER_BOUND('',#1081,.T.);
#689=FACE_OUTER_BOUND('',#1082,.T.);
#690=FACE_OUTER_BOUND('',#1083,.T.);
#691=FACE_OUTER_BOUND('',#1084,.T.);
#692=FACE_OUTER_BOUND('',#1085,.T.);
#693=FACE_OUTER_BOUND('',#1086,.T.);
#694=FACE_OUTER_BOUND('',#1087,.T.);
#695=FACE_OUTER_BOUND('',#1088,.T.);
#696=FACE_OUTER_BOUND('',#1089,.T.);
#697=FACE_OUTER_BOUND('',#1090,.T.);
#698=FACE_OUTER_BOUND('',#1091,.T.);
#699=FACE_OUTER_BOUND('',#1092,.T.);
#700=FACE_OUTER_BOUND('',#1093,.T.);
#701=FACE_OUTER_BOUND('',#1095,.T.);
#702=FACE_OUTER_BOUND('',#1096,.T.);
#703=FACE_OUTER_BOUND('',#1097,.T.);
#704=FACE_OUTER_BOUND('',#1098,.T.);
#705=FACE_OUTER_BOUND('',#1099,.T.);
#706=FACE_OUTER_BOUND('',#1100,.T.);
#707=FACE_OUTER_BOUND('',#1101,.T.);
#708=FACE_OUTER_BOUND('',#1102,.T.);
#709=FACE_OUTER_BOUND('',#1104,.T.);
#710=FACE_OUTER_BOUND('',#1105,.T.);
#711=FACE_OUTER_BOUND('',#1106,.T.);
#712=FACE_OUTER_BOUND('',#1107,.T.);
#713=FACE_OUTER_BOUND('',#1108,.T.);
#714=FACE_OUTER_BOUND('',#1109,.T.);
#715=FACE_OUTER_BOUND('',#1110,.T.);
#716=FACE_OUTER_BOUND('',#1111,.T.);
#717=FACE_OUTER_BOUND('',#1112,.T.);
#718=FACE_OUTER_BOUND('',#1114,.T.);
#719=FACE_OUTER_BOUND('',#1115,.T.);
#720=FACE_OUTER_BOUND('',#1116,.T.);
#721=FACE_OUTER_BOUND('',#1118,.T.);
#722=FACE_OUTER_BOUND('',#1120,.T.);
#723=FACE_OUTER_BOUND('',#1123,.T.);
#724=FACE_OUTER_BOUND('',#1124,.T.);
#725=FACE_OUTER_BOUND('',#1126,.T.);
#726=FACE_OUTER_BOUND('',#1127,.T.);
#727=FACE_OUTER_BOUND('',#1128,.T.);
#728=FACE_OUTER_BOUND('',#1129,.T.);
#729=FACE_OUTER_BOUND('',#1130,.T.);
#730=FACE_OUTER_BOUND('',#1131,.T.);
#731=FACE_OUTER_BOUND('',#1132,.T.);
#732=FACE_OUTER_BOUND('',#1133,.T.);
#733=FACE_OUTER_BOUND('',#1135,.T.);
#734=FACE_OUTER_BOUND('',#1136,.T.);
#735=FACE_OUTER_BOUND('',#1137,.T.);
#736=FACE_OUTER_BOUND('',#1138,.T.);
#737=FACE_OUTER_BOUND('',#1139,.T.);
#738=FACE_OUTER_BOUND('',#1140,.T.);
#739=FACE_OUTER_BOUND('',#1141,.T.);
#740=FACE_OUTER_BOUND('',#1142,.T.);
#741=FACE_OUTER_BOUND('',#1143,.T.);
#742=FACE_OUTER_BOUND('',#1144,.T.);
#743=FACE_OUTER_BOUND('',#1145,.T.);
#744=FACE_OUTER_BOUND('',#1146,.T.);
#745=FACE_OUTER_BOUND('',#1152,.T.);
#746=FACE_OUTER_BOUND('',#1153,.T.);
#747=FACE_OUTER_BOUND('',#1156,.T.);
#748=FACE_OUTER_BOUND('',#1157,.T.);
#749=FACE_OUTER_BOUND('',#1159,.T.);
#750=FACE_OUTER_BOUND('',#1160,.T.);
#751=FACE_OUTER_BOUND('',#1161,.T.);
#752=FACE_OUTER_BOUND('',#1162,.T.);
#753=FACE_OUTER_BOUND('',#1163,.T.);
#754=FACE_OUTER_BOUND('',#1164,.T.);
#755=FACE_OUTER_BOUND('',#1165,.T.);
#756=FACE_OUTER_BOUND('',#1166,.T.);
#757=FACE_OUTER_BOUND('',#1168,.T.);
#758=FACE_OUTER_BOUND('',#1170,.T.);
#759=FACE_OUTER_BOUND('',#1171,.T.);
#760=FACE_OUTER_BOUND('',#1172,.T.);
#761=FACE_OUTER_BOUND('',#1174,.T.);
#762=FACE_OUTER_BOUND('',#1175,.T.);
#763=FACE_OUTER_BOUND('',#1176,.T.);
#764=FACE_OUTER_BOUND('',#1177,.T.);
#765=FACE_OUTER_BOUND('',#1180,.T.);
#766=FACE_OUTER_BOUND('',#1181,.T.);
#767=FACE_OUTER_BOUND('',#1184,.T.);
#768=FACE_OUTER_BOUND('',#1187,.T.);
#769=FACE_OUTER_BOUND('',#1188,.T.);
#770=FACE_OUTER_BOUND('',#1191,.T.);
#771=FACE_OUTER_BOUND('',#1192,.T.);
#772=FACE_OUTER_BOUND('',#1193,.T.);
#773=FACE_OUTER_BOUND('',#1194,.T.);
#774=FACE_OUTER_BOUND('',#1195,.T.);
#775=FACE_OUTER_BOUND('',#1196,.T.);
#776=FACE_OUTER_BOUND('',#1197,.T.);
#777=FACE_OUTER_BOUND('',#1198,.T.);
#778=FACE_OUTER_BOUND('',#1200,.T.);
#779=FACE_OUTER_BOUND('',#1201,.T.);
#780=FACE_OUTER_BOUND('',#1202,.T.);
#781=FACE_OUTER_BOUND('',#1203,.T.);
#782=FACE_OUTER_BOUND('',#1204,.T.);
#783=FACE_OUTER_BOUND('',#1205,.T.);
#784=FACE_OUTER_BOUND('',#1207,.T.);
#785=FACE_OUTER_BOUND('',#1208,.T.);
#786=FACE_OUTER_BOUND('',#1209,.T.);
#787=FACE_OUTER_BOUND('',#1210,.T.);
#788=FACE_OUTER_BOUND('',#1211,.T.);
#789=FACE_OUTER_BOUND('',#1212,.T.);
#790=FACE_OUTER_BOUND('',#1213,.T.);
#791=FACE_OUTER_BOUND('',#1214,.T.);
#792=FACE_OUTER_BOUND('',#1215,.T.);
#793=FACE_OUTER_BOUND('',#1216,.T.);
#794=FACE_OUTER_BOUND('',#1217,.T.);
#795=FACE_OUTER_BOUND('',#1218,.T.);
#796=FACE_OUTER_BOUND('',#1219,.T.);
#797=FACE_OUTER_BOUND('',#1220,.T.);
#798=FACE_OUTER_BOUND('',#1221,.T.);
#799=FACE_OUTER_BOUND('',#1222,.T.);
#800=FACE_OUTER_BOUND('',#1223,.T.);
#801=FACE_OUTER_BOUND('',#1224,.T.);
#802=FACE_OUTER_BOUND('',#1225,.T.);
#803=FACE_OUTER_BOUND('',#1226,.T.);
#804=FACE_OUTER_BOUND('',#1227,.T.);
#805=FACE_OUTER_BOUND('',#1228,.T.);
#806=FACE_OUTER_BOUND('',#1230,.T.);
#807=FACE_OUTER_BOUND('',#1231,.T.);
#808=FACE_OUTER_BOUND('',#1232,.T.);
#809=FACE_OUTER_BOUND('',#1233,.T.);
#810=FACE_OUTER_BOUND('',#1234,.T.);
#811=FACE_OUTER_BOUND('',#1235,.T.);
#812=FACE_OUTER_BOUND('',#1236,.T.);
#813=FACE_OUTER_BOUND('',#1237,.T.);
#814=FACE_OUTER_BOUND('',#1238,.T.);
#815=FACE_OUTER_BOUND('',#1239,.T.);
#816=FACE_OUTER_BOUND('',#1240,.T.);
#817=FACE_OUTER_BOUND('',#1241,.T.);
#818=FACE_OUTER_BOUND('',#1242,.T.);
#819=FACE_OUTER_BOUND('',#1243,.T.);
#820=FACE_OUTER_BOUND('',#1244,.T.);
#821=FACE_OUTER_BOUND('',#1245,.T.);
#822=FACE_OUTER_BOUND('',#1246,.T.);
#823=FACE_OUTER_BOUND('',#1247,.T.);
#824=FACE_OUTER_BOUND('',#1248,.T.);
#825=FACE_OUTER_BOUND('',#1249,.T.);
#826=FACE_OUTER_BOUND('',#1250,.T.);
#827=FACE_OUTER_BOUND('',#1251,.T.);
#828=FACE_OUTER_BOUND('',#1252,.T.);
#829=FACE_OUTER_BOUND('',#1254,.T.);
#830=FACE_OUTER_BOUND('',#1256,.T.);
#831=FACE_OUTER_BOUND('',#1258,.T.);
#832=FACE_OUTER_BOUND('',#1260,.T.);
#833=FACE_OUTER_BOUND('',#1261,.T.);
#834=FACE_OUTER_BOUND('',#1262,.T.);
#835=EDGE_LOOP('',(#4458,#4459,#4460,#4461));
#836=EDGE_LOOP('',(#4462,#4463,#4464,#4465));
#837=EDGE_LOOP('',(#4466,#4467,#4468,#4469));
#838=EDGE_LOOP('',(#4470,#4471,#4472,#4473));
#839=EDGE_LOOP('',(#4474,#4475,#4476,#4477,#4478));
#840=EDGE_LOOP('',(#4479,#4480,#4481,#4482,#4483));
#841=EDGE_LOOP('',(#4484,#4485,#4486,#4487,#4488,#4489,#4490,#4491));
#842=EDGE_LOOP('',(#4492,#4493,#4494,#4495,#4496,#4497,#4498,#4499,#4500));
#843=EDGE_LOOP('',(#4501,#4502,#4503,#4504));
#844=EDGE_LOOP('',(#4505,#4506,#4507,#4508));
#845=EDGE_LOOP('',(#4509,#4510,#4511,#4512));
#846=EDGE_LOOP('',(#4513,#4514,#4515,#4516));
#847=EDGE_LOOP('',(#4517,#4518,#4519,#4520));
#848=EDGE_LOOP('',(#4521,#4522,#4523,#4524));
#849=EDGE_LOOP('',(#4525,#4526,#4527,#4528));
#850=EDGE_LOOP('',(#4529,#4530,#4531,#4532));
#851=EDGE_LOOP('',(#4533,#4534,#4535,#4536));
#852=EDGE_LOOP('',(#4537,#4538,#4539,#4540));
#853=EDGE_LOOP('',(#4541,#4542,#4543,#4544));
#854=EDGE_LOOP('',(#4545,#4546,#4547,#4548));
#855=EDGE_LOOP('',(#4549,#4550,#4551,#4552));
#856=EDGE_LOOP('',(#4553,#4554,#4555,#4556,#4557,#4558,#4559,#4560,#4561));
#857=EDGE_LOOP('',(#4562));
#858=EDGE_LOOP('',(#4563));
#859=EDGE_LOOP('',(#4564,#4565,#4566,#4567,#4568,#4569,#4570,#4571,#4572,
#4573,#4574,#4575,#4576,#4577,#4578,#4579));
#860=EDGE_LOOP('',(#4580,#4581,#4582,#4583,#4584,#4585,#4586,#4587));
#861=EDGE_LOOP('',(#4588));
#862=EDGE_LOOP('',(#4589));
#863=EDGE_LOOP('',(#4590,#4591,#4592,#4593,#4594,#4595,#4596,#4597));
#864=EDGE_LOOP('',(#4598,#4599,#4600,#4601));
#865=EDGE_LOOP('',(#4602,#4603,#4604,#4605));
#866=EDGE_LOOP('',(#4606,#4607,#4608,#4609));
#867=EDGE_LOOP('',(#4610,#4611,#4612,#4613,#4614,#4615));
#868=EDGE_LOOP('',(#4616,#4617,#4618,#4619,#4620,#4621,#4622,#4623,#4624));
#869=EDGE_LOOP('',(#4625,#4626,#4627,#4628,#4629,#4630,#4631,#4632,#4633,
#4634,#4635,#4636,#4637));
#870=EDGE_LOOP('',(#4638,#4639,#4640,#4641,#4642));
#871=EDGE_LOOP('',(#4643,#4644,#4645,#4646,#4647,#4648,#4649,#4650));
#872=EDGE_LOOP('',(#4651,#4652,#4653,#4654,#4655,#4656));
#873=EDGE_LOOP('',(#4657,#4658,#4659,#4660,#4661,#4662,#4663,#4664));
#874=EDGE_LOOP('',(#4665,#4666,#4667,#4668,#4669,#4670,#4671,#4672,#4673,
#4674));
#875=EDGE_LOOP('',(#4675,#4676,#4677,#4678));
#876=EDGE_LOOP('',(#4679,#4680,#4681,#4682,#4683,#4684,#4685,#4686,#4687,
#4688,#4689,#4690));
#877=EDGE_LOOP('',(#4691,#4692,#4693,#4694));
#878=EDGE_LOOP('',(#4695,#4696,#4697,#4698,#4699,#4700,#4701,#4702,#4703,
#4704,#4705,#4706,#4707,#4708,#4709,#4710,#4711,#4712));
#879=EDGE_LOOP('',(#4713,#4714,#4715,#4716));
#880=EDGE_LOOP('',(#4717,#4718,#4719,#4720));
#881=EDGE_LOOP('',(#4721,#4722,#4723,#4724,#4725,#4726,#4727,#4728,#4729));
#882=EDGE_LOOP('',(#4730,#4731,#4732,#4733));
#883=EDGE_LOOP('',(#4734,#4735,#4736,#4737,#4738));
#884=EDGE_LOOP('',(#4739,#4740,#4741,#4742,#4743,#4744,#4745,#4746));
#885=EDGE_LOOP('',(#4747,#4748,#4749,#4750,#4751,#4752));
#886=EDGE_LOOP('',(#4753));
#887=EDGE_LOOP('',(#4754,#4755,#4756,#4757,#4758,#4759));
#888=EDGE_LOOP('',(#4760));
#889=EDGE_LOOP('',(#4761,#4762,#4763,#4764,#4765));
#890=EDGE_LOOP('',(#4766,#4767,#4768,#4769,#4770,#4771,#4772,#4773,#4774,
#4775,#4776,#4777,#4778));
#891=EDGE_LOOP('',(#4779,#4780,#4781));
#892=EDGE_LOOP('',(#4782,#4783,#4784));
#893=EDGE_LOOP('',(#4785,#4786,#4787,#4788,#4789,#4790,#4791));
#894=EDGE_LOOP('',(#4792,#4793,#4794,#4795,#4796,#4797,#4798,#4799,#4800,
#4801));
#895=EDGE_LOOP('',(#4802,#4803,#4804,#4805,#4806));
#896=EDGE_LOOP('',(#4807,#4808,#4809,#4810));
#897=EDGE_LOOP('',(#4811,#4812,#4813,#4814,#4815));
#898=EDGE_LOOP('',(#4816,#4817,#4818,#4819,#4820));
#899=EDGE_LOOP('',(#4821,#4822,#4823,#4824));
#900=EDGE_LOOP('',(#4825,#4826,#4827,#4828,#4829));
#901=EDGE_LOOP('',(#4830,#4831,#4832,#4833,#4834));
#902=EDGE_LOOP('',(#4835,#4836,#4837,#4838,#4839,#4840,#4841,#4842,#4843,
#4844,#4845,#4846,#4847));
#903=EDGE_LOOP('',(#4848,#4849,#4850));
#904=EDGE_LOOP('',(#4851,#4852,#4853));
#905=EDGE_LOOP('',(#4854,#4855,#4856));
#906=EDGE_LOOP('',(#4857,#4858,#4859));
#907=EDGE_LOOP('',(#4860,#4861,#4862,#4863,#4864,#4865,#4866));
#908=EDGE_LOOP('',(#4867,#4868,#4869,#4870));
#909=EDGE_LOOP('',(#4871,#4872,#4873,#4874,#4875));
#910=EDGE_LOOP('',(#4876,#4877,#4878,#4879,#4880,#4881,#4882));
#911=EDGE_LOOP('',(#4883,#4884,#4885,#4886,#4887,#4888,#4889,#4890,#4891,
#4892,#4893,#4894));
#912=EDGE_LOOP('',(#4895,#4896,#4897));
#913=EDGE_LOOP('',(#4898,#4899,#4900));
#914=EDGE_LOOP('',(#4901,#4902,#4903));
#915=EDGE_LOOP('',(#4904,#4905,#4906));
#916=EDGE_LOOP('',(#4907,#4908,#4909,#4910,#4911,#4912,#4913,#4914,#4915,
#4916));
#917=EDGE_LOOP('',(#4917,#4918,#4919,#4920,#4921,#4922,#4923,#4924,#4925,
#4926,#4927,#4928,#4929,#4930,#4931,#4932,#4933,#4934,#4935));
#918=EDGE_LOOP('',(#4936,#4937,#4938));
#919=EDGE_LOOP('',(#4939,#4940,#4941));
#920=EDGE_LOOP('',(#4942,#4943,#4944,#4945));
#921=EDGE_LOOP('',(#4946,#4947,#4948,#4949,#4950));
#922=EDGE_LOOP('',(#4951,#4952,#4953,#4954,#4955,#4956));
#923=EDGE_LOOP('',(#4957,#4958,#4959,#4960));
#924=EDGE_LOOP('',(#4961,#4962,#4963,#4964));
#925=EDGE_LOOP('',(#4965,#4966,#4967,#4968));
#926=EDGE_LOOP('',(#4969,#4970,#4971,#4972));
#927=EDGE_LOOP('',(#4973,#4974,#4975,#4976));
#928=EDGE_LOOP('',(#4977,#4978,#4979,#4980));
#929=EDGE_LOOP('',(#4981));
#930=EDGE_LOOP('',(#4982));
#931=EDGE_LOOP('',(#4983));
#932=EDGE_LOOP('',(#4984));
#933=EDGE_LOOP('',(#4985,#4986,#4987,#4988));
#934=EDGE_LOOP('',(#4989,#4990,#4991,#4992,#4993,#4994));
#935=EDGE_LOOP('',(#4995,#4996,#4997,#4998,#4999,#5000));
#936=EDGE_LOOP('',(#5001,#5002,#5003,#5004,#5005,#5006,#5007));
#937=EDGE_LOOP('',(#5008,#5009,#5010,#5011));
#938=EDGE_LOOP('',(#5012,#5013,#5014,#5015));
#939=EDGE_LOOP('',(#5016,#5017,#5018,#5019));
#940=EDGE_LOOP('',(#5020,#5021,#5022,#5023));
#941=EDGE_LOOP('',(#5024,#5025,#5026,#5027));
#942=EDGE_LOOP('',(#5028,#5029,#5030,#5031));
#943=EDGE_LOOP('',(#5032,#5033,#5034,#5035));
#944=EDGE_LOOP('',(#5036,#5037,#5038,#5039));
#945=EDGE_LOOP('',(#5040,#5041,#5042,#5043));
#946=EDGE_LOOP('',(#5044,#5045,#5046,#5047));
#947=EDGE_LOOP('',(#5048,#5049,#5050));
#948=EDGE_LOOP('',(#5051,#5052,#5053,#5054,#5055));
#949=EDGE_LOOP('',(#5056,#5057,#5058,#5059,#5060,#5061,#5062,#5063));
#950=EDGE_LOOP('',(#5064,#5065,#5066,#5067,#5068,#5069,#5070,#5071));
#951=EDGE_LOOP('',(#5072,#5073,#5074));
#952=EDGE_LOOP('',(#5075,#5076,#5077));
#953=EDGE_LOOP('',(#5078,#5079,#5080,#5081));
#954=EDGE_LOOP('',(#5082,#5083,#5084,#5085));
#955=EDGE_LOOP('',(#5086,#5087,#5088,#5089,#5090));
#956=EDGE_LOOP('',(#5091,#5092,#5093,#5094));
#957=EDGE_LOOP('',(#5095,#5096,#5097,#5098));
#958=EDGE_LOOP('',(#5099,#5100,#5101,#5102));
#959=EDGE_LOOP('',(#5103,#5104,#5105,#5106));
#960=EDGE_LOOP('',(#5107,#5108,#5109,#5110,#5111));
#961=EDGE_LOOP('',(#5112,#5113,#5114,#5115));
#962=EDGE_LOOP('',(#5116,#5117,#5118,#5119));
#963=EDGE_LOOP('',(#5120,#5121,#5122,#5123,#5124));
#964=EDGE_LOOP('',(#5125,#5126,#5127,#5128));
#965=EDGE_LOOP('',(#5129,#5130,#5131,#5132,#5133));
#966=EDGE_LOOP('',(#5134,#5135,#5136,#5137));
#967=EDGE_LOOP('',(#5138,#5139,#5140,#5141));
#968=EDGE_LOOP('',(#5142,#5143,#5144,#5145));
#969=EDGE_LOOP('',(#5146,#5147,#5148,#5149));
#970=EDGE_LOOP('',(#5150,#5151,#5152,#5153,#5154,#5155,#5156,#5157));
#971=EDGE_LOOP('',(#5158,#5159,#5160));
#972=EDGE_LOOP('',(#5161,#5162,#5163));
#973=EDGE_LOOP('',(#5164,#5165,#5166,#5167));
#974=EDGE_LOOP('',(#5168,#5169,#5170,#5171));
#975=EDGE_LOOP('',(#5172,#5173,#5174,#5175));
#976=EDGE_LOOP('',(#5176,#5177,#5178,#5179));
#977=EDGE_LOOP('',(#5180,#5181,#5182,#5183));
#978=EDGE_LOOP('',(#5184,#5185,#5186,#5187));
#979=EDGE_LOOP('',(#5188,#5189,#5190,#5191));
#980=EDGE_LOOP('',(#5192,#5193,#5194,#5195));
#981=EDGE_LOOP('',(#5196,#5197,#5198,#5199));
#982=EDGE_LOOP('',(#5200,#5201,#5202,#5203));
#983=EDGE_LOOP('',(#5204,#5205,#5206,#5207));
#984=EDGE_LOOP('',(#5208,#5209,#5210,#5211));
#985=EDGE_LOOP('',(#5212,#5213,#5214));
#986=EDGE_LOOP('',(#5215,#5216,#5217));
#987=EDGE_LOOP('',(#5218,#5219,#5220,#5221,#5222));
#988=EDGE_LOOP('',(#5223,#5224,#5225));
#989=EDGE_LOOP('',(#5226,#5227,#5228));
#990=EDGE_LOOP('',(#5229,#5230,#5231));
#991=EDGE_LOOP('',(#5232,#5233,#5234));
#992=EDGE_LOOP('',(#5235,#5236,#5237,#5238));
#993=EDGE_LOOP('',(#5239,#5240,#5241,#5242));
#994=EDGE_LOOP('',(#5243,#5244,#5245,#5246));
#995=EDGE_LOOP('',(#5247,#5248,#5249,#5250));
#996=EDGE_LOOP('',(#5251,#5252,#5253,#5254));
#997=EDGE_LOOP('',(#5255,#5256,#5257,#5258));
#998=EDGE_LOOP('',(#5259,#5260,#5261,#5262));
#999=EDGE_LOOP('',(#5263,#5264,#5265,#5266));
#1000=EDGE_LOOP('',(#5267,#5268,#5269,#5270));
#1001=EDGE_LOOP('',(#5271,#5272,#5273,#5274));
#1002=EDGE_LOOP('',(#5275,#5276,#5277,#5278));
#1003=EDGE_LOOP('',(#5279,#5280,#5281,#5282));
#1004=EDGE_LOOP('',(#5283,#5284,#5285,#5286));
#1005=EDGE_LOOP('',(#5287,#5288,#5289,#5290));
#1006=EDGE_LOOP('',(#5291,#5292,#5293,#5294));
#1007=EDGE_LOOP('',(#5295,#5296,#5297,#5298));
#1008=EDGE_LOOP('',(#5299,#5300,#5301));
#1009=EDGE_LOOP('',(#5302,#5303,#5304));
#1010=EDGE_LOOP('',(#5305,#5306,#5307,#5308));
#1011=EDGE_LOOP('',(#5309,#5310,#5311,#5312));
#1012=EDGE_LOOP('',(#5313,#5314,#5315,#5316));
#1013=EDGE_LOOP('',(#5317,#5318,#5319,#5320));
#1014=EDGE_LOOP('',(#5321,#5322,#5323,#5324));
#1015=EDGE_LOOP('',(#5325,#5326,#5327,#5328,#5329,#5330,#5331,#5332));
#1016=EDGE_LOOP('',(#5333,#5334,#5335));
#1017=EDGE_LOOP('',(#5336,#5337,#5338,#5339));
#1018=EDGE_LOOP('',(#5340,#5341,#5342,#5343));
#1019=EDGE_LOOP('',(#5344,#5345,#5346,#5347));
#1020=EDGE_LOOP('',(#5348,#5349,#5350,#5351));
#1021=EDGE_LOOP('',(#5352,#5353,#5354,#5355));
#1022=EDGE_LOOP('',(#5356,#5357,#5358,#5359));
#1023=EDGE_LOOP('',(#5360,#5361,#5362,#5363));
#1024=EDGE_LOOP('',(#5364,#5365,#5366,#5367));
#1025=EDGE_LOOP('',(#5368,#5369,#5370,#5371));
#1026=EDGE_LOOP('',(#5372,#5373,#5374,#5375));
#1027=EDGE_LOOP('',(#5376,#5377,#5378,#5379));
#1028=EDGE_LOOP('',(#5380));
#1029=EDGE_LOOP('',(#5381));
#1030=EDGE_LOOP('',(#5382));
#1031=EDGE_LOOP('',(#5383));
#1032=EDGE_LOOP('',(#5384));
#1033=EDGE_LOOP('',(#5385));
#1034=EDGE_LOOP('',(#5386));
#1035=EDGE_LOOP('',(#5387));
#1036=EDGE_LOOP('',(#5388));
#1037=EDGE_LOOP('',(#5389));
#1038=EDGE_LOOP('',(#5390,#5391,#5392,#5393));
#1039=EDGE_LOOP('',(#5394,#5395,#5396,#5397));
#1040=EDGE_LOOP('',(#5398,#5399,#5400,#5401));
#1041=EDGE_LOOP('',(#5402,#5403,#5404,#5405));
#1042=EDGE_LOOP('',(#5406,#5407,#5408,#5409));
#1043=EDGE_LOOP('',(#5410,#5411,#5412,#5413));
#1044=EDGE_LOOP('',(#5414,#5415,#5416,#5417));
#1045=EDGE_LOOP('',(#5418,#5419,#5420,#5421));
#1046=EDGE_LOOP('',(#5422,#5423,#5424,#5425));
#1047=EDGE_LOOP('',(#5426,#5427,#5428,#5429));
#1048=EDGE_LOOP('',(#5430,#5431,#5432,#5433));
#1049=EDGE_LOOP('',(#5434,#5435,#5436,#5437,#5438,#5439));
#1050=EDGE_LOOP('',(#5440,#5441,#5442,#5443));
#1051=EDGE_LOOP('',(#5444,#5445,#5446,#5447));
#1052=EDGE_LOOP('',(#5448,#5449,#5450,#5451,#5452,#5453));
#1053=EDGE_LOOP('',(#5454,#5455,#5456,#5457,#5458,#5459));
#1054=EDGE_LOOP('',(#5460,#5461,#5462,#5463));
#1055=EDGE_LOOP('',(#5464,#5465,#5466,#5467));
#1056=EDGE_LOOP('',(#5468,#5469,#5470,#5471));
#1057=EDGE_LOOP('',(#5472,#5473,#5474,#5475));
#1058=EDGE_LOOP('',(#5476,#5477,#5478,#5479));
#1059=EDGE_LOOP('',(#5480,#5481,#5482,#5483));
#1060=EDGE_LOOP('',(#5484,#5485,#5486,#5487));
#1061=EDGE_LOOP('',(#5488,#5489,#5490,#5491));
#1062=EDGE_LOOP('',(#5492,#5493,#5494,#5495));
#1063=EDGE_LOOP('',(#5496,#5497,#5498,#5499));
#1064=EDGE_LOOP('',(#5500,#5501,#5502,#5503,#5504,#5505,#5506,#5507,#5508,
#5509,#5510,#5511,#5512,#5513,#5514,#5515,#5516,#5517,#5518,#5519,#5520,
#5521,#5522,#5523,#5524,#5525,#5526,#5527,#5528,#5529,#5530,#5531,#5532));
#1065=EDGE_LOOP('',(#5533,#5534,#5535));
#1066=EDGE_LOOP('',(#5536,#5537,#5538));
#1067=EDGE_LOOP('',(#5539,#5540,#5541));
#1068=EDGE_LOOP('',(#5542,#5543,#5544));
#1069=EDGE_LOOP('',(#5545,#5546,#5547));
#1070=EDGE_LOOP('',(#5548,#5549,#5550,#5551,#5552));
#1071=EDGE_LOOP('',(#5553,#5554,#5555,#5556,#5557));
#1072=EDGE_LOOP('',(#5558,#5559,#5560,#5561,#5562));
#1073=EDGE_LOOP('',(#5563,#5564,#5565,#5566,#5567));
#1074=EDGE_LOOP('',(#5568,#5569,#5570,#5571));
#1075=EDGE_LOOP('',(#5572,#5573,#5574,#5575));
#1076=EDGE_LOOP('',(#5576,#5577,#5578,#5579));
#1077=EDGE_LOOP('',(#5580,#5581,#5582,#5583,#5584,#5585));
#1078=EDGE_LOOP('',(#5586,#5587,#5588,#5589));
#1079=EDGE_LOOP('',(#5590,#5591,#5592,#5593));
#1080=EDGE_LOOP('',(#5594,#5595,#5596));
#1081=EDGE_LOOP('',(#5597,#5598,#5599,#5600,#5601,#5602));
#1082=EDGE_LOOP('',(#5603,#5604,#5605,#5606,#5607,#5608));
#1083=EDGE_LOOP('',(#5609,#5610,#5611,#5612,#5613,#5614));
#1084=EDGE_LOOP('',(#5615,#5616,#5617,#5618,#5619));
#1085=EDGE_LOOP('',(#5620,#5621,#5622,#5623,#5624));
#1086=EDGE_LOOP('',(#5625,#5626,#5627,#5628,#5629));
#1087=EDGE_LOOP('',(#5630,#5631,#5632,#5633,#5634,#5635));
#1088=EDGE_LOOP('',(#5636,#5637,#5638,#5639,#5640,#5641,#5642));
#1089=EDGE_LOOP('',(#5643,#5644,#5645,#5646,#5647));
#1090=EDGE_LOOP('',(#5648,#5649,#5650));
#1091=EDGE_LOOP('',(#5651,#5652,#5653,#5654,#5655,#5656));
#1092=EDGE_LOOP('',(#5657,#5658,#5659,#5660,#5661,#5662,#5663,#5664,#5665));
#1093=EDGE_LOOP('',(#5666,#5667,#5668,#5669,#5670,#5671,#5672,#5673,#5674,
#5675,#5676,#5677,#5678,#5679,#5680,#5681,#5682,#5683,#5684,#5685,#5686,
#5687,#5688));
#1094=EDGE_LOOP('',(#5689));
#1095=EDGE_LOOP('',(#5690,#5691,#5692,#5693));
#1096=EDGE_LOOP('',(#5694,#5695,#5696,#5697));
#1097=EDGE_LOOP('',(#5698,#5699,#5700,#5701));
#1098=EDGE_LOOP('',(#5702,#5703,#5704,#5705));
#1099=EDGE_LOOP('',(#5706,#5707,#5708,#5709));
#1100=EDGE_LOOP('',(#5710,#5711,#5712,#5713));
#1101=EDGE_LOOP('',(#5714,#5715,#5716,#5717));
#1102=EDGE_LOOP('',(#5718,#5719,#5720,#5721,#5722,#5723,#5724,#5725,#5726,
#5727,#5728,#5729));
#1103=EDGE_LOOP('',(#5730));
#1104=EDGE_LOOP('',(#5731,#5732,#5733,#5734,#5735,#5736,#5737));
#1105=EDGE_LOOP('',(#5738,#5739,#5740,#5741,#5742,#5743));
#1106=EDGE_LOOP('',(#5744,#5745,#5746,#5747));
#1107=EDGE_LOOP('',(#5748,#5749,#5750,#5751,#5752));
#1108=EDGE_LOOP('',(#5753,#5754,#5755,#5756,#5757));
#1109=EDGE_LOOP('',(#5758,#5759,#5760,#5761));
#1110=EDGE_LOOP('',(#5762,#5763,#5764,#5765,#5766,#5767));
#1111=EDGE_LOOP('',(#5768,#5769,#5770,#5771,#5772,#5773,#5774,#5775,#5776));
#1112=EDGE_LOOP('',(#5777,#5778,#5779,#5780,#5781));
#1113=EDGE_LOOP('',(#5782,#5783,#5784));
#1114=EDGE_LOOP('',(#5785,#5786,#5787,#5788,#5789,#5790,#5791,#5792,#5793,
#5794,#5795));
#1115=EDGE_LOOP('',(#5796,#5797,#5798,#5799,#5800,#5801,#5802,#5803,#5804));
#1116=EDGE_LOOP('',(#5805,#5806,#5807,#5808,#5809));
#1117=EDGE_LOOP('',(#5810,#5811,#5812));
#1118=EDGE_LOOP('',(#5813,#5814,#5815,#5816,#5817,#5818,#5819,#5820));
#1119=EDGE_LOOP('',(#5821));
#1120=EDGE_LOOP('',(#5822,#5823,#5824,#5825,#5826,#5827,#5828,#5829,#5830,
#5831,#5832,#5833,#5834));
#1121=EDGE_LOOP('',(#5835,#5836,#5837));
#1122=EDGE_LOOP('',(#5838,#5839,#5840));
#1123=EDGE_LOOP('',(#5841,#5842,#5843,#5844));
#1124=EDGE_LOOP('',(#5845,#5846,#5847,#5848,#5849,#5850));
#1125=EDGE_LOOP('',(#5851,#5852,#5853));
#1126=EDGE_LOOP('',(#5854,#5855,#5856,#5857));
#1127=EDGE_LOOP('',(#5858,#5859,#5860,#5861));
#1128=EDGE_LOOP('',(#5862,#5863,#5864,#5865));
#1129=EDGE_LOOP('',(#5866,#5867,#5868,#5869,#5870,#5871,#5872));
#1130=EDGE_LOOP('',(#5873,#5874,#5875,#5876,#5877));
#1131=EDGE_LOOP('',(#5878,#5879,#5880,#5881));
#1132=EDGE_LOOP('',(#5882,#5883,#5884,#5885,#5886));
#1133=EDGE_LOOP('',(#5887,#5888,#5889,#5890,#5891,#5892,#5893,#5894,#5895,
#5896,#5897,#5898));
#1134=EDGE_LOOP('',(#5899));
#1135=EDGE_LOOP('',(#5900,#5901,#5902,#5903));
#1136=EDGE_LOOP('',(#5904,#5905,#5906,#5907));
#1137=EDGE_LOOP('',(#5908,#5909,#5910,#5911,#5912,#5913,#5914,#5915));
#1138=EDGE_LOOP('',(#5916,#5917,#5918,#5919,#5920,#5921,#5922,#5923,#5924,
#5925,#5926,#5927,#5928,#5929,#5930,#5931,#5932));
#1139=EDGE_LOOP('',(#5933,#5934,#5935,#5936));
#1140=EDGE_LOOP('',(#5937,#5938,#5939,#5940));
#1141=EDGE_LOOP('',(#5941,#5942,#5943,#5944));
#1142=EDGE_LOOP('',(#5945,#5946,#5947,#5948));
#1143=EDGE_LOOP('',(#5949,#5950,#5951,#5952));
#1144=EDGE_LOOP('',(#5953,#5954,#5955,#5956,#5957,#5958));
#1145=EDGE_LOOP('',(#5959,#5960,#5961,#5962));
#1146=EDGE_LOOP('',(#5963));
#1147=EDGE_LOOP('',(#5964,#5965,#5966));
#1148=EDGE_LOOP('',(#5967,#5968,#5969));
#1149=EDGE_LOOP('',(#5970,#5971,#5972));
#1150=EDGE_LOOP('',(#5973,#5974,#5975));
#1151=EDGE_LOOP('',(#5976,#5977,#5978));
#1152=EDGE_LOOP('',(#5979,#5980,#5981,#5982));
#1153=EDGE_LOOP('',(#5983,#5984,#5985,#5986,#5987,#5988));
#1154=EDGE_LOOP('',(#5989,#5990,#5991,#5992,#5993,#5994));
#1155=EDGE_LOOP('',(#5995,#5996,#5997,#5998,#5999,#6000));
#1156=EDGE_LOOP('',(#6001,#6002,#6003,#6004));
#1157=EDGE_LOOP('',(#6005,#6006,#6007,#6008,#6009,#6010,#6011,#6012,#6013,
#6014));
#1158=EDGE_LOOP('',(#6015,#6016,#6017));
#1159=EDGE_LOOP('',(#6018,#6019,#6020,#6021));
#1160=EDGE_LOOP('',(#6022,#6023,#6024,#6025));
#1161=EDGE_LOOP('',(#6026,#6027,#6028,#6029));
#1162=EDGE_LOOP('',(#6030,#6031,#6032,#6033));
#1163=EDGE_LOOP('',(#6034,#6035,#6036,#6037));
#1164=EDGE_LOOP('',(#6038,#6039,#6040,#6041));
#1165=EDGE_LOOP('',(#6042,#6043,#6044,#6045));
#1166=EDGE_LOOP('',(#6046,#6047,#6048,#6049,#6050,#6051));
#1167=EDGE_LOOP('',(#6052));
#1168=EDGE_LOOP('',(#6053,#6054,#6055,#6056,#6057,#6058));
#1169=EDGE_LOOP('',(#6059));
#1170=EDGE_LOOP('',(#6060,#6061,#6062,#6063));
#1171=EDGE_LOOP('',(#6064,#6065,#6066,#6067));
#1172=EDGE_LOOP('',(#6068,#6069,#6070));
#1173=EDGE_LOOP('',(#6071,#6072,#6073));
#1174=EDGE_LOOP('',(#6074,#6075,#6076,#6077));
#1175=EDGE_LOOP('',(#6078,#6079,#6080,#6081));
#1176=EDGE_LOOP('',(#6082,#6083,#6084,#6085));
#1177=EDGE_LOOP('',(#6086,#6087,#6088,#6089,#6090,#6091,#6092,#6093,#6094));
#1178=EDGE_LOOP('',(#6095));
#1179=EDGE_LOOP('',(#6096));
#1180=EDGE_LOOP('',(#6097,#6098,#6099,#6100));
#1181=EDGE_LOOP('',(#6101,#6102,#6103,#6104,#6105,#6106,#6107,#6108,#6109,
#6110));
#1182=EDGE_LOOP('',(#6111,#6112,#6113,#6114,#6115,#6116));
#1183=EDGE_LOOP('',(#6117,#6118,#6119,#6120,#6121,#6122));
#1184=EDGE_LOOP('',(#6123,#6124,#6125,#6126,#6127,#6128,#6129,#6130,#6131,
#6132));
#1185=EDGE_LOOP('',(#6133));
#1186=EDGE_LOOP('',(#6134));
#1187=EDGE_LOOP('',(#6135,#6136,#6137,#6138));
#1188=EDGE_LOOP('',(#6139,#6140,#6141,#6142,#6143,#6144,#6145,#6146,#6147));
#1189=EDGE_LOOP('',(#6148));
#1190=EDGE_LOOP('',(#6149));
#1191=EDGE_LOOP('',(#6150,#6151,#6152,#6153,#6154,#6155));
#1192=EDGE_LOOP('',(#6156,#6157,#6158,#6159));
#1193=EDGE_LOOP('',(#6160,#6161,#6162,#6163));
#1194=EDGE_LOOP('',(#6164,#6165,#6166,#6167));
#1195=EDGE_LOOP('',(#6168,#6169,#6170,#6171));
#1196=EDGE_LOOP('',(#6172,#6173,#6174,#6175));
#1197=EDGE_LOOP('',(#6176,#6177,#6178,#6179));
#1198=EDGE_LOOP('',(#6180,#6181,#6182));
#1199=EDGE_LOOP('',(#6183,#6184,#6185));
#1200=EDGE_LOOP('',(#6186,#6187,#6188,#6189,#6190));
#1201=EDGE_LOOP('',(#6191,#6192,#6193,#6194,#6195));
#1202=EDGE_LOOP('',(#6196,#6197,#6198,#6199));
#1203=EDGE_LOOP('',(#6200,#6201,#6202,#6203));
#1204=EDGE_LOOP('',(#6204,#6205,#6206,#6207));
#1205=EDGE_LOOP('',(#6208,#6209,#6210));
#1206=EDGE_LOOP('',(#6211,#6212,#6213));
#1207=EDGE_LOOP('',(#6214,#6215,#6216,#6217));
#1208=EDGE_LOOP('',(#6218,#6219,#6220,#6221));
#1209=EDGE_LOOP('',(#6222,#6223,#6224,#6225));
#1210=EDGE_LOOP('',(#6226,#6227,#6228,#6229));
#1211=EDGE_LOOP('',(#6230,#6231,#6232,#6233));
#1212=EDGE_LOOP('',(#6234,#6235,#6236,#6237));
#1213=EDGE_LOOP('',(#6238,#6239,#6240,#6241));
#1214=EDGE_LOOP('',(#6242,#6243,#6244,#6245));
#1215=EDGE_LOOP('',(#6246,#6247,#6248,#6249));
#1216=EDGE_LOOP('',(#6250,#6251,#6252,#6253));
#1217=EDGE_LOOP('',(#6254,#6255,#6256,#6257));
#1218=EDGE_LOOP('',(#6258,#6259,#6260,#6261));
#1219=EDGE_LOOP('',(#6262,#6263,#6264,#6265));
#1220=EDGE_LOOP('',(#6266,#6267,#6268,#6269));
#1221=EDGE_LOOP('',(#6270,#6271,#6272,#6273));
#1222=EDGE_LOOP('',(#6274,#6275,#6276,#6277));
#1223=EDGE_LOOP('',(#6278,#6279,#6280,#6281));
#1224=EDGE_LOOP('',(#6282,#6283,#6284,#6285));
#1225=EDGE_LOOP('',(#6286,#6287,#6288,#6289));
#1226=EDGE_LOOP('',(#6290,#6291,#6292,#6293));
#1227=EDGE_LOOP('',(#6294,#6295,#6296,#6297));
#1228=EDGE_LOOP('',(#6298,#6299,#6300));
#1229=EDGE_LOOP('',(#6301,#6302,#6303));
#1230=EDGE_LOOP('',(#6304,#6305,#6306,#6307));
#1231=EDGE_LOOP('',(#6308,#6309,#6310,#6311));
#1232=EDGE_LOOP('',(#6312,#6313,#6314,#6315));
#1233=EDGE_LOOP('',(#6316,#6317,#6318,#6319));
#1234=EDGE_LOOP('',(#6320,#6321,#6322,#6323));
#1235=EDGE_LOOP('',(#6324,#6325,#6326,#6327));
#1236=EDGE_LOOP('',(#6328,#6329,#6330,#6331));
#1237=EDGE_LOOP('',(#6332,#6333,#6334,#6335));
#1238=EDGE_LOOP('',(#6336,#6337,#6338,#6339));
#1239=EDGE_LOOP('',(#6340,#6341,#6342,#6343));
#1240=EDGE_LOOP('',(#6344,#6345,#6346,#6347));
#1241=EDGE_LOOP('',(#6348,#6349,#6350,#6351));
#1242=EDGE_LOOP('',(#6352,#6353,#6354,#6355));
#1243=EDGE_LOOP('',(#6356,#6357,#6358,#6359));
#1244=EDGE_LOOP('',(#6360,#6361,#6362,#6363));
#1245=EDGE_LOOP('',(#6364,#6365,#6366,#6367));
#1246=EDGE_LOOP('',(#6368,#6369,#6370,#6371));
#1247=EDGE_LOOP('',(#6372,#6373,#6374,#6375));
#1248=EDGE_LOOP('',(#6376,#6377,#6378,#6379));
#1249=EDGE_LOOP('',(#6380,#6381,#6382,#6383));
#1250=EDGE_LOOP('',(#6384,#6385,#6386,#6387));
#1251=EDGE_LOOP('',(#6388,#6389,#6390,#6391));
#1252=EDGE_LOOP('',(#6392,#6393,#6394,#6395,#6396,#6397));
#1253=EDGE_LOOP('',(#6398));
#1254=EDGE_LOOP('',(#6399,#6400,#6401,#6402,#6403,#6404));
#1255=EDGE_LOOP('',(#6405));
#1256=EDGE_LOOP('',(#6406));
#1257=EDGE_LOOP('',(#6407));
#1258=EDGE_LOOP('',(#6408));
#1259=EDGE_LOOP('',(#6409));
#1260=EDGE_LOOP('',(#6410,#6411,#6412));
#1261=EDGE_LOOP('',(#6413,#6414,#6415,#6416));
#1262=EDGE_LOOP('',(#6417,#6418,#6419,#6420,#6421,#6422,#6423));
#1263=LINE('',#9193,#1959);
#1264=LINE('',#9199,#1960);
#1265=LINE('',#9205,#1961);
#1266=LINE('',#9211,#1962);
#1267=LINE('',#9235,#1963);
#1268=LINE('',#9249,#1964);
#1269=LINE('',#9264,#1965);
#1270=LINE('',#9269,#1966);
#1271=LINE('',#9274,#1967);
#1272=LINE('',#9288,#1968);
#1273=LINE('',#9305,#1969);
#1274=LINE('',#9308,#1970);
#1275=LINE('',#9314,#1971);
#1276=LINE('',#9317,#1972);
#1277=LINE('',#9323,#1973);
#1278=LINE('',#9326,#1974);
#1279=LINE('',#9332,#1975);
#1280=LINE('',#9335,#1976);
#1281=LINE('',#9341,#1977);
#1282=LINE('',#9344,#1978);
#1283=LINE('',#9350,#1979);
#1284=LINE('',#9353,#1980);
#1285=LINE('',#9359,#1981);
#1286=LINE('',#9362,#1982);
#1287=LINE('',#9368,#1983);
#1288=LINE('',#9371,#1984);
#1289=LINE('',#9377,#1985);
#1290=LINE('',#9380,#1986);
#1291=LINE('',#9386,#1987);
#1292=LINE('',#9389,#1988);
#1293=LINE('',#9395,#1989);
#1294=LINE('',#9398,#1990);
#1295=LINE('',#9402,#1991);
#1296=LINE('',#9404,#1992);
#1297=LINE('',#9406,#1993);
#1298=LINE('',#9407,#1994);
#1299=LINE('',#9410,#1995);
#1300=LINE('',#9412,#1996);
#1301=LINE('',#9413,#1997);
#1302=LINE('',#9416,#1998);
#1303=LINE('',#9418,#1999);
#1304=LINE('',#9420,#2000);
#1305=LINE('',#9424,#2001);
#1306=LINE('',#9427,#2002);
#1307=LINE('',#9431,#2003);
#1308=LINE('',#9433,#2004);
#1309=LINE('',#9436,#2005);
#1310=LINE('',#9438,#2006);
#1311=LINE('',#9440,#2007);
#1312=LINE('',#9442,#2008);
#1313=LINE('',#9444,#2009);
#1314=LINE('',#9446,#2010);
#1315=LINE('',#9447,#2011);
#1316=LINE('',#9449,#2012);
#1317=LINE('',#9451,#2013);
#1318=LINE('',#9452,#2014);
#1319=LINE('',#9457,#2015);
#1320=LINE('',#9461,#2016);
#1321=LINE('',#9462,#2017);
#1322=LINE('',#9476,#2018);
#1323=LINE('',#9478,#2019);
#1324=LINE('',#9488,#2020);
#1325=LINE('',#9491,#2021);
#1326=LINE('',#9495,#2022);
#1327=LINE('',#9496,#2023);
#1328=LINE('',#9499,#2024);
#1329=LINE('',#9503,#2025);
#1330=LINE('',#9512,#2026);
#1331=LINE('',#9513,#2027);
#1332=LINE('',#9534,#2028);
#1333=LINE('',#9536,#2029);
#1334=LINE('',#9538,#2030);
#1335=LINE('',#9539,#2031);
#1336=LINE('',#9542,#2032);
#1337=LINE('',#9544,#2033);
#1338=LINE('',#9546,#2034);
#1339=LINE('',#9548,#2035);
#1340=LINE('',#9550,#2036);
#1341=LINE('',#9552,#2037);
#1342=LINE('',#9554,#2038);
#1343=LINE('',#9556,#2039);
#1344=LINE('',#9557,#2040);
#1345=LINE('',#9567,#2041);
#1346=LINE('',#9571,#2042);
#1347=LINE('',#9572,#2043);
#1348=LINE('',#9583,#2044);
#1349=LINE('',#9585,#2045);
#1350=LINE('',#9587,#2046);
#1351=LINE('',#9589,#2047);
#1352=LINE('',#9591,#2048);
#1353=LINE('',#9594,#2049);
#1354=LINE('',#9596,#2050);
#1355=LINE('',#9600,#2051);
#1356=LINE('',#9602,#2052);
#1357=LINE('',#9604,#2053);
#1358=LINE('',#9606,#2054);
#1359=LINE('',#9608,#2055);
#1360=LINE('',#9609,#2056);
#1361=LINE('',#9612,#2057);
#1362=LINE('',#9616,#2058);
#1363=LINE('',#9617,#2059);
#1364=LINE('',#9618,#2060);
#1365=LINE('',#9619,#2061);
#1366=LINE('',#9621,#2062);
#1367=LINE('',#9623,#2063);
#1368=LINE('',#9625,#2064);
#1369=LINE('',#9627,#2065);
#1370=LINE('',#9631,#2066);
#1371=LINE('',#9634,#2067);
#1372=LINE('',#9638,#2068);
#1373=LINE('',#9639,#2069);
#1374=LINE('',#9641,#2070);
#1375=LINE('',#9643,#2071);
#1376=LINE('',#9645,#2072);
#1377=LINE('',#9647,#2073);
#1378=LINE('',#9648,#2074);
#1379=LINE('',#9650,#2075);
#1380=LINE('',#9652,#2076);
#1381=LINE('',#9653,#2077);
#1382=LINE('',#9655,#2078);
#1383=LINE('',#9657,#2079);
#1384=LINE('',#9661,#2080);
#1385=LINE('',#9684,#2081);
#1386=LINE('',#9692,#2082);
#1387=LINE('',#9695,#2083);
#1388=LINE('',#10147,#2084);
#1389=LINE('',#10149,#2085);
#1390=LINE('',#10151,#2086);
#1391=LINE('',#10153,#2087);
#1392=LINE('',#10155,#2088);
#1393=LINE('',#10156,#2089);
#1394=LINE('',#10160,#2090);
#1395=LINE('',#10162,#2091);
#1396=LINE('',#10164,#2092);
#1397=LINE('',#10166,#2093);
#1398=LINE('',#10168,#2094);
#1399=LINE('',#10169,#2095);
#1400=LINE('',#10350,#2096);
#1401=LINE('',#10354,#2097);
#1402=LINE('',#10359,#2098);
#1403=LINE('',#10362,#2099);
#1404=LINE('',#10364,#2100);
#1405=LINE('',#10365,#2101);
#1406=LINE('',#10367,#2102);
#1407=LINE('',#10368,#2103);
#1408=LINE('',#10372,#2104);
#1409=LINE('',#10375,#2105);
#1410=LINE('',#10382,#2106);
#1411=LINE('',#10385,#2107);
#1412=LINE('',#10388,#2108);
#1413=LINE('',#10391,#2109);
#1414=LINE('',#10392,#2110);
#1415=LINE('',#10394,#2111);
#1416=LINE('',#10396,#2112);
#1417=LINE('',#10398,#2113);
#1418=LINE('',#10399,#2114);
#1419=LINE('',#10401,#2115);
#1420=LINE('',#10403,#2116);
#1421=LINE('',#10405,#2117);
#1422=LINE('',#10410,#2118);
#1423=LINE('',#10412,#2119);
#1424=LINE('',#10416,#2120);
#1425=LINE('',#10418,#2121);
#1426=LINE('',#10421,#2122);
#1427=LINE('',#10423,#2123);
#1428=LINE('',#10424,#2124);
#1429=LINE('',#10426,#2125);
#1430=LINE('',#10427,#2126);
#1431=LINE('',#10429,#2127);
#1432=LINE('',#10430,#2128);
#1433=LINE('',#10432,#2129);
#1434=LINE('',#10433,#2130);
#1435=LINE('',#10435,#2131);
#1436=LINE('',#10436,#2132);
#1437=LINE('',#10439,#2133);
#1438=LINE('',#10442,#2134);
#1439=LINE('',#10444,#2135);
#1440=LINE('',#10446,#2136);
#1441=LINE('',#10449,#2137);
#1442=LINE('',#10451,#2138);
#1443=LINE('',#10454,#2139);
#1444=LINE('',#10459,#2140);
#1445=LINE('',#10463,#2141);
#1446=LINE('',#10465,#2142);
#1447=LINE('',#10467,#2143);
#1448=LINE('',#10471,#2144);
#1449=LINE('',#10473,#2145);
#1450=LINE('',#10476,#2146);
#1451=LINE('',#10478,#2147);
#1452=LINE('',#10479,#2148);
#1453=LINE('',#10481,#2149);
#1454=LINE('',#10482,#2150);
#1455=LINE('',#10484,#2151);
#1456=LINE('',#10485,#2152);
#1457=LINE('',#10487,#2153);
#1458=LINE('',#10488,#2154);
#1459=LINE('',#10491,#2155);
#1460=LINE('',#10495,#2156);
#1461=LINE('',#10499,#2157);
#1462=LINE('',#10503,#2158);
#1463=LINE('',#10509,#2159);
#1464=LINE('',#10511,#2160);
#1465=LINE('',#10514,#2161);
#1466=LINE('',#10518,#2162);
#1467=LINE('',#10522,#2163);
#1468=LINE('',#10525,#2164);
#1469=LINE('',#10527,#2165);
#1470=LINE('',#10547,#2166);
#1471=LINE('',#10549,#2167);
#1472=LINE('',#10550,#2168);
#1473=LINE('',#10553,#2169);
#1474=LINE('',#10556,#2170);
#1475=LINE('',#10570,#2171);
#1476=LINE('',#10573,#2172);
#1477=LINE('',#10576,#2173);
#1478=LINE('',#10578,#2174);
#1479=LINE('',#10580,#2175);
#1480=LINE('',#10583,#2176);
#1481=LINE('',#10585,#2177);
#1482=LINE('',#10591,#2178);
#1483=LINE('',#10592,#2179);
#1484=LINE('',#10819,#2180);
#1485=LINE('',#10822,#2181);
#1486=LINE('',#10826,#2182);
#1487=LINE('',#10829,#2183);
#1488=LINE('',#10830,#2184);
#1489=LINE('',#10832,#2185);
#1490=LINE('',#10835,#2186);
#1491=LINE('',#10836,#2187);
#1492=LINE('',#10838,#2188);
#1493=LINE('',#10841,#2189);
#1494=LINE('',#10844,#2190);
#1495=LINE('',#10847,#2191);
#1496=LINE('',#10848,#2192);
#1497=LINE('',#10851,#2193);
#1498=LINE('',#10854,#2194);
#1499=LINE('',#10857,#2195);
#1500=LINE('',#10858,#2196);
#1501=LINE('',#10861,#2197);
#1502=LINE('',#10864,#2198);
#1503=LINE('',#10866,#2199);
#1504=LINE('',#10869,#2200);
#1505=LINE('',#10873,#2201);
#1506=LINE('',#10875,#2202);
#1507=LINE('',#10878,#2203);
#1508=LINE('',#10880,#2204);
#1509=LINE('',#10882,#2205);
#1510=LINE('',#10883,#2206);
#1511=LINE('',#10885,#2207);
#1512=LINE('',#10886,#2208);
#1513=LINE('',#10888,#2209);
#1514=LINE('',#10892,#2210);
#1515=LINE('',#10899,#2211);
#1516=LINE('',#10902,#2212);
#1517=LINE('',#10903,#2213);
#1518=LINE('',#10906,#2214);
#1519=LINE('',#10907,#2215);
#1520=LINE('',#10915,#2216);
#1521=LINE('',#10917,#2217);
#1522=LINE('',#10918,#2218);
#1523=LINE('',#10922,#2219);
#1524=LINE('',#10927,#2220);
#1525=LINE('',#10932,#2221);
#1526=LINE('',#10936,#2222);
#1527=LINE('',#10940,#2223);
#1528=LINE('',#10943,#2224);
#1529=LINE('',#10944,#2225);
#1530=LINE('',#10947,#2226);
#1531=LINE('',#10948,#2227);
#1532=LINE('',#10954,#2228);
#1533=LINE('',#10957,#2229);
#1534=LINE('',#10959,#2230);
#1535=LINE('',#10963,#2231);
#1536=LINE('',#10966,#2232);
#1537=LINE('',#10967,#2233);
#1538=LINE('',#10969,#2234);
#1539=LINE('',#10970,#2235);
#1540=LINE('',#10973,#2236);
#1541=LINE('',#10974,#2237);
#1542=LINE('',#10976,#2238);
#1543=LINE('',#10978,#2239);
#1544=LINE('',#10980,#2240);
#1545=LINE('',#10982,#2241);
#1546=LINE('',#10984,#2242);
#1547=LINE('',#10986,#2243);
#1548=LINE('',#10988,#2244);
#1549=LINE('',#10993,#2245);
#1550=LINE('',#10994,#2246);
#1551=LINE('',#10995,#2247);
#1552=LINE('',#10998,#2248);
#1553=LINE('',#10999,#2249);
#1554=LINE('',#11004,#2250);
#1555=LINE('',#11005,#2251);
#1556=LINE('',#11009,#2252);
#1557=LINE('',#11010,#2253);
#1558=LINE('',#11013,#2254);
#1559=LINE('',#11014,#2255);
#1560=LINE('',#11017,#2256);
#1561=LINE('',#11019,#2257);
#1562=LINE('',#11021,#2258);
#1563=LINE('',#11024,#2259);
#1564=LINE('',#11027,#2260);
#1565=LINE('',#11030,#2261);
#1566=LINE('',#11033,#2262);
#1567=LINE('',#11036,#2263);
#1568=LINE('',#11040,#2264);
#1569=LINE('',#11041,#2265);
#1570=LINE('',#11043,#2266);
#1571=LINE('',#11046,#2267);
#1572=LINE('',#11049,#2268);
#1573=LINE('',#11055,#2269);
#1574=LINE('',#11057,#2270);
#1575=LINE('',#11060,#2271);
#1576=LINE('',#11061,#2272);
#1577=LINE('',#11063,#2273);
#1578=LINE('',#11065,#2274);
#1579=LINE('',#11067,#2275);
#1580=LINE('',#11070,#2276);
#1581=LINE('',#11077,#2277);
#1582=LINE('',#11083,#2278);
#1583=LINE('',#11089,#2279);
#1584=LINE('',#11095,#2280);
#1585=LINE('',#11101,#2281);
#1586=LINE('',#11108,#2282);
#1587=LINE('',#11110,#2283);
#1588=LINE('',#11112,#2284);
#1589=LINE('',#11113,#2285);
#1590=LINE('',#11118,#2286);
#1591=LINE('',#11123,#2287);
#1592=LINE('',#11125,#2288);
#1593=LINE('',#11127,#2289);
#1594=LINE('',#11128,#2290);
#1595=LINE('',#11131,#2291);
#1596=LINE('',#11133,#2292);
#1597=LINE('',#11134,#2293);
#1598=LINE('',#11138,#2294);
#1599=LINE('',#11140,#2295);
#1600=LINE('',#11142,#2296);
#1601=LINE('',#11143,#2297);
#1602=LINE('',#11146,#2298);
#1603=LINE('',#11148,#2299);
#1604=LINE('',#11149,#2300);
#1605=LINE('',#11153,#2301);
#1606=LINE('',#11155,#2302);
#1607=LINE('',#11157,#2303);
#1608=LINE('',#11158,#2304);
#1609=LINE('',#11161,#2305);
#1610=LINE('',#11163,#2306);
#1611=LINE('',#11164,#2307);
#1612=LINE('',#11168,#2308);
#1613=LINE('',#11170,#2309);
#1614=LINE('',#11172,#2310);
#1615=LINE('',#11173,#2311);
#1616=LINE('',#11176,#2312);
#1617=LINE('',#11178,#2313);
#1618=LINE('',#11179,#2314);
#1619=LINE('',#11307,#2315);
#1620=LINE('',#11313,#2316);
#1621=LINE('',#11319,#2317);
#1622=LINE('',#11330,#2318);
#1623=LINE('',#11343,#2319);
#1624=LINE('',#11348,#2320);
#1625=LINE('',#11355,#2321);
#1626=LINE('',#11358,#2322);
#1627=LINE('',#11364,#2323);
#1628=LINE('',#11367,#2324);
#1629=LINE('',#11373,#2325);
#1630=LINE('',#11376,#2326);
#1631=LINE('',#11381,#2327);
#1632=LINE('',#11387,#2328);
#1633=LINE('',#11393,#2329);
#1634=LINE('',#11399,#2330);
#1635=LINE('',#11405,#2331);
#1636=LINE('',#11411,#2332);
#1637=LINE('',#11416,#2333);
#1638=LINE('',#11418,#2334);
#1639=LINE('',#11420,#2335);
#1640=LINE('',#11424,#2336);
#1641=LINE('',#11441,#2337);
#1642=LINE('',#11443,#2338);
#1643=LINE('',#11445,#2339);
#1644=LINE('',#11449,#2340);
#1645=LINE('',#11451,#2341);
#1646=LINE('',#11457,#2342);
#1647=LINE('',#11458,#2343);
#1648=LINE('',#11460,#2344);
#1649=LINE('',#11464,#2345);
#1650=LINE('',#11466,#2346);
#1651=LINE('',#11493,#2347);
#1652=LINE('',#11522,#2348);
#1653=LINE('',#11524,#2349);
#1654=LINE('',#11538,#2350);
#1655=LINE('',#11547,#2351);
#1656=LINE('',#11549,#2352);
#1657=LINE('',#11550,#2353);
#1658=LINE('',#11555,#2354);
#1659=LINE('',#11559,#2355);
#1660=LINE('',#11560,#2356);
#1661=LINE('',#11563,#2357);
#1662=LINE('',#11566,#2358);
#1663=LINE('',#11568,#2359);
#1664=LINE('',#11569,#2360);
#1665=LINE('',#11573,#2361);
#1666=LINE('',#11575,#2362);
#1667=LINE('',#11576,#2363);
#1668=LINE('',#11577,#2364);
#1669=LINE('',#11580,#2365);
#1670=LINE('',#11582,#2366);
#1671=LINE('',#11584,#2367);
#1672=LINE('',#11585,#2368);
#1673=LINE('',#11680,#2369);
#1674=LINE('',#11683,#2370);
#1675=LINE('',#11684,#2371);
#1676=LINE('',#11687,#2372);
#1677=LINE('',#11688,#2373);
#1678=LINE('',#11691,#2374);
#1679=LINE('',#11693,#2375);
#1680=LINE('',#11695,#2376);
#1681=LINE('',#11696,#2377);
#1682=LINE('',#11699,#2378);
#1683=LINE('',#11739,#2379);
#1684=LINE('',#11740,#2380);
#1685=LINE('',#11742,#2381);
#1686=LINE('',#11746,#2382);
#1687=LINE('',#11748,#2383);
#1688=LINE('',#11751,#2384);
#1689=LINE('',#11776,#2385);
#1690=LINE('',#11786,#2386);
#1691=LINE('',#11790,#2387);
#1692=LINE('',#11820,#2388);
#1693=LINE('',#11850,#2389);
#1694=LINE('',#11863,#2390);
#1695=LINE('',#11913,#2391);
#1696=LINE('',#11916,#2392);
#1697=LINE('',#11918,#2393);
#1698=LINE('',#11920,#2394);
#1699=LINE('',#11922,#2395);
#1700=LINE('',#11924,#2396);
#1701=LINE('',#11926,#2397);
#1702=LINE('',#11927,#2398);
#1703=LINE('',#11932,#2399);
#1704=LINE('',#11934,#2400);
#1705=LINE('',#11936,#2401);
#1706=LINE('',#11938,#2402);
#1707=LINE('',#11940,#2403);
#1708=LINE('',#11941,#2404);
#1709=LINE('',#11943,#2405);
#1710=LINE('',#11946,#2406);
#1711=LINE('',#11947,#2407);
#1712=LINE('',#11949,#2408);
#1713=LINE('',#11952,#2409);
#1714=LINE('',#11954,#2410);
#1715=LINE('',#11957,#2411);
#1716=LINE('',#11968,#2412);
#1717=LINE('',#11969,#2413);
#1718=LINE('',#11971,#2414);
#1719=LINE('',#11972,#2415);
#1720=LINE('',#11973,#2416);
#1721=LINE('',#12192,#2417);
#1722=LINE('',#12535,#2418);
#1723=LINE('',#12570,#2419);
#1724=LINE('',#12572,#2420);
#1725=LINE('',#12573,#2421);
#1726=LINE('',#12576,#2422);
#1727=LINE('',#12578,#2423);
#1728=LINE('',#12582,#2424);
#1729=LINE('',#12584,#2425);
#1730=LINE('',#12586,#2426);
#1731=LINE('',#12588,#2427);
#1732=LINE('',#12590,#2428);
#1733=LINE('',#12592,#2429);
#1734=LINE('',#12594,#2430);
#1735=LINE('',#12595,#2431);
#1736=LINE('',#12613,#2432);
#1737=LINE('',#12615,#2433);
#1738=LINE('',#12670,#2434);
#1739=LINE('',#12677,#2435);
#1740=LINE('',#12690,#2436);
#1741=LINE('',#12692,#2437);
#1742=LINE('',#12693,#2438);
#1743=LINE('',#12698,#2439);
#1744=LINE('',#12699,#2440);
#1745=LINE('',#12703,#2441);
#1746=LINE('',#12705,#2442);
#1747=LINE('',#12707,#2443);
#1748=LINE('',#12708,#2444);
#1749=LINE('',#12710,#2445);
#1750=LINE('',#12711,#2446);
#1751=LINE('',#12714,#2447);
#1752=LINE('',#12716,#2448);
#1753=LINE('',#12718,#2449);
#1754=LINE('',#12720,#2450);
#1755=LINE('',#12722,#2451);
#1756=LINE('',#12723,#2452);
#1757=LINE('',#12725,#2453);
#1758=LINE('',#12727,#2454);
#1759=LINE('',#12728,#2455);
#1760=LINE('',#12730,#2456);
#1761=LINE('',#12731,#2457);
#1762=LINE('',#12733,#2458);
#1763=LINE('',#12734,#2459);
#1764=LINE('',#12738,#2460);
#1765=LINE('',#12753,#2461);
#1766=LINE('',#12755,#2462);
#1767=LINE('',#12756,#2463);
#1768=LINE('',#12759,#2464);
#1769=LINE('',#12760,#2465);
#1770=LINE('',#12762,#2466);
#1771=LINE('',#12818,#2467);
#1772=LINE('',#12820,#2468);
#1773=LINE('',#12821,#2469);
#1774=LINE('',#12822,#2470);
#1775=LINE('',#12844,#2471);
#1776=LINE('',#12856,#2472);
#1777=LINE('',#12858,#2473);
#1778=LINE('',#12908,#2474);
#1779=LINE('',#12990,#2475);
#1780=LINE('',#12994,#2476);
#1781=LINE('',#12996,#2477);
#1782=LINE('',#13021,#2478);
#1783=LINE('',#13023,#2479);
#1784=LINE('',#13025,#2480);
#1785=LINE('',#13027,#2481);
#1786=LINE('',#13028,#2482);
#1787=LINE('',#13031,#2483);
#1788=LINE('',#13032,#2484);
#1789=LINE('',#13037,#2485);
#1790=LINE('',#13038,#2486);
#1791=LINE('',#13042,#2487);
#1792=LINE('',#13043,#2488);
#1793=LINE('',#13044,#2489);
#1794=LINE('',#13045,#2490);
#1795=LINE('',#13048,#2491);
#1796=LINE('',#13049,#2492);
#1797=LINE('',#13051,#2493);
#1798=LINE('',#13053,#2494);
#1799=LINE('',#13055,#2495);
#1800=LINE('',#13064,#2496);
#1801=LINE('',#13071,#2497);
#1802=LINE('',#13072,#2498);
#1803=LINE('',#13075,#2499);
#1804=LINE('',#13077,#2500);
#1805=LINE('',#13078,#2501);
#1806=LINE('',#13081,#2502);
#1807=LINE('',#13082,#2503);
#1808=LINE('',#13087,#2504);
#1809=LINE('',#13088,#2505);
#1810=LINE('',#13091,#2506);
#1811=LINE('',#13092,#2507);
#1812=LINE('',#13095,#2508);
#1813=LINE('',#13097,#2509);
#1814=LINE('',#13099,#2510);
#1815=LINE('',#13100,#2511);
#1816=LINE('',#13102,#2512);
#1817=LINE('',#13104,#2513);
#1818=LINE('',#13111,#2514);
#1819=LINE('',#13112,#2515);
#1820=LINE('',#13114,#2516);
#1821=LINE('',#13116,#2517);
#1822=LINE('',#13117,#2518);
#1823=LINE('',#13120,#2519);
#1824=LINE('',#13122,#2520);
#1825=LINE('',#13124,#2521);
#1826=LINE('',#13126,#2522);
#1827=LINE('',#13128,#2523);
#1828=LINE('',#13129,#2524);
#1829=LINE('',#13132,#2525);
#1830=LINE('',#13134,#2526);
#1831=LINE('',#13136,#2527);
#1832=LINE('',#13138,#2528);
#1833=LINE('',#13140,#2529);
#1834=LINE('',#13141,#2530);
#1835=LINE('',#13144,#2531);
#1836=LINE('',#13145,#2532);
#1837=LINE('',#13148,#2533);
#1838=LINE('',#13149,#2534);
#1839=LINE('',#13151,#2535);
#1840=LINE('',#13152,#2536);
#1841=LINE('',#13157,#2537);
#1842=LINE('',#13158,#2538);
#1843=LINE('',#13161,#2539);
#1844=LINE('',#13164,#2540);
#1845=LINE('',#13167,#2541);
#1846=LINE('',#13169,#2542);
#1847=LINE('',#13171,#2543);
#1848=LINE('',#13174,#2544);
#1849=LINE('',#13178,#2545);
#1850=LINE('',#13180,#2546);
#1851=LINE('',#13182,#2547);
#1852=LINE('',#13184,#2548);
#1853=LINE('',#13186,#2549);
#1854=LINE('',#13187,#2550);
#1855=LINE('',#13191,#2551);
#1856=LINE('',#13193,#2552);
#1857=LINE('',#13195,#2553);
#1858=LINE('',#13197,#2554);
#1859=LINE('',#13199,#2555);
#1860=LINE('',#13200,#2556);
#1861=LINE('',#13203,#2557);
#1862=LINE('',#13204,#2558);
#1863=LINE('',#13206,#2559);
#1864=LINE('',#13209,#2560);
#1865=LINE('',#13210,#2561);
#1866=LINE('',#13213,#2562);
#1867=LINE('',#14149,#2563);
#1868=LINE('',#14153,#2564);
#1869=LINE('',#14154,#2565);
#1870=LINE('',#14156,#2566);
#1871=LINE('',#14163,#2567);
#1872=LINE('',#14166,#2568);
#1873=LINE('',#14167,#2569);
#1874=LINE('',#14169,#2570);
#1875=LINE('',#14171,#2571);
#1876=LINE('',#14175,#2572);
#1877=LINE('',#14176,#2573);
#1878=LINE('',#14179,#2574);
#1879=LINE('',#14181,#2575);
#1880=LINE('',#14183,#2576);
#1881=LINE('',#14185,#2577);
#1882=LINE('',#14187,#2578);
#1883=LINE('',#14188,#2579);
#1884=LINE('',#14191,#2580);
#1885=LINE('',#14193,#2581);
#1886=LINE('',#14195,#2582);
#1887=LINE('',#14197,#2583);
#1888=LINE('',#14199,#2584);
#1889=LINE('',#14200,#2585);
#1890=LINE('',#14203,#2586);
#1891=LINE('',#14205,#2587);
#1892=LINE('',#14207,#2588);
#1893=LINE('',#14210,#2589);
#1894=LINE('',#14213,#2590);
#1895=LINE('',#14214,#2591);
#1896=LINE('',#14217,#2592);
#1897=LINE('',#14221,#2593);
#1898=LINE('',#14222,#2594);
#1899=LINE('',#14230,#2595);
#1900=LINE('',#14240,#2596);
#1901=LINE('',#14255,#2597);
#1902=LINE('',#14256,#2598);
#1903=LINE('',#14258,#2599);
#1904=LINE('',#14259,#2600);
#1905=LINE('',#14261,#2601);
#1906=LINE('',#14264,#2602);
#1907=LINE('',#14266,#2603);
#1908=LINE('',#14287,#2604);
#1909=LINE('',#14288,#2605);
#1910=LINE('',#14290,#2606);
#1911=LINE('',#14291,#2607);
#1912=LINE('',#14293,#2608);
#1913=LINE('',#14295,#2609);
#1914=LINE('',#14297,#2610);
#1915=LINE('',#14299,#2611);
#1916=LINE('',#14302,#2612);
#1917=LINE('',#14303,#2613);
#1918=LINE('',#14305,#2614);
#1919=LINE('',#14307,#2615);
#1920=LINE('',#14309,#2616);
#1921=LINE('',#14311,#2617);
#1922=LINE('',#14316,#2618);
#1923=LINE('',#14319,#2619);
#1924=LINE('',#14321,#2620);
#1925=LINE('',#14325,#2621);
#1926=LINE('',#14328,#2622);
#1927=LINE('',#14332,#2623);
#1928=LINE('',#14333,#2624);
#1929=LINE('',#14335,#2625);
#1930=LINE('',#14336,#2626);
#1931=LINE('',#14411,#2627);
#1932=LINE('',#14413,#2628);
#1933=LINE('',#14414,#2629);
#1934=LINE('',#14417,#2630);
#1935=LINE('',#14418,#2631);
#1936=LINE('',#14421,#2632);
#1937=LINE('',#14422,#2633);
#1938=LINE('',#14425,#2634);
#1939=LINE('',#14426,#2635);
#1940=LINE('',#14429,#2636);
#1941=LINE('',#14430,#2637);
#1942=LINE('',#14432,#2638);
#1943=LINE('',#14435,#2639);
#1944=LINE('',#14437,#2640);
#1945=LINE('',#14438,#2641);
#1946=LINE('',#14441,#2642);
#1947=LINE('',#14442,#2643);
#1948=LINE('',#14445,#2644);
#1949=LINE('',#14446,#2645);
#1950=LINE('',#14449,#2646);
#1951=LINE('',#14450,#2647);
#1952=LINE('',#14453,#2648);
#1953=LINE('',#14454,#2649);
#1954=LINE('',#14456,#2650);
#1955=LINE('',#14458,#2651);
#1956=LINE('',#14460,#2652);
#1957=LINE('',#14523,#2653);
#1958=LINE('',#14617,#2654);
#1959=VECTOR('',#7426,1.59999999999998);
#1960=VECTOR('',#7433,1.59999999999998);
#1961=VECTOR('',#7440,1.64999999999996);
#1962=VECTOR('',#7447,1.64999999999996);
#1963=VECTOR('',#7452,1000.);
#1964=VECTOR('',#7455,1000.);
#1965=VECTOR('',#7458,1000.);
#1966=VECTOR('',#7463,999.999999999999);
#1967=VECTOR('',#7468,2.80000000000005);
#1968=VECTOR('',#7483,2.80000000000005);
#1969=VECTOR('',#7500,1000.);
#1970=VECTOR('',#7503,1000.);
#1971=VECTOR('',#7508,1000.);
#1972=VECTOR('',#7511,1000.);
#1973=VECTOR('',#7516,1000.);
#1974=VECTOR('',#7519,1000.);
#1975=VECTOR('',#7524,1000.);
#1976=VECTOR('',#7527,1000.);
#1977=VECTOR('',#7532,1000.);
#1978=VECTOR('',#7535,1000.);
#1979=VECTOR('',#7540,1000.);
#1980=VECTOR('',#7543,1000.);
#1981=VECTOR('',#7548,1000.);
#1982=VECTOR('',#7551,1000.);
#1983=VECTOR('',#7556,1000.);
#1984=VECTOR('',#7559,1000.);
#1985=VECTOR('',#7564,1000.);
#1986=VECTOR('',#7567,1000.);
#1987=VECTOR('',#7572,1000.);
#1988=VECTOR('',#7575,1000.);
#1989=VECTOR('',#7580,1000.);
#1990=VECTOR('',#7583,1000.);
#1991=VECTOR('',#7586,1000.);
#1992=VECTOR('',#7587,1000.);
#1993=VECTOR('',#7588,1000.);
#1994=VECTOR('',#7589,1000.);
#1995=VECTOR('',#7592,1000.);
#1996=VECTOR('',#7593,1000.);
#1997=VECTOR('',#7594,1000.);
#1998=VECTOR('',#7597,1000.);
#1999=VECTOR('',#7598,1000.);
#2000=VECTOR('',#7599,1000.);
#2001=VECTOR('',#7602,1000.);
#2002=VECTOR('',#7605,1000.);
#2003=VECTOR('',#7608,1000.);
#2004=VECTOR('',#7609,1000.);
#2005=VECTOR('',#7612,1000.);
#2006=VECTOR('',#7613,1000.);
#2007=VECTOR('',#7614,1000.);
#2008=VECTOR('',#7615,1000.);
#2009=VECTOR('',#7616,1000.);
#2010=VECTOR('',#7617,1000.);
#2011=VECTOR('',#7618,1000.);
#2012=VECTOR('',#7619,1000.);
#2013=VECTOR('',#7620,1000.);
#2014=VECTOR('',#7621,1000.);
#2015=VECTOR('',#7626,1000.);
#2016=VECTOR('',#7629,1000.);
#2017=VECTOR('',#7630,1000.);
#2018=VECTOR('',#7633,1000.);
#2019=VECTOR('',#7634,1000.);
#2020=VECTOR('',#7635,1000.);
#2021=VECTOR('',#7638,1000.);
#2022=VECTOR('',#7643,1000.);
#2023=VECTOR('',#7644,999.999999999999);
#2024=VECTOR('',#7647,1000.);
#2025=VECTOR('',#7652,1000.);
#2026=VECTOR('',#7653,1000.);
#2027=VECTOR('',#7654,1000.);
#2028=VECTOR('',#7657,1000.);
#2029=VECTOR('',#7658,1000.);
#2030=VECTOR('',#7659,1000.);
#2031=VECTOR('',#7660,1000.);
#2032=VECTOR('',#7663,1000.);
#2033=VECTOR('',#7664,999.999999999999);
#2034=VECTOR('',#7665,1000.);
#2035=VECTOR('',#7666,1000.);
#2036=VECTOR('',#7667,1000.);
#2037=VECTOR('',#7668,1000.);
#2038=VECTOR('',#7669,1000.);
#2039=VECTOR('',#7670,1000.);
#2040=VECTOR('',#7671,1000.);
#2041=VECTOR('',#7672,1000.);
#2042=VECTOR('',#7675,10.);
#2043=VECTOR('',#7676,999.999999999999);
#2044=VECTOR('',#7679,1000.);
#2045=VECTOR('',#7680,1000.);
#2046=VECTOR('',#7681,1000.);
#2047=VECTOR('',#7682,1000.);
#2048=VECTOR('',#7683,1000.);
#2049=VECTOR('',#7688,1000.);
#2050=VECTOR('',#7689,1000.);
#2051=VECTOR('',#7694,1000.);
#2052=VECTOR('',#7695,1000.);
#2053=VECTOR('',#7696,1000.);
#2054=VECTOR('',#7697,1000.);
#2055=VECTOR('',#7698,1000.);
#2056=VECTOR('',#7699,1000.);
#2057=VECTOR('',#7702,1000.);
#2058=VECTOR('',#7705,1000.);
#2059=VECTOR('',#7706,1000.);
#2060=VECTOR('',#7707,1000.);
#2061=VECTOR('',#7708,1000.);
#2062=VECTOR('',#7711,1000.);
#2063=VECTOR('',#7714,1000.);
#2064=VECTOR('',#7715,1000.);
#2065=VECTOR('',#7716,1000.);
#2066=VECTOR('',#7719,1000.);
#2067=VECTOR('',#7724,1000.);
#2068=VECTOR('',#7727,1000.);
#2069=VECTOR('',#7728,1000.);
#2070=VECTOR('',#7729,1000.);
#2071=VECTOR('',#7730,1000.);
#2072=VECTOR('',#7731,1000.);
#2073=VECTOR('',#7732,1000.);
#2074=VECTOR('',#7733,1000.);
#2075=VECTOR('',#7734,1000.);
#2076=VECTOR('',#7735,1000.);
#2077=VECTOR('',#7736,1000.);
#2078=VECTOR('',#7739,1000.);
#2079=VECTOR('',#7742,1000.);
#2080=VECTOR('',#7745,10.);
#2081=VECTOR('',#7746,1000.);
#2082=VECTOR('',#7747,1000.);
#2083=VECTOR('',#7750,1000.);
#2084=VECTOR('',#7755,1000.);
#2085=VECTOR('',#7756,1000.);
#2086=VECTOR('',#7757,1000.);
#2087=VECTOR('',#7758,1000.);
#2088=VECTOR('',#7759,1000.);
#2089=VECTOR('',#7760,1000.);
#2090=VECTOR('',#7763,1000.);
#2091=VECTOR('',#7764,1000.);
#2092=VECTOR('',#7765,1000.);
#2093=VECTOR('',#7766,1000.);
#2094=VECTOR('',#7767,1000.);
#2095=VECTOR('',#7768,1000.);
#2096=VECTOR('',#7773,1000.);
#2097=VECTOR('',#7776,1000.);
#2098=VECTOR('',#7781,1000.);
#2099=VECTOR('',#7784,1000.);
#2100=VECTOR('',#7785,1000.);
#2101=VECTOR('',#7786,1000.);
#2102=VECTOR('',#7787,1000.);
#2103=VECTOR('',#7788,999.999999999999);
#2104=VECTOR('',#7791,1000.);
#2105=VECTOR('',#7794,1000.);
#2106=VECTOR('',#7801,1000.);
#2107=VECTOR('',#7804,1000.);
#2108=VECTOR('',#7807,1000.);
#2109=VECTOR('',#7812,1000.);
#2110=VECTOR('',#7813,1000.);
#2111=VECTOR('',#7816,1000.);
#2112=VECTOR('',#7819,1000.);
#2113=VECTOR('',#7822,1000.);
#2114=VECTOR('',#7823,1000.);
#2115=VECTOR('',#7826,1000.);
#2116=VECTOR('',#7829,1000.);
#2117=VECTOR('',#7832,1000.);
#2118=VECTOR('',#7837,1000.);
#2119=VECTOR('',#7838,999.999999999999);
#2120=VECTOR('',#7841,1000.);
#2121=VECTOR('',#7842,1000.);
#2122=VECTOR('',#7845,1000.);
#2123=VECTOR('',#7846,1000.);
#2124=VECTOR('',#7847,1000.);
#2125=VECTOR('',#7848,1000.);
#2126=VECTOR('',#7849,1000.);
#2127=VECTOR('',#7850,1000.);
#2128=VECTOR('',#7851,1000.);
#2129=VECTOR('',#7852,1000.);
#2130=VECTOR('',#7853,1000.);
#2131=VECTOR('',#7854,1000.);
#2132=VECTOR('',#7855,1000.);
#2133=VECTOR('',#7858,1000.);
#2134=VECTOR('',#7861,1000.);
#2135=VECTOR('',#7864,1000.);
#2136=VECTOR('',#7867,1000.);
#2137=VECTOR('',#7870,1000.);
#2138=VECTOR('',#7871,1000.);
#2139=VECTOR('',#7874,1000.);
#2140=VECTOR('',#7879,1000.);
#2141=VECTOR('',#7882,1000.);
#2142=VECTOR('',#7883,1000.);
#2143=VECTOR('',#7884,1000.);
#2144=VECTOR('',#7887,1000.);
#2145=VECTOR('',#7888,1000.);
#2146=VECTOR('',#7891,1000.);
#2147=VECTOR('',#7892,1000.);
#2148=VECTOR('',#7893,1000.);
#2149=VECTOR('',#7894,1000.);
#2150=VECTOR('',#7895,1000.);
#2151=VECTOR('',#7896,1000.);
#2152=VECTOR('',#7897,1000.);
#2153=VECTOR('',#7898,1000.);
#2154=VECTOR('',#7899,1000.);
#2155=VECTOR('',#7902,1000.);
#2156=VECTOR('',#7905,1000.);
#2157=VECTOR('',#7908,1000.);
#2158=VECTOR('',#7911,1000.);
#2159=VECTOR('',#7918,1000.);
#2160=VECTOR('',#7919,1000.);
#2161=VECTOR('',#7922,1000.);
#2162=VECTOR('',#7925,1000.);
#2163=VECTOR('',#7928,1000.);
#2164=VECTOR('',#7931,1000.);
#2165=VECTOR('',#7932,1000.);
#2166=VECTOR('',#7933,1000.);
#2167=VECTOR('',#7934,1000.);
#2168=VECTOR('',#7935,1000.);
#2169=VECTOR('',#7936,1000.);
#2170=VECTOR('',#7939,1000.);
#2171=VECTOR('',#7944,1000.);
#2172=VECTOR('',#7947,1000.);
#2173=VECTOR('',#7950,1000.);
#2174=VECTOR('',#7953,1000.);
#2175=VECTOR('',#7956,1000.);
#2176=VECTOR('',#7961,1000.);
#2177=VECTOR('',#7964,1000.);
#2178=VECTOR('',#7973,10.);
#2179=VECTOR('',#7974,1000.);
#2180=VECTOR('',#7975,10.);
#2181=VECTOR('',#7978,1000.);
#2182=VECTOR('',#7985,1000.);
#2183=VECTOR('',#7988,1000.);
#2184=VECTOR('',#7989,1000.);
#2185=VECTOR('',#7992,1000.);
#2186=VECTOR('',#7995,1000.);
#2187=VECTOR('',#7996,1000.);
#2188=VECTOR('',#7999,1000.);
#2189=VECTOR('',#8002,1000.);
#2190=VECTOR('',#8005,1000.);
#2191=VECTOR('',#8008,1000.);
#2192=VECTOR('',#8009,1000.);
#2193=VECTOR('',#8012,1000.);
#2194=VECTOR('',#8017,1000.);
#2195=VECTOR('',#8020,1000.);
#2196=VECTOR('',#8021,1000.);
#2197=VECTOR('',#8024,1000.);
#2198=VECTOR('',#8029,1000.);
#2199=VECTOR('',#8032,1000.);
#2200=VECTOR('',#8035,1000.);
#2201=VECTOR('',#8038,1000.);
#2202=VECTOR('',#8039,1000.);
#2203=VECTOR('',#8042,1000.);
#2204=VECTOR('',#8045,1000.);
#2205=VECTOR('',#8046,1000.);
#2206=VECTOR('',#8047,1000.);
#2207=VECTOR('',#8048,1000.);
#2208=VECTOR('',#8049,1000.);
#2209=VECTOR('',#8052,1000.);
#2210=VECTOR('',#8057,1000.);
#2211=VECTOR('',#8062,10.);
#2212=VECTOR('',#8065,1000.);
#2213=VECTOR('',#8066,1000.);
#2214=VECTOR('',#8069,1000.);
#2215=VECTOR('',#8070,1000.);
#2216=VECTOR('',#8077,1000.);
#2217=VECTOR('',#8080,1000.);
#2218=VECTOR('',#8081,1000.);
#2219=VECTOR('',#8086,1000.);
#2220=VECTOR('',#8087,1000.);
#2221=VECTOR('',#8092,1000.);
#2222=VECTOR('',#8093,1000.);
#2223=VECTOR('',#8098,10.);
#2224=VECTOR('',#8101,1000.);
#2225=VECTOR('',#8102,1000.);
#2226=VECTOR('',#8105,1000.);
#2227=VECTOR('',#8106,1000.);
#2228=VECTOR('',#8113,1000.);
#2229=VECTOR('',#8116,1000.);
#2230=VECTOR('',#8117,1000.);
#2231=VECTOR('',#8120,1000.);
#2232=VECTOR('',#8123,1000.);
#2233=VECTOR('',#8124,1000.);
#2234=VECTOR('',#8125,1000.);
#2235=VECTOR('',#8126,1000.);
#2236=VECTOR('',#8129,999.999999999999);
#2237=VECTOR('',#8130,1000.);
#2238=VECTOR('',#8133,1000.);
#2239=VECTOR('',#8136,1000.);
#2240=VECTOR('',#8139,1000.);
#2241=VECTOR('',#8142,1000.);
#2242=VECTOR('',#8145,1000.);
#2243=VECTOR('',#8148,1000.);
#2244=VECTOR('',#8151,1000.);
#2245=VECTOR('',#8156,1000.);
#2246=VECTOR('',#8157,1000.);
#2247=VECTOR('',#8158,1000.);
#2248=VECTOR('',#8161,1000.);
#2249=VECTOR('',#8162,1000.);
#2250=VECTOR('',#8169,1000.);
#2251=VECTOR('',#8170,1000.);
#2252=VECTOR('',#8175,1000.);
#2253=VECTOR('',#8176,999.999999999999);
#2254=VECTOR('',#8179,1000.);
#2255=VECTOR('',#8180,1000.);
#2256=VECTOR('',#8185,1000.);
#2257=VECTOR('',#8188,1000.);
#2258=VECTOR('',#8191,1000.);
#2259=VECTOR('',#8196,1000.);
#2260=VECTOR('',#8201,1000.);
#2261=VECTOR('',#8206,1000.);
#2262=VECTOR('',#8211,1000.);
#2263=VECTOR('',#8216,1000.);
#2264=VECTOR('',#8221,1000.);
#2265=VECTOR('',#8222,1000.);
#2266=VECTOR('',#8225,1000.);
#2267=VECTOR('',#8230,1000.);
#2268=VECTOR('',#8235,1000.);
#2269=VECTOR('',#8242,1000.);
#2270=VECTOR('',#8243,1000.);
#2271=VECTOR('',#8246,999.999999999999);
#2272=VECTOR('',#8247,1000.);
#2273=VECTOR('',#8250,1000.);
#2274=VECTOR('',#8253,1000.);
#2275=VECTOR('',#8256,1000.);
#2276=VECTOR('',#8261,1000.);
#2277=VECTOR('',#8270,1.5);
#2278=VECTOR('',#8277,1.5);
#2279=VECTOR('',#8284,1.5);
#2280=VECTOR('',#8291,1.5);
#2281=VECTOR('',#8298,12.4033548276482);
#2282=VECTOR('',#8307,10.);
#2283=VECTOR('',#8308,1000.);
#2284=VECTOR('',#8309,1000.);
#2285=VECTOR('',#8310,1000.);
#2286=VECTOR('',#8315,1000.);
#2287=VECTOR('',#8320,10.);
#2288=VECTOR('',#8321,1000.);
#2289=VECTOR('',#8322,1000.);
#2290=VECTOR('',#8323,1000.);
#2291=VECTOR('',#8326,10.);
#2292=VECTOR('',#8327,1000.);
#2293=VECTOR('',#8328,1000.);
#2294=VECTOR('',#8331,10.);
#2295=VECTOR('',#8332,1000.);
#2296=VECTOR('',#8333,1000.);
#2297=VECTOR('',#8334,1000.);
#2298=VECTOR('',#8337,10.);
#2299=VECTOR('',#8338,1000.);
#2300=VECTOR('',#8339,1000.);
#2301=VECTOR('',#8342,10.);
#2302=VECTOR('',#8343,1000.);
#2303=VECTOR('',#8344,1000.);
#2304=VECTOR('',#8345,1000.);
#2305=VECTOR('',#8348,10.);
#2306=VECTOR('',#8349,1000.);
#2307=VECTOR('',#8350,1000.);
#2308=VECTOR('',#8353,10.);
#2309=VECTOR('',#8354,999.999999999999);
#2310=VECTOR('',#8355,1000.);
#2311=VECTOR('',#8356,1000.);
#2312=VECTOR('',#8359,10.);
#2313=VECTOR('',#8360,1000.);
#2314=VECTOR('',#8361,999.999999999999);
#2315=VECTOR('',#8386,13.2426379385936);
#2316=VECTOR('',#8393,1.59999999999996);
#2317=VECTOR('',#8400,1.59999999999996);
#2318=VECTOR('',#8411,10.);
#2319=VECTOR('',#8416,1000.);
#2320=VECTOR('',#8421,4.99999999999999);
#2321=VECTOR('',#8428,1000.);
#2322=VECTOR('',#8431,1000.);
#2323=VECTOR('',#8436,1000.);
#2324=VECTOR('',#8439,1000.);
#2325=VECTOR('',#8444,1000.);
#2326=VECTOR('',#8447,1000.);
#2327=VECTOR('',#8452,1.59999999999996);
#2328=VECTOR('',#8459,1.59999999999996);
#2329=VECTOR('',#8466,2.79999999999998);
#2330=VECTOR('',#8473,2.79999999999998);
#2331=VECTOR('',#8480,1.64999999999996);
#2332=VECTOR('',#8487,1.64999999999996);
#2333=VECTOR('',#8492,1000.);
#2334=VECTOR('',#8493,1000.);
#2335=VECTOR('',#8494,1000.);
#2336=VECTOR('',#8497,1000.);
#2337=VECTOR('',#8498,1000.);
#2338=VECTOR('',#8499,1000.);
#2339=VECTOR('',#8500,10.);
#2340=VECTOR('',#8503,10.);
#2341=VECTOR('',#8504,1000.);
#2342=VECTOR('',#8505,1000.);
#2343=VECTOR('',#8506,1000.);
#2344=VECTOR('',#8507,1000.);
#2345=VECTOR('',#8510,1000.);
#2346=VECTOR('',#8511,1000.);
#2347=VECTOR('',#8512,1000.);
#2348=VECTOR('',#8513,1000.);
#2349=VECTOR('',#8514,1000.);
#2350=VECTOR('',#8515,10.);
#2351=VECTOR('',#8516,10.);
#2352=VECTOR('',#8517,1000.);
#2353=VECTOR('',#8518,1000.);
#2354=VECTOR('',#8527,10.);
#2355=VECTOR('',#8530,1000.);
#2356=VECTOR('',#8531,1000.);
#2357=VECTOR('',#8534,1000.);
#2358=VECTOR('',#8537,1000.);
#2359=VECTOR('',#8538,1000.);
#2360=VECTOR('',#8539,1000.);
#2361=VECTOR('',#8542,1000.);
#2362=VECTOR('',#8543,1000.);
#2363=VECTOR('',#8544,1000.);
#2364=VECTOR('',#8545,1000.);
#2365=VECTOR('',#8548,1000.);
#2366=VECTOR('',#8549,1000.);
#2367=VECTOR('',#8550,1000.);
#2368=VECTOR('',#8551,10.);
#2369=VECTOR('',#8554,10.);
#2370=VECTOR('',#8557,1000.);
#2371=VECTOR('',#8558,10.);
#2372=VECTOR('',#8561,1000.);
#2373=VECTOR('',#8562,1000.);
#2374=VECTOR('',#8565,1000.);
#2375=VECTOR('',#8566,1000.);
#2376=VECTOR('',#8567,1000.);
#2377=VECTOR('',#8568,10.);
#2378=VECTOR('',#8571,10.);
#2379=VECTOR('',#8574,1000.);
#2380=VECTOR('',#8575,10.);
#2381=VECTOR('',#8578,10.);
#2382=VECTOR('',#8583,10.);
#2383=VECTOR('',#8586,1000.);
#2384=VECTOR('',#8589,10.);
#2385=VECTOR('',#8590,1000.);
#2386=VECTOR('',#8603,1000.);
#2387=VECTOR('',#8608,1000.);
#2388=VECTOR('',#8611,1000.);
#2389=VECTOR('',#8614,1000.);
#2390=VECTOR('',#8621,1000.);
#2391=VECTOR('',#8630,1000.);
#2392=VECTOR('',#8633,1000.);
#2393=VECTOR('',#8634,1000.);
#2394=VECTOR('',#8635,10.);
#2395=VECTOR('',#8636,1000.);
#2396=VECTOR('',#8637,1000.);
#2397=VECTOR('',#8638,1000.);
#2398=VECTOR('',#8639,1000.);
#2399=VECTOR('',#8646,1000.);
#2400=VECTOR('',#8647,10.);
#2401=VECTOR('',#8648,10.);
#2402=VECTOR('',#8649,1000.);
#2403=VECTOR('',#8650,1000.);
#2404=VECTOR('',#8651,10.);
#2405=VECTOR('',#8652,10.);
#2406=VECTOR('',#8655,1000.);
#2407=VECTOR('',#8656,1000.);
#2408=VECTOR('',#8659,1000.);
#2409=VECTOR('',#8664,1000.);
#2410=VECTOR('',#8667,1000.);
#2411=VECTOR('',#8672,10.);
#2412=VECTOR('',#8677,1000.);
#2413=VECTOR('',#8678,1000.);
#2414=VECTOR('',#8679,10.);
#2415=VECTOR('',#8680,1000.);
#2416=VECTOR('',#8681,1000.);
#2417=VECTOR('',#8686,1000.);
#2418=VECTOR('',#8693,1000.);
#2419=VECTOR('',#8702,1000.);
#2420=VECTOR('',#8703,10.);
#2421=VECTOR('',#8704,1000.);
#2422=VECTOR('',#8705,1000.);
#2423=VECTOR('',#8706,1000.);
#2424=VECTOR('',#8711,10.);
#2425=VECTOR('',#8712,1000.);
#2426=VECTOR('',#8713,1000.);
#2427=VECTOR('',#8714,10.);
#2428=VECTOR('',#8715,1000.);
#2429=VECTOR('',#8716,1000.);
#2430=VECTOR('',#8717,1000.);
#2431=VECTOR('',#8718,10.);
#2432=VECTOR('',#8719,10.);
#2433=VECTOR('',#8720,999.999999999999);
#2434=VECTOR('',#8721,1000.);
#2435=VECTOR('',#8722,999.999999999999);
#2436=VECTOR('',#8725,1000.);
#2437=VECTOR('',#8726,1000.);
#2438=VECTOR('',#8727,1000.);
#2439=VECTOR('',#8730,1000.);
#2440=VECTOR('',#8731,1000.);
#2441=VECTOR('',#8734,10.);
#2442=VECTOR('',#8735,9.99999999999999);
#2443=VECTOR('',#8736,10.);
#2444=VECTOR('',#8737,1000.);
#2445=VECTOR('',#8738,1000.);
#2446=VECTOR('',#8739,1000.);
#2447=VECTOR('',#8742,1000.);
#2448=VECTOR('',#8743,1000.);
#2449=VECTOR('',#8744,10.);
#2450=VECTOR('',#8745,1000.);
#2451=VECTOR('',#8746,1000.);
#2452=VECTOR('',#8747,1000.);
#2453=VECTOR('',#8748,1000.);
#2454=VECTOR('',#8749,10.);
#2455=VECTOR('',#8750,1000.);
#2456=VECTOR('',#8751,1000.);
#2457=VECTOR('',#8752,1000.);
#2458=VECTOR('',#8753,1000.);
#2459=VECTOR('',#8754,1000.);
#2460=VECTOR('',#8759,1000.);
#2461=VECTOR('',#8760,1000.);
#2462=VECTOR('',#8761,1000.);
#2463=VECTOR('',#8762,1000.);
#2464=VECTOR('',#8765,10.);
#2465=VECTOR('',#8766,10.);
#2466=VECTOR('',#8769,1000.);
#2467=VECTOR('',#8772,1000.);
#2468=VECTOR('',#8773,1000.);
#2469=VECTOR('',#8774,1000.);
#2470=VECTOR('',#8775,1000.);
#2471=VECTOR('',#8776,10.);
#2472=VECTOR('',#8777,10.);
#2473=VECTOR('',#8780,1000.);
#2474=VECTOR('',#8781,10.);
#2475=VECTOR('',#8782,10.);
#2476=VECTOR('',#8785,10.);
#2477=VECTOR('',#8786,10.);
#2478=VECTOR('',#8787,10.);
#2479=VECTOR('',#8788,10.);
#2480=VECTOR('',#8789,10.);
#2481=VECTOR('',#8790,1000.);
#2482=VECTOR('',#8791,10.);
#2483=VECTOR('',#8794,1000.);
#2484=VECTOR('',#8795,1000.);
#2485=VECTOR('',#8800,1000.);
#2486=VECTOR('',#8801,10.);
#2487=VECTOR('',#8804,1000.);
#2488=VECTOR('',#8805,1000.);
#2489=VECTOR('',#8806,1000.);
#2490=VECTOR('',#8807,1000.);
#2491=VECTOR('',#8810,10.);
#2492=VECTOR('',#8811,10.);
#2493=VECTOR('',#8812,10.);
#2494=VECTOR('',#8813,10.);
#2495=VECTOR('',#8814,1000.);
#2496=VECTOR('',#8815,10.);
#2497=VECTOR('',#8816,1000.);
#2498=VECTOR('',#8817,10.);
#2499=VECTOR('',#8820,10.);
#2500=VECTOR('',#8821,1000.);
#2501=VECTOR('',#8822,1000.);
#2502=VECTOR('',#8825,1000.);
#2503=VECTOR('',#8826,1000.);
#2504=VECTOR('',#8833,1000.);
#2505=VECTOR('',#8834,10.);
#2506=VECTOR('',#8837,1000.);
#2507=VECTOR('',#8838,1000.);
#2508=VECTOR('',#8841,1000.);
#2509=VECTOR('',#8842,1000.);
#2510=VECTOR('',#8843,10.);
#2511=VECTOR('',#8844,1000.);
#2512=VECTOR('',#8847,10.);
#2513=VECTOR('',#8850,1000.);
#2514=VECTOR('',#8861,1000.);
#2515=VECTOR('',#8862,1000.);
#2516=VECTOR('',#8865,1000.);
#2517=VECTOR('',#8866,1000.);
#2518=VECTOR('',#8867,1000.);
#2519=VECTOR('',#8868,1000.);
#2520=VECTOR('',#8869,1000.);
#2521=VECTOR('',#8870,1000.);
#2522=VECTOR('',#8871,1000.);
#2523=VECTOR('',#8872,1000.);
#2524=VECTOR('',#8873,1000.);
#2525=VECTOR('',#8874,1000.);
#2526=VECTOR('',#8875,1000.);
#2527=VECTOR('',#8876,1000.);
#2528=VECTOR('',#8877,1000.);
#2529=VECTOR('',#8878,1000.);
#2530=VECTOR('',#8879,1000.);
#2531=VECTOR('',#8882,1000.);
#2532=VECTOR('',#8883,1000.);
#2533=VECTOR('',#8886,10.);
#2534=VECTOR('',#8887,1000.);
#2535=VECTOR('',#8888,1000.);
#2536=VECTOR('',#8889,1000.);
#2537=VECTOR('',#8892,1000.);
#2538=VECTOR('',#8893,1000.);
#2539=VECTOR('',#8896,1000.);
#2540=VECTOR('',#8899,1000.);
#2541=VECTOR('',#8904,1000.);
#2542=VECTOR('',#8907,10.);
#2543=VECTOR('',#8910,1000.);
#2544=VECTOR('',#8915,10.);
#2545=VECTOR('',#8918,1000.);
#2546=VECTOR('',#8919,1000.);
#2547=VECTOR('',#8920,1000.);
#2548=VECTOR('',#8921,1000.);
#2549=VECTOR('',#8922,1000.);
#2550=VECTOR('',#8923,1000.);
#2551=VECTOR('',#8926,1000.);
#2552=VECTOR('',#8927,1000.);
#2553=VECTOR('',#8928,1000.);
#2554=VECTOR('',#8929,1000.);
#2555=VECTOR('',#8930,1000.);
#2556=VECTOR('',#8931,1000.);
#2557=VECTOR('',#8934,1000.);
#2558=VECTOR('',#8935,10.);
#2559=VECTOR('',#8938,1000.);
#2560=VECTOR('',#8941,1000.);
#2561=VECTOR('',#8942,1000.);
#2562=VECTOR('',#8945,1000.);
#2563=VECTOR('',#8950,1000.);
#2564=VECTOR('',#8953,10.);
#2565=VECTOR('',#8954,1000.);
#2566=VECTOR('',#8955,10.);
#2567=VECTOR('',#8956,10.);
#2568=VECTOR('',#8959,10.);
#2569=VECTOR('',#8960,1000.);
#2570=VECTOR('',#8963,1000.);
#2571=VECTOR('',#8964,10.);
#2572=VECTOR('',#8967,1000.);
#2573=VECTOR('',#8968,10.);
#2574=VECTOR('',#8969,1000.);
#2575=VECTOR('',#8970,1000.);
#2576=VECTOR('',#8971,1000.);
#2577=VECTOR('',#8972,1000.);
#2578=VECTOR('',#8973,1000.);
#2579=VECTOR('',#8974,1000.);
#2580=VECTOR('',#8975,1000.);
#2581=VECTOR('',#8976,1000.);
#2582=VECTOR('',#8977,1000.);
#2583=VECTOR('',#8978,1000.);
#2584=VECTOR('',#8979,999.999999999999);
#2585=VECTOR('',#8980,1000.);
#2586=VECTOR('',#8983,1000.);
#2587=VECTOR('',#8984,10.);
#2588=VECTOR('',#8985,1000.);
#2589=VECTOR('',#8988,1000.);
#2590=VECTOR('',#8991,1000.);
#2591=VECTOR('',#8992,1000.);
#2592=VECTOR('',#8995,1000.);
#2593=VECTOR('',#8998,1000.);
#2594=VECTOR('',#8999,10.);
#2595=VECTOR('',#9000,10.);
#2596=VECTOR('',#9003,10.);
#2597=VECTOR('',#9018,10.);
#2598=VECTOR('',#9019,1000.);
#2599=VECTOR('',#9020,1000.);
#2600=VECTOR('',#9021,1000.);
#2601=VECTOR('',#9024,10.);
#2602=VECTOR('',#9029,10.);
#2603=VECTOR('',#9032,10.);
#2604=VECTOR('',#9037,1000.);
#2605=VECTOR('',#9038,1000.);
#2606=VECTOR('',#9041,10.);
#2607=VECTOR('',#9042,10.);
#2608=VECTOR('',#9045,1000.);
#2609=VECTOR('',#9048,1000.);
#2610=VECTOR('',#9051,10.);
#2611=VECTOR('',#9054,1000.);
#2612=VECTOR('',#9059,1000.);
#2613=VECTOR('',#9060,1000.);
#2614=VECTOR('',#9063,1000.);
#2615=VECTOR('',#9066,10.);
#2616=VECTOR('',#9069,1000.);
#2617=VECTOR('',#9072,1000.);
#2618=VECTOR('',#9079,1000.);
#2619=VECTOR('',#9082,1000.);
#2620=VECTOR('',#9085,1000.);
#2621=VECTOR('',#9092,1000.);
#2622=VECTOR('',#9097,1000.);
#2623=VECTOR('',#9102,1000.);
#2624=VECTOR('',#9103,1000.);
#2625=VECTOR('',#9106,1000.);
#2626=VECTOR('',#9107,10.);
#2627=VECTOR('',#9114,10.);
#2628=VECTOR('',#9115,10.);
#2629=VECTOR('',#9116,10.);
#2630=VECTOR('',#9119,1000.);
#2631=VECTOR('',#9120,999.999999999999);
#2632=VECTOR('',#9123,10.);
#2633=VECTOR('',#9124,1000.);
#2634=VECTOR('',#9127,10.);
#2635=VECTOR('',#9128,10.);
#2636=VECTOR('',#9131,1000.);
#2637=VECTOR('',#9132,999.999999999999);
#2638=VECTOR('',#9135,1000.);
#2639=VECTOR('',#9138,10.);
#2640=VECTOR('',#9139,10.);
#2641=VECTOR('',#9140,10.);
#2642=VECTOR('',#9143,1000.);
#2643=VECTOR('',#9144,999.999999999999);
#2644=VECTOR('',#9147,10.);
#2645=VECTOR('',#9148,1000.);
#2646=VECTOR('',#9151,10.);
#2647=VECTOR('',#9152,10.);
#2648=VECTOR('',#9155,1000.);
#2649=VECTOR('',#9156,999.999999999999);
#2650=VECTOR('',#9159,1000.);
#2651=VECTOR('',#9162,1000.);
#2652=VECTOR('',#9165,1000.);
#2653=VECTOR('',#9170,1000.);
#2654=VECTOR('',#9181,10.);
#2655=CIRCLE('',#6883,1.59999999999998);
#2656=CIRCLE('',#6884,1.59999999999998);
#2657=CIRCLE('',#6886,1.59999999999998);
#2658=CIRCLE('',#6887,1.59999999999998);
#2659=CIRCLE('',#6889,1.64999999999996);
#2660=CIRCLE('',#6890,1.64999999999996);
#2661=CIRCLE('',#6892,1.64999999999996);
#2662=CIRCLE('',#6893,1.64999999999996);
#2663=CIRCLE('',#6900,2.80000000000005);
#2664=CIRCLE('',#6901,2.80000000000005);
#2665=CIRCLE('',#6905,2.80000000000005);
#2666=CIRCLE('',#6907,2.80000000000005);
#2667=CIRCLE('',#6908,2.80000000000005);
#2668=CIRCLE('',#6910,2.69715014943513);
#2669=CIRCLE('',#6913,2.80000000000005);
#2670=CIRCLE('',#6915,2.69999999999999);
#2671=CIRCLE('',#6916,2.69999999999999);
#2672=CIRCLE('',#6918,2.69999999999999);
#2673=CIRCLE('',#6919,2.69999999999999);
#2674=CIRCLE('',#6921,1.59999999999998);
#2675=CIRCLE('',#6922,1.59999999999998);
#2676=CIRCLE('',#6924,1.59999999999998);
#2677=CIRCLE('',#6925,1.59999999999998);
#2678=CIRCLE('',#6927,1.59999999999998);
#2679=CIRCLE('',#6928,1.59999999999998);
#2680=CIRCLE('',#6930,1.59999999999998);
#2681=CIRCLE('',#6931,1.59999999999998);
#2682=CIRCLE('',#6933,1.59999999999998);
#2683=CIRCLE('',#6934,1.59999999999998);
#2684=CIRCLE('',#6936,1.59999999999998);
#2685=CIRCLE('',#6937,1.59999999999998);
#2686=CIRCLE('',#6939,1.59999999999998);
#2687=CIRCLE('',#6940,1.59999999999998);
#2688=CIRCLE('',#6942,1.59999999999998);
#2689=CIRCLE('',#6943,1.59999999999998);
#2690=CIRCLE('',#6945,1.59999999999998);
#2691=CIRCLE('',#6946,1.59999999999998);
#2692=CIRCLE('',#6950,2.99999999999995);
#2693=CIRCLE('',#6951,2.99999999999995);
#2694=CIRCLE('',#6955,2.99999999999995);
#2695=CIRCLE('',#6956,2.99999999999995);
#2696=CIRCLE('',#6959,2.99999999999995);
#2697=CIRCLE('',#6962,2.99999999999995);
#2698=CIRCLE('',#6976,2.99999999999995);
#2699=CIRCLE('',#6977,2.99999999999995);
#2700=CIRCLE('',#6984,3.00000000000021);
#2701=CIRCLE('',#6988,0.999999999999946);
#2702=CIRCLE('',#6989,2.69999999999999);
#2703=CIRCLE('',#6990,10.);
#2704=CIRCLE('',#6991,10.);
#2705=CIRCLE('',#6992,2.69999999999999);
#2706=CIRCLE('',#6998,10.);
#2707=CIRCLE('',#6999,10.);
#2708=CIRCLE('',#7000,10.);
#2709=CIRCLE('',#7009,10.);
#2710=CIRCLE('',#7010,3.99999999732371);
#2711=CIRCLE('',#7011,3.99999999771486);
#2712=CIRCLE('',#7013,10.);
#2713=CIRCLE('',#7017,10.);
#2714=CIRCLE('',#7019,10.);
#2715=CIRCLE('',#7020,10.);
#2716=CIRCLE('',#7021,3.9999999971857);
#2717=CIRCLE('',#7022,3.99999999774916);
#2718=CIRCLE('',#7024,10.);
#2719=CIRCLE('',#7025,10.);
#2720=CIRCLE('',#7026,10.);
#2721=CIRCLE('',#7027,10.);
#2722=CIRCLE('',#7029,2.69999999999999);
#2723=CIRCLE('',#7030,2.69999999999999);
#2724=CIRCLE('',#7031,2.69999999999999);
#2725=CIRCLE('',#7032,0.999999999999946);
#2726=CIRCLE('',#7033,2.69999999999999);
#2727=CIRCLE('',#7034,2.69999999999999);
#2728=CIRCLE('',#7038,2.69999999999999);
#2729=CIRCLE('',#7057,0.999999999999946);
#2730=CIRCLE('',#7060,2.69999999999999);
#2731=CIRCLE('',#7064,2.69999999999999);
#2732=CIRCLE('',#7068,2.99999999999995);
#2733=CIRCLE('',#7069,2.99999999999995);
#2734=CIRCLE('',#7075,2.9999999995395);
#2735=CIRCLE('',#7079,2.99999999982581);
#2736=CIRCLE('',#7087,2.99999999980195);
#2737=CIRCLE('',#7091,2.99999999962994);
#2738=CIRCLE('',#7093,2.69999999999999);
#2739=CIRCLE('',#7094,2.69999999999999);
#2740=CIRCLE('',#7095,0.999999999999946);
#2741=CIRCLE('',#7108,2.69999999999999);
#2742=CIRCLE('',#7136,2.99999999999995);
#2743=CIRCLE('',#7137,2.99999999999995);
#2744=CIRCLE('',#7146,1.5);
#2745=CIRCLE('',#7147,1.5);
#2746=CIRCLE('',#7149,1.5);
#2747=CIRCLE('',#7150,1.5);
#2748=CIRCLE('',#7152,1.5);
#2749=CIRCLE('',#7153,1.5);
#2750=CIRCLE('',#7155,1.5);
#2751=CIRCLE('',#7156,1.5);
#2752=CIRCLE('',#7158,12.4033548276482);
#2753=CIRCLE('',#7159,12.4033548276482);
#2754=CIRCLE('',#7164,3.00000000000003);
#2755=CIRCLE('',#7165,3.00000000000002);
#2756=CIRCLE('',#7175,3.);
#2757=CIRCLE('',#7176,6.99999999978814);
#2758=CIRCLE('',#7177,3.);
#2759=CIRCLE('',#7179,3.);
#2760=CIRCLE('',#7180,7.0000000002601);
#2761=CIRCLE('',#7181,2.9999999999999);
#2762=CIRCLE('',#7182,3.);
#2763=CIRCLE('',#7183,3.00000000000002);
#2764=CIRCLE('',#7185,11.2426406869999);
#2765=CIRCLE('',#7186,13.2426379385936);
#2766=CIRCLE('',#7188,1.59999999999996);
#2767=CIRCLE('',#7189,1.59999999999996);
#2768=CIRCLE('',#7191,1.59999999999996);
#2769=CIRCLE('',#7192,1.59999999999996);
#2770=CIRCLE('',#7194,1.59999999999996);
#2771=CIRCLE('',#7196,2.);
#2772=CIRCLE('',#7197,1.99999999999998);
#2773=CIRCLE('',#7198,1.99999999999996);
#2774=CIRCLE('',#7200,4.99999999999998);
#2775=CIRCLE('',#7201,5.00000000000001);
#2776=CIRCLE('',#7203,1.);
#2777=CIRCLE('',#7204,1.00000000000002);
#2778=CIRCLE('',#7206,1.);
#2779=CIRCLE('',#7207,1.00000000000002);
#2780=CIRCLE('',#7209,2.);
#2781=CIRCLE('',#7212,1.59999999999975);
#2782=CIRCLE('',#7213,1.59999999999987);
#2783=CIRCLE('',#7215,1.59999999999975);
#2784=CIRCLE('',#7216,1.59999999999977);
#2785=CIRCLE('',#7218,2.79999999999994);
#2786=CIRCLE('',#7219,2.79999999999992);
#2787=CIRCLE('',#7221,2.79999999999994);
#2788=CIRCLE('',#7222,2.79999999999978);
#2789=CIRCLE('',#7224,1.65000000000007);
#2790=CIRCLE('',#7225,1.65000000000009);
#2791=CIRCLE('',#7227,1.65000000000001);
#2792=CIRCLE('',#7228,1.65000000000006);
#2793=CIRCLE('',#7231,0.800003655775643);
#2794=CIRCLE('',#7232,5.00000000955181);
#2795=CIRCLE('',#7233,3.00000000000003);
#2796=CIRCLE('',#7234,3.00000000000003);
#2797=CIRCLE('',#7235,3.00000000000003);
#2798=CIRCLE('',#7236,3.00000000000003);
#2799=CIRCLE('',#7242,0.799999122905519);
#2800=CIRCLE('',#7253,3.);
#2801=CIRCLE('',#7255,2.99999999999997);
#2802=CIRCLE('',#7256,7.99999999999845);
#2803=CIRCLE('',#7257,3.00000000000001);
#2804=CIRCLE('',#7267,70.006662227458);
#2805=CIRCLE('',#7268,3.00000000000044);
#2806=CIRCLE('',#7274,0.800003669191282);
#2807=CIRCLE('',#7285,70.0134848531979);
#2808=CIRCLE('',#7286,70.0013102176344);
#2809=CIRCLE('',#7289,15.6680727071514);
#2810=CIRCLE('',#7290,15.667669144219);
#2811=CIRCLE('',#7295,1.);
#2812=CIRCLE('',#7307,2.00000000000001);
#2813=CIRCLE('',#7313,2.00000000000006);
#2814=CIRCLE('',#7319,3.00000000000007);
#2815=CIRCLE('',#7320,2.99999999999994);
#2816=CIRCLE('',#7321,3.00000000000013);
#2817=CIRCLE('',#7322,3.00000000000016);
#2818=CIRCLE('',#7327,1.);
#2819=CIRCLE('',#7329,1.00000000000002);
#2820=CIRCLE('',#7342,4859.11940312626);
#2821=CIRCLE('',#7344,2.9999999999999);
#2822=CIRCLE('',#7347,3.00000000000018);
#2823=CIRCLE('',#7349,3.);
#2824=CIRCLE('',#7352,3.00000000000005);
#2825=CIRCLE('',#7381,0.99999999999989);
#2826=VERTEX_POINT('',#9190);
#2827=VERTEX_POINT('',#9192);
#2828=VERTEX_POINT('',#9196);
#2829=VERTEX_POINT('',#9198);
#2830=VERTEX_POINT('',#9202);
#2831=VERTEX_POINT('',#9204);
#2832=VERTEX_POINT('',#9208);
#2833=VERTEX_POINT('',#9210);
#2834=VERTEX_POINT('',#9214);
#2835=VERTEX_POINT('',#9215);
#2836=VERTEX_POINT('',#9234);
#2837=VERTEX_POINT('',#9236);
#2838=VERTEX_POINT('',#9238);
#2839=VERTEX_POINT('',#9251);
#2840=VERTEX_POINT('',#9252);
#2841=VERTEX_POINT('',#9263);
#2842=VERTEX_POINT('',#9265);
#2843=VERTEX_POINT('',#9267);
#2844=VERTEX_POINT('',#9271);
#2845=VERTEX_POINT('',#9273);
#2846=VERTEX_POINT('',#9275);
#2847=VERTEX_POINT('',#9277);
#2848=VERTEX_POINT('',#9279);
#2849=VERTEX_POINT('',#9281);
#2850=VERTEX_POINT('',#9285);
#2851=VERTEX_POINT('',#9287);
#2852=VERTEX_POINT('',#9289);
#2853=VERTEX_POINT('',#9291);
#2854=VERTEX_POINT('',#9293);
#2855=VERTEX_POINT('',#9295);
#2856=VERTEX_POINT('',#9297);
#2857=VERTEX_POINT('',#9301);
#2858=VERTEX_POINT('',#9302);
#2859=VERTEX_POINT('',#9304);
#2860=VERTEX_POINT('',#9306);
#2861=VERTEX_POINT('',#9310);
#2862=VERTEX_POINT('',#9311);
#2863=VERTEX_POINT('',#9313);
#2864=VERTEX_POINT('',#9315);
#2865=VERTEX_POINT('',#9319);
#2866=VERTEX_POINT('',#9320);
#2867=VERTEX_POINT('',#9322);
#2868=VERTEX_POINT('',#9324);
#2869=VERTEX_POINT('',#9328);
#2870=VERTEX_POINT('',#9329);
#2871=VERTEX_POINT('',#9331);
#2872=VERTEX_POINT('',#9333);
#2873=VERTEX_POINT('',#9337);
#2874=VERTEX_POINT('',#9338);
#2875=VERTEX_POINT('',#9340);
#2876=VERTEX_POINT('',#9342);
#2877=VERTEX_POINT('',#9346);
#2878=VERTEX_POINT('',#9347);
#2879=VERTEX_POINT('',#9349);
#2880=VERTEX_POINT('',#9351);
#2881=VERTEX_POINT('',#9355);
#2882=VERTEX_POINT('',#9356);
#2883=VERTEX_POINT('',#9358);
#2884=VERTEX_POINT('',#9360);
#2885=VERTEX_POINT('',#9364);
#2886=VERTEX_POINT('',#9365);
#2887=VERTEX_POINT('',#9367);
#2888=VERTEX_POINT('',#9369);
#2889=VERTEX_POINT('',#9373);
#2890=VERTEX_POINT('',#9374);
#2891=VERTEX_POINT('',#9376);
#2892=VERTEX_POINT('',#9378);
#2893=VERTEX_POINT('',#9382);
#2894=VERTEX_POINT('',#9383);
#2895=VERTEX_POINT('',#9385);
#2896=VERTEX_POINT('',#9387);
#2897=VERTEX_POINT('',#9391);
#2898=VERTEX_POINT('',#9392);
#2899=VERTEX_POINT('',#9394);
#2900=VERTEX_POINT('',#9396);
#2901=VERTEX_POINT('',#9400);
#2902=VERTEX_POINT('',#9401);
#2903=VERTEX_POINT('',#9403);
#2904=VERTEX_POINT('',#9405);
#2905=VERTEX_POINT('',#9409);
#2906=VERTEX_POINT('',#9411);
#2907=VERTEX_POINT('',#9415);
#2908=VERTEX_POINT('',#9417);
#2909=VERTEX_POINT('',#9419);
#2910=VERTEX_POINT('',#9421);
#2911=VERTEX_POINT('',#9423);
#2912=VERTEX_POINT('',#9425);
#2913=VERTEX_POINT('',#9429);
#2914=VERTEX_POINT('',#9430);
#2915=VERTEX_POINT('',#9432);
#2916=VERTEX_POINT('',#9434);
#2917=VERTEX_POINT('',#9437);
#2918=VERTEX_POINT('',#9439);
#2919=VERTEX_POINT('',#9441);
#2920=VERTEX_POINT('',#9443);
#2921=VERTEX_POINT('',#9445);
#2922=VERTEX_POINT('',#9448);
#2923=VERTEX_POINT('',#9450);
#2924=VERTEX_POINT('',#9454);
#2925=VERTEX_POINT('',#9456);
#2926=VERTEX_POINT('',#9458);
#2927=VERTEX_POINT('',#9460);
#2928=VERTEX_POINT('',#9464);
#2929=VERTEX_POINT('',#9465);
#2930=VERTEX_POINT('',#9477);
#2931=VERTEX_POINT('',#9479);
#2932=VERTEX_POINT('',#9490);
#2933=VERTEX_POINT('',#9494);
#2934=VERTEX_POINT('',#9498);
#2935=VERTEX_POINT('',#9502);
#2936=VERTEX_POINT('',#9504);
#2937=VERTEX_POINT('',#9511);
#2938=VERTEX_POINT('',#9515);
#2939=VERTEX_POINT('',#9522);
#2940=VERTEX_POINT('',#9533);
#2941=VERTEX_POINT('',#9535);
#2942=VERTEX_POINT('',#9537);
#2943=VERTEX_POINT('',#9541);
#2944=VERTEX_POINT('',#9543);
#2945=VERTEX_POINT('',#9545);
#2946=VERTEX_POINT('',#9547);
#2947=VERTEX_POINT('',#9549);
#2948=VERTEX_POINT('',#9551);
#2949=VERTEX_POINT('',#9553);
#2950=VERTEX_POINT('',#9555);
#2951=VERTEX_POINT('',#9558);
#2952=VERTEX_POINT('',#9569);
#2953=VERTEX_POINT('',#9570);
#2954=VERTEX_POINT('',#9582);
#2955=VERTEX_POINT('',#9584);
#2956=VERTEX_POINT('',#9586);
#2957=VERTEX_POINT('',#9588);
#2958=VERTEX_POINT('',#9590);
#2959=VERTEX_POINT('',#9595);
#2960=VERTEX_POINT('',#9599);
#2961=VERTEX_POINT('',#9601);
#2962=VERTEX_POINT('',#9603);
#2963=VERTEX_POINT('',#9605);
#2964=VERTEX_POINT('',#9607);
#2965=VERTEX_POINT('',#9611);
#2966=VERTEX_POINT('',#9613);
#2967=VERTEX_POINT('',#9615);
#2968=VERTEX_POINT('',#9624);
#2969=VERTEX_POINT('',#9626);
#2970=VERTEX_POINT('',#9628);
#2971=VERTEX_POINT('',#9630);
#2972=VERTEX_POINT('',#9636);
#2973=VERTEX_POINT('',#9637);
#2974=VERTEX_POINT('',#9640);
#2975=VERTEX_POINT('',#9642);
#2976=VERTEX_POINT('',#9644);
#2977=VERTEX_POINT('',#9646);
#2978=VERTEX_POINT('',#9649);
#2979=VERTEX_POINT('',#9651);
#2980=VERTEX_POINT('',#9659);
#2981=VERTEX_POINT('',#9660);
#2982=VERTEX_POINT('',#9683);
#2983=VERTEX_POINT('',#9685);
#2984=VERTEX_POINT('',#9694);
#2985=VERTEX_POINT('',#10089);
#2986=VERTEX_POINT('',#10108);
#2987=VERTEX_POINT('',#10115);
#2988=VERTEX_POINT('',#10145);
#2989=VERTEX_POINT('',#10146);
#2990=VERTEX_POINT('',#10148);
#2991=VERTEX_POINT('',#10150);
#2992=VERTEX_POINT('',#10152);
#2993=VERTEX_POINT('',#10154);
#2994=VERTEX_POINT('',#10158);
#2995=VERTEX_POINT('',#10159);
#2996=VERTEX_POINT('',#10161);
#2997=VERTEX_POINT('',#10163);
#2998=VERTEX_POINT('',#10165);
#2999=VERTEX_POINT('',#10167);
#3000=VERTEX_POINT('',#10346);
#3001=VERTEX_POINT('',#10347);
#3002=VERTEX_POINT('',#10349);
#3003=VERTEX_POINT('',#10351);
#3004=VERTEX_POINT('',#10353);
#3005=VERTEX_POINT('',#10356);
#3006=VERTEX_POINT('',#10358);
#3007=VERTEX_POINT('',#10360);
#3008=VERTEX_POINT('',#10363);
#3009=VERTEX_POINT('',#10366);
#3010=VERTEX_POINT('',#10370);
#3011=VERTEX_POINT('',#10371);
#3012=VERTEX_POINT('',#10374);
#3013=VERTEX_POINT('',#10376);
#3014=VERTEX_POINT('',#10380);
#3015=VERTEX_POINT('',#10381);
#3016=VERTEX_POINT('',#10384);
#3017=VERTEX_POINT('',#10386);
#3018=VERTEX_POINT('',#10407);
#3019=VERTEX_POINT('',#10408);
#3020=VERTEX_POINT('',#10411);
#3021=VERTEX_POINT('',#10413);
#3022=VERTEX_POINT('',#10415);
#3023=VERTEX_POINT('',#10417);
#3024=VERTEX_POINT('',#10419);
#3025=VERTEX_POINT('',#10422);
#3026=VERTEX_POINT('',#10425);
#3027=VERTEX_POINT('',#10428);
#3028=VERTEX_POINT('',#10431);
#3029=VERTEX_POINT('',#10434);
#3030=VERTEX_POINT('',#10438);
#3031=VERTEX_POINT('',#10440);
#3032=VERTEX_POINT('',#10448);
#3033=VERTEX_POINT('',#10450);
#3034=VERTEX_POINT('',#10452);
#3035=VERTEX_POINT('',#10456);
#3036=VERTEX_POINT('',#10458);
#3037=VERTEX_POINT('',#10460);
#3038=VERTEX_POINT('',#10462);
#3039=VERTEX_POINT('',#10464);
#3040=VERTEX_POINT('',#10466);
#3041=VERTEX_POINT('',#10468);
#3042=VERTEX_POINT('',#10470);
#3043=VERTEX_POINT('',#10472);
#3044=VERTEX_POINT('',#10474);
#3045=VERTEX_POINT('',#10477);
#3046=VERTEX_POINT('',#10480);
#3047=VERTEX_POINT('',#10483);
#3048=VERTEX_POINT('',#10486);
#3049=VERTEX_POINT('',#10490);
#3050=VERTEX_POINT('',#10492);
#3051=VERTEX_POINT('',#10494);
#3052=VERTEX_POINT('',#10496);
#3053=VERTEX_POINT('',#10498);
#3054=VERTEX_POINT('',#10500);
#3055=VERTEX_POINT('',#10502);
#3056=VERTEX_POINT('',#10506);
#3057=VERTEX_POINT('',#10508);
#3058=VERTEX_POINT('',#10510);
#3059=VERTEX_POINT('',#10513);
#3060=VERTEX_POINT('',#10515);
#3061=VERTEX_POINT('',#10517);
#3062=VERTEX_POINT('',#10519);
#3063=VERTEX_POINT('',#10521);
#3064=VERTEX_POINT('',#10523);
#3065=VERTEX_POINT('',#10526);
#3066=VERTEX_POINT('',#10528);
#3067=VERTEX_POINT('',#10548);
#3068=VERTEX_POINT('',#10551);
#3069=VERTEX_POINT('',#10552);
#3070=VERTEX_POINT('',#10554);
#3071=VERTEX_POINT('',#10559);
#3072=VERTEX_POINT('',#10572);
#3073=VERTEX_POINT('',#10574);
#3074=VERTEX_POINT('',#10590);
#3075=VERTEX_POINT('',#10821);
#3076=VERTEX_POINT('',#10828);
#3077=VERTEX_POINT('',#10834);
#3078=VERTEX_POINT('',#10840);
#3079=VERTEX_POINT('',#10842);
#3080=VERTEX_POINT('',#10846);
#3081=VERTEX_POINT('',#10850);
#3082=VERTEX_POINT('',#10856);
#3083=VERTEX_POINT('',#10860);
#3084=VERTEX_POINT('',#10868);
#3085=VERTEX_POINT('',#10870);
#3086=VERTEX_POINT('',#10872);
#3087=VERTEX_POINT('',#10874);
#3088=VERTEX_POINT('',#10876);
#3089=VERTEX_POINT('',#10881);
#3090=VERTEX_POINT('',#10884);
#3091=VERTEX_POINT('',#10891);
#3092=VERTEX_POINT('',#10897);
#3093=VERTEX_POINT('',#10901);
#3094=VERTEX_POINT('',#10905);
#3095=VERTEX_POINT('',#10909);
#3096=VERTEX_POINT('',#10921);
#3097=VERTEX_POINT('',#10923);
#3098=VERTEX_POINT('',#10930);
#3099=VERTEX_POINT('',#10931);
#3100=VERTEX_POINT('',#10938);
#3101=VERTEX_POINT('',#10942);
#3102=VERTEX_POINT('',#10946);
#3103=VERTEX_POINT('',#10952);
#3104=VERTEX_POINT('',#10953);
#3105=VERTEX_POINT('',#10955);
#3106=VERTEX_POINT('',#10958);
#3107=VERTEX_POINT('',#10960);
#3108=VERTEX_POINT('',#10962);
#3109=VERTEX_POINT('',#10965);
#3110=VERTEX_POINT('',#10968);
#3111=VERTEX_POINT('',#10972);
#3112=VERTEX_POINT('',#10991);
#3113=VERTEX_POINT('',#10992);
#3114=VERTEX_POINT('',#10997);
#3115=VERTEX_POINT('',#11003);
#3116=VERTEX_POINT('',#11008);
#3117=VERTEX_POINT('',#11012);
#3118=VERTEX_POINT('',#11039);
#3119=VERTEX_POINT('',#11052);
#3120=VERTEX_POINT('',#11054);
#3121=VERTEX_POINT('',#11056);
#3122=VERTEX_POINT('',#11059);
#3123=VERTEX_POINT('',#11074);
#3124=VERTEX_POINT('',#11076);
#3125=VERTEX_POINT('',#11080);
#3126=VERTEX_POINT('',#11082);
#3127=VERTEX_POINT('',#11086);
#3128=VERTEX_POINT('',#11088);
#3129=VERTEX_POINT('',#11092);
#3130=VERTEX_POINT('',#11094);
#3131=VERTEX_POINT('',#11098);
#3132=VERTEX_POINT('',#11100);
#3133=VERTEX_POINT('',#11106);
#3134=VERTEX_POINT('',#11107);
#3135=VERTEX_POINT('',#11109);
#3136=VERTEX_POINT('',#11111);
#3137=VERTEX_POINT('',#11115);
#3138=VERTEX_POINT('',#11117);
#3139=VERTEX_POINT('',#11121);
#3140=VERTEX_POINT('',#11122);
#3141=VERTEX_POINT('',#11124);
#3142=VERTEX_POINT('',#11126);
#3143=VERTEX_POINT('',#11130);
#3144=VERTEX_POINT('',#11132);
#3145=VERTEX_POINT('',#11136);
#3146=VERTEX_POINT('',#11137);
#3147=VERTEX_POINT('',#11139);
#3148=VERTEX_POINT('',#11141);
#3149=VERTEX_POINT('',#11145);
#3150=VERTEX_POINT('',#11147);
#3151=VERTEX_POINT('',#11151);
#3152=VERTEX_POINT('',#11152);
#3153=VERTEX_POINT('',#11154);
#3154=VERTEX_POINT('',#11156);
#3155=VERTEX_POINT('',#11160);
#3156=VERTEX_POINT('',#11162);
#3157=VERTEX_POINT('',#11166);
#3158=VERTEX_POINT('',#11167);
#3159=VERTEX_POINT('',#11169);
#3160=VERTEX_POINT('',#11171);
#3161=VERTEX_POINT('',#11175);
#3162=VERTEX_POINT('',#11177);
#3163=VERTEX_POINT('',#11181);
#3164=VERTEX_POINT('',#11182);
#3165=VERTEX_POINT('',#11184);
#3166=VERTEX_POINT('',#11186);
#3167=VERTEX_POINT('',#11220);
#3168=VERTEX_POINT('',#11221);
#3169=VERTEX_POINT('',#11223);
#3170=VERTEX_POINT('',#11225);
#3171=VERTEX_POINT('',#11227);
#3172=VERTEX_POINT('',#11229);
#3173=VERTEX_POINT('',#11304);
#3174=VERTEX_POINT('',#11306);
#3175=VERTEX_POINT('',#11310);
#3176=VERTEX_POINT('',#11312);
#3177=VERTEX_POINT('',#11316);
#3178=VERTEX_POINT('',#11318);
#3179=VERTEX_POINT('',#11320);
#3180=VERTEX_POINT('',#11322);
#3181=VERTEX_POINT('',#11326);
#3182=VERTEX_POINT('',#11327);
#3183=VERTEX_POINT('',#11329);
#3184=VERTEX_POINT('',#11331);
#3185=VERTEX_POINT('',#11333);
#3186=VERTEX_POINT('',#11341);
#3187=VERTEX_POINT('',#11345);
#3188=VERTEX_POINT('',#11347);
#3189=VERTEX_POINT('',#11351);
#3190=VERTEX_POINT('',#11352);
#3191=VERTEX_POINT('',#11354);
#3192=VERTEX_POINT('',#11356);
#3193=VERTEX_POINT('',#11360);
#3194=VERTEX_POINT('',#11361);
#3195=VERTEX_POINT('',#11363);
#3196=VERTEX_POINT('',#11365);
#3197=VERTEX_POINT('',#11369);
#3198=VERTEX_POINT('',#11370);
#3199=VERTEX_POINT('',#11372);
#3200=VERTEX_POINT('',#11374);
#3201=VERTEX_POINT('',#11378);
#3202=VERTEX_POINT('',#11380);
#3203=VERTEX_POINT('',#11384);
#3204=VERTEX_POINT('',#11386);
#3205=VERTEX_POINT('',#11390);
#3206=VERTEX_POINT('',#11392);
#3207=VERTEX_POINT('',#11396);
#3208=VERTEX_POINT('',#11398);
#3209=VERTEX_POINT('',#11402);
#3210=VERTEX_POINT('',#11404);
#3211=VERTEX_POINT('',#11408);
#3212=VERTEX_POINT('',#11410);
#3213=VERTEX_POINT('',#11414);
#3214=VERTEX_POINT('',#11415);
#3215=VERTEX_POINT('',#11417);
#3216=VERTEX_POINT('',#11419);
#3217=VERTEX_POINT('',#11421);
#3218=VERTEX_POINT('',#11423);
#3219=VERTEX_POINT('',#11425);
#3220=VERTEX_POINT('',#11440);
#3221=VERTEX_POINT('',#11442);
#3222=VERTEX_POINT('',#11444);
#3223=VERTEX_POINT('',#11446);
#3224=VERTEX_POINT('',#11448);
#3225=VERTEX_POINT('',#11450);
#3226=VERTEX_POINT('',#11452);
#3227=VERTEX_POINT('',#11459);
#3228=VERTEX_POINT('',#11461);
#3229=VERTEX_POINT('',#11463);
#3230=VERTEX_POINT('',#11465);
#3231=VERTEX_POINT('',#11467);
#3232=VERTEX_POINT('',#11492);
#3233=VERTEX_POINT('',#11494);
#3234=VERTEX_POINT('',#11521);
#3235=VERTEX_POINT('',#11523);
#3236=VERTEX_POINT('',#11525);
#3237=VERTEX_POINT('',#11532);
#3238=VERTEX_POINT('',#11537);
#3239=VERTEX_POINT('',#11539);
#3240=VERTEX_POINT('',#11546);
#3241=VERTEX_POINT('',#11548);
#3242=VERTEX_POINT('',#11557);
#3243=VERTEX_POINT('',#11558);
#3244=VERTEX_POINT('',#11561);
#3245=VERTEX_POINT('',#11565);
#3246=VERTEX_POINT('',#11567);
#3247=VERTEX_POINT('',#11571);
#3248=VERTEX_POINT('',#11572);
#3249=VERTEX_POINT('',#11574);
#3250=VERTEX_POINT('',#11579);
#3251=VERTEX_POINT('',#11581);
#3252=VERTEX_POINT('',#11583);
#3253=VERTEX_POINT('',#11678);
#3254=VERTEX_POINT('',#11682);
#3255=VERTEX_POINT('',#11686);
#3256=VERTEX_POINT('',#11690);
#3257=VERTEX_POINT('',#11692);
#3258=VERTEX_POINT('',#11694);
#3259=VERTEX_POINT('',#11698);
#3260=VERTEX_POINT('',#11738);
#3261=VERTEX_POINT('',#11744);
#3262=VERTEX_POINT('',#11750);
#3263=VERTEX_POINT('',#11752);
#3264=VERTEX_POINT('',#11775);
#3265=VERTEX_POINT('',#11779);
#3266=VERTEX_POINT('',#11781);
#3267=VERTEX_POINT('',#11785);
#3268=VERTEX_POINT('',#11789);
#3269=VERTEX_POINT('',#11791);
#3270=VERTEX_POINT('',#11805);
#3271=VERTEX_POINT('',#11812);
#3272=VERTEX_POINT('',#11819);
#3273=VERTEX_POINT('',#11821);
#3274=VERTEX_POINT('',#11835);
#3275=VERTEX_POINT('',#11842);
#3276=VERTEX_POINT('',#11849);
#3277=VERTEX_POINT('',#11851);
#3278=VERTEX_POINT('',#11853);
#3279=VERTEX_POINT('',#11862);
#3280=VERTEX_POINT('',#11864);
#3281=VERTEX_POINT('',#11888);
#3282=VERTEX_POINT('',#11892);
#3283=VERTEX_POINT('',#11902);
#3284=VERTEX_POINT('',#11915);
#3285=VERTEX_POINT('',#11917);
#3286=VERTEX_POINT('',#11919);
#3287=VERTEX_POINT('',#11921);
#3288=VERTEX_POINT('',#11923);
#3289=VERTEX_POINT('',#11925);
#3290=VERTEX_POINT('',#11929);
#3291=VERTEX_POINT('',#11933);
#3292=VERTEX_POINT('',#11935);
#3293=VERTEX_POINT('',#11937);
#3294=VERTEX_POINT('',#11939);
#3295=VERTEX_POINT('',#11942);
#3296=VERTEX_POINT('',#11945);
#3297=VERTEX_POINT('',#11960);
#3298=VERTEX_POINT('',#11967);
#3299=VERTEX_POINT('',#11970);
#3300=VERTEX_POINT('',#12050);
#3301=VERTEX_POINT('',#12060);
#3302=VERTEX_POINT('',#12190);
#3303=VERTEX_POINT('',#12223);
#3304=VERTEX_POINT('',#12363);
#3305=VERTEX_POINT('',#12523);
#3306=VERTEX_POINT('',#12525);
#3307=VERTEX_POINT('',#12534);
#3308=VERTEX_POINT('',#12537);
#3309=VERTEX_POINT('',#12539);
#3310=VERTEX_POINT('',#12569);
#3311=VERTEX_POINT('',#12571);
#3312=VERTEX_POINT('',#12574);
#3313=VERTEX_POINT('',#12575);
#3314=VERTEX_POINT('',#12577);
#3315=VERTEX_POINT('',#12581);
#3316=VERTEX_POINT('',#12583);
#3317=VERTEX_POINT('',#12585);
#3318=VERTEX_POINT('',#12587);
#3319=VERTEX_POINT('',#12589);
#3320=VERTEX_POINT('',#12591);
#3321=VERTEX_POINT('',#12593);
#3322=VERTEX_POINT('',#12612);
#3323=VERTEX_POINT('',#12614);
#3324=VERTEX_POINT('',#12616);
#3325=VERTEX_POINT('',#12669);
#3326=VERTEX_POINT('',#12671);
#3327=VERTEX_POINT('',#12676);
#3328=VERTEX_POINT('',#12689);
#3329=VERTEX_POINT('',#12691);
#3330=VERTEX_POINT('',#12694);
#3331=VERTEX_POINT('',#12695);
#3332=VERTEX_POINT('',#12697);
#3333=VERTEX_POINT('',#12701);
#3334=VERTEX_POINT('',#12702);
#3335=VERTEX_POINT('',#12704);
#3336=VERTEX_POINT('',#12706);
#3337=VERTEX_POINT('',#12709);
#3338=VERTEX_POINT('',#12713);
#3339=VERTEX_POINT('',#12715);
#3340=VERTEX_POINT('',#12717);
#3341=VERTEX_POINT('',#12719);
#3342=VERTEX_POINT('',#12721);
#3343=VERTEX_POINT('',#12724);
#3344=VERTEX_POINT('',#12726);
#3345=VERTEX_POINT('',#12729);
#3346=VERTEX_POINT('',#12732);
#3347=VERTEX_POINT('',#12737);
#3348=VERTEX_POINT('',#12739);
#3349=VERTEX_POINT('',#12754);
#3350=VERTEX_POINT('',#12758);
#3351=VERTEX_POINT('',#12816);
#3352=VERTEX_POINT('',#12817);
#3353=VERTEX_POINT('',#12819);
#3354=VERTEX_POINT('',#12843);
#3355=VERTEX_POINT('',#12845);
#3356=VERTEX_POINT('',#12907);
#3357=VERTEX_POINT('',#12909);
#3358=VERTEX_POINT('',#12992);
#3359=VERTEX_POINT('',#12993);
#3360=VERTEX_POINT('',#12995);
#3361=VERTEX_POINT('',#13007);
#3362=VERTEX_POINT('',#13020);
#3363=VERTEX_POINT('',#13022);
#3364=VERTEX_POINT('',#13024);
#3365=VERTEX_POINT('',#13026);
#3366=VERTEX_POINT('',#13030);
#3367=VERTEX_POINT('',#13034);
#3368=VERTEX_POINT('',#13035);
#3369=VERTEX_POINT('',#13040);
#3370=VERTEX_POINT('',#13041);
#3371=VERTEX_POINT('',#13047);
#3372=VERTEX_POINT('',#13050);
#3373=VERTEX_POINT('',#13052);
#3374=VERTEX_POINT('',#13054);
#3375=VERTEX_POINT('',#13056);
#3376=VERTEX_POINT('',#13063);
#3377=VERTEX_POINT('',#13065);
#3378=VERTEX_POINT('',#13070);
#3379=VERTEX_POINT('',#13074);
#3380=VERTEX_POINT('',#13076);
#3381=VERTEX_POINT('',#13080);
#3382=VERTEX_POINT('',#13086);
#3383=VERTEX_POINT('',#13090);
#3384=VERTEX_POINT('',#13094);
#3385=VERTEX_POINT('',#13096);
#3386=VERTEX_POINT('',#13098);
#3387=VERTEX_POINT('',#13110);
#3388=VERTEX_POINT('',#13115);
#3389=VERTEX_POINT('',#13118);
#3390=VERTEX_POINT('',#13119);
#3391=VERTEX_POINT('',#13121);
#3392=VERTEX_POINT('',#13123);
#3393=VERTEX_POINT('',#13125);
#3394=VERTEX_POINT('',#13127);
#3395=VERTEX_POINT('',#13130);
#3396=VERTEX_POINT('',#13131);
#3397=VERTEX_POINT('',#13133);
#3398=VERTEX_POINT('',#13135);
#3399=VERTEX_POINT('',#13137);
#3400=VERTEX_POINT('',#13139);
#3401=VERTEX_POINT('',#13143);
#3402=VERTEX_POINT('',#13147);
#3403=VERTEX_POINT('',#13150);
#3404=VERTEX_POINT('',#13153);
#3405=VERTEX_POINT('',#13154);
#3406=VERTEX_POINT('',#13156);
#3407=VERTEX_POINT('',#13160);
#3408=VERTEX_POINT('',#13162);
#3409=VERTEX_POINT('',#13176);
#3410=VERTEX_POINT('',#13177);
#3411=VERTEX_POINT('',#13179);
#3412=VERTEX_POINT('',#13181);
#3413=VERTEX_POINT('',#13183);
#3414=VERTEX_POINT('',#13185);
#3415=VERTEX_POINT('',#13189);
#3416=VERTEX_POINT('',#13190);
#3417=VERTEX_POINT('',#13192);
#3418=VERTEX_POINT('',#13194);
#3419=VERTEX_POINT('',#13196);
#3420=VERTEX_POINT('',#13198);
#3421=VERTEX_POINT('',#13202);
#3422=VERTEX_POINT('',#13208);
#3423=VERTEX_POINT('',#13212);
#3424=VERTEX_POINT('',#14134);
#3425=VERTEX_POINT('',#14147);
#3426=VERTEX_POINT('',#14148);
#3427=VERTEX_POINT('',#14150);
#3428=VERTEX_POINT('',#14152);
#3429=VERTEX_POINT('',#14155);
#3430=VERTEX_POINT('',#14165);
#3431=VERTEX_POINT('',#14170);
#3432=VERTEX_POINT('',#14172);
#3433=VERTEX_POINT('',#14174);
#3434=VERTEX_POINT('',#14177);
#3435=VERTEX_POINT('',#14178);
#3436=VERTEX_POINT('',#14180);
#3437=VERTEX_POINT('',#14182);
#3438=VERTEX_POINT('',#14184);
#3439=VERTEX_POINT('',#14186);
#3440=VERTEX_POINT('',#14189);
#3441=VERTEX_POINT('',#14190);
#3442=VERTEX_POINT('',#14192);
#3443=VERTEX_POINT('',#14194);
#3444=VERTEX_POINT('',#14196);
#3445=VERTEX_POINT('',#14198);
#3446=VERTEX_POINT('',#14202);
#3447=VERTEX_POINT('',#14204);
#3448=VERTEX_POINT('',#14206);
#3449=VERTEX_POINT('',#14208);
#3450=VERTEX_POINT('',#14212);
#3451=VERTEX_POINT('',#14216);
#3452=VERTEX_POINT('',#14218);
#3453=VERTEX_POINT('',#14220);
#3454=VERTEX_POINT('',#14223);
#3455=VERTEX_POINT('',#14232);
#3456=VERTEX_POINT('',#14239);
#3457=VERTEX_POINT('',#14254);
#3458=VERTEX_POINT('',#14257);
#3459=VERTEX_POINT('',#14286);
#3460=VERTEX_POINT('',#14315);
#3461=VERTEX_POINT('',#14317);
#3462=VERTEX_POINT('',#14331);
#3463=VERTEX_POINT('',#14410);
#3464=VERTEX_POINT('',#14412);
#3465=VERTEX_POINT('',#14416);
#3466=VERTEX_POINT('',#14420);
#3467=VERTEX_POINT('',#14424);
#3468=VERTEX_POINT('',#14428);
#3469=VERTEX_POINT('',#14434);
#3470=VERTEX_POINT('',#14436);
#3471=VERTEX_POINT('',#14440);
#3472=VERTEX_POINT('',#14444);
#3473=VERTEX_POINT('',#14448);
#3474=VERTEX_POINT('',#14452);
#3475=EDGE_CURVE('',#2826,#2826,#2655,.T.);
#3476=EDGE_CURVE('',#2826,#2827,#1263,.T.);
#3477=EDGE_CURVE('',#2827,#2827,#2656,.T.);
#3478=EDGE_CURVE('',#2828,#2828,#2657,.T.);
#3479=EDGE_CURVE('',#2828,#2829,#1264,.T.);
#3480=EDGE_CURVE('',#2829,#2829,#2658,.T.);
#3481=EDGE_CURVE('',#2830,#2830,#2659,.T.);
#3482=EDGE_CURVE('',#2830,#2831,#1265,.T.);
#3483=EDGE_CURVE('',#2831,#2831,#2660,.T.);
#3484=EDGE_CURVE('',#2832,#2832,#2661,.T.);
#3485=EDGE_CURVE('',#2832,#2833,#1266,.T.);
#3486=EDGE_CURVE('',#2833,#2833,#2662,.T.);
#3487=EDGE_CURVE('',#2834,#2835,#403,.T.);
#3488=EDGE_CURVE('',#2836,#2834,#1267,.T.);
#3489=EDGE_CURVE('',#2836,#2837,#372,.T.);
#3490=EDGE_CURVE('',#2837,#2838,#404,.T.);
#3491=EDGE_CURVE('',#2835,#2838,#1268,.T.);
#3492=EDGE_CURVE('',#2839,#2840,#405,.T.);
#3493=EDGE_CURVE('',#2841,#2840,#1269,.T.);
#3494=EDGE_CURVE('',#2841,#2842,#373,.T.);
#3495=EDGE_CURVE('',#2843,#2842,#374,.F.);
#3496=EDGE_CURVE('',#2843,#2839,#1270,.T.);
#3497=EDGE_CURVE('',#2844,#2844,#2663,.T.);
#3498=EDGE_CURVE('',#2844,#2845,#1271,.T.);
#3499=EDGE_CURVE('',#2845,#2846,#2664,.T.);
#3500=EDGE_CURVE('',#2847,#2846,#375,.T.);
#3501=EDGE_CURVE('',#2848,#2847,#376,.T.);
#3502=EDGE_CURVE('',#2849,#2848,#377,.T.);
#3503=EDGE_CURVE('',#2849,#2845,#2665,.T.);
#3504=EDGE_CURVE('',#2850,#2850,#2666,.T.);
#3505=EDGE_CURVE('',#2850,#2851,#1272,.T.);
#3506=EDGE_CURVE('',#2851,#2852,#2667,.T.);
#3507=EDGE_CURVE('',#2853,#2852,#378,.T.);
#3508=EDGE_CURVE('',#2854,#2853,#2668,.T.);
#3509=EDGE_CURVE('',#2855,#2854,#379,.T.);
#3510=EDGE_CURVE('',#2856,#2855,#380,.T.);
#3511=EDGE_CURVE('',#2856,#2851,#2669,.T.);
#3512=EDGE_CURVE('',#2857,#2858,#2670,.T.);
#3513=EDGE_CURVE('',#2859,#2857,#1273,.T.);
#3514=EDGE_CURVE('',#2860,#2859,#2671,.T.);
#3515=EDGE_CURVE('',#2858,#2860,#1274,.T.);
#3516=EDGE_CURVE('',#2861,#2862,#2672,.T.);
#3517=EDGE_CURVE('',#2863,#2861,#1275,.T.);
#3518=EDGE_CURVE('',#2864,#2863,#2673,.T.);
#3519=EDGE_CURVE('',#2862,#2864,#1276,.T.);
#3520=EDGE_CURVE('',#2865,#2866,#2674,.T.);
#3521=EDGE_CURVE('',#2867,#2866,#1277,.T.);
#3522=EDGE_CURVE('',#2868,#2867,#2675,.T.);
#3523=EDGE_CURVE('',#2865,#2868,#1278,.T.);
#3524=EDGE_CURVE('',#2869,#2870,#2676,.T.);
#3525=EDGE_CURVE('',#2871,#2870,#1279,.T.);
#3526=EDGE_CURVE('',#2872,#2871,#2677,.T.);
#3527=EDGE_CURVE('',#2869,#2872,#1280,.T.);
#3528=EDGE_CURVE('',#2873,#2874,#2678,.T.);
#3529=EDGE_CURVE('',#2875,#2874,#1281,.T.);
#3530=EDGE_CURVE('',#2876,#2875,#2679,.T.);
#3531=EDGE_CURVE('',#2873,#2876,#1282,.T.);
#3532=EDGE_CURVE('',#2877,#2878,#2680,.T.);
#3533=EDGE_CURVE('',#2879,#2878,#1283,.T.);
#3534=EDGE_CURVE('',#2880,#2879,#2681,.T.);
#3535=EDGE_CURVE('',#2877,#2880,#1284,.T.);
#3536=EDGE_CURVE('',#2881,#2882,#2682,.T.);
#3537=EDGE_CURVE('',#2883,#2881,#1285,.T.);
#3538=EDGE_CURVE('',#2883,#2884,#2683,.T.);
#3539=EDGE_CURVE('',#2882,#2884,#1286,.T.);
#3540=EDGE_CURVE('',#2885,#2886,#2684,.T.);
#3541=EDGE_CURVE('',#2887,#2885,#1287,.T.);
#3542=EDGE_CURVE('',#2887,#2888,#2685,.T.);
#3543=EDGE_CURVE('',#2886,#2888,#1288,.T.);
#3544=EDGE_CURVE('',#2889,#2890,#2686,.T.);
#3545=EDGE_CURVE('',#2891,#2889,#1289,.T.);
#3546=EDGE_CURVE('',#2891,#2892,#2687,.T.);
#3547=EDGE_CURVE('',#2890,#2892,#1290,.T.);
#3548=EDGE_CURVE('',#2893,#2894,#2688,.T.);
#3549=EDGE_CURVE('',#2895,#2893,#1291,.T.);
#3550=EDGE_CURVE('',#2895,#2896,#2689,.T.);
#3551=EDGE_CURVE('',#2894,#2896,#1292,.T.);
#3552=EDGE_CURVE('',#2897,#2898,#2690,.T.);
#3553=EDGE_CURVE('',#2899,#2898,#1293,.T.);
#3554=EDGE_CURVE('',#2900,#2899,#2691,.T.);
#3555=EDGE_CURVE('',#2897,#2900,#1294,.T.);
#3556=EDGE_CURVE('',#2901,#2902,#1295,.T.);
#3557=EDGE_CURVE('',#2903,#2901,#1296,.T.);
#3558=EDGE_CURVE('',#2904,#2903,#1297,.T.);
#3559=EDGE_CURVE('',#2902,#2904,#1298,.T.);
#3560=EDGE_CURVE('',#2905,#2904,#1299,.T.);
#3561=EDGE_CURVE('',#2906,#2905,#1300,.T.);
#3562=EDGE_CURVE('',#2902,#2906,#1301,.T.);
#3563=EDGE_CURVE('',#2906,#2907,#1302,.T.);
#3564=EDGE_CURVE('',#2907,#2908,#1303,.T.);
#3565=EDGE_CURVE('',#2908,#2909,#1304,.T.);
#3566=EDGE_CURVE('',#2909,#2910,#2692,.T.);
#3567=EDGE_CURVE('',#2910,#2911,#1305,.T.);
#3568=EDGE_CURVE('',#2911,#2912,#2693,.T.);
#3569=EDGE_CURVE('',#2912,#2901,#1306,.T.);
#3570=EDGE_CURVE('',#2913,#2914,#1307,.T.);
#3571=EDGE_CURVE('',#2915,#2913,#1308,.T.);
#3572=EDGE_CURVE('',#2915,#2916,#381,.T.);
#3573=EDGE_CURVE('',#2843,#2916,#1309,.T.);
#3574=EDGE_CURVE('',#2917,#2842,#1310,.T.);
#3575=EDGE_CURVE('',#2918,#2917,#1311,.T.);
#3576=EDGE_CURVE('',#2919,#2918,#1312,.T.);
#3577=EDGE_CURVE('',#2920,#2919,#1313,.T.);
#3578=EDGE_CURVE('',#2921,#2920,#1314,.T.);
#3579=EDGE_CURVE('',#2903,#2921,#1315,.T.);
#3580=EDGE_CURVE('',#2922,#2912,#1316,.T.);
#3581=EDGE_CURVE('',#2923,#2922,#1317,.T.);
#3582=EDGE_CURVE('',#2914,#2923,#1318,.T.);
#3583=EDGE_CURVE('',#2924,#2921,#2694,.T.);
#3584=EDGE_CURVE('',#2925,#2924,#1319,.T.);
#3585=EDGE_CURVE('',#2926,#2925,#2695,.T.);
#3586=EDGE_CURVE('',#2927,#2926,#1320,.T.);
#3587=EDGE_CURVE('',#2905,#2927,#1321,.T.);
#3588=EDGE_CURVE('',#2928,#2929,#406,.T.);
#3589=EDGE_CURVE('',#2907,#2928,#1322,.T.);
#3590=EDGE_CURVE('',#2930,#2927,#1323,.T.);
#3591=EDGE_CURVE('',#2931,#2930,#407,.T.);
#3592=EDGE_CURVE('',#2929,#2931,#1324,.T.);
#3593=EDGE_CURVE('',#2911,#2932,#1325,.T.);
#3594=EDGE_CURVE('',#2932,#2922,#2696,.T.);
#3595=EDGE_CURVE('',#2933,#2932,#1326,.T.);
#3596=EDGE_CURVE('',#2910,#2933,#1327,.T.);
#3597=EDGE_CURVE('',#2909,#2934,#1328,.T.);
#3598=EDGE_CURVE('',#2934,#2933,#2697,.T.);
#3599=EDGE_CURVE('',#2908,#2935,#1329,.T.);
#3600=EDGE_CURVE('',#2935,#2936,#408,.T.);
#3601=EDGE_CURVE('',#2936,#2937,#1330,.T.);
#3602=EDGE_CURVE('',#2937,#2934,#1331,.T.);
#3603=EDGE_CURVE('',#2935,#2938,#409,.T.);
#3604=EDGE_CURVE('',#2939,#2928,#410,.T.);
#3605=EDGE_CURVE('',#2940,#2939,#1332,.T.);
#3606=EDGE_CURVE('',#2940,#2941,#1333,.T.);
#3607=EDGE_CURVE('',#2942,#2941,#1334,.T.);
#3608=EDGE_CURVE('',#2938,#2942,#1335,.T.);
#3609=EDGE_CURVE('',#2943,#2923,#1336,.T.);
#3610=EDGE_CURVE('',#2944,#2943,#1337,.T.);
#3611=EDGE_CURVE('',#2945,#2944,#1338,.T.);
#3612=EDGE_CURVE('',#2946,#2945,#1339,.T.);
#3613=EDGE_CURVE('',#2947,#2946,#1340,.T.);
#3614=EDGE_CURVE('',#2948,#2947,#1341,.T.);
#3615=EDGE_CURVE('',#2949,#2948,#1342,.T.);
#3616=EDGE_CURVE('',#2950,#2949,#1343,.T.);
#3617=EDGE_CURVE('',#2937,#2950,#1344,.T.);
#3618=EDGE_CURVE('',#2951,#2936,#411,.T.);
#3619=EDGE_CURVE('',#2914,#2951,#1345,.T.);
#3620=EDGE_CURVE('',#2952,#2953,#1346,.T.);
#3621=EDGE_CURVE('',#2953,#2913,#1347,.T.);
#3622=EDGE_CURVE('',#2951,#2952,#412,.T.);
#3623=EDGE_CURVE('',#2954,#2953,#1348,.T.);
#3624=EDGE_CURVE('',#2955,#2954,#1349,.T.);
#3625=EDGE_CURVE('',#2956,#2955,#1350,.T.);
#3626=EDGE_CURVE('',#2956,#2957,#1351,.T.);
#3627=EDGE_CURVE('',#2958,#2957,#1352,.T.);
#3628=EDGE_CURVE('',#2915,#2958,#382,.T.);
#3629=EDGE_CURVE('',#2837,#2916,#1353,.T.);
#3630=EDGE_CURVE('',#2959,#2836,#1354,.T.);
#3631=EDGE_CURVE('',#2839,#2959,#383,.T.);
#3632=EDGE_CURVE('',#2960,#2841,#1355,.T.);
#3633=EDGE_CURVE('',#2960,#2961,#1356,.T.);
#3634=EDGE_CURVE('',#2962,#2961,#1357,.T.);
#3635=EDGE_CURVE('',#2963,#2962,#1358,.T.);
#3636=EDGE_CURVE('',#2964,#2963,#1359,.T.);
#3637=EDGE_CURVE('',#2917,#2964,#1360,.T.);
#3638=EDGE_CURVE('',#2964,#2965,#1361,.T.);
#3639=EDGE_CURVE('',#2965,#2966,#384,.T.);
#3640=EDGE_CURVE('',#2966,#2967,#1362,.T.);
#3641=EDGE_CURVE('',#2967,#2854,#1363,.T.);
#3642=EDGE_CURVE('',#2853,#2848,#1364,.T.);
#3643=EDGE_CURVE('',#2847,#2918,#1365,.T.);
#3644=EDGE_CURVE('',#2846,#2919,#1366,.T.);
#3645=EDGE_CURVE('',#2852,#2849,#1367,.T.);
#3646=EDGE_CURVE('',#2968,#2856,#1368,.T.);
#3647=EDGE_CURVE('',#2969,#2968,#1369,.T.);
#3648=EDGE_CURVE('',#2970,#2969,#2698,.T.);
#3649=EDGE_CURVE('',#2971,#2970,#1370,.T.);
#3650=EDGE_CURVE('',#2920,#2971,#2699,.T.);
#3651=EDGE_CURVE('',#2971,#2924,#1371,.T.);
#3652=EDGE_CURVE('',#2972,#2973,#1372,.T.);
#3653=EDGE_CURVE('',#2973,#2943,#1373,.T.);
#3654=EDGE_CURVE('',#2950,#2974,#1374,.T.);
#3655=EDGE_CURVE('',#2974,#2975,#1375,.T.);
#3656=EDGE_CURVE('',#2975,#2976,#1376,.T.);
#3657=EDGE_CURVE('',#2976,#2977,#1377,.T.);
#3658=EDGE_CURVE('',#2977,#2947,#1378,.T.);
#3659=EDGE_CURVE('',#2946,#2978,#1379,.T.);
#3660=EDGE_CURVE('',#2978,#2979,#1380,.T.);
#3661=EDGE_CURVE('',#2979,#2972,#1381,.T.);
#3662=EDGE_CURVE('',#2925,#2970,#1382,.T.);
#3663=EDGE_CURVE('',#2969,#2926,#1383,.T.);
#3664=EDGE_CURVE('',#2980,#2981,#1384,.T.);
#3665=EDGE_CURVE('',#2980,#2930,#413,.T.);
#3666=EDGE_CURVE('',#2982,#2968,#1385,.T.);
#3667=EDGE_CURVE('',#2982,#2983,#414,.T.);
#3668=EDGE_CURVE('',#2983,#2981,#1386,.T.);
#3669=EDGE_CURVE('',#2984,#2834,#1387,.T.);
#3670=EDGE_CURVE('',#2834,#2929,#415,.T.);
#3671=EDGE_CURVE('',#2931,#2984,#2700,.T.);
#3672=EDGE_CURVE('',#2835,#2939,#416,.T.);
#3673=EDGE_CURVE('',#2985,#2984,#417,.T.);
#3674=EDGE_CURVE('',#2981,#2986,#418,.T.);
#3675=EDGE_CURVE('',#2986,#2987,#419,.T.);
#3676=EDGE_CURVE('',#2987,#2985,#420,.T.);
#3677=EDGE_CURVE('',#2988,#2989,#1388,.T.);
#3678=EDGE_CURVE('',#2990,#2988,#1389,.T.);
#3679=EDGE_CURVE('',#2991,#2990,#1390,.T.);
#3680=EDGE_CURVE('',#2992,#2991,#1391,.T.);
#3681=EDGE_CURVE('',#2993,#2992,#1392,.T.);
#3682=EDGE_CURVE('',#2989,#2993,#1393,.T.);
#3683=EDGE_CURVE('',#2994,#2995,#1394,.T.);
#3684=EDGE_CURVE('',#2996,#2994,#1395,.T.);
#3685=EDGE_CURVE('',#2997,#2996,#1396,.T.);
#3686=EDGE_CURVE('',#2998,#2997,#1397,.T.);
#3687=EDGE_CURVE('',#2999,#2998,#1398,.T.);
#3688=EDGE_CURVE('',#2995,#2999,#1399,.T.);
#3689=EDGE_CURVE('',#2952,#2938,#421,.T.);
#3690=EDGE_CURVE('',#3000,#3001,#2701,.T.);
#3691=EDGE_CURVE('',#3001,#3002,#1400,.T.);
#3692=EDGE_CURVE('',#3002,#3003,#2702,.T.);
#3693=EDGE_CURVE('',#3003,#3004,#1401,.T.);
#3694=EDGE_CURVE('',#3004,#2954,#2703,.T.);
#3695=EDGE_CURVE('',#2942,#3005,#2704,.T.);
#3696=EDGE_CURVE('',#3005,#3006,#1402,.T.);
#3697=EDGE_CURVE('',#3006,#3007,#2705,.T.);
#3698=EDGE_CURVE('',#3007,#3000,#1403,.T.);
#3699=EDGE_CURVE('',#3008,#2860,#1404,.T.);
#3700=EDGE_CURVE('',#2859,#3008,#1405,.T.);
#3701=EDGE_CURVE('',#3009,#2864,#1406,.T.);
#3702=EDGE_CURVE('',#2863,#3009,#1407,.T.);
#3703=EDGE_CURVE('',#3010,#3011,#1408,.T.);
#3704=EDGE_CURVE('',#2940,#3011,#385,.T.);
#3705=EDGE_CURVE('',#2835,#3012,#1409,.T.);
#3706=EDGE_CURVE('',#3012,#3013,#386,.T.);
#3707=EDGE_CURVE('',#3013,#3010,#387,.T.);
#3708=EDGE_CURVE('',#3014,#3015,#1410,.T.);
#3709=EDGE_CURVE('',#3014,#2955,#2706,.T.);
#3710=EDGE_CURVE('',#3004,#3016,#1411,.T.);
#3711=EDGE_CURVE('',#3016,#3017,#2707,.T.);
#3712=EDGE_CURVE('',#3017,#3005,#1412,.T.);
#3713=EDGE_CURVE('',#2941,#3015,#2708,.T.);
#3714=EDGE_CURVE('',#2997,#2973,#1413,.T.);
#3715=EDGE_CURVE('',#2944,#2996,#1414,.T.);
#3716=EDGE_CURVE('',#2945,#2994,#1415,.T.);
#3717=EDGE_CURVE('',#2978,#2995,#1416,.T.);
#3718=EDGE_CURVE('',#2991,#2977,#1417,.T.);
#3719=EDGE_CURVE('',#2948,#2990,#1418,.T.);
#3720=EDGE_CURVE('',#2949,#2988,#1419,.T.);
#3721=EDGE_CURVE('',#2974,#2989,#1420,.T.);
#3722=EDGE_CURVE('',#2838,#2958,#1421,.T.);
#3723=EDGE_CURVE('',#3018,#3019,#2709,.T.);
#3724=EDGE_CURVE('',#2956,#3018,#1422,.T.);
#3725=EDGE_CURVE('',#3020,#3014,#1423,.T.);
#3726=EDGE_CURVE('',#3021,#3020,#2710,.T.);
#3727=EDGE_CURVE('',#3022,#3021,#1424,.T.);
#3728=EDGE_CURVE('',#3023,#3022,#1425,.T.);
#3729=EDGE_CURVE('',#3024,#3023,#2711,.T.);
#3730=EDGE_CURVE('',#3011,#3024,#1426,.T.);
#3731=EDGE_CURVE('',#3025,#3010,#1427,.T.);
#3732=EDGE_CURVE('',#3019,#3025,#1428,.T.);
#3733=EDGE_CURVE('',#2865,#3026,#1429,.T.);
#3734=EDGE_CURVE('',#3026,#2866,#1430,.T.);
#3735=EDGE_CURVE('',#2869,#3027,#1431,.T.);
#3736=EDGE_CURVE('',#3027,#2870,#1432,.T.);
#3737=EDGE_CURVE('',#2873,#3028,#1433,.T.);
#3738=EDGE_CURVE('',#3028,#2874,#1434,.T.);
#3739=EDGE_CURVE('',#2877,#3029,#1435,.T.);
#3740=EDGE_CURVE('',#3029,#2878,#1436,.T.);
#3741=EDGE_CURVE('',#2957,#3030,#1437,.T.);
#3742=EDGE_CURVE('',#3030,#3031,#2712,.T.);
#3743=EDGE_CURVE('',#3031,#3012,#1438,.T.);
#3744=EDGE_CURVE('',#2959,#2984,#1439,.T.);
#3745=EDGE_CURVE('',#2840,#2985,#1440,.T.);
#3746=EDGE_CURVE('',#3032,#2985,#1441,.T.);
#3747=EDGE_CURVE('',#3032,#3033,#1442,.T.);
#3748=EDGE_CURVE('',#3034,#3033,#2713,.T.);
#3749=EDGE_CURVE('',#2960,#3034,#1443,.T.);
#3750=EDGE_CURVE('',#2962,#3035,#2714,.T.);
#3751=EDGE_CURVE('',#3036,#2961,#1444,.T.);
#3752=EDGE_CURVE('',#3037,#3036,#2715,.T.);
#3753=EDGE_CURVE('',#3038,#3037,#1445,.T.);
#3754=EDGE_CURVE('',#3039,#3038,#1446,.T.);
#3755=EDGE_CURVE('',#3040,#3039,#1447,.T.);
#3756=EDGE_CURVE('',#3041,#3040,#2716,.T.);
#3757=EDGE_CURVE('',#3042,#3041,#1448,.T.);
#3758=EDGE_CURVE('',#3043,#3042,#1449,.T.);
#3759=EDGE_CURVE('',#3044,#3043,#2717,.T.);
#3760=EDGE_CURVE('',#3035,#3044,#1450,.T.);
#3761=EDGE_CURVE('',#2883,#3045,#1451,.T.);
#3762=EDGE_CURVE('',#3045,#2884,#1452,.T.);
#3763=EDGE_CURVE('',#2887,#3046,#1453,.T.);
#3764=EDGE_CURVE('',#3046,#2888,#1454,.T.);
#3765=EDGE_CURVE('',#2891,#3047,#1455,.T.);
#3766=EDGE_CURVE('',#3047,#2892,#1456,.T.);
#3767=EDGE_CURVE('',#2895,#3048,#1457,.T.);
#3768=EDGE_CURVE('',#3048,#2896,#1458,.T.);
#3769=EDGE_CURVE('',#3049,#3035,#1459,.T.);
#3770=EDGE_CURVE('',#3049,#3050,#2718,.T.);
#3771=EDGE_CURVE('',#3050,#3051,#1460,.T.);
#3772=EDGE_CURVE('',#3051,#3052,#2719,.T.);
#3773=EDGE_CURVE('',#3052,#3053,#1461,.T.);
#3774=EDGE_CURVE('',#3053,#3054,#2720,.T.);
#3775=EDGE_CURVE('',#3055,#3054,#1462,.T.);
#3776=EDGE_CURVE('',#3055,#2963,#2721,.T.);
#3777=EDGE_CURVE('',#3056,#2966,#2722,.T.);
#3778=EDGE_CURVE('',#3057,#3056,#1463,.T.);
#3779=EDGE_CURVE('',#3058,#3057,#1464,.T.);
#3780=EDGE_CURVE('',#2965,#3058,#2723,.T.);
#3781=EDGE_CURVE('',#3059,#3055,#1465,.T.);
#3782=EDGE_CURVE('',#3060,#3059,#2724,.T.);
#3783=EDGE_CURVE('',#3061,#3060,#1466,.T.);
#3784=EDGE_CURVE('',#3062,#3061,#2725,.T.);
#3785=EDGE_CURVE('',#3063,#3062,#1467,.T.);
#3786=EDGE_CURVE('',#3064,#3063,#2726,.T.);
#3787=EDGE_CURVE('',#3052,#3064,#1468,.T.);
#3788=EDGE_CURVE('',#3065,#3051,#1469,.T.);
#3789=EDGE_CURVE('',#3066,#3065,#422,.T.);
#3790=EDGE_CURVE('',#2967,#3066,#1470,.T.);
#3791=EDGE_CURVE('',#2897,#3067,#1471,.T.);
#3792=EDGE_CURVE('',#3067,#2898,#1472,.T.);
#3793=EDGE_CURVE('',#3068,#3069,#1473,.T.);
#3794=EDGE_CURVE('',#3070,#3068,#2727,.T.);
#3795=EDGE_CURVE('',#3069,#3070,#1474,.T.);
#3796=EDGE_CURVE('',#3066,#3071,#423,.T.);
#3797=EDGE_CURVE('',#2855,#3071,#1475,.T.);
#3798=EDGE_CURVE('',#3072,#3058,#1476,.T.);
#3799=EDGE_CURVE('',#3073,#3072,#2728,.T.);
#3800=EDGE_CURVE('',#3056,#3073,#1477,.T.);
#3801=EDGE_CURVE('',#2998,#2972,#1478,.T.);
#3802=EDGE_CURVE('',#2999,#2979,#1479,.T.);
#3803=EDGE_CURVE('',#2992,#2976,#1480,.T.);
#3804=EDGE_CURVE('',#2993,#2975,#1481,.T.);
#3805=EDGE_CURVE('',#3074,#2983,#1482,.T.);
#3806=EDGE_CURVE('',#2986,#3074,#1483,.T.);
#3807=EDGE_CURVE('',#3071,#2982,#424,.T.);
#3808=EDGE_CURVE('',#3074,#3065,#1484,.F.);
#3809=EDGE_CURVE('',#2987,#3075,#1485,.T.);
#3810=EDGE_CURVE('',#3075,#3039,#388,.T.);
#3811=EDGE_CURVE('',#3038,#3032,#389,.T.);
#3812=EDGE_CURVE('',#3075,#3050,#1486,.T.);
#3813=EDGE_CURVE('',#3076,#3008,#1487,.T.);
#3814=EDGE_CURVE('',#2858,#3076,#1488,.T.);
#3815=EDGE_CURVE('',#3076,#2857,#1489,.T.);
#3816=EDGE_CURVE('',#3077,#3009,#1490,.T.);
#3817=EDGE_CURVE('',#2862,#3077,#1491,.T.);
#3818=EDGE_CURVE('',#3077,#2861,#1492,.T.);
#3819=EDGE_CURVE('',#3000,#3078,#1493,.T.);
#3820=EDGE_CURVE('',#3078,#3079,#2729,.T.);
#3821=EDGE_CURVE('',#3079,#3001,#1494,.T.);
#3822=EDGE_CURVE('',#3080,#3007,#1495,.T.);
#3823=EDGE_CURVE('',#3078,#3080,#1496,.T.);
#3824=EDGE_CURVE('',#3081,#3006,#1497,.T.);
#3825=EDGE_CURVE('',#3080,#3081,#2730,.T.);
#3826=EDGE_CURVE('',#3081,#3017,#1498,.T.);
#3827=EDGE_CURVE('',#3082,#3003,#1499,.T.);
#3828=EDGE_CURVE('',#3016,#3082,#1500,.T.);
#3829=EDGE_CURVE('',#3083,#3002,#1501,.T.);
#3830=EDGE_CURVE('',#3082,#3083,#2731,.T.);
#3831=EDGE_CURVE('',#3013,#3025,#1502,.T.);
#3832=EDGE_CURVE('',#3019,#3031,#1503,.T.);
#3833=EDGE_CURVE('',#3084,#2940,#1504,.T.);
#3834=EDGE_CURVE('',#3085,#3084,#2732,.T.);
#3835=EDGE_CURVE('',#3086,#3085,#1505,.T.);
#3836=EDGE_CURVE('',#3087,#3086,#1506,.T.);
#3837=EDGE_CURVE('',#3088,#3087,#2733,.T.);
#3838=EDGE_CURVE('',#3015,#3088,#1507,.T.);
#3839=EDGE_CURVE('',#3083,#3079,#1508,.T.);
#3840=EDGE_CURVE('',#2875,#3089,#1509,.T.);
#3841=EDGE_CURVE('',#3089,#2876,#1510,.T.);
#3842=EDGE_CURVE('',#2871,#3090,#1511,.T.);
#3843=EDGE_CURVE('',#3090,#2872,#1512,.T.);
#3844=EDGE_CURVE('',#3018,#3030,#1513,.T.);
#3845=EDGE_CURVE('',#3088,#3091,#1514,.T.);
#3846=EDGE_CURVE('',#3091,#3020,#37,.T.);
#3847=EDGE_CURVE('',#3092,#3091,#2734,.T.);
#3848=EDGE_CURVE('',#3021,#3092,#1515,.T.);
#3849=EDGE_CURVE('',#3092,#3093,#1516,.T.);
#3850=EDGE_CURVE('',#3093,#3022,#1517,.T.);
#3851=EDGE_CURVE('',#3093,#3094,#1518,.T.);
#3852=EDGE_CURVE('',#3094,#3023,#1519,.T.);
#3853=EDGE_CURVE('',#3095,#3094,#2735,.T.);
#3854=EDGE_CURVE('',#3024,#3095,#38,.T.);
#3855=EDGE_CURVE('',#3095,#3084,#1520,.T.);
#3856=EDGE_CURVE('',#3037,#3033,#1521,.T.);
#3857=EDGE_CURVE('',#3034,#3036,#1522,.T.);
#3858=EDGE_CURVE('',#3096,#3049,#1523,.T.);
#3859=EDGE_CURVE('',#3044,#3097,#39,.T.);
#3860=EDGE_CURVE('',#3097,#3096,#1524,.T.);
#3861=EDGE_CURVE('',#3098,#3099,#1525,.T.);
#3862=EDGE_CURVE('',#3099,#3040,#40,.T.);
#3863=EDGE_CURVE('',#3075,#3098,#1526,.T.);
#3864=EDGE_CURVE('',#3100,#3099,#2736,.T.);
#3865=EDGE_CURVE('',#3041,#3100,#1527,.T.);
#3866=EDGE_CURVE('',#3100,#3101,#1528,.T.);
#3867=EDGE_CURVE('',#3101,#3042,#1529,.T.);
#3868=EDGE_CURVE('',#3101,#3102,#1530,.T.);
#3869=EDGE_CURVE('',#3102,#3043,#1531,.T.);
#3870=EDGE_CURVE('',#3097,#3102,#2737,.T.);
#3871=EDGE_CURVE('',#3103,#3104,#1532,.T.);
#3872=EDGE_CURVE('',#3104,#3105,#2738,.T.);
#3873=EDGE_CURVE('',#3105,#3054,#1533,.T.);
#3874=EDGE_CURVE('',#3053,#3106,#1534,.T.);
#3875=EDGE_CURVE('',#3106,#3107,#2739,.T.);
#3876=EDGE_CURVE('',#3107,#3108,#1535,.T.);
#3877=EDGE_CURVE('',#3108,#3103,#2740,.T.);
#3878=EDGE_CURVE('',#2890,#3109,#1536,.T.);
#3879=EDGE_CURVE('',#3109,#2889,#1537,.T.);
#3880=EDGE_CURVE('',#2882,#3110,#1538,.T.);
#3881=EDGE_CURVE('',#3110,#2881,#1539,.T.);
#3882=EDGE_CURVE('',#3073,#3111,#1540,.T.);
#3883=EDGE_CURVE('',#3111,#3057,#1541,.T.);
#3884=EDGE_CURVE('',#3111,#3072,#1542,.T.);
#3885=EDGE_CURVE('',#3105,#3059,#1543,.T.);
#3886=EDGE_CURVE('',#3060,#3104,#1544,.T.);
#3887=EDGE_CURVE('',#3103,#3061,#1545,.T.);
#3888=EDGE_CURVE('',#3108,#3062,#1546,.T.);
#3889=EDGE_CURVE('',#3107,#3063,#1547,.T.);
#3890=EDGE_CURVE('',#3064,#3106,#1548,.T.);
#3891=EDGE_CURVE('',#3112,#3113,#1549,.T.);
#3892=EDGE_CURVE('',#3113,#3069,#1550,.T.);
#3893=EDGE_CURVE('',#3070,#3112,#1551,.T.);
#3894=EDGE_CURVE('',#3114,#3068,#1552,.T.);
#3895=EDGE_CURVE('',#3113,#3114,#1553,.T.);
#3896=EDGE_CURVE('',#3112,#3114,#2741,.T.);
#3897=EDGE_CURVE('',#2894,#3115,#1554,.T.);
#3898=EDGE_CURVE('',#3115,#2893,#1555,.T.);
#3899=EDGE_CURVE('',#3116,#2880,#1556,.T.);
#3900=EDGE_CURVE('',#2879,#3116,#1557,.T.);
#3901=EDGE_CURVE('',#3117,#2868,#1558,.T.);
#3902=EDGE_CURVE('',#2867,#3117,#1559,.T.);
#3903=EDGE_CURVE('',#3085,#3094,#1560,.T.);
#3904=EDGE_CURVE('',#3093,#3086,#1561,.T.);
#3905=EDGE_CURVE('',#3092,#3087,#1562,.T.);
#3906=EDGE_CURVE('',#3117,#3026,#1563,.T.);
#3907=EDGE_CURVE('',#3090,#3027,#1564,.T.);
#3908=EDGE_CURVE('',#3089,#3028,#1565,.T.);
#3909=EDGE_CURVE('',#3116,#3029,#1566,.T.);
#3910=EDGE_CURVE('',#3110,#3045,#1567,.T.);
#3911=EDGE_CURVE('',#3118,#3046,#1568,.T.);
#3912=EDGE_CURVE('',#2886,#3118,#1569,.T.);
#3913=EDGE_CURVE('',#3118,#2885,#1570,.T.);
#3914=EDGE_CURVE('',#3109,#3047,#1571,.T.);
#3915=EDGE_CURVE('',#3115,#3048,#1572,.T.);
#3916=EDGE_CURVE('',#3096,#3119,#2742,.T.);
#3917=EDGE_CURVE('',#3119,#3120,#1573,.T.);
#3918=EDGE_CURVE('',#3120,#3121,#1574,.T.);
#3919=EDGE_CURVE('',#3121,#3098,#2743,.T.);
#3920=EDGE_CURVE('',#2899,#3122,#1575,.T.);
#3921=EDGE_CURVE('',#3122,#2900,#1576,.T.);
#3922=EDGE_CURVE('',#3100,#3121,#1577,.T.);
#3923=EDGE_CURVE('',#3120,#3101,#1578,.T.);
#3924=EDGE_CURVE('',#3119,#3102,#1579,.T.);
#3925=EDGE_CURVE('',#3122,#3067,#1580,.T.);
#3926=EDGE_CURVE('',#3123,#3123,#2744,.T.);
#3927=EDGE_CURVE('',#3123,#3124,#1581,.T.);
#3928=EDGE_CURVE('',#3124,#3124,#2745,.T.);
#3929=EDGE_CURVE('',#3125,#3125,#2746,.T.);
#3930=EDGE_CURVE('',#3125,#3126,#1582,.T.);
#3931=EDGE_CURVE('',#3126,#3126,#2747,.T.);
#3932=EDGE_CURVE('',#3127,#3127,#2748,.T.);
#3933=EDGE_CURVE('',#3127,#3128,#1583,.T.);
#3934=EDGE_CURVE('',#3128,#3128,#2749,.T.);
#3935=EDGE_CURVE('',#3129,#3129,#2750,.T.);
#3936=EDGE_CURVE('',#3129,#3130,#1584,.T.);
#3937=EDGE_CURVE('',#3130,#3130,#2751,.T.);
#3938=EDGE_CURVE('',#3131,#3131,#2752,.T.);
#3939=EDGE_CURVE('',#3131,#3132,#1585,.T.);
#3940=EDGE_CURVE('',#3132,#3132,#2753,.T.);
#3941=EDGE_CURVE('',#3133,#3134,#1586,.T.);
#3942=EDGE_CURVE('',#3133,#3135,#1587,.T.);
#3943=EDGE_CURVE('',#3136,#3135,#1588,.T.);
#3944=EDGE_CURVE('',#3136,#3134,#1589,.T.);
#3945=EDGE_CURVE('',#3137,#3133,#2754,.T.);
#3946=EDGE_CURVE('',#3138,#3137,#1590,.T.);
#3947=EDGE_CURVE('',#3135,#3138,#2755,.T.);
#3948=EDGE_CURVE('',#3139,#3140,#1591,.T.);
#3949=EDGE_CURVE('',#3139,#3141,#1592,.T.);
#3950=EDGE_CURVE('',#3142,#3141,#1593,.T.);
#3951=EDGE_CURVE('',#3142,#3140,#1594,.T.);
#3952=EDGE_CURVE('',#3143,#3139,#1595,.T.);
#3953=EDGE_CURVE('',#3144,#3143,#1596,.T.);
#3954=EDGE_CURVE('',#3141,#3144,#1597,.T.);
#3955=EDGE_CURVE('',#3145,#3146,#1598,.T.);
#3956=EDGE_CURVE('',#3145,#3147,#1599,.T.);
#3957=EDGE_CURVE('',#3148,#3147,#1600,.T.);
#3958=EDGE_CURVE('',#3148,#3146,#1601,.T.);
#3959=EDGE_CURVE('',#3149,#3145,#1602,.T.);
#3960=EDGE_CURVE('',#3150,#3149,#1603,.T.);
#3961=EDGE_CURVE('',#3147,#3150,#1604,.T.);
#3962=EDGE_CURVE('',#3151,#3152,#1605,.T.);
#3963=EDGE_CURVE('',#3151,#3153,#1606,.T.);
#3964=EDGE_CURVE('',#3154,#3153,#1607,.T.);
#3965=EDGE_CURVE('',#3154,#3152,#1608,.T.);
#3966=EDGE_CURVE('',#3155,#3151,#1609,.T.);
#3967=EDGE_CURVE('',#3156,#3155,#1610,.T.);
#3968=EDGE_CURVE('',#3153,#3156,#1611,.T.);
#3969=EDGE_CURVE('',#3157,#3158,#1612,.T.);
#3970=EDGE_CURVE('',#3157,#3159,#1613,.T.);
#3971=EDGE_CURVE('',#3160,#3159,#1614,.T.);
#3972=EDGE_CURVE('',#3160,#3158,#1615,.T.);
#3973=EDGE_CURVE('',#3161,#3157,#1616,.T.);
#3974=EDGE_CURVE('',#3162,#3161,#1617,.T.);
#3975=EDGE_CURVE('',#3159,#3162,#1618,.T.);
#3976=EDGE_CURVE('',#3163,#3164,#2756,.T.);
#3977=EDGE_CURVE('',#3163,#3165,#2757,.T.);
#3978=EDGE_CURVE('',#3166,#3165,#2758,.T.);
#3979=EDGE_CURVE('',#3164,#3166,#425,.T.);
#3980=EDGE_CURVE('',#3167,#3168,#2759,.T.);
#3981=EDGE_CURVE('',#3167,#3169,#2760,.T.);
#3982=EDGE_CURVE('',#3170,#3169,#2761,.T.);
#3983=EDGE_CURVE('',#3171,#3170,#2762,.T.);
#3984=EDGE_CURVE('',#3171,#3172,#2763,.T.);
#3985=EDGE_CURVE('',#3168,#3172,#426,.T.);
#3986=EDGE_CURVE('',#3173,#3173,#2764,.T.);
#3987=EDGE_CURVE('',#3173,#3174,#1619,.T.);
#3988=EDGE_CURVE('',#3174,#3174,#2765,.T.);
#3989=EDGE_CURVE('',#3175,#3175,#2766,.T.);
#3990=EDGE_CURVE('',#3175,#3176,#1620,.T.);
#3991=EDGE_CURVE('',#3176,#3176,#2767,.T.);
#3992=EDGE_CURVE('',#3177,#3177,#2768,.T.);
#3993=EDGE_CURVE('',#3177,#3178,#1621,.T.);
#3994=EDGE_CURVE('',#3178,#3179,#2769,.T.);
#3995=EDGE_CURVE('',#3179,#3180,#390,.T.);
#3996=EDGE_CURVE('',#3180,#3178,#2770,.T.);
#3997=EDGE_CURVE('',#3181,#3182,#2771,.F.);
#3998=EDGE_CURVE('',#3183,#3181,#1622,.T.);
#3999=EDGE_CURVE('',#3183,#3184,#2772,.T.);
#4000=EDGE_CURVE('',#3185,#3184,#427,.F.);
#4001=EDGE_CURVE('',#3185,#3186,#2773,.T.);
#4002=EDGE_CURVE('',#3186,#3182,#1623,.T.);
#4003=EDGE_CURVE('',#3187,#3187,#2774,.T.);
#4004=EDGE_CURVE('',#3187,#3188,#1624,.T.);
#4005=EDGE_CURVE('',#3188,#3188,#2775,.T.);
#4006=EDGE_CURVE('',#3189,#3190,#2776,.T.);
#4007=EDGE_CURVE('',#3191,#3189,#1625,.T.);
#4008=EDGE_CURVE('',#3191,#3192,#2777,.T.);
#4009=EDGE_CURVE('',#3190,#3192,#1626,.T.);
#4010=EDGE_CURVE('',#3193,#3194,#2778,.T.);
#4011=EDGE_CURVE('',#3195,#3193,#1627,.T.);
#4012=EDGE_CURVE('',#3195,#3196,#2779,.T.);
#4013=EDGE_CURVE('',#3194,#3196,#1628,.T.);
#4014=EDGE_CURVE('',#3197,#3198,#2780,.F.);
#4015=EDGE_CURVE('',#3197,#3199,#1629,.T.);
#4016=EDGE_CURVE('',#3199,#3200,#391,.T.);
#4017=EDGE_CURVE('',#3200,#3198,#1630,.T.);
#4018=EDGE_CURVE('',#3201,#3201,#2781,.T.);
#4019=EDGE_CURVE('',#3201,#3202,#1631,.T.);
#4020=EDGE_CURVE('',#3202,#3202,#2782,.T.);
#4021=EDGE_CURVE('',#3203,#3203,#2783,.T.);
#4022=EDGE_CURVE('',#3203,#3204,#1632,.T.);
#4023=EDGE_CURVE('',#3204,#3204,#2784,.T.);
#4024=EDGE_CURVE('',#3205,#3205,#2785,.T.);
#4025=EDGE_CURVE('',#3205,#3206,#1633,.T.);
#4026=EDGE_CURVE('',#3206,#3206,#2786,.T.);
#4027=EDGE_CURVE('',#3207,#3207,#2787,.T.);
#4028=EDGE_CURVE('',#3207,#3208,#1634,.T.);
#4029=EDGE_CURVE('',#3208,#3208,#2788,.T.);
#4030=EDGE_CURVE('',#3209,#3209,#2789,.T.);
#4031=EDGE_CURVE('',#3209,#3210,#1635,.T.);
#4032=EDGE_CURVE('',#3210,#3210,#2790,.T.);
#4033=EDGE_CURVE('',#3211,#3211,#2791,.T.);
#4034=EDGE_CURVE('',#3211,#3212,#1636,.T.);
#4035=EDGE_CURVE('',#3212,#3212,#2792,.T.);
#4036=EDGE_CURVE('',#3213,#3214,#1637,.T.);
#4037=EDGE_CURVE('',#3213,#3215,#1638,.T.);
#4038=EDGE_CURVE('',#3216,#3215,#1639,.T.);
#4039=EDGE_CURVE('',#3216,#3217,#392,.T.);
#4040=EDGE_CURVE('',#3218,#3217,#1640,.T.);
#4041=EDGE_CURVE('',#3219,#3218,#428,.T.);
#4042=EDGE_CURVE('',#3220,#3219,#1641,.T.);
#4043=EDGE_CURVE('',#3221,#3220,#1642,.T.);
#4044=EDGE_CURVE('',#3222,#3221,#1643,.T.);
#4045=EDGE_CURVE('',#3223,#3222,#2793,.T.);
#4046=EDGE_CURVE('',#3224,#3223,#1644,.T.);
#4047=EDGE_CURVE('',#3225,#3224,#1645,.T.);
#4048=EDGE_CURVE('',#3226,#3225,#429,.T.);
#4049=EDGE_CURVE('',#3165,#3226,#1646,.T.);
#4050=EDGE_CURVE('',#3169,#3163,#1647,.T.);
#4051=EDGE_CURVE('',#3227,#3167,#1648,.T.);
#4052=EDGE_CURVE('',#3228,#3227,#2794,.T.);
#4053=EDGE_CURVE('',#3229,#3228,#1649,.T.);
#4054=EDGE_CURVE('',#3230,#3229,#1650,.T.);
#4055=EDGE_CURVE('',#3230,#3231,#430,.T.);
#4056=EDGE_CURVE('',#3232,#3231,#1651,.T.);
#4057=EDGE_CURVE('',#3232,#3233,#431,.T.);
#4058=EDGE_CURVE('',#3234,#3233,#1652,.T.);
#4059=EDGE_CURVE('',#3235,#3234,#1653,.T.);
#4060=EDGE_CURVE('',#3235,#3236,#432,.T.);
#4061=EDGE_CURVE('',#3236,#3237,#433,.T.);
#4062=EDGE_CURVE('',#3237,#3238,#1654,.T.);
#4063=EDGE_CURVE('',#3238,#3239,#434,.T.);
#4064=EDGE_CURVE('',#3239,#3240,#1655,.T.);
#4065=EDGE_CURVE('',#3241,#3240,#1656,.T.);
#4066=EDGE_CURVE('',#3214,#3241,#1657,.T.);
#4067=EDGE_CURVE('',#3158,#3161,#2795,.T.);
#4068=EDGE_CURVE('',#3152,#3155,#2796,.T.);
#4069=EDGE_CURVE('',#3146,#3149,#2797,.T.);
#4070=EDGE_CURVE('',#3140,#3143,#2798,.T.);
#4071=EDGE_CURVE('',#3134,#3137,#1658,.T.);
#4072=EDGE_CURVE('',#3242,#3243,#1659,.T.);
#4073=EDGE_CURVE('',#3214,#3242,#1660,.T.);
#4074=EDGE_CURVE('',#3244,#3241,#393,.T.);
#4075=EDGE_CURVE('',#3243,#3244,#1661,.T.);
#4076=EDGE_CURVE('',#3242,#3245,#1662,.T.);
#4077=EDGE_CURVE('',#3245,#3246,#1663,.T.);
#4078=EDGE_CURVE('',#3246,#3213,#1664,.T.);
#4079=EDGE_CURVE('',#3247,#3248,#1665,.T.);
#4080=EDGE_CURVE('',#3249,#3248,#1666,.T.);
#4081=EDGE_CURVE('',#3216,#3249,#1667,.T.);
#4082=EDGE_CURVE('',#3247,#3215,#1668,.T.);
#4083=EDGE_CURVE('',#3250,#3217,#1669,.T.);
#4084=EDGE_CURVE('',#3251,#3250,#1670,.T.);
#4085=EDGE_CURVE('',#3252,#3251,#1671,.T.);
#4086=EDGE_CURVE('',#3218,#3252,#1672,.T.);
#4087=EDGE_CURVE('',#3252,#3253,#2799,.T.);
#4088=EDGE_CURVE('',#3253,#3219,#1673,.T.);
#4089=EDGE_CURVE('',#3253,#3254,#1674,.T.);
#4090=EDGE_CURVE('',#3254,#3220,#1675,.T.);
#4091=EDGE_CURVE('',#3254,#3255,#1676,.T.);
#4092=EDGE_CURVE('',#3255,#3221,#1677,.T.);
#4093=EDGE_CURVE('',#3255,#3256,#1678,.T.);
#4094=EDGE_CURVE('',#3256,#3257,#1679,.T.);
#4095=EDGE_CURVE('',#3257,#3258,#1680,.T.);
#4096=EDGE_CURVE('',#3258,#3222,#1681,.T.);
#4097=EDGE_CURVE('',#3223,#3259,#1682,.T.);
#4098=EDGE_CURVE('',#3259,#3258,#435,.T.);
#4099=EDGE_CURVE('',#3259,#3260,#1683,.T.);
#4100=EDGE_CURVE('',#3260,#3224,#1684,.T.);
#4101=EDGE_CURVE('',#3260,#3225,#1685,.T.);
#4102=EDGE_CURVE('',#3260,#3261,#394,.T.);
#4103=EDGE_CURVE('',#3166,#3261,#1686,.T.);
#4104=EDGE_CURVE('',#3172,#3164,#1687,.T.);
#4105=EDGE_CURVE('',#3262,#3168,#1688,.T.);
#4106=EDGE_CURVE('',#3262,#3263,#436,.T.);
#4107=EDGE_CURVE('',#3263,#3264,#1689,.T.);
#4108=EDGE_CURVE('',#3264,#3227,#2800,.T.);
#4109=EDGE_CURVE('',#3265,#3228,#2801,.T.);
#4110=EDGE_CURVE('',#3264,#3266,#2802,.T.);
#4111=EDGE_CURVE('',#3266,#3265,#2803,.T.);
#4112=EDGE_CURVE('',#3266,#3267,#1690,.T.);
#4113=EDGE_CURVE('',#3267,#3229,#395,.T.);
#4114=EDGE_CURVE('',#3267,#3268,#1691,.T.);
#4115=EDGE_CURVE('',#3268,#3269,#437,.T.);
#4116=EDGE_CURVE('',#3269,#3230,#438,.T.);
#4117=EDGE_CURVE('',#3231,#3270,#439,.T.);
#4118=EDGE_CURVE('',#3270,#3271,#440,.T.);
#4119=EDGE_CURVE('',#3271,#3272,#1692,.T.);
#4120=EDGE_CURVE('',#3272,#3273,#441,.T.);
#4121=EDGE_CURVE('',#3273,#3232,#442,.T.);
#4122=EDGE_CURVE('',#3233,#3274,#443,.T.);
#4123=EDGE_CURVE('',#3274,#3275,#444,.T.);
#4124=EDGE_CURVE('',#3275,#3276,#1693,.T.);
#4125=EDGE_CURVE('',#3276,#3277,#396,.T.);
#4126=EDGE_CURVE('',#3277,#3278,#445,.T.);
#4127=EDGE_CURVE('',#3278,#3234,#397,.T.);
#4128=EDGE_CURVE('',#3278,#3279,#1694,.T.);
#4129=EDGE_CURVE('',#3279,#3280,#446,.T.);
#4130=EDGE_CURVE('',#3235,#3280,#447,.F.);
#4131=EDGE_CURVE('',#3239,#3281,#2804,.T.);
#4132=EDGE_CURVE('',#3281,#3240,#2805,.T.);
#4133=EDGE_CURVE('',#3281,#3282,#448,.T.);
#4134=EDGE_CURVE('',#3282,#3283,#449,.T.);
#4135=EDGE_CURVE('',#3283,#3244,#1695,.T.);
#4136=EDGE_CURVE('',#3284,#3283,#1696,.T.);
#4137=EDGE_CURVE('',#3284,#3285,#1697,.T.);
#4138=EDGE_CURVE('',#3285,#3286,#1698,.T.);
#4139=EDGE_CURVE('',#3287,#3286,#1699,.T.);
#4140=EDGE_CURVE('',#3288,#3287,#1700,.T.);
#4141=EDGE_CURVE('',#3289,#3288,#1701,.T.);
#4142=EDGE_CURVE('',#3243,#3289,#1702,.T.);
#4143=EDGE_CURVE('',#3290,#3251,#398,.T.);
#4144=EDGE_CURVE('',#3250,#3249,#399,.T.);
#4145=EDGE_CURVE('',#3248,#3245,#1703,.T.);
#4146=EDGE_CURVE('',#3289,#3291,#1704,.T.);
#4147=EDGE_CURVE('',#3291,#3292,#1705,.T.);
#4148=EDGE_CURVE('',#3292,#3293,#1706,.T.);
#4149=EDGE_CURVE('',#3293,#3294,#1707,.T.);
#4150=EDGE_CURVE('',#3294,#3262,#1708,.T.);
#4151=EDGE_CURVE('',#3261,#3295,#1709,.T.);
#4152=EDGE_CURVE('',#3295,#3257,#2806,.T.);
#4153=EDGE_CURVE('',#3256,#3296,#1710,.T.);
#4154=EDGE_CURVE('',#3296,#3290,#1711,.T.);
#4155=EDGE_CURVE('',#3247,#3246,#1712,.T.);
#4156=EDGE_CURVE('',#3290,#3253,#1713,.T.);
#4157=EDGE_CURVE('',#3254,#3296,#1714,.T.);
#4158=EDGE_CURVE('',#3295,#3259,#1715,.T.);
#4159=EDGE_CURVE('',#3297,#3180,#450,.T.);
#4160=EDGE_CURVE('',#3298,#3297,#1716,.T.);
#4161=EDGE_CURVE('',#3184,#3298,#1717,.T.);
#4162=EDGE_CURVE('',#3299,#3183,#1718,.T.);
#4163=EDGE_CURVE('',#3186,#3299,#1719,.T.);
#4164=EDGE_CURVE('',#3264,#3185,#1720,.T.);
#4165=EDGE_CURVE('',#3179,#3263,#451,.T.);
#4166=EDGE_CURVE('',#3300,#3262,#452,.T.);
#4167=EDGE_CURVE('',#3301,#3300,#453,.T.);
#4168=EDGE_CURVE('',#3297,#3301,#454,.T.);
#4169=EDGE_CURVE('',#3298,#3302,#400,.T.);
#4170=EDGE_CURVE('',#3302,#3266,#1721,.T.);
#4171=EDGE_CURVE('',#3303,#3268,#455,.T.);
#4172=EDGE_CURVE('',#3230,#3303,#456,.T.);
#4173=EDGE_CURVE('',#3271,#3303,#457,.T.);
#4174=EDGE_CURVE('',#3304,#3272,#458,.T.);
#4175=EDGE_CURVE('',#3233,#3304,#459,.T.);
#4176=EDGE_CURVE('',#3275,#3304,#460,.T.);
#4177=EDGE_CURVE('',#3238,#3305,#2807,.T.);
#4178=EDGE_CURVE('',#3305,#3306,#2808,.T.);
#4179=EDGE_CURVE('',#3306,#3282,#461,.T.);
#4180=EDGE_CURVE('',#3306,#3307,#1722,.T.);
#4181=EDGE_CURVE('',#3307,#3287,#401,.T.);
#4182=EDGE_CURVE('',#3286,#3308,#2809,.T.);
#4183=EDGE_CURVE('',#3308,#3309,#462,.T.);
#4184=EDGE_CURVE('',#3309,#3284,#2810,.T.);
#4185=EDGE_CURVE('',#3307,#3310,#1723,.T.);
#4186=EDGE_CURVE('',#3310,#3311,#1724,.T.);
#4187=EDGE_CURVE('',#3311,#3288,#1725,.T.);
#4188=EDGE_CURVE('',#3312,#3313,#1726,.T.);
#4189=EDGE_CURVE('',#3313,#3314,#1727,.T.);
#4190=EDGE_CURVE('',#3314,#3312,#402,.T.);
#4191=EDGE_CURVE('',#3315,#3311,#1728,.T.);
#4192=EDGE_CURVE('',#3315,#3316,#1729,.T.);
#4193=EDGE_CURVE('',#3317,#3316,#1730,.T.);
#4194=EDGE_CURVE('',#3318,#3317,#1731,.T.);
#4195=EDGE_CURVE('',#3319,#3318,#1732,.T.);
#4196=EDGE_CURVE('',#3320,#3319,#1733,.T.);
#4197=EDGE_CURVE('',#3321,#3320,#1734,.T.);
#4198=EDGE_CURVE('',#3291,#3321,#1735,.T.);
#4199=EDGE_CURVE('',#3322,#3294,#1736,.T.);
#4200=EDGE_CURVE('',#3323,#3322,#1737,.T.);
#4201=EDGE_CURVE('',#3324,#3323,#463,.T.);
#4202=EDGE_CURVE('',#3325,#3324,#1738,.T.);
#4203=EDGE_CURVE('',#3326,#3325,#464,.T.);
#4204=EDGE_CURVE('',#3327,#3326,#1739,.T.);
#4205=EDGE_CURVE('',#3300,#3327,#465,.T.);
#4206=EDGE_CURVE('',#3328,#3293,#1740,.T.);
#4207=EDGE_CURVE('',#3329,#3328,#1741,.T.);
#4208=EDGE_CURVE('',#3322,#3329,#1742,.T.);
#4209=EDGE_CURVE('',#3330,#3331,#2811,.T.);
#4210=EDGE_CURVE('',#3330,#3332,#1743,.T.);
#4211=EDGE_CURVE('',#3332,#3331,#1744,.T.);
#4212=EDGE_CURVE('',#3333,#3334,#1745,.T.);
#4213=EDGE_CURVE('',#3335,#3333,#1746,.T.);
#4214=EDGE_CURVE('',#3336,#3335,#1747,.T.);
#4215=EDGE_CURVE('',#3328,#3336,#1748,.T.);
#4216=EDGE_CURVE('',#3337,#3292,#1749,.T.);
#4217=EDGE_CURVE('',#3334,#3337,#1750,.T.);
#4218=EDGE_CURVE('',#3337,#3338,#1751,.T.);
#4219=EDGE_CURVE('',#3339,#3321,#1752,.T.);
#4220=EDGE_CURVE('',#3340,#3339,#1753,.T.);
#4221=EDGE_CURVE('',#3341,#3340,#1754,.T.);
#4222=EDGE_CURVE('',#3342,#3341,#1755,.T.);
#4223=EDGE_CURVE('',#3318,#3342,#1756,.T.);
#4224=EDGE_CURVE('',#3343,#3317,#1757,.T.);
#4225=EDGE_CURVE('',#3344,#3343,#1758,.T.);
#4226=EDGE_CURVE('',#3344,#3338,#1759,.T.);
#4227=EDGE_CURVE('',#3191,#3345,#1760,.T.);
#4228=EDGE_CURVE('',#3345,#3192,#1761,.T.);
#4229=EDGE_CURVE('',#3195,#3346,#1762,.T.);
#4230=EDGE_CURVE('',#3346,#3196,#1763,.T.);
#4231=EDGE_CURVE('',#3302,#3347,#1764,.T.);
#4232=EDGE_CURVE('',#3348,#3301,#466,.T.);
#4233=EDGE_CURVE('',#3347,#3348,#1765,.T.);
#4234=EDGE_CURVE('',#3200,#3349,#1766,.T.);
#4235=EDGE_CURVE('',#3349,#3199,#1767,.T.);
#4236=EDGE_CURVE('',#3299,#3350,#1768,.T.);
#4237=EDGE_CURVE('',#3350,#3181,#1769,.T.);
#4238=EDGE_CURVE('',#3182,#3350,#1770,.T.);
#4239=EDGE_CURVE('',#3348,#3327,#467,.T.);
#4240=EDGE_CURVE('',#3351,#3352,#1771,.T.);
#4241=EDGE_CURVE('',#3353,#3352,#1772,.T.);
#4242=EDGE_CURVE('',#3267,#3353,#1773,.T.);
#4243=EDGE_CURVE('',#3351,#3347,#1774,.T.);
#4244=EDGE_CURVE('',#3268,#3354,#1775,.T.);
#4245=EDGE_CURVE('',#3354,#3355,#468,.T.);
#4246=EDGE_CURVE('',#3355,#3271,#1776,.T.);
#4247=EDGE_CURVE('',#3353,#3354,#1777,.T.);
#4248=EDGE_CURVE('',#3272,#3356,#1778,.T.);
#4249=EDGE_CURVE('',#3356,#3357,#469,.T.);
#4250=EDGE_CURVE('',#3357,#3275,#1779,.T.);
#4251=EDGE_CURVE('',#3358,#3359,#1780,.T.);
#4252=EDGE_CURVE('',#3360,#3358,#1781,.T.);
#4253=EDGE_CURVE('',#3356,#3360,#470,.T.);
#4254=EDGE_CURVE('',#3361,#3355,#471,.T.);
#4255=EDGE_CURVE('',#3362,#3361,#1782,.T.);
#4256=EDGE_CURVE('',#3363,#3362,#1783,.T.);
#4257=EDGE_CURVE('',#3364,#3363,#1784,.T.);
#4258=EDGE_CURVE('',#3365,#3364,#1785,.T.);
#4259=EDGE_CURVE('',#3359,#3365,#1786,.T.);
#4260=EDGE_CURVE('',#3366,#3276,#1787,.T.);
#4261=EDGE_CURVE('',#3357,#3366,#1788,.T.);
#4262=EDGE_CURVE('',#3367,#3368,#2812,.T.);
#4263=EDGE_CURVE('',#3309,#3367,#1789,.T.);
#4264=EDGE_CURVE('',#3368,#3308,#1790,.T.);
#4265=EDGE_CURVE('',#3369,#3370,#1791,.T.);
#4266=EDGE_CURVE('',#3310,#3369,#1792,.T.);
#4267=EDGE_CURVE('',#3306,#3277,#1793,.T.);
#4268=EDGE_CURVE('',#3370,#3366,#1794,.T.);
#4269=EDGE_CURVE('',#3351,#3371,#1795,.T.);
#4270=EDGE_CURVE('',#3315,#3326,#1796,.T.);
#4271=EDGE_CURVE('',#3372,#3369,#1797,.T.);
#4272=EDGE_CURVE('',#3373,#3372,#1798,.T.);
#4273=EDGE_CURVE('',#3374,#3373,#1799,.T.);
#4274=EDGE_CURVE('',#3375,#3374,#472,.T.);
#4275=EDGE_CURVE('',#3376,#3375,#1800,.T.);
#4276=EDGE_CURVE('',#3377,#3376,#473,.T.);
#4277=EDGE_CURVE('',#3378,#3377,#1801,.T.);
#4278=EDGE_CURVE('',#3371,#3378,#1802,.T.);
#4279=EDGE_CURVE('',#3379,#3313,#1803,.T.);
#4280=EDGE_CURVE('',#3380,#3379,#1804,.T.);
#4281=EDGE_CURVE('',#3314,#3380,#1805,.T.);
#4282=EDGE_CURVE('',#3381,#3312,#1806,.T.);
#4283=EDGE_CURVE('',#3379,#3381,#1807,.T.);
#4284=EDGE_CURVE('',#3381,#3380,#2813,.T.);
#4285=EDGE_CURVE('',#3382,#3316,#1808,.T.);
#4286=EDGE_CURVE('',#3343,#3382,#1809,.T.);
#4287=EDGE_CURVE('',#3342,#3383,#1810,.T.);
#4288=EDGE_CURVE('',#3383,#3319,#1811,.T.);
#4289=EDGE_CURVE('',#3383,#3384,#1812,.T.);
#4290=EDGE_CURVE('',#3384,#3385,#1813,.T.);
#4291=EDGE_CURVE('',#3385,#3386,#1814,.T.);
#4292=EDGE_CURVE('',#3386,#3320,#1815,.T.);
#4293=EDGE_CURVE('',#3386,#3339,#1816,.T.);
#4294=EDGE_CURVE('',#3138,#3136,#1817,.T.);
#4295=EDGE_CURVE('',#3162,#3160,#2814,.T.);
#4296=EDGE_CURVE('',#3144,#3142,#2815,.T.);
#4297=EDGE_CURVE('',#3156,#3154,#2816,.T.);
#4298=EDGE_CURVE('',#3150,#3148,#2817,.T.);
#4299=EDGE_CURVE('',#3387,#3329,#1818,.T.);
#4300=EDGE_CURVE('',#3323,#3387,#1819,.T.);
#4301=EDGE_CURVE('',#3387,#3336,#1820,.T.);
#4302=EDGE_CURVE('',#3335,#3388,#1821,.T.);
#4303=EDGE_CURVE('',#3388,#3324,#1822,.T.);
#4304=EDGE_CURVE('',#3389,#3390,#1823,.T.);
#4305=EDGE_CURVE('',#3390,#3391,#1824,.T.);
#4306=EDGE_CURVE('',#3391,#3392,#1825,.T.);
#4307=EDGE_CURVE('',#3392,#3393,#1826,.T.);
#4308=EDGE_CURVE('',#3393,#3394,#1827,.T.);
#4309=EDGE_CURVE('',#3394,#3389,#1828,.T.);
#4310=EDGE_CURVE('',#3395,#3396,#1829,.T.);
#4311=EDGE_CURVE('',#3396,#3397,#1830,.T.);
#4312=EDGE_CURVE('',#3397,#3398,#1831,.T.);
#4313=EDGE_CURVE('',#3398,#3399,#1832,.T.);
#4314=EDGE_CURVE('',#3399,#3400,#1833,.T.);
#4315=EDGE_CURVE('',#3400,#3395,#1834,.T.);
#4316=EDGE_CURVE('',#3388,#3401,#1835,.T.);
#4317=EDGE_CURVE('',#3401,#3325,#1836,.T.);
#4318=EDGE_CURVE('',#3382,#3402,#1837,.T.);
#4319=EDGE_CURVE('',#3333,#3401,#1838,.T.);
#4320=EDGE_CURVE('',#3403,#3334,#1839,.T.);
#4321=EDGE_CURVE('',#3403,#3402,#1840,.T.);
#4322=EDGE_CURVE('',#3404,#3405,#2818,.T.);
#4323=EDGE_CURVE('',#3404,#3406,#1841,.T.);
#4324=EDGE_CURVE('',#3406,#3405,#1842,.T.);
#4325=EDGE_CURVE('',#3407,#3331,#1843,.T.);
#4326=EDGE_CURVE('',#3408,#3407,#2819,.T.);
#4327=EDGE_CURVE('',#3330,#3408,#1844,.T.);
#4328=EDGE_CURVE('',#3403,#3338,#1845,.T.);
#4329=EDGE_CURVE('',#3385,#3340,#1846,.T.);
#4330=EDGE_CURVE('',#3341,#3384,#1847,.T.);
#4331=EDGE_CURVE('',#3344,#3402,#1848,.T.);
#4332=EDGE_CURVE('',#3409,#3410,#1849,.T.);
#4333=EDGE_CURVE('',#3411,#3409,#1850,.T.);
#4334=EDGE_CURVE('',#3412,#3411,#1851,.T.);
#4335=EDGE_CURVE('',#3413,#3412,#1852,.T.);
#4336=EDGE_CURVE('',#3414,#3413,#1853,.T.);
#4337=EDGE_CURVE('',#3410,#3414,#1854,.T.);
#4338=EDGE_CURVE('',#3415,#3416,#1855,.T.);
#4339=EDGE_CURVE('',#3417,#3415,#1856,.T.);
#4340=EDGE_CURVE('',#3418,#3417,#1857,.T.);
#4341=EDGE_CURVE('',#3419,#3418,#1858,.T.);
#4342=EDGE_CURVE('',#3420,#3419,#1859,.T.);
#4343=EDGE_CURVE('',#3416,#3420,#1860,.T.);
#4344=EDGE_CURVE('',#3421,#3197,#1861,.T.);
#4345=EDGE_CURVE('',#3349,#3421,#1862,.T.);
#4346=EDGE_CURVE('',#3198,#3421,#1863,.T.);
#4347=EDGE_CURVE('',#3407,#3422,#1864,.T.);
#4348=EDGE_CURVE('',#3422,#3408,#1865,.T.);
#4349=EDGE_CURVE('',#3423,#3352,#1866,.T.);
#4350=EDGE_CURVE('',#3354,#3423,#474,.T.);
#4351=EDGE_CURVE('',#3423,#3361,#475,.T.);
#4352=EDGE_CURVE('',#3360,#3424,#476,.T.);
#4353=EDGE_CURVE('',#3424,#3357,#2820,.T.);
#4354=EDGE_CURVE('',#3425,#3426,#1867,.T.);
#4355=EDGE_CURVE('',#3426,#3427,#2821,.T.);
#4356=EDGE_CURVE('',#3427,#3428,#1868,.T.);
#4357=EDGE_CURVE('',#3428,#3359,#1869,.T.);
#4358=EDGE_CURVE('',#3365,#3429,#1870,.T.);
#4359=EDGE_CURVE('',#3429,#3374,#477,.T.);
#4360=EDGE_CURVE('',#3373,#3425,#1871,.T.);
#4361=EDGE_CURVE('',#3428,#3430,#1872,.T.);
#4362=EDGE_CURVE('',#3430,#3358,#1873,.T.);
#4363=EDGE_CURVE('',#3370,#3424,#1874,.T.);
#4364=EDGE_CURVE('',#3430,#3431,#1875,.T.);
#4365=EDGE_CURVE('',#3431,#3432,#2822,.T.);
#4366=EDGE_CURVE('',#3432,#3433,#1876,.T.);
#4367=EDGE_CURVE('',#3433,#3372,#1877,.T.);
#4368=EDGE_CURVE('',#3434,#3435,#1878,.T.);
#4369=EDGE_CURVE('',#3435,#3436,#1879,.T.);
#4370=EDGE_CURVE('',#3436,#3437,#1880,.T.);
#4371=EDGE_CURVE('',#3437,#3438,#1881,.T.);
#4372=EDGE_CURVE('',#3438,#3439,#1882,.T.);
#4373=EDGE_CURVE('',#3439,#3434,#1883,.T.);
#4374=EDGE_CURVE('',#3440,#3441,#1884,.T.);
#4375=EDGE_CURVE('',#3441,#3442,#1885,.T.);
#4376=EDGE_CURVE('',#3442,#3443,#1886,.T.);
#4377=EDGE_CURVE('',#3443,#3444,#1887,.T.);
#4378=EDGE_CURVE('',#3444,#3445,#1888,.T.);
#4379=EDGE_CURVE('',#3445,#3440,#1889,.T.);
#4380=EDGE_CURVE('',#3362,#3446,#1890,.T.);
#4381=EDGE_CURVE('',#3447,#3371,#1891,.T.);
#4382=EDGE_CURVE('',#3448,#3447,#1892,.T.);
#4383=EDGE_CURVE('',#3449,#3448,#2823,.T.);
#4384=EDGE_CURVE('',#3446,#3449,#1893,.T.);
#4385=EDGE_CURVE('',#3450,#3446,#1894,.T.);
#4386=EDGE_CURVE('',#3363,#3450,#1895,.T.);
#4387=EDGE_CURVE('',#3451,#3450,#1896,.T.);
#4388=EDGE_CURVE('',#3452,#3451,#2824,.T.);
#4389=EDGE_CURVE('',#3453,#3452,#1897,.T.);
#4390=EDGE_CURVE('',#3378,#3453,#1898,.T.);
#4391=EDGE_CURVE('',#3454,#3377,#478,.T.);
#4392=EDGE_CURVE('',#3364,#3454,#1899,.T.);
#4393=EDGE_CURVE('',#3455,#3454,#479,.T.);
#4394=EDGE_CURVE('',#3456,#3455,#1900,.T.);
#4395=EDGE_CURVE('',#3429,#3456,#480,.T.);
#4396=EDGE_CURVE('',#3368,#3457,#1901,.T.);
#4397=EDGE_CURVE('',#3457,#3367,#1902,.T.);
#4398=EDGE_CURVE('',#3194,#3458,#1903,.T.);
#4399=EDGE_CURVE('',#3458,#3193,#1904,.T.);
#4400=EDGE_CURVE('',#3285,#3457,#1905,.T.);
#4401=EDGE_CURVE('',#3447,#3453,#1906,.T.);
#4402=EDGE_CURVE('',#3425,#3433,#1907,.T.);
#4403=EDGE_CURVE('',#3456,#3375,#481,.T.);
#4404=EDGE_CURVE('',#3376,#3455,#482,.T.);
#4405=EDGE_CURVE('',#3190,#3459,#1908,.T.);
#4406=EDGE_CURVE('',#3459,#3189,#1909,.T.);
#4407=EDGE_CURVE('',#3411,#3390,#1910,.T.);
#4408=EDGE_CURVE('',#3391,#3409,#1911,.T.);
#4409=EDGE_CURVE('',#3412,#3389,#1912,.T.);
#4410=EDGE_CURVE('',#3413,#3394,#1913,.T.);
#4411=EDGE_CURVE('',#3414,#3393,#1914,.T.);
#4412=EDGE_CURVE('',#3410,#3392,#1915,.T.);
#4413=EDGE_CURVE('',#3417,#3396,#1916,.T.);
#4414=EDGE_CURVE('',#3397,#3415,#1917,.T.);
#4415=EDGE_CURVE('',#3418,#3395,#1918,.T.);
#4416=EDGE_CURVE('',#3419,#3400,#1919,.T.);
#4417=EDGE_CURVE('',#3420,#3399,#1920,.T.);
#4418=EDGE_CURVE('',#3416,#3398,#1921,.T.);
#4419=EDGE_CURVE('',#3460,#3405,#1922,.T.);
#4420=EDGE_CURVE('',#3461,#3460,#2825,.T.);
#4421=EDGE_CURVE('',#3404,#3461,#1923,.T.);
#4422=EDGE_CURVE('',#3422,#3332,#1924,.T.);
#4423=EDGE_CURVE('',#3459,#3345,#1925,.T.);
#4424=EDGE_CURVE('',#3458,#3346,#1926,.T.);
#4425=EDGE_CURVE('',#3460,#3462,#1927,.T.);
#4426=EDGE_CURVE('',#3462,#3461,#1928,.T.);
#4427=EDGE_CURVE('',#3426,#3432,#1929,.T.);
#4428=EDGE_CURVE('',#3431,#3427,#1930,.T.);
#4429=EDGE_CURVE('',#3463,#3441,#1931,.T.);
#4430=EDGE_CURVE('',#3464,#3463,#1932,.T.);
#4431=EDGE_CURVE('',#3442,#3464,#1933,.T.);
#4432=EDGE_CURVE('',#3465,#3440,#1934,.T.);
#4433=EDGE_CURVE('',#3463,#3465,#1935,.T.);
#4434=EDGE_CURVE('',#3466,#3445,#1936,.T.);
#4435=EDGE_CURVE('',#3465,#3466,#1937,.T.);
#4436=EDGE_CURVE('',#3467,#3444,#1938,.T.);
#4437=EDGE_CURVE('',#3466,#3467,#1939,.T.);
#4438=EDGE_CURVE('',#3468,#3443,#1940,.T.);
#4439=EDGE_CURVE('',#3467,#3468,#1941,.T.);
#4440=EDGE_CURVE('',#3468,#3464,#1942,.T.);
#4441=EDGE_CURVE('',#3469,#3435,#1943,.T.);
#4442=EDGE_CURVE('',#3470,#3469,#1944,.T.);
#4443=EDGE_CURVE('',#3436,#3470,#1945,.T.);
#4444=EDGE_CURVE('',#3471,#3434,#1946,.T.);
#4445=EDGE_CURVE('',#3469,#3471,#1947,.T.);
#4446=EDGE_CURVE('',#3472,#3439,#1948,.T.);
#4447=EDGE_CURVE('',#3471,#3472,#1949,.T.);
#4448=EDGE_CURVE('',#3473,#3438,#1950,.T.);
#4449=EDGE_CURVE('',#3472,#3473,#1951,.T.);
#4450=EDGE_CURVE('',#3474,#3437,#1952,.T.);
#4451=EDGE_CURVE('',#3473,#3474,#1953,.T.);
#4452=EDGE_CURVE('',#3474,#3470,#1954,.T.);
#4453=EDGE_CURVE('',#3451,#3449,#1955,.T.);
#4454=EDGE_CURVE('',#3452,#3448,#1956,.T.);
#4455=EDGE_CURVE('',#3462,#3406,#1957,.T.);
#4456=EDGE_CURVE('',#3280,#3236,#1958,.T.);
#4457=EDGE_CURVE('',#3279,#3237,#483,.T.);
#4458=ORIENTED_EDGE('',*,*,#3475,.F.);
#4459=ORIENTED_EDGE('',*,*,#3476,.T.);
#4460=ORIENTED_EDGE('',*,*,#3477,.F.);
#4461=ORIENTED_EDGE('',*,*,#3476,.F.);
#4462=ORIENTED_EDGE('',*,*,#3478,.F.);
#4463=ORIENTED_EDGE('',*,*,#3479,.T.);
#4464=ORIENTED_EDGE('',*,*,#3480,.F.);
#4465=ORIENTED_EDGE('',*,*,#3479,.F.);
#4466=ORIENTED_EDGE('',*,*,#3481,.T.);
#4467=ORIENTED_EDGE('',*,*,#3482,.T.);
#4468=ORIENTED_EDGE('',*,*,#3483,.F.);
#4469=ORIENTED_EDGE('',*,*,#3482,.F.);
#4470=ORIENTED_EDGE('',*,*,#3484,.T.);
#4471=ORIENTED_EDGE('',*,*,#3485,.T.);
#4472=ORIENTED_EDGE('',*,*,#3486,.F.);
#4473=ORIENTED_EDGE('',*,*,#3485,.F.);
#4474=ORIENTED_EDGE('',*,*,#3487,.F.);
#4475=ORIENTED_EDGE('',*,*,#3488,.F.);
#4476=ORIENTED_EDGE('',*,*,#3489,.T.);
#4477=ORIENTED_EDGE('',*,*,#3490,.T.);
#4478=ORIENTED_EDGE('',*,*,#3491,.F.);
#4479=ORIENTED_EDGE('',*,*,#3492,.T.);
#4480=ORIENTED_EDGE('',*,*,#3493,.F.);
#4481=ORIENTED_EDGE('',*,*,#3494,.T.);
#4482=ORIENTED_EDGE('',*,*,#3495,.F.);
#4483=ORIENTED_EDGE('',*,*,#3496,.T.);
#4484=ORIENTED_EDGE('',*,*,#3497,.F.);
#4485=ORIENTED_EDGE('',*,*,#3498,.T.);
#4486=ORIENTED_EDGE('',*,*,#3499,.T.);
#4487=ORIENTED_EDGE('',*,*,#3500,.F.);
#4488=ORIENTED_EDGE('',*,*,#3501,.F.);
#4489=ORIENTED_EDGE('',*,*,#3502,.F.);
#4490=ORIENTED_EDGE('',*,*,#3503,.T.);
#4491=ORIENTED_EDGE('',*,*,#3498,.F.);
#4492=ORIENTED_EDGE('',*,*,#3504,.F.);
#4493=ORIENTED_EDGE('',*,*,#3505,.T.);
#4494=ORIENTED_EDGE('',*,*,#3506,.T.);
#4495=ORIENTED_EDGE('',*,*,#3507,.F.);
#4496=ORIENTED_EDGE('',*,*,#3508,.F.);
#4497=ORIENTED_EDGE('',*,*,#3509,.F.);
#4498=ORIENTED_EDGE('',*,*,#3510,.F.);
#4499=ORIENTED_EDGE('',*,*,#3511,.T.);
#4500=ORIENTED_EDGE('',*,*,#3505,.F.);
#4501=ORIENTED_EDGE('',*,*,#3512,.F.);
#4502=ORIENTED_EDGE('',*,*,#3513,.F.);
#4503=ORIENTED_EDGE('',*,*,#3514,.F.);
#4504=ORIENTED_EDGE('',*,*,#3515,.F.);
#4505=ORIENTED_EDGE('',*,*,#3516,.F.);
#4506=ORIENTED_EDGE('',*,*,#3517,.F.);
#4507=ORIENTED_EDGE('',*,*,#3518,.F.);
#4508=ORIENTED_EDGE('',*,*,#3519,.F.);
#4509=ORIENTED_EDGE('',*,*,#3520,.T.);
#4510=ORIENTED_EDGE('',*,*,#3521,.F.);
#4511=ORIENTED_EDGE('',*,*,#3522,.F.);
#4512=ORIENTED_EDGE('',*,*,#3523,.F.);
#4513=ORIENTED_EDGE('',*,*,#3524,.T.);
#4514=ORIENTED_EDGE('',*,*,#3525,.F.);
#4515=ORIENTED_EDGE('',*,*,#3526,.F.);
#4516=ORIENTED_EDGE('',*,*,#3527,.F.);
#4517=ORIENTED_EDGE('',*,*,#3528,.T.);
#4518=ORIENTED_EDGE('',*,*,#3529,.F.);
#4519=ORIENTED_EDGE('',*,*,#3530,.F.);
#4520=ORIENTED_EDGE('',*,*,#3531,.F.);
#4521=ORIENTED_EDGE('',*,*,#3532,.T.);
#4522=ORIENTED_EDGE('',*,*,#3533,.F.);
#4523=ORIENTED_EDGE('',*,*,#3534,.F.);
#4524=ORIENTED_EDGE('',*,*,#3535,.F.);
#4525=ORIENTED_EDGE('',*,*,#3536,.F.);
#4526=ORIENTED_EDGE('',*,*,#3537,.F.);
#4527=ORIENTED_EDGE('',*,*,#3538,.T.);
#4528=ORIENTED_EDGE('',*,*,#3539,.F.);
#4529=ORIENTED_EDGE('',*,*,#3540,.F.);
#4530=ORIENTED_EDGE('',*,*,#3541,.F.);
#4531=ORIENTED_EDGE('',*,*,#3542,.T.);
#4532=ORIENTED_EDGE('',*,*,#3543,.F.);
#4533=ORIENTED_EDGE('',*,*,#3544,.F.);
#4534=ORIENTED_EDGE('',*,*,#3545,.F.);
#4535=ORIENTED_EDGE('',*,*,#3546,.T.);
#4536=ORIENTED_EDGE('',*,*,#3547,.F.);
#4537=ORIENTED_EDGE('',*,*,#3548,.F.);
#4538=ORIENTED_EDGE('',*,*,#3549,.F.);
#4539=ORIENTED_EDGE('',*,*,#3550,.T.);
#4540=ORIENTED_EDGE('',*,*,#3551,.F.);
#4541=ORIENTED_EDGE('',*,*,#3552,.T.);
#4542=ORIENTED_EDGE('',*,*,#3553,.F.);
#4543=ORIENTED_EDGE('',*,*,#3554,.F.);
#4544=ORIENTED_EDGE('',*,*,#3555,.F.);
#4545=ORIENTED_EDGE('',*,*,#3556,.F.);
#4546=ORIENTED_EDGE('',*,*,#3557,.F.);
#4547=ORIENTED_EDGE('',*,*,#3558,.F.);
#4548=ORIENTED_EDGE('',*,*,#3559,.F.);
#4549=ORIENTED_EDGE('',*,*,#3559,.T.);
#4550=ORIENTED_EDGE('',*,*,#3560,.F.);
#4551=ORIENTED_EDGE('',*,*,#3561,.F.);
#4552=ORIENTED_EDGE('',*,*,#3562,.F.);
#4553=ORIENTED_EDGE('',*,*,#3562,.T.);
#4554=ORIENTED_EDGE('',*,*,#3563,.T.);
#4555=ORIENTED_EDGE('',*,*,#3564,.T.);
#4556=ORIENTED_EDGE('',*,*,#3565,.T.);
#4557=ORIENTED_EDGE('',*,*,#3566,.T.);
#4558=ORIENTED_EDGE('',*,*,#3567,.T.);
#4559=ORIENTED_EDGE('',*,*,#3568,.T.);
#4560=ORIENTED_EDGE('',*,*,#3569,.T.);
#4561=ORIENTED_EDGE('',*,*,#3556,.T.);
#4562=ORIENTED_EDGE('',*,*,#3477,.T.);
#4563=ORIENTED_EDGE('',*,*,#3480,.T.);
#4564=ORIENTED_EDGE('',*,*,#3570,.F.);
#4565=ORIENTED_EDGE('',*,*,#3571,.F.);
#4566=ORIENTED_EDGE('',*,*,#3572,.T.);
#4567=ORIENTED_EDGE('',*,*,#3573,.F.);
#4568=ORIENTED_EDGE('',*,*,#3495,.T.);
#4569=ORIENTED_EDGE('',*,*,#3574,.F.);
#4570=ORIENTED_EDGE('',*,*,#3575,.F.);
#4571=ORIENTED_EDGE('',*,*,#3576,.F.);
#4572=ORIENTED_EDGE('',*,*,#3577,.F.);
#4573=ORIENTED_EDGE('',*,*,#3578,.F.);
#4574=ORIENTED_EDGE('',*,*,#3579,.F.);
#4575=ORIENTED_EDGE('',*,*,#3557,.T.);
#4576=ORIENTED_EDGE('',*,*,#3569,.F.);
#4577=ORIENTED_EDGE('',*,*,#3580,.F.);
#4578=ORIENTED_EDGE('',*,*,#3581,.F.);
#4579=ORIENTED_EDGE('',*,*,#3582,.F.);
#4580=ORIENTED_EDGE('',*,*,#3558,.T.);
#4581=ORIENTED_EDGE('',*,*,#3579,.T.);
#4582=ORIENTED_EDGE('',*,*,#3583,.F.);
#4583=ORIENTED_EDGE('',*,*,#3584,.F.);
#4584=ORIENTED_EDGE('',*,*,#3585,.F.);
#4585=ORIENTED_EDGE('',*,*,#3586,.F.);
#4586=ORIENTED_EDGE('',*,*,#3587,.F.);
#4587=ORIENTED_EDGE('',*,*,#3560,.T.);
#4588=ORIENTED_EDGE('',*,*,#3481,.F.);
#4589=ORIENTED_EDGE('',*,*,#3484,.F.);
#4590=ORIENTED_EDGE('',*,*,#3588,.F.);
#4591=ORIENTED_EDGE('',*,*,#3589,.F.);
#4592=ORIENTED_EDGE('',*,*,#3563,.F.);
#4593=ORIENTED_EDGE('',*,*,#3561,.T.);
#4594=ORIENTED_EDGE('',*,*,#3587,.T.);
#4595=ORIENTED_EDGE('',*,*,#3590,.F.);
#4596=ORIENTED_EDGE('',*,*,#3591,.F.);
#4597=ORIENTED_EDGE('',*,*,#3592,.F.);
#4598=ORIENTED_EDGE('',*,*,#3580,.T.);
#4599=ORIENTED_EDGE('',*,*,#3568,.F.);
#4600=ORIENTED_EDGE('',*,*,#3593,.T.);
#4601=ORIENTED_EDGE('',*,*,#3594,.T.);
#4602=ORIENTED_EDGE('',*,*,#3595,.T.);
#4603=ORIENTED_EDGE('',*,*,#3593,.F.);
#4604=ORIENTED_EDGE('',*,*,#3567,.F.);
#4605=ORIENTED_EDGE('',*,*,#3596,.T.);
#4606=ORIENTED_EDGE('',*,*,#3566,.F.);
#4607=ORIENTED_EDGE('',*,*,#3597,.T.);
#4608=ORIENTED_EDGE('',*,*,#3598,.T.);
#4609=ORIENTED_EDGE('',*,*,#3596,.F.);
#4610=ORIENTED_EDGE('',*,*,#3599,.T.);
#4611=ORIENTED_EDGE('',*,*,#3600,.T.);
#4612=ORIENTED_EDGE('',*,*,#3601,.T.);
#4613=ORIENTED_EDGE('',*,*,#3602,.T.);
#4614=ORIENTED_EDGE('',*,*,#3597,.F.);
#4615=ORIENTED_EDGE('',*,*,#3565,.F.);
#4616=ORIENTED_EDGE('',*,*,#3603,.F.);
#4617=ORIENTED_EDGE('',*,*,#3599,.F.);
#4618=ORIENTED_EDGE('',*,*,#3564,.F.);
#4619=ORIENTED_EDGE('',*,*,#3589,.T.);
#4620=ORIENTED_EDGE('',*,*,#3604,.F.);
#4621=ORIENTED_EDGE('',*,*,#3605,.F.);
#4622=ORIENTED_EDGE('',*,*,#3606,.T.);
#4623=ORIENTED_EDGE('',*,*,#3607,.F.);
#4624=ORIENTED_EDGE('',*,*,#3608,.F.);
#4625=ORIENTED_EDGE('',*,*,#3582,.T.);
#4626=ORIENTED_EDGE('',*,*,#3609,.F.);
#4627=ORIENTED_EDGE('',*,*,#3610,.F.);
#4628=ORIENTED_EDGE('',*,*,#3611,.F.);
#4629=ORIENTED_EDGE('',*,*,#3612,.F.);
#4630=ORIENTED_EDGE('',*,*,#3613,.F.);
#4631=ORIENTED_EDGE('',*,*,#3614,.F.);
#4632=ORIENTED_EDGE('',*,*,#3615,.F.);
#4633=ORIENTED_EDGE('',*,*,#3616,.F.);
#4634=ORIENTED_EDGE('',*,*,#3617,.F.);
#4635=ORIENTED_EDGE('',*,*,#3601,.F.);
#4636=ORIENTED_EDGE('',*,*,#3618,.F.);
#4637=ORIENTED_EDGE('',*,*,#3619,.F.);
#4638=ORIENTED_EDGE('',*,*,#3620,.T.);
#4639=ORIENTED_EDGE('',*,*,#3621,.T.);
#4640=ORIENTED_EDGE('',*,*,#3570,.T.);
#4641=ORIENTED_EDGE('',*,*,#3619,.T.);
#4642=ORIENTED_EDGE('',*,*,#3622,.T.);
#4643=ORIENTED_EDGE('',*,*,#3571,.T.);
#4644=ORIENTED_EDGE('',*,*,#3621,.F.);
#4645=ORIENTED_EDGE('',*,*,#3623,.F.);
#4646=ORIENTED_EDGE('',*,*,#3624,.F.);
#4647=ORIENTED_EDGE('',*,*,#3625,.F.);
#4648=ORIENTED_EDGE('',*,*,#3626,.T.);
#4649=ORIENTED_EDGE('',*,*,#3627,.F.);
#4650=ORIENTED_EDGE('',*,*,#3628,.F.);
#4651=ORIENTED_EDGE('',*,*,#3629,.F.);
#4652=ORIENTED_EDGE('',*,*,#3489,.F.);
#4653=ORIENTED_EDGE('',*,*,#3630,.F.);
#4654=ORIENTED_EDGE('',*,*,#3631,.F.);
#4655=ORIENTED_EDGE('',*,*,#3496,.F.);
#4656=ORIENTED_EDGE('',*,*,#3573,.T.);
#4657=ORIENTED_EDGE('',*,*,#3494,.F.);
#4658=ORIENTED_EDGE('',*,*,#3632,.F.);
#4659=ORIENTED_EDGE('',*,*,#3633,.T.);
#4660=ORIENTED_EDGE('',*,*,#3634,.F.);
#4661=ORIENTED_EDGE('',*,*,#3635,.F.);
#4662=ORIENTED_EDGE('',*,*,#3636,.F.);
#4663=ORIENTED_EDGE('',*,*,#3637,.F.);
#4664=ORIENTED_EDGE('',*,*,#3574,.T.);
#4665=ORIENTED_EDGE('',*,*,#3637,.T.);
#4666=ORIENTED_EDGE('',*,*,#3638,.T.);
#4667=ORIENTED_EDGE('',*,*,#3639,.T.);
#4668=ORIENTED_EDGE('',*,*,#3640,.T.);
#4669=ORIENTED_EDGE('',*,*,#3641,.T.);
#4670=ORIENTED_EDGE('',*,*,#3508,.T.);
#4671=ORIENTED_EDGE('',*,*,#3642,.T.);
#4672=ORIENTED_EDGE('',*,*,#3501,.T.);
#4673=ORIENTED_EDGE('',*,*,#3643,.T.);
#4674=ORIENTED_EDGE('',*,*,#3575,.T.);
#4675=ORIENTED_EDGE('',*,*,#3576,.T.);
#4676=ORIENTED_EDGE('',*,*,#3643,.F.);
#4677=ORIENTED_EDGE('',*,*,#3500,.T.);
#4678=ORIENTED_EDGE('',*,*,#3644,.T.);
#4679=ORIENTED_EDGE('',*,*,#3577,.T.);
#4680=ORIENTED_EDGE('',*,*,#3644,.F.);
#4681=ORIENTED_EDGE('',*,*,#3499,.F.);
#4682=ORIENTED_EDGE('',*,*,#3503,.F.);
#4683=ORIENTED_EDGE('',*,*,#3645,.F.);
#4684=ORIENTED_EDGE('',*,*,#3506,.F.);
#4685=ORIENTED_EDGE('',*,*,#3511,.F.);
#4686=ORIENTED_EDGE('',*,*,#3646,.F.);
#4687=ORIENTED_EDGE('',*,*,#3647,.F.);
#4688=ORIENTED_EDGE('',*,*,#3648,.F.);
#4689=ORIENTED_EDGE('',*,*,#3649,.F.);
#4690=ORIENTED_EDGE('',*,*,#3650,.F.);
#4691=ORIENTED_EDGE('',*,*,#3578,.T.);
#4692=ORIENTED_EDGE('',*,*,#3650,.T.);
#4693=ORIENTED_EDGE('',*,*,#3651,.T.);
#4694=ORIENTED_EDGE('',*,*,#3583,.T.);
#4695=ORIENTED_EDGE('',*,*,#3652,.T.);
#4696=ORIENTED_EDGE('',*,*,#3653,.T.);
#4697=ORIENTED_EDGE('',*,*,#3609,.T.);
#4698=ORIENTED_EDGE('',*,*,#3581,.T.);
#4699=ORIENTED_EDGE('',*,*,#3594,.F.);
#4700=ORIENTED_EDGE('',*,*,#3595,.F.);
#4701=ORIENTED_EDGE('',*,*,#3598,.F.);
#4702=ORIENTED_EDGE('',*,*,#3602,.F.);
#4703=ORIENTED_EDGE('',*,*,#3617,.T.);
#4704=ORIENTED_EDGE('',*,*,#3654,.T.);
#4705=ORIENTED_EDGE('',*,*,#3655,.T.);
#4706=ORIENTED_EDGE('',*,*,#3656,.T.);
#4707=ORIENTED_EDGE('',*,*,#3657,.T.);
#4708=ORIENTED_EDGE('',*,*,#3658,.T.);
#4709=ORIENTED_EDGE('',*,*,#3613,.T.);
#4710=ORIENTED_EDGE('',*,*,#3659,.T.);
#4711=ORIENTED_EDGE('',*,*,#3660,.T.);
#4712=ORIENTED_EDGE('',*,*,#3661,.T.);
#4713=ORIENTED_EDGE('',*,*,#3662,.F.);
#4714=ORIENTED_EDGE('',*,*,#3584,.T.);
#4715=ORIENTED_EDGE('',*,*,#3651,.F.);
#4716=ORIENTED_EDGE('',*,*,#3649,.T.);
#4717=ORIENTED_EDGE('',*,*,#3585,.T.);
#4718=ORIENTED_EDGE('',*,*,#3662,.T.);
#4719=ORIENTED_EDGE('',*,*,#3648,.T.);
#4720=ORIENTED_EDGE('',*,*,#3663,.T.);
#4721=ORIENTED_EDGE('',*,*,#3664,.F.);
#4722=ORIENTED_EDGE('',*,*,#3665,.T.);
#4723=ORIENTED_EDGE('',*,*,#3590,.T.);
#4724=ORIENTED_EDGE('',*,*,#3586,.T.);
#4725=ORIENTED_EDGE('',*,*,#3663,.F.);
#4726=ORIENTED_EDGE('',*,*,#3647,.T.);
#4727=ORIENTED_EDGE('',*,*,#3666,.F.);
#4728=ORIENTED_EDGE('',*,*,#3667,.T.);
#4729=ORIENTED_EDGE('',*,*,#3668,.T.);
#4730=ORIENTED_EDGE('',*,*,#3669,.T.);
#4731=ORIENTED_EDGE('',*,*,#3670,.T.);
#4732=ORIENTED_EDGE('',*,*,#3592,.T.);
#4733=ORIENTED_EDGE('',*,*,#3671,.T.);
#4734=ORIENTED_EDGE('',*,*,#3670,.F.);
#4735=ORIENTED_EDGE('',*,*,#3487,.T.);
#4736=ORIENTED_EDGE('',*,*,#3672,.T.);
#4737=ORIENTED_EDGE('',*,*,#3604,.T.);
#4738=ORIENTED_EDGE('',*,*,#3588,.T.);
#4739=ORIENTED_EDGE('',*,*,#3673,.T.);
#4740=ORIENTED_EDGE('',*,*,#3671,.F.);
#4741=ORIENTED_EDGE('',*,*,#3591,.T.);
#4742=ORIENTED_EDGE('',*,*,#3665,.F.);
#4743=ORIENTED_EDGE('',*,*,#3664,.T.);
#4744=ORIENTED_EDGE('',*,*,#3674,.T.);
#4745=ORIENTED_EDGE('',*,*,#3675,.T.);
#4746=ORIENTED_EDGE('',*,*,#3676,.T.);
#4747=ORIENTED_EDGE('',*,*,#3677,.F.);
#4748=ORIENTED_EDGE('',*,*,#3678,.F.);
#4749=ORIENTED_EDGE('',*,*,#3679,.F.);
#4750=ORIENTED_EDGE('',*,*,#3680,.F.);
#4751=ORIENTED_EDGE('',*,*,#3681,.F.);
#4752=ORIENTED_EDGE('',*,*,#3682,.F.);
#4753=ORIENTED_EDGE('',*,*,#3475,.T.);
#4754=ORIENTED_EDGE('',*,*,#3683,.F.);
#4755=ORIENTED_EDGE('',*,*,#3684,.F.);
#4756=ORIENTED_EDGE('',*,*,#3685,.F.);
#4757=ORIENTED_EDGE('',*,*,#3686,.F.);
#4758=ORIENTED_EDGE('',*,*,#3687,.F.);
#4759=ORIENTED_EDGE('',*,*,#3688,.F.);
#4760=ORIENTED_EDGE('',*,*,#3478,.T.);
#4761=ORIENTED_EDGE('',*,*,#3618,.T.);
#4762=ORIENTED_EDGE('',*,*,#3600,.F.);
#4763=ORIENTED_EDGE('',*,*,#3603,.T.);
#4764=ORIENTED_EDGE('',*,*,#3689,.F.);
#4765=ORIENTED_EDGE('',*,*,#3622,.F.);
#4766=ORIENTED_EDGE('',*,*,#3690,.T.);
#4767=ORIENTED_EDGE('',*,*,#3691,.T.);
#4768=ORIENTED_EDGE('',*,*,#3692,.T.);
#4769=ORIENTED_EDGE('',*,*,#3693,.T.);
#4770=ORIENTED_EDGE('',*,*,#3694,.T.);
#4771=ORIENTED_EDGE('',*,*,#3623,.T.);
#4772=ORIENTED_EDGE('',*,*,#3620,.F.);
#4773=ORIENTED_EDGE('',*,*,#3689,.T.);
#4774=ORIENTED_EDGE('',*,*,#3608,.T.);
#4775=ORIENTED_EDGE('',*,*,#3695,.T.);
#4776=ORIENTED_EDGE('',*,*,#3696,.T.);
#4777=ORIENTED_EDGE('',*,*,#3697,.T.);
#4778=ORIENTED_EDGE('',*,*,#3698,.T.);
#4779=ORIENTED_EDGE('',*,*,#3699,.T.);
#4780=ORIENTED_EDGE('',*,*,#3514,.T.);
#4781=ORIENTED_EDGE('',*,*,#3700,.T.);
#4782=ORIENTED_EDGE('',*,*,#3701,.T.);
#4783=ORIENTED_EDGE('',*,*,#3518,.T.);
#4784=ORIENTED_EDGE('',*,*,#3702,.T.);
#4785=ORIENTED_EDGE('',*,*,#3703,.T.);
#4786=ORIENTED_EDGE('',*,*,#3704,.F.);
#4787=ORIENTED_EDGE('',*,*,#3605,.T.);
#4788=ORIENTED_EDGE('',*,*,#3672,.F.);
#4789=ORIENTED_EDGE('',*,*,#3705,.T.);
#4790=ORIENTED_EDGE('',*,*,#3706,.T.);
#4791=ORIENTED_EDGE('',*,*,#3707,.T.);
#4792=ORIENTED_EDGE('',*,*,#3708,.F.);
#4793=ORIENTED_EDGE('',*,*,#3709,.T.);
#4794=ORIENTED_EDGE('',*,*,#3624,.T.);
#4795=ORIENTED_EDGE('',*,*,#3694,.F.);
#4796=ORIENTED_EDGE('',*,*,#3710,.T.);
#4797=ORIENTED_EDGE('',*,*,#3711,.T.);
#4798=ORIENTED_EDGE('',*,*,#3712,.T.);
#4799=ORIENTED_EDGE('',*,*,#3695,.F.);
#4800=ORIENTED_EDGE('',*,*,#3607,.T.);
#4801=ORIENTED_EDGE('',*,*,#3713,.T.);
#4802=ORIENTED_EDGE('',*,*,#3610,.T.);
#4803=ORIENTED_EDGE('',*,*,#3653,.F.);
#4804=ORIENTED_EDGE('',*,*,#3714,.F.);
#4805=ORIENTED_EDGE('',*,*,#3685,.T.);
#4806=ORIENTED_EDGE('',*,*,#3715,.F.);
#4807=ORIENTED_EDGE('',*,*,#3611,.T.);
#4808=ORIENTED_EDGE('',*,*,#3715,.T.);
#4809=ORIENTED_EDGE('',*,*,#3684,.T.);
#4810=ORIENTED_EDGE('',*,*,#3716,.F.);
#4811=ORIENTED_EDGE('',*,*,#3716,.T.);
#4812=ORIENTED_EDGE('',*,*,#3683,.T.);
#4813=ORIENTED_EDGE('',*,*,#3717,.F.);
#4814=ORIENTED_EDGE('',*,*,#3659,.F.);
#4815=ORIENTED_EDGE('',*,*,#3612,.T.);
#4816=ORIENTED_EDGE('',*,*,#3614,.T.);
#4817=ORIENTED_EDGE('',*,*,#3658,.F.);
#4818=ORIENTED_EDGE('',*,*,#3718,.F.);
#4819=ORIENTED_EDGE('',*,*,#3679,.T.);
#4820=ORIENTED_EDGE('',*,*,#3719,.F.);
#4821=ORIENTED_EDGE('',*,*,#3615,.T.);
#4822=ORIENTED_EDGE('',*,*,#3719,.T.);
#4823=ORIENTED_EDGE('',*,*,#3678,.T.);
#4824=ORIENTED_EDGE('',*,*,#3720,.F.);
#4825=ORIENTED_EDGE('',*,*,#3720,.T.);
#4826=ORIENTED_EDGE('',*,*,#3677,.T.);
#4827=ORIENTED_EDGE('',*,*,#3721,.F.);
#4828=ORIENTED_EDGE('',*,*,#3654,.F.);
#4829=ORIENTED_EDGE('',*,*,#3616,.T.);
#4830=ORIENTED_EDGE('',*,*,#3490,.F.);
#4831=ORIENTED_EDGE('',*,*,#3629,.T.);
#4832=ORIENTED_EDGE('',*,*,#3572,.F.);
#4833=ORIENTED_EDGE('',*,*,#3628,.T.);
#4834=ORIENTED_EDGE('',*,*,#3722,.F.);
#4835=ORIENTED_EDGE('',*,*,#3723,.F.);
#4836=ORIENTED_EDGE('',*,*,#3724,.F.);
#4837=ORIENTED_EDGE('',*,*,#3625,.T.);
#4838=ORIENTED_EDGE('',*,*,#3709,.F.);
#4839=ORIENTED_EDGE('',*,*,#3725,.F.);
#4840=ORIENTED_EDGE('',*,*,#3726,.F.);
#4841=ORIENTED_EDGE('',*,*,#3727,.F.);
#4842=ORIENTED_EDGE('',*,*,#3728,.F.);
#4843=ORIENTED_EDGE('',*,*,#3729,.F.);
#4844=ORIENTED_EDGE('',*,*,#3730,.F.);
#4845=ORIENTED_EDGE('',*,*,#3703,.F.);
#4846=ORIENTED_EDGE('',*,*,#3731,.F.);
#4847=ORIENTED_EDGE('',*,*,#3732,.F.);
#4848=ORIENTED_EDGE('',*,*,#3520,.F.);
#4849=ORIENTED_EDGE('',*,*,#3733,.T.);
#4850=ORIENTED_EDGE('',*,*,#3734,.T.);
#4851=ORIENTED_EDGE('',*,*,#3524,.F.);
#4852=ORIENTED_EDGE('',*,*,#3735,.T.);
#4853=ORIENTED_EDGE('',*,*,#3736,.T.);
#4854=ORIENTED_EDGE('',*,*,#3528,.F.);
#4855=ORIENTED_EDGE('',*,*,#3737,.T.);
#4856=ORIENTED_EDGE('',*,*,#3738,.T.);
#4857=ORIENTED_EDGE('',*,*,#3532,.F.);
#4858=ORIENTED_EDGE('',*,*,#3739,.T.);
#4859=ORIENTED_EDGE('',*,*,#3740,.T.);
#4860=ORIENTED_EDGE('',*,*,#3705,.F.);
#4861=ORIENTED_EDGE('',*,*,#3491,.T.);
#4862=ORIENTED_EDGE('',*,*,#3722,.T.);
#4863=ORIENTED_EDGE('',*,*,#3627,.T.);
#4864=ORIENTED_EDGE('',*,*,#3741,.T.);
#4865=ORIENTED_EDGE('',*,*,#3742,.T.);
#4866=ORIENTED_EDGE('',*,*,#3743,.T.);
#4867=ORIENTED_EDGE('',*,*,#3630,.T.);
#4868=ORIENTED_EDGE('',*,*,#3488,.T.);
#4869=ORIENTED_EDGE('',*,*,#3669,.F.);
#4870=ORIENTED_EDGE('',*,*,#3744,.F.);
#4871=ORIENTED_EDGE('',*,*,#3631,.T.);
#4872=ORIENTED_EDGE('',*,*,#3744,.T.);
#4873=ORIENTED_EDGE('',*,*,#3673,.F.);
#4874=ORIENTED_EDGE('',*,*,#3745,.F.);
#4875=ORIENTED_EDGE('',*,*,#3492,.F.);
#4876=ORIENTED_EDGE('',*,*,#3745,.T.);
#4877=ORIENTED_EDGE('',*,*,#3746,.F.);
#4878=ORIENTED_EDGE('',*,*,#3747,.T.);
#4879=ORIENTED_EDGE('',*,*,#3748,.F.);
#4880=ORIENTED_EDGE('',*,*,#3749,.F.);
#4881=ORIENTED_EDGE('',*,*,#3632,.T.);
#4882=ORIENTED_EDGE('',*,*,#3493,.T.);
#4883=ORIENTED_EDGE('',*,*,#3750,.F.);
#4884=ORIENTED_EDGE('',*,*,#3634,.T.);
#4885=ORIENTED_EDGE('',*,*,#3751,.F.);
#4886=ORIENTED_EDGE('',*,*,#3752,.F.);
#4887=ORIENTED_EDGE('',*,*,#3753,.F.);
#4888=ORIENTED_EDGE('',*,*,#3754,.F.);
#4889=ORIENTED_EDGE('',*,*,#3755,.F.);
#4890=ORIENTED_EDGE('',*,*,#3756,.F.);
#4891=ORIENTED_EDGE('',*,*,#3757,.F.);
#4892=ORIENTED_EDGE('',*,*,#3758,.F.);
#4893=ORIENTED_EDGE('',*,*,#3759,.F.);
#4894=ORIENTED_EDGE('',*,*,#3760,.F.);
#4895=ORIENTED_EDGE('',*,*,#3538,.F.);
#4896=ORIENTED_EDGE('',*,*,#3761,.T.);
#4897=ORIENTED_EDGE('',*,*,#3762,.T.);
#4898=ORIENTED_EDGE('',*,*,#3542,.F.);
#4899=ORIENTED_EDGE('',*,*,#3763,.T.);
#4900=ORIENTED_EDGE('',*,*,#3764,.T.);
#4901=ORIENTED_EDGE('',*,*,#3546,.F.);
#4902=ORIENTED_EDGE('',*,*,#3765,.T.);
#4903=ORIENTED_EDGE('',*,*,#3766,.T.);
#4904=ORIENTED_EDGE('',*,*,#3550,.F.);
#4905=ORIENTED_EDGE('',*,*,#3767,.T.);
#4906=ORIENTED_EDGE('',*,*,#3768,.T.);
#4907=ORIENTED_EDGE('',*,*,#3635,.T.);
#4908=ORIENTED_EDGE('',*,*,#3750,.T.);
#4909=ORIENTED_EDGE('',*,*,#3769,.F.);
#4910=ORIENTED_EDGE('',*,*,#3770,.T.);
#4911=ORIENTED_EDGE('',*,*,#3771,.T.);
#4912=ORIENTED_EDGE('',*,*,#3772,.T.);
#4913=ORIENTED_EDGE('',*,*,#3773,.T.);
#4914=ORIENTED_EDGE('',*,*,#3774,.T.);
#4915=ORIENTED_EDGE('',*,*,#3775,.F.);
#4916=ORIENTED_EDGE('',*,*,#3776,.T.);
#4917=ORIENTED_EDGE('',*,*,#3640,.F.);
#4918=ORIENTED_EDGE('',*,*,#3777,.F.);
#4919=ORIENTED_EDGE('',*,*,#3778,.F.);
#4920=ORIENTED_EDGE('',*,*,#3779,.F.);
#4921=ORIENTED_EDGE('',*,*,#3780,.F.);
#4922=ORIENTED_EDGE('',*,*,#3638,.F.);
#4923=ORIENTED_EDGE('',*,*,#3636,.T.);
#4924=ORIENTED_EDGE('',*,*,#3776,.F.);
#4925=ORIENTED_EDGE('',*,*,#3781,.F.);
#4926=ORIENTED_EDGE('',*,*,#3782,.F.);
#4927=ORIENTED_EDGE('',*,*,#3783,.F.);
#4928=ORIENTED_EDGE('',*,*,#3784,.F.);
#4929=ORIENTED_EDGE('',*,*,#3785,.F.);
#4930=ORIENTED_EDGE('',*,*,#3786,.F.);
#4931=ORIENTED_EDGE('',*,*,#3787,.F.);
#4932=ORIENTED_EDGE('',*,*,#3772,.F.);
#4933=ORIENTED_EDGE('',*,*,#3788,.F.);
#4934=ORIENTED_EDGE('',*,*,#3789,.F.);
#4935=ORIENTED_EDGE('',*,*,#3790,.F.);
#4936=ORIENTED_EDGE('',*,*,#3552,.F.);
#4937=ORIENTED_EDGE('',*,*,#3791,.T.);
#4938=ORIENTED_EDGE('',*,*,#3792,.T.);
#4939=ORIENTED_EDGE('',*,*,#3793,.F.);
#4940=ORIENTED_EDGE('',*,*,#3794,.F.);
#4941=ORIENTED_EDGE('',*,*,#3795,.F.);
#4942=ORIENTED_EDGE('',*,*,#3645,.T.);
#4943=ORIENTED_EDGE('',*,*,#3502,.T.);
#4944=ORIENTED_EDGE('',*,*,#3642,.F.);
#4945=ORIENTED_EDGE('',*,*,#3507,.T.);
#4946=ORIENTED_EDGE('',*,*,#3796,.T.);
#4947=ORIENTED_EDGE('',*,*,#3797,.F.);
#4948=ORIENTED_EDGE('',*,*,#3509,.T.);
#4949=ORIENTED_EDGE('',*,*,#3641,.F.);
#4950=ORIENTED_EDGE('',*,*,#3790,.T.);
#4951=ORIENTED_EDGE('',*,*,#3777,.T.);
#4952=ORIENTED_EDGE('',*,*,#3639,.F.);
#4953=ORIENTED_EDGE('',*,*,#3780,.T.);
#4954=ORIENTED_EDGE('',*,*,#3798,.F.);
#4955=ORIENTED_EDGE('',*,*,#3799,.F.);
#4956=ORIENTED_EDGE('',*,*,#3800,.F.);
#4957=ORIENTED_EDGE('',*,*,#3801,.F.);
#4958=ORIENTED_EDGE('',*,*,#3686,.T.);
#4959=ORIENTED_EDGE('',*,*,#3714,.T.);
#4960=ORIENTED_EDGE('',*,*,#3652,.F.);
#4961=ORIENTED_EDGE('',*,*,#3802,.F.);
#4962=ORIENTED_EDGE('',*,*,#3687,.T.);
#4963=ORIENTED_EDGE('',*,*,#3801,.T.);
#4964=ORIENTED_EDGE('',*,*,#3661,.F.);
#4965=ORIENTED_EDGE('',*,*,#3717,.T.);
#4966=ORIENTED_EDGE('',*,*,#3688,.T.);
#4967=ORIENTED_EDGE('',*,*,#3802,.T.);
#4968=ORIENTED_EDGE('',*,*,#3660,.F.);
#4969=ORIENTED_EDGE('',*,*,#3803,.F.);
#4970=ORIENTED_EDGE('',*,*,#3680,.T.);
#4971=ORIENTED_EDGE('',*,*,#3718,.T.);
#4972=ORIENTED_EDGE('',*,*,#3657,.F.);
#4973=ORIENTED_EDGE('',*,*,#3804,.F.);
#4974=ORIENTED_EDGE('',*,*,#3681,.T.);
#4975=ORIENTED_EDGE('',*,*,#3803,.T.);
#4976=ORIENTED_EDGE('',*,*,#3656,.F.);
#4977=ORIENTED_EDGE('',*,*,#3721,.T.);
#4978=ORIENTED_EDGE('',*,*,#3682,.T.);
#4979=ORIENTED_EDGE('',*,*,#3804,.T.);
#4980=ORIENTED_EDGE('',*,*,#3655,.F.);
#4981=ORIENTED_EDGE('',*,*,#3504,.T.);
#4982=ORIENTED_EDGE('',*,*,#3483,.T.);
#4983=ORIENTED_EDGE('',*,*,#3497,.T.);
#4984=ORIENTED_EDGE('',*,*,#3486,.T.);
#4985=ORIENTED_EDGE('',*,*,#3674,.F.);
#4986=ORIENTED_EDGE('',*,*,#3668,.F.);
#4987=ORIENTED_EDGE('',*,*,#3805,.F.);
#4988=ORIENTED_EDGE('',*,*,#3806,.F.);
#4989=ORIENTED_EDGE('',*,*,#3667,.F.);
#4990=ORIENTED_EDGE('',*,*,#3807,.F.);
#4991=ORIENTED_EDGE('',*,*,#3796,.F.);
#4992=ORIENTED_EDGE('',*,*,#3789,.T.);
#4993=ORIENTED_EDGE('',*,*,#3808,.F.);
#4994=ORIENTED_EDGE('',*,*,#3805,.T.);
#4995=ORIENTED_EDGE('',*,*,#3809,.T.);
#4996=ORIENTED_EDGE('',*,*,#3810,.T.);
#4997=ORIENTED_EDGE('',*,*,#3754,.T.);
#4998=ORIENTED_EDGE('',*,*,#3811,.T.);
#4999=ORIENTED_EDGE('',*,*,#3746,.T.);
#5000=ORIENTED_EDGE('',*,*,#3676,.F.);
#5001=ORIENTED_EDGE('',*,*,#3806,.T.);
#5002=ORIENTED_EDGE('',*,*,#3808,.T.);
#5003=ORIENTED_EDGE('',*,*,#3788,.T.);
#5004=ORIENTED_EDGE('',*,*,#3771,.F.);
#5005=ORIENTED_EDGE('',*,*,#3812,.F.);
#5006=ORIENTED_EDGE('',*,*,#3809,.F.);
#5007=ORIENTED_EDGE('',*,*,#3675,.F.);
#5008=ORIENTED_EDGE('',*,*,#3813,.F.);
#5009=ORIENTED_EDGE('',*,*,#3814,.F.);
#5010=ORIENTED_EDGE('',*,*,#3515,.T.);
#5011=ORIENTED_EDGE('',*,*,#3699,.F.);
#5012=ORIENTED_EDGE('',*,*,#3813,.T.);
#5013=ORIENTED_EDGE('',*,*,#3700,.F.);
#5014=ORIENTED_EDGE('',*,*,#3513,.T.);
#5015=ORIENTED_EDGE('',*,*,#3815,.F.);
#5016=ORIENTED_EDGE('',*,*,#3816,.F.);
#5017=ORIENTED_EDGE('',*,*,#3817,.F.);
#5018=ORIENTED_EDGE('',*,*,#3519,.T.);
#5019=ORIENTED_EDGE('',*,*,#3701,.F.);
#5020=ORIENTED_EDGE('',*,*,#3816,.T.);
#5021=ORIENTED_EDGE('',*,*,#3702,.F.);
#5022=ORIENTED_EDGE('',*,*,#3517,.T.);
#5023=ORIENTED_EDGE('',*,*,#3818,.F.);
#5024=ORIENTED_EDGE('',*,*,#3690,.F.);
#5025=ORIENTED_EDGE('',*,*,#3819,.T.);
#5026=ORIENTED_EDGE('',*,*,#3820,.T.);
#5027=ORIENTED_EDGE('',*,*,#3821,.T.);
#5028=ORIENTED_EDGE('',*,*,#3819,.F.);
#5029=ORIENTED_EDGE('',*,*,#3698,.F.);
#5030=ORIENTED_EDGE('',*,*,#3822,.F.);
#5031=ORIENTED_EDGE('',*,*,#3823,.F.);
#5032=ORIENTED_EDGE('',*,*,#3822,.T.);
#5033=ORIENTED_EDGE('',*,*,#3697,.F.);
#5034=ORIENTED_EDGE('',*,*,#3824,.F.);
#5035=ORIENTED_EDGE('',*,*,#3825,.F.);
#5036=ORIENTED_EDGE('',*,*,#3824,.T.);
#5037=ORIENTED_EDGE('',*,*,#3696,.F.);
#5038=ORIENTED_EDGE('',*,*,#3712,.F.);
#5039=ORIENTED_EDGE('',*,*,#3826,.F.);
#5040=ORIENTED_EDGE('',*,*,#3710,.F.);
#5041=ORIENTED_EDGE('',*,*,#3693,.F.);
#5042=ORIENTED_EDGE('',*,*,#3827,.F.);
#5043=ORIENTED_EDGE('',*,*,#3828,.F.);
#5044=ORIENTED_EDGE('',*,*,#3827,.T.);
#5045=ORIENTED_EDGE('',*,*,#3692,.F.);
#5046=ORIENTED_EDGE('',*,*,#3829,.F.);
#5047=ORIENTED_EDGE('',*,*,#3830,.F.);
#5048=ORIENTED_EDGE('',*,*,#3707,.F.);
#5049=ORIENTED_EDGE('',*,*,#3831,.T.);
#5050=ORIENTED_EDGE('',*,*,#3731,.T.);
#5051=ORIENTED_EDGE('',*,*,#3706,.F.);
#5052=ORIENTED_EDGE('',*,*,#3743,.F.);
#5053=ORIENTED_EDGE('',*,*,#3832,.F.);
#5054=ORIENTED_EDGE('',*,*,#3732,.T.);
#5055=ORIENTED_EDGE('',*,*,#3831,.F.);
#5056=ORIENTED_EDGE('',*,*,#3606,.F.);
#5057=ORIENTED_EDGE('',*,*,#3833,.F.);
#5058=ORIENTED_EDGE('',*,*,#3834,.F.);
#5059=ORIENTED_EDGE('',*,*,#3835,.F.);
#5060=ORIENTED_EDGE('',*,*,#3836,.F.);
#5061=ORIENTED_EDGE('',*,*,#3837,.F.);
#5062=ORIENTED_EDGE('',*,*,#3838,.F.);
#5063=ORIENTED_EDGE('',*,*,#3713,.F.);
#5064=ORIENTED_EDGE('',*,*,#3825,.T.);
#5065=ORIENTED_EDGE('',*,*,#3826,.T.);
#5066=ORIENTED_EDGE('',*,*,#3711,.F.);
#5067=ORIENTED_EDGE('',*,*,#3828,.T.);
#5068=ORIENTED_EDGE('',*,*,#3830,.T.);
#5069=ORIENTED_EDGE('',*,*,#3839,.T.);
#5070=ORIENTED_EDGE('',*,*,#3820,.F.);
#5071=ORIENTED_EDGE('',*,*,#3823,.T.);
#5072=ORIENTED_EDGE('',*,*,#3530,.T.);
#5073=ORIENTED_EDGE('',*,*,#3840,.T.);
#5074=ORIENTED_EDGE('',*,*,#3841,.T.);
#5075=ORIENTED_EDGE('',*,*,#3526,.T.);
#5076=ORIENTED_EDGE('',*,*,#3842,.T.);
#5077=ORIENTED_EDGE('',*,*,#3843,.T.);
#5078=ORIENTED_EDGE('',*,*,#3723,.T.);
#5079=ORIENTED_EDGE('',*,*,#3832,.T.);
#5080=ORIENTED_EDGE('',*,*,#3742,.F.);
#5081=ORIENTED_EDGE('',*,*,#3844,.F.);
#5082=ORIENTED_EDGE('',*,*,#3741,.F.);
#5083=ORIENTED_EDGE('',*,*,#3626,.F.);
#5084=ORIENTED_EDGE('',*,*,#3724,.T.);
#5085=ORIENTED_EDGE('',*,*,#3844,.T.);
#5086=ORIENTED_EDGE('',*,*,#3708,.T.);
#5087=ORIENTED_EDGE('',*,*,#3838,.T.);
#5088=ORIENTED_EDGE('',*,*,#3845,.T.);
#5089=ORIENTED_EDGE('',*,*,#3846,.T.);
#5090=ORIENTED_EDGE('',*,*,#3725,.T.);
#5091=ORIENTED_EDGE('',*,*,#3847,.F.);
#5092=ORIENTED_EDGE('',*,*,#3848,.F.);
#5093=ORIENTED_EDGE('',*,*,#3726,.T.);
#5094=ORIENTED_EDGE('',*,*,#3846,.F.);
#5095=ORIENTED_EDGE('',*,*,#3848,.T.);
#5096=ORIENTED_EDGE('',*,*,#3849,.T.);
#5097=ORIENTED_EDGE('',*,*,#3850,.T.);
#5098=ORIENTED_EDGE('',*,*,#3727,.T.);
#5099=ORIENTED_EDGE('',*,*,#3850,.F.);
#5100=ORIENTED_EDGE('',*,*,#3851,.T.);
#5101=ORIENTED_EDGE('',*,*,#3852,.T.);
#5102=ORIENTED_EDGE('',*,*,#3728,.T.);
#5103=ORIENTED_EDGE('',*,*,#3729,.T.);
#5104=ORIENTED_EDGE('',*,*,#3852,.F.);
#5105=ORIENTED_EDGE('',*,*,#3853,.F.);
#5106=ORIENTED_EDGE('',*,*,#3854,.F.);
#5107=ORIENTED_EDGE('',*,*,#3854,.T.);
#5108=ORIENTED_EDGE('',*,*,#3855,.T.);
#5109=ORIENTED_EDGE('',*,*,#3833,.T.);
#5110=ORIENTED_EDGE('',*,*,#3704,.T.);
#5111=ORIENTED_EDGE('',*,*,#3730,.T.);
#5112=ORIENTED_EDGE('',*,*,#3748,.T.);
#5113=ORIENTED_EDGE('',*,*,#3856,.F.);
#5114=ORIENTED_EDGE('',*,*,#3752,.T.);
#5115=ORIENTED_EDGE('',*,*,#3857,.F.);
#5116=ORIENTED_EDGE('',*,*,#3633,.F.);
#5117=ORIENTED_EDGE('',*,*,#3749,.T.);
#5118=ORIENTED_EDGE('',*,*,#3857,.T.);
#5119=ORIENTED_EDGE('',*,*,#3751,.T.);
#5120=ORIENTED_EDGE('',*,*,#3858,.T.);
#5121=ORIENTED_EDGE('',*,*,#3769,.T.);
#5122=ORIENTED_EDGE('',*,*,#3760,.T.);
#5123=ORIENTED_EDGE('',*,*,#3859,.T.);
#5124=ORIENTED_EDGE('',*,*,#3860,.T.);
#5125=ORIENTED_EDGE('',*,*,#3811,.F.);
#5126=ORIENTED_EDGE('',*,*,#3753,.T.);
#5127=ORIENTED_EDGE('',*,*,#3856,.T.);
#5128=ORIENTED_EDGE('',*,*,#3747,.F.);
#5129=ORIENTED_EDGE('',*,*,#3861,.T.);
#5130=ORIENTED_EDGE('',*,*,#3862,.T.);
#5131=ORIENTED_EDGE('',*,*,#3755,.T.);
#5132=ORIENTED_EDGE('',*,*,#3810,.F.);
#5133=ORIENTED_EDGE('',*,*,#3863,.T.);
#5134=ORIENTED_EDGE('',*,*,#3864,.F.);
#5135=ORIENTED_EDGE('',*,*,#3865,.F.);
#5136=ORIENTED_EDGE('',*,*,#3756,.T.);
#5137=ORIENTED_EDGE('',*,*,#3862,.F.);
#5138=ORIENTED_EDGE('',*,*,#3865,.T.);
#5139=ORIENTED_EDGE('',*,*,#3866,.T.);
#5140=ORIENTED_EDGE('',*,*,#3867,.T.);
#5141=ORIENTED_EDGE('',*,*,#3757,.T.);
#5142=ORIENTED_EDGE('',*,*,#3867,.F.);
#5143=ORIENTED_EDGE('',*,*,#3868,.T.);
#5144=ORIENTED_EDGE('',*,*,#3869,.T.);
#5145=ORIENTED_EDGE('',*,*,#3758,.T.);
#5146=ORIENTED_EDGE('',*,*,#3759,.T.);
#5147=ORIENTED_EDGE('',*,*,#3869,.F.);
#5148=ORIENTED_EDGE('',*,*,#3870,.F.);
#5149=ORIENTED_EDGE('',*,*,#3859,.F.);
#5150=ORIENTED_EDGE('',*,*,#3871,.T.);
#5151=ORIENTED_EDGE('',*,*,#3872,.T.);
#5152=ORIENTED_EDGE('',*,*,#3873,.T.);
#5153=ORIENTED_EDGE('',*,*,#3774,.F.);
#5154=ORIENTED_EDGE('',*,*,#3874,.T.);
#5155=ORIENTED_EDGE('',*,*,#3875,.T.);
#5156=ORIENTED_EDGE('',*,*,#3876,.T.);
#5157=ORIENTED_EDGE('',*,*,#3877,.T.);
#5158=ORIENTED_EDGE('',*,*,#3544,.T.);
#5159=ORIENTED_EDGE('',*,*,#3878,.T.);
#5160=ORIENTED_EDGE('',*,*,#3879,.T.);
#5161=ORIENTED_EDGE('',*,*,#3536,.T.);
#5162=ORIENTED_EDGE('',*,*,#3880,.T.);
#5163=ORIENTED_EDGE('',*,*,#3881,.T.);
#5164=ORIENTED_EDGE('',*,*,#3882,.T.);
#5165=ORIENTED_EDGE('',*,*,#3883,.T.);
#5166=ORIENTED_EDGE('',*,*,#3778,.T.);
#5167=ORIENTED_EDGE('',*,*,#3800,.T.);
#5168=ORIENTED_EDGE('',*,*,#3798,.T.);
#5169=ORIENTED_EDGE('',*,*,#3779,.T.);
#5170=ORIENTED_EDGE('',*,*,#3883,.F.);
#5171=ORIENTED_EDGE('',*,*,#3884,.T.);
#5172=ORIENTED_EDGE('',*,*,#3775,.T.);
#5173=ORIENTED_EDGE('',*,*,#3873,.F.);
#5174=ORIENTED_EDGE('',*,*,#3885,.T.);
#5175=ORIENTED_EDGE('',*,*,#3781,.T.);
#5176=ORIENTED_EDGE('',*,*,#3782,.T.);
#5177=ORIENTED_EDGE('',*,*,#3885,.F.);
#5178=ORIENTED_EDGE('',*,*,#3872,.F.);
#5179=ORIENTED_EDGE('',*,*,#3886,.F.);
#5180=ORIENTED_EDGE('',*,*,#3886,.T.);
#5181=ORIENTED_EDGE('',*,*,#3871,.F.);
#5182=ORIENTED_EDGE('',*,*,#3887,.T.);
#5183=ORIENTED_EDGE('',*,*,#3783,.T.);
#5184=ORIENTED_EDGE('',*,*,#3784,.T.);
#5185=ORIENTED_EDGE('',*,*,#3887,.F.);
#5186=ORIENTED_EDGE('',*,*,#3877,.F.);
#5187=ORIENTED_EDGE('',*,*,#3888,.T.);
#5188=ORIENTED_EDGE('',*,*,#3888,.F.);
#5189=ORIENTED_EDGE('',*,*,#3876,.F.);
#5190=ORIENTED_EDGE('',*,*,#3889,.T.);
#5191=ORIENTED_EDGE('',*,*,#3785,.T.);
#5192=ORIENTED_EDGE('',*,*,#3786,.T.);
#5193=ORIENTED_EDGE('',*,*,#3889,.F.);
#5194=ORIENTED_EDGE('',*,*,#3875,.F.);
#5195=ORIENTED_EDGE('',*,*,#3890,.F.);
#5196=ORIENTED_EDGE('',*,*,#3890,.T.);
#5197=ORIENTED_EDGE('',*,*,#3874,.F.);
#5198=ORIENTED_EDGE('',*,*,#3773,.F.);
#5199=ORIENTED_EDGE('',*,*,#3787,.T.);
#5200=ORIENTED_EDGE('',*,*,#3891,.T.);
#5201=ORIENTED_EDGE('',*,*,#3892,.T.);
#5202=ORIENTED_EDGE('',*,*,#3795,.T.);
#5203=ORIENTED_EDGE('',*,*,#3893,.T.);
#5204=ORIENTED_EDGE('',*,*,#3894,.T.);
#5205=ORIENTED_EDGE('',*,*,#3793,.T.);
#5206=ORIENTED_EDGE('',*,*,#3892,.F.);
#5207=ORIENTED_EDGE('',*,*,#3895,.T.);
#5208=ORIENTED_EDGE('',*,*,#3794,.T.);
#5209=ORIENTED_EDGE('',*,*,#3894,.F.);
#5210=ORIENTED_EDGE('',*,*,#3896,.F.);
#5211=ORIENTED_EDGE('',*,*,#3893,.F.);
#5212=ORIENTED_EDGE('',*,*,#3799,.T.);
#5213=ORIENTED_EDGE('',*,*,#3884,.F.);
#5214=ORIENTED_EDGE('',*,*,#3882,.F.);
#5215=ORIENTED_EDGE('',*,*,#3548,.T.);
#5216=ORIENTED_EDGE('',*,*,#3897,.T.);
#5217=ORIENTED_EDGE('',*,*,#3898,.T.);
#5218=ORIENTED_EDGE('',*,*,#3646,.T.);
#5219=ORIENTED_EDGE('',*,*,#3510,.T.);
#5220=ORIENTED_EDGE('',*,*,#3797,.T.);
#5221=ORIENTED_EDGE('',*,*,#3807,.T.);
#5222=ORIENTED_EDGE('',*,*,#3666,.T.);
#5223=ORIENTED_EDGE('',*,*,#3512,.T.);
#5224=ORIENTED_EDGE('',*,*,#3814,.T.);
#5225=ORIENTED_EDGE('',*,*,#3815,.T.);
#5226=ORIENTED_EDGE('',*,*,#3899,.T.);
#5227=ORIENTED_EDGE('',*,*,#3534,.T.);
#5228=ORIENTED_EDGE('',*,*,#3900,.T.);
#5229=ORIENTED_EDGE('',*,*,#3516,.T.);
#5230=ORIENTED_EDGE('',*,*,#3817,.T.);
#5231=ORIENTED_EDGE('',*,*,#3818,.T.);
#5232=ORIENTED_EDGE('',*,*,#3901,.T.);
#5233=ORIENTED_EDGE('',*,*,#3522,.T.);
#5234=ORIENTED_EDGE('',*,*,#3902,.T.);
#5235=ORIENTED_EDGE('',*,*,#3829,.T.);
#5236=ORIENTED_EDGE('',*,*,#3691,.F.);
#5237=ORIENTED_EDGE('',*,*,#3821,.F.);
#5238=ORIENTED_EDGE('',*,*,#3839,.F.);
#5239=ORIENTED_EDGE('',*,*,#3853,.T.);
#5240=ORIENTED_EDGE('',*,*,#3903,.F.);
#5241=ORIENTED_EDGE('',*,*,#3834,.T.);
#5242=ORIENTED_EDGE('',*,*,#3855,.F.);
#5243=ORIENTED_EDGE('',*,*,#3904,.T.);
#5244=ORIENTED_EDGE('',*,*,#3835,.T.);
#5245=ORIENTED_EDGE('',*,*,#3903,.T.);
#5246=ORIENTED_EDGE('',*,*,#3851,.F.);
#5247=ORIENTED_EDGE('',*,*,#3905,.T.);
#5248=ORIENTED_EDGE('',*,*,#3836,.T.);
#5249=ORIENTED_EDGE('',*,*,#3904,.F.);
#5250=ORIENTED_EDGE('',*,*,#3849,.F.);
#5251=ORIENTED_EDGE('',*,*,#3847,.T.);
#5252=ORIENTED_EDGE('',*,*,#3845,.F.);
#5253=ORIENTED_EDGE('',*,*,#3837,.T.);
#5254=ORIENTED_EDGE('',*,*,#3905,.F.);
#5255=ORIENTED_EDGE('',*,*,#3734,.F.);
#5256=ORIENTED_EDGE('',*,*,#3906,.F.);
#5257=ORIENTED_EDGE('',*,*,#3902,.F.);
#5258=ORIENTED_EDGE('',*,*,#3521,.T.);
#5259=ORIENTED_EDGE('',*,*,#3906,.T.);
#5260=ORIENTED_EDGE('',*,*,#3733,.F.);
#5261=ORIENTED_EDGE('',*,*,#3523,.T.);
#5262=ORIENTED_EDGE('',*,*,#3901,.F.);
#5263=ORIENTED_EDGE('',*,*,#3525,.T.);
#5264=ORIENTED_EDGE('',*,*,#3736,.F.);
#5265=ORIENTED_EDGE('',*,*,#3907,.F.);
#5266=ORIENTED_EDGE('',*,*,#3842,.F.);
#5267=ORIENTED_EDGE('',*,*,#3907,.T.);
#5268=ORIENTED_EDGE('',*,*,#3735,.F.);
#5269=ORIENTED_EDGE('',*,*,#3527,.T.);
#5270=ORIENTED_EDGE('',*,*,#3843,.F.);
#5271=ORIENTED_EDGE('',*,*,#3529,.T.);
#5272=ORIENTED_EDGE('',*,*,#3738,.F.);
#5273=ORIENTED_EDGE('',*,*,#3908,.F.);
#5274=ORIENTED_EDGE('',*,*,#3840,.F.);
#5275=ORIENTED_EDGE('',*,*,#3908,.T.);
#5276=ORIENTED_EDGE('',*,*,#3737,.F.);
#5277=ORIENTED_EDGE('',*,*,#3531,.T.);
#5278=ORIENTED_EDGE('',*,*,#3841,.F.);
#5279=ORIENTED_EDGE('',*,*,#3740,.F.);
#5280=ORIENTED_EDGE('',*,*,#3909,.F.);
#5281=ORIENTED_EDGE('',*,*,#3900,.F.);
#5282=ORIENTED_EDGE('',*,*,#3533,.T.);
#5283=ORIENTED_EDGE('',*,*,#3909,.T.);
#5284=ORIENTED_EDGE('',*,*,#3739,.F.);
#5285=ORIENTED_EDGE('',*,*,#3535,.T.);
#5286=ORIENTED_EDGE('',*,*,#3899,.F.);
#5287=ORIENTED_EDGE('',*,*,#3539,.T.);
#5288=ORIENTED_EDGE('',*,*,#3762,.F.);
#5289=ORIENTED_EDGE('',*,*,#3910,.F.);
#5290=ORIENTED_EDGE('',*,*,#3880,.F.);
#5291=ORIENTED_EDGE('',*,*,#3910,.T.);
#5292=ORIENTED_EDGE('',*,*,#3761,.F.);
#5293=ORIENTED_EDGE('',*,*,#3537,.T.);
#5294=ORIENTED_EDGE('',*,*,#3881,.F.);
#5295=ORIENTED_EDGE('',*,*,#3543,.T.);
#5296=ORIENTED_EDGE('',*,*,#3764,.F.);
#5297=ORIENTED_EDGE('',*,*,#3911,.F.);
#5298=ORIENTED_EDGE('',*,*,#3912,.F.);
#5299=ORIENTED_EDGE('',*,*,#3896,.T.);
#5300=ORIENTED_EDGE('',*,*,#3895,.F.);
#5301=ORIENTED_EDGE('',*,*,#3891,.F.);
#5302=ORIENTED_EDGE('',*,*,#3540,.T.);
#5303=ORIENTED_EDGE('',*,*,#3912,.T.);
#5304=ORIENTED_EDGE('',*,*,#3913,.T.);
#5305=ORIENTED_EDGE('',*,*,#3911,.T.);
#5306=ORIENTED_EDGE('',*,*,#3763,.F.);
#5307=ORIENTED_EDGE('',*,*,#3541,.T.);
#5308=ORIENTED_EDGE('',*,*,#3913,.F.);
#5309=ORIENTED_EDGE('',*,*,#3547,.T.);
#5310=ORIENTED_EDGE('',*,*,#3766,.F.);
#5311=ORIENTED_EDGE('',*,*,#3914,.F.);
#5312=ORIENTED_EDGE('',*,*,#3878,.F.);
#5313=ORIENTED_EDGE('',*,*,#3914,.T.);
#5314=ORIENTED_EDGE('',*,*,#3765,.F.);
#5315=ORIENTED_EDGE('',*,*,#3545,.T.);
#5316=ORIENTED_EDGE('',*,*,#3879,.F.);
#5317=ORIENTED_EDGE('',*,*,#3551,.T.);
#5318=ORIENTED_EDGE('',*,*,#3768,.F.);
#5319=ORIENTED_EDGE('',*,*,#3915,.F.);
#5320=ORIENTED_EDGE('',*,*,#3897,.F.);
#5321=ORIENTED_EDGE('',*,*,#3915,.T.);
#5322=ORIENTED_EDGE('',*,*,#3767,.F.);
#5323=ORIENTED_EDGE('',*,*,#3549,.T.);
#5324=ORIENTED_EDGE('',*,*,#3898,.F.);
#5325=ORIENTED_EDGE('',*,*,#3863,.F.);
#5326=ORIENTED_EDGE('',*,*,#3812,.T.);
#5327=ORIENTED_EDGE('',*,*,#3770,.F.);
#5328=ORIENTED_EDGE('',*,*,#3858,.F.);
#5329=ORIENTED_EDGE('',*,*,#3916,.T.);
#5330=ORIENTED_EDGE('',*,*,#3917,.T.);
#5331=ORIENTED_EDGE('',*,*,#3918,.T.);
#5332=ORIENTED_EDGE('',*,*,#3919,.T.);
#5333=ORIENTED_EDGE('',*,*,#3920,.T.);
#5334=ORIENTED_EDGE('',*,*,#3921,.T.);
#5335=ORIENTED_EDGE('',*,*,#3554,.T.);
#5336=ORIENTED_EDGE('',*,*,#3864,.T.);
#5337=ORIENTED_EDGE('',*,*,#3861,.F.);
#5338=ORIENTED_EDGE('',*,*,#3919,.F.);
#5339=ORIENTED_EDGE('',*,*,#3922,.F.);
#5340=ORIENTED_EDGE('',*,*,#3922,.T.);
#5341=ORIENTED_EDGE('',*,*,#3918,.F.);
#5342=ORIENTED_EDGE('',*,*,#3923,.T.);
#5343=ORIENTED_EDGE('',*,*,#3866,.F.);
#5344=ORIENTED_EDGE('',*,*,#3923,.F.);
#5345=ORIENTED_EDGE('',*,*,#3917,.F.);
#5346=ORIENTED_EDGE('',*,*,#3924,.T.);
#5347=ORIENTED_EDGE('',*,*,#3868,.F.);
#5348=ORIENTED_EDGE('',*,*,#3870,.T.);
#5349=ORIENTED_EDGE('',*,*,#3924,.F.);
#5350=ORIENTED_EDGE('',*,*,#3916,.F.);
#5351=ORIENTED_EDGE('',*,*,#3860,.F.);
#5352=ORIENTED_EDGE('',*,*,#3925,.F.);
#5353=ORIENTED_EDGE('',*,*,#3920,.F.);
#5354=ORIENTED_EDGE('',*,*,#3553,.T.);
#5355=ORIENTED_EDGE('',*,*,#3792,.F.);
#5356=ORIENTED_EDGE('',*,*,#3555,.T.);
#5357=ORIENTED_EDGE('',*,*,#3921,.F.);
#5358=ORIENTED_EDGE('',*,*,#3925,.T.);
#5359=ORIENTED_EDGE('',*,*,#3791,.F.);
#5360=ORIENTED_EDGE('',*,*,#3926,.F.);
#5361=ORIENTED_EDGE('',*,*,#3927,.T.);
#5362=ORIENTED_EDGE('',*,*,#3928,.F.);
#5363=ORIENTED_EDGE('',*,*,#3927,.F.);
#5364=ORIENTED_EDGE('',*,*,#3929,.F.);
#5365=ORIENTED_EDGE('',*,*,#3930,.T.);
#5366=ORIENTED_EDGE('',*,*,#3931,.F.);
#5367=ORIENTED_EDGE('',*,*,#3930,.F.);
#5368=ORIENTED_EDGE('',*,*,#3932,.F.);
#5369=ORIENTED_EDGE('',*,*,#3933,.T.);
#5370=ORIENTED_EDGE('',*,*,#3934,.F.);
#5371=ORIENTED_EDGE('',*,*,#3933,.F.);
#5372=ORIENTED_EDGE('',*,*,#3935,.F.);
#5373=ORIENTED_EDGE('',*,*,#3936,.T.);
#5374=ORIENTED_EDGE('',*,*,#3937,.F.);
#5375=ORIENTED_EDGE('',*,*,#3936,.F.);
#5376=ORIENTED_EDGE('',*,*,#3938,.F.);
#5377=ORIENTED_EDGE('',*,*,#3939,.T.);
#5378=ORIENTED_EDGE('',*,*,#3940,.T.);
#5379=ORIENTED_EDGE('',*,*,#3939,.F.);
#5380=ORIENTED_EDGE('',*,*,#3938,.T.);
#5381=ORIENTED_EDGE('',*,*,#3926,.T.);
#5382=ORIENTED_EDGE('',*,*,#3929,.T.);
#5383=ORIENTED_EDGE('',*,*,#3932,.T.);
#5384=ORIENTED_EDGE('',*,*,#3935,.T.);
#5385=ORIENTED_EDGE('',*,*,#3940,.F.);
#5386=ORIENTED_EDGE('',*,*,#3928,.T.);
#5387=ORIENTED_EDGE('',*,*,#3931,.T.);
#5388=ORIENTED_EDGE('',*,*,#3934,.T.);
#5389=ORIENTED_EDGE('',*,*,#3937,.T.);
#5390=ORIENTED_EDGE('',*,*,#3941,.F.);
#5391=ORIENTED_EDGE('',*,*,#3942,.T.);
#5392=ORIENTED_EDGE('',*,*,#3943,.F.);
#5393=ORIENTED_EDGE('',*,*,#3944,.T.);
#5394=ORIENTED_EDGE('',*,*,#3945,.F.);
#5395=ORIENTED_EDGE('',*,*,#3946,.F.);
#5396=ORIENTED_EDGE('',*,*,#3947,.F.);
#5397=ORIENTED_EDGE('',*,*,#3942,.F.);
#5398=ORIENTED_EDGE('',*,*,#3948,.F.);
#5399=ORIENTED_EDGE('',*,*,#3949,.T.);
#5400=ORIENTED_EDGE('',*,*,#3950,.F.);
#5401=ORIENTED_EDGE('',*,*,#3951,.T.);
#5402=ORIENTED_EDGE('',*,*,#3952,.F.);
#5403=ORIENTED_EDGE('',*,*,#3953,.F.);
#5404=ORIENTED_EDGE('',*,*,#3954,.F.);
#5405=ORIENTED_EDGE('',*,*,#3949,.F.);
#5406=ORIENTED_EDGE('',*,*,#3955,.F.);
#5407=ORIENTED_EDGE('',*,*,#3956,.T.);
#5408=ORIENTED_EDGE('',*,*,#3957,.F.);
#5409=ORIENTED_EDGE('',*,*,#3958,.T.);
#5410=ORIENTED_EDGE('',*,*,#3959,.F.);
#5411=ORIENTED_EDGE('',*,*,#3960,.F.);
#5412=ORIENTED_EDGE('',*,*,#3961,.F.);
#5413=ORIENTED_EDGE('',*,*,#3956,.F.);
#5414=ORIENTED_EDGE('',*,*,#3962,.F.);
#5415=ORIENTED_EDGE('',*,*,#3963,.T.);
#5416=ORIENTED_EDGE('',*,*,#3964,.F.);
#5417=ORIENTED_EDGE('',*,*,#3965,.T.);
#5418=ORIENTED_EDGE('',*,*,#3966,.F.);
#5419=ORIENTED_EDGE('',*,*,#3967,.F.);
#5420=ORIENTED_EDGE('',*,*,#3968,.F.);
#5421=ORIENTED_EDGE('',*,*,#3963,.F.);
#5422=ORIENTED_EDGE('',*,*,#3969,.F.);
#5423=ORIENTED_EDGE('',*,*,#3970,.T.);
#5424=ORIENTED_EDGE('',*,*,#3971,.F.);
#5425=ORIENTED_EDGE('',*,*,#3972,.T.);
#5426=ORIENTED_EDGE('',*,*,#3973,.F.);
#5427=ORIENTED_EDGE('',*,*,#3974,.F.);
#5428=ORIENTED_EDGE('',*,*,#3975,.F.);
#5429=ORIENTED_EDGE('',*,*,#3970,.F.);
#5430=ORIENTED_EDGE('',*,*,#3976,.F.);
#5431=ORIENTED_EDGE('',*,*,#3977,.T.);
#5432=ORIENTED_EDGE('',*,*,#3978,.F.);
#5433=ORIENTED_EDGE('',*,*,#3979,.F.);
#5434=ORIENTED_EDGE('',*,*,#3980,.F.);
#5435=ORIENTED_EDGE('',*,*,#3981,.T.);
#5436=ORIENTED_EDGE('',*,*,#3982,.F.);
#5437=ORIENTED_EDGE('',*,*,#3983,.F.);
#5438=ORIENTED_EDGE('',*,*,#3984,.T.);
#5439=ORIENTED_EDGE('',*,*,#3985,.F.);
#5440=ORIENTED_EDGE('',*,*,#3986,.F.);
#5441=ORIENTED_EDGE('',*,*,#3987,.T.);
#5442=ORIENTED_EDGE('',*,*,#3988,.F.);
#5443=ORIENTED_EDGE('',*,*,#3987,.F.);
#5444=ORIENTED_EDGE('',*,*,#3989,.F.);
#5445=ORIENTED_EDGE('',*,*,#3990,.T.);
#5446=ORIENTED_EDGE('',*,*,#3991,.T.);
#5447=ORIENTED_EDGE('',*,*,#3990,.F.);
#5448=ORIENTED_EDGE('',*,*,#3992,.F.);
#5449=ORIENTED_EDGE('',*,*,#3993,.T.);
#5450=ORIENTED_EDGE('',*,*,#3994,.T.);
#5451=ORIENTED_EDGE('',*,*,#3995,.T.);
#5452=ORIENTED_EDGE('',*,*,#3996,.T.);
#5453=ORIENTED_EDGE('',*,*,#3993,.F.);
#5454=ORIENTED_EDGE('',*,*,#3997,.F.);
#5455=ORIENTED_EDGE('',*,*,#3998,.F.);
#5456=ORIENTED_EDGE('',*,*,#3999,.T.);
#5457=ORIENTED_EDGE('',*,*,#4000,.F.);
#5458=ORIENTED_EDGE('',*,*,#4001,.T.);
#5459=ORIENTED_EDGE('',*,*,#4002,.T.);
#5460=ORIENTED_EDGE('',*,*,#4003,.T.);
#5461=ORIENTED_EDGE('',*,*,#4004,.T.);
#5462=ORIENTED_EDGE('',*,*,#4005,.T.);
#5463=ORIENTED_EDGE('',*,*,#4004,.F.);
#5464=ORIENTED_EDGE('',*,*,#4006,.F.);
#5465=ORIENTED_EDGE('',*,*,#4007,.F.);
#5466=ORIENTED_EDGE('',*,*,#4008,.T.);
#5467=ORIENTED_EDGE('',*,*,#4009,.F.);
#5468=ORIENTED_EDGE('',*,*,#4010,.F.);
#5469=ORIENTED_EDGE('',*,*,#4011,.F.);
#5470=ORIENTED_EDGE('',*,*,#4012,.T.);
#5471=ORIENTED_EDGE('',*,*,#4013,.F.);
#5472=ORIENTED_EDGE('',*,*,#4014,.F.);
#5473=ORIENTED_EDGE('',*,*,#4015,.T.);
#5474=ORIENTED_EDGE('',*,*,#4016,.T.);
#5475=ORIENTED_EDGE('',*,*,#4017,.T.);
#5476=ORIENTED_EDGE('',*,*,#4018,.F.);
#5477=ORIENTED_EDGE('',*,*,#4019,.T.);
#5478=ORIENTED_EDGE('',*,*,#4020,.F.);
#5479=ORIENTED_EDGE('',*,*,#4019,.F.);
#5480=ORIENTED_EDGE('',*,*,#4021,.F.);
#5481=ORIENTED_EDGE('',*,*,#4022,.T.);
#5482=ORIENTED_EDGE('',*,*,#4023,.F.);
#5483=ORIENTED_EDGE('',*,*,#4022,.F.);
#5484=ORIENTED_EDGE('',*,*,#4024,.F.);
#5485=ORIENTED_EDGE('',*,*,#4025,.T.);
#5486=ORIENTED_EDGE('',*,*,#4026,.T.);
#5487=ORIENTED_EDGE('',*,*,#4025,.F.);
#5488=ORIENTED_EDGE('',*,*,#4027,.F.);
#5489=ORIENTED_EDGE('',*,*,#4028,.T.);
#5490=ORIENTED_EDGE('',*,*,#4029,.T.);
#5491=ORIENTED_EDGE('',*,*,#4028,.F.);
#5492=ORIENTED_EDGE('',*,*,#4030,.T.);
#5493=ORIENTED_EDGE('',*,*,#4031,.T.);
#5494=ORIENTED_EDGE('',*,*,#4032,.F.);
#5495=ORIENTED_EDGE('',*,*,#4031,.F.);
#5496=ORIENTED_EDGE('',*,*,#4033,.T.);
#5497=ORIENTED_EDGE('',*,*,#4034,.T.);
#5498=ORIENTED_EDGE('',*,*,#4035,.F.);
#5499=ORIENTED_EDGE('',*,*,#4034,.F.);
#5500=ORIENTED_EDGE('',*,*,#4036,.F.);
#5501=ORIENTED_EDGE('',*,*,#4037,.T.);
#5502=ORIENTED_EDGE('',*,*,#4038,.F.);
#5503=ORIENTED_EDGE('',*,*,#4039,.T.);
#5504=ORIENTED_EDGE('',*,*,#4040,.F.);
#5505=ORIENTED_EDGE('',*,*,#4041,.F.);
#5506=ORIENTED_EDGE('',*,*,#4042,.F.);
#5507=ORIENTED_EDGE('',*,*,#4043,.F.);
#5508=ORIENTED_EDGE('',*,*,#4044,.F.);
#5509=ORIENTED_EDGE('',*,*,#4045,.F.);
#5510=ORIENTED_EDGE('',*,*,#4046,.F.);
#5511=ORIENTED_EDGE('',*,*,#4047,.F.);
#5512=ORIENTED_EDGE('',*,*,#4048,.F.);
#5513=ORIENTED_EDGE('',*,*,#4049,.F.);
#5514=ORIENTED_EDGE('',*,*,#3977,.F.);
#5515=ORIENTED_EDGE('',*,*,#4050,.F.);
#5516=ORIENTED_EDGE('',*,*,#3981,.F.);
#5517=ORIENTED_EDGE('',*,*,#4051,.F.);
#5518=ORIENTED_EDGE('',*,*,#4052,.F.);
#5519=ORIENTED_EDGE('',*,*,#4053,.F.);
#5520=ORIENTED_EDGE('',*,*,#4054,.F.);
#5521=ORIENTED_EDGE('',*,*,#4055,.T.);
#5522=ORIENTED_EDGE('',*,*,#4056,.F.);
#5523=ORIENTED_EDGE('',*,*,#4057,.T.);
#5524=ORIENTED_EDGE('',*,*,#4058,.F.);
#5525=ORIENTED_EDGE('',*,*,#4059,.F.);
#5526=ORIENTED_EDGE('',*,*,#4060,.T.);
#5527=ORIENTED_EDGE('',*,*,#4061,.T.);
#5528=ORIENTED_EDGE('',*,*,#4062,.T.);
#5529=ORIENTED_EDGE('',*,*,#4063,.T.);
#5530=ORIENTED_EDGE('',*,*,#4064,.T.);
#5531=ORIENTED_EDGE('',*,*,#4065,.F.);
#5532=ORIENTED_EDGE('',*,*,#4066,.F.);
#5533=ORIENTED_EDGE('',*,*,#3973,.T.);
#5534=ORIENTED_EDGE('',*,*,#3969,.T.);
#5535=ORIENTED_EDGE('',*,*,#4067,.T.);
#5536=ORIENTED_EDGE('',*,*,#3966,.T.);
#5537=ORIENTED_EDGE('',*,*,#3962,.T.);
#5538=ORIENTED_EDGE('',*,*,#4068,.T.);
#5539=ORIENTED_EDGE('',*,*,#3959,.T.);
#5540=ORIENTED_EDGE('',*,*,#3955,.T.);
#5541=ORIENTED_EDGE('',*,*,#4069,.T.);
#5542=ORIENTED_EDGE('',*,*,#3952,.T.);
#5543=ORIENTED_EDGE('',*,*,#3948,.T.);
#5544=ORIENTED_EDGE('',*,*,#4070,.T.);
#5545=ORIENTED_EDGE('',*,*,#3945,.T.);
#5546=ORIENTED_EDGE('',*,*,#3941,.T.);
#5547=ORIENTED_EDGE('',*,*,#4071,.T.);
#5548=ORIENTED_EDGE('',*,*,#4072,.F.);
#5549=ORIENTED_EDGE('',*,*,#4073,.F.);
#5550=ORIENTED_EDGE('',*,*,#4066,.T.);
#5551=ORIENTED_EDGE('',*,*,#4074,.F.);
#5552=ORIENTED_EDGE('',*,*,#4075,.F.);
#5553=ORIENTED_EDGE('',*,*,#4073,.T.);
#5554=ORIENTED_EDGE('',*,*,#4076,.T.);
#5555=ORIENTED_EDGE('',*,*,#4077,.T.);
#5556=ORIENTED_EDGE('',*,*,#4078,.T.);
#5557=ORIENTED_EDGE('',*,*,#4036,.T.);
#5558=ORIENTED_EDGE('',*,*,#4079,.T.);
#5559=ORIENTED_EDGE('',*,*,#4080,.F.);
#5560=ORIENTED_EDGE('',*,*,#4081,.F.);
#5561=ORIENTED_EDGE('',*,*,#4038,.T.);
#5562=ORIENTED_EDGE('',*,*,#4082,.F.);
#5563=ORIENTED_EDGE('',*,*,#4040,.T.);
#5564=ORIENTED_EDGE('',*,*,#4083,.F.);
#5565=ORIENTED_EDGE('',*,*,#4084,.F.);
#5566=ORIENTED_EDGE('',*,*,#4085,.F.);
#5567=ORIENTED_EDGE('',*,*,#4086,.F.);
#5568=ORIENTED_EDGE('',*,*,#4041,.T.);
#5569=ORIENTED_EDGE('',*,*,#4086,.T.);
#5570=ORIENTED_EDGE('',*,*,#4087,.T.);
#5571=ORIENTED_EDGE('',*,*,#4088,.T.);
#5572=ORIENTED_EDGE('',*,*,#4042,.T.);
#5573=ORIENTED_EDGE('',*,*,#4088,.F.);
#5574=ORIENTED_EDGE('',*,*,#4089,.T.);
#5575=ORIENTED_EDGE('',*,*,#4090,.T.);
#5576=ORIENTED_EDGE('',*,*,#4043,.T.);
#5577=ORIENTED_EDGE('',*,*,#4090,.F.);
#5578=ORIENTED_EDGE('',*,*,#4091,.T.);
#5579=ORIENTED_EDGE('',*,*,#4092,.T.);
#5580=ORIENTED_EDGE('',*,*,#4092,.F.);
#5581=ORIENTED_EDGE('',*,*,#4093,.T.);
#5582=ORIENTED_EDGE('',*,*,#4094,.T.);
#5583=ORIENTED_EDGE('',*,*,#4095,.T.);
#5584=ORIENTED_EDGE('',*,*,#4096,.T.);
#5585=ORIENTED_EDGE('',*,*,#4044,.T.);
#5586=ORIENTED_EDGE('',*,*,#4097,.F.);
#5587=ORIENTED_EDGE('',*,*,#4045,.T.);
#5588=ORIENTED_EDGE('',*,*,#4096,.F.);
#5589=ORIENTED_EDGE('',*,*,#4098,.F.);
#5590=ORIENTED_EDGE('',*,*,#4046,.T.);
#5591=ORIENTED_EDGE('',*,*,#4097,.T.);
#5592=ORIENTED_EDGE('',*,*,#4099,.T.);
#5593=ORIENTED_EDGE('',*,*,#4100,.T.);
#5594=ORIENTED_EDGE('',*,*,#4047,.T.);
#5595=ORIENTED_EDGE('',*,*,#4100,.F.);
#5596=ORIENTED_EDGE('',*,*,#4101,.T.);
#5597=ORIENTED_EDGE('',*,*,#4102,.T.);
#5598=ORIENTED_EDGE('',*,*,#4103,.F.);
#5599=ORIENTED_EDGE('',*,*,#3978,.T.);
#5600=ORIENTED_EDGE('',*,*,#4049,.T.);
#5601=ORIENTED_EDGE('',*,*,#4048,.T.);
#5602=ORIENTED_EDGE('',*,*,#4101,.F.);
#5603=ORIENTED_EDGE('',*,*,#3976,.T.);
#5604=ORIENTED_EDGE('',*,*,#4104,.F.);
#5605=ORIENTED_EDGE('',*,*,#3984,.F.);
#5606=ORIENTED_EDGE('',*,*,#3983,.T.);
#5607=ORIENTED_EDGE('',*,*,#3982,.T.);
#5608=ORIENTED_EDGE('',*,*,#4050,.T.);
#5609=ORIENTED_EDGE('',*,*,#3980,.T.);
#5610=ORIENTED_EDGE('',*,*,#4105,.F.);
#5611=ORIENTED_EDGE('',*,*,#4106,.T.);
#5612=ORIENTED_EDGE('',*,*,#4107,.T.);
#5613=ORIENTED_EDGE('',*,*,#4108,.T.);
#5614=ORIENTED_EDGE('',*,*,#4051,.T.);
#5615=ORIENTED_EDGE('',*,*,#4109,.T.);
#5616=ORIENTED_EDGE('',*,*,#4052,.T.);
#5617=ORIENTED_EDGE('',*,*,#4108,.F.);
#5618=ORIENTED_EDGE('',*,*,#4110,.T.);
#5619=ORIENTED_EDGE('',*,*,#4111,.T.);
#5620=ORIENTED_EDGE('',*,*,#4053,.T.);
#5621=ORIENTED_EDGE('',*,*,#4109,.F.);
#5622=ORIENTED_EDGE('',*,*,#4111,.F.);
#5623=ORIENTED_EDGE('',*,*,#4112,.T.);
#5624=ORIENTED_EDGE('',*,*,#4113,.T.);
#5625=ORIENTED_EDGE('',*,*,#4054,.T.);
#5626=ORIENTED_EDGE('',*,*,#4113,.F.);
#5627=ORIENTED_EDGE('',*,*,#4114,.T.);
#5628=ORIENTED_EDGE('',*,*,#4115,.T.);
#5629=ORIENTED_EDGE('',*,*,#4116,.T.);
#5630=ORIENTED_EDGE('',*,*,#4056,.T.);
#5631=ORIENTED_EDGE('',*,*,#4117,.T.);
#5632=ORIENTED_EDGE('',*,*,#4118,.T.);
#5633=ORIENTED_EDGE('',*,*,#4119,.T.);
#5634=ORIENTED_EDGE('',*,*,#4120,.T.);
#5635=ORIENTED_EDGE('',*,*,#4121,.T.);
#5636=ORIENTED_EDGE('',*,*,#4058,.T.);
#5637=ORIENTED_EDGE('',*,*,#4122,.T.);
#5638=ORIENTED_EDGE('',*,*,#4123,.T.);
#5639=ORIENTED_EDGE('',*,*,#4124,.T.);
#5640=ORIENTED_EDGE('',*,*,#4125,.T.);
#5641=ORIENTED_EDGE('',*,*,#4126,.T.);
#5642=ORIENTED_EDGE('',*,*,#4127,.T.);
#5643=ORIENTED_EDGE('',*,*,#4059,.T.);
#5644=ORIENTED_EDGE('',*,*,#4127,.F.);
#5645=ORIENTED_EDGE('',*,*,#4128,.T.);
#5646=ORIENTED_EDGE('',*,*,#4129,.T.);
#5647=ORIENTED_EDGE('',*,*,#4130,.F.);
#5648=ORIENTED_EDGE('',*,*,#4064,.F.);
#5649=ORIENTED_EDGE('',*,*,#4131,.T.);
#5650=ORIENTED_EDGE('',*,*,#4132,.T.);
#5651=ORIENTED_EDGE('',*,*,#4065,.T.);
#5652=ORIENTED_EDGE('',*,*,#4132,.F.);
#5653=ORIENTED_EDGE('',*,*,#4133,.T.);
#5654=ORIENTED_EDGE('',*,*,#4134,.T.);
#5655=ORIENTED_EDGE('',*,*,#4135,.T.);
#5656=ORIENTED_EDGE('',*,*,#4074,.T.);
#5657=ORIENTED_EDGE('',*,*,#4075,.T.);
#5658=ORIENTED_EDGE('',*,*,#4135,.F.);
#5659=ORIENTED_EDGE('',*,*,#4136,.F.);
#5660=ORIENTED_EDGE('',*,*,#4137,.T.);
#5661=ORIENTED_EDGE('',*,*,#4138,.T.);
#5662=ORIENTED_EDGE('',*,*,#4139,.F.);
#5663=ORIENTED_EDGE('',*,*,#4140,.F.);
#5664=ORIENTED_EDGE('',*,*,#4141,.F.);
#5665=ORIENTED_EDGE('',*,*,#4142,.F.);
#5666=ORIENTED_EDGE('',*,*,#4143,.T.);
#5667=ORIENTED_EDGE('',*,*,#4084,.T.);
#5668=ORIENTED_EDGE('',*,*,#4144,.T.);
#5669=ORIENTED_EDGE('',*,*,#4080,.T.);
#5670=ORIENTED_EDGE('',*,*,#4145,.T.);
#5671=ORIENTED_EDGE('',*,*,#4076,.F.);
#5672=ORIENTED_EDGE('',*,*,#4072,.T.);
#5673=ORIENTED_EDGE('',*,*,#4142,.T.);
#5674=ORIENTED_EDGE('',*,*,#4146,.T.);
#5675=ORIENTED_EDGE('',*,*,#4147,.T.);
#5676=ORIENTED_EDGE('',*,*,#4148,.T.);
#5677=ORIENTED_EDGE('',*,*,#4149,.T.);
#5678=ORIENTED_EDGE('',*,*,#4150,.T.);
#5679=ORIENTED_EDGE('',*,*,#4105,.T.);
#5680=ORIENTED_EDGE('',*,*,#3985,.T.);
#5681=ORIENTED_EDGE('',*,*,#4104,.T.);
#5682=ORIENTED_EDGE('',*,*,#3979,.T.);
#5683=ORIENTED_EDGE('',*,*,#4103,.T.);
#5684=ORIENTED_EDGE('',*,*,#4151,.T.);
#5685=ORIENTED_EDGE('',*,*,#4152,.T.);
#5686=ORIENTED_EDGE('',*,*,#4094,.F.);
#5687=ORIENTED_EDGE('',*,*,#4153,.T.);
#5688=ORIENTED_EDGE('',*,*,#4154,.T.);
#5689=ORIENTED_EDGE('',*,*,#3988,.T.);
#5690=ORIENTED_EDGE('',*,*,#4078,.F.);
#5691=ORIENTED_EDGE('',*,*,#4155,.F.);
#5692=ORIENTED_EDGE('',*,*,#4082,.T.);
#5693=ORIENTED_EDGE('',*,*,#4037,.F.);
#5694=ORIENTED_EDGE('',*,*,#4039,.F.);
#5695=ORIENTED_EDGE('',*,*,#4081,.T.);
#5696=ORIENTED_EDGE('',*,*,#4144,.F.);
#5697=ORIENTED_EDGE('',*,*,#4083,.T.);
#5698=ORIENTED_EDGE('',*,*,#4087,.F.);
#5699=ORIENTED_EDGE('',*,*,#4085,.T.);
#5700=ORIENTED_EDGE('',*,*,#4143,.F.);
#5701=ORIENTED_EDGE('',*,*,#4156,.T.);
#5702=ORIENTED_EDGE('',*,*,#4157,.F.);
#5703=ORIENTED_EDGE('',*,*,#4089,.F.);
#5704=ORIENTED_EDGE('',*,*,#4156,.F.);
#5705=ORIENTED_EDGE('',*,*,#4154,.F.);
#5706=ORIENTED_EDGE('',*,*,#4093,.F.);
#5707=ORIENTED_EDGE('',*,*,#4091,.F.);
#5708=ORIENTED_EDGE('',*,*,#4157,.T.);
#5709=ORIENTED_EDGE('',*,*,#4153,.F.);
#5710=ORIENTED_EDGE('',*,*,#4098,.T.);
#5711=ORIENTED_EDGE('',*,*,#4095,.F.);
#5712=ORIENTED_EDGE('',*,*,#4152,.F.);
#5713=ORIENTED_EDGE('',*,*,#4158,.T.);
#5714=ORIENTED_EDGE('',*,*,#4102,.F.);
#5715=ORIENTED_EDGE('',*,*,#4099,.F.);
#5716=ORIENTED_EDGE('',*,*,#4158,.F.);
#5717=ORIENTED_EDGE('',*,*,#4151,.F.);
#5718=ORIENTED_EDGE('',*,*,#3996,.F.);
#5719=ORIENTED_EDGE('',*,*,#4159,.F.);
#5720=ORIENTED_EDGE('',*,*,#4160,.F.);
#5721=ORIENTED_EDGE('',*,*,#4161,.F.);
#5722=ORIENTED_EDGE('',*,*,#3999,.F.);
#5723=ORIENTED_EDGE('',*,*,#4162,.F.);
#5724=ORIENTED_EDGE('',*,*,#4163,.F.);
#5725=ORIENTED_EDGE('',*,*,#4001,.F.);
#5726=ORIENTED_EDGE('',*,*,#4164,.F.);
#5727=ORIENTED_EDGE('',*,*,#4107,.F.);
#5728=ORIENTED_EDGE('',*,*,#4165,.F.);
#5729=ORIENTED_EDGE('',*,*,#3994,.F.);
#5730=ORIENTED_EDGE('',*,*,#3991,.F.);
#5731=ORIENTED_EDGE('',*,*,#4165,.T.);
#5732=ORIENTED_EDGE('',*,*,#4106,.F.);
#5733=ORIENTED_EDGE('',*,*,#4166,.F.);
#5734=ORIENTED_EDGE('',*,*,#4167,.F.);
#5735=ORIENTED_EDGE('',*,*,#4168,.F.);
#5736=ORIENTED_EDGE('',*,*,#4159,.T.);
#5737=ORIENTED_EDGE('',*,*,#3995,.F.);
#5738=ORIENTED_EDGE('',*,*,#4169,.T.);
#5739=ORIENTED_EDGE('',*,*,#4170,.T.);
#5740=ORIENTED_EDGE('',*,*,#4110,.F.);
#5741=ORIENTED_EDGE('',*,*,#4164,.T.);
#5742=ORIENTED_EDGE('',*,*,#4000,.T.);
#5743=ORIENTED_EDGE('',*,*,#4161,.T.);
#5744=ORIENTED_EDGE('',*,*,#4115,.F.);
#5745=ORIENTED_EDGE('',*,*,#4171,.F.);
#5746=ORIENTED_EDGE('',*,*,#4172,.F.);
#5747=ORIENTED_EDGE('',*,*,#4116,.F.);
#5748=ORIENTED_EDGE('',*,*,#4173,.F.);
#5749=ORIENTED_EDGE('',*,*,#4118,.F.);
#5750=ORIENTED_EDGE('',*,*,#4117,.F.);
#5751=ORIENTED_EDGE('',*,*,#4055,.F.);
#5752=ORIENTED_EDGE('',*,*,#4172,.T.);
#5753=ORIENTED_EDGE('',*,*,#4057,.F.);
#5754=ORIENTED_EDGE('',*,*,#4121,.F.);
#5755=ORIENTED_EDGE('',*,*,#4120,.F.);
#5756=ORIENTED_EDGE('',*,*,#4174,.F.);
#5757=ORIENTED_EDGE('',*,*,#4175,.F.);
#5758=ORIENTED_EDGE('',*,*,#4176,.F.);
#5759=ORIENTED_EDGE('',*,*,#4123,.F.);
#5760=ORIENTED_EDGE('',*,*,#4122,.F.);
#5761=ORIENTED_EDGE('',*,*,#4175,.T.);
#5762=ORIENTED_EDGE('',*,*,#4063,.F.);
#5763=ORIENTED_EDGE('',*,*,#4177,.T.);
#5764=ORIENTED_EDGE('',*,*,#4178,.T.);
#5765=ORIENTED_EDGE('',*,*,#4179,.T.);
#5766=ORIENTED_EDGE('',*,*,#4133,.F.);
#5767=ORIENTED_EDGE('',*,*,#4131,.F.);
#5768=ORIENTED_EDGE('',*,*,#4136,.T.);
#5769=ORIENTED_EDGE('',*,*,#4134,.F.);
#5770=ORIENTED_EDGE('',*,*,#4179,.F.);
#5771=ORIENTED_EDGE('',*,*,#4180,.T.);
#5772=ORIENTED_EDGE('',*,*,#4181,.T.);
#5773=ORIENTED_EDGE('',*,*,#4139,.T.);
#5774=ORIENTED_EDGE('',*,*,#4182,.T.);
#5775=ORIENTED_EDGE('',*,*,#4183,.T.);
#5776=ORIENTED_EDGE('',*,*,#4184,.T.);
#5777=ORIENTED_EDGE('',*,*,#4140,.T.);
#5778=ORIENTED_EDGE('',*,*,#4181,.F.);
#5779=ORIENTED_EDGE('',*,*,#4185,.T.);
#5780=ORIENTED_EDGE('',*,*,#4186,.T.);
#5781=ORIENTED_EDGE('',*,*,#4187,.T.);
#5782=ORIENTED_EDGE('',*,*,#4188,.T.);
#5783=ORIENTED_EDGE('',*,*,#4189,.T.);
#5784=ORIENTED_EDGE('',*,*,#4190,.T.);
#5785=ORIENTED_EDGE('',*,*,#4191,.F.);
#5786=ORIENTED_EDGE('',*,*,#4192,.T.);
#5787=ORIENTED_EDGE('',*,*,#4193,.F.);
#5788=ORIENTED_EDGE('',*,*,#4194,.F.);
#5789=ORIENTED_EDGE('',*,*,#4195,.F.);
#5790=ORIENTED_EDGE('',*,*,#4196,.F.);
#5791=ORIENTED_EDGE('',*,*,#4197,.F.);
#5792=ORIENTED_EDGE('',*,*,#4198,.F.);
#5793=ORIENTED_EDGE('',*,*,#4146,.F.);
#5794=ORIENTED_EDGE('',*,*,#4141,.T.);
#5795=ORIENTED_EDGE('',*,*,#4187,.F.);
#5796=ORIENTED_EDGE('',*,*,#4166,.T.);
#5797=ORIENTED_EDGE('',*,*,#4150,.F.);
#5798=ORIENTED_EDGE('',*,*,#4199,.F.);
#5799=ORIENTED_EDGE('',*,*,#4200,.F.);
#5800=ORIENTED_EDGE('',*,*,#4201,.F.);
#5801=ORIENTED_EDGE('',*,*,#4202,.F.);
#5802=ORIENTED_EDGE('',*,*,#4203,.F.);
#5803=ORIENTED_EDGE('',*,*,#4204,.F.);
#5804=ORIENTED_EDGE('',*,*,#4205,.F.);
#5805=ORIENTED_EDGE('',*,*,#4206,.F.);
#5806=ORIENTED_EDGE('',*,*,#4207,.F.);
#5807=ORIENTED_EDGE('',*,*,#4208,.F.);
#5808=ORIENTED_EDGE('',*,*,#4199,.T.);
#5809=ORIENTED_EDGE('',*,*,#4149,.F.);
#5810=ORIENTED_EDGE('',*,*,#4209,.F.);
#5811=ORIENTED_EDGE('',*,*,#4210,.T.);
#5812=ORIENTED_EDGE('',*,*,#4211,.T.);
#5813=ORIENTED_EDGE('',*,*,#4212,.F.);
#5814=ORIENTED_EDGE('',*,*,#4213,.F.);
#5815=ORIENTED_EDGE('',*,*,#4214,.F.);
#5816=ORIENTED_EDGE('',*,*,#4215,.F.);
#5817=ORIENTED_EDGE('',*,*,#4206,.T.);
#5818=ORIENTED_EDGE('',*,*,#4148,.F.);
#5819=ORIENTED_EDGE('',*,*,#4216,.F.);
#5820=ORIENTED_EDGE('',*,*,#4217,.F.);
#5821=ORIENTED_EDGE('',*,*,#4005,.F.);
#5822=ORIENTED_EDGE('',*,*,#4218,.F.);
#5823=ORIENTED_EDGE('',*,*,#4216,.T.);
#5824=ORIENTED_EDGE('',*,*,#4147,.F.);
#5825=ORIENTED_EDGE('',*,*,#4198,.T.);
#5826=ORIENTED_EDGE('',*,*,#4219,.F.);
#5827=ORIENTED_EDGE('',*,*,#4220,.F.);
#5828=ORIENTED_EDGE('',*,*,#4221,.F.);
#5829=ORIENTED_EDGE('',*,*,#4222,.F.);
#5830=ORIENTED_EDGE('',*,*,#4223,.F.);
#5831=ORIENTED_EDGE('',*,*,#4194,.T.);
#5832=ORIENTED_EDGE('',*,*,#4224,.F.);
#5833=ORIENTED_EDGE('',*,*,#4225,.F.);
#5834=ORIENTED_EDGE('',*,*,#4226,.T.);
#5835=ORIENTED_EDGE('',*,*,#4008,.F.);
#5836=ORIENTED_EDGE('',*,*,#4227,.T.);
#5837=ORIENTED_EDGE('',*,*,#4228,.T.);
#5838=ORIENTED_EDGE('',*,*,#4012,.F.);
#5839=ORIENTED_EDGE('',*,*,#4229,.T.);
#5840=ORIENTED_EDGE('',*,*,#4230,.T.);
#5841=ORIENTED_EDGE('',*,*,#4145,.F.);
#5842=ORIENTED_EDGE('',*,*,#4079,.F.);
#5843=ORIENTED_EDGE('',*,*,#4155,.T.);
#5844=ORIENTED_EDGE('',*,*,#4077,.F.);
#5845=ORIENTED_EDGE('',*,*,#4231,.F.);
#5846=ORIENTED_EDGE('',*,*,#4169,.F.);
#5847=ORIENTED_EDGE('',*,*,#4160,.T.);
#5848=ORIENTED_EDGE('',*,*,#4168,.T.);
#5849=ORIENTED_EDGE('',*,*,#4232,.F.);
#5850=ORIENTED_EDGE('',*,*,#4233,.F.);
#5851=ORIENTED_EDGE('',*,*,#4234,.F.);
#5852=ORIENTED_EDGE('',*,*,#4016,.F.);
#5853=ORIENTED_EDGE('',*,*,#4235,.F.);
#5854=ORIENTED_EDGE('',*,*,#4236,.F.);
#5855=ORIENTED_EDGE('',*,*,#4162,.T.);
#5856=ORIENTED_EDGE('',*,*,#3998,.T.);
#5857=ORIENTED_EDGE('',*,*,#4237,.F.);
#5858=ORIENTED_EDGE('',*,*,#4002,.F.);
#5859=ORIENTED_EDGE('',*,*,#4163,.T.);
#5860=ORIENTED_EDGE('',*,*,#4236,.T.);
#5861=ORIENTED_EDGE('',*,*,#4238,.F.);
#5862=ORIENTED_EDGE('',*,*,#4167,.T.);
#5863=ORIENTED_EDGE('',*,*,#4205,.T.);
#5864=ORIENTED_EDGE('',*,*,#4239,.F.);
#5865=ORIENTED_EDGE('',*,*,#4232,.T.);
#5866=ORIENTED_EDGE('',*,*,#4240,.T.);
#5867=ORIENTED_EDGE('',*,*,#4241,.F.);
#5868=ORIENTED_EDGE('',*,*,#4242,.F.);
#5869=ORIENTED_EDGE('',*,*,#4112,.F.);
#5870=ORIENTED_EDGE('',*,*,#4170,.F.);
#5871=ORIENTED_EDGE('',*,*,#4231,.T.);
#5872=ORIENTED_EDGE('',*,*,#4243,.F.);
#5873=ORIENTED_EDGE('',*,*,#4173,.T.);
#5874=ORIENTED_EDGE('',*,*,#4171,.T.);
#5875=ORIENTED_EDGE('',*,*,#4244,.T.);
#5876=ORIENTED_EDGE('',*,*,#4245,.T.);
#5877=ORIENTED_EDGE('',*,*,#4246,.T.);
#5878=ORIENTED_EDGE('',*,*,#4244,.F.);
#5879=ORIENTED_EDGE('',*,*,#4114,.F.);
#5880=ORIENTED_EDGE('',*,*,#4242,.T.);
#5881=ORIENTED_EDGE('',*,*,#4247,.T.);
#5882=ORIENTED_EDGE('',*,*,#4176,.T.);
#5883=ORIENTED_EDGE('',*,*,#4174,.T.);
#5884=ORIENTED_EDGE('',*,*,#4248,.T.);
#5885=ORIENTED_EDGE('',*,*,#4249,.T.);
#5886=ORIENTED_EDGE('',*,*,#4250,.T.);
#5887=ORIENTED_EDGE('',*,*,#4251,.F.);
#5888=ORIENTED_EDGE('',*,*,#4252,.F.);
#5889=ORIENTED_EDGE('',*,*,#4253,.F.);
#5890=ORIENTED_EDGE('',*,*,#4248,.F.);
#5891=ORIENTED_EDGE('',*,*,#4119,.F.);
#5892=ORIENTED_EDGE('',*,*,#4246,.F.);
#5893=ORIENTED_EDGE('',*,*,#4254,.F.);
#5894=ORIENTED_EDGE('',*,*,#4255,.F.);
#5895=ORIENTED_EDGE('',*,*,#4256,.F.);
#5896=ORIENTED_EDGE('',*,*,#4257,.F.);
#5897=ORIENTED_EDGE('',*,*,#4258,.F.);
#5898=ORIENTED_EDGE('',*,*,#4259,.F.);
#5899=ORIENTED_EDGE('',*,*,#4003,.F.);
#5900=ORIENTED_EDGE('',*,*,#4260,.T.);
#5901=ORIENTED_EDGE('',*,*,#4124,.F.);
#5902=ORIENTED_EDGE('',*,*,#4250,.F.);
#5903=ORIENTED_EDGE('',*,*,#4261,.T.);
#5904=ORIENTED_EDGE('',*,*,#4262,.F.);
#5905=ORIENTED_EDGE('',*,*,#4263,.F.);
#5906=ORIENTED_EDGE('',*,*,#4183,.F.);
#5907=ORIENTED_EDGE('',*,*,#4264,.F.);
#5908=ORIENTED_EDGE('',*,*,#4265,.F.);
#5909=ORIENTED_EDGE('',*,*,#4266,.F.);
#5910=ORIENTED_EDGE('',*,*,#4185,.F.);
#5911=ORIENTED_EDGE('',*,*,#4180,.F.);
#5912=ORIENTED_EDGE('',*,*,#4267,.T.);
#5913=ORIENTED_EDGE('',*,*,#4125,.F.);
#5914=ORIENTED_EDGE('',*,*,#4260,.F.);
#5915=ORIENTED_EDGE('',*,*,#4268,.F.);
#5916=ORIENTED_EDGE('',*,*,#4269,.F.);
#5917=ORIENTED_EDGE('',*,*,#4243,.T.);
#5918=ORIENTED_EDGE('',*,*,#4233,.T.);
#5919=ORIENTED_EDGE('',*,*,#4239,.T.);
#5920=ORIENTED_EDGE('',*,*,#4204,.T.);
#5921=ORIENTED_EDGE('',*,*,#4270,.F.);
#5922=ORIENTED_EDGE('',*,*,#4191,.T.);
#5923=ORIENTED_EDGE('',*,*,#4186,.F.);
#5924=ORIENTED_EDGE('',*,*,#4266,.T.);
#5925=ORIENTED_EDGE('',*,*,#4271,.F.);
#5926=ORIENTED_EDGE('',*,*,#4272,.F.);
#5927=ORIENTED_EDGE('',*,*,#4273,.F.);
#5928=ORIENTED_EDGE('',*,*,#4274,.F.);
#5929=ORIENTED_EDGE('',*,*,#4275,.F.);
#5930=ORIENTED_EDGE('',*,*,#4276,.F.);
#5931=ORIENTED_EDGE('',*,*,#4277,.F.);
#5932=ORIENTED_EDGE('',*,*,#4278,.F.);
#5933=ORIENTED_EDGE('',*,*,#4189,.F.);
#5934=ORIENTED_EDGE('',*,*,#4279,.F.);
#5935=ORIENTED_EDGE('',*,*,#4280,.F.);
#5936=ORIENTED_EDGE('',*,*,#4281,.F.);
#5937=ORIENTED_EDGE('',*,*,#4282,.F.);
#5938=ORIENTED_EDGE('',*,*,#4283,.F.);
#5939=ORIENTED_EDGE('',*,*,#4279,.T.);
#5940=ORIENTED_EDGE('',*,*,#4188,.F.);
#5941=ORIENTED_EDGE('',*,*,#4284,.F.);
#5942=ORIENTED_EDGE('',*,*,#4282,.T.);
#5943=ORIENTED_EDGE('',*,*,#4190,.F.);
#5944=ORIENTED_EDGE('',*,*,#4281,.T.);
#5945=ORIENTED_EDGE('',*,*,#4193,.T.);
#5946=ORIENTED_EDGE('',*,*,#4285,.F.);
#5947=ORIENTED_EDGE('',*,*,#4286,.F.);
#5948=ORIENTED_EDGE('',*,*,#4224,.T.);
#5949=ORIENTED_EDGE('',*,*,#4287,.T.);
#5950=ORIENTED_EDGE('',*,*,#4288,.T.);
#5951=ORIENTED_EDGE('',*,*,#4195,.T.);
#5952=ORIENTED_EDGE('',*,*,#4223,.T.);
#5953=ORIENTED_EDGE('',*,*,#4289,.T.);
#5954=ORIENTED_EDGE('',*,*,#4290,.T.);
#5955=ORIENTED_EDGE('',*,*,#4291,.T.);
#5956=ORIENTED_EDGE('',*,*,#4292,.T.);
#5957=ORIENTED_EDGE('',*,*,#4196,.T.);
#5958=ORIENTED_EDGE('',*,*,#4288,.F.);
#5959=ORIENTED_EDGE('',*,*,#4292,.F.);
#5960=ORIENTED_EDGE('',*,*,#4293,.T.);
#5961=ORIENTED_EDGE('',*,*,#4219,.T.);
#5962=ORIENTED_EDGE('',*,*,#4197,.T.);
#5963=ORIENTED_EDGE('',*,*,#3986,.T.);
#5964=ORIENTED_EDGE('',*,*,#3947,.T.);
#5965=ORIENTED_EDGE('',*,*,#4294,.T.);
#5966=ORIENTED_EDGE('',*,*,#3943,.T.);
#5967=ORIENTED_EDGE('',*,*,#3971,.T.);
#5968=ORIENTED_EDGE('',*,*,#3975,.T.);
#5969=ORIENTED_EDGE('',*,*,#4295,.T.);
#5970=ORIENTED_EDGE('',*,*,#3950,.T.);
#5971=ORIENTED_EDGE('',*,*,#3954,.T.);
#5972=ORIENTED_EDGE('',*,*,#4296,.T.);
#5973=ORIENTED_EDGE('',*,*,#3964,.T.);
#5974=ORIENTED_EDGE('',*,*,#3968,.T.);
#5975=ORIENTED_EDGE('',*,*,#4297,.T.);
#5976=ORIENTED_EDGE('',*,*,#3957,.T.);
#5977=ORIENTED_EDGE('',*,*,#3961,.T.);
#5978=ORIENTED_EDGE('',*,*,#4298,.T.);
#5979=ORIENTED_EDGE('',*,*,#4208,.T.);
#5980=ORIENTED_EDGE('',*,*,#4299,.F.);
#5981=ORIENTED_EDGE('',*,*,#4300,.F.);
#5982=ORIENTED_EDGE('',*,*,#4200,.T.);
#5983=ORIENTED_EDGE('',*,*,#4201,.T.);
#5984=ORIENTED_EDGE('',*,*,#4300,.T.);
#5985=ORIENTED_EDGE('',*,*,#4301,.T.);
#5986=ORIENTED_EDGE('',*,*,#4214,.T.);
#5987=ORIENTED_EDGE('',*,*,#4302,.T.);
#5988=ORIENTED_EDGE('',*,*,#4303,.T.);
#5989=ORIENTED_EDGE('',*,*,#4304,.T.);
#5990=ORIENTED_EDGE('',*,*,#4305,.T.);
#5991=ORIENTED_EDGE('',*,*,#4306,.T.);
#5992=ORIENTED_EDGE('',*,*,#4307,.T.);
#5993=ORIENTED_EDGE('',*,*,#4308,.T.);
#5994=ORIENTED_EDGE('',*,*,#4309,.T.);
#5995=ORIENTED_EDGE('',*,*,#4310,.T.);
#5996=ORIENTED_EDGE('',*,*,#4311,.T.);
#5997=ORIENTED_EDGE('',*,*,#4312,.T.);
#5998=ORIENTED_EDGE('',*,*,#4313,.T.);
#5999=ORIENTED_EDGE('',*,*,#4314,.T.);
#6000=ORIENTED_EDGE('',*,*,#4315,.T.);
#6001=ORIENTED_EDGE('',*,*,#4303,.F.);
#6002=ORIENTED_EDGE('',*,*,#4316,.T.);
#6003=ORIENTED_EDGE('',*,*,#4317,.T.);
#6004=ORIENTED_EDGE('',*,*,#4202,.T.);
#6005=ORIENTED_EDGE('',*,*,#4318,.F.);
#6006=ORIENTED_EDGE('',*,*,#4285,.T.);
#6007=ORIENTED_EDGE('',*,*,#4192,.F.);
#6008=ORIENTED_EDGE('',*,*,#4270,.T.);
#6009=ORIENTED_EDGE('',*,*,#4203,.T.);
#6010=ORIENTED_EDGE('',*,*,#4317,.F.);
#6011=ORIENTED_EDGE('',*,*,#4319,.F.);
#6012=ORIENTED_EDGE('',*,*,#4212,.T.);
#6013=ORIENTED_EDGE('',*,*,#4320,.F.);
#6014=ORIENTED_EDGE('',*,*,#4321,.T.);
#6015=ORIENTED_EDGE('',*,*,#4322,.F.);
#6016=ORIENTED_EDGE('',*,*,#4323,.T.);
#6017=ORIENTED_EDGE('',*,*,#4324,.T.);
#6018=ORIENTED_EDGE('',*,*,#4209,.T.);
#6019=ORIENTED_EDGE('',*,*,#4325,.F.);
#6020=ORIENTED_EDGE('',*,*,#4326,.F.);
#6021=ORIENTED_EDGE('',*,*,#4327,.F.);
#6022=ORIENTED_EDGE('',*,*,#4301,.F.);
#6023=ORIENTED_EDGE('',*,*,#4299,.T.);
#6024=ORIENTED_EDGE('',*,*,#4207,.T.);
#6025=ORIENTED_EDGE('',*,*,#4215,.T.);
#6026=ORIENTED_EDGE('',*,*,#4320,.T.);
#6027=ORIENTED_EDGE('',*,*,#4217,.T.);
#6028=ORIENTED_EDGE('',*,*,#4218,.T.);
#6029=ORIENTED_EDGE('',*,*,#4328,.F.);
#6030=ORIENTED_EDGE('',*,*,#4329,.T.);
#6031=ORIENTED_EDGE('',*,*,#4220,.T.);
#6032=ORIENTED_EDGE('',*,*,#4293,.F.);
#6033=ORIENTED_EDGE('',*,*,#4291,.F.);
#6034=ORIENTED_EDGE('',*,*,#4329,.F.);
#6035=ORIENTED_EDGE('',*,*,#4290,.F.);
#6036=ORIENTED_EDGE('',*,*,#4330,.F.);
#6037=ORIENTED_EDGE('',*,*,#4221,.T.);
#6038=ORIENTED_EDGE('',*,*,#4330,.T.);
#6039=ORIENTED_EDGE('',*,*,#4289,.F.);
#6040=ORIENTED_EDGE('',*,*,#4287,.F.);
#6041=ORIENTED_EDGE('',*,*,#4222,.T.);
#6042=ORIENTED_EDGE('',*,*,#4225,.T.);
#6043=ORIENTED_EDGE('',*,*,#4286,.T.);
#6044=ORIENTED_EDGE('',*,*,#4318,.T.);
#6045=ORIENTED_EDGE('',*,*,#4331,.F.);
#6046=ORIENTED_EDGE('',*,*,#4332,.F.);
#6047=ORIENTED_EDGE('',*,*,#4333,.F.);
#6048=ORIENTED_EDGE('',*,*,#4334,.F.);
#6049=ORIENTED_EDGE('',*,*,#4335,.F.);
#6050=ORIENTED_EDGE('',*,*,#4336,.F.);
#6051=ORIENTED_EDGE('',*,*,#4337,.F.);
#6052=ORIENTED_EDGE('',*,*,#3989,.T.);
#6053=ORIENTED_EDGE('',*,*,#4338,.F.);
#6054=ORIENTED_EDGE('',*,*,#4339,.F.);
#6055=ORIENTED_EDGE('',*,*,#4340,.F.);
#6056=ORIENTED_EDGE('',*,*,#4341,.F.);
#6057=ORIENTED_EDGE('',*,*,#4342,.F.);
#6058=ORIENTED_EDGE('',*,*,#4343,.F.);
#6059=ORIENTED_EDGE('',*,*,#3992,.T.);
#6060=ORIENTED_EDGE('',*,*,#4015,.F.);
#6061=ORIENTED_EDGE('',*,*,#4344,.F.);
#6062=ORIENTED_EDGE('',*,*,#4345,.F.);
#6063=ORIENTED_EDGE('',*,*,#4235,.T.);
#6064=ORIENTED_EDGE('',*,*,#4234,.T.);
#6065=ORIENTED_EDGE('',*,*,#4345,.T.);
#6066=ORIENTED_EDGE('',*,*,#4346,.F.);
#6067=ORIENTED_EDGE('',*,*,#4017,.F.);
#6068=ORIENTED_EDGE('',*,*,#4238,.T.);
#6069=ORIENTED_EDGE('',*,*,#4237,.T.);
#6070=ORIENTED_EDGE('',*,*,#3997,.T.);
#6071=ORIENTED_EDGE('',*,*,#4326,.T.);
#6072=ORIENTED_EDGE('',*,*,#4347,.T.);
#6073=ORIENTED_EDGE('',*,*,#4348,.T.);
#6074=ORIENTED_EDGE('',*,*,#4349,.F.);
#6075=ORIENTED_EDGE('',*,*,#4350,.F.);
#6076=ORIENTED_EDGE('',*,*,#4247,.F.);
#6077=ORIENTED_EDGE('',*,*,#4241,.T.);
#6078=ORIENTED_EDGE('',*,*,#4245,.F.);
#6079=ORIENTED_EDGE('',*,*,#4350,.T.);
#6080=ORIENTED_EDGE('',*,*,#4351,.T.);
#6081=ORIENTED_EDGE('',*,*,#4254,.T.);
#6082=ORIENTED_EDGE('',*,*,#4253,.T.);
#6083=ORIENTED_EDGE('',*,*,#4352,.T.);
#6084=ORIENTED_EDGE('',*,*,#4353,.T.);
#6085=ORIENTED_EDGE('',*,*,#4249,.F.);
#6086=ORIENTED_EDGE('',*,*,#4354,.T.);
#6087=ORIENTED_EDGE('',*,*,#4355,.T.);
#6088=ORIENTED_EDGE('',*,*,#4356,.T.);
#6089=ORIENTED_EDGE('',*,*,#4357,.T.);
#6090=ORIENTED_EDGE('',*,*,#4259,.T.);
#6091=ORIENTED_EDGE('',*,*,#4358,.T.);
#6092=ORIENTED_EDGE('',*,*,#4359,.T.);
#6093=ORIENTED_EDGE('',*,*,#4273,.T.);
#6094=ORIENTED_EDGE('',*,*,#4360,.T.);
#6095=ORIENTED_EDGE('',*,*,#4020,.T.);
#6096=ORIENTED_EDGE('',*,*,#4023,.T.);
#6097=ORIENTED_EDGE('',*,*,#4357,.F.);
#6098=ORIENTED_EDGE('',*,*,#4361,.T.);
#6099=ORIENTED_EDGE('',*,*,#4362,.T.);
#6100=ORIENTED_EDGE('',*,*,#4251,.T.);
#6101=ORIENTED_EDGE('',*,*,#4363,.T.);
#6102=ORIENTED_EDGE('',*,*,#4352,.F.);
#6103=ORIENTED_EDGE('',*,*,#4252,.T.);
#6104=ORIENTED_EDGE('',*,*,#4362,.F.);
#6105=ORIENTED_EDGE('',*,*,#4364,.T.);
#6106=ORIENTED_EDGE('',*,*,#4365,.T.);
#6107=ORIENTED_EDGE('',*,*,#4366,.T.);
#6108=ORIENTED_EDGE('',*,*,#4367,.T.);
#6109=ORIENTED_EDGE('',*,*,#4271,.T.);
#6110=ORIENTED_EDGE('',*,*,#4265,.T.);
#6111=ORIENTED_EDGE('',*,*,#4368,.T.);
#6112=ORIENTED_EDGE('',*,*,#4369,.T.);
#6113=ORIENTED_EDGE('',*,*,#4370,.T.);
#6114=ORIENTED_EDGE('',*,*,#4371,.T.);
#6115=ORIENTED_EDGE('',*,*,#4372,.T.);
#6116=ORIENTED_EDGE('',*,*,#4373,.T.);
#6117=ORIENTED_EDGE('',*,*,#4374,.T.);
#6118=ORIENTED_EDGE('',*,*,#4375,.T.);
#6119=ORIENTED_EDGE('',*,*,#4376,.T.);
#6120=ORIENTED_EDGE('',*,*,#4377,.T.);
#6121=ORIENTED_EDGE('',*,*,#4378,.T.);
#6122=ORIENTED_EDGE('',*,*,#4379,.T.);
#6123=ORIENTED_EDGE('',*,*,#4380,.F.);
#6124=ORIENTED_EDGE('',*,*,#4255,.T.);
#6125=ORIENTED_EDGE('',*,*,#4351,.F.);
#6126=ORIENTED_EDGE('',*,*,#4349,.T.);
#6127=ORIENTED_EDGE('',*,*,#4240,.F.);
#6128=ORIENTED_EDGE('',*,*,#4269,.T.);
#6129=ORIENTED_EDGE('',*,*,#4381,.F.);
#6130=ORIENTED_EDGE('',*,*,#4382,.F.);
#6131=ORIENTED_EDGE('',*,*,#4383,.F.);
#6132=ORIENTED_EDGE('',*,*,#4384,.F.);
#6133=ORIENTED_EDGE('',*,*,#4029,.F.);
#6134=ORIENTED_EDGE('',*,*,#4026,.F.);
#6135=ORIENTED_EDGE('',*,*,#4385,.F.);
#6136=ORIENTED_EDGE('',*,*,#4386,.F.);
#6137=ORIENTED_EDGE('',*,*,#4256,.T.);
#6138=ORIENTED_EDGE('',*,*,#4380,.T.);
#6139=ORIENTED_EDGE('',*,*,#4386,.T.);
#6140=ORIENTED_EDGE('',*,*,#4387,.F.);
#6141=ORIENTED_EDGE('',*,*,#4388,.F.);
#6142=ORIENTED_EDGE('',*,*,#4389,.F.);
#6143=ORIENTED_EDGE('',*,*,#4390,.F.);
#6144=ORIENTED_EDGE('',*,*,#4277,.T.);
#6145=ORIENTED_EDGE('',*,*,#4391,.F.);
#6146=ORIENTED_EDGE('',*,*,#4392,.F.);
#6147=ORIENTED_EDGE('',*,*,#4257,.T.);
#6148=ORIENTED_EDGE('',*,*,#4030,.F.);
#6149=ORIENTED_EDGE('',*,*,#4033,.F.);
#6150=ORIENTED_EDGE('',*,*,#4392,.T.);
#6151=ORIENTED_EDGE('',*,*,#4393,.F.);
#6152=ORIENTED_EDGE('',*,*,#4394,.F.);
#6153=ORIENTED_EDGE('',*,*,#4395,.F.);
#6154=ORIENTED_EDGE('',*,*,#4358,.F.);
#6155=ORIENTED_EDGE('',*,*,#4258,.T.);
#6156=ORIENTED_EDGE('',*,*,#4261,.F.);
#6157=ORIENTED_EDGE('',*,*,#4353,.F.);
#6158=ORIENTED_EDGE('',*,*,#4363,.F.);
#6159=ORIENTED_EDGE('',*,*,#4268,.T.);
#6160=ORIENTED_EDGE('',*,*,#4071,.F.);
#6161=ORIENTED_EDGE('',*,*,#3944,.F.);
#6162=ORIENTED_EDGE('',*,*,#4294,.F.);
#6163=ORIENTED_EDGE('',*,*,#3946,.T.);
#6164=ORIENTED_EDGE('',*,*,#4070,.F.);
#6165=ORIENTED_EDGE('',*,*,#3951,.F.);
#6166=ORIENTED_EDGE('',*,*,#4296,.F.);
#6167=ORIENTED_EDGE('',*,*,#3953,.T.);
#6168=ORIENTED_EDGE('',*,*,#4069,.F.);
#6169=ORIENTED_EDGE('',*,*,#3958,.F.);
#6170=ORIENTED_EDGE('',*,*,#4298,.F.);
#6171=ORIENTED_EDGE('',*,*,#3960,.T.);
#6172=ORIENTED_EDGE('',*,*,#4068,.F.);
#6173=ORIENTED_EDGE('',*,*,#3965,.F.);
#6174=ORIENTED_EDGE('',*,*,#4297,.F.);
#6175=ORIENTED_EDGE('',*,*,#3967,.T.);
#6176=ORIENTED_EDGE('',*,*,#4067,.F.);
#6177=ORIENTED_EDGE('',*,*,#3972,.F.);
#6178=ORIENTED_EDGE('',*,*,#4295,.F.);
#6179=ORIENTED_EDGE('',*,*,#3974,.T.);
#6180=ORIENTED_EDGE('',*,*,#4262,.T.);
#6181=ORIENTED_EDGE('',*,*,#4396,.T.);
#6182=ORIENTED_EDGE('',*,*,#4397,.T.);
#6183=ORIENTED_EDGE('',*,*,#4398,.T.);
#6184=ORIENTED_EDGE('',*,*,#4399,.T.);
#6185=ORIENTED_EDGE('',*,*,#4010,.T.);
#6186=ORIENTED_EDGE('',*,*,#4263,.T.);
#6187=ORIENTED_EDGE('',*,*,#4397,.F.);
#6188=ORIENTED_EDGE('',*,*,#4400,.F.);
#6189=ORIENTED_EDGE('',*,*,#4137,.F.);
#6190=ORIENTED_EDGE('',*,*,#4184,.F.);
#6191=ORIENTED_EDGE('',*,*,#4138,.F.);
#6192=ORIENTED_EDGE('',*,*,#4400,.T.);
#6193=ORIENTED_EDGE('',*,*,#4396,.F.);
#6194=ORIENTED_EDGE('',*,*,#4264,.T.);
#6195=ORIENTED_EDGE('',*,*,#4182,.F.);
#6196=ORIENTED_EDGE('',*,*,#4401,.F.);
#6197=ORIENTED_EDGE('',*,*,#4381,.T.);
#6198=ORIENTED_EDGE('',*,*,#4278,.T.);
#6199=ORIENTED_EDGE('',*,*,#4390,.T.);
#6200=ORIENTED_EDGE('',*,*,#4402,.F.);
#6201=ORIENTED_EDGE('',*,*,#4360,.F.);
#6202=ORIENTED_EDGE('',*,*,#4272,.T.);
#6203=ORIENTED_EDGE('',*,*,#4367,.F.);
#6204=ORIENTED_EDGE('',*,*,#4275,.T.);
#6205=ORIENTED_EDGE('',*,*,#4403,.F.);
#6206=ORIENTED_EDGE('',*,*,#4394,.T.);
#6207=ORIENTED_EDGE('',*,*,#4404,.F.);
#6208=ORIENTED_EDGE('',*,*,#4284,.T.);
#6209=ORIENTED_EDGE('',*,*,#4280,.T.);
#6210=ORIENTED_EDGE('',*,*,#4283,.T.);
#6211=ORIENTED_EDGE('',*,*,#4405,.T.);
#6212=ORIENTED_EDGE('',*,*,#4406,.T.);
#6213=ORIENTED_EDGE('',*,*,#4006,.T.);
#6214=ORIENTED_EDGE('',*,*,#4407,.F.);
#6215=ORIENTED_EDGE('',*,*,#4333,.T.);
#6216=ORIENTED_EDGE('',*,*,#4408,.F.);
#6217=ORIENTED_EDGE('',*,*,#4305,.F.);
#6218=ORIENTED_EDGE('',*,*,#4409,.F.);
#6219=ORIENTED_EDGE('',*,*,#4334,.T.);
#6220=ORIENTED_EDGE('',*,*,#4407,.T.);
#6221=ORIENTED_EDGE('',*,*,#4304,.F.);
#6222=ORIENTED_EDGE('',*,*,#4410,.F.);
#6223=ORIENTED_EDGE('',*,*,#4335,.T.);
#6224=ORIENTED_EDGE('',*,*,#4409,.T.);
#6225=ORIENTED_EDGE('',*,*,#4309,.F.);
#6226=ORIENTED_EDGE('',*,*,#4411,.F.);
#6227=ORIENTED_EDGE('',*,*,#4336,.T.);
#6228=ORIENTED_EDGE('',*,*,#4410,.T.);
#6229=ORIENTED_EDGE('',*,*,#4308,.F.);
#6230=ORIENTED_EDGE('',*,*,#4412,.F.);
#6231=ORIENTED_EDGE('',*,*,#4337,.T.);
#6232=ORIENTED_EDGE('',*,*,#4411,.T.);
#6233=ORIENTED_EDGE('',*,*,#4307,.F.);
#6234=ORIENTED_EDGE('',*,*,#4408,.T.);
#6235=ORIENTED_EDGE('',*,*,#4332,.T.);
#6236=ORIENTED_EDGE('',*,*,#4412,.T.);
#6237=ORIENTED_EDGE('',*,*,#4306,.F.);
#6238=ORIENTED_EDGE('',*,*,#4413,.F.);
#6239=ORIENTED_EDGE('',*,*,#4339,.T.);
#6240=ORIENTED_EDGE('',*,*,#4414,.F.);
#6241=ORIENTED_EDGE('',*,*,#4311,.F.);
#6242=ORIENTED_EDGE('',*,*,#4415,.F.);
#6243=ORIENTED_EDGE('',*,*,#4340,.T.);
#6244=ORIENTED_EDGE('',*,*,#4413,.T.);
#6245=ORIENTED_EDGE('',*,*,#4310,.F.);
#6246=ORIENTED_EDGE('',*,*,#4416,.F.);
#6247=ORIENTED_EDGE('',*,*,#4341,.T.);
#6248=ORIENTED_EDGE('',*,*,#4415,.T.);
#6249=ORIENTED_EDGE('',*,*,#4315,.F.);
#6250=ORIENTED_EDGE('',*,*,#4417,.F.);
#6251=ORIENTED_EDGE('',*,*,#4342,.T.);
#6252=ORIENTED_EDGE('',*,*,#4416,.T.);
#6253=ORIENTED_EDGE('',*,*,#4314,.F.);
#6254=ORIENTED_EDGE('',*,*,#4418,.F.);
#6255=ORIENTED_EDGE('',*,*,#4343,.T.);
#6256=ORIENTED_EDGE('',*,*,#4417,.T.);
#6257=ORIENTED_EDGE('',*,*,#4313,.F.);
#6258=ORIENTED_EDGE('',*,*,#4414,.T.);
#6259=ORIENTED_EDGE('',*,*,#4338,.T.);
#6260=ORIENTED_EDGE('',*,*,#4418,.T.);
#6261=ORIENTED_EDGE('',*,*,#4312,.F.);
#6262=ORIENTED_EDGE('',*,*,#4319,.T.);
#6263=ORIENTED_EDGE('',*,*,#4316,.F.);
#6264=ORIENTED_EDGE('',*,*,#4302,.F.);
#6265=ORIENTED_EDGE('',*,*,#4213,.T.);
#6266=ORIENTED_EDGE('',*,*,#4322,.T.);
#6267=ORIENTED_EDGE('',*,*,#4419,.F.);
#6268=ORIENTED_EDGE('',*,*,#4420,.F.);
#6269=ORIENTED_EDGE('',*,*,#4421,.F.);
#6270=ORIENTED_EDGE('',*,*,#4325,.T.);
#6271=ORIENTED_EDGE('',*,*,#4211,.F.);
#6272=ORIENTED_EDGE('',*,*,#4422,.F.);
#6273=ORIENTED_EDGE('',*,*,#4347,.F.);
#6274=ORIENTED_EDGE('',*,*,#4422,.T.);
#6275=ORIENTED_EDGE('',*,*,#4210,.F.);
#6276=ORIENTED_EDGE('',*,*,#4327,.T.);
#6277=ORIENTED_EDGE('',*,*,#4348,.F.);
#6278=ORIENTED_EDGE('',*,*,#4321,.F.);
#6279=ORIENTED_EDGE('',*,*,#4328,.T.);
#6280=ORIENTED_EDGE('',*,*,#4226,.F.);
#6281=ORIENTED_EDGE('',*,*,#4331,.T.);
#6282=ORIENTED_EDGE('',*,*,#4009,.T.);
#6283=ORIENTED_EDGE('',*,*,#4228,.F.);
#6284=ORIENTED_EDGE('',*,*,#4423,.F.);
#6285=ORIENTED_EDGE('',*,*,#4405,.F.);
#6286=ORIENTED_EDGE('',*,*,#4423,.T.);
#6287=ORIENTED_EDGE('',*,*,#4227,.F.);
#6288=ORIENTED_EDGE('',*,*,#4007,.T.);
#6289=ORIENTED_EDGE('',*,*,#4406,.F.);
#6290=ORIENTED_EDGE('',*,*,#4013,.T.);
#6291=ORIENTED_EDGE('',*,*,#4230,.F.);
#6292=ORIENTED_EDGE('',*,*,#4424,.F.);
#6293=ORIENTED_EDGE('',*,*,#4398,.F.);
#6294=ORIENTED_EDGE('',*,*,#4424,.T.);
#6295=ORIENTED_EDGE('',*,*,#4229,.F.);
#6296=ORIENTED_EDGE('',*,*,#4011,.T.);
#6297=ORIENTED_EDGE('',*,*,#4399,.F.);
#6298=ORIENTED_EDGE('',*,*,#4346,.T.);
#6299=ORIENTED_EDGE('',*,*,#4344,.T.);
#6300=ORIENTED_EDGE('',*,*,#4014,.T.);
#6301=ORIENTED_EDGE('',*,*,#4420,.T.);
#6302=ORIENTED_EDGE('',*,*,#4425,.T.);
#6303=ORIENTED_EDGE('',*,*,#4426,.T.);
#6304=ORIENTED_EDGE('',*,*,#4355,.F.);
#6305=ORIENTED_EDGE('',*,*,#4427,.T.);
#6306=ORIENTED_EDGE('',*,*,#4365,.F.);
#6307=ORIENTED_EDGE('',*,*,#4428,.T.);
#6308=ORIENTED_EDGE('',*,*,#4366,.F.);
#6309=ORIENTED_EDGE('',*,*,#4427,.F.);
#6310=ORIENTED_EDGE('',*,*,#4354,.F.);
#6311=ORIENTED_EDGE('',*,*,#4402,.T.);
#6312=ORIENTED_EDGE('',*,*,#4395,.T.);
#6313=ORIENTED_EDGE('',*,*,#4403,.T.);
#6314=ORIENTED_EDGE('',*,*,#4274,.T.);
#6315=ORIENTED_EDGE('',*,*,#4359,.F.);
#6316=ORIENTED_EDGE('',*,*,#4356,.F.);
#6317=ORIENTED_EDGE('',*,*,#4428,.F.);
#6318=ORIENTED_EDGE('',*,*,#4364,.F.);
#6319=ORIENTED_EDGE('',*,*,#4361,.F.);
#6320=ORIENTED_EDGE('',*,*,#4429,.F.);
#6321=ORIENTED_EDGE('',*,*,#4430,.F.);
#6322=ORIENTED_EDGE('',*,*,#4431,.F.);
#6323=ORIENTED_EDGE('',*,*,#4375,.F.);
#6324=ORIENTED_EDGE('',*,*,#4432,.F.);
#6325=ORIENTED_EDGE('',*,*,#4433,.F.);
#6326=ORIENTED_EDGE('',*,*,#4429,.T.);
#6327=ORIENTED_EDGE('',*,*,#4374,.F.);
#6328=ORIENTED_EDGE('',*,*,#4434,.F.);
#6329=ORIENTED_EDGE('',*,*,#4435,.F.);
#6330=ORIENTED_EDGE('',*,*,#4432,.T.);
#6331=ORIENTED_EDGE('',*,*,#4379,.F.);
#6332=ORIENTED_EDGE('',*,*,#4436,.F.);
#6333=ORIENTED_EDGE('',*,*,#4437,.F.);
#6334=ORIENTED_EDGE('',*,*,#4434,.T.);
#6335=ORIENTED_EDGE('',*,*,#4378,.F.);
#6336=ORIENTED_EDGE('',*,*,#4436,.T.);
#6337=ORIENTED_EDGE('',*,*,#4377,.F.);
#6338=ORIENTED_EDGE('',*,*,#4438,.F.);
#6339=ORIENTED_EDGE('',*,*,#4439,.F.);
#6340=ORIENTED_EDGE('',*,*,#4431,.T.);
#6341=ORIENTED_EDGE('',*,*,#4440,.F.);
#6342=ORIENTED_EDGE('',*,*,#4438,.T.);
#6343=ORIENTED_EDGE('',*,*,#4376,.F.);
#6344=ORIENTED_EDGE('',*,*,#4441,.F.);
#6345=ORIENTED_EDGE('',*,*,#4442,.F.);
#6346=ORIENTED_EDGE('',*,*,#4443,.F.);
#6347=ORIENTED_EDGE('',*,*,#4369,.F.);
#6348=ORIENTED_EDGE('',*,*,#4444,.F.);
#6349=ORIENTED_EDGE('',*,*,#4445,.F.);
#6350=ORIENTED_EDGE('',*,*,#4441,.T.);
#6351=ORIENTED_EDGE('',*,*,#4368,.F.);
#6352=ORIENTED_EDGE('',*,*,#4446,.F.);
#6353=ORIENTED_EDGE('',*,*,#4447,.F.);
#6354=ORIENTED_EDGE('',*,*,#4444,.T.);
#6355=ORIENTED_EDGE('',*,*,#4373,.F.);
#6356=ORIENTED_EDGE('',*,*,#4448,.F.);
#6357=ORIENTED_EDGE('',*,*,#4449,.F.);
#6358=ORIENTED_EDGE('',*,*,#4446,.T.);
#6359=ORIENTED_EDGE('',*,*,#4372,.F.);
#6360=ORIENTED_EDGE('',*,*,#4448,.T.);
#6361=ORIENTED_EDGE('',*,*,#4371,.F.);
#6362=ORIENTED_EDGE('',*,*,#4450,.F.);
#6363=ORIENTED_EDGE('',*,*,#4451,.F.);
#6364=ORIENTED_EDGE('',*,*,#4443,.T.);
#6365=ORIENTED_EDGE('',*,*,#4452,.F.);
#6366=ORIENTED_EDGE('',*,*,#4450,.T.);
#6367=ORIENTED_EDGE('',*,*,#4370,.F.);
#6368=ORIENTED_EDGE('',*,*,#4385,.T.);
#6369=ORIENTED_EDGE('',*,*,#4384,.T.);
#6370=ORIENTED_EDGE('',*,*,#4453,.F.);
#6371=ORIENTED_EDGE('',*,*,#4387,.T.);
#6372=ORIENTED_EDGE('',*,*,#4389,.T.);
#6373=ORIENTED_EDGE('',*,*,#4454,.T.);
#6374=ORIENTED_EDGE('',*,*,#4382,.T.);
#6375=ORIENTED_EDGE('',*,*,#4401,.T.);
#6376=ORIENTED_EDGE('',*,*,#4388,.T.);
#6377=ORIENTED_EDGE('',*,*,#4453,.T.);
#6378=ORIENTED_EDGE('',*,*,#4383,.T.);
#6379=ORIENTED_EDGE('',*,*,#4454,.F.);
#6380=ORIENTED_EDGE('',*,*,#4393,.T.);
#6381=ORIENTED_EDGE('',*,*,#4391,.T.);
#6382=ORIENTED_EDGE('',*,*,#4276,.T.);
#6383=ORIENTED_EDGE('',*,*,#4404,.T.);
#6384=ORIENTED_EDGE('',*,*,#4419,.T.);
#6385=ORIENTED_EDGE('',*,*,#4324,.F.);
#6386=ORIENTED_EDGE('',*,*,#4455,.F.);
#6387=ORIENTED_EDGE('',*,*,#4425,.F.);
#6388=ORIENTED_EDGE('',*,*,#4455,.T.);
#6389=ORIENTED_EDGE('',*,*,#4323,.F.);
#6390=ORIENTED_EDGE('',*,*,#4421,.T.);
#6391=ORIENTED_EDGE('',*,*,#4426,.F.);
#6392=ORIENTED_EDGE('',*,*,#4442,.T.);
#6393=ORIENTED_EDGE('',*,*,#4445,.T.);
#6394=ORIENTED_EDGE('',*,*,#4447,.T.);
#6395=ORIENTED_EDGE('',*,*,#4449,.T.);
#6396=ORIENTED_EDGE('',*,*,#4451,.T.);
#6397=ORIENTED_EDGE('',*,*,#4452,.T.);
#6398=ORIENTED_EDGE('',*,*,#4018,.T.);
#6399=ORIENTED_EDGE('',*,*,#4430,.T.);
#6400=ORIENTED_EDGE('',*,*,#4433,.T.);
#6401=ORIENTED_EDGE('',*,*,#4435,.T.);
#6402=ORIENTED_EDGE('',*,*,#4437,.T.);
#6403=ORIENTED_EDGE('',*,*,#4439,.T.);
#6404=ORIENTED_EDGE('',*,*,#4440,.T.);
#6405=ORIENTED_EDGE('',*,*,#4021,.T.);
#6406=ORIENTED_EDGE('',*,*,#4024,.T.);
#6407=ORIENTED_EDGE('',*,*,#4035,.T.);
#6408=ORIENTED_EDGE('',*,*,#4027,.T.);
#6409=ORIENTED_EDGE('',*,*,#4032,.T.);
#6410=ORIENTED_EDGE('',*,*,#4060,.F.);
#6411=ORIENTED_EDGE('',*,*,#4130,.T.);
#6412=ORIENTED_EDGE('',*,*,#4456,.T.);
#6413=ORIENTED_EDGE('',*,*,#4061,.F.);
#6414=ORIENTED_EDGE('',*,*,#4456,.F.);
#6415=ORIENTED_EDGE('',*,*,#4129,.F.);
#6416=ORIENTED_EDGE('',*,*,#4457,.T.);
#6417=ORIENTED_EDGE('',*,*,#4062,.F.);
#6418=ORIENTED_EDGE('',*,*,#4457,.F.);
#6419=ORIENTED_EDGE('',*,*,#4128,.F.);
#6420=ORIENTED_EDGE('',*,*,#4126,.F.);
#6421=ORIENTED_EDGE('',*,*,#4267,.F.);
#6422=ORIENTED_EDGE('',*,*,#4178,.F.);
#6423=ORIENTED_EDGE('',*,*,#4177,.F.);
#6424=CYLINDRICAL_SURFACE('',#6882,1.59999999999998);
#6425=CYLINDRICAL_SURFACE('',#6885,1.59999999999998);
#6426=CYLINDRICAL_SURFACE('',#6888,1.64999999999996);
#6427=CYLINDRICAL_SURFACE('',#6891,1.64999999999996);
#6428=CYLINDRICAL_SURFACE('',#6894,4.19999999999999);
#6429=CYLINDRICAL_SURFACE('',#6896,2.00000000000005);
#6430=CYLINDRICAL_SURFACE('',#6899,2.80000000000005);
#6431=CYLINDRICAL_SURFACE('',#6906,2.80000000000005);
#6432=CYLINDRICAL_SURFACE('',#6914,2.69999999999999);
#6433=CYLINDRICAL_SURFACE('',#6917,2.69999999999999);
#6434=CYLINDRICAL_SURFACE('',#6920,1.59999999999998);
#6435=CYLINDRICAL_SURFACE('',#6923,1.59999999999998);
#6436=CYLINDRICAL_SURFACE('',#6926,1.59999999999998);
#6437=CYLINDRICAL_SURFACE('',#6929,1.59999999999998);
#6438=CYLINDRICAL_SURFACE('',#6932,1.59999999999998);
#6439=CYLINDRICAL_SURFACE('',#6935,1.59999999999998);
#6440=CYLINDRICAL_SURFACE('',#6938,1.59999999999998);
#6441=CYLINDRICAL_SURFACE('',#6941,1.59999999999998);
#6442=CYLINDRICAL_SURFACE('',#6944,1.59999999999998);
#6443=CYLINDRICAL_SURFACE('',#6958,2.99999999999995);
#6444=CYLINDRICAL_SURFACE('',#6961,2.99999999999995);
#6445=CYLINDRICAL_SURFACE('',#6978,2.99999999999995);
#6446=CYLINDRICAL_SURFACE('',#6981,2.99999999999995);
#6447=CYLINDRICAL_SURFACE('',#6983,2.99999999999995);
#6448=CYLINDRICAL_SURFACE('',#6993,3.00000000000001);
#6449=CYLINDRICAL_SURFACE('',#6997,10.);
#6450=CYLINDRICAL_SURFACE('',#7007,2.00000000000005);
#6451=CYLINDRICAL_SURFACE('',#7015,4.19999999999999);
#6452=CYLINDRICAL_SURFACE('',#7023,10.);
#6453=CYLINDRICAL_SURFACE('',#7037,2.69999999999999);
#6454=CYLINDRICAL_SURFACE('',#7048,3.00000000000001);
#6455=CYLINDRICAL_SURFACE('',#7056,0.999999999999946);
#6456=CYLINDRICAL_SURFACE('',#7059,2.69999999999999);
#6457=CYLINDRICAL_SURFACE('',#7063,2.69999999999999);
#6458=CYLINDRICAL_SURFACE('',#7071,10.);
#6459=CYLINDRICAL_SURFACE('',#7081,10.);
#6460=CYLINDRICAL_SURFACE('',#7099,2.69999999999999);
#6461=CYLINDRICAL_SURFACE('',#7101,0.999999999999946);
#6462=CYLINDRICAL_SURFACE('',#7103,2.69999999999999);
#6463=CYLINDRICAL_SURFACE('',#7107,2.69999999999999);
#6464=CYLINDRICAL_SURFACE('',#7114,2.99999999999995);
#6465=CYLINDRICAL_SURFACE('',#7117,2.99999999999995);
#6466=CYLINDRICAL_SURFACE('',#7138,2.99999999999995);
#6467=CYLINDRICAL_SURFACE('',#7141,2.99999999999995);
#6468=CYLINDRICAL_SURFACE('',#7145,1.5);
#6469=CYLINDRICAL_SURFACE('',#7148,1.5);
#6470=CYLINDRICAL_SURFACE('',#7151,1.5);
#6471=CYLINDRICAL_SURFACE('',#7154,1.5);
#6472=CYLINDRICAL_SURFACE('',#7157,12.4033548276482);
#6473=CYLINDRICAL_SURFACE('',#7163,3.00000000000003);
#6474=CYLINDRICAL_SURFACE('',#7187,1.59999999999996);
#6475=CYLINDRICAL_SURFACE('',#7190,1.59999999999996);
#6476=CYLINDRICAL_SURFACE('',#7195,2.);
#6477=CYLINDRICAL_SURFACE('',#7199,4.99999999999999);
#6478=CYLINDRICAL_SURFACE('',#7202,1.);
#6479=CYLINDRICAL_SURFACE('',#7205,1.);
#6480=CYLINDRICAL_SURFACE('',#7208,2.);
#6481=CYLINDRICAL_SURFACE('',#7211,1.59999999999996);
#6482=CYLINDRICAL_SURFACE('',#7214,1.59999999999996);
#6483=CYLINDRICAL_SURFACE('',#7217,2.79999999999998);
#6484=CYLINDRICAL_SURFACE('',#7220,2.79999999999998);
#6485=CYLINDRICAL_SURFACE('',#7223,1.64999999999996);
#6486=CYLINDRICAL_SURFACE('',#7226,1.64999999999996);
#6487=CYLINDRICAL_SURFACE('',#7246,0.800003655775685);
#6488=CYLINDRICAL_SURFACE('',#7249,3.);
#6489=CYLINDRICAL_SURFACE('',#7251,3.);
#6490=CYLINDRICAL_SURFACE('',#7252,3.);
#6491=CYLINDRICAL_SURFACE('',#7258,3.00000000000001);
#6492=CYLINDRICAL_SURFACE('',#7260,3.);
#6493=CYLINDRICAL_SURFACE('',#7261,3.);
#6494=CYLINDRICAL_SURFACE('',#7262,3.);
#6495=CYLINDRICAL_SURFACE('',#7265,3.);
#6496=CYLINDRICAL_SURFACE('',#7269,3.);
#6497=CYLINDRICAL_SURFACE('',#7276,0.800000000000023);
#6498=CYLINDRICAL_SURFACE('',#7277,0.800000000000022);
#6499=CYLINDRICAL_SURFACE('',#7280,0.800000000000022);
#6500=CYLINDRICAL_SURFACE('',#7283,7.99999999999996);
#6501=CYLINDRICAL_SURFACE('',#7287,7.99999999999996);
#6502=CYLINDRICAL_SURFACE('',#7306,2.);
#6503=CYLINDRICAL_SURFACE('',#7312,2.);
#6504=CYLINDRICAL_SURFACE('',#7328,1.);
#6505=CYLINDRICAL_SURFACE('',#7356,3.00000000000003);
#6506=CYLINDRICAL_SURFACE('',#7357,3.00000000000003);
#6507=CYLINDRICAL_SURFACE('',#7358,3.00000000000003);
#6508=CYLINDRICAL_SURFACE('',#7359,3.00000000000003);
#6509=CYLINDRICAL_SURFACE('',#7380,1.);
#6510=CYLINDRICAL_SURFACE('',#7390,3.);
#6511=CYLINDRICAL_SURFACE('',#7407,3.);
#6512=CYLINDRICAL_SURFACE('',#7414,70.);
#6513=ADVANCED_FACE('',(#484),#6424,.F.);
#6514=ADVANCED_FACE('',(#485),#6425,.F.);
#6515=ADVANCED_FACE('',(#486),#6426,.F.);
#6516=ADVANCED_FACE('',(#487),#6427,.F.);
#6517=ADVANCED_FACE('',(#488),#6428,.F.);
#6518=ADVANCED_FACE('',(#489),#6429,.F.);
#6519=ADVANCED_FACE('',(#490),#6430,.F.);
#6520=ADVANCED_FACE('',(#491),#6431,.F.);
#6521=ADVANCED_FACE('',(#492),#6432,.F.);
#6522=ADVANCED_FACE('',(#493),#6433,.F.);
#6523=ADVANCED_FACE('',(#494),#6434,.F.);
#6524=ADVANCED_FACE('',(#495),#6435,.F.);
#6525=ADVANCED_FACE('',(#496),#6436,.F.);
#6526=ADVANCED_FACE('',(#497),#6437,.F.);
#6527=ADVANCED_FACE('',(#498),#6438,.F.);
#6528=ADVANCED_FACE('',(#499),#6439,.F.);
#6529=ADVANCED_FACE('',(#500),#6440,.F.);
#6530=ADVANCED_FACE('',(#501),#6441,.F.);
#6531=ADVANCED_FACE('',(#502),#6442,.F.);
#6532=ADVANCED_FACE('',(#503),#139,.F.);
#6533=ADVANCED_FACE('',(#504),#140,.F.);
#6534=ADVANCED_FACE('',(#505,#62,#63),#141,.T.);
#6535=ADVANCED_FACE('',(#506),#142,.F.);
#6536=ADVANCED_FACE('',(#507,#64,#65),#143,.F.);
#6537=ADVANCED_FACE('',(#508),#144,.F.);
#6538=ADVANCED_FACE('',(#509),#6443,.T.);
#6539=ADVANCED_FACE('',(#510),#145,.T.);
#6540=ADVANCED_FACE('',(#511),#6444,.T.);
#6541=ADVANCED_FACE('',(#512),#146,.T.);
#6542=ADVANCED_FACE('',(#513),#147,.F.);
#6543=ADVANCED_FACE('',(#514),#148,.F.);
#6544=ADVANCED_FACE('',(#515),#149,.T.);
#6545=ADVANCED_FACE('',(#516),#150,.F.);
#6546=ADVANCED_FACE('',(#517),#151,.F.);
#6547=ADVANCED_FACE('',(#518),#152,.F.);
#6548=ADVANCED_FACE('',(#519),#153,.T.);
#6549=ADVANCED_FACE('',(#520),#154,.T.);
#6550=ADVANCED_FACE('',(#521),#155,.F.);
#6551=ADVANCED_FACE('',(#522),#6445,.T.);
#6552=ADVANCED_FACE('',(#523),#156,.T.);
#6553=ADVANCED_FACE('',(#524),#157,.F.);
#6554=ADVANCED_FACE('',(#525),#6446,.T.);
#6555=ADVANCED_FACE('',(#526),#158,.T.);
#6556=ADVANCED_FACE('',(#527),#6447,.T.);
#6557=ADVANCED_FACE('',(#528),#41,.T.);
#6558=ADVANCED_FACE('',(#529),#42,.T.);
#6559=ADVANCED_FACE('',(#530,#66),#159,.F.);
#6560=ADVANCED_FACE('',(#531,#67),#160,.F.);
#6561=ADVANCED_FACE('',(#532),#43,.F.);
#6562=ADVANCED_FACE('',(#533,#68,#69),#161,.T.);
#6563=ADVANCED_FACE('',(#534),#6448,.T.);
#6564=ADVANCED_FACE('',(#535),#6449,.T.);
#6565=ADVANCED_FACE('',(#536),#162,.F.);
#6566=ADVANCED_FACE('',(#537),#163,.F.);
#6567=ADVANCED_FACE('',(#538),#164,.F.);
#6568=ADVANCED_FACE('',(#539),#165,.F.);
#6569=ADVANCED_FACE('',(#540),#166,.F.);
#6570=ADVANCED_FACE('',(#541),#167,.F.);
#6571=ADVANCED_FACE('',(#542),#6450,.F.);
#6572=ADVANCED_FACE('',(#543,#70,#71,#72,#73),#168,.F.);
#6573=ADVANCED_FACE('',(#544),#169,.T.);
#6574=ADVANCED_FACE('',(#545),#170,.F.);
#6575=ADVANCED_FACE('',(#546),#6451,.F.);
#6576=ADVANCED_FACE('',(#547),#171,.F.);
#6577=ADVANCED_FACE('',(#548,#74,#75,#76,#77),#172,.F.);
#6578=ADVANCED_FACE('',(#549),#6452,.T.);
#6579=ADVANCED_FACE('',(#550,#78,#79),#173,.F.);
#6580=ADVANCED_FACE('',(#551),#174,.T.);
#6581=ADVANCED_FACE('',(#552),#175,.T.);
#6582=ADVANCED_FACE('',(#553),#6453,.F.);
#6583=ADVANCED_FACE('',(#554),#176,.F.);
#6584=ADVANCED_FACE('',(#555),#177,.F.);
#6585=ADVANCED_FACE('',(#556),#178,.F.);
#6586=ADVANCED_FACE('',(#557),#179,.F.);
#6587=ADVANCED_FACE('',(#558),#180,.F.);
#6588=ADVANCED_FACE('',(#559),#181,.F.);
#6589=ADVANCED_FACE('',(#560,#80),#182,.T.);
#6590=ADVANCED_FACE('',(#561,#81),#183,.T.);
#6591=ADVANCED_FACE('',(#562),#184,.F.);
#6592=ADVANCED_FACE('',(#563),#44,.F.);
#6593=ADVANCED_FACE('',(#564),#6454,.T.);
#6594=ADVANCED_FACE('',(#565),#185,.F.);
#6595=ADVANCED_FACE('',(#566),#186,.F.);
#6596=ADVANCED_FACE('',(#567),#187,.F.);
#6597=ADVANCED_FACE('',(#568),#188,.F.);
#6598=ADVANCED_FACE('',(#569),#189,.F.);
#6599=ADVANCED_FACE('',(#570),#6455,.T.);
#6600=ADVANCED_FACE('',(#571),#190,.F.);
#6601=ADVANCED_FACE('',(#572),#6456,.F.);
#6602=ADVANCED_FACE('',(#573),#191,.F.);
#6603=ADVANCED_FACE('',(#574),#192,.F.);
#6604=ADVANCED_FACE('',(#575),#6457,.F.);
#6605=ADVANCED_FACE('',(#576),#193,.T.);
#6606=ADVANCED_FACE('',(#577),#194,.F.);
#6607=ADVANCED_FACE('',(#578),#195,.F.);
#6608=ADVANCED_FACE('',(#579,#82,#83),#196,.T.);
#6609=ADVANCED_FACE('',(#580),#6458,.F.);
#6610=ADVANCED_FACE('',(#581),#197,.F.);
#6611=ADVANCED_FACE('',(#582),#198,.T.);
#6612=ADVANCED_FACE('',(#583),#32,.F.);
#6613=ADVANCED_FACE('',(#584),#199,.T.);
#6614=ADVANCED_FACE('',(#585),#200,.T.);
#6615=ADVANCED_FACE('',(#586),#33,.F.);
#6616=ADVANCED_FACE('',(#587),#201,.T.);
#6617=ADVANCED_FACE('',(#588),#6459,.F.);
#6618=ADVANCED_FACE('',(#589),#202,.F.);
#6619=ADVANCED_FACE('',(#590),#203,.T.);
#6620=ADVANCED_FACE('',(#591),#204,.F.);
#6621=ADVANCED_FACE('',(#592),#205,.T.);
#6622=ADVANCED_FACE('',(#593),#34,.F.);
#6623=ADVANCED_FACE('',(#594),#206,.T.);
#6624=ADVANCED_FACE('',(#595),#207,.T.);
#6625=ADVANCED_FACE('',(#596),#35,.F.);
#6626=ADVANCED_FACE('',(#597,#84,#85),#208,.T.);
#6627=ADVANCED_FACE('',(#598),#209,.T.);
#6628=ADVANCED_FACE('',(#599),#210,.T.);
#6629=ADVANCED_FACE('',(#600),#211,.T.);
#6630=ADVANCED_FACE('',(#601),#6460,.F.);
#6631=ADVANCED_FACE('',(#602),#212,.T.);
#6632=ADVANCED_FACE('',(#603),#6461,.T.);
#6633=ADVANCED_FACE('',(#604),#213,.T.);
#6634=ADVANCED_FACE('',(#605),#6462,.F.);
#6635=ADVANCED_FACE('',(#606),#214,.T.);
#6636=ADVANCED_FACE('',(#607),#215,.T.);
#6637=ADVANCED_FACE('',(#608),#216,.T.);
#6638=ADVANCED_FACE('',(#609),#6463,.F.);
#6639=ADVANCED_FACE('',(#610,#86),#217,.T.);
#6640=ADVANCED_FACE('',(#611),#218,.T.);
#6641=ADVANCED_FACE('',(#612,#87),#219,.T.);
#6642=ADVANCED_FACE('',(#613,#88),#220,.T.);
#6643=ADVANCED_FACE('',(#614),#221,.F.);
#6644=ADVANCED_FACE('',(#615),#6464,.F.);
#6645=ADVANCED_FACE('',(#616),#222,.T.);
#6646=ADVANCED_FACE('',(#617),#223,.T.);
#6647=ADVANCED_FACE('',(#618),#6465,.F.);
#6648=ADVANCED_FACE('',(#619),#224,.F.);
#6649=ADVANCED_FACE('',(#620),#225,.F.);
#6650=ADVANCED_FACE('',(#621),#226,.F.);
#6651=ADVANCED_FACE('',(#622),#227,.F.);
#6652=ADVANCED_FACE('',(#623),#228,.F.);
#6653=ADVANCED_FACE('',(#624),#229,.F.);
#6654=ADVANCED_FACE('',(#625),#230,.F.);
#6655=ADVANCED_FACE('',(#626),#231,.F.);
#6656=ADVANCED_FACE('',(#627),#232,.F.);
#6657=ADVANCED_FACE('',(#628),#233,.F.);
#6658=ADVANCED_FACE('',(#629),#234,.F.);
#6659=ADVANCED_FACE('',(#630,#89),#235,.T.);
#6660=ADVANCED_FACE('',(#631),#236,.F.);
#6661=ADVANCED_FACE('',(#632),#237,.F.);
#6662=ADVANCED_FACE('',(#633),#238,.F.);
#6663=ADVANCED_FACE('',(#634),#239,.F.);
#6664=ADVANCED_FACE('',(#635),#240,.F.);
#6665=ADVANCED_FACE('',(#636,#90),#241,.T.);
#6666=ADVANCED_FACE('',(#637),#6466,.F.);
#6667=ADVANCED_FACE('',(#638),#242,.T.);
#6668=ADVANCED_FACE('',(#639),#243,.T.);
#6669=ADVANCED_FACE('',(#640),#6467,.F.);
#6670=ADVANCED_FACE('',(#641),#244,.F.);
#6671=ADVANCED_FACE('',(#642),#245,.F.);
#6672=ADVANCED_FACE('',(#643),#6468,.F.);
#6673=ADVANCED_FACE('',(#644),#6469,.F.);
#6674=ADVANCED_FACE('',(#645),#6470,.F.);
#6675=ADVANCED_FACE('',(#646),#6471,.F.);
#6676=ADVANCED_FACE('',(#647),#6472,.T.);
#6677=ADVANCED_FACE('',(#648,#91,#92,#93,#94),#246,.T.);
#6678=ADVANCED_FACE('',(#649,#95,#96,#97,#98),#247,.F.);
#6679=ADVANCED_FACE('',(#650),#248,.T.);
#6680=ADVANCED_FACE('',(#651),#6473,.F.);
#6681=ADVANCED_FACE('',(#652),#249,.F.);
#6682=ADVANCED_FACE('',(#653),#250,.F.);
#6683=ADVANCED_FACE('',(#654),#251,.F.);
#6684=ADVANCED_FACE('',(#655),#252,.F.);
#6685=ADVANCED_FACE('',(#656),#253,.F.);
#6686=ADVANCED_FACE('',(#657),#254,.F.);
#6687=ADVANCED_FACE('',(#658),#255,.F.);
#6688=ADVANCED_FACE('',(#659),#256,.F.);
#6689=ADVANCED_FACE('',(#660),#11,.T.);
#6690=ADVANCED_FACE('',(#661),#12,.T.);
#6691=ADVANCED_FACE('',(#662),#36,.F.);
#6692=ADVANCED_FACE('',(#663),#6474,.F.);
#6693=ADVANCED_FACE('',(#664),#6475,.F.);
#6694=ADVANCED_FACE('',(#665),#6476,.F.);
#6695=ADVANCED_FACE('',(#666),#6477,.F.);
#6696=ADVANCED_FACE('',(#667),#6478,.F.);
#6697=ADVANCED_FACE('',(#668),#6479,.F.);
#6698=ADVANCED_FACE('',(#669),#6480,.F.);
#6699=ADVANCED_FACE('',(#670),#6481,.F.);
#6700=ADVANCED_FACE('',(#671),#6482,.F.);
#6701=ADVANCED_FACE('',(#672),#6483,.F.);
#6702=ADVANCED_FACE('',(#673),#6484,.F.);
#6703=ADVANCED_FACE('',(#674),#6485,.F.);
#6704=ADVANCED_FACE('',(#675),#6486,.F.);
#6705=ADVANCED_FACE('',(#676,#99,#100,#101,#102,#103),#257,.F.);
#6706=ADVANCED_FACE('',(#677),#258,.F.);
#6707=ADVANCED_FACE('',(#678),#259,.T.);
#6708=ADVANCED_FACE('',(#679),#260,.F.);
#6709=ADVANCED_FACE('',(#680),#261,.F.);
#6710=ADVANCED_FACE('',(#681),#45,.T.);
#6711=ADVANCED_FACE('',(#682),#262,.T.);
#6712=ADVANCED_FACE('',(#683),#263,.T.);
#6713=ADVANCED_FACE('',(#684),#264,.T.);
#6714=ADVANCED_FACE('',(#685),#6487,.T.);
#6715=ADVANCED_FACE('',(#686),#265,.T.);
#6716=ADVANCED_FACE('',(#687),#266,.T.);
#6717=ADVANCED_FACE('',(#688),#6488,.T.);
#6718=ADVANCED_FACE('',(#689),#6489,.T.);
#6719=ADVANCED_FACE('',(#690),#6490,.T.);
#6720=ADVANCED_FACE('',(#691),#13,.T.);
#6721=ADVANCED_FACE('',(#692),#6491,.T.);
#6722=ADVANCED_FACE('',(#693),#6492,.T.);
#6723=ADVANCED_FACE('',(#694),#6493,.T.);
#6724=ADVANCED_FACE('',(#695),#6494,.T.);
#6725=ADVANCED_FACE('',(#696),#6495,.T.);
#6726=ADVANCED_FACE('',(#697),#267,.T.);
#6727=ADVANCED_FACE('',(#698),#6496,.T.);
#6728=ADVANCED_FACE('',(#699),#268,.F.);
#6729=ADVANCED_FACE('',(#700,#104),#269,.T.);
#6730=ADVANCED_FACE('',(#701),#270,.F.);
#6731=ADVANCED_FACE('',(#702),#6497,.F.);
#6732=ADVANCED_FACE('',(#703),#6498,.F.);
#6733=ADVANCED_FACE('',(#704),#271,.F.);
#6734=ADVANCED_FACE('',(#705),#272,.F.);
#6735=ADVANCED_FACE('',(#706),#6499,.T.);
#6736=ADVANCED_FACE('',(#707),#273,.F.);
#6737=ADVANCED_FACE('',(#708,#105),#274,.F.);
#6738=ADVANCED_FACE('',(#709),#46,.F.);
#6739=ADVANCED_FACE('',(#710),#6500,.T.);
#6740=ADVANCED_FACE('',(#711),#47,.F.);
#6741=ADVANCED_FACE('',(#712),#48,.F.);
#6742=ADVANCED_FACE('',(#713),#49,.F.);
#6743=ADVANCED_FACE('',(#714),#50,.F.);
#6744=ADVANCED_FACE('',(#715),#51,.T.);
#6745=ADVANCED_FACE('',(#716),#6501,.T.);
#6746=ADVANCED_FACE('',(#717,#106),#275,.T.);
#6747=ADVANCED_FACE('',(#718),#276,.F.);
#6748=ADVANCED_FACE('',(#719),#52,.F.);
#6749=ADVANCED_FACE('',(#720,#107),#277,.F.);
#6750=ADVANCED_FACE('',(#721,#108),#278,.F.);
#6751=ADVANCED_FACE('',(#722,#109,#110),#279,.F.);
#6752=ADVANCED_FACE('',(#723),#280,.F.);
#6753=ADVANCED_FACE('',(#724,#111),#281,.F.);
#6754=ADVANCED_FACE('',(#725),#282,.F.);
#6755=ADVANCED_FACE('',(#726),#283,.F.);
#6756=ADVANCED_FACE('',(#727),#53,.F.);
#6757=ADVANCED_FACE('',(#728),#284,.F.);
#6758=ADVANCED_FACE('',(#729),#54,.T.);
#6759=ADVANCED_FACE('',(#730),#285,.T.);
#6760=ADVANCED_FACE('',(#731),#55,.T.);
#6761=ADVANCED_FACE('',(#732,#112),#286,.F.);
#6762=ADVANCED_FACE('',(#733),#287,.T.);
#6763=ADVANCED_FACE('',(#734),#6502,.F.);
#6764=ADVANCED_FACE('',(#735),#288,.F.);
#6765=ADVANCED_FACE('',(#736),#289,.F.);
#6766=ADVANCED_FACE('',(#737),#290,.F.);
#6767=ADVANCED_FACE('',(#738),#291,.F.);
#6768=ADVANCED_FACE('',(#739),#6503,.F.);
#6769=ADVANCED_FACE('',(#740),#292,.F.);
#6770=ADVANCED_FACE('',(#741),#293,.T.);
#6771=ADVANCED_FACE('',(#742),#294,.T.);
#6772=ADVANCED_FACE('',(#743),#295,.T.);
#6773=ADVANCED_FACE('',(#744,#113,#114,#115,#116,#117),#296,.T.);
#6774=ADVANCED_FACE('',(#745),#297,.F.);
#6775=ADVANCED_FACE('',(#746,#118,#119),#298,.T.);
#6776=ADVANCED_FACE('',(#747),#299,.T.);
#6777=ADVANCED_FACE('',(#748,#120),#300,.F.);
#6778=ADVANCED_FACE('',(#749),#6504,.F.);
#6779=ADVANCED_FACE('',(#750),#301,.T.);
#6780=ADVANCED_FACE('',(#751),#302,.F.);
#6781=ADVANCED_FACE('',(#752),#303,.T.);
#6782=ADVANCED_FACE('',(#753),#304,.F.);
#6783=ADVANCED_FACE('',(#754),#305,.T.);
#6784=ADVANCED_FACE('',(#755),#306,.F.);
#6785=ADVANCED_FACE('',(#756,#121),#307,.F.);
#6786=ADVANCED_FACE('',(#757,#122),#308,.F.);
#6787=ADVANCED_FACE('',(#758),#309,.F.);
#6788=ADVANCED_FACE('',(#759),#310,.F.);
#6789=ADVANCED_FACE('',(#760,#123),#311,.T.);
#6790=ADVANCED_FACE('',(#761),#312,.F.);
#6791=ADVANCED_FACE('',(#762),#56,.T.);
#6792=ADVANCED_FACE('',(#763),#57,.T.);
#6793=ADVANCED_FACE('',(#764,#124,#125),#313,.T.);
#6794=ADVANCED_FACE('',(#765),#314,.T.);
#6795=ADVANCED_FACE('',(#766,#126,#127),#315,.T.);
#6796=ADVANCED_FACE('',(#767,#128,#129),#316,.F.);
#6797=ADVANCED_FACE('',(#768),#317,.F.);
#6798=ADVANCED_FACE('',(#769,#130,#131),#318,.F.);
#6799=ADVANCED_FACE('',(#770),#319,.F.);
#6800=ADVANCED_FACE('',(#771),#320,.F.);
#6801=ADVANCED_FACE('',(#772),#321,.T.);
#6802=ADVANCED_FACE('',(#773),#6505,.F.);
#6803=ADVANCED_FACE('',(#774),#6506,.F.);
#6804=ADVANCED_FACE('',(#775),#6507,.F.);
#6805=ADVANCED_FACE('',(#776),#6508,.F.);
#6806=ADVANCED_FACE('',(#777,#132),#322,.T.);
#6807=ADVANCED_FACE('',(#778),#323,.F.);
#6808=ADVANCED_FACE('',(#779),#324,.F.);
#6809=ADVANCED_FACE('',(#780),#325,.F.);
#6810=ADVANCED_FACE('',(#781),#326,.F.);
#6811=ADVANCED_FACE('',(#782),#327,.F.);
#6812=ADVANCED_FACE('',(#783,#133),#328,.T.);
#6813=ADVANCED_FACE('',(#784),#329,.F.);
#6814=ADVANCED_FACE('',(#785),#330,.F.);
#6815=ADVANCED_FACE('',(#786),#331,.F.);
#6816=ADVANCED_FACE('',(#787),#332,.F.);
#6817=ADVANCED_FACE('',(#788),#333,.F.);
#6818=ADVANCED_FACE('',(#789),#334,.F.);
#6819=ADVANCED_FACE('',(#790),#335,.F.);
#6820=ADVANCED_FACE('',(#791),#336,.F.);
#6821=ADVANCED_FACE('',(#792),#337,.F.);
#6822=ADVANCED_FACE('',(#793),#338,.F.);
#6823=ADVANCED_FACE('',(#794),#339,.F.);
#6824=ADVANCED_FACE('',(#795),#340,.F.);
#6825=ADVANCED_FACE('',(#796),#341,.T.);
#6826=ADVANCED_FACE('',(#797),#6509,.F.);
#6827=ADVANCED_FACE('',(#798),#342,.F.);
#6828=ADVANCED_FACE('',(#799),#343,.F.);
#6829=ADVANCED_FACE('',(#800),#344,.F.);
#6830=ADVANCED_FACE('',(#801),#345,.F.);
#6831=ADVANCED_FACE('',(#802),#346,.F.);
#6832=ADVANCED_FACE('',(#803),#347,.F.);
#6833=ADVANCED_FACE('',(#804),#348,.F.);
#6834=ADVANCED_FACE('',(#805,#134),#349,.T.);
#6835=ADVANCED_FACE('',(#806),#6510,.T.);
#6836=ADVANCED_FACE('',(#807),#350,.T.);
#6837=ADVANCED_FACE('',(#808),#58,.T.);
#6838=ADVANCED_FACE('',(#809),#351,.T.);
#6839=ADVANCED_FACE('',(#810),#352,.F.);
#6840=ADVANCED_FACE('',(#811),#353,.F.);
#6841=ADVANCED_FACE('',(#812),#354,.F.);
#6842=ADVANCED_FACE('',(#813),#355,.F.);
#6843=ADVANCED_FACE('',(#814),#356,.F.);
#6844=ADVANCED_FACE('',(#815),#357,.F.);
#6845=ADVANCED_FACE('',(#816),#358,.F.);
#6846=ADVANCED_FACE('',(#817),#359,.F.);
#6847=ADVANCED_FACE('',(#818),#360,.F.);
#6848=ADVANCED_FACE('',(#819),#361,.F.);
#6849=ADVANCED_FACE('',(#820),#362,.F.);
#6850=ADVANCED_FACE('',(#821),#363,.F.);
#6851=ADVANCED_FACE('',(#822),#364,.F.);
#6852=ADVANCED_FACE('',(#823),#365,.T.);
#6853=ADVANCED_FACE('',(#824),#6511,.T.);
#6854=ADVANCED_FACE('',(#825),#59,.T.);
#6855=ADVANCED_FACE('',(#826),#366,.F.);
#6856=ADVANCED_FACE('',(#827),#367,.F.);
#6857=ADVANCED_FACE('',(#828,#135),#368,.F.);
#6858=ADVANCED_FACE('',(#829,#136),#369,.F.);
#6859=ADVANCED_FACE('',(#830,#137),#370,.T.);
#6860=ADVANCED_FACE('',(#831,#138),#371,.T.);
#6861=ADVANCED_FACE('',(#832),#60,.T.);
#6862=ADVANCED_FACE('',(#833),#61,.T.);
#6863=ADVANCED_FACE('',(#834),#6512,.F.);
#6864=CLOSED_SHELL('',(#6513,#6514,#6515,#6516,#6517,#6518,#6519,#6520,
#6521,#6522,#6523,#6524,#6525,#6526,#6527,#6528,#6529,#6530,#6531,#6532,
#6533,#6534,#6535,#6536,#6537,#6538,#6539,#6540,#6541,#6542,#6543,#6544,
#6545,#6546,#6547,#6548,#6549,#6550,#6551,#6552,#6553,#6554,#6555,#6556,
#6557,#6558,#6559,#6560,#6561,#6562,#6563,#6564,#6565,#6566,#6567,#6568,
#6569,#6570,#6571,#6572,#6573,#6574,#6575,#6576,#6577,#6578,#6579,#6580,
#6581,#6582,#6583,#6584,#6585,#6586,#6587,#6588,#6589,#6590,#6591,#6592,
#6593,#6594,#6595,#6596,#6597,#6598,#6599,#6600,#6601,#6602,#6603,#6604,
#6605,#6606,#6607,#6608,#6609,#6610,#6611,#6612,#6613,#6614,#6615,#6616,
#6617,#6618,#6619,#6620,#6621,#6622,#6623,#6624,#6625,#6626,#6627,#6628,
#6629,#6630,#6631,#6632,#6633,#6634,#6635,#6636,#6637,#6638,#6639,#6640,
#6641,#6642,#6643,#6644,#6645,#6646,#6647,#6648,#6649,#6650,#6651,#6652,
#6653,#6654,#6655,#6656,#6657,#6658,#6659,#6660,#6661,#6662,#6663,#6664,
#6665,#6666,#6667,#6668,#6669,#6670,#6671));
#6865=CLOSED_SHELL('',(#6672,#6673,#6674,#6675,#6676,#6677,#6678));
#6866=CLOSED_SHELL('',(#6679,#6680,#6681,#6682,#6683,#6684,#6685,#6686,
#6687,#6688,#6689,#6690,#6691,#6692,#6693,#6694,#6695,#6696,#6697,#6698,
#6699,#6700,#6701,#6702,#6703,#6704,#6705,#6706,#6707,#6708,#6709,#6710,
#6711,#6712,#6713,#6714,#6715,#6716,#6717,#6718,#6719,#6720,#6721,#6722,
#6723,#6724,#6725,#6726,#6727,#6728,#6729,#6730,#6731,#6732,#6733,#6734,
#6735,#6736,#6737,#6738,#6739,#6740,#6741,#6742,#6743,#6744,#6745,#6746,
#6747,#6748,#6749,#6750,#6751,#6752,#6753,#6754,#6755,#6756,#6757,#6758,
#6759,#6760,#6761,#6762,#6763,#6764,#6765,#6766,#6767,#6768,#6769,#6770,
#6771,#6772,#6773,#6774,#6775,#6776,#6777,#6778,#6779,#6780,#6781,#6782,
#6783,#6784,#6785,#6786,#6787,#6788,#6789,#6790,#6791,#6792,#6793,#6794,
#6795,#6796,#6797,#6798,#6799,#6800,#6801,#6802,#6803,#6804,#6805,#6806,
#6807,#6808,#6809,#6810,#6811,#6812,#6813,#6814,#6815,#6816,#6817,#6818,
#6819,#6820,#6821,#6822,#6823,#6824,#6825,#6826,#6827,#6828,#6829,#6830,
#6831,#6832,#6833,#6834,#6835,#6836,#6837,#6838,#6839,#6840,#6841,#6842,
#6843,#6844,#6845,#6846,#6847,#6848,#6849,#6850,#6851,#6852,#6853,#6854,
#6855,#6856,#6857,#6858,#6859,#6860,#6861,#6862,#6863));
#6867=DERIVED_UNIT_ELEMENT(#6869,1.);
#6868=DERIVED_UNIT_ELEMENT(#14655,-3.);
#6869=(
MASS_UNIT()
NAMED_UNIT(*)
SI_UNIT(.KILO.,.GRAM.)
);
#6870=DERIVED_UNIT((#6867,#6868));
#6871=MEASURE_REPRESENTATION_ITEM('density measure',
POSITIVE_RATIO_MEASURE(7850.),#6870);
#6872=PROPERTY_DEFINITION_REPRESENTATION(#6877,#6874);
#6873=PROPERTY_DEFINITION_REPRESENTATION(#6878,#6875);
#6874=REPRESENTATION('material name',(#6876),#14652);
#6875=REPRESENTATION('density',(#6871),#14652);
#6876=DESCRIPTIVE_REPRESENTATION_ITEM('\X2\94A2\X0\','\X2\94A2\X0\');
#6877=PROPERTY_DEFINITION('material property','material name',#14672);
#6878=PROPERTY_DEFINITION('material property','density of part',#14672);
#6879=AXIS2_PLACEMENT_3D('',#9186,#7416,#7417);
#6880=AXIS2_PLACEMENT_3D('',#9187,#7418,#7419);
#6881=AXIS2_PLACEMENT_3D('',#9188,#7420,#7421);
#6882=AXIS2_PLACEMENT_3D('',#9189,#7422,#7423);
#6883=AXIS2_PLACEMENT_3D('',#9191,#7424,#7425);
#6884=AXIS2_PLACEMENT_3D('',#9194,#7427,#7428);
#6885=AXIS2_PLACEMENT_3D('',#9195,#7429,#7430);
#6886=AXIS2_PLACEMENT_3D('',#9197,#7431,#7432);
#6887=AXIS2_PLACEMENT_3D('',#9200,#7434,#7435);
#6888=AXIS2_PLACEMENT_3D('',#9201,#7436,#7437);
#6889=AXIS2_PLACEMENT_3D('',#9203,#7438,#7439);
#6890=AXIS2_PLACEMENT_3D('',#9206,#7441,#7442);
#6891=AXIS2_PLACEMENT_3D('',#9207,#7443,#7444);
#6892=AXIS2_PLACEMENT_3D('',#9209,#7445,#7446);
#6893=AXIS2_PLACEMENT_3D('',#9212,#7448,#7449);
#6894=AXIS2_PLACEMENT_3D('',#9213,#7450,#7451);
#6895=AXIS2_PLACEMENT_3D('',#9237,#7453,#7454);
#6896=AXIS2_PLACEMENT_3D('',#9250,#7456,#7457);
#6897=AXIS2_PLACEMENT_3D('',#9266,#7459,#7460);
#6898=AXIS2_PLACEMENT_3D('',#9268,#7461,#7462);
#6899=AXIS2_PLACEMENT_3D('',#9270,#7464,#7465);
#6900=AXIS2_PLACEMENT_3D('',#9272,#7466,#7467);
#6901=AXIS2_PLACEMENT_3D('',#9276,#7469,#7470);
#6902=AXIS2_PLACEMENT_3D('',#9278,#7471,#7472);
#6903=AXIS2_PLACEMENT_3D('',#9280,#7473,#7474);
#6904=AXIS2_PLACEMENT_3D('',#9282,#7475,#7476);
#6905=AXIS2_PLACEMENT_3D('',#9283,#7477,#7478);
#6906=AXIS2_PLACEMENT_3D('',#9284,#7479,#7480);
#6907=AXIS2_PLACEMENT_3D('',#9286,#7481,#7482);
#6908=AXIS2_PLACEMENT_3D('',#9290,#7484,#7485);
#6909=AXIS2_PLACEMENT_3D('',#9292,#7486,#7487);
#6910=AXIS2_PLACEMENT_3D('',#9294,#7488,#7489);
#6911=AXIS2_PLACEMENT_3D('',#9296,#7490,#7491);
#6912=AXIS2_PLACEMENT_3D('',#9298,#7492,#7493);
#6913=AXIS2_PLACEMENT_3D('',#9299,#7494,#7495);
#6914=AXIS2_PLACEMENT_3D('',#9300,#7496,#7497);
#6915=AXIS2_PLACEMENT_3D('',#9303,#7498,#7499);
#6916=AXIS2_PLACEMENT_3D('',#9307,#7501,#7502);
#6917=AXIS2_PLACEMENT_3D('',#9309,#7504,#7505);
#6918=AXIS2_PLACEMENT_3D('',#9312,#7506,#7507);
#6919=AXIS2_PLACEMENT_3D('',#9316,#7509,#7510);
#6920=AXIS2_PLACEMENT_3D('',#9318,#7512,#7513);
#6921=AXIS2_PLACEMENT_3D('',#9321,#7514,#7515);
#6922=AXIS2_PLACEMENT_3D('',#9325,#7517,#7518);
#6923=AXIS2_PLACEMENT_3D('',#9327,#7520,#7521);
#6924=AXIS2_PLACEMENT_3D('',#9330,#7522,#7523);
#6925=AXIS2_PLACEMENT_3D('',#9334,#7525,#7526);
#6926=AXIS2_PLACEMENT_3D('',#9336,#7528,#7529);
#6927=AXIS2_PLACEMENT_3D('',#9339,#7530,#7531);
#6928=AXIS2_PLACEMENT_3D('',#9343,#7533,#7534);
#6929=AXIS2_PLACEMENT_3D('',#9345,#7536,#7537);
#6930=AXIS2_PLACEMENT_3D('',#9348,#7538,#7539);
#6931=AXIS2_PLACEMENT_3D('',#9352,#7541,#7542);
#6932=AXIS2_PLACEMENT_3D('',#9354,#7544,#7545);
#6933=AXIS2_PLACEMENT_3D('',#9357,#7546,#7547);
#6934=AXIS2_PLACEMENT_3D('',#9361,#7549,#7550);
#6935=AXIS2_PLACEMENT_3D('',#9363,#7552,#7553);
#6936=AXIS2_PLACEMENT_3D('',#9366,#7554,#7555);
#6937=AXIS2_PLACEMENT_3D('',#9370,#7557,#7558);
#6938=AXIS2_PLACEMENT_3D('',#9372,#7560,#7561);
#6939=AXIS2_PLACEMENT_3D('',#9375,#7562,#7563);
#6940=AXIS2_PLACEMENT_3D('',#9379,#7565,#7566);
#6941=AXIS2_PLACEMENT_3D('',#9381,#7568,#7569);
#6942=AXIS2_PLACEMENT_3D('',#9384,#7570,#7571);
#6943=AXIS2_PLACEMENT_3D('',#9388,#7573,#7574);
#6944=AXIS2_PLACEMENT_3D('',#9390,#7576,#7577);
#6945=AXIS2_PLACEMENT_3D('',#9393,#7578,#7579);
#6946=AXIS2_PLACEMENT_3D('',#9397,#7581,#7582);
#6947=AXIS2_PLACEMENT_3D('',#9399,#7584,#7585);
#6948=AXIS2_PLACEMENT_3D('',#9408,#7590,#7591);
#6949=AXIS2_PLACEMENT_3D('',#9414,#7595,#7596);
#6950=AXIS2_PLACEMENT_3D('',#9422,#7600,#7601);
#6951=AXIS2_PLACEMENT_3D('',#9426,#7603,#7604);
#6952=AXIS2_PLACEMENT_3D('',#9428,#7606,#7607);
#6953=AXIS2_PLACEMENT_3D('',#9435,#7610,#7611);
#6954=AXIS2_PLACEMENT_3D('',#9453,#7622,#7623);
#6955=AXIS2_PLACEMENT_3D('',#9455,#7624,#7625);
#6956=AXIS2_PLACEMENT_3D('',#9459,#7627,#7628);
#6957=AXIS2_PLACEMENT_3D('',#9463,#7631,#7632);
#6958=AXIS2_PLACEMENT_3D('',#9489,#7636,#7637);
#6959=AXIS2_PLACEMENT_3D('',#9492,#7639,#7640);
#6960=AXIS2_PLACEMENT_3D('',#9493,#7641,#7642);
#6961=AXIS2_PLACEMENT_3D('',#9497,#7645,#7646);
#6962=AXIS2_PLACEMENT_3D('',#9500,#7648,#7649);
#6963=AXIS2_PLACEMENT_3D('',#9501,#7650,#7651);
#6964=AXIS2_PLACEMENT_3D('',#9514,#7655,#7656);
#6965=AXIS2_PLACEMENT_3D('',#9540,#7661,#7662);
#6966=AXIS2_PLACEMENT_3D('',#9568,#7673,#7674);
#6967=AXIS2_PLACEMENT_3D('',#9581,#7677,#7678);
#6968=AXIS2_PLACEMENT_3D('',#9592,#7684,#7685);
#6969=AXIS2_PLACEMENT_3D('',#9593,#7686,#7687);
#6970=AXIS2_PLACEMENT_3D('',#9597,#7690,#7691);
#6971=AXIS2_PLACEMENT_3D('',#9598,#7692,#7693);
#6972=AXIS2_PLACEMENT_3D('',#9610,#7700,#7701);
#6973=AXIS2_PLACEMENT_3D('',#9614,#7703,#7704);
#6974=AXIS2_PLACEMENT_3D('',#9620,#7709,#7710);
#6975=AXIS2_PLACEMENT_3D('',#9622,#7712,#7713);
#6976=AXIS2_PLACEMENT_3D('',#9629,#7717,#7718);
#6977=AXIS2_PLACEMENT_3D('',#9632,#7720,#7721);
#6978=AXIS2_PLACEMENT_3D('',#9633,#7722,#7723);
#6979=AXIS2_PLACEMENT_3D('',#9635,#7725,#7726);
#6980=AXIS2_PLACEMENT_3D('',#9654,#7737,#7738);
#6981=AXIS2_PLACEMENT_3D('',#9656,#7740,#7741);
#6982=AXIS2_PLACEMENT_3D('',#9658,#7743,#7744);
#6983=AXIS2_PLACEMENT_3D('',#9693,#7748,#7749);
#6984=AXIS2_PLACEMENT_3D('',#9718,#7751,#7752);
#6985=AXIS2_PLACEMENT_3D('',#10144,#7753,#7754);
#6986=AXIS2_PLACEMENT_3D('',#10157,#7761,#7762);
#6987=AXIS2_PLACEMENT_3D('',#10345,#7769,#7770);
#6988=AXIS2_PLACEMENT_3D('',#10348,#7771,#7772);
#6989=AXIS2_PLACEMENT_3D('',#10352,#7774,#7775);
#6990=AXIS2_PLACEMENT_3D('',#10355,#7777,#7778);
#6991=AXIS2_PLACEMENT_3D('',#10357,#7779,#7780);
#6992=AXIS2_PLACEMENT_3D('',#10361,#7782,#7783);
#6993=AXIS2_PLACEMENT_3D('',#10369,#7789,#7790);
#6994=AXIS2_PLACEMENT_3D('',#10373,#7792,#7793);
#6995=AXIS2_PLACEMENT_3D('',#10377,#7795,#7796);
#6996=AXIS2_PLACEMENT_3D('',#10378,#7797,#7798);
#6997=AXIS2_PLACEMENT_3D('',#10379,#7799,#7800);
#6998=AXIS2_PLACEMENT_3D('',#10383,#7802,#7803);
#6999=AXIS2_PLACEMENT_3D('',#10387,#7805,#7806);
#7000=AXIS2_PLACEMENT_3D('',#10389,#7808,#7809);
#7001=AXIS2_PLACEMENT_3D('',#10390,#7810,#7811);
#7002=AXIS2_PLACEMENT_3D('',#10393,#7814,#7815);
#7003=AXIS2_PLACEMENT_3D('',#10395,#7817,#7818);
#7004=AXIS2_PLACEMENT_3D('',#10397,#7820,#7821);
#7005=AXIS2_PLACEMENT_3D('',#10400,#7824,#7825);
#7006=AXIS2_PLACEMENT_3D('',#10402,#7827,#7828);
#7007=AXIS2_PLACEMENT_3D('',#10404,#7830,#7831);
#7008=AXIS2_PLACEMENT_3D('',#10406,#7833,#7834);
#7009=AXIS2_PLACEMENT_3D('',#10409,#7835,#7836);
#7010=AXIS2_PLACEMENT_3D('',#10414,#7839,#7840);
#7011=AXIS2_PLACEMENT_3D('',#10420,#7843,#7844);
#7012=AXIS2_PLACEMENT_3D('',#10437,#7856,#7857);
#7013=AXIS2_PLACEMENT_3D('',#10441,#7859,#7860);
#7014=AXIS2_PLACEMENT_3D('',#10443,#7862,#7863);
#7015=AXIS2_PLACEMENT_3D('',#10445,#7865,#7866);
#7016=AXIS2_PLACEMENT_3D('',#10447,#7868,#7869);
#7017=AXIS2_PLACEMENT_3D('',#10453,#7872,#7873);
#7018=AXIS2_PLACEMENT_3D('',#10455,#7875,#7876);
#7019=AXIS2_PLACEMENT_3D('',#10457,#7877,#7878);
#7020=AXIS2_PLACEMENT_3D('',#10461,#7880,#7881);
#7021=AXIS2_PLACEMENT_3D('',#10469,#7885,#7886);
#7022=AXIS2_PLACEMENT_3D('',#10475,#7889,#7890);
#7023=AXIS2_PLACEMENT_3D('',#10489,#7900,#7901);
#7024=AXIS2_PLACEMENT_3D('',#10493,#7903,#7904);
#7025=AXIS2_PLACEMENT_3D('',#10497,#7906,#7907);
#7026=AXIS2_PLACEMENT_3D('',#10501,#7909,#7910);
#7027=AXIS2_PLACEMENT_3D('',#10504,#7912,#7913);
#7028=AXIS2_PLACEMENT_3D('',#10505,#7914,#7915);
#7029=AXIS2_PLACEMENT_3D('',#10507,#7916,#7917);
#7030=AXIS2_PLACEMENT_3D('',#10512,#7920,#7921);
#7031=AXIS2_PLACEMENT_3D('',#10516,#7923,#7924);
#7032=AXIS2_PLACEMENT_3D('',#10520,#7926,#7927);
#7033=AXIS2_PLACEMENT_3D('',#10524,#7929,#7930);
#7034=AXIS2_PLACEMENT_3D('',#10555,#7937,#7938);
#7035=AXIS2_PLACEMENT_3D('',#10557,#7940,#7941);
#7036=AXIS2_PLACEMENT_3D('',#10558,#7942,#7943);
#7037=AXIS2_PLACEMENT_3D('',#10571,#7945,#7946);
#7038=AXIS2_PLACEMENT_3D('',#10575,#7948,#7949);
#7039=AXIS2_PLACEMENT_3D('',#10577,#7951,#7952);
#7040=AXIS2_PLACEMENT_3D('',#10579,#7954,#7955);
#7041=AXIS2_PLACEMENT_3D('',#10581,#7957,#7958);
#7042=AXIS2_PLACEMENT_3D('',#10582,#7959,#7960);
#7043=AXIS2_PLACEMENT_3D('',#10584,#7962,#7963);
#7044=AXIS2_PLACEMENT_3D('',#10586,#7965,#7966);
#7045=AXIS2_PLACEMENT_3D('',#10587,#7967,#7968);
#7046=AXIS2_PLACEMENT_3D('',#10588,#7969,#7970);
#7047=AXIS2_PLACEMENT_3D('',#10589,#7971,#7972);
#7048=AXIS2_PLACEMENT_3D('',#10820,#7976,#7977);
#7049=AXIS2_PLACEMENT_3D('',#10823,#7979,#7980);
#7050=AXIS2_PLACEMENT_3D('',#10824,#7981,#7982);
#7051=AXIS2_PLACEMENT_3D('',#10825,#7983,#7984);
#7052=AXIS2_PLACEMENT_3D('',#10827,#7986,#7987);
#7053=AXIS2_PLACEMENT_3D('',#10831,#7990,#7991);
#7054=AXIS2_PLACEMENT_3D('',#10833,#7993,#7994);
#7055=AXIS2_PLACEMENT_3D('',#10837,#7997,#7998);
#7056=AXIS2_PLACEMENT_3D('',#10839,#8000,#8001);
#7057=AXIS2_PLACEMENT_3D('',#10843,#8003,#8004);
#7058=AXIS2_PLACEMENT_3D('',#10845,#8006,#8007);
#7059=AXIS2_PLACEMENT_3D('',#10849,#8010,#8011);
#7060=AXIS2_PLACEMENT_3D('',#10852,#8013,#8014);
#7061=AXIS2_PLACEMENT_3D('',#10853,#8015,#8016);
#7062=AXIS2_PLACEMENT_3D('',#10855,#8018,#8019);
#7063=AXIS2_PLACEMENT_3D('',#10859,#8022,#8023);
#7064=AXIS2_PLACEMENT_3D('',#10862,#8025,#8026);
#7065=AXIS2_PLACEMENT_3D('',#10863,#8027,#8028);
#7066=AXIS2_PLACEMENT_3D('',#10865,#8030,#8031);
#7067=AXIS2_PLACEMENT_3D('',#10867,#8033,#8034);
#7068=AXIS2_PLACEMENT_3D('',#10871,#8036,#8037);
#7069=AXIS2_PLACEMENT_3D('',#10877,#8040,#8041);
#7070=AXIS2_PLACEMENT_3D('',#10879,#8043,#8044);
#7071=AXIS2_PLACEMENT_3D('',#10887,#8050,#8051);
#7072=AXIS2_PLACEMENT_3D('',#10889,#8053,#8054);
#7073=AXIS2_PLACEMENT_3D('',#10890,#8055,#8056);
#7074=AXIS2_PLACEMENT_3D('',#10896,#8058,#8059);
#7075=AXIS2_PLACEMENT_3D('',#10898,#8060,#8061);
#7076=AXIS2_PLACEMENT_3D('',#10900,#8063,#8064);
#7077=AXIS2_PLACEMENT_3D('',#10904,#8067,#8068);
#7078=AXIS2_PLACEMENT_3D('',#10908,#8071,#8072);
#7079=AXIS2_PLACEMENT_3D('',#10910,#8073,#8074);
#7080=AXIS2_PLACEMENT_3D('',#10914,#8075,#8076);
#7081=AXIS2_PLACEMENT_3D('',#10916,#8078,#8079);
#7082=AXIS2_PLACEMENT_3D('',#10919,#8082,#8083);
#7083=AXIS2_PLACEMENT_3D('',#10920,#8084,#8085);
#7084=AXIS2_PLACEMENT_3D('',#10928,#8088,#8089);
#7085=AXIS2_PLACEMENT_3D('',#10929,#8090,#8091);
#7086=AXIS2_PLACEMENT_3D('',#10937,#8094,#8095);
#7087=AXIS2_PLACEMENT_3D('',#10939,#8096,#8097);
#7088=AXIS2_PLACEMENT_3D('',#10941,#8099,#8100);
#7089=AXIS2_PLACEMENT_3D('',#10945,#8103,#8104);
#7090=AXIS2_PLACEMENT_3D('',#10949,#8107,#8108);
#7091=AXIS2_PLACEMENT_3D('',#10950,#8109,#8110);
#7092=AXIS2_PLACEMENT_3D('',#10951,#8111,#8112);
#7093=AXIS2_PLACEMENT_3D('',#10956,#8114,#8115);
#7094=AXIS2_PLACEMENT_3D('',#10961,#8118,#8119);
#7095=AXIS2_PLACEMENT_3D('',#10964,#8121,#8122);
#7096=AXIS2_PLACEMENT_3D('',#10971,#8127,#8128);
#7097=AXIS2_PLACEMENT_3D('',#10975,#8131,#8132);
#7098=AXIS2_PLACEMENT_3D('',#10977,#8134,#8135);
#7099=AXIS2_PLACEMENT_3D('',#10979,#8137,#8138);
#7100=AXIS2_PLACEMENT_3D('',#10981,#8140,#8141);
#7101=AXIS2_PLACEMENT_3D('',#10983,#8143,#8144);
#7102=AXIS2_PLACEMENT_3D('',#10985,#8146,#8147);
#7103=AXIS2_PLACEMENT_3D('',#10987,#8149,#8150);
#7104=AXIS2_PLACEMENT_3D('',#10989,#8152,#8153);
#7105=AXIS2_PLACEMENT_3D('',#10990,#8154,#8155);
#7106=AXIS2_PLACEMENT_3D('',#10996,#8159,#8160);
#7107=AXIS2_PLACEMENT_3D('',#11000,#8163,#8164);
#7108=AXIS2_PLACEMENT_3D('',#11001,#8165,#8166);
#7109=AXIS2_PLACEMENT_3D('',#11002,#8167,#8168);
#7110=AXIS2_PLACEMENT_3D('',#11006,#8171,#8172);
#7111=AXIS2_PLACEMENT_3D('',#11007,#8173,#8174);
#7112=AXIS2_PLACEMENT_3D('',#11011,#8177,#8178);
#7113=AXIS2_PLACEMENT_3D('',#11015,#8181,#8182);
#7114=AXIS2_PLACEMENT_3D('',#11016,#8183,#8184);
#7115=AXIS2_PLACEMENT_3D('',#11018,#8186,#8187);
#7116=AXIS2_PLACEMENT_3D('',#11020,#8189,#8190);
#7117=AXIS2_PLACEMENT_3D('',#11022,#8192,#8193);
#7118=AXIS2_PLACEMENT_3D('',#11023,#8194,#8195);
#7119=AXIS2_PLACEMENT_3D('',#11025,#8197,#8198);
#7120=AXIS2_PLACEMENT_3D('',#11026,#8199,#8200);
#7121=AXIS2_PLACEMENT_3D('',#11028,#8202,#8203);
#7122=AXIS2_PLACEMENT_3D('',#11029,#8204,#8205);
#7123=AXIS2_PLACEMENT_3D('',#11031,#8207,#8208);
#7124=AXIS2_PLACEMENT_3D('',#11032,#8209,#8210);
#7125=AXIS2_PLACEMENT_3D('',#11034,#8212,#8213);
#7126=AXIS2_PLACEMENT_3D('',#11035,#8214,#8215);
#7127=AXIS2_PLACEMENT_3D('',#11037,#8217,#8218);
#7128=AXIS2_PLACEMENT_3D('',#11038,#8219,#8220);
#7129=AXIS2_PLACEMENT_3D('',#11042,#8223,#8224);
#7130=AXIS2_PLACEMENT_3D('',#11044,#8226,#8227);
#7131=AXIS2_PLACEMENT_3D('',#11045,#8228,#8229);
#7132=AXIS2_PLACEMENT_3D('',#11047,#8231,#8232);
#7133=AXIS2_PLACEMENT_3D('',#11048,#8233,#8234);
#7134=AXIS2_PLACEMENT_3D('',#11050,#8236,#8237);
#7135=AXIS2_PLACEMENT_3D('',#11051,#8238,#8239);
#7136=AXIS2_PLACEMENT_3D('',#11053,#8240,#8241);
#7137=AXIS2_PLACEMENT_3D('',#11058,#8244,#8245);
#7138=AXIS2_PLACEMENT_3D('',#11062,#8248,#8249);
#7139=AXIS2_PLACEMENT_3D('',#11064,#8251,#8252);
#7140=AXIS2_PLACEMENT_3D('',#11066,#8254,#8255);
#7141=AXIS2_PLACEMENT_3D('',#11068,#8257,#8258);
#7142=AXIS2_PLACEMENT_3D('',#11069,#8259,#8260);
#7143=AXIS2_PLACEMENT_3D('',#11071,#8262,#8263);
#7144=AXIS2_PLACEMENT_3D('',#11072,#8264,#8265);
#7145=AXIS2_PLACEMENT_3D('',#11073,#8266,#8267);
#7146=AXIS2_PLACEMENT_3D('',#11075,#8268,#8269);
#7147=AXIS2_PLACEMENT_3D('',#11078,#8271,#8272);
#7148=AXIS2_PLACEMENT_3D('',#11079,#8273,#8274);
#7149=AXIS2_PLACEMENT_3D('',#11081,#8275,#8276);
#7150=AXIS2_PLACEMENT_3D('',#11084,#8278,#8279);
#7151=AXIS2_PLACEMENT_3D('',#11085,#8280,#8281);
#7152=AXIS2_PLACEMENT_3D('',#11087,#8282,#8283);
#7153=AXIS2_PLACEMENT_3D('',#11090,#8285,#8286);
#7154=AXIS2_PLACEMENT_3D('',#11091,#8287,#8288);
#7155=AXIS2_PLACEMENT_3D('',#11093,#8289,#8290);
#7156=AXIS2_PLACEMENT_3D('',#11096,#8292,#8293);
#7157=AXIS2_PLACEMENT_3D('',#11097,#8294,#8295);
#7158=AXIS2_PLACEMENT_3D('',#11099,#8296,#8297);
#7159=AXIS2_PLACEMENT_3D('',#11102,#8299,#8300);
#7160=AXIS2_PLACEMENT_3D('',#11103,#8301,#8302);
#7161=AXIS2_PLACEMENT_3D('',#11104,#8303,#8304);
#7162=AXIS2_PLACEMENT_3D('',#11105,#8305,#8306);
#7163=AXIS2_PLACEMENT_3D('',#11114,#8311,#8312);
#7164=AXIS2_PLACEMENT_3D('',#11116,#8313,#8314);
#7165=AXIS2_PLACEMENT_3D('',#11119,#8316,#8317);
#7166=AXIS2_PLACEMENT_3D('',#11120,#8318,#8319);
#7167=AXIS2_PLACEMENT_3D('',#11129,#8324,#8325);
#7168=AXIS2_PLACEMENT_3D('',#11135,#8329,#8330);
#7169=AXIS2_PLACEMENT_3D('',#11144,#8335,#8336);
#7170=AXIS2_PLACEMENT_3D('',#11150,#8340,#8341);
#7171=AXIS2_PLACEMENT_3D('',#11159,#8346,#8347);
#7172=AXIS2_PLACEMENT_3D('',#11165,#8351,#8352);
#7173=AXIS2_PLACEMENT_3D('',#11174,#8357,#8358);
#7174=AXIS2_PLACEMENT_3D('',#11180,#8362,#8363);
#7175=AXIS2_PLACEMENT_3D('',#11183,#8364,#8365);
#7176=AXIS2_PLACEMENT_3D('',#11185,#8366,#8367);
#7177=AXIS2_PLACEMENT_3D('',#11187,#8368,#8369);
#7178=AXIS2_PLACEMENT_3D('',#11219,#8370,#8371);
#7179=AXIS2_PLACEMENT_3D('',#11222,#8372,#8373);
#7180=AXIS2_PLACEMENT_3D('',#11224,#8374,#8375);
#7181=AXIS2_PLACEMENT_3D('',#11226,#8376,#8377);
#7182=AXIS2_PLACEMENT_3D('',#11228,#8378,#8379);
#7183=AXIS2_PLACEMENT_3D('',#11230,#8380,#8381);
#7184=AXIS2_PLACEMENT_3D('',#11303,#8382,#8383);
#7185=AXIS2_PLACEMENT_3D('',#11305,#8384,#8385);
#7186=AXIS2_PLACEMENT_3D('',#11308,#8387,#8388);
#7187=AXIS2_PLACEMENT_3D('',#11309,#8389,#8390);
#7188=AXIS2_PLACEMENT_3D('',#11311,#8391,#8392);
#7189=AXIS2_PLACEMENT_3D('',#11314,#8394,#8395);
#7190=AXIS2_PLACEMENT_3D('',#11315,#8396,#8397);
#7191=AXIS2_PLACEMENT_3D('',#11317,#8398,#8399);
#7192=AXIS2_PLACEMENT_3D('',#11321,#8401,#8402);
#7193=AXIS2_PLACEMENT_3D('',#11323,#8403,#8404);
#7194=AXIS2_PLACEMENT_3D('',#11324,#8405,#8406);
#7195=AXIS2_PLACEMENT_3D('',#11325,#8407,#8408);
#7196=AXIS2_PLACEMENT_3D('',#11328,#8409,#8410);
#7197=AXIS2_PLACEMENT_3D('',#11332,#8412,#8413);
#7198=AXIS2_PLACEMENT_3D('',#11342,#8414,#8415);
#7199=AXIS2_PLACEMENT_3D('',#11344,#8417,#8418);
#7200=AXIS2_PLACEMENT_3D('',#11346,#8419,#8420);
#7201=AXIS2_PLACEMENT_3D('',#11349,#8422,#8423);
#7202=AXIS2_PLACEMENT_3D('',#11350,#8424,#8425);
#7203=AXIS2_PLACEMENT_3D('',#11353,#8426,#8427);
#7204=AXIS2_PLACEMENT_3D('',#11357,#8429,#8430);
#7205=AXIS2_PLACEMENT_3D('',#11359,#8432,#8433);
#7206=AXIS2_PLACEMENT_3D('',#11362,#8434,#8435);
#7207=AXIS2_PLACEMENT_3D('',#11366,#8437,#8438);
#7208=AXIS2_PLACEMENT_3D('',#11368,#8440,#8441);
#7209=AXIS2_PLACEMENT_3D('',#11371,#8442,#8443);
#7210=AXIS2_PLACEMENT_3D('',#11375,#8445,#8446);
#7211=AXIS2_PLACEMENT_3D('',#11377,#8448,#8449);
#7212=AXIS2_PLACEMENT_3D('',#11379,#8450,#8451);
#7213=AXIS2_PLACEMENT_3D('',#11382,#8453,#8454);
#7214=AXIS2_PLACEMENT_3D('',#11383,#8455,#8456);
#7215=AXIS2_PLACEMENT_3D('',#11385,#8457,#8458);
#7216=AXIS2_PLACEMENT_3D('',#11388,#8460,#8461);
#7217=AXIS2_PLACEMENT_3D('',#11389,#8462,#8463);
#7218=AXIS2_PLACEMENT_3D('',#11391,#8464,#8465);
#7219=AXIS2_PLACEMENT_3D('',#11394,#8467,#8468);
#7220=AXIS2_PLACEMENT_3D('',#11395,#8469,#8470);
#7221=AXIS2_PLACEMENT_3D('',#11397,#8471,#8472);
#7222=AXIS2_PLACEMENT_3D('',#11400,#8474,#8475);
#7223=AXIS2_PLACEMENT_3D('',#11401,#8476,#8477);
#7224=AXIS2_PLACEMENT_3D('',#11403,#8478,#8479);
#7225=AXIS2_PLACEMENT_3D('',#11406,#8481,#8482);
#7226=AXIS2_PLACEMENT_3D('',#11407,#8483,#8484);
#7227=AXIS2_PLACEMENT_3D('',#11409,#8485,#8486);
#7228=AXIS2_PLACEMENT_3D('',#11412,#8488,#8489);
#7229=AXIS2_PLACEMENT_3D('',#11413,#8490,#8491);
#7230=AXIS2_PLACEMENT_3D('',#11422,#8495,#8496);
#7231=AXIS2_PLACEMENT_3D('',#11447,#8501,#8502);
#7232=AXIS2_PLACEMENT_3D('',#11462,#8508,#8509);
#7233=AXIS2_PLACEMENT_3D('',#11551,#8519,#8520);
#7234=AXIS2_PLACEMENT_3D('',#11552,#8521,#8522);
#7235=AXIS2_PLACEMENT_3D('',#11553,#8523,#8524);
#7236=AXIS2_PLACEMENT_3D('',#11554,#8525,#8526);
#7237=AXIS2_PLACEMENT_3D('',#11556,#8528,#8529);
#7238=AXIS2_PLACEMENT_3D('',#11562,#8532,#8533);
#7239=AXIS2_PLACEMENT_3D('',#11564,#8535,#8536);
#7240=AXIS2_PLACEMENT_3D('',#11570,#8540,#8541);
#7241=AXIS2_PLACEMENT_3D('',#11578,#8546,#8547);
#7242=AXIS2_PLACEMENT_3D('',#11679,#8552,#8553);
#7243=AXIS2_PLACEMENT_3D('',#11681,#8555,#8556);
#7244=AXIS2_PLACEMENT_3D('',#11685,#8559,#8560);
#7245=AXIS2_PLACEMENT_3D('',#11689,#8563,#8564);
#7246=AXIS2_PLACEMENT_3D('',#11697,#8569,#8570);
#7247=AXIS2_PLACEMENT_3D('',#11737,#8572,#8573);
#7248=AXIS2_PLACEMENT_3D('',#11741,#8576,#8577);
#7249=AXIS2_PLACEMENT_3D('',#11743,#8579,#8580);
#7250=AXIS2_PLACEMENT_3D('',#11745,#8581,#8582);
#7251=AXIS2_PLACEMENT_3D('',#11747,#8584,#8585);
#7252=AXIS2_PLACEMENT_3D('',#11749,#8587,#8588);
#7253=AXIS2_PLACEMENT_3D('',#11777,#8591,#8592);
#7254=AXIS2_PLACEMENT_3D('',#11778,#8593,#8594);
#7255=AXIS2_PLACEMENT_3D('',#11780,#8595,#8596);
#7256=AXIS2_PLACEMENT_3D('',#11782,#8597,#8598);
#7257=AXIS2_PLACEMENT_3D('',#11783,#8599,#8600);
#7258=AXIS2_PLACEMENT_3D('',#11784,#8601,#8602);
#7259=AXIS2_PLACEMENT_3D('',#11787,#8604,#8605);
#7260=AXIS2_PLACEMENT_3D('',#11788,#8606,#8607);
#7261=AXIS2_PLACEMENT_3D('',#11804,#8609,#8610);
#7262=AXIS2_PLACEMENT_3D('',#11834,#8612,#8613);
#7263=AXIS2_PLACEMENT_3D('',#11852,#8615,#8616);
#7264=AXIS2_PLACEMENT_3D('',#11860,#8617,#8618);
#7265=AXIS2_PLACEMENT_3D('',#11861,#8619,#8620);
#7266=AXIS2_PLACEMENT_3D('',#11887,#8622,#8623);
#7267=AXIS2_PLACEMENT_3D('',#11889,#8624,#8625);
#7268=AXIS2_PLACEMENT_3D('',#11890,#8626,#8627);
#7269=AXIS2_PLACEMENT_3D('',#11891,#8628,#8629);
#7270=AXIS2_PLACEMENT_3D('',#11914,#8631,#8632);
#7271=AXIS2_PLACEMENT_3D('',#11928,#8640,#8641);
#7272=AXIS2_PLACEMENT_3D('',#11930,#8642,#8643);
#7273=AXIS2_PLACEMENT_3D('',#11931,#8644,#8645);
#7274=AXIS2_PLACEMENT_3D('',#11944,#8653,#8654);
#7275=AXIS2_PLACEMENT_3D('',#11948,#8657,#8658);
#7276=AXIS2_PLACEMENT_3D('',#11950,#8660,#8661);
#7277=AXIS2_PLACEMENT_3D('',#11951,#8662,#8663);
#7278=AXIS2_PLACEMENT_3D('',#11953,#8665,#8666);
#7279=AXIS2_PLACEMENT_3D('',#11955,#8668,#8669);
#7280=AXIS2_PLACEMENT_3D('',#11956,#8670,#8671);
#7281=AXIS2_PLACEMENT_3D('',#11958,#8673,#8674);
#7282=AXIS2_PLACEMENT_3D('',#11959,#8675,#8676);
#7283=AXIS2_PLACEMENT_3D('',#12189,#8682,#8683);
#7284=AXIS2_PLACEMENT_3D('',#12191,#8684,#8685);
#7285=AXIS2_PLACEMENT_3D('',#12524,#8687,#8688);
#7286=AXIS2_PLACEMENT_3D('',#12526,#8689,#8690);
#7287=AXIS2_PLACEMENT_3D('',#12533,#8691,#8692);
#7288=AXIS2_PLACEMENT_3D('',#12536,#8694,#8695);
#7289=AXIS2_PLACEMENT_3D('',#12538,#8696,#8697);
#7290=AXIS2_PLACEMENT_3D('',#12567,#8698,#8699);
#7291=AXIS2_PLACEMENT_3D('',#12568,#8700,#8701);
#7292=AXIS2_PLACEMENT_3D('',#12579,#8707,#8708);
#7293=AXIS2_PLACEMENT_3D('',#12580,#8709,#8710);
#7294=AXIS2_PLACEMENT_3D('',#12688,#8723,#8724);
#7295=AXIS2_PLACEMENT_3D('',#12696,#8728,#8729);
#7296=AXIS2_PLACEMENT_3D('',#12700,#8732,#8733);
#7297=AXIS2_PLACEMENT_3D('',#12712,#8740,#8741);
#7298=AXIS2_PLACEMENT_3D('',#12735,#8755,#8756);
#7299=AXIS2_PLACEMENT_3D('',#12736,#8757,#8758);
#7300=AXIS2_PLACEMENT_3D('',#12757,#8763,#8764);
#7301=AXIS2_PLACEMENT_3D('',#12761,#8767,#8768);
#7302=AXIS2_PLACEMENT_3D('',#12815,#8770,#8771);
#7303=AXIS2_PLACEMENT_3D('',#12857,#8778,#8779);
#7304=AXIS2_PLACEMENT_3D('',#12991,#8783,#8784);
#7305=AXIS2_PLACEMENT_3D('',#13029,#8792,#8793);
#7306=AXIS2_PLACEMENT_3D('',#13033,#8796,#8797);
#7307=AXIS2_PLACEMENT_3D('',#13036,#8798,#8799);
#7308=AXIS2_PLACEMENT_3D('',#13039,#8802,#8803);
#7309=AXIS2_PLACEMENT_3D('',#13046,#8808,#8809);
#7310=AXIS2_PLACEMENT_3D('',#13073,#8818,#8819);
#7311=AXIS2_PLACEMENT_3D('',#13079,#8823,#8824);
#7312=AXIS2_PLACEMENT_3D('',#13083,#8827,#8828);
#7313=AXIS2_PLACEMENT_3D('',#13084,#8829,#8830);
#7314=AXIS2_PLACEMENT_3D('',#13085,#8831,#8832);
#7315=AXIS2_PLACEMENT_3D('',#13089,#8835,#8836);
#7316=AXIS2_PLACEMENT_3D('',#13093,#8839,#8840);
#7317=AXIS2_PLACEMENT_3D('',#13101,#8845,#8846);
#7318=AXIS2_PLACEMENT_3D('',#13103,#8848,#8849);
#7319=AXIS2_PLACEMENT_3D('',#13105,#8851,#8852);
#7320=AXIS2_PLACEMENT_3D('',#13106,#8853,#8854);
#7321=AXIS2_PLACEMENT_3D('',#13107,#8855,#8856);
#7322=AXIS2_PLACEMENT_3D('',#13108,#8857,#8858);
#7323=AXIS2_PLACEMENT_3D('',#13109,#8859,#8860);
#7324=AXIS2_PLACEMENT_3D('',#13113,#8863,#8864);
#7325=AXIS2_PLACEMENT_3D('',#13142,#8880,#8881);
#7326=AXIS2_PLACEMENT_3D('',#13146,#8884,#8885);
#7327=AXIS2_PLACEMENT_3D('',#13155,#8890,#8891);
#7328=AXIS2_PLACEMENT_3D('',#13159,#8894,#8895);
#7329=AXIS2_PLACEMENT_3D('',#13163,#8897,#8898);
#7330=AXIS2_PLACEMENT_3D('',#13165,#8900,#8901);
#7331=AXIS2_PLACEMENT_3D('',#13166,#8902,#8903);
#7332=AXIS2_PLACEMENT_3D('',#13168,#8905,#8906);
#7333=AXIS2_PLACEMENT_3D('',#13170,#8908,#8909);
#7334=AXIS2_PLACEMENT_3D('',#13172,#8911,#8912);
#7335=AXIS2_PLACEMENT_3D('',#13173,#8913,#8914);
#7336=AXIS2_PLACEMENT_3D('',#13175,#8916,#8917);
#7337=AXIS2_PLACEMENT_3D('',#13188,#8924,#8925);
#7338=AXIS2_PLACEMENT_3D('',#13201,#8932,#8933);
#7339=AXIS2_PLACEMENT_3D('',#13205,#8936,#8937);
#7340=AXIS2_PLACEMENT_3D('',#13207,#8939,#8940);
#7341=AXIS2_PLACEMENT_3D('',#13211,#8943,#8944);
#7342=AXIS2_PLACEMENT_3D('',#14145,#8946,#8947);
#7343=AXIS2_PLACEMENT_3D('',#14146,#8948,#8949);
#7344=AXIS2_PLACEMENT_3D('',#14151,#8951,#8952);
#7345=AXIS2_PLACEMENT_3D('',#14164,#8957,#8958);
#7346=AXIS2_PLACEMENT_3D('',#14168,#8961,#8962);
#7347=AXIS2_PLACEMENT_3D('',#14173,#8965,#8966);
#7348=AXIS2_PLACEMENT_3D('',#14201,#8981,#8982);
#7349=AXIS2_PLACEMENT_3D('',#14209,#8986,#8987);
#7350=AXIS2_PLACEMENT_3D('',#14211,#8989,#8990);
#7351=AXIS2_PLACEMENT_3D('',#14215,#8993,#8994);
#7352=AXIS2_PLACEMENT_3D('',#14219,#8996,#8997);
#7353=AXIS2_PLACEMENT_3D('',#14231,#9001,#9002);
#7354=AXIS2_PLACEMENT_3D('',#14247,#9004,#9005);
#7355=AXIS2_PLACEMENT_3D('',#14248,#9006,#9007);
#7356=AXIS2_PLACEMENT_3D('',#14249,#9008,#9009);
#7357=AXIS2_PLACEMENT_3D('',#14250,#9010,#9011);
#7358=AXIS2_PLACEMENT_3D('',#14251,#9012,#9013);
#7359=AXIS2_PLACEMENT_3D('',#14252,#9014,#9015);
#7360=AXIS2_PLACEMENT_3D('',#14253,#9016,#9017);
#7361=AXIS2_PLACEMENT_3D('',#14260,#9022,#9023);
#7362=AXIS2_PLACEMENT_3D('',#14262,#9025,#9026);
#7363=AXIS2_PLACEMENT_3D('',#14263,#9027,#9028);
#7364=AXIS2_PLACEMENT_3D('',#14265,#9030,#9031);
#7365=AXIS2_PLACEMENT_3D('',#14267,#9033,#9034);
#7366=AXIS2_PLACEMENT_3D('',#14285,#9035,#9036);
#7367=AXIS2_PLACEMENT_3D('',#14289,#9039,#9040);
#7368=AXIS2_PLACEMENT_3D('',#14292,#9043,#9044);
#7369=AXIS2_PLACEMENT_3D('',#14294,#9046,#9047);
#7370=AXIS2_PLACEMENT_3D('',#14296,#9049,#9050);
#7371=AXIS2_PLACEMENT_3D('',#14298,#9052,#9053);
#7372=AXIS2_PLACEMENT_3D('',#14300,#9055,#9056);
#7373=AXIS2_PLACEMENT_3D('',#14301,#9057,#9058);
#7374=AXIS2_PLACEMENT_3D('',#14304,#9061,#9062);
#7375=AXIS2_PLACEMENT_3D('',#14306,#9064,#9065);
#7376=AXIS2_PLACEMENT_3D('',#14308,#9067,#9068);
#7377=AXIS2_PLACEMENT_3D('',#14310,#9070,#9071);
#7378=AXIS2_PLACEMENT_3D('',#14312,#9073,#9074);
#7379=AXIS2_PLACEMENT_3D('',#14313,#9075,#9076);
#7380=AXIS2_PLACEMENT_3D('',#14314,#9077,#9078);
#7381=AXIS2_PLACEMENT_3D('',#14318,#9080,#9081);
#7382=AXIS2_PLACEMENT_3D('',#14320,#9083,#9084);
#7383=AXIS2_PLACEMENT_3D('',#14322,#9086,#9087);
#7384=AXIS2_PLACEMENT_3D('',#14323,#9088,#9089);
#7385=AXIS2_PLACEMENT_3D('',#14324,#9090,#9091);
#7386=AXIS2_PLACEMENT_3D('',#14326,#9093,#9094);
#7387=AXIS2_PLACEMENT_3D('',#14327,#9095,#9096);
#7388=AXIS2_PLACEMENT_3D('',#14329,#9098,#9099);
#7389=AXIS2_PLACEMENT_3D('',#14330,#9100,#9101);
#7390=AXIS2_PLACEMENT_3D('',#14334,#9104,#9105);
#7391=AXIS2_PLACEMENT_3D('',#14337,#9108,#9109);
#7392=AXIS2_PLACEMENT_3D('',#14408,#9110,#9111);
#7393=AXIS2_PLACEMENT_3D('',#14409,#9112,#9113);
#7394=AXIS2_PLACEMENT_3D('',#14415,#9117,#9118);
#7395=AXIS2_PLACEMENT_3D('',#14419,#9121,#9122);
#7396=AXIS2_PLACEMENT_3D('',#14423,#9125,#9126);
#7397=AXIS2_PLACEMENT_3D('',#14427,#9129,#9130);
#7398=AXIS2_PLACEMENT_3D('',#14431,#9133,#9134);
#7399=AXIS2_PLACEMENT_3D('',#14433,#9136,#9137);
#7400=AXIS2_PLACEMENT_3D('',#14439,#9141,#9142);
#7401=AXIS2_PLACEMENT_3D('',#14443,#9145,#9146);
#7402=AXIS2_PLACEMENT_3D('',#14447,#9149,#9150);
#7403=AXIS2_PLACEMENT_3D('',#14451,#9153,#9154);
#7404=AXIS2_PLACEMENT_3D('',#14455,#9157,#9158);
#7405=AXIS2_PLACEMENT_3D('',#14457,#9160,#9161);
#7406=AXIS2_PLACEMENT_3D('',#14459,#9163,#9164);
#7407=AXIS2_PLACEMENT_3D('',#14461,#9166,#9167);
#7408=AXIS2_PLACEMENT_3D('',#14522,#9168,#9169);
#7409=AXIS2_PLACEMENT_3D('',#14524,#9171,#9172);
#7410=AXIS2_PLACEMENT_3D('',#14525,#9173,#9174);
#7411=AXIS2_PLACEMENT_3D('',#14526,#9175,#9176);
#7412=AXIS2_PLACEMENT_3D('',#14527,#9177,#9178);
#7413=AXIS2_PLACEMENT_3D('',#14528,#9179,#9180);
#7414=AXIS2_PLACEMENT_3D('',#14644,#9182,#9183);
#7415=AXIS2_PLACEMENT_3D('',#14645,#9184,#9185);
#7416=DIRECTION('axis',(0.,0.,1.));
#7417=DIRECTION('refdir',(1.,0.,0.));
#7418=DIRECTION('axis',(0.,0.,1.));
#7419=DIRECTION('refdir',(1.,0.,0.));
#7420=DIRECTION('axis',(0.,0.,1.));
#7421=DIRECTION('refdir',(1.,0.,0.));
#7422=DIRECTION('center_axis',(-7.61499999958854E-5,-0.99996192594597,0.00872587299952852));
#7423=DIRECTION('ref_axis',(4.39504220506575E-19,-0.00872587302482842,-0.999961928845271));
#7424=DIRECTION('center_axis',(-7.61499999958854E-5,-0.99996192594597,0.00872587299952852));
#7425=DIRECTION('ref_axis',(4.39504220506575E-19,-0.00872587302482842,-0.999961928845271));
#7426=DIRECTION('',(-7.61499999958854E-5,-0.99996192594597,0.00872587299952852));
#7427=DIRECTION('center_axis',(7.61499999958854E-5,0.99996192594597,-0.00872587299952852));
#7428=DIRECTION('ref_axis',(4.39504220506575E-19,-0.00872587302482842,-0.999961928845271));
#7429=DIRECTION('center_axis',(-7.61499999958854E-5,-0.99996192594597,0.00872587299952852));
#7430=DIRECTION('ref_axis',(4.39504220506575E-19,-0.00872587302482842,-0.999961928845271));
#7431=DIRECTION('center_axis',(-7.61499999958854E-5,-0.99996192594597,0.00872587299952852));
#7432=DIRECTION('ref_axis',(4.39504220506575E-19,-0.00872587302482842,-0.999961928845271));
#7433=DIRECTION('',(-7.61499999958854E-5,-0.99996192594597,0.00872587299952852));
#7434=DIRECTION('center_axis',(7.61499999958854E-5,0.99996192594597,-0.00872587299952852));
#7435=DIRECTION('ref_axis',(4.39504220506575E-19,-0.00872587302482842,-0.999961928845271));
#7436=DIRECTION('center_axis',(-7.61499999958854E-5,-0.99996192594597,0.00872587299952852));
#7437=DIRECTION('ref_axis',(1.29066645337874E-19,-0.00872587302482841,-0.999961928845271));
#7438=DIRECTION('center_axis',(7.61499999958854E-5,0.99996192594597,-0.00872587299952852));
#7439=DIRECTION('ref_axis',(1.29066645337874E-19,-0.00872587302482841,-0.999961928845271));
#7440=DIRECTION('',(-7.61499999958854E-5,-0.99996192594597,0.00872587299952852));
#7441=DIRECTION('center_axis',(7.61499999958854E-5,0.99996192594597,-0.00872587299952852));
#7442=DIRECTION('ref_axis',(1.29066645337874E-19,-0.00872587302482841,-0.999961928845271));
#7443=DIRECTION('center_axis',(-7.61499999958854E-5,-0.99996192594597,0.00872587299952852));
#7444=DIRECTION('ref_axis',(1.29066645337874E-19,-0.00872587302482841,-0.999961928845271));
#7445=DIRECTION('center_axis',(7.61499999958854E-5,0.99996192594597,-0.00872587299952852));
#7446=DIRECTION('ref_axis',(1.29066645337874E-19,-0.00872587302482841,-0.999961928845271));
#7447=DIRECTION('',(-7.61499999958854E-5,-0.99996192594597,0.00872587299952852));
#7448=DIRECTION('center_axis',(7.61499999958854E-5,0.99996192594597,-0.00872587299952852));
#7449=DIRECTION('ref_axis',(1.29066645337874E-19,-0.00872587302482841,-0.999961928845271));
#7450=DIRECTION('center_axis',(0.0263278749991213,-0.00872485299970881,
-0.999615285966638));
#7451=DIRECTION('ref_axis',(-0.999653335026089,-5.20688093336163E-17,-0.0263288771355383));
#7452=DIRECTION('',(-0.0263278749991213,0.00872485299970881,0.999615285966638));
#7453=DIRECTION('center_axis',(0.522627287301204,-0.00747913800431043,-0.852528463491335));
#7454=DIRECTION('ref_axis',(-0.852561266284902,-0.0044954589793256,-0.522607958300722));
#7455=DIRECTION('',(0.0263278745613772,-0.00872485309200138,-0.999615285977362));
#7456=DIRECTION('center_axis',(-0.852561266340993,-0.00449545900179802,
-0.522607958209024));
#7457=DIRECTION('ref_axis',(0.369499280680058,-0.712368734086121,-0.596658250821571));
#7458=DIRECTION('',(0.852561266340993,0.00449545900179802,0.522607958209024));
#7459=DIRECTION('center_axis',(0.0263278749991801,-0.00872485299961754,
-0.999615285966638));
#7460=DIRECTION('ref_axis',(0.999653358519412,0.000153612551809021,0.0263275369916207));
#7461=DIRECTION('center_axis',(0.0786096070162714,-0.00870485700180182,
-0.996867471206341));
#7462=DIRECTION('ref_axis',(-0.996905473897014,-0.000610025409264788,-0.07860727690977));
#7463=DIRECTION('',(0.852561266267816,0.00449523482955338,0.522607960256677));
#7464=DIRECTION('center_axis',(-7.61499999958854E-5,-0.99996192594597,0.00872587299952852));
#7465=DIRECTION('ref_axis',(4.22457682443082E-20,-0.00872587302482842,-0.999961928845271));
#7466=DIRECTION('center_axis',(-7.61499999958854E-5,-0.99996192594597,0.00872587299952852));
#7467=DIRECTION('ref_axis',(4.22457682443082E-20,-0.00872587302482842,-0.999961928845271));
#7468=DIRECTION('',(-7.61499999958854E-5,-0.99996192594597,0.00872587299952852));
#7469=DIRECTION('center_axis',(-7.61499999958854E-5,-0.99996192594597,0.00872587299952852));
#7470=DIRECTION('ref_axis',(4.22457682443082E-20,-0.00872587302482842,-0.999961928845271));
#7471=DIRECTION('center_axis',(0.704972467112409,0.707511212112784,0.0494136150078332));
#7472=DIRECTION('ref_axis',(0.704864774409011,-0.706648505416642,0.061753862954158));
#7473=DIRECTION('center_axis',(0.277121060967411,0.960740679511421,0.0134634431045734));
#7474=DIRECTION('ref_axis',(0.957613934272016,-0.277311327230532,0.0779357471107611));
#7475=DIRECTION('center_axis',(0.704972467112406,0.707511212112783,0.0494136150078984));
#7476=DIRECTION('ref_axis',(0.704864774415956,-0.706648505417413,0.061753862866067));
#7477=DIRECTION('center_axis',(-7.61499999958854E-5,-0.99996192594597,0.00872587299952852));
#7478=DIRECTION('ref_axis',(4.22457682443082E-20,-0.00872587302482842,-0.999961928845271));
#7479=DIRECTION('center_axis',(-7.61499999958854E-5,-0.99996192594597,0.00872587299952852));
#7480=DIRECTION('ref_axis',(4.22457682443082E-20,-0.00872587302482842,-0.999961928845271));
#7481=DIRECTION('center_axis',(-7.61499999958854E-5,-0.99996192594597,0.00872587299952852));
#7482=DIRECTION('ref_axis',(4.22457682443082E-20,-0.00872587302482842,-0.999961928845271));
#7483=DIRECTION('',(-7.61499999958854E-5,-0.99996192594597,0.00872587299952852));
#7484=DIRECTION('center_axis',(-7.61499999958854E-5,-0.99996192594597,0.00872587299952852));
#7485=DIRECTION('ref_axis',(4.22457682443082E-20,-0.00872587302482842,-0.999961928845271));
#7486=DIRECTION('center_axis',(0.704972467112385,0.707511212112806,0.0494136150078567));
#7487=DIRECTION('ref_axis',(0.704864774412057,-0.706648505416954,0.0617538629158054));
#7488=DIRECTION('center_axis',(0.277121059946149,0.960740679807503,0.0134634429972157));
#7489=DIRECTION('ref_axis',(0.95204362706955,-0.272667347380648,-0.138800035405822));
#7490=DIRECTION('center_axis',(0.277884718993892,0.960613838977971,-0.00106551099994855));
#7491=DIRECTION('ref_axis',(0.960254103931998,-0.27774993589879,0.0276952882269608));
#7492=DIRECTION('center_axis',(0.704972467112473,0.70751121211271,0.0494136150079872));
#7493=DIRECTION('ref_axis',(0.704864774429935,-0.706648505419043,0.061753862687848));
#7494=DIRECTION('center_axis',(-7.61499999958854E-5,-0.99996192594597,0.00872587299952852));
#7495=DIRECTION('ref_axis',(4.22457682443082E-20,-0.00872587302482842,-0.999961928845271));
#7496=DIRECTION('center_axis',(7.61499999958854E-5,0.99996192594597,-0.00872587299952852));
#7497=DIRECTION('ref_axis',(-4.30928011915625E-20,0.00872587302482841,0.999961928845271));
#7498=DIRECTION('center_axis',(7.61499999958854E-5,0.99996192594597,-0.00872587299952852));
#7499=DIRECTION('ref_axis',(-4.30928011915625E-20,0.00872587302482841,0.999961928845271));
#7500=DIRECTION('',(-7.61499999958854E-5,-0.99996192594597,0.00872587299952852));
#7501=DIRECTION('center_axis',(-7.61499999958854E-5,-0.99996192594597,0.00872587299952852));
#7502=DIRECTION('ref_axis',(-4.30928011915625E-20,0.00872587302482841,0.999961928845271));
#7503=DIRECTION('',(7.61499999958854E-5,0.99996192594597,-0.00872587299952852));
#7504=DIRECTION('center_axis',(7.61499999958854E-5,0.99996192594597,-0.00872587299952852));
#7505=DIRECTION('ref_axis',(-4.30928011915625E-20,0.00872587302482841,0.999961928845271));
#7506=DIRECTION('center_axis',(7.61499999958854E-5,0.99996192594597,-0.00872587299952852));
#7507=DIRECTION('ref_axis',(-4.30928011915625E-20,0.00872587302482841,0.999961928845271));
#7508=DIRECTION('',(-7.61499999958854E-5,-0.99996192594597,0.00872587299952852));
#7509=DIRECTION('center_axis',(-7.61499999958854E-5,-0.99996192594597,0.00872587299952852));
#7510=DIRECTION('ref_axis',(-4.30928011915625E-20,0.00872587302482841,0.999961928845271));
#7511=DIRECTION('',(7.61499999958854E-5,0.99996192594597,-0.00872587299952852));
#7512=DIRECTION('center_axis',(7.61499999958854E-5,0.99996192594597,-0.00872587299952852));
#7513=DIRECTION('ref_axis',(2.21075599233372E-19,0.00872587302482842,0.999961928845271));
#7514=DIRECTION('center_axis',(-7.61499999958854E-5,-0.99996192594597,0.00872587299952852));
#7515=DIRECTION('ref_axis',(3.46940296976783E-14,0.00872587302482841,0.999961928845271));
#7516=DIRECTION('',(-7.61499999958854E-5,-0.99996192594597,0.00872587299952852));
#7517=DIRECTION('center_axis',(-7.61499999958854E-5,-0.99996192594597,0.00872587299952852));
#7518=DIRECTION('ref_axis',(6.93884994289727E-14,0.00872587302482841,0.999961928845271));
#7519=DIRECTION('',(7.61499999958854E-5,0.99996192594597,-0.00872587299952852));
#7520=DIRECTION('center_axis',(7.61499999958854E-5,0.99996192594597,-0.00872587299952852));
#7521=DIRECTION('ref_axis',(2.21075599233372E-19,0.00872587302482842,0.999961928845271));
#7522=DIRECTION('center_axis',(-7.61499999958854E-5,-0.99996192594597,0.00872587299952852));
#7523=DIRECTION('ref_axis',(3.46940296976783E-14,0.00872587302482841,0.999961928845271));
#7524=DIRECTION('',(-7.61499999958854E-5,-0.99996192594597,0.00872587299952852));
#7525=DIRECTION('center_axis',(-7.61499999958854E-5,-0.99996192594597,0.00872587299952852));
#7526=DIRECTION('ref_axis',(-4.39504220506575E-19,0.00872587302482842,0.999961928845271));
#7527=DIRECTION('',(7.61499999958854E-5,0.99996192594597,-0.00872587299952852));
#7528=DIRECTION('center_axis',(7.61499999958854E-5,0.99996192594597,-0.00872587299952852));
#7529=DIRECTION('ref_axis',(2.21075599233372E-19,0.00872587302482842,0.999961928845271));
#7530=DIRECTION('center_axis',(-7.61499999958854E-5,-0.99996192594597,0.00872587299952852));
#7531=DIRECTION('ref_axis',(-4.39504220506575E-19,0.00872587302482842,0.999961928845271));
#7532=DIRECTION('',(-7.61499999958854E-5,-0.99996192594597,0.00872587299952852));
#7533=DIRECTION('center_axis',(-7.61499999958854E-5,-0.99996192594597,0.00872587299952852));
#7534=DIRECTION('ref_axis',(-4.39504220506575E-19,0.00872587302482842,0.999961928845271));
#7535=DIRECTION('',(7.61499999958854E-5,0.99996192594597,-0.00872587299952852));
#7536=DIRECTION('center_axis',(7.61499999958854E-5,0.99996192594597,-0.00872587299952852));
#7537=DIRECTION('ref_axis',(2.21075599233372E-19,0.00872587302482842,0.999961928845271));
#7538=DIRECTION('center_axis',(-7.61499999958854E-5,-0.99996192594597,0.00872587299952852));
#7539=DIRECTION('ref_axis',(3.46940296976783E-14,0.00872587302482841,0.999961928845271));
#7540=DIRECTION('',(-7.61499999958854E-5,-0.99996192594597,0.00872587299952852));
#7541=DIRECTION('center_axis',(-7.61499999958854E-5,-0.99996192594597,0.00872587299952852));
#7542=DIRECTION('ref_axis',(-6.93893779080181E-14,0.00872587302482842,0.999961928845271));
#7543=DIRECTION('',(7.61499999958854E-5,0.99996192594597,-0.00872587299952852));
#7544=DIRECTION('center_axis',(7.61499999958854E-5,0.99996192594597,-0.00872587299952852));
#7545=DIRECTION('ref_axis',(2.21075599233372E-19,0.00872587302482842,0.999961928845271));
#7546=DIRECTION('center_axis',(7.61499999958854E-5,0.99996192594597,-0.00872587299952852));
#7547=DIRECTION('ref_axis',(2.21075599233372E-19,0.00872587302482842,0.999961928845271));
#7548=DIRECTION('',(-7.61499999958854E-5,-0.99996192594597,0.00872587299952852));
#7549=DIRECTION('center_axis',(7.61499999958854E-5,0.99996192594597,-0.00872587299952852));
#7550=DIRECTION('ref_axis',(2.21075599233372E-19,0.00872587302482842,0.999961928845271));
#7551=DIRECTION('',(7.61499999958854E-5,0.99996192594597,-0.00872587299952852));
#7552=DIRECTION('center_axis',(7.61499999958854E-5,0.99996192594597,-0.00872587299952852));
#7553=DIRECTION('ref_axis',(2.21075599233372E-19,0.00872587302482842,0.999961928845271));
#7554=DIRECTION('center_axis',(7.61499999958854E-5,0.99996192594597,-0.00872587299952852));
#7555=DIRECTION('ref_axis',(2.21075599233372E-19,0.00872587302482842,0.999961928845271));
#7556=DIRECTION('',(-7.61499999958854E-5,-0.99996192594597,0.00872587299952852));
#7557=DIRECTION('center_axis',(7.61499999958854E-5,0.99996192594597,-0.00872587299952852));
#7558=DIRECTION('ref_axis',(2.21075599233372E-19,0.00872587302482842,0.999961928845271));
#7559=DIRECTION('',(7.61499999958854E-5,0.99996192594597,-0.00872587299952852));
#7560=DIRECTION('center_axis',(7.61499999958854E-5,0.99996192594597,-0.00872587299952852));
#7561=DIRECTION('ref_axis',(2.21075599233372E-19,0.00872587302482842,0.999961928845271));
#7562=DIRECTION('center_axis',(7.61499999958854E-5,0.99996192594597,-0.00872587299952852));
#7563=DIRECTION('ref_axis',(2.21075599233372E-19,0.00872587302482842,0.999961928845271));
#7564=DIRECTION('',(-7.61499999958854E-5,-0.99996192594597,0.00872587299952852));
#7565=DIRECTION('center_axis',(7.61499999958854E-5,0.99996192594597,-0.00872587299952852));
#7566=DIRECTION('ref_axis',(2.21075599233372E-19,0.00872587302482842,0.999961928845271));
#7567=DIRECTION('',(7.61499999958854E-5,0.99996192594597,-0.00872587299952852));
#7568=DIRECTION('center_axis',(7.61499999958854E-5,0.99996192594597,-0.00872587299952852));
#7569=DIRECTION('ref_axis',(2.21075599233372E-19,0.00872587302482842,0.999961928845271));
#7570=DIRECTION('center_axis',(7.61499999958854E-5,0.99996192594597,-0.00872587299952852));
#7571=DIRECTION('ref_axis',(2.21075599233372E-19,0.00872587302482842,0.999961928845271));
#7572=DIRECTION('',(-7.61499999958854E-5,-0.99996192594597,0.00872587299952852));
#7573=DIRECTION('center_axis',(7.61499999958854E-5,0.99996192594597,-0.00872587299952852));
#7574=DIRECTION('ref_axis',(2.21075599233372E-19,0.00872587302482842,0.999961928845271));
#7575=DIRECTION('',(7.61499999958854E-5,0.99996192594597,-0.00872587299952852));
#7576=DIRECTION('center_axis',(7.61499999958854E-5,0.99996192594597,-0.00872587299952852));
#7577=DIRECTION('ref_axis',(2.21075599233372E-19,0.00872587302482842,0.999961928845271));
#7578=DIRECTION('center_axis',(-7.61499999958854E-5,-0.99996192594597,0.00872587299952852));
#7579=DIRECTION('ref_axis',(-3.46942480204204E-14,0.00872587302482842,0.999961928845271));
#7580=DIRECTION('',(-7.61499999958854E-5,-0.99996192594597,0.00872587299952852));
#7581=DIRECTION('center_axis',(-7.61499999958854E-5,-0.99996192594597,0.00872587299952852));
#7582=DIRECTION('ref_axis',(1.04083629104812E-13,0.00872587302482841,0.999961928845271));
#7583=DIRECTION('',(7.61499999958854E-5,0.99996192594597,-0.00872587299952852));
#7584=DIRECTION('center_axis',(0.996905473890221,0.000610025999932824,0.0786072769913438));
#7585=DIRECTION('ref_axis',(0.0786072916174785,-1.35525271560688E-20,-0.996905659380347));
#7586=DIRECTION('',(-0.0786096071030323,0.00870485650529714,0.996867471203835));
#7587=DIRECTION('',(7.61499205138948E-5,0.99996192595369,-0.00872587211546695));
#7588=DIRECTION('',(0.0786096071030346,-0.00870485649470413,-0.996867471203927));
#7589=DIRECTION('',(-7.61499924506811E-5,-0.999961925945725,0.0087258730277007));
#7590=DIRECTION('center_axis',(0.0786096070162714,-0.00870485700180182,
-0.996867471206341));
#7591=DIRECTION('ref_axis',(-0.996905241937653,1.0842021724855E-19,-0.0786125854887674));
#7592=DIRECTION('',(-0.996905473897051,-0.000610025886684088,-0.0786072769055974));
#7593=DIRECTION('',(-7.61500152867568E-5,-0.999961925941604,0.00872587349977885));
#7594=DIRECTION('',(0.996905473897071,0.000610026147950064,0.0786072769033255));
#7595=DIRECTION('center_axis',(-7.61499999958858E-5,-0.99996192594597,0.00872587299952853));
#7596=DIRECTION('ref_axis',(-5.29395592033938E-22,-0.00872587302482842,
-0.999961928845271));
#7597=DIRECTION('',(-0.0786096061877578,0.00870485650241501,0.996867471276036));
#7598=DIRECTION('',(-0.991314022854972,-0.00107210769179852,-0.13151181953037));
#7599=DIRECTION('',(-0.996905473873657,-0.000610025992033913,-0.0786072772014649));
#7600=DIRECTION('center_axis',(-7.61499999958854E-5,-0.99996192594597,0.00872587299952852));
#7601=DIRECTION('ref_axis',(-2.62050818056799E-19,-0.00872587302482841,
-0.999961928845271));
#7602=DIRECTION('',(0.0786096072919058,-0.00870485650172726,-0.996867471188972));
#7603=DIRECTION('center_axis',(-7.61499999958854E-5,-0.99996192594597,0.00872587299952852));
#7604=DIRECTION('ref_axis',(2.62050818056799E-19,0.00872587302482841,0.999961928845271));
#7605=DIRECTION('',(0.99690547386826,0.00061002599262534,0.0786072772699062));
#7606=DIRECTION('center_axis',(-0.0786096070162714,0.00870485700180182,
0.996867471206341));
#7607=DIRECTION('ref_axis',(0.996905241937653,-1.0842021724855E-19,0.0786125854887674));
#7608=DIRECTION('',(-0.95765625997401,-0.278483317702312,-0.0730857680681039));
#7609=DIRECTION('',(7.62086166695154E-5,0.999961925977461,-0.00872586887900563));
#7610=DIRECTION('center_axis',(-0.0786072179811309,0.00870451759931079,
0.996867662558391));
#7611=DIRECTION('ref_axis',(0.996905662106767,0.00060775865412853,0.0786049075369214));
#7612=DIRECTION('',(7.61487325597386E-5,0.999961925940819,-0.00872587360092464));
#7613=DIRECTION('',(7.6151219923233E-5,0.999961925942341,-0.00872587340479981));
#7614=DIRECTION('',(0.957613934480039,-0.277311326690439,0.0779357464764946));
#7615=DIRECTION('',(0.704864774959134,-0.706648504872793,0.0617538628982541));
#7616=DIRECTION('',(0.996905473897052,0.000610025892473461,0.0786072769055421));
#7617=DIRECTION('',(-7.61500416983776E-5,-0.99996192594162,0.00872587349770926));
#7618=DIRECTION('',(-0.996905473897064,-0.00061002608702838,-0.078607276903881));
#7619=DIRECTION('',(-7.61500445178867E-5,-0.999961925941622,0.00872587349745772));
#7620=DIRECTION('',(-0.996905473897054,-0.000610025924343538,-0.0786072769052664));
#7621=DIRECTION('',(-0.704972467073467,-0.707511212205641,-0.049413614233873));
#7622=DIRECTION('center_axis',(-7.61499999958858E-5,-0.99996192594597,0.00872587299952853));
#7623=DIRECTION('ref_axis',(-5.29395592033938E-22,-0.00872587302482842,
-0.999961928845271));
#7624=DIRECTION('center_axis',(-7.61499999958854E-5,-0.99996192594597,0.00872587299952852));
#7625=DIRECTION('ref_axis',(1.85036265857327E-14,0.00872587302482841,0.999961928845271));
#7626=DIRECTION('',(0.0786096072918975,-0.00870485650172961,-0.996867471188973));
#7627=DIRECTION('center_axis',(-7.61499999958854E-5,-0.99996192594597,0.00872587299952852));
#7628=DIRECTION('ref_axis',(9.0209008882583E-20,-0.00872587302482841,-0.999961928845271));
#7629=DIRECTION('',(-0.996905473644487,-0.000610026017405507,-0.0786072801076334));
#7630=DIRECTION('',(-0.0786096085112218,0.0087048565008923,0.996867471092828));
#7631=DIRECTION('center_axis',(-0.996905473890221,-0.000610025999932824,
-0.0786072769913438));
#7632=DIRECTION('ref_axis',(-0.0786072916174785,1.35525271560688E-20,0.996905659380347));
#7633=DIRECTION('',(7.61497839490711E-5,0.999961925968813,-0.00872587038369508));
#7634=DIRECTION('',(7.61500295680183E-5,0.999961925941612,-0.00872587349863903));
#7635=DIRECTION('',(-7.61499999958854E-5,-0.99996192594597,0.00872587299952852));
#7636=DIRECTION('center_axis',(7.61499999958854E-5,0.99996192594597,-0.00872587299952852));
#7637=DIRECTION('ref_axis',(-0.649333234316118,-0.00658661657776786,-0.760475487635615));
#7638=DIRECTION('',(7.61499999958854E-5,0.99996192594597,-0.00872587299952852));
#7639=DIRECTION('center_axis',(-7.61499999958854E-5,-0.99996192594597,0.00872587299952852));
#7640=DIRECTION('ref_axis',(3.70076957461804E-14,0.00872587302482841,0.999961928845271));
#7641=DIRECTION('center_axis',(-0.996905473890221,-0.000610025999932824,
-0.0786072769913438));
#7642=DIRECTION('ref_axis',(-0.0786072916174785,1.35525271560688E-20,0.996905659380347));
#7643=DIRECTION('',(0.0786096071030292,-0.00870485655785029,-0.996867471203376));
#7644=DIRECTION('',(7.61499955125542E-5,0.999961925945386,-0.00872587306654785));
#7645=DIRECTION('center_axis',(-7.61499999958854E-5,-0.99996192594597,0.00872587299952852));
#7646=DIRECTION('ref_axis',(1.14720024793754E-18,-0.00872587302482841,-0.999961928845271));
#7647=DIRECTION('',(7.61499999958854E-5,0.99996192594597,-0.00872587299952852));
#7648=DIRECTION('center_axis',(-7.61499999958854E-5,-0.99996192594597,0.00872587299952852));
#7649=DIRECTION('ref_axis',(-2.62050818056799E-19,-0.00872587302482841,
-0.999961928845271));
#7650=DIRECTION('center_axis',(-0.0786096070162714,0.00870485700180182,
0.996867471206341));
#7651=DIRECTION('ref_axis',(0.996905241937653,-1.0842021724855E-19,0.0786125854887674));
#7652=DIRECTION('',(7.61913734267825E-5,0.999961925966911,-0.00872587023862494));
#7653=DIRECTION('',(-0.704972468737892,-0.707511210537001,-0.0494136143797444));
#7654=DIRECTION('',(-0.996905473897054,-0.000610025928574467,-0.0786072769052396));
#7655=DIRECTION('center_axis',(0.131516156050087,-0.00866009500329814,-0.991276199377521));
#7656=DIRECTION('ref_axis',(-0.991313372960696,8.67361737988404E-19,-0.13152108800222));
#7657=DIRECTION('',(-0.991314024363117,-0.00107210766203589,-0.131511808162471));
#7658=DIRECTION('',(0.991314024412278,0.00107210758927133,0.131511807792495));
#7659=DIRECTION('',(-7.61500131244357E-5,-0.999961925945105,0.00872587309851987));
#7660=DIRECTION('',(0.991314024363113,0.00107210763955627,0.131511808162683));
#7661=DIRECTION('center_axis',(0.704864774911907,-0.706648504911684,0.0617538629922821));
#7662=DIRECTION('ref_axis',(0.707999787044634,0.706212646123498,-3.46944695195361E-18));
#7663=DIRECTION('',(0.0786096078937931,-0.00870485625844242,-0.996867471143634));
#7664=DIRECTION('',(-0.62053172580749,-0.656452486203599,-0.428964463124267));
#7665=DIRECTION('',(0.0873792949054822,0.000103199576164597,-0.996175109190984));
#7666=DIRECTION('',(0.683746894703553,0.653676941897252,-0.324340314507935));
#7667=DIRECTION('',(0.0786096075725441,-0.00870485658082806,-0.996867471166151));
#7668=DIRECTION('',(-0.620531725703563,-0.656452486123741,-0.428964463396815));
#7669=DIRECTION('',(0.087379294918947,0.000103199589699536,-0.996175109189801));
#7670=DIRECTION('',(0.683746894740164,0.653676941949804,-0.324340314324839));
#7671=DIRECTION('',(0.078609607706461,-0.00870485644645439,-0.996867471156765));
#7672=DIRECTION('',(-0.078609607656785,0.00870485649629715,0.996867471160247));
#7673=DIRECTION('center_axis',(-0.276974759876365,0.9604016175713,-0.0302277249865071));
#7674=DIRECTION('ref_axis',(-0.960840685335285,-0.277101384703181,1.04083408558608E-17));
#7675=DIRECTION('',(0.0786096087212481,-0.00870485650085322,-0.996867471076267));
#7676=DIRECTION('',(-0.960397458855935,-0.277693409446297,-0.0228711908993564));
#7677=DIRECTION('center_axis',(-0.0263278749991213,0.00872485299970881,
0.999615285966638));
#7678=DIRECTION('ref_axis',(0.999653335026089,2.71050543121376E-20,0.0263288771355383));
#7679=DIRECTION('',(-0.999653358519447,-0.000153612995987507,-0.0263275369876859));
#7680=DIRECTION('',(7.61499996011163E-5,0.999961925946775,-0.00872587290728896));
#7681=DIRECTION('',(0.999653358519447,0.000153612995115637,0.0263275369876942));
#7682=DIRECTION('',(-7.61499984137617E-5,-0.999961925943061,0.00872587333287767));
#7683=DIRECTION('',(0.999653358519436,0.000153612862323048,0.0263275369888615));
#7684=DIRECTION('center_axis',(0.0263278749990819,-0.00872485299966429,
-0.99961528596664));
#7685=DIRECTION('ref_axis',(0.999653358519415,0.000153612557321236,0.0263275369914744));
#7686=DIRECTION('center_axis',(-0.522627287301204,0.00747913800431043,0.852528463491335));
#7687=DIRECTION('ref_axis',(0.852552308649436,-8.67361737988404E-19,0.522641905147795));
#7688=DIRECTION('',(-0.85256126618971,-0.00449421743065698,-0.522607969134306));
#7689=DIRECTION('',(7.6150034544681E-5,0.999961925945391,-0.00872587306557681));
#7690=DIRECTION('center_axis',(0.52262728997532,-0.0074791376570393,-0.852528461855063));
#7691=DIRECTION('ref_axis',(0.852561264647749,0.00449548641885556,0.522607960735472));
#7692=DIRECTION('center_axis',(-0.0263278749991213,0.00872485299970881,
0.999615285966638));
#7693=DIRECTION('ref_axis',(0.999653335026089,2.71050543121376E-20,0.0263288771355383));
#7694=DIRECTION('',(-0.999653358519451,-0.000153613054081766,-0.0263275369871792));
#7695=DIRECTION('',(-7.61499983767529E-5,-0.999961925943061,0.00872587333287751));
#7696=DIRECTION('',(-0.999653358519447,-0.000153612996273992,-0.0263275369876676));
#7697=DIRECTION('',(7.61499939188253E-5,0.999961925946774,-0.00872587290743644));
#7698=DIRECTION('',(0.99965335851945,0.000153613035255032,0.0263275369873408));
#7699=DIRECTION('',(0.960355187079762,-0.277398254523711,0.0277150326753023));
#7700=DIRECTION('center_axis',(-0.277121059944603,-0.960740679807948,-0.0134634429973087));
#7701=DIRECTION('ref_axis',(0.960827765639417,-0.27714617943671,6.50521303491303E-18));
#7702=DIRECTION('',(-0.0786096058264135,0.00870485562684321,0.996867471312176));
#7703=DIRECTION('center_axis',(0.27712105994461,0.960740679807946,0.0134634429973135));
#7704=DIRECTION('ref_axis',(0.957613934490842,-0.277311326193899,0.0779357481105439));
#7705=DIRECTION('',(-0.0786096085572923,0.00870485641766374,0.996867471089922));
#7706=DIRECTION('',(-0.959287868335853,0.277442530492372,-0.0528434285190154));
#7707=DIRECTION('',(0.0786096078246764,-0.00870485620550925,-0.996867471149547));
#7708=DIRECTION('',(0.0786096080639744,-0.00870485627480707,-0.996867471130071));
#7709=DIRECTION('center_axis',(-0.704972467112393,-0.707511212112797,-0.0494136150078779));
#7710=DIRECTION('ref_axis',(0.7083765640918,-0.705834713970272,-3.46944695195361E-18));
#7711=DIRECTION('',(0.0786096076061278,-0.00870485650743207,-0.996867471164144));
#7712=DIRECTION('center_axis',(7.61499999958858E-5,0.99996192594597,-0.00872587299952853));
#7713=DIRECTION('ref_axis',(5.29395592033938E-22,0.00872587302482842,0.999961928845271));
#7714=DIRECTION('',(0.0786096077077634,-0.00870485650147024,-0.996867471156182));
#7715=DIRECTION('',(0.0786096063700268,-0.00870485526821389,-0.99686747127244));
#7716=DIRECTION('',(0.996905473855451,0.000610025994043057,0.078607277432348));
#7717=DIRECTION('center_axis',(7.61499999958854E-5,0.99996192594597,-0.00872587299952852));
#7718=DIRECTION('ref_axis',(-1.85036265857327E-14,-0.00872587302482841,
-0.999961928845271));
#7719=DIRECTION('',(-0.0786096072918982,0.00870485650172854,0.996867471188973));
#7720=DIRECTION('center_axis',(7.61499999958854E-5,0.99996192594597,-0.00872587299952852));
#7721=DIRECTION('ref_axis',(-9.0209008882583E-20,0.00872587302482841,0.999961928845271));
#7722=DIRECTION('center_axis',(7.61499999958854E-5,0.99996192594597,-0.00872587299952852));
#7723=DIRECTION('ref_axis',(-0.649333234230629,-0.00658661657841129,-0.760475487708605));
#7724=DIRECTION('',(7.61499999958854E-5,0.99996192594597,-0.00872587299952852));
#7725=DIRECTION('center_axis',(7.61499999958858E-5,0.99996192594597,-0.00872587299952853));
#7726=DIRECTION('ref_axis',(5.29395592033938E-22,0.00872587302482842,0.999961928845271));
#7727=DIRECTION('',(0.906403751804301,-0.00375493696683744,-0.422395713950156));
#7728=DIRECTION('',(0.819021742262653,0.00494421240295194,0.573741178986451));
#7729=DIRECTION('',(-0.906403752250036,0.00375493695850622,0.422395712993743));
#7730=DIRECTION('',(-0.819021742400251,-0.00494421240124882,-0.573741178790043));
#7731=DIRECTION('',(0.0873820099417599,-0.00869914936839999,-0.99613689277067));
#7732=DIRECTION('',(0.906403751749114,-0.00375493696787293,-0.42239571406857));
#7733=DIRECTION('',(0.81902174226276,0.00494421240295258,0.573741178986298));
#7734=DIRECTION('',(-0.90640375207695,0.00375493696172792,0.422395713365134));
#7735=DIRECTION('',(-0.819021742153106,-0.0049442124043452,-0.573741179142818));
#7736=DIRECTION('',(0.0873820096348506,-0.00869914936860934,-0.99613689279759));
#7737=DIRECTION('center_axis',(0.996905473890221,0.000610025999932824,0.0786072769913438));
#7738=DIRECTION('ref_axis',(0.0786072916174785,-1.35525271560688E-20,-0.996905659380347));
#7739=DIRECTION('',(-7.61499878699075E-5,-0.999961925946231,0.00872587296976344));
#7740=DIRECTION('center_axis',(-7.61499999958854E-5,-0.99996192594597,0.00872587299952852));
#7741=DIRECTION('ref_axis',(9.0209008882583E-20,-0.00872587302482841,-0.999961928845271));
#7742=DIRECTION('',(7.61499999958854E-5,0.99996192594597,-0.00872587299952852));
#7743=DIRECTION('center_axis',(-0.0786096070162714,0.00870485700180182,
0.996867471206341));
#7744=DIRECTION('ref_axis',(0.996905241937653,-1.0842021724855E-19,0.0786125854887674));
#7745=DIRECTION('',(-0.000223119378448654,-0.999897640269656,0.0143059148926425));
#7746=DIRECTION('',(-0.704864776555496,0.706648505654326,-0.0617538357341323));
#7747=DIRECTION('',(7.61890431644271E-5,0.999961925965485,-0.00872587042237737));
#7748=DIRECTION('center_axis',(7.61499999958854E-5,0.99996192594597,-0.00872587299952852));
#7749=DIRECTION('ref_axis',(2.62050818056799E-19,0.00872587302482841,0.999961928845271));
#7750=DIRECTION('',(7.61499999958854E-5,0.99996192594597,-0.00872587299952852));
#7751=DIRECTION('center_axis',(7.61491824559284E-5,0.999961925941685,-0.00872587349776792));
#7752=DIRECTION('ref_axis',(0.999653358527073,0.000153613817403982,0.0263275366933139));
#7753=DIRECTION('center_axis',(-7.61499999958856E-5,-0.99996192594597,0.00872587299952853));
#7754=DIRECTION('ref_axis',(-5.29395592033938E-22,-0.00872587302482842,
-0.999961928845271));
#7755=DIRECTION('',(-0.906403751749134,0.00375493696788174,0.422395714068527));
#7756=DIRECTION('',(-0.0873820099687318,0.00869914936838444,0.996136892768304));
#7757=DIRECTION('',(0.819021742254931,0.00494421240306694,0.573741178997473));
#7758=DIRECTION('',(0.906403751749121,-0.0037549369678731,-0.422395714068555));
#7759=DIRECTION('',(0.0873820099687147,-0.00869914936838445,-0.996136892768305));
#7760=DIRECTION('',(-0.819021742254941,-0.00494421240307569,-0.573741178997459));
#7761=DIRECTION('center_axis',(-7.61499999958856E-5,-0.99996192594597,0.00872587299952853));
#7762=DIRECTION('ref_axis',(-5.29395592033938E-22,-0.00872587302482842,
-0.999961928845271));
#7763=DIRECTION('',(-0.906403751804314,0.0037549369668375,0.422395713950128));
#7764=DIRECTION('',(-0.0873820096348476,0.00869914936861763,0.99613689279759));
#7765=DIRECTION('',(0.81902174215309,0.0049442124043451,0.573741179142841));
#7766=DIRECTION('',(0.906403751922708,-0.00375493696463245,-0.42239571369609));
#7767=DIRECTION('',(0.0873820096079267,-0.00869914936863316,-0.996136892799952));
#7768=DIRECTION('',(-0.819021742153101,-0.00494421240434527,-0.573741179142826));
#7769=DIRECTION('center_axis',(7.61499999958855E-5,0.99996192594597,-0.00872587299952853));
#7770=DIRECTION('ref_axis',(5.29395592033938E-22,0.00872587302482842,0.999961928845271));
#7771=DIRECTION('center_axis',(7.61499999958854E-5,0.99996192594597,-0.00872587299952852));
#7772=DIRECTION('ref_axis',(-4.6703279129234E-19,0.00872587302482841,0.999961928845271));
#7773=DIRECTION('',(-0.991314024363143,-0.00107210806639507,-0.131511808158978));
#7774=DIRECTION('center_axis',(-7.61499999958854E-5,-0.99996192594597,0.00872587299952852));
#7775=DIRECTION('ref_axis',(-4.30928011915625E-20,0.00872587302482841,0.999961928845271));
#7776=DIRECTION('',(0.131516155730376,-0.00866009490378259,-0.991276199420808));
#7777=DIRECTION('center_axis',(7.61499999958854E-5,0.99996192594597,-0.00872587299952852));
#7778=DIRECTION('ref_axis',(7.6232965252887E-21,-0.00872587302482841,-0.999961928845271));
#7779=DIRECTION('center_axis',(7.61499999958854E-5,0.99996192594597,-0.00872587299952852));
#7780=DIRECTION('ref_axis',(7.6232965252887E-21,-0.00872587302482841,-0.999961928845271));
#7781=DIRECTION('',(0.131516155836072,-0.00866009490366468,-0.991276199406786));
#7782=DIRECTION('center_axis',(-7.61499999958854E-5,-0.99996192594597,0.00872587299952852));
#7783=DIRECTION('ref_axis',(2.05596421523391E-14,0.00872587302482841,0.999961928845271));
#7784=DIRECTION('',(0.718231355368395,-0.00612619179243197,-0.695777399704676));
#7785=DIRECTION('',(0.68061026125415,0.00634114654152964,0.732618223999442));
#7786=DIRECTION('',(0.718231355477133,-0.00612619179146571,-0.695777399592438));
#7787=DIRECTION('',(0.680610261073331,0.00634114654301601,0.732618224167412));
#7788=DIRECTION('',(0.718231355295904,-0.00612619179308071,-0.6957773997795));
#7789=DIRECTION('center_axis',(0.991314024377658,0.00107210800040844,0.131511808050102));
#7790=DIRECTION('ref_axis',(-0.0930498116779654,-0.700956246303527,0.707108247239957));
#7791=DIRECTION('',(0.991314024377658,0.00107210800040844,0.131511808050102));
#7792=DIRECTION('center_axis',(0.999653358519452,0.000153612999879759,0.0263275369874724));
#7793=DIRECTION('ref_axis',(0.0263278750208451,-0.00872456536154253,-0.999615288476591));
#7794=DIRECTION('',(0.991314024377658,0.00107210800040844,0.131511808050102));
#7795=DIRECTION('center_axis',(-0.999653358519455,-0.000153612999924036,
-0.0263275369873385));
#7796=DIRECTION('ref_axis',(0.0263278749991383,-0.00872484866481352,-0.999615286004474));
#7797=DIRECTION('center_axis',(0.0786096069467543,-0.00870485776355161,
-0.996867471205171));
#7798=DIRECTION('ref_axis',(0.996883917917157,-0.0058899162112111,0.07866233587406));
#7799=DIRECTION('center_axis',(-7.61499999958854E-5,-0.99996192594597,0.00872587299952852));
#7800=DIRECTION('ref_axis',(0.996872069818102,0.000613715031053558,0.0790297397846742));
#7801=DIRECTION('',(7.61499984137603E-5,0.999961925943061,-0.00872587333287751));
#7802=DIRECTION('center_axis',(7.61499999958854E-5,0.99996192594597,-0.00872587299952852));
#7803=DIRECTION('ref_axis',(7.6232965252887E-21,-0.00872587302482841,-0.999961928845271));
#7804=DIRECTION('',(-7.61499999958855E-5,-0.99996192594597,0.00872587299952852));
#7805=DIRECTION('center_axis',(-7.61499999958854E-5,-0.99996192594597,0.00872587299952852));
#7806=DIRECTION('ref_axis',(7.6232965252887E-21,-0.00872587302482841,-0.999961928845271));
#7807=DIRECTION('',(7.61499999958854E-5,0.99996192594597,-0.00872587299952852));
#7808=DIRECTION('center_axis',(7.61499999958854E-5,0.99996192594597,-0.00872587299952852));
#7809=DIRECTION('ref_axis',(-1.66533373225643E-14,-0.00872587302482841,
-0.999961928845271));
#7810=DIRECTION('center_axis',(0.573762477101468,-0.0071903700012716,-0.818990182144836));
#7811=DIRECTION('ref_axis',(-0.819011354443819,-1.30104260698261E-18,-0.573777309844247));
#7812=DIRECTION('',(7.61499281826667E-5,0.99996192594655,-0.00872587293366169));
#7813=DIRECTION('',(-7.6149969445163E-5,-0.999961925946799,0.00872587290476377));
#7814=DIRECTION('center_axis',(0.99617487350446,0.000686628000347707,0.0873793450442487));
#7815=DIRECTION('ref_axis',(0.0873793656421021,-2.03287907341032E-20,-0.996175108331855));
#7816=DIRECTION('',(-7.61504971082427E-5,-0.99996192594575,0.00872587302043282));
#7817=DIRECTION('center_axis',(0.422412397057715,0.00787699900107625,0.906369527123839));
#7818=DIRECTION('ref_axis',(0.906397647238779,4.33680868994202E-19,-0.422425502402502));
#7819=DIRECTION('',(-7.61498402173171E-5,-0.999961925942671,0.00872587337903951));
#7820=DIRECTION('center_axis',(0.573762477101468,-0.0071903700012716,-0.818990182144836));
#7821=DIRECTION('ref_axis',(-0.819011354443819,-1.30104260698261E-18,-0.573777309844247));
#7822=DIRECTION('',(7.61499281826671E-5,0.99996192594655,-0.00872587293366172));
#7823=DIRECTION('',(-7.61499428134101E-5,-0.999961925946639,0.00872587292341627));
#7824=DIRECTION('center_axis',(0.99617487350446,0.000686628000347707,0.0873793450442487));
#7825=DIRECTION('ref_axis',(0.0873793656421021,-2.03287907341032E-20,-0.996175108331855));
#7826=DIRECTION('',(-7.61504855290953E-5,-0.999961925946902,0.00872587288843371));
#7827=DIRECTION('center_axis',(0.422412397057715,0.00787699900107625,0.906369527123839));
#7828=DIRECTION('ref_axis',(0.906397647238779,4.33680868994202E-19,-0.422425502402502));
#7829=DIRECTION('',(-7.6149840187579E-5,-0.999961925942671,0.00872587337903951));
#7830=DIRECTION('center_axis',(-0.852561266340993,-0.00449545900179802,
-0.522607958209024));
#7831=DIRECTION('ref_axis',(-0.522613239020802,-3.38271077815477E-17,0.852569881241524));
#7832=DIRECTION('',(-0.852561266340993,-0.00449545900179802,-0.522607958209024));
#7833=DIRECTION('center_axis',(7.61499999958855E-5,0.99996192594597,-0.00872587299952853));
#7834=DIRECTION('ref_axis',(5.29395592033938E-22,0.00872587302482842,0.999961928845271));
#7835=DIRECTION('center_axis',(7.61499999958854E-5,0.99996192594597,-0.00872587299952852));
#7836=DIRECTION('ref_axis',(-7.6232965252887E-21,0.00872587302482841,0.999961928845271));
#7837=DIRECTION('',(-0.0263278745812369,0.00872485309200286,0.999615285976839));
#7838=DIRECTION('',(-0.0263278745038327,0.00872485309201339,0.999615285978878));
#7839=DIRECTION('center_axis',(-7.61499999967997E-5,-0.99996192594597,0.00872587299953441));
#7840=DIRECTION('ref_axis',(1.83170874843742E-19,-0.0087258730248343,-0.999961928845271));
#7841=DIRECTION('',(0.680610261242509,0.0063411465416181,0.732618224010256));
#7842=DIRECTION('',(0.718231355207361,-0.00612619179386737,-0.695777399870895));
#7843=DIRECTION('center_axis',(-7.61499999953175E-5,-0.99996192594597,0.00872587299953179));
#7844=DIRECTION('ref_axis',(-1.29701920048315E-19,-0.00872587302483169,
-0.999961928845271));
#7845=DIRECTION('',(0.0263278746408449,-0.00872485309198828,-0.999615285975269));
#7846=DIRECTION('',(-0.99690547395413,-0.000610025983094366,-0.078607276180972));
#7847=DIRECTION('',(-0.0263278742128206,0.0087248530920565,0.999615285986542));
#7848=DIRECTION('',(-0.680610261518144,-0.00634114651445779,-0.732618223754423));
#7849=DIRECTION('',(-0.718231355421904,0.00612619195189489,0.695777399648037));
#7850=DIRECTION('',(-0.68061026151816,-0.00634114651444127,-0.732618223754409));
#7851=DIRECTION('',(-0.718231355421887,0.00612619195187805,0.695777399648054));
#7852=DIRECTION('',(-0.680610261518149,-0.00634114651978123,-0.732618223754372));
#7853=DIRECTION('',(-0.718231355421871,0.0061261919518782,0.695777399648071));
#7854=DIRECTION('',(-0.68061026151816,-0.00634114651445826,-0.732618223754408));
#7855=DIRECTION('',(-0.718231355421871,0.00612619195186121,0.695777399648071));
#7856=DIRECTION('center_axis',(-7.61499999958855E-5,-0.99996192594597,0.00872587299952853));
#7857=DIRECTION('ref_axis',(-5.29395592033938E-22,-0.00872587302482842,
-0.999961928845271));
#7858=DIRECTION('',(-0.0263278745891915,0.00872485309199649,0.99961528597663));
#7859=DIRECTION('center_axis',(7.61499999958854E-5,0.99996192594597,-0.00872587299952852));
#7860=DIRECTION('ref_axis',(-7.6232965252887E-21,0.00872587302482841,0.999961928845271));
#7861=DIRECTION('',(-0.0263278740296934,0.00872485309208447,0.999615285991365));
#7862=DIRECTION('center_axis',(-0.999653358519455,-0.000153612999926157,
-0.0263275369873441));
#7863=DIRECTION('ref_axis',(-0.0263275372979689,-5.0821976835258E-21,0.999653370313842));
#7864=DIRECTION('',(-0.0263278750108118,0.00872469543766391,0.999615287341553));
#7865=DIRECTION('center_axis',(0.0263278749991213,-0.00872485299970881,
-0.999615285966638));
#7866=DIRECTION('ref_axis',(-0.999653335026089,-5.20688093336163E-17,-0.0263288771355383));
#7867=DIRECTION('',(-0.0263278749991213,0.00872485299970881,0.999615285966638));
#7868=DIRECTION('center_axis',(-7.61499999958855E-5,-0.99996192594597,0.00872587299952853));
#7869=DIRECTION('ref_axis',(-5.29395592033938E-22,-0.00872587302482842,
-0.999961928845271));
#7870=DIRECTION('',(-0.991314024402307,-0.00107210758991933,-0.131511807867648));
#7871=DIRECTION('',(0.0263278749987863,-0.00872485308382071,-0.999615285965913));
#7872=DIRECTION('center_axis',(7.61499999958854E-5,0.99996192594597,-0.00872587299952852));
#7873=DIRECTION('ref_axis',(-1.11022224111968E-14,-0.00872587302482841,
-0.999961928845271));
#7874=DIRECTION('',(-0.0263278745892612,0.00872485309199444,0.999615285976628));
#7875=DIRECTION('center_axis',(-7.61499999958855E-5,-0.99996192594597,0.00872587299952853));
#7876=DIRECTION('ref_axis',(-5.29395592033938E-22,-0.00872587302482842,
-0.999961928845271));
#7877=DIRECTION('center_axis',(-7.61499999958854E-5,-0.99996192594597,0.00872587299952852));
#7878=DIRECTION('ref_axis',(7.6232965252887E-21,-0.00872587302482841,-0.999961928845271));
#7879=DIRECTION('',(0.0263278745892427,-0.00872485309199387,-0.999615285976628));
#7880=DIRECTION('center_axis',(-7.61499999958854E-5,-0.99996192594597,0.00872587299952852));
#7881=DIRECTION('ref_axis',(7.6232965252887E-21,-0.00872587302482841,-0.999961928845271));
#7882=DIRECTION('',(0.0263278747107939,-0.00872485309197858,-0.999615285973427));
#7883=DIRECTION('',(-0.991314024378199,-0.0010721075915055,-0.131511808049356));
#7884=DIRECTION('',(-0.026327874636644,0.00872485309198736,0.99961528597538));
#7885=DIRECTION('center_axis',(7.61499999955632E-5,0.99996192594597,-0.00872587299953034));
#7886=DIRECTION('ref_axis',(9.53970856845156E-20,0.00872587302483024,0.999961928845271));
#7887=DIRECTION('',(-0.718231355326959,0.00612619179280298,0.695777399747446));
#7888=DIRECTION('',(-0.680610261112179,-0.00634114654268799,-0.732618224131324));
#7889=DIRECTION('center_axis',(7.61499999955632E-5,0.99996192594597,-0.00872587299953034));
#7890=DIRECTION('ref_axis',(-9.39147780268206E-20,0.00872587302483023,0.999961928845271));
#7891=DIRECTION('',(0.0263278745038229,-0.00872485309201018,-0.999615285978878));
#7892=DIRECTION('',(0.718231355421939,-0.00612619133988641,-0.695777399653389));
#7893=DIRECTION('',(0.680610261518175,0.00634114651445023,0.732618223754394));
#7894=DIRECTION('',(0.718231355421939,-0.00612619133988641,-0.695777399653389));
#7895=DIRECTION('',(0.680610261518141,0.00634114651444991,0.732618223754426));
#7896=DIRECTION('',(0.718231355421939,-0.0061261913398949,-0.695777399653389));
#7897=DIRECTION('',(0.680610261518141,0.00634114651444991,0.732618223754426));
#7898=DIRECTION('',(0.718231355421937,-0.00612619133455056,-0.695777399653438));
#7899=DIRECTION('',(0.68061026151816,0.00634114651445826,0.732618223754408));
#7900=DIRECTION('center_axis',(-7.61499999958854E-5,-0.99996192594597,0.00872587299952852));
#7901=DIRECTION('ref_axis',(0.996872069818118,0.000613715031051853,0.0790297397844789));
#7902=DIRECTION('',(7.61499808356704E-5,0.999961925948875,-0.00872587266679426));
#7903=DIRECTION('center_axis',(-7.61499999958854E-5,-0.99996192594597,0.00872587299952852));
#7904=DIRECTION('ref_axis',(7.6232965252887E-21,-0.00872587302482841,-0.999961928845271));
#7905=DIRECTION('',(-7.61500422008821E-5,-0.999961925945136,0.00872587309469554));
#7906=DIRECTION('center_axis',(7.61499999958854E-5,0.99996192594597,-0.00872587299952852));
#7907=DIRECTION('ref_axis',(5.55112274642231E-15,-0.00872587302482842,-0.999961928845271));
#7908=DIRECTION('',(7.61499999958854E-5,0.99996192594597,-0.00872587299952852));
#7909=DIRECTION('center_axis',(7.61499999958854E-5,0.99996192594597,-0.00872587299952852));
#7910=DIRECTION('ref_axis',(7.6232965252887E-21,-0.00872587302482841,-0.999961928845271));
#7911=DIRECTION('',(7.61496114325853E-5,0.99996192594443,-0.00872587317937884));
#7912=DIRECTION('center_axis',(7.61499999958854E-5,0.99996192594597,-0.00872587299952852));
#7913=DIRECTION('ref_axis',(1.11022378695481E-14,-0.00872587302482842,-0.999961928845271));
#7914=DIRECTION('center_axis',(7.61499999958855E-5,0.99996192594597,-0.00872587299952853));
#7915=DIRECTION('ref_axis',(5.29395592033938E-22,0.00872587302482842,0.999961928845271));
#7916=DIRECTION('center_axis',(-7.61499999958854E-5,-0.99996192594597,0.00872587299952852));
#7917=DIRECTION('ref_axis',(4.30928011915625E-20,-0.00872587302482841,-0.999961928845271));
#7918=DIRECTION('',(0.68061026126799,0.0063411465414153,0.732618223986586));
#7919=DIRECTION('',(0.718231355301551,-0.0061261917930316,-0.695777399773672));
#7920=DIRECTION('center_axis',(-7.61499999958854E-5,-0.99996192594597,0.00872587299952852));
#7921=DIRECTION('ref_axis',(4.30928011915625E-20,-0.00872587302482841,-0.999961928845271));
#7922=DIRECTION('',(0.131516155759945,-0.00866009490374968,-0.991276199416885));
#7923=DIRECTION('center_axis',(-7.61499999958854E-5,-0.99996192594597,0.00872587299952852));
#7924=DIRECTION('ref_axis',(4.30928011915625E-20,-0.00872587302482841,-0.999961928845271));
#7925=DIRECTION('',(-0.991314024437481,-0.0010721075876102,-0.131511807602537));
#7926=DIRECTION('center_axis',(7.61499999958854E-5,0.99996192594597,-0.00872587299952852));
#7927=DIRECTION('ref_axis',(5.55116176287744E-14,-0.00872587302482842,-0.999961928845271));
#7928=DIRECTION('',(0.718231355367496,-0.00612619179244117,-0.695777399705604));
#7929=DIRECTION('center_axis',(-7.61499999958854E-5,-0.99996192594597,0.00872587299952852));
#7930=DIRECTION('ref_axis',(4.30928011915625E-20,-0.00872587302482841,-0.999961928845271));
#7931=DIRECTION('',(0.131516155836273,-0.00866009490366602,-0.991276199406759));
#7932=DIRECTION('',(0.991314024363107,0.00107210759249546,0.131511808163115));
#7933=DIRECTION('',(-0.0263275407296825,0.00872485314329831,0.99961529476932));
#7934=DIRECTION('',(-0.680610261518108,-0.00634114651444959,-0.732618223754457));
#7935=DIRECTION('',(-0.718231355421888,0.00612619195188713,0.695777399648053));
#7936=DIRECTION('',(0.718231355477163,-0.00612619179146076,-0.695777399592407));
#7937=DIRECTION('center_axis',(-7.61499999958854E-5,-0.99996192594597,0.00872587299952852));
#7938=DIRECTION('ref_axis',(4.30928011915625E-20,-0.00872587302482841,-0.999961928845271));
#7939=DIRECTION('',(0.68061026125419,0.00634114654152498,0.732618223999405));
#7940=DIRECTION('center_axis',(-0.704972467112393,-0.707511212112797,-0.0494136150078779));
#7941=DIRECTION('ref_axis',(0.7083765640918,-0.705834713970272,-3.46944695195361E-18));
#7942=DIRECTION('center_axis',(-0.277884718993648,-0.960613838978041,0.00106551099997565));
#7943=DIRECTION('ref_axis',(0.960614384277527,-0.277884876736945,4.87890977618477E-19));
#7944=DIRECTION('',(-0.0997894823766989,0.0299700907758554,0.994557113928545));
#7945=DIRECTION('center_axis',(-7.61499999958854E-5,-0.99996192594597,0.00872587299952852));
#7946=DIRECTION('ref_axis',(-0.026327874502961,0.00872485309201059,0.999615285978901));
#7947=DIRECTION('',(-7.61499999958854E-5,-0.99996192594597,0.00872587299952852));
#7948=DIRECTION('center_axis',(-7.61499999958854E-5,-0.99996192594597,0.00872587299952852));
#7949=DIRECTION('ref_axis',(4.30928011915625E-20,-0.00872587302482841,-0.999961928845271));
#7950=DIRECTION('',(7.61499999958854E-5,0.99996192594597,-0.00872587299952852));
#7951=DIRECTION('center_axis',(-0.422412397057715,-0.00787699900107625,
-0.906369527123839));
#7952=DIRECTION('ref_axis',(-0.906397647238779,-4.33680868994202E-19,0.422425502402502));
#7953=DIRECTION('',(7.6149771839593E-5,0.999961925942954,-0.00872587334717388));
#7954=DIRECTION('center_axis',(-0.99617487350446,-0.000686628000347707,
-0.0873793450442487));
#7955=DIRECTION('ref_axis',(-0.0873793656421021,2.03287907341032E-20,0.996175108331855));
#7956=DIRECTION('',(7.61504946937905E-5,0.999961925945991,-0.00872587299280089));
#7957=DIRECTION('center_axis',(-0.573762477101468,0.0071903700012716,0.818990182144836));
#7958=DIRECTION('ref_axis',(0.819011354443819,1.30104260698261E-18,0.573777309844247));
#7959=DIRECTION('center_axis',(-0.422412397057715,-0.00787699900107625,
-0.906369527123839));
#7960=DIRECTION('ref_axis',(-0.906397647238779,-4.33680868994202E-19,0.422425502402502));
#7961=DIRECTION('',(7.61498402074052E-5,0.999961925942671,-0.00872587337899995));
#7962=DIRECTION('center_axis',(-0.99617487350446,-0.000686628000347707,
-0.0873793450442487));
#7963=DIRECTION('ref_axis',(-0.0873793656421021,2.03287907341032E-20,0.996175108331855));
#7964=DIRECTION('',(7.61504791507868E-5,0.999961925947539,-0.00872587281557531));
#7965=DIRECTION('center_axis',(-0.573762477101468,0.0071903700012716,0.818990182144836));
#7966=DIRECTION('ref_axis',(0.819011354443819,1.30104260698261E-18,0.573777309844247));
#7967=DIRECTION('center_axis',(-7.61499999958855E-5,-0.99996192594597,0.00872587299952852));
#7968=DIRECTION('ref_axis',(2.11758236813575E-22,-0.00872587302482842,-0.999961928845271));
#7969=DIRECTION('center_axis',(-7.61499999958855E-5,-0.99996192594597,0.00872587299952852));
#7970=DIRECTION('ref_axis',(2.11758236813575E-22,-0.00872587302482842,-0.999961928845271));
#7971=DIRECTION('center_axis',(0.999653358519455,0.000153612999926157,0.0263275369873441));
#7972=DIRECTION('ref_axis',(0.0263275372979689,5.0821976835258E-21,-0.999653370313842));
#7973=DIRECTION('',(0.0209495658072641,-0.610302327412349,-0.791891523409335));
#7974=DIRECTION('',(-7.61690033122491E-5,-0.999961925965643,0.00872587057920953));
#7975=DIRECTION('',(-0.957872557122032,0.256427981494076,-0.129324609488579));
#7976=DIRECTION('center_axis',(0.991314024377658,0.00107210800040844,0.131511808050102));
#7977=DIRECTION('ref_axis',(0.131511883631027,-3.00866102864727E-18,-0.991314594094034));
#7978=DIRECTION('',(0.991314024377658,0.00107210800040844,0.131511808050102));
#7979=DIRECTION('center_axis',(-0.999653358519465,-0.000153612999814752,
-0.0263275369869657));
#7980=DIRECTION('ref_axis',(0.026327875030404,-0.00872443316212538,-0.999615289630157));
#7981=DIRECTION('center_axis',(-0.999653358519455,-0.00015361299988398,
-0.0263275369873368));
#7982=DIRECTION('ref_axis',(0.0263278750051301,-0.00872476995619554,-0.999615286691298));
#7983=DIRECTION('center_axis',(0.131516156050087,-0.00866009500329814,-0.991276199377521));
#7984=DIRECTION('ref_axis',(-0.991313372960696,8.67361737988404E-19,-0.13152108800222));
#7985=DIRECTION('',(0.991314024412258,0.00107210758926177,0.131511807792645));
#7986=DIRECTION('center_axis',(0.732645662047709,-0.00599470800039037,-0.680583865044319));
#7987=DIRECTION('ref_axis',(-0.680596094283131,1.73472347597681E-18,-0.732658826771744));
#7988=DIRECTION('',(7.61503065933889E-5,0.999961925943461,-0.00872587328434904));
#7989=DIRECTION('',(-0.68061026151817,-0.0063411468110932,-0.732618223751832));
#7990=DIRECTION('center_axis',(-0.695804364954679,-0.00621421199959524,
-0.71820447595322));
#7991=DIRECTION('ref_axis',(-0.718218343601575,1.30104260698261E-18,0.695817800084339));
#7992=DIRECTION('',(-0.718231355421882,0.00612619181666279,0.69577739964925));
#7993=DIRECTION('center_axis',(0.732645662047709,-0.00599470800039037,-0.680583865044319));
#7994=DIRECTION('ref_axis',(-0.680596094283131,1.73472347597681E-18,-0.732658826771744));
#7995=DIRECTION('',(7.61503066118926E-5,0.999961925943462,-0.00872587328431203));
#7996=DIRECTION('',(-0.680610261518167,-0.00634114680791844,-0.732618223751862));
#7997=DIRECTION('center_axis',(-0.695804364954679,-0.00621421199959524,
-0.71820447595322));
#7998=DIRECTION('ref_axis',(-0.718218343601575,1.30104260698261E-18,0.695817800084339));
#7999=DIRECTION('',(-0.718231355421922,0.0061261918134864,0.695777399649237));
#8000=DIRECTION('center_axis',(7.61499999958854E-5,0.99996192594597,-0.00872587299952852));
#8001=DIRECTION('ref_axis',(-4.6703279129234E-19,0.00872587302482841,0.999961928845271));
#8002=DIRECTION('',(-7.61499999958854E-5,-0.99996192594597,0.00872587299952852));
#8003=DIRECTION('center_axis',(7.61499999958854E-5,0.99996192594597,-0.00872587299952852));
#8004=DIRECTION('ref_axis',(-4.6703279129234E-19,0.00872587302482841,0.999961928845271));
#8005=DIRECTION('',(7.61499999958854E-5,0.99996192594597,-0.00872587299952852));
#8006=DIRECTION('center_axis',(-0.695804364954679,-0.00621421199959524,
-0.71820447595322));
#8007=DIRECTION('ref_axis',(-0.718218343601575,1.30104260698261E-18,0.695817800084339));
#8008=DIRECTION('',(7.61500995923047E-5,0.99996192594686,-0.00872587289673304));
#8009=DIRECTION('',(-0.718231355421911,0.00612619169099726,0.695777399650326));
#8010=DIRECTION('center_axis',(7.61499999958854E-5,0.99996192594597,-0.00872587299952852));
#8011=DIRECTION('ref_axis',(-4.30928011915625E-20,0.00872587302482841,0.999961928845271));
#8012=DIRECTION('',(7.61499999958854E-5,0.99996192594597,-0.00872587299952852));
#8013=DIRECTION('center_axis',(7.61499999958854E-5,0.99996192594597,-0.00872587299952852));
#8014=DIRECTION('ref_axis',(-4.30928011915625E-20,0.00872587302482841,0.999961928845271));
#8015=DIRECTION('center_axis',(-0.991314024377658,-0.00107210800040844,
-0.131511808050102));
#8016=DIRECTION('ref_axis',(-0.131511883631027,-8.40256683676266E-19,0.991314594094034));
#8017=DIRECTION('',(-0.131516155940681,0.00866009481403064,0.99127619939369));
#8018=DIRECTION('center_axis',(-0.991314024377658,-0.00107210800040844,
-0.131511808050102));
#8019=DIRECTION('ref_axis',(-0.131511883631027,-8.40256683676266E-19,0.991314594094034));
#8020=DIRECTION('',(7.61495950398265E-5,0.999961925945506,-0.00872587305622007));
#8021=DIRECTION('',(-0.131516155940646,0.00866009507893571,0.99127619939138));
#8022=DIRECTION('center_axis',(7.61499999958854E-5,0.99996192594597,-0.00872587299952852));
#8023=DIRECTION('ref_axis',(-4.30928011915625E-20,0.00872587302482841,0.999961928845271));
#8024=DIRECTION('',(7.61499999958854E-5,0.99996192594597,-0.00872587299952852));
#8025=DIRECTION('center_axis',(7.61499999958854E-5,0.99996192594597,-0.00872587299952852));
#8026=DIRECTION('ref_axis',(-4.30928011915625E-20,0.00872587302482841,0.999961928845271));
#8027=DIRECTION('center_axis',(-0.0786096070162714,0.00870485700180182,
0.996867471206341));
#8028=DIRECTION('ref_axis',(0.996905241937653,-1.0842021724855E-19,0.0786125854887674));
#8029=DIRECTION('',(7.60970583174378E-5,0.999961925909197,-0.00872587767544494));
#8030=DIRECTION('center_axis',(-0.999653358519455,-0.000153612999926157,
-0.0263275369873441));
#8031=DIRECTION('ref_axis',(-0.0263275372979689,-5.0821976835258E-21,0.999653370313842));
#8032=DIRECTION('',(-7.61499984507678E-5,-0.999961925943062,0.0087258733328035));
#8033=DIRECTION('center_axis',(7.61499999958855E-5,0.99996192594597,-0.00872587299952853));
#8034=DIRECTION('ref_axis',(5.29395592033938E-22,0.00872587302482842,0.999961928845271));
#8035=DIRECTION('',(-0.026327874555151,0.00872485309199819,0.999615285977526));
#8036=DIRECTION('center_axis',(7.61499999958854E-5,0.99996192594597,-0.00872587299952852));
#8037=DIRECTION('ref_axis',(-1.85039788455597E-14,-0.00872587302482841,
-0.999961928845271));
#8038=DIRECTION('',(-0.71823135540711,0.00612619179208325,0.695777399664715));
#8039=DIRECTION('',(-0.680610261064555,-0.00634114654307529,-0.732618224175564));
#8040=DIRECTION('center_axis',(7.61499999958854E-5,0.99996192594597,-0.00872587299952852));
#8041=DIRECTION('ref_axis',(7.40146061869396E-14,-0.00872587302482842,-0.999961928845271));
#8042=DIRECTION('',(0.026327874490051,-0.00872485309201531,-0.999615285979241));
#8043=DIRECTION('center_axis',(7.61499999958855E-5,0.99996192594597,-0.00872587299952853));
#8044=DIRECTION('ref_axis',(5.29395592033938E-22,0.00872587302482842,0.999961928845271));
#8045=DIRECTION('',(0.991314024421938,0.00107210758862188,0.131511807719683));
#8046=DIRECTION('',(0.718231355421853,-0.00612619195186078,-0.695777399648089));
#8047=DIRECTION('',(0.68061026151816,0.00634114651444127,0.732618223754409));
#8048=DIRECTION('',(0.718231355421871,-0.0061261919518782,-0.695777399648071));
#8049=DIRECTION('',(0.680610261518165,0.00634114651979868,0.732618223754358));
#8050=DIRECTION('center_axis',(7.61499999958854E-5,0.99996192594597,-0.00872587299952852));
#8051=DIRECTION('ref_axis',(-7.6232965252887E-21,0.00872587302482841,0.999961928845271));
#8052=DIRECTION('',(-7.61499999958854E-5,-0.99996192594597,0.00872587299952852));
#8053=DIRECTION('center_axis',(-0.999653358519455,-0.000153612999926157,
-0.0263275369873441));
#8054=DIRECTION('ref_axis',(-0.0263275372979689,-5.0821976835258E-21,0.999653370313842));
#8055=DIRECTION('center_axis',(-0.999653358519455,-0.000153612999926157,
-0.0263275369873441));
#8056=DIRECTION('ref_axis',(-0.0263275372979689,-5.0821976835258E-21,0.999653370313842));
#8057=DIRECTION('',(-7.61499633315941E-5,-0.99996192595469,0.00872587200056284));
#8058=DIRECTION('center_axis',(-7.61499999967997E-5,-0.99996192594597,0.00872587299953441));
#8059=DIRECTION('ref_axis',(1.26631425614518E-19,-0.00872587302483431,-0.999961928845271));
#8060=DIRECTION('center_axis',(-7.61499999958854E-5,-0.99996192594597,0.00872587299952852));
#8061=DIRECTION('ref_axis',(0.026327874999462,-0.00872485309193429,-0.999615285965824));
#8062=DIRECTION('',(-0.518004869656229,0.711318757635322,0.475075341444465));
#8063=DIRECTION('center_axis',(-0.518112562173316,-0.70284096023511,0.487415590163047));
#8064=DIRECTION('ref_axis',(0.804930163674749,-0.593369557364163,1.66533453693773E-16));
#8065=DIRECTION('',(-0.680610261131874,-0.00634114697930545,-0.732618224109248));
#8066=DIRECTION('',(0.0215283909717455,-0.580404180045082,-0.814043927665064));
#8067=DIRECTION('center_axis',(0.491954139041765,-0.702685747059655,0.514017379043638));
#8068=DIRECTION('ref_axis',(-1.94289029309402E-16,-0.590403070245209,-0.8071085519588));
#8069=DIRECTION('',(-0.718231355143155,0.006126191658048,0.695777399938369));
#8070=DIRECTION('',(-0.492061831261677,-0.711473970467172,-0.501677130795378));
#8071=DIRECTION('center_axis',(-7.61499999953175E-5,-0.99996192594597,0.00872587299953179));
#8072=DIRECTION('ref_axis',(-1.29701920048315E-19,-0.00872587302483169,
-0.999961928845271));
#8073=DIRECTION('center_axis',(-7.61499999958854E-5,-0.99996192594597,0.00872587299952852));
#8074=DIRECTION('ref_axis',(0.0263278749993363,-0.00872485309193431,-0.999615285965828));
#8075=DIRECTION('center_axis',(0.999653358519455,0.000153612999926157,0.0263275369873441));
#8076=DIRECTION('ref_axis',(0.0263275372979689,5.0821976835258E-21,-0.999653370313842));
#8077=DIRECTION('',(7.61500160658635E-5,0.999961925937245,-0.00872587399925663));
#8078=DIRECTION('center_axis',(-7.61499999958854E-5,-0.99996192594597,0.00872587299952852));
#8079=DIRECTION('ref_axis',(7.6232965252887E-21,-0.00872587302482841,-0.999961928845271));
#8080=DIRECTION('',(7.61499999958854E-5,0.99996192594597,-0.00872587299952852));
#8081=DIRECTION('',(-7.61499999958854E-5,-0.99996192594597,0.00872587299952852));
#8082=DIRECTION('center_axis',(-0.999653358519455,-0.000153612999926157,
-0.0263275369873441));
#8083=DIRECTION('ref_axis',(-0.0263275372979689,-5.0821976835258E-21,0.999653370313842));
#8084=DIRECTION('center_axis',(-0.999653358519455,-0.000153612999926157,
-0.0263275369873441));
#8085=DIRECTION('ref_axis',(-0.0263275372979689,-5.0821976835258E-21,0.999653370313842));
#8086=DIRECTION('',(-0.0263278749988011,0.00872485311921104,0.999615285965604));
#8087=DIRECTION('',(-7.61499999958854E-5,-0.99996192594597,0.00872587299952852));
#8088=DIRECTION('center_axis',(-0.999653358519455,-0.000153612999926157,
-0.0263275369873441));
#8089=DIRECTION('ref_axis',(-0.0263275372979689,-5.0821976835258E-21,0.999653370313842));
#8090=DIRECTION('center_axis',(0.999653358519455,0.000153612999926157,0.0263275369873441));
#8091=DIRECTION('ref_axis',(0.0263275372979689,5.0821976835258E-21,-0.999653370313842));
#8092=DIRECTION('',(7.61499999958854E-5,0.99996192594597,-0.00872587299952852));
#8093=DIRECTION('',(0.0263278749988012,-0.00872485314799409,-0.999615285965353));
#8094=DIRECTION('center_axis',(7.61499999955632E-5,0.99996192594597,-0.00872587299953034));
#8095=DIRECTION('ref_axis',(-9.39147780268206E-20,0.00872587302483023,0.999961928845271));
#8096=DIRECTION('center_axis',(7.61499999958854E-5,0.99996192594597,-0.00872587299952852));
#8097=DIRECTION('ref_axis',(-0.0263278749995827,0.00872485309193428,0.999615285965821));
#8098=DIRECTION('',(0.491954138299851,-0.702685748196487,0.514017378199603));
#8099=DIRECTION('center_axis',(0.492061831176398,0.711473970255055,0.501677131179845));
#8100=DIRECTION('ref_axis',(8.32667268468867E-17,-0.576269281059177,0.817259882600107));
#8101=DIRECTION('',(0.71823135530521,-0.00612619185798472,-0.695777399769323));
#8102=DIRECTION('',(0.0216157015799759,0.566106562744568,-0.824048615715563));
#8103=DIRECTION('center_axis',(-0.518004870005139,0.711318757007057,0.475075342004713));
#8104=DIRECTION('ref_axis',(-0.808367179325003,-0.588678607892404,2.77555756156289E-16));
#8105=DIRECTION('',(0.680610261111636,0.0063411464949525,0.732618224132242));
#8106=DIRECTION('',(0.518112562600792,0.70284096052818,-0.487415589286048));
#8107=DIRECTION('center_axis',(7.61499999955632E-5,0.99996192594597,-0.00872587299953034));
#8108=DIRECTION('ref_axis',(-9.39147780268206E-20,0.00872587302483023,0.999961928845271));
#8109=DIRECTION('center_axis',(7.61499999958854E-5,0.99996192594597,-0.00872587299952852));
#8110=DIRECTION('ref_axis',(-0.0263278749998895,0.00872485309193423,0.999615285965813));
#8111=DIRECTION('center_axis',(-7.61499999958855E-5,-0.99996192594597,0.00872587299952853));
#8112=DIRECTION('ref_axis',(-5.29395592033938E-22,-0.00872587302482842,
-0.999961928845271));
#8113=DIRECTION('',(-0.991314024546393,-0.00107210758042986,-0.131511806781632));
#8114=DIRECTION('center_axis',(-7.61499999958854E-5,-0.99996192594597,0.00872587299952852));
#8115=DIRECTION('ref_axis',(4.30928011915625E-20,-0.00872587302482841,-0.999961928845271));
#8116=DIRECTION('',(0.131516155730385,-0.00866009490377921,-0.991276199420806));
#8117=DIRECTION('',(0.131516155811067,-0.00866009490369517,-0.991276199410103));
#8118=DIRECTION('center_axis',(-7.61499999958854E-5,-0.99996192594597,0.00872587299952852));
#8119=DIRECTION('ref_axis',(4.30928011915625E-20,-0.00872587302482841,-0.999961928845271));
#8120=DIRECTION('',(0.718231355368384,-0.00612619179243187,-0.695777399704688));
#8121=DIRECTION('center_axis',(7.61499999958854E-5,0.99996192594597,-0.00872587299952852));
#8122=DIRECTION('ref_axis',(4.6703279129234E-19,-0.00872587302482841,-0.999961928845271));
#8123=DIRECTION('',(-0.680610261177316,-0.00634114654215631,-0.732618224070816));
#8124=DIRECTION('',(-0.71823135526663,0.00612619179333224,0.695777399809718));
#8125=DIRECTION('',(-0.680610261177369,-0.00634114654215648,-0.732618224070767));
#8126=DIRECTION('',(-0.718231355266613,0.00612619179333238,0.695777399809735));
#8127=DIRECTION('center_axis',(-0.732645662047709,0.00599470800039037,0.680583865044319));
#8128=DIRECTION('ref_axis',(0.680596094283131,-1.73472347597681E-18,0.732658826771744));
#8129=DIRECTION('',(-0.680610261518173,-0.00634114680794872,-0.732618223751855));
#8130=DIRECTION('',(-7.61502426984575E-5,-0.999961925942866,0.00872587335312864));
#8131=DIRECTION('center_axis',(0.695804364954679,0.00621421199959524,0.71820447595322));
#8132=DIRECTION('ref_axis',(0.718218343601575,-1.30104260698261E-18,-0.695817800084339));
#8133=DIRECTION('',(-0.718231355421897,0.00612619181351704,0.695777399649262));
#8134=DIRECTION('center_axis',(0.991314024377658,0.00107210800040844,0.131511808050102));
#8135=DIRECTION('ref_axis',(0.131511883631027,8.40256683676266E-19,-0.991314594094034));
#8136=DIRECTION('',(-7.61495299356909E-5,-0.999961925949796,0.00872587256519546));
#8137=DIRECTION('center_axis',(-7.61499999958854E-5,-0.99996192594597,0.00872587299952852));
#8138=DIRECTION('ref_axis',(4.30928011915625E-20,-0.00872587302482841,-0.999961928845271));
#8139=DIRECTION('',(7.61499999958854E-5,0.99996192594597,-0.00872587299952852));
#8140=DIRECTION('center_axis',(0.131516156050087,-0.00866009500329814,-0.991276199377521));
#8141=DIRECTION('ref_axis',(-0.991313372960696,8.67361737988404E-19,-0.13152108800222));
#8142=DIRECTION('',(-7.61499971181056E-5,-0.999961925945088,0.00872587310065066));
#8143=DIRECTION('center_axis',(-7.61499999958854E-5,-0.99996192594597,0.00872587299952852));
#8144=DIRECTION('ref_axis',(4.6703279129234E-19,-0.00872587302482841,-0.999961928845271));
#8145=DIRECTION('',(-7.61499999958854E-5,-0.99996192594597,0.00872587299952852));
#8146=DIRECTION('center_axis',(0.695804364954679,0.00621421199959524,0.71820447595322));
#8147=DIRECTION('ref_axis',(0.718218343601575,-1.30104260698261E-18,-0.695817800084339));
#8148=DIRECTION('',(-7.61501636991513E-5,-0.999961925946313,0.00872587295886081));
#8149=DIRECTION('center_axis',(-7.61499999958854E-5,-0.99996192594597,0.00872587299952852));
#8150=DIRECTION('ref_axis',(4.30928011915625E-20,-0.00872587302482841,-0.999961928845271));
#8151=DIRECTION('',(7.61499999958854E-5,0.99996192594597,-0.00872587299952852));
#8152=DIRECTION('center_axis',(0.991314024377658,0.00107210800040844,0.131511808050102));
#8153=DIRECTION('ref_axis',(0.131511883631027,8.40256683676266E-19,-0.991314594094034));
#8154=DIRECTION('center_axis',(-0.732645662047709,0.00599470800039037,0.680583865044319));
#8155=DIRECTION('ref_axis',(0.680596094283131,-1.73472347597681E-18,0.732658826771744));
#8156=DIRECTION('',(-0.680610261518167,-0.00634114680791844,-0.732618223751862));
#8157=DIRECTION('',(-7.61502426290685E-5,-0.999961925942865,0.00872587335319803));
#8158=DIRECTION('',(7.61505570178696E-5,0.999961925945794,-0.00872587301479472));
#8159=DIRECTION('center_axis',(0.695804364954679,0.00621421199959524,0.71820447595322));
#8160=DIRECTION('ref_axis',(0.718218343601575,-1.30104260698261E-18,-0.695817800084339));
#8161=DIRECTION('',(-7.61501637338457E-5,-0.999961925946313,0.00872587295886081));
#8162=DIRECTION('',(-0.718231355421891,0.0061261918166476,0.69577739964924));
#8163=DIRECTION('center_axis',(-7.61499999958854E-5,-0.99996192594597,0.00872587299952852));
#8164=DIRECTION('ref_axis',(-0.0263278744545641,0.00872485309201803,0.999615285980175));
#8165=DIRECTION('center_axis',(-7.61499999958854E-5,-0.99996192594597,0.00872587299952852));
#8166=DIRECTION('ref_axis',(4.30928011915625E-20,-0.00872587302482841,-0.999961928845271));
#8167=DIRECTION('center_axis',(-7.61499999958855E-5,-0.99996192594597,0.00872587299952853));
#8168=DIRECTION('ref_axis',(-5.29395592033938E-22,-0.00872587302482842,
-0.999961928845271));
#8169=DIRECTION('',(-0.680610261177335,-0.00634114654214767,-0.732618224070799));
#8170=DIRECTION('',(-0.718231355266647,0.00612619179333268,0.6957773998097));
#8171=DIRECTION('center_axis',(-0.704972467112393,-0.707511212112797,-0.0494136150078779));
#8172=DIRECTION('ref_axis',(0.7083765640918,-0.705834713970272,-3.46944695195361E-18));
#8173=DIRECTION('center_axis',(7.61499999958855E-5,0.99996192594597,-0.00872587299952853));
#8174=DIRECTION('ref_axis',(5.29395592033938E-22,0.00872587302482842,0.999961928845271));
#8175=DIRECTION('',(0.680610261177351,0.00634114654214813,0.732618224070784));
#8176=DIRECTION('',(0.718231355266579,-0.00612619179334908,-0.695777399809769));
#8177=DIRECTION('center_axis',(7.61499999958855E-5,0.99996192594597,-0.00872587299952853));
#8178=DIRECTION('ref_axis',(5.29395592033938E-22,0.00872587302482842,0.999961928845271));
#8179=DIRECTION('',(0.680610261177335,0.00634114654216466,0.732618224070799));
#8180=DIRECTION('',(0.718231355266613,-0.00612619179334937,-0.695777399809735));
#8181=DIRECTION('center_axis',(-0.131516156050087,0.00866009500329814,0.991276199377521));
#8182=DIRECTION('ref_axis',(0.991313372960696,-8.67361737988404E-19,0.13152108800222));
#8183=DIRECTION('center_axis',(-7.61499999958854E-5,-0.99996192594597,0.00872587299952852));
#8184=DIRECTION('ref_axis',(-2.62050818056799E-19,-0.00872587302482841,
-0.999961928845271));
#8185=DIRECTION('',(-7.61499999958854E-5,-0.99996192594597,0.00872587299952852));
#8186=DIRECTION('center_axis',(0.695804364954679,0.00621421199959524,0.71820447595322));
#8187=DIRECTION('ref_axis',(0.718218343601575,-1.30104260698261E-18,-0.695817800084339));
#8188=DIRECTION('',(7.61505992660159E-5,0.999961925942599,-0.00872587338064008));
#8189=DIRECTION('center_axis',(-0.732645662047709,0.00599470800039037,0.680583865044319));
#8190=DIRECTION('ref_axis',(0.680596094283131,-1.73472347597681E-18,0.732658826771744));
#8191=DIRECTION('',(7.61497995026179E-5,0.999961925938737,-0.00872587383018967));
#8192=DIRECTION('center_axis',(-7.61499999958854E-5,-0.99996192594597,0.00872587299952852));
#8193=DIRECTION('ref_axis',(-2.62050818056799E-19,-0.00872587302482841,
-0.999961928845271));
#8194=DIRECTION('center_axis',(-0.695804364954679,-0.00621421199959524,
-0.71820447595322));
#8195=DIRECTION('ref_axis',(-0.718218343601575,1.30104260698261E-18,0.695817800084339));
#8196=DIRECTION('',(-7.61500281839134E-5,-0.999961925947469,0.00872587282755074));
#8197=DIRECTION('center_axis',(0.732645662047709,-0.00599470800039037,-0.680583865044319));
#8198=DIRECTION('ref_axis',(-0.680596094283131,1.73472347597681E-18,-0.732658826771744));
#8199=DIRECTION('center_axis',(-0.695804364954679,-0.00621421199959524,
-0.71820447595322));
#8200=DIRECTION('ref_axis',(-0.718218343601575,1.30104260698261E-18,0.695817800084339));
#8201=DIRECTION('',(-7.61500281997743E-5,-0.999961925947468,0.00872587282761425));
#8202=DIRECTION('center_axis',(0.732645662047709,-0.00599470800039037,-0.680583865044319));
#8203=DIRECTION('ref_axis',(-0.680596094283131,1.73472347597681E-18,-0.732658826771744));
#8204=DIRECTION('center_axis',(-0.695804364954679,-0.00621421199959524,
-0.71820447595322));
#8205=DIRECTION('ref_axis',(-0.718218343601575,1.30104260698261E-18,0.695817800084339));
#8206=DIRECTION('',(-7.61501709742652E-5,-0.99996192594625,0.00872587296592627));
#8207=DIRECTION('center_axis',(0.732645662047709,-0.00599470800039037,-0.680583865044319));
#8208=DIRECTION('ref_axis',(-0.680596094283131,1.73472347597681E-18,-0.732658826771744));
#8209=DIRECTION('center_axis',(-0.695804364954679,-0.00621421199959524,
-0.71820447595322));
#8210=DIRECTION('ref_axis',(-0.718218343601575,1.30104260698261E-18,0.695817800084339));
#8211=DIRECTION('',(-7.61501709742652E-5,-0.99996192594625,0.00872587296592627));
#8212=DIRECTION('center_axis',(0.732645662047709,-0.00599470800039037,-0.680583865044319));
#8213=DIRECTION('ref_axis',(-0.680596094283131,1.73472347597681E-18,-0.732658826771744));
#8214=DIRECTION('center_axis',(0.732645662047709,-0.00599470800039037,-0.680583865044319));
#8215=DIRECTION('ref_axis',(-0.680596094283131,1.73472347597681E-18,-0.732658826771744));
#8216=DIRECTION('',(7.61502353672008E-5,0.999961925942798,-0.00872587336100707));
#8217=DIRECTION('center_axis',(-0.695804364954679,-0.00621421199959524,
-0.71820447595322));
#8218=DIRECTION('ref_axis',(-0.718218343601575,1.30104260698261E-18,0.695817800084339));
#8219=DIRECTION('center_axis',(0.732645662047709,-0.00599470800039037,-0.680583865044319));
#8220=DIRECTION('ref_axis',(-0.680596094283131,1.73472347597681E-18,-0.732658826771744));
#8221=DIRECTION('',(7.61503778248647E-5,0.999961925944125,-0.00872587320765941));
#8222=DIRECTION('',(-0.680610261518141,-0.00634114651444991,-0.732618223754426));
#8223=DIRECTION('center_axis',(-7.61499999958855E-5,-0.99996192594597,0.00872587299952853));
#8224=DIRECTION('ref_axis',(-5.29395592033938E-22,-0.00872587302482842,
-0.999961928845271));
#8225=DIRECTION('',(-0.718231355266613,0.00612619179333238,0.695777399809735));
#8226=DIRECTION('center_axis',(-0.695804364954679,-0.00621421199959524,
-0.71820447595322));
#8227=DIRECTION('ref_axis',(-0.718218343601575,1.30104260698261E-18,0.695817800084339));
#8228=DIRECTION('center_axis',(0.732645662047709,-0.00599470800039037,-0.680583865044319));
#8229=DIRECTION('ref_axis',(-0.680596094283131,1.73472347597681E-18,-0.732658826771744));
#8230=DIRECTION('',(7.61503778248647E-5,0.999961925944125,-0.00872587320765941));
#8231=DIRECTION('center_axis',(-0.695804364954679,-0.00621421199959524,
-0.71820447595322));
#8232=DIRECTION('ref_axis',(-0.718218343601575,1.30104260698261E-18,0.695817800084339));
#8233=DIRECTION('center_axis',(0.732645662047709,-0.00599470800039037,-0.680583865044319));
#8234=DIRECTION('ref_axis',(-0.680596094283131,1.73472347597681E-18,-0.732658826771744));
#8235=DIRECTION('',(7.61502353672005E-5,0.999961925942798,-0.00872587336100704));
#8236=DIRECTION('center_axis',(-0.695804364954679,-0.00621421199959524,
-0.71820447595322));
#8237=DIRECTION('ref_axis',(-0.718218343601575,1.30104260698261E-18,0.695817800084339));
#8238=DIRECTION('center_axis',(7.61499999958855E-5,0.99996192594597,-0.00872587299952853));
#8239=DIRECTION('ref_axis',(5.29395592033938E-22,0.00872587302482842,0.999961928845271));
#8240=DIRECTION('center_axis',(7.61499999958854E-5,0.99996192594597,-0.00872587299952852));
#8241=DIRECTION('ref_axis',(7.40149584467666E-14,-0.00872587302482842,-0.999961928845271));
#8242=DIRECTION('',(-0.680610261064527,-0.00634114654307974,-0.73261822417559));
#8243=DIRECTION('',(-0.718231355245399,0.00612619179353084,0.695777399831632));
#8244=DIRECTION('center_axis',(7.61499999958854E-5,0.99996192594597,-0.00872587299952852));
#8245=DIRECTION('ref_axis',(9.0209008882583E-20,-0.00872587302482841,-0.999961928845271));
#8246=DIRECTION('',(0.718231355269312,-0.00612619179331265,-0.695777399806948));
#8247=DIRECTION('',(0.680610261177332,0.00634114654215677,0.732618224070801));
#8248=DIRECTION('center_axis',(-7.61499999958854E-5,-0.99996192594597,0.00872587299952852));
#8249=DIRECTION('ref_axis',(-2.62050818056799E-19,-0.00872587302482841,
-0.999961928845271));
#8250=DIRECTION('',(-7.61499999958854E-5,-0.99996192594597,0.00872587299952852));
#8251=DIRECTION('center_axis',(0.695804364954679,0.00621421199959524,0.71820447595322));
#8252=DIRECTION('ref_axis',(0.718218343601575,-1.30104260698261E-18,-0.695817800084339));
#8253=DIRECTION('',(7.61495999556054E-5,0.999961925951121,-0.00872587241267846));
#8254=DIRECTION('center_axis',(-0.732645662047709,0.00599470800039037,0.680583865044319));
#8255=DIRECTION('ref_axis',(0.680596094283131,-1.73472347597681E-18,0.732658826771744));
#8256=DIRECTION('',(7.61508052137152E-5,0.999961925948106,-0.00872587274774313));
#8257=DIRECTION('center_axis',(-7.61499999958854E-5,-0.99996192594597,0.00872587299952852));
#8258=DIRECTION('ref_axis',(-2.62050818056799E-19,-0.00872587302482841,
-0.999961928845271));
#8259=DIRECTION('center_axis',(-0.695804364954679,-0.00621421199959524,
-0.71820447595322));
#8260=DIRECTION('ref_axis',(-0.718218343601575,1.30104260698261E-18,0.695817800084339));
#8261=DIRECTION('',(-7.61501268706233E-5,-0.999961925946627,0.00872587292317581));
#8262=DIRECTION('center_axis',(0.732645662047709,-0.00599470800039037,-0.680583865044319));
#8263=DIRECTION('ref_axis',(-0.680596094283131,1.73472347597681E-18,-0.732658826771744));
#8264=DIRECTION('',(0.,0.,1.));
#8265=DIRECTION('',(1.,0.,0.));
#8266=DIRECTION('center_axis',(-0.999961255644269,0.,-0.00880268199686849));
#8267=DIRECTION('ref_axis',(0.,1.,0.));
#8268=DIRECTION('center_axis',(-0.999961255644269,0.,-0.00880268199686849));
#8269=DIRECTION('ref_axis',(0.,1.,0.));
#8270=DIRECTION('',(-0.999961255644268,0.,-0.00880268199686849));
#8271=DIRECTION('center_axis',(0.999961255644269,0.,0.00880268199686849));
#8272=DIRECTION('ref_axis',(0.,1.,0.));
#8273=DIRECTION('center_axis',(-0.999961255644269,0.,-0.00880268199686849));
#8274=DIRECTION('ref_axis',(0.,1.,0.));
#8275=DIRECTION('center_axis',(-0.999961255644269,0.,-0.00880268199686849));
#8276=DIRECTION('ref_axis',(0.,1.,0.));
#8277=DIRECTION('',(-0.999961255644268,0.,-0.00880268199686849));
#8278=DIRECTION('center_axis',(0.999961255644269,0.,0.00880268199686849));
#8279=DIRECTION('ref_axis',(0.,1.,0.));
#8280=DIRECTION('center_axis',(-0.999961255644269,0.,-0.00880268199686849));
#8281=DIRECTION('ref_axis',(0.,1.,0.));
#8282=DIRECTION('center_axis',(-0.999961255644269,0.,-0.00880268199686849));
#8283=DIRECTION('ref_axis',(0.,1.,0.));
#8284=DIRECTION('',(-0.999961255644268,0.,-0.00880268199686849));
#8285=DIRECTION('center_axis',(0.999961255644269,0.,0.00880268199686849));
#8286=DIRECTION('ref_axis',(0.,1.,0.));
#8287=DIRECTION('center_axis',(-0.999961255644269,0.,-0.00880268199686849));
#8288=DIRECTION('ref_axis',(0.,1.,0.));
#8289=DIRECTION('center_axis',(-0.999961255644269,0.,-0.00880268199686849));
#8290=DIRECTION('ref_axis',(0.,1.,0.));
#8291=DIRECTION('',(-0.999961255644268,0.,-0.00880268199686849));
#8292=DIRECTION('center_axis',(0.999961255644269,0.,0.00880268199686849));
#8293=DIRECTION('ref_axis',(0.,1.,0.));
#8294=DIRECTION('center_axis',(0.999961255644269,0.,0.00880268199686892));
#8295=DIRECTION('ref_axis',(0.,1.,0.));
#8296=DIRECTION('center_axis',(0.999961255644269,0.,0.00880268199686849));
#8297=DIRECTION('ref_axis',(0.,1.,0.));
#8298=DIRECTION('',(-0.999961255644268,0.,-0.00880268199686892));
#8299=DIRECTION('center_axis',(0.999961255644269,0.,0.00880268199686849));
#8300=DIRECTION('ref_axis',(0.,1.,0.));
#8301=DIRECTION('center_axis',(0.999961255644269,0.,0.00880268199686849));
#8302=DIRECTION('ref_axis',(0.,1.,0.));
#8303=DIRECTION('center_axis',(0.999961255644269,0.,0.00880268199686849));
#8304=DIRECTION('ref_axis',(0.,1.,0.));
#8305=DIRECTION('center_axis',(0.00615844300032301,0.714472218037474,-0.699636708036696));
#8306=DIRECTION('ref_axis',(1.73472347597681E-18,0.699649975771979,0.714485767109653));
#8307=DIRECTION('',(-0.00628973698939045,0.69966381187837,0.714444532176175));
#8308=DIRECTION('',(-0.999961255644047,-6.64999999763282E-7,-0.00880268199686654));
#8309=DIRECTION('',(0.00628973699246373,-0.699663811521697,-0.714444532525442));
#8310=DIRECTION('',(0.999961255643336,6.64987772284222E-7,0.00880268207766026));
#8311=DIRECTION('center_axis',(0.999961255644047,6.64999999763282E-7,0.00880268199686654));
#8312=DIRECTION('ref_axis',(0.00880268199686849,6.13602578391836E-21,-0.999961255644268));
#8313=DIRECTION('center_axis',(-0.999961255644047,-6.64999999763282E-7,
-0.00880268199686654));
#8314=DIRECTION('ref_axis',(0.00880268199686849,6.13602578391836E-21,-0.999961255644268));
#8315=DIRECTION('',(0.999961255644047,6.64999999763282E-7,0.00880268199686654));
#8316=DIRECTION('center_axis',(0.999961255643982,6.65044920246234E-7,0.00880268200426748));
#8317=DIRECTION('ref_axis',(-0.00615938489092747,0.714473140637839,0.699635757580234));
#8318=DIRECTION('center_axis',(-0.00615938500090251,0.714473141104689,0.699635757102515));
#8319=DIRECTION('ref_axis',(-2.60208521396521E-18,-0.699649028879074,0.714486694339768));
#8320=DIRECTION('',(0.00628881459866863,0.699662869273164,-0.714445463398983));
#8321=DIRECTION('',(-0.999961255643632,-6.64954850426468E-7,-0.00880268204401099));
#8322=DIRECTION('',(-0.00628881459394946,-0.699662869820752,0.714445462862767));
#8323=DIRECTION('',(0.999961255644047,6.64999999763282E-7,0.00880268199686654));
#8324=DIRECTION('center_axis',(-0.00615844300032301,-0.714472218037474,
0.699636708036696));
#8325=DIRECTION('ref_axis',(-1.73472347597681E-18,-0.699649975771979,-0.714485767109653));
#8326=DIRECTION('',(-0.00628973698939045,0.69966381187837,0.714444532176175));
#8327=DIRECTION('',(0.999961255642883,6.65038158785702E-7,0.00880268212907818));
#8328=DIRECTION('',(0.00628973699386902,-0.699663811358536,-0.714444532685215));
#8329=DIRECTION('center_axis',(-0.00615938500090251,0.714473141104689,0.699635757102515));
#8330=DIRECTION('ref_axis',(-2.60208521396521E-18,-0.699649028879074,0.714486694339768));
#8331=DIRECTION('',(0.00628881459866863,0.699662869273164,-0.714445463398983));
#8332=DIRECTION('',(-0.999961255643626,-6.6495557680819E-7,-0.00880268204477496));
#8333=DIRECTION('',(-0.0062888145953805,-0.699662869655552,0.714445463024536));
#8334=DIRECTION('',(0.999961255644047,6.64999999763282E-7,0.00880268199686654));
#8335=DIRECTION('center_axis',(-0.00615844300032301,-0.714472218037474,
0.699636708036696));
#8336=DIRECTION('ref_axis',(-1.73472347597681E-18,-0.699649975771979,-0.714485767109653));
#8337=DIRECTION('',(-0.00628973698939045,0.69966381187837,0.714444532176175));
#8338=DIRECTION('',(0.999961255642883,6.65038144907911E-7,0.00880268212909664));
#8339=DIRECTION('',(0.00628973699243636,-0.699663811526593,-0.714444532520647));
#8340=DIRECTION('center_axis',(-0.00615938500090251,0.714473141104689,0.699635757102515));
#8341=DIRECTION('ref_axis',(-2.60208521396521E-18,-0.699649028879074,0.714486694339768));
#8342=DIRECTION('',(0.00628881459866863,0.699662869273164,-0.714445463398983));
#8343=DIRECTION('',(-0.999961255643632,-6.64954831922751E-7,-0.00880268204401099));
#8344=DIRECTION('',(-0.00628881459534068,-0.699662869659017,0.714445463021142));
#8345=DIRECTION('',(0.999961255644047,6.64999999763282E-7,0.00880268199686654));
#8346=DIRECTION('center_axis',(-0.00615844300032301,-0.714472218037474,
0.699636708036696));
#8347=DIRECTION('ref_axis',(-1.73472347597681E-18,-0.699649975771979,-0.714485767109653));
#8348=DIRECTION('',(-0.00628973698939045,0.69966381187837,0.714444532176175));
#8349=DIRECTION('',(0.999961255642883,6.65038154159772E-7,0.00880268212909668));
#8350=DIRECTION('',(0.00628973699386886,-0.699663811358518,-0.714444532685232));
#8351=DIRECTION('center_axis',(-0.00615938500090251,0.714473141104689,0.699635757102515));
#8352=DIRECTION('ref_axis',(-2.60208521396521E-18,-0.699649028879074,0.714486694339768));
#8353=DIRECTION('',(0.00628881459866863,0.699662869273164,-0.714445463398983));
#8354=DIRECTION('',(-0.999961255643633,-6.64954831922751E-7,-0.00880268204399249));
#8355=DIRECTION('',(-0.00628881459677681,-0.699662869492368,0.714445463184331));
#8356=DIRECTION('',(0.999961255644047,6.64999999763282E-7,0.00880268199686654));
#8357=DIRECTION('center_axis',(-0.00615844300032301,-0.714472218037474,
0.699636708036696));
#8358=DIRECTION('ref_axis',(-1.73472347597681E-18,-0.699649975771979,-0.714485767109653));
#8359=DIRECTION('',(-0.00628973698939045,0.69966381187837,0.714444532176175));
#8360=DIRECTION('',(0.999961255643632,6.64954845800539E-7,0.00880268204402949));
#8361=DIRECTION('',(0.00628973699243248,-0.699663811525171,-0.714444532522039));
#8362=DIRECTION('center_axis',(-0.999961255644048,-6.64999926480786E-7,
-0.00880268199679876));
#8363=DIRECTION('ref_axis',(-0.00880268199680085,0.,0.999961255644269));
#8364=DIRECTION('center_axis',(6.58999999999711E-7,-0.999999999999562,6.64999999999709E-7));
#8365=DIRECTION('ref_axis',(3.22025542311505E-22,-6.64999999999853E-7,-0.999999999999779));
#8366=DIRECTION('center_axis',(-0.999961251895394,-1.0124063918737E-6,-0.00880310779050263));
#8367=DIRECTION('ref_axis',(-1.00656425257699E-6,0.99999999999927,-6.68075626571758E-7));
#8368=DIRECTION('center_axis',(0.00880268199686658,-6.58999999765421E-7,
-0.999961255644051));
#8369=DIRECTION('ref_axis',(-0.999961255644268,6.16580428597027E-21,-0.00880268199686849));
#8370=DIRECTION('center_axis',(-0.999961255644047,-6.6500002950757E-7,-0.0088026819968523));
#8371=DIRECTION('ref_axis',(-0.00880268199685475,0.,0.999961255644269));
#8372=DIRECTION('center_axis',(0.00880268199686658,-6.58999999765421E-7,
-0.999961255644051));
#8373=DIRECTION('ref_axis',(-0.999961255644268,6.16580428597027E-21,-0.00880268199686849));
#8374=DIRECTION('center_axis',(-0.99996125343808,-3.63441427139416E-7,-0.00880293260295491));
#8375=DIRECTION('ref_axis',(-0.00880293260319312,6.59104955985739E-7,0.999961253437927));
#8376=DIRECTION('center_axis',(-6.59729137533151E-7,0.999999999999561,-6.6529661481331E-7));
#8377=DIRECTION('ref_axis',(0.999961255646296,6.6555997111821E-7,0.00880268174138177));
#8378=DIRECTION('center_axis',(-6.58999999999711E-7,0.999999999999562,-6.64999999999709E-7));
#8379=DIRECTION('ref_axis',(3.22025542311505E-22,-6.64999999999853E-7,-0.999999999999779));
#8380=DIRECTION('center_axis',(6.59173267332715E-7,-0.999999999999562,6.6482825076069E-7));
#8381=DIRECTION('ref_axis',(-0.00880268199731261,6.58999999765124E-7,0.999961255644047));
#8382=DIRECTION('center_axis',(-0.999961255644047,-6.64999999153959E-7,
-0.00880268199686556));
#8383=DIRECTION('ref_axis',(-0.00880268199686751,-4.29306737915021E-22,
0.999961255644269));
#8384=DIRECTION('center_axis',(-0.999961255644047,-6.64999999763282E-7,
-0.00880268199686654));
#8385=DIRECTION('ref_axis',(-0.00880268199686849,-1.07533479631894E-21,
0.999961255644268));
#8386=DIRECTION('',(-0.700854949932194,-4.70226009817975E-7,-0.713303819669656));
#8387=DIRECTION('center_axis',(0.999961255644047,6.64999999763282E-7,0.00880268199686654));
#8388=DIRECTION('ref_axis',(-0.00880268199686849,-1.08112506060681E-21,
0.999961255644269));
#8389=DIRECTION('center_axis',(6.58999999999711E-7,-0.999999999999562,6.64999999999709E-7));
#8390=DIRECTION('ref_axis',(3.22013324433805E-22,-6.64999999999853E-7,-0.999999999999779));
#8391=DIRECTION('center_axis',(6.58999999999711E-7,-0.999999999999562,6.64999999999709E-7));
#8392=DIRECTION('ref_axis',(3.22013324433805E-22,-6.64999999999853E-7,-0.999999999999779));
#8393=DIRECTION('',(6.58999999999711E-7,-0.999999999999562,6.64999999999709E-7));
#8394=DIRECTION('center_axis',(6.58999999999711E-7,-0.999999999999562,6.64999999999709E-7));
#8395=DIRECTION('ref_axis',(3.22013324433805E-22,-6.64999999999853E-7,-0.999999999999779));
#8396=DIRECTION('center_axis',(6.58999999999711E-7,-0.999999999999562,6.64999999999709E-7));
#8397=DIRECTION('ref_axis',(3.22013324433805E-22,-6.64999999999853E-7,-0.999999999999779));
#8398=DIRECTION('center_axis',(6.58999999999711E-7,-0.999999999999562,6.64999999999709E-7));
#8399=DIRECTION('ref_axis',(3.22013324433805E-22,-6.64999999999853E-7,-0.999999999999779));
#8400=DIRECTION('',(6.58999999999711E-7,-0.999999999999562,6.64999999999709E-7));
#8401=DIRECTION('center_axis',(6.58999999999711E-7,-0.999999999999562,6.64999999999709E-7));
#8402=DIRECTION('ref_axis',(3.22013324433805E-22,-6.64999999999853E-7,-0.999999999999779));
#8403=DIRECTION('center_axis',(6.63233216917447E-7,-0.999999999999564,6.56920119072033E-7));
#8404=DIRECTION('ref_axis',(0.881963413295467,8.94565625193872E-7,0.471317873210224));
#8405=DIRECTION('center_axis',(6.58999999999711E-7,-0.999999999999562,6.64999999999709E-7));
#8406=DIRECTION('ref_axis',(3.22013324433805E-22,-6.64999999999853E-7,-0.999999999999779));
#8407=DIRECTION('center_axis',(6.58999999999711E-7,-0.999999999999562,6.64999999999709E-7));
#8408=DIRECTION('ref_axis',(3.22025441337309E-22,-6.64999999999854E-7,-0.999999999999779));
#8409=DIRECTION('center_axis',(-6.58999999999711E-7,0.999999999999562,-6.64999999999709E-7));
#8410=DIRECTION('ref_axis',(3.22025441337309E-22,-6.64999999999854E-7,-0.999999999999779));
#8411=DIRECTION('',(-3.34579763201385E-7,0.99999999999989,-3.27634429233998E-7));
#8412=DIRECTION('center_axis',(6.58981191566734E-7,-0.999999999999562,6.65009270365922E-7));
#8413=DIRECTION('ref_axis',(-0.288525863890856,-8.26860941447356E-7,-0.957472101873131));
#8414=DIRECTION('center_axis',(6.59208797517766E-7,-0.999999999999561,6.65859163078015E-7));
#8415=DIRECTION('ref_axis',(0.708286084517407,9.36955385852946E-7,0.705925507740104));
#8416=DIRECTION('',(-6.62955774866939E-7,0.999999999999562,-6.6074627573013E-7));
#8417=DIRECTION('center_axis',(-0.00880268199686658,6.58999999765421E-7,
0.999961255644051));
#8418=DIRECTION('ref_axis',(0.999961255644269,-6.17159455025814E-21,0.0088026819968685));
#8419=DIRECTION('center_axis',(0.00880268337972315,-6.65906785697275E-7,
-0.999961255631873));
#8420=DIRECTION('ref_axis',(-0.999961255631878,-6.65000015942495E-7,-0.00880268337928035));
#8421=DIRECTION('',(-0.00880268199686659,6.58999999765421E-7,0.999961255644051));
#8422=DIRECTION('center_axis',(-0.00880268203518846,6.59191742066408E-7,
0.999961255643714));
#8423=DIRECTION('ref_axis',(0.999961255643908,2.21880000594859E-7,0.0088026820350439));
#8424=DIRECTION('center_axis',(6.58999999999711E-7,-0.999999999999562,6.64999999999709E-7));
#8425=DIRECTION('ref_axis',(3.22025441337309E-22,-6.64999999999854E-7,-0.999999999999779));
#8426=DIRECTION('center_axis',(6.58999999999711E-7,-0.999999999999562,6.64999999999709E-7));
#8427=DIRECTION('ref_axis',(3.22025441337309E-22,-6.64999999999854E-7,-0.999999999999779));
#8428=DIRECTION('',(-6.58999999999711E-7,0.999999999999562,-6.64999999999709E-7));
#8429=DIRECTION('center_axis',(6.58419779267079E-7,-0.999999999999562,6.64824764195267E-7));
#8430=DIRECTION('ref_axis',(1.72093450601061E-10,-6.64824764082102E-7,-0.999999999999779));
#8431=DIRECTION('',(6.58999999999711E-7,-0.999999999999562,6.64999999999709E-7));
#8432=DIRECTION('center_axis',(6.58999999999711E-7,-0.999999999999562,6.64999999999709E-7));
#8433=DIRECTION('ref_axis',(3.22025441337309E-22,-6.64999999999854E-7,-0.999999999999779));
#8434=DIRECTION('center_axis',(6.58999999999711E-7,-0.999999999999562,6.64999999999709E-7));
#8435=DIRECTION('ref_axis',(3.22025441337309E-22,-6.64999999999854E-7,-0.999999999999779));
#8436=DIRECTION('',(-6.58999999999711E-7,0.999999999999562,-6.64999999999709E-7));
#8437=DIRECTION('center_axis',(6.56681700851685E-7,-0.999999999999564,6.64678755012882E-7));
#8438=DIRECTION('ref_axis',(1.72128977742676E-10,-6.64678754899991E-7,-0.999999999999779));
#8439=DIRECTION('',(6.58999999999711E-7,-0.999999999999562,6.64999999999709E-7));
#8440=DIRECTION('center_axis',(6.58999999999711E-7,-0.999999999999562,6.64999999999709E-7));
#8441=DIRECTION('ref_axis',(3.22025441337309E-22,-6.64999999999854E-7,-0.999999999999779));
#8442=DIRECTION('center_axis',(-6.58999999999711E-7,0.999999999999562,-6.64999999999709E-7));
#8443=DIRECTION('ref_axis',(3.22025441337309E-22,-6.64999999999854E-7,-0.999999999999779));
#8444=DIRECTION('',(1.00884547602232E-8,-1.,-9.70685739051735E-9));
#8445=DIRECTION('center_axis',(-0.258808381075228,-0.965925998280767,-0.00227765900066205));
#8446=DIRECTION('ref_axis',(-0.965888572612164,0.25881840321907,-0.00850290846522348));
#8447=DIRECTION('',(-6.62955774866939E-7,0.999999999999562,-6.6074627573013E-7));
#8448=DIRECTION('center_axis',(6.58999999999711E-7,-0.999999999999562,6.64999999999709E-7));
#8449=DIRECTION('ref_axis',(3.22013324433805E-22,-6.64999999999853E-7,-0.999999999999779));
#8450=DIRECTION('center_axis',(6.59191557001445E-7,-0.999999999999562,6.65202415689019E-7));
#8451=DIRECTION('ref_axis',(8.53539461333665E-11,-6.65202415632899E-7,-0.999999999999779));
#8452=DIRECTION('',(6.58999999999711E-7,-0.999999999999562,6.64999999999709E-7));
#8453=DIRECTION('center_axis',(-6.59025803099486E-7,0.999999999999562,-6.6501683786467E-7));
#8454=DIRECTION('ref_axis',(-0.99996125564509,-6.64854201237696E-7,-0.00880268187843995));
#8455=DIRECTION('center_axis',(6.58999999999711E-7,-0.999999999999562,6.64999999999709E-7));
#8456=DIRECTION('ref_axis',(3.22013324433805E-22,-6.64999999999853E-7,-0.999999999999779));
#8457=DIRECTION('center_axis',(6.59839759359813E-7,-0.999999999999561,6.6569873084141E-7));
#8458=DIRECTION('ref_axis',(8.54649684365229E-11,-6.65698730785162E-7,-0.999999999999778));
#8459=DIRECTION('',(6.58999999999711E-7,-0.999999999999562,6.64999999999709E-7));
#8460=DIRECTION('center_axis',(-6.59071800907704E-7,0.999999999999562,-6.65220894023047E-7));
#8461=DIRECTION('ref_axis',(-0.999961255645089,-6.64901993505265E-7,-0.00880268187852935));
#8462=DIRECTION('center_axis',(6.58999999999711E-7,-0.999999999999562,6.64999999999709E-7));
#8463=DIRECTION('ref_axis',(3.22022058701747E-22,-6.64999999999853E-7,-0.999999999999779));
#8464=DIRECTION('center_axis',(6.71053521124161E-7,-0.999999999999546,6.77074909326976E-7));
#8465=DIRECTION('ref_axis',(-2.61684007796209E-9,-6.77074911083168E-7,-0.999999999999771));
#8466=DIRECTION('',(6.58999999999711E-7,-0.999999999999562,6.64999999999709E-7));
#8467=DIRECTION('center_axis',(6.59527594053447E-7,-0.999999999999561,6.65617453290997E-7));
#8468=DIRECTION('ref_axis',(-2.61692889580333E-9,-6.65617455017079E-7,-0.999999999999778));
#8469=DIRECTION('center_axis',(6.58999999999711E-7,-0.999999999999562,6.64999999999709E-7));
#8470=DIRECTION('ref_axis',(3.22022058701747E-22,-6.64999999999853E-7,-0.999999999999779));
#8471=DIRECTION('center_axis',(6.70719953234045E-7,-0.999999999999546,6.76828478521787E-7));
#8472=DIRECTION('ref_axis',(-2.61689083101422E-9,-6.7682848027714E-7,-0.999999999999771));
#8473=DIRECTION('',(6.58999999999711E-7,-0.999999999999562,6.64999999999709E-7));
#8474=DIRECTION('center_axis',(6.5942724699757E-7,-0.999999999999561,6.65426132096172E-7));
#8475=DIRECTION('ref_axis',(-2.61689083101486E-9,-6.65426133821966E-7,-0.999999999999779));
#8476=DIRECTION('center_axis',(6.58999999999711E-7,-0.999999999999562,6.64999999999709E-7));
#8477=DIRECTION('ref_axis',(-5.22068914479154E-21,-6.64999999999853E-7,
-0.999999999999779));
#8478=DIRECTION('center_axis',(-6.59030121268472E-7,0.999999999999562,-6.65035349029331E-7));
#8479=DIRECTION('ref_axis',(-0.999961255645198,-6.64858682179213E-7,-0.00880268186621696));
#8480=DIRECTION('',(6.58999999999711E-7,-0.999999999999562,6.64999999999709E-7));
#8481=DIRECTION('center_axis',(-6.79232153035091E-7,0.999999999999534,-6.85406162059378E-7));
#8482=DIRECTION('ref_axis',(-0.999961255645146,-6.8523924902055E-7,-0.00880268187052322));
#8483=DIRECTION('center_axis',(6.58999999999711E-7,-0.999999999999562,6.64999999999709E-7));
#8484=DIRECTION('ref_axis',(-5.22068914479154E-21,-6.64999999999853E-7,
-0.999999999999779));
#8485=DIRECTION('center_axis',(-6.59092780825225E-7,0.999999999999562,-6.65098519165326E-7));
#8486=DIRECTION('ref_axis',(-0.999961255645151,-6.64921895378393E-7,-0.00880268187155715));
#8487=DIRECTION('',(6.58999999999711E-7,-0.999999999999562,6.64999999999709E-7));
#8488=DIRECTION('center_axis',(-6.79169593634151E-7,0.999999999999535,-6.85343049526407E-7));
#8489=DIRECTION('ref_axis',(-0.999961255645099,-6.85176136487511E-7,-0.00880268187586321));
#8490=DIRECTION('center_axis',(-0.999961255644047,-6.64999999763282E-7,
-0.00880268199686654));
#8491=DIRECTION('ref_axis',(-0.00880268199686849,-3.30872245021211E-24,
0.999961255644269));
#8492=DIRECTION('',(0.00880268199686849,0.,-0.999961255644269));
#8493=DIRECTION('',(-8.57946386290096E-9,-0.999999999999785,6.55943894815614E-7));
#8494=DIRECTION('',(-0.00613742411528976,0.716907880035272,0.697140892193652));
#8495=DIRECTION('center_axis',(-0.999961255644047,-6.64999999763282E-7,
-0.00880268199686654));
#8496=DIRECTION('ref_axis',(-0.00880268199687039,2.85637812514392E-9,0.999961255644268));
#8497=DIRECTION('',(0.00880268199686849,0.,-0.999961255644269));
#8498=DIRECTION('',(-0.00613647895788469,-0.716906963926681,0.697141842596919));
#8499=DIRECTION('',(6.6497423476673E-7,-0.999999999999779,5.85378352583379E-9));
#8500=DIRECTION('',(0.00880268199730491,-6.59173267567067E-7,-0.999961255644047));
#8501=DIRECTION('center_axis',(-0.999961255644047,-6.64999999763282E-7,
-0.00880268199686654));
#8502=DIRECTION('ref_axis',(-0.00880268199686849,1.07839536458538E-20,0.999961255644269));
#8503=DIRECTION('',(-6.59173267332715E-7,0.999999999999562,-6.6482825076069E-7));
#8504=DIRECTION('',(-0.00880268199686849,0.,0.999961255644269));
#8505=DIRECTION('',(0.00880268199686658,-6.58999999765421E-7,-0.999961255644051));
#8506=DIRECTION('',(-6.59171755869235E-7,0.999999999999562,-6.64999940034671E-7));
#8507=DIRECTION('',(-0.00880268199730551,6.59170908897612E-7,0.999961255644047));
#8508=DIRECTION('center_axis',(-0.999961255644047,-6.65000041076821E-7,
-0.0088026819968824));
#8509=DIRECTION('ref_axis',(6.59173208968029E-7,-0.999999999999562,6.64839574122584E-7));
#8510=DIRECTION('',(-0.00724962700237062,-0.567152105185458,0.82358116326931));
#8511=DIRECTION('',(-0.00880268199686658,6.58999999765421E-7,0.999961255644051));
#8512=DIRECTION('',(6.59171935640726E-7,-0.999999999999562,6.64979481724299E-7));
#8513=DIRECTION('',(0.00880268199686849,0.,-0.999961255644269));
#8514=DIRECTION('',(0.00725037450876508,-0.567153190677106,-0.823580409173422));
#8515=DIRECTION('',(-0.00725037450817841,0.56715319077352,0.823580409107032));
#8516=DIRECTION('',(6.59173267332716E-7,-0.999999999999562,6.6482825076069E-7));
#8517=DIRECTION('',(0.00880268199686658,-6.58999999765421E-7,-0.999961255644051));
#8518=DIRECTION('',(0.00622490223745075,-0.707107247323978,-0.707078914530791));
#8519=DIRECTION('center_axis',(-0.999961255644047,-6.64999999763282E-7,
-0.00880268199686654));
#8520=DIRECTION('ref_axis',(-0.00880268199686849,1.73707928636136E-23,0.999961255644268));
#8521=DIRECTION('center_axis',(-0.999961255644047,-6.64999999763282E-7,
-0.00880268199686654));
#8522=DIRECTION('ref_axis',(-0.00880268199686849,1.73707928636136E-23,0.999961255644268));
#8523=DIRECTION('center_axis',(-0.999961255644047,-6.64999999763282E-7,
-0.00880268199686654));
#8524=DIRECTION('ref_axis',(-0.00880268199686849,1.73707928636136E-23,0.999961255644268));
#8525=DIRECTION('center_axis',(-0.999961255644047,-6.64999999763282E-7,
-0.00880268199686654));
#8526=DIRECTION('ref_axis',(-0.00880268199686849,1.73707928636136E-23,0.999961255644268));
#8527=DIRECTION('',(0.00628881459866863,0.699662869273164,-0.714445463398983));
#8528=DIRECTION('center_axis',(-0.00622397000042864,-0.707106315048698,
0.707079855048696));
#8529=DIRECTION('ref_axis',(0.,-0.707093550806517,-0.707120011319035));
#8530=DIRECTION('',(0.00622490229402115,-0.70710724732377,-0.707078914530501));
#8531=DIRECTION('',(-0.999961255644678,-6.64967909562622E-7,-0.00880268192522407));
#8532=DIRECTION('center_axis',(0.00622397004234624,0.707106315097271,-0.707079854999752));
#8533=DIRECTION('ref_axis',(-0.00622507118245835,0.707107247275082,0.70707891309233));
#8534=DIRECTION('',(0.999961255643991,6.65045978707388E-7,0.00880268200330157));
#8535=DIRECTION('center_axis',(-6.58999999999711E-7,0.999999999999562,-6.64999999999709E-7));
#8536=DIRECTION('ref_axis',(-2.52435489670724E-28,6.64999999999854E-7,0.999999999999779));
#8537=DIRECTION('',(-0.00880268157429763,6.59173275372836E-7,0.999961255647771));
#8538=DIRECTION('',(-0.0130784510052613,0.,0.999914473402252));
#8539=DIRECTION('',(0.99991447340382,6.67640809935219E-7,0.0130784508683087));
#8540=DIRECTION('center_axis',(0.00937561999778248,0.697164631835107,-0.716849756830451));
#8541=DIRECTION('ref_axis',(2.60208521396521E-18,0.716881265261104,0.697195275025325));
#8542=DIRECTION('',(0.00911831300507342,-0.716911015927692,-0.697105050626852));
#8543=DIRECTION('',(-0.00613823646344601,0.71690788383257,0.697140881136536));
#8544=DIRECTION('',(-0.999914473405817,-6.68539740255351E-7,-0.0130784507155892));
#8545=DIRECTION('',(0.999914473407185,6.6843222044642E-7,0.013078450611046));
#8546=DIRECTION('center_axis',(6.58999999999711E-7,-0.999999999999562,6.64999999999709E-7));
#8547=DIRECTION('ref_axis',(2.52435489670724E-28,-6.64999999999854E-7,-0.999999999999779));
#8548=DIRECTION('',(0.999914473400953,6.67640806667168E-7,0.0130784510875698));
#8549=DIRECTION('',(0.00880268179009292,-6.59173263305339E-7,-0.999961255645871));
#8550=DIRECTION('',(-0.999914473404852,-6.6764080737004E-7,-0.0130784507894781));
#8551=DIRECTION('',(-0.99996083809133,-4.15322027854874E-11,-0.00884998777880179));
#8552=DIRECTION('center_axis',(-0.999961250365659,2.39357839330677E-7,-0.00880328160921151));
#8553=DIRECTION('ref_axis',(-0.00631097918487062,0.697167429363692,0.716880566744663));
#8554=DIRECTION('',(0.999961253552244,6.26847767480668E-7,0.0088029196197985));
#8555=DIRECTION('center_axis',(0.00631116800242609,-0.697168851268001,-0.716879182275578));
#8556=DIRECTION('ref_axis',(2.16840434497101E-18,0.716893459652651,-0.697182736093811));
#8557=DIRECTION('',(0.00613687447251335,0.716906962458529,-0.69714184062513));
#8558=DIRECTION('',(0.999961255644051,6.65561656252324E-7,0.00880268199642795));
#8559=DIRECTION('center_axis',(0.00880268199686657,-6.58999999765421E-7,
-0.999961255644051));
#8560=DIRECTION('ref_axis',(-0.999961255644269,1.65436122510605E-24,-0.00880268199686849));
#8561=DIRECTION('',(8.57946386290096E-9,0.999999999999785,-6.55943894815614E-7));
#8562=DIRECTION('',(0.999961255644269,0.,0.00880268199686849));
#8563=DIRECTION('center_axis',(-6.58999999999711E-7,0.999999999999562,-6.64999999999709E-7));
#8564=DIRECTION('ref_axis',(-2.52435489670724E-28,6.64999999999854E-7,0.999999999999779));
#8565=DIRECTION('',(-0.999914473415596,-6.67640807657632E-7,-0.0130784499680335));
#8566=DIRECTION('',(-0.00880268199860075,6.59173265654574E-7,0.999961255644036));
#8567=DIRECTION('',(0.999914473395509,6.67640805999849E-7,0.0130784515037452));
#8568=DIRECTION('',(0.999961252877693,5.58593565620806E-7,0.0088029962491687));
#8569=DIRECTION('center_axis',(0.999961257277876,7.79331211098342E-7,0.00880249638698075));
#8570=DIRECTION('ref_axis',(-0.00622485467904338,0.707106923953546,0.707079238332719));
#8571=DIRECTION('',(-0.999961099061281,-0.000562536566550456,-0.00880249491717238));
#8572=DIRECTION('center_axis',(-0.00880268199686657,6.58999999765421E-7,
0.999961255644051));
#8573=DIRECTION('ref_axis',(0.999961255644269,-1.65436122510605E-24,0.00880268199686849));
#8574=DIRECTION('',(-5.8009674338714E-9,-0.999999999999783,6.58974467235003E-7));
#8575=DIRECTION('',(0.999961265566434,6.64821629680204E-7,0.0088015547680141));
#8576=DIRECTION('center_axis',(6.58999999999711E-7,-0.999999999999562,6.64999999999709E-7));
#8577=DIRECTION('ref_axis',(2.52435489670724E-28,-6.64999999999854E-7,-0.999999999999779));
#8578=DIRECTION('',(0.00880268199686658,-6.58999999765421E-7,-0.999961255644051));
#8579=DIRECTION('center_axis',(0.00880268199686658,-6.58999999765421E-7,
-0.999961255644051));
#8580=DIRECTION('ref_axis',(-0.999961255644268,6.16580428597027E-21,-0.00880268199686849));
#8581=DIRECTION('center_axis',(-0.0130784510052585,6.56000000263759E-7,
0.999914473402037));
#8582=DIRECTION('ref_axis',(-0.999914473402252,-2.81789398658127E-9,-0.0130784510052595));
#8583=DIRECTION('',(0.00880268199682795,-3.63147426859125E-7,-0.999961255644203));
#8584=DIRECTION('center_axis',(6.58999999999711E-7,-0.999999999999562,6.64999999999709E-7));
#8585=DIRECTION('ref_axis',(-0.00880300491655929,6.59173052872872E-7,0.99996125280133));
#8586=DIRECTION('',(-6.59171753886694E-7,0.999999999999562,-6.65000253276167E-7));
#8587=DIRECTION('center_axis',(0.00880268199686658,-6.58999999765421E-7,
-0.999961255644051));
#8588=DIRECTION('ref_axis',(4.27502004327659E-7,-0.999999999999689,6.62788843289199E-7));
#8589=DIRECTION('',(-0.00880268199672336,4.41023418496836E-7,0.999961255644173));
#8590=DIRECTION('',(0.00880268199686658,-6.58999999765421E-7,-0.999961255644051));
#8591=DIRECTION('center_axis',(-0.00880268199686658,6.58999999765421E-7,
0.999961255644051));
#8592=DIRECTION('ref_axis',(-0.999961255644268,6.16580428597027E-21,-0.00880268199686849));
#8593=DIRECTION('center_axis',(-0.999961255644047,-6.65000182653995E-7,
-0.00880268199688742));
#8594=DIRECTION('ref_axis',(-0.00880268199689157,0.,0.999961255644268));
#8595=DIRECTION('center_axis',(-0.00724962680752237,-0.567152104745647,
0.823581163573897));
#8596=DIRECTION('ref_axis',(0.00499300730340745,-0.823613070611522,-0.56713012598162));
#8597=DIRECTION('center_axis',(0.999961257138524,4.80947379623977E-7,0.00880251223862432));
#8598=DIRECTION('ref_axis',(0.00499275944268943,-0.823613070588052,-0.567130128197814));
#8599=DIRECTION('center_axis',(-0.00724962680718172,-0.56715210480184,0.823581163535204));
#8600=DIRECTION('ref_axis',(0.00499300730389759,-0.823613070572827,-0.56713012603781));
#8601=DIRECTION('center_axis',(-0.00724962700237062,-0.567152105185458,
0.82358116326931));
#8602=DIRECTION('ref_axis',(-7.50267903359969E-17,-0.823602806637797,-0.567167009705557));
#8603=DIRECTION('',(0.00724962700237062,0.567152105185458,-0.82358116326931));
#8604=DIRECTION('center_axis',(-0.00840535788514436,-0.296973530754843,
0.954848716807969));
#8605=DIRECTION('ref_axis',(0.00261479819380348,-0.954885711501937,-0.29696201912003));
#8606=DIRECTION('center_axis',(0.00880268199686658,-6.58999999765421E-7,
-0.999961255644051));
#8607=DIRECTION('ref_axis',(-0.999961255644268,6.16580428597027E-21,-0.00880268199686849));
#8608=DIRECTION('',(0.00880268199686658,-6.58999999765421E-7,-0.999961255644051));
#8609=DIRECTION('center_axis',(-6.58999999999711E-7,0.999999999999562,-6.64999999999709E-7));
#8610=DIRECTION('ref_axis',(-3.22025542311505E-22,6.64999999999853E-7,0.999999999999779));
#8611=DIRECTION('',(-6.58999999999711E-7,0.999999999999562,-6.64999999999709E-7));
#8612=DIRECTION('center_axis',(-0.00880268199686658,6.58999999765421E-7,
0.999961255644051));
#8613=DIRECTION('ref_axis',(0.999961255644268,-6.16580428597027E-21,0.00880268199686849));
#8614=DIRECTION('',(-0.00880268199686658,6.58999999765421E-7,0.999961255644051));
#8615=DIRECTION('center_axis',(0.00499192199787863,0.823612322649996,-0.567131221758991));
#8616=DIRECTION('ref_axis',(-0.00724999736499125,0.567153190927174,0.823580412321306));
#8617=DIRECTION('center_axis',(0.00840574955415242,-0.296974789449398,-0.954848321884643));
#8618=DIRECTION('ref_axis',(0.00261417463261007,0.954885320041879,-0.296963283352518));
#8619=DIRECTION('center_axis',(0.00725037499968196,-0.567153190975122,-0.823580408963874));
#8620=DIRECTION('ref_axis',(3.29597460435593E-17,0.823602056779151,-0.567168098599658));
#8621=DIRECTION('',(-0.00725037499968196,0.567153190975122,0.823580408963874));
#8622=DIRECTION('center_axis',(-0.00880268199686657,6.58999999765421E-7,
0.999961255644051));
#8623=DIRECTION('ref_axis',(0.999961255644269,-1.65436122510605E-24,0.00880268199686849));
#8624=DIRECTION('center_axis',(0.00880268141714875,-6.60460358059056E-7,
-0.999961255649154));
#8625=DIRECTION('ref_axis',(-0.46768646951299,-0.883884845951859,-0.00411647071331667));
#8626=DIRECTION('center_axis',(0.00880268234935793,-6.59263187191156E-7,
-0.999961255640948));
#8627=DIRECTION('ref_axis',(0.707078918597051,0.70710725149848,0.00622396609013397));
#8628=DIRECTION('center_axis',(-0.00880268199686658,6.58999999765421E-7,
0.999961255644051));
#8629=DIRECTION('ref_axis',(-0.707080204438343,0.707105957403153,-0.00622490934887947));
#8630=DIRECTION('',(-0.0088026820059418,6.59173269631154E-7,0.999961255643971));
#8631=DIRECTION('center_axis',(6.58999999999711E-7,-0.999999999999562,6.64999999999709E-7));
#8632=DIRECTION('ref_axis',(2.52435489670724E-28,-6.64999999999854E-7,-0.999999999999779));
#8633=DIRECTION('',(0.999961255644257,6.64828244656615E-7,0.00880268197302541));
#8634=DIRECTION('',(-0.705925508129497,0.,0.708286084129931));
#8635=DIRECTION('',(-0.693346956807599,-9.36117239001587E-7,-0.720603911649642));
#8636=DIRECTION('',(0.999961255644141,6.64828250629797E-7,0.00880268198623037));
#8637=DIRECTION('',(0.00880268189428347,-6.59173264568173E-7,-0.999961255644954));
#8638=DIRECTION('',(-0.936645522911525,-8.50184733016757E-7,-0.350278695339971));
#8639=DIRECTION('',(-0.00880268192502268,6.59173269448653E-7,0.999961255644684));
#8640=DIRECTION('center_axis',(-0.999961255644047,-6.64999999763282E-7,
-0.00880268199686654));
#8641=DIRECTION('ref_axis',(-0.00880268199686849,-3.30872245021211E-24,
0.999961255644269));
#8642=DIRECTION('center_axis',(0.999961255644047,6.64999999763282E-7,0.00880268199686654));
#8643=DIRECTION('ref_axis',(0.00880268199687039,-2.85637812512074E-9,-0.999961255644268));
#8644=DIRECTION('center_axis',(0.999961255644047,6.64999999763282E-7,0.00880268199686654));
#8645=DIRECTION('ref_axis',(-0.00880268199687039,2.85637812514392E-9,0.999961255644268));
#8646=DIRECTION('',(1.51299972438489E-6,0.999999969391047,-0.000247417898209017));
#8647=DIRECTION('',(6.59171525351074E-7,-0.999999999999562,6.65026135240626E-7));
#8648=DIRECTION('',(0.00880268199730665,-6.59178762731423E-7,-0.999961255644047));
#8649=DIRECTION('',(6.59171757975685E-7,-0.999999999999562,6.64999860733026E-7));
#8650=DIRECTION('',(-0.0088026819973064,6.59181928218701E-7,0.999961255644047));
#8651=DIRECTION('',(6.59195287134364E-7,-0.999999999999562,6.64997366392479E-7));
#8652=DIRECTION('',(-3.8833869580869E-7,0.999999999999706,-6.61135423419117E-7));
#8653=DIRECTION('center_axis',(-0.999961242562742,-4.24881381075394E-6,
-0.00880416687279897));
#8654=DIRECTION('ref_axis',(-4.20257931987508E-6,0.999999999977283,-5.2699332778442E-6));
#8655=DIRECTION('',(6.6497423476673E-7,-0.999999999999779,5.85378352583379E-9));
#8656=DIRECTION('',(-0.00613647897812661,-0.716906961688943,0.697141844897923));
#8657=DIRECTION('center_axis',(0.0130784510052585,-6.56000000263759E-7,
-0.999914473402037));
#8658=DIRECTION('ref_axis',(-0.999914473402252,-8.27180612553028E-24,-0.0130784510052613));
#8659=DIRECTION('',(8.57946386290096E-9,0.999999999999785,-6.55943894815614E-7));
#8660=DIRECTION('center_axis',(-0.999914473402029,-6.68000000268578E-7,
-0.0130784510052584));
#8661=DIRECTION('ref_axis',(0.0120479348028209,-0.389124548124325,-0.921106363735495));
#8662=DIRECTION('center_axis',(0.999914473402029,6.68000000268578E-7,0.0130784510052584));
#8663=DIRECTION('ref_axis',(-0.0120474216120907,-0.389123347230743,0.921106877768505));
#8664=DIRECTION('',(0.999914473405861,6.66955285069823E-7,0.0130784507123675));
#8665=DIRECTION('center_axis',(-0.00937653900328785,0.697165573244458,0.71684882925136));
#8666=DIRECTION('ref_axis',(2.60208521396521E-18,-0.716880343818906,0.697196222484092));
#8667=DIRECTION('',(-0.999914473411702,-6.67414579514027E-7,-0.0130784502657533));
#8668=DIRECTION('center_axis',(-0.0130784510052585,6.56000000263759E-7,
0.999914473402037));
#8669=DIRECTION('ref_axis',(0.999914473402252,8.27180612553028E-24,0.0130784510052613));
#8670=DIRECTION('center_axis',(-0.999914473402029,-6.68000000268578E-7,
-0.0130784510052584));
#8671=DIRECTION('ref_axis',(-0.0130784510052613,-1.92418754092085E-20,0.999914473402252));
#8672=DIRECTION('',(0.999914473402091,5.67138115525438E-7,0.0130784510052843));
#8673=DIRECTION('center_axis',(0.0130784510052585,-6.56000000263759E-7,
-0.999914473402037));
#8674=DIRECTION('ref_axis',(-0.999914473402252,-8.27180612553028E-24,-0.0130784510052613));
#8675=DIRECTION('center_axis',(-6.58999999999711E-7,0.999999999999562,-6.64999999999709E-7));
#8676=DIRECTION('ref_axis',(-2.52435489670724E-28,6.64999999999854E-7,0.999999999999779));
#8677=DIRECTION('',(-0.00880268198532738,6.59173266882774E-7,0.999961255644153));
#8678=DIRECTION('',(-0.9999612556438,-6.64828251304121E-7,-0.00880268202494531));
#8679=DIRECTION('',(-0.693346959119401,-9.361172373755E-7,-0.720603909425285));
#8680=DIRECTION('',(-0.705925508299273,5.80533146753523E-9,0.708286083960721));
#8681=DIRECTION('',(-0.999961255643789,-6.64828254534718E-7,-0.00880268202625389));
#8682=DIRECTION('center_axis',(0.999961255644047,6.64999999763282E-7,0.00880268199686654));
#8683=DIRECTION('ref_axis',(0.00880268199686849,6.76633741068376E-22,-0.999961255644269));
#8684=DIRECTION('center_axis',(0.258808381075228,0.965925998280767,0.00227765900066205));
#8685=DIRECTION('ref_axis',(-0.965888574100475,0.258818403219178,-0.00850273939537505));
#8686=DIRECTION('',(0.999961255644047,6.64999999763282E-7,0.00880268199686654));
#8687=DIRECTION('center_axis',(0.00725037372022487,-0.567153192151565,-0.823580408164987));
#8688=DIRECTION('ref_axis',(-0.472098036320764,-0.727979072058287,0.49716185970691));
#8689=DIRECTION('center_axis',(0.0072500368888357,-0.567153703282946,-0.823580059142735));
#8690=DIRECTION('ref_axis',(-0.481364260861734,-0.723877597300266,0.494256686845844));
#8691=DIRECTION('center_axis',(-0.999961255644047,-6.64999999763282E-7,
-0.00880268199686654));
#8692=DIRECTION('ref_axis',(0.00879910578164116,0.0284265795843031,-0.999557154599266));
#8693=DIRECTION('',(-0.999961255644047,-6.64999999763282E-7,-0.00880268199686654));
#8694=DIRECTION('center_axis',(0.25880965404598,-0.965925654171605,0.00227894400040487));
#8695=DIRECTION('ref_axis',(0.965888230004645,0.258819687452054,0.00850273636629153));
#8696=DIRECTION('center_axis',(-0.720603911722139,-1.40059486875153E-8,
0.693346956732884));
#8697=DIRECTION('ref_axis',(-0.0301682695313346,0.999052945472296,-0.0313542286879301));
#8698=DIRECTION('center_axis',(0.708286084129447,9.35990629216355E-7,0.705925508129362));
#8699=DIRECTION('ref_axis',(2.27227363932073E-6,0.999999999990918,-3.60577766061749E-6));
#8700=DIRECTION('center_axis',(-0.25880965404598,0.965925654171605,-0.00227894400040487));
#8701=DIRECTION('ref_axis',(-0.965928162490235,-0.258810326123664,7.58941520739853E-19));
#8702=DIRECTION('',(-0.901038199707919,-0.242272558478204,-0.359769606936908));
#8703=DIRECTION('',(-0.00880276411801285,6.37074403950141E-7,0.999961254921148));
#8704=DIRECTION('',(0.908295649044126,0.244169709692591,0.339676562035338));
#8705=DIRECTION('',(-0.693837665545431,-0.184264058181742,0.696158064474486));
#8706=DIRECTION('',(-0.681474499220615,-0.184264983815957,-0.708264726392129));
#8707=DIRECTION('center_axis',(0.25880965404598,-0.965925654171605,0.00227894400040487));
#8708=DIRECTION('ref_axis',(0.965888231509431,0.258819687451945,0.00850256542826385));
#8709=DIRECTION('center_axis',(0.350278706852791,-3.91999999835257E-7,-0.936645518606363));
#8710=DIRECTION('ref_axis',(-0.936645518606435,2.64697796016969E-23,-0.350278706852818));
#8711=DIRECTION('',(-6.59169247733531E-7,0.999999999999562,-6.65025279377718E-7));
#8712=DIRECTION('',(0.936645519390362,8.5018474504215E-7,0.350278704755565));
#8713=DIRECTION('',(6.59176964748198E-7,-0.999999999999562,6.65028167950707E-7));
#8714=DIRECTION('',(-0.936645518606213,-8.50184736818327E-7,-0.350278706852379));
#8715=DIRECTION('',(-1.37309253028599E-7,-0.999999999999923,3.67165043139417E-7));
#8716=DIRECTION('',(-0.936645518606214,-8.50339605108267E-7,-0.350278706852376));
#8717=DIRECTION('',(1.37309253028599E-7,0.999999999999923,-3.67165043139417E-7));
#8718=DIRECTION('',(-0.936645518606373,-5.64175880567815E-7,-0.350278706852529));
#8719=DIRECTION('',(0.875389307998174,8.98720628605569E-7,0.483418617185634));
#8720=DIRECTION('',(-6.5920000569235E-7,0.999999999999562,-6.65000010613134E-7));
#8721=DIRECTION('',(6.59199994590122E-7,-0.999999999999562,6.65000010613135E-7));
#8722=DIRECTION('',(-6.59199994590122E-7,0.999999999999562,-6.65000010613135E-7));
#8723=DIRECTION('center_axis',(6.58999999999711E-7,-0.999999999999562,6.64999999999709E-7));
#8724=DIRECTION('ref_axis',(2.52435489670724E-28,-6.64999999999854E-7,-0.999999999999779));
#8725=DIRECTION('',(0.99996125564394,6.64828250486513E-7,0.00880268200902213));
#8726=DIRECTION('',(0.00880268197780657,-6.59173267527425E-7,-0.999961255644219));
#8727=DIRECTION('',(-0.142579334477534,-7.52165722974129E-7,-0.989783376996895));
#8728=DIRECTION('center_axis',(-6.07550899801099E-7,0.999999999999508,-7.84438429090062E-7));
#8729=DIRECTION('ref_axis',(-0.720603913097509,1.06084440630073E-7,0.693346955303437));
#8730=DIRECTION('',(-0.705925508129497,0.,0.708286084129931));
#8731=DIRECTION('',(-0.693346956732762,0.,-0.720603911722256));
#8732=DIRECTION('center_axis',(0.00880268199686658,-6.58999999765421E-7,
-0.999961255644051));
#8733=DIRECTION('ref_axis',(-0.999961255644269,-6.61744490042422E-24,-0.0088026819968685));
#8734=DIRECTION('',(-0.999961255644051,-6.64828250997055E-7,-0.00880268199642844));
#8735=DIRECTION('',(-4.37453757117182E-7,0.999999999999684,-6.62876416717459E-7));
#8736=DIRECTION('',(-0.999961255644333,-6.64828251375666E-7,-0.0088026819644652));
#8737=DIRECTION('',(-5.80096743387141E-9,-0.999999999999783,6.58974467235003E-7));
#8738=DIRECTION('',(0.999961255644051,6.64991557545781E-7,0.00880268199643408));
#8739=DIRECTION('',(-6.59189012402738E-7,0.999999999999562,-6.64828390256319E-7));
#8740=DIRECTION('center_axis',(-6.58999999999711E-7,0.999999999999562,-6.64999999999709E-7));
#8741=DIRECTION('ref_axis',(-2.52435489670724E-28,6.64999999999854E-7,0.999999999999779));
#8742=DIRECTION('',(0.0783831826894658,7.14608533839969E-7,0.996923305310373));
#8743=DIRECTION('',(0.56634347863003,9.21292963203022E-7,0.824169317684411));
#8744=DIRECTION('',(-0.0088026759934199,6.59173272343792E-7,0.9999612556969));
#8745=DIRECTION('',(0.999961255643925,6.64828249813949E-7,0.00880268201079888));
#8746=DIRECTION('',(0.00880268194166184,-6.59173265705365E-7,-0.999961255644537));
#8747=DIRECTION('',(0.713303820915113,3.99869290515207E-9,-0.700854948664772));
#8748=DIRECTION('',(-0.713303821030192,-3.99868657364215E-9,0.700854948547649));
#8749=DIRECTION('',(-0.00880268177019545,6.59173267207722E-7,0.999961255646047));
#8750=DIRECTION('',(0.999632717687615,0.,0.0271003639915311));
#8751=DIRECTION('',(0.693346956732762,0.,0.720603911722256));
#8752=DIRECTION('',(0.705925508129497,0.,-0.708286084129931));
#8753=DIRECTION('',(0.693346956732762,0.,0.720603911722256));
#8754=DIRECTION('',(0.705925508129497,0.,-0.708286084129931));
#8755=DIRECTION('center_axis',(0.999914473402029,6.68000000268578E-7,0.0130784510052584));
#8756=DIRECTION('ref_axis',(0.0130784510052613,1.32348898008484E-23,-0.999914473402252));
#8757=DIRECTION('center_axis',(0.258808381075228,0.965925998280767,0.00227765900066205));
#8758=DIRECTION('ref_axis',(-0.965928503772408,0.258809052391909,5.42101086242752E-19));
#8759=DIRECTION('',(-0.901038519044011,0.242270892422296,-0.359769929098972));
#8760=DIRECTION('',(-0.00880268189767158,6.59571048580595E-7,0.999961255644924));
#8761=DIRECTION('',(-0.693837908306066,0.184264069888183,0.696157819424379));
#8762=DIRECTION('',(-0.681474742302701,0.184263143556012,-0.708264971271575));
#8763=DIRECTION('center_axis',(-0.720603911722256,-1.3999999994604E-8,0.693346956732762));
#8764=DIRECTION('ref_axis',(0.693346956732762,0.,0.720603911722256));
#8765=DIRECTION('',(-6.666683865551E-7,0.999999999999562,-6.57021238835844E-7));
#8766=DIRECTION('',(-0.693346956803476,-9.36117246289183E-7,-0.720603911653609));
#8767=DIRECTION('center_axis',(0.70828608412962,9.36000000171293E-7,0.705925508129188));
#8768=DIRECTION('ref_axis',(0.705925508129497,6.35274710440725E-22,-0.70828608412993));
#8769=DIRECTION('',(-0.705925508129497,0.,0.708286084129931));
#8770=DIRECTION('center_axis',(-0.00499300699835798,0.823613070729143,0.567130125813491));
#8771=DIRECTION('ref_axis',(-1.30104260698261E-18,-0.567137195256403,0.823623337306988));
#8772=DIRECTION('',(0.999961255644508,6.64828248872571E-7,0.00880268194456097));
#8773=DIRECTION('',(-0.499619423709613,-0.493332371889397,0.712041854316202));
#8774=DIRECTION('',(-0.999961255645377,-6.64735424336191E-7,-0.00880268184586224));
#8775=DIRECTION('',(-0.00724962682390975,-0.567152104574846,0.823581163691373));
#8776=DIRECTION('',(-0.999961255588976,-6.64996490586203E-7,-0.00880268825285054));
#8777=DIRECTION('',(0.999961255637619,6.68519317213113E-7,0.0088026827268271));
#8778=DIRECTION('center_axis',(6.58999999999711E-7,-0.999999999999562,6.64999999999709E-7));
#8779=DIRECTION('ref_axis',(2.52435489670724E-28,-6.64999999999854E-7,-0.999999999999779));
#8780=DIRECTION('',(0.00880268197818677,-6.59173268485018E-7,-0.999961255644216));
#8781=DIRECTION('',(-0.999961255644157,-6.6498123610319E-7,-0.00880268198435345));
#8782=DIRECTION('',(0.999961255644158,6.65021821002562E-7,0.00880268198434566));
#8783=DIRECTION('center_axis',(-0.00880268199686658,6.58999999765421E-7,
0.999961255644051));
#8784=DIRECTION('ref_axis',(0.999961255644269,6.61744490042422E-24,0.0088026819968685));
#8785=DIRECTION('',(6.5984683377381E-7,-0.999999999999561,6.64834180181606E-7));
#8786=DIRECTION('',(-0.999961255644051,-6.64828250997055E-7,-0.00880268199642844));
#8787=DIRECTION('',(0.999961255644051,6.64828250997055E-7,0.00880268199642844));
#8788=DIRECTION('',(6.5984683377381E-7,-0.999999999999561,6.64834180181606E-7));
#8789=DIRECTION('',(-0.999961255644051,-6.64828250997055E-7,-0.00880268199642844));
#8790=DIRECTION('',(6.59059204586606E-7,-0.999999999999562,6.64827244984871E-7));
#8791=DIRECTION('',(0.999961255644051,6.64828250997055E-7,0.00880268199642844));
#8792=DIRECTION('center_axis',(-6.58999999999711E-7,0.999999999999562,-6.64999999999709E-7));
#8793=DIRECTION('ref_axis',(-2.52435489670724E-28,6.64999999999854E-7,0.999999999999779));
#8794=DIRECTION('',(0.999961255643885,6.64828252075177E-7,0.00880268201532589));
#8795=DIRECTION('',(-0.00880268195145241,6.59173266605763E-7,0.999961255644451));
#8796=DIRECTION('center_axis',(-6.58999999999711E-7,0.999999999999562,-6.64999999999709E-7));
#8797=DIRECTION('ref_axis',(0.00880268302876912,-6.59173266881295E-7,-0.999961255634967));
#8798=DIRECTION('center_axis',(-6.57193498200447E-7,0.999999999999563,-6.65629443971903E-7));
#8799=DIRECTION('ref_axis',(0.00880268153247593,-6.59818589520933E-7,-0.999961255648139));
#8800=DIRECTION('',(6.58999999999711E-7,-0.999999999999562,6.64999999999709E-7));
#8801=DIRECTION('',(-3.34576425843721E-7,0.99999999999989,-3.27754842055807E-7));
#8802=DIRECTION('center_axis',(-0.00499192199787863,-0.823612322649996,
0.567131221758991));
#8803=DIRECTION('ref_axis',(-2.16840434497101E-18,-0.567138288143398,-0.823622584756984));
#8804=DIRECTION('',(0.999961255642307,6.64534359975912E-7,0.00880268219461214));
#8805=DIRECTION('',(0.00725037447159333,-0.567153190926964,-0.823580409001686));
#8806=DIRECTION('',(0.00725037499968196,-0.567153190975122,-0.823580408963874));
#8807=DIRECTION('',(0.499620074138685,-0.493332661018406,-0.712041197607381));
#8808=DIRECTION('center_axis',(0.999961255644047,6.64999999763282E-7,0.00880268199686654));
#8809=DIRECTION('ref_axis',(0.00880268199686849,3.30872245021211E-24,-0.999961255644269));
#8810=DIRECTION('',(-0.00880287128684003,6.59173141449098E-7,0.999961253977709));
#8811=DIRECTION('',(-0.00880268199730491,6.59173267567067E-7,0.999961255644047));
#8812=DIRECTION('',(0.00880268164306368,-6.59173267919777E-7,-0.999961255647166));
#8813=DIRECTION('',(-6.64540183208293E-7,0.999999999999778,-5.51606888115277E-8));
#8814=DIRECTION('',(-0.00880268199686849,0.,0.999961255644269));
#8815=DIRECTION('',(-6.5913725100497E-7,0.999999999999559,-6.6891955091677E-7));
#8816=DIRECTION('',(0.00880268199686849,0.,-0.999961255644269));
#8817=DIRECTION('',(-6.63772445749136E-7,0.99999999999977,-1.42373409365288E-7));
#8818=DIRECTION('center_axis',(-0.720603911722256,-1.3999999994604E-8,0.693346956732762));
#8819=DIRECTION('ref_axis',(0.693346956732762,0.,0.720603911722256));
#8820=DIRECTION('',(-6.59000238375989E-7,0.999999999999562,-6.64715039317143E-7));
#8821=DIRECTION('',(0.693346956732762,0.,0.720603911722256));
#8822=DIRECTION('',(1.00884547602232E-8,-1.,-9.70685739051735E-9));
#8823=DIRECTION('center_axis',(0.70828608412962,9.36000000171293E-7,0.705925508129188));
#8824=DIRECTION('ref_axis',(0.705925508129497,6.35274710440725E-22,-0.70828608412993));
#8825=DIRECTION('',(-6.62955774866939E-7,0.999999999999562,-6.6074627573013E-7));
#8826=DIRECTION('',(0.705925508129497,0.,-0.708286084129931));
#8827=DIRECTION('center_axis',(-6.58999999999711E-7,0.999999999999562,-6.64999999999709E-7));
#8828=DIRECTION('ref_axis',(0.00880268997875354,-6.5917326226057E-7,-0.999961255573786));
#8829=DIRECTION('center_axis',(-6.56880425699012E-7,0.999999999999561,-6.67552151912194E-7));
#8830=DIRECTION('ref_axis',(0.00880288816491133,-6.61743841897591E-7,-0.999961253829126));
#8831=DIRECTION('center_axis',(-0.700854948792593,-9.35999999723005E-7,
-0.713303820788909));
#8832=DIRECTION('ref_axis',(-0.713303820789221,-2.64697796016969E-22,0.7008549487929));
#8833=DIRECTION('',(-0.713303820789221,0.,0.7008549487929));
#8834=DIRECTION('',(6.58244898361739E-7,-0.999999999999561,6.66636719771924E-7));
#8835=DIRECTION('center_axis',(0.700854948792593,9.35999999723005E-7,0.713303820788909));
#8836=DIRECTION('ref_axis',(0.713303820789221,2.64697796016969E-22,-0.7008549487929));
#8837=DIRECTION('',(-6.56000231876021E-7,0.999999999999562,-6.6765237606113E-7));
#8838=DIRECTION('',(-0.713303820789221,0.,0.7008549487929));
#8839=DIRECTION('center_axis',(6.58999999999711E-7,-0.999999999999562,6.64999999999709E-7));
#8840=DIRECTION('ref_axis',(2.52435489670724E-28,-6.64999999999854E-7,-0.999999999999779));
#8841=DIRECTION('',(0.008802681941651,-6.59173271031615E-7,-0.999961255644537));
#8842=DIRECTION('',(0.999961255643925,6.64828251322404E-7,0.00880268201079283));
#8843=DIRECTION('',(-0.00880268193897688,6.59173267385368E-7,0.999961255644561));
#8844=DIRECTION('',(0.566343478472668,9.21292938993141E-7,0.824169317792546));
#8845=DIRECTION('center_axis',(-0.824169318080048,-1.6700000001622E-7,0.566343478055006));
#8846=DIRECTION('ref_axis',(0.566343478055014,-5.29395592033938E-23,0.82416931808006));
#8847=DIRECTION('',(6.626744072361E-7,-0.999999999999745,2.67109031018663E-7));
#8848=DIRECTION('center_axis',(-0.999961255644047,-6.64999999763282E-7,
-0.00880268199686654));
#8849=DIRECTION('ref_axis',(-0.00880268199686849,-3.30872245021211E-24,
0.999961255644269));
#8850=DIRECTION('',(-0.00628881459537127,-0.699662869655534,0.714445463024554));
#8851=DIRECTION('center_axis',(0.999961255644427,6.64856213635704E-7,0.00880268195378022));
#8852=DIRECTION('ref_axis',(0.00880268195421844,-6.59095977795213E-7,-0.999961255644427));
#8853=DIRECTION('center_axis',(0.999961255644138,6.64948824073269E-7,0.00880268198657995));
#8854=DIRECTION('ref_axis',(0.00880268198701823,-6.59095942268107E-7,-0.999961255644138));
#8855=DIRECTION('center_axis',(0.999961255644548,6.64816193555568E-7,0.0088026819400333));
#8856=DIRECTION('ref_axis',(0.00880268194047149,-6.59095971874015E-7,-0.999961255644548));
#8857=DIRECTION('center_axis',(0.999961255644017,6.64988906219154E-7,0.00880268200035534));
#8858=DIRECTION('ref_axis',(0.00880268200079365,-6.59095983716382E-7,-0.999961255644017));
#8859=DIRECTION('center_axis',(0.989783376923352,5.57999999956789E-7,-0.142579334988959));
#8860=DIRECTION('ref_axis',(-0.142579334988981,-7.94093388050907E-23,-0.989783376923506));
#8861=DIRECTION('',(-5.52299124280547E-7,0.999999999999844,7.95592689176904E-8));
#8862=DIRECTION('',(-0.142579334988981,0.,-0.989783376923506));
#8863=DIRECTION('center_axis',(-6.58999999999711E-7,0.999999999999562,-6.64999999999709E-7));
#8864=DIRECTION('ref_axis',(-2.52435489670724E-28,6.64999999999854E-7,0.999999999999779));
#8865=DIRECTION('',(0.00880268197847742,-6.59173268108362E-7,-0.999961255644213));
#8866=DIRECTION('',(-0.00880268199697996,6.59173267755371E-7,0.99996125564405));
#8867=DIRECTION('',(-0.713303820816698,-3.99866613303351E-9,0.700854948764936));
#8868=DIRECTION('',(-0.999961255642951,-6.64828254573707E-7,-0.00880268212139703));
#8869=DIRECTION('',(-0.49235728142658,-9.03274919642123E-7,-0.870393191279327));
#8870=DIRECTION('',(0.507603973904995,-2.38446669237324E-7,-0.861590509276768));
#8871=DIRECTION('',(0.999961255645673,6.6482825028319E-7,0.00880268181216739));
#8872=DIRECTION('',(0.492357281660907,9.03274919504599E-7,0.870393191146775));
#8873=DIRECTION('',(-0.507603973999326,2.38446673428675E-7,0.861590509221193));
#8874=DIRECTION('',(-0.507603973999326,2.38446669136348E-7,0.861590509221193));
#8875=DIRECTION('',(-0.999961255642951,-6.64828250281391E-7,-0.00880268212139718));
#8876=DIRECTION('',(-0.492357281426553,-9.03274919642103E-7,-0.870393191279343));
#8877=DIRECTION('',(0.507603973769747,-2.38446673466127E-7,-0.861590509356449));
#8878=DIRECTION('',(0.999961255642951,6.64828254573707E-7,0.00880268212139703));
#8879=DIRECTION('',(0.492357281660894,9.03274919504606E-7,0.870393191146782));
#8880=DIRECTION('center_axis',(0.700854948792593,9.35999999723005E-7,0.713303820788909));
#8881=DIRECTION('ref_axis',(0.713303820789221,2.64697796016969E-22,-0.7008549487929));
#8882=DIRECTION('',(-6.56000231876021E-7,0.999999999999562,-6.6765237606113E-7));
#8883=DIRECTION('',(-0.713303820789221,0.,0.7008549487929));
#8884=DIRECTION('center_axis',(6.58999999999711E-7,-0.999999999999562,6.64999999999709E-7));
#8885=DIRECTION('ref_axis',(2.52435489670724E-28,-6.64999999999854E-7,-0.999999999999779));
#8886=DIRECTION('',(0.00880268545072833,-6.59173265170352E-7,-0.999961255613647));
#8887=DIRECTION('',(-0.00880268199697986,6.59173267755363E-7,0.99996125564405));
#8888=DIRECTION('',(-0.0783831826894038,-7.14608518245184E-7,-0.996923305310378));
#8889=DIRECTION('',(-0.999632717687615,0.,-0.0271003639915311));
#8890=DIRECTION('center_axis',(-6.07723229731567E-7,0.999999999999508,-7.84038367327487E-7));
#8891=DIRECTION('ref_axis',(-0.72060391309737,1.05682877403017E-7,0.693346955303582));
#8892=DIRECTION('',(-0.705925508129497,0.,0.708286084129931));
#8893=DIRECTION('',(-0.693346956732762,0.,-0.720603911722256));
#8894=DIRECTION('center_axis',(-6.58999999999711E-7,0.999999999999562,-6.64999999999709E-7));
#8895=DIRECTION('ref_axis',(0.00880268593148332,-6.59173264951414E-7,-0.999961255609415));
#8896=DIRECTION('',(-6.58999999999711E-7,0.999999999999562,-6.64999999999709E-7));
#8897=DIRECTION('center_axis',(-6.62241632356822E-7,0.999999999999559,-6.66104648071019E-7));
#8898=DIRECTION('ref_axis',(-0.720603913049535,-1.53722819739185E-8,0.693346955353305));
#8899=DIRECTION('',(6.58999999999711E-7,-0.999999999999562,6.64999999999709E-7));
#8900=DIRECTION('center_axis',(-0.999961255644047,-6.64999999763282E-7,
-0.00880268199686654));
#8901=DIRECTION('ref_axis',(-0.00880268199686849,-3.30872245021211E-24,
0.999961255644269));
#8902=DIRECTION('center_axis',(-0.996923305440557,-6.05000000267359E-7,
0.0783831810346388));
#8903=DIRECTION('ref_axis',(0.0783831810346531,-5.9557004103818E-23,0.996923305440739));
#8904=DIRECTION('',(-6.59153042911464E-7,0.999999999999562,-6.65002709148973E-7));
#8905=DIRECTION('center_axis',(-0.999961255644047,-6.64999999763282E-7,
-0.00880268199686654));
#8906=DIRECTION('ref_axis',(-0.00880268199686849,-3.30872245021211E-24,
0.999961255644269));
#8907=DIRECTION('',(5.26118123221656E-7,-0.999999999999641,6.63656930064134E-7));
#8908=DIRECTION('center_axis',(0.00880268199686658,-6.58999999765421E-7,
-0.999961255644051));
#8909=DIRECTION('ref_axis',(-0.999961255644269,-6.61744490042422E-24,-0.0088026819968685));
#8910=DIRECTION('',(5.80096743387141E-9,0.999999999999783,-6.58974467235003E-7));
#8911=DIRECTION('center_axis',(0.999961255644047,6.64999999763282E-7,0.00880268199686654));
#8912=DIRECTION('ref_axis',(0.00880268199686849,3.30872245021211E-24,-0.999961255644269));
#8913=DIRECTION('center_axis',(-0.999961255644047,-6.64999999763282E-7,
-0.00880268199686654));
#8914=DIRECTION('ref_axis',(-0.00880268199686849,-3.30872245021211E-24,
0.999961255644269));
#8915=DIRECTION('',(6.59162491587137E-7,-0.999999999999562,6.65107823123961E-7));
#8916=DIRECTION('center_axis',(6.58999999999711E-7,-0.999999999999562,6.64999999999709E-7));
#8917=DIRECTION('ref_axis',(2.52435489670724E-28,-6.64999999999854E-7,-0.999999999999779));
#8918=DIRECTION('',(0.507603973999326,-2.38446673428675E-7,-0.861590509221193));
#8919=DIRECTION('',(-0.49235728142658,-9.03274919642123E-7,-0.870393191279327));
#8920=DIRECTION('',(-0.999961255645698,-6.64828250077586E-7,-0.00880268180941073));
#8921=DIRECTION('',(-0.507603973905023,2.38446669237329E-7,0.861590509276751));
#8922=DIRECTION('',(0.492357281426567,9.03274919642131E-7,0.870393191279335));
#8923=DIRECTION('',(0.999961255642951,6.64828254573696E-7,0.00880268212143121));
#8924=DIRECTION('center_axis',(6.58999999999711E-7,-0.999999999999562,6.64999999999709E-7));
#8925=DIRECTION('ref_axis',(2.52435489670724E-28,-6.64999999999854E-7,-0.999999999999779));
#8926=DIRECTION('',(-0.492357281426567,-9.03274923934457E-7,-0.870393191279334));
#8927=DIRECTION('',(-0.999961255642975,-6.64828245783426E-7,-0.00880268211870875));
#8928=DIRECTION('',(-0.507603973904983,2.38446664944999E-7,0.861590509276775));
#8929=DIRECTION('',(0.492357281528335,9.03274923553743E-7,0.870393191221767));
#8930=DIRECTION('',(0.999961255645674,6.6482825028319E-7,0.00880268181213305));
#8931=DIRECTION('',(0.50760397390501,-2.38446669237331E-7,-0.861590509276759));
#8932=DIRECTION('center_axis',(-0.720603911722256,-1.3999999994604E-8,0.693346956732762));
#8933=DIRECTION('ref_axis',(0.693346956732762,0.,0.720603911722256));
#8934=DIRECTION('',(-0.693346956732762,0.,-0.720603911722256));
#8935=DIRECTION('',(-6.59000238375989E-7,0.999999999999562,-6.64715039317143E-7));
#8936=DIRECTION('center_axis',(0.70828608412962,9.36000000171293E-7,0.705925508129188));
#8937=DIRECTION('ref_axis',(0.705925508129497,6.35274710440725E-22,-0.70828608412993));
#8938=DIRECTION('',(-0.705925508129497,0.,0.708286084129931));
#8939=DIRECTION('center_axis',(6.58999999999711E-7,-0.999999999999562,6.64999999999709E-7));
#8940=DIRECTION('ref_axis',(2.52435489670724E-28,-6.64999999999854E-7,-0.999999999999779));
#8941=DIRECTION('',(0.693346957232175,9.36117247496443E-7,0.720603911241126));
#8942=DIRECTION('',(0.705925508544152,-5.80533826461577E-9,-0.708286083716657));
#8943=DIRECTION('center_axis',(-0.707079850928967,0.707106310928964,-0.00622490599937464));
#8944=DIRECTION('ref_axis',(-0.707120011319109,-0.707093550806442,3.03576608295941E-18));
#8945=DIRECTION('',(-0.00880266558440091,6.75076850418178E-7,0.99996125578852));
#8946=DIRECTION('center_axis',(-0.707078919048506,-0.707107251048194,-0.0062239659593097));
#8947=DIRECTION('ref_axis',(0.00861703122397025,0.000184998315722836,-0.9999628555844));
#8948=DIRECTION('center_axis',(6.58999999999711E-7,-0.999999999999562,6.64999999999709E-7));
#8949=DIRECTION('ref_axis',(3.02922587604869E-28,-6.64999999999854E-7,-0.999999999999779));
#8950=DIRECTION('',(-0.996923305425405,-6.04847644672171E-7,0.0783831812273448));
#8951=DIRECTION('center_axis',(6.5892968406906E-7,-0.999999999999562,6.65082283365405E-7));
#8952=DIRECTION('ref_axis',(-0.996923305277398,-6.04771092187679E-7,0.0783831831097858));
#8953=DIRECTION('',(-0.0783831810342012,-7.15545265784024E-7,-0.996923305440518));
#8954=DIRECTION('',(0.68205405036445,-3.68420550525493E-8,-0.731301765608047));
#8955=DIRECTION('',(0.0783831810342021,7.14608514419484E-7,0.996923305440518));
#8956=DIRECTION('',(-0.731301764569752,-9.35493810080133E-7,-0.682054051477075));
#8957=DIRECTION('center_axis',(-0.731301765971846,-9.35999999963965E-7,
-0.682054049973742));
#8958=DIRECTION('ref_axis',(-0.682054049974041,3.70576914423756E-22,0.731301765972166));
#8959=DIRECTION('',(-6.90967277273169E-7,0.999999999999648,-4.76568155245613E-7));
#8960=DIRECTION('',(0.682054049974041,0.,-0.731301765972166));
#8961=DIRECTION('center_axis',(-6.58999999999711E-7,0.999999999999562,-6.64999999999709E-7));
#8962=DIRECTION('ref_axis',(-2.52435489670724E-28,6.64999999999854E-7,0.999999999999779));
#8963=DIRECTION('',(0.00880264814956818,-6.59173290717747E-7,-0.999961255942009));
#8964=DIRECTION('',(0.0783831810342017,7.146390343259E-7,0.996923305440518));
#8965=DIRECTION('center_axis',(-6.58929483860282E-7,0.999999999999562,-6.65120653659824E-7));
#8966=DIRECTION('ref_axis',(0.0783832075928787,7.14723285697221E-7,0.996923303352339));
#8967=DIRECTION('',(0.996923305452227,6.0484763516126E-7,-0.0783831808862082));
#8968=DIRECTION('',(0.731301765972051,5.71433724347929E-7,0.682054049973925));
#8969=DIRECTION('',(0.82912273063427,1.74612575046789E-7,-0.559066630685057));
#8970=DIRECTION('',(0.898727269919053,8.83869109415615E-7,0.438508032199028));
#8971=DIRECTION('',(0.0696045392567329,7.09256543577055E-7,0.997574662927219));
#8972=DIRECTION('',(-0.829122730444229,-1.74612574941627E-7,0.559066630966897));
#8973=DIRECTION('',(-0.898727269859604,-8.83869109661341E-7,-0.438508032320869));
#8974=DIRECTION('',(-0.0696045392137792,-7.09256543139366E-7,-0.997574662930216));
#8975=DIRECTION('',(0.829122730587589,1.74612566387167E-7,-0.559066630754286));
#8976=DIRECTION('',(0.898727269800121,8.83869109906999E-7,0.438508032442781));
#8977=DIRECTION('',(0.0696045392352402,7.09256543358223E-7,0.997574662928719));
#8978=DIRECTION('',(-0.82912273039425,-1.74612566476722E-7,0.559066631041018));
#8979=DIRECTION('',(-0.898727269919063,-8.83869109415643E-7,-0.438508032199007));
#8980=DIRECTION('',(-0.0696045392352573,-7.09256543358222E-7,-0.997574662928718));
#8981=DIRECTION('center_axis',(-6.58999999999711E-7,0.999999999999562,-6.64999999999709E-7));
#8982=DIRECTION('ref_axis',(-2.52435489670724E-28,6.64999999999854E-7,0.999999999999779));
#8983=DIRECTION('',(-0.682054050364463,3.68420584761708E-8,0.731301765608035));
#8984=DIRECTION('',(0.731301770576735,9.35493805674479E-7,0.682054045036357));
#8985=DIRECTION('',(0.996923305602661,6.04847647749519E-7,-0.0783831789728966));
#8986=DIRECTION('center_axis',(-6.59302472331152E-7,0.999999999999562,-6.64703388371478E-7));
#8987=DIRECTION('ref_axis',(0.0783828593131019,7.14336328820502E-7,0.996923330735816));
#8988=DIRECTION('',(0.0783831810657717,7.14608514084409E-7,0.996923305438036));
#8989=DIRECTION('center_axis',(0.731301765971846,9.35999999963965E-7,0.682054049973742));
#8990=DIRECTION('ref_axis',(0.682054049974041,-3.70576914423756E-22,-0.731301765972166));
#8991=DIRECTION('',(6.84498452923595E-7,-0.999999999999562,6.38402590751124E-7));
#8992=DIRECTION('',(-0.682054049974041,0.,0.731301765972166));
#8993=DIRECTION('center_axis',(6.58999999999711E-7,-0.999999999999562,6.64999999999709E-7));
#8994=DIRECTION('ref_axis',(3.02922587604869E-28,-6.64999999999854E-7,-0.999999999999779));
#8995=DIRECTION('',(-0.078383181128014,-7.1460851494995E-7,-0.996923305433142));
#8996=DIRECTION('center_axis',(7.37077621137339E-7,-0.999999999999461,7.31694864038566E-7));
#8997=DIRECTION('ref_axis',(-0.996923305476098,-6.77457287798202E-7,0.0783831805820024));
#8998=DIRECTION('',(-0.996923305573386,-6.04847643122633E-7,0.0783831793452402));
#8999=DIRECTION('',(-0.731301471094677,-9.3549382523714E-7,-0.682054366142382));
#9000=DIRECTION('',(0.0783831810342021,7.14608514419484E-7,0.996923305440518));
#9001=DIRECTION('center_axis',(0.996923305440557,6.05000000267359E-7,-0.0783831810346388));
#9002=DIRECTION('ref_axis',(-0.0783831810346531,5.9557004103818E-23,-0.996923305440739));
#9003=DIRECTION('',(6.55482739203289E-7,-0.999999999999594,6.18321674496451E-7));
#9004=DIRECTION('center_axis',(-0.707078919048168,-0.70710725104817,-0.00622396600042399));
#9005=DIRECTION('ref_axis',(0.707120947319031,-0.707092614770255,0.));
#9006=DIRECTION('center_axis',(0.00615938500090251,-0.714473141104689,-0.699635757102515));
#9007=DIRECTION('ref_axis',(2.60208521396521E-18,0.699649028879074,-0.714486694339768));
#9008=DIRECTION('center_axis',(-0.999961255644047,-6.64999999763282E-7,
-0.00880268199686654));
#9009=DIRECTION('ref_axis',(0.00880268199730493,-6.59191791251867E-7,-0.999961255644047));
#9010=DIRECTION('center_axis',(-0.999961255644047,-6.64999999763282E-7,
-0.00880268199686654));
#9011=DIRECTION('ref_axis',(0.00880268199730493,-6.59191818785398E-7,-0.999961255644047));
#9012=DIRECTION('center_axis',(-0.999961255644047,-6.64999999763282E-7,
-0.00880268199686654));
#9013=DIRECTION('ref_axis',(0.008802681997305,-6.59309859917822E-7,-0.999961255644047));
#9014=DIRECTION('center_axis',(-0.999961255644047,-6.64999999763282E-7,
-0.00880268199686654));
#9015=DIRECTION('ref_axis',(0.00880268199730495,-6.59230464316617E-7,-0.999961255644047));
#9016=DIRECTION('center_axis',(-6.58999999999711E-7,0.999999999999562,-6.64999999999709E-7));
#9017=DIRECTION('ref_axis',(-2.52435489670724E-28,6.64999999999854E-7,0.999999999999779));
#9018=DIRECTION('',(0.693346959081481,9.36117248598647E-7,0.720603909461769));
#9019=DIRECTION('',(0.705925508298482,-5.80533826662221E-9,-0.708286083961509));
#9020=DIRECTION('',(-0.70592550805277,5.80532467849419E-9,0.708286084206402));
#9021=DIRECTION('',(-0.693346956742913,-9.36117233245736E-7,-0.720603911711881));
#9022=DIRECTION('center_axis',(0.70828608412962,9.36000000171293E-7,0.705925508129188));
#9023=DIRECTION('ref_axis',(0.705925508129497,6.35274710440725E-22,-0.70828608412993));
#9024=DIRECTION('',(6.66733627312871E-7,-0.999999999999562,6.56955770381971E-7));
#9025=DIRECTION('center_axis',(-0.720603911722256,-1.3999999994604E-8,0.693346956732762));
#9026=DIRECTION('ref_axis',(0.693346956732762,0.,0.720603911722256));
#9027=DIRECTION('center_axis',(0.68205404997404,-3.69999999985918E-8,-0.731301765972166));
#9028=DIRECTION('ref_axis',(-0.731301765972167,3.30872245021211E-23,-0.68205404997404));
#9029=DIRECTION('',(-2.95390449559809E-7,0.999999999999716,-6.93981536613835E-7));
#9030=DIRECTION('center_axis',(0.68205404997404,-3.69999999985918E-8,-0.731301765972166));
#9031=DIRECTION('ref_axis',(-0.731301765972167,3.30872245021211E-23,-0.68205404997404));
#9032=DIRECTION('',(-6.59174745252258E-7,0.999999999999561,-6.65378954735089E-7));
#9033=DIRECTION('center_axis',(0.0271003639915255,-6.46999999797677E-7,
-0.999632717687406));
#9034=DIRECTION('ref_axis',(-0.999632717687615,-4.30133918527574E-23,-0.0271003639915312));
#9035=DIRECTION('center_axis',(-6.58999999999711E-7,0.999999999999562,-6.64999999999709E-7));
#9036=DIRECTION('ref_axis',(-2.52435489670724E-28,6.64999999999854E-7,0.999999999999779));
#9037=DIRECTION('',(-0.705925508544139,5.80535185474977E-9,0.708286083716671));
#9038=DIRECTION('',(-0.693346956742927,-9.36117233245719E-7,-0.720603911711868));
#9039=DIRECTION('center_axis',(-0.870393191394751,-2.46000000111569E-7,
0.4923572812233));
#9040=DIRECTION('ref_axis',(0.492357281223315,-6.61744490042422E-23,0.870393191394777));
#9041=DIRECTION('',(-6.58703445162743E-7,0.999999999999562,-6.64824114905291E-7));
#9042=DIRECTION('',(6.58703445540712E-7,-0.999999999999562,6.64824115573469E-7));
#9043=DIRECTION('center_axis',(-0.00880268199686658,6.58999999765421E-7,
0.999961255644051));
#9044=DIRECTION('ref_axis',(0.999961255644269,6.61744490042422E-24,0.0088026819968685));
#9045=DIRECTION('',(5.80096743387141E-9,0.999999999999783,-6.58974467235003E-7));
#9046=DIRECTION('center_axis',(0.861590509163577,9.05000000171818E-7,0.507603974096371));
#9047=DIRECTION('ref_axis',(0.507603974096579,-5.29395592033938E-23,-0.86159050916393));
#9048=DIRECTION('',(-7.79739410941393E-7,0.999999999999591,-4.59381596644619E-7));
#9049=DIRECTION('center_axis',(0.870393191394751,2.46000000111569E-7,-0.4923572812233));
#9050=DIRECTION('ref_axis',(-0.492357281223315,6.61744490042422E-23,-0.870393191394777));
#9051=DIRECTION('',(-6.58703445162743E-7,0.999999999999562,-6.64824114905291E-7));
#9052=DIRECTION('center_axis',(0.00880268199686658,-6.58999999765421E-7,
-0.999961255644051));
#9053=DIRECTION('ref_axis',(-0.999961255644269,-6.61744490042422E-24,-0.0088026819968685));
#9054=DIRECTION('',(5.80096743387141E-9,0.999999999999783,-6.58974467235003E-7));
#9055=DIRECTION('center_axis',(-0.861590509163577,-9.05000000171818E-7,
-0.507603974096371));
#9056=DIRECTION('ref_axis',(-0.507603974096579,5.29395592033938E-23,0.86159050916393));
#9057=DIRECTION('center_axis',(-0.00880268199686658,6.58999999765421E-7,
0.999961255644051));
#9058=DIRECTION('ref_axis',(0.999961255644269,6.61744490042422E-24,0.0088026819968685));
#9059=DIRECTION('',(5.80096743387141E-9,0.999999999999783,-6.58974467235003E-7));
#9060=DIRECTION('',(-5.80096743387141E-9,-0.999999999999783,6.58974467235003E-7));
#9061=DIRECTION('center_axis',(0.861590509163577,9.05000000171818E-7,0.507603974096371));
#9062=DIRECTION('ref_axis',(0.507603974096579,-5.29395592033938E-23,-0.86159050916393));
#9063=DIRECTION('',(-7.79739410941393E-7,0.999999999999591,-4.59381596644619E-7));
#9064=DIRECTION('center_axis',(0.870393191394751,2.46000000111569E-7,-0.4923572812233));
#9065=DIRECTION('ref_axis',(-0.492357281223315,6.61744490042422E-23,-0.870393191394777));
#9066=DIRECTION('',(-6.58703445162743E-7,0.999999999999562,-6.64824114905291E-7));
#9067=DIRECTION('center_axis',(0.00880268199686658,-6.58999999765421E-7,
-0.999961255644051));
#9068=DIRECTION('ref_axis',(-0.999961255644269,-6.61744490042422E-24,-0.0088026819968685));
#9069=DIRECTION('',(5.80096743387141E-9,0.999999999999783,-6.58974467235003E-7));
#9070=DIRECTION('center_axis',(-0.861590509163577,-9.05000000171818E-7,
-0.507603974096371));
#9071=DIRECTION('ref_axis',(-0.507603974096579,5.29395592033938E-23,0.86159050916393));
#9072=DIRECTION('',(-7.79739410941393E-7,0.999999999999591,-4.59381596644619E-7));
#9073=DIRECTION('center_axis',(-0.870393191394751,-2.46000000111569E-7,
0.4923572812233));
#9074=DIRECTION('ref_axis',(0.492357281223315,-6.61744490042422E-23,0.870393191394777));
#9075=DIRECTION('center_axis',(0.999961255644047,6.64999999763282E-7,0.00880268199686654));
#9076=DIRECTION('ref_axis',(0.00880268199686849,3.30872245021211E-24,-0.999961255644269));
#9077=DIRECTION('center_axis',(-6.58999999999711E-7,0.999999999999562,-6.64999999999709E-7));
#9078=DIRECTION('ref_axis',(0.00880268563727585,-6.59173265147019E-7,-0.999961255612005));
#9079=DIRECTION('',(-6.58999999999711E-7,0.999999999999562,-6.64999999999709E-7));
#9080=DIRECTION('center_axis',(-6.5949262363527E-7,0.999999999999561,-6.65217002330966E-7));
#9081=DIRECTION('ref_axis',(-0.720603913049311,-1.40067820031556E-8,0.693346955353538));
#9082=DIRECTION('',(6.58999999999711E-7,-0.999999999999562,6.64999999999709E-7));
#9083=DIRECTION('center_axis',(-0.720603911722256,-1.3999999994604E-8,0.693346956732762));
#9084=DIRECTION('ref_axis',(0.693346956732762,0.,0.720603911722256));
#9085=DIRECTION('',(-1.00884547602232E-8,1.,9.70685739051735E-9));
#9086=DIRECTION('center_axis',(0.70828608412962,9.36000000171293E-7,0.705925508129188));
#9087=DIRECTION('ref_axis',(0.705925508129497,6.35274710440725E-22,-0.70828608412993));
#9088=DIRECTION('center_axis',(0.0271003639915255,-6.46999999797677E-7,
-0.999632717687406));
#9089=DIRECTION('ref_axis',(-0.999632717687615,-4.30133918527574E-23,-0.0271003639915312));
#9090=DIRECTION('center_axis',(0.70828608412962,9.36000000171293E-7,0.705925508129188));
#9091=DIRECTION('ref_axis',(0.705925508129497,6.35274710440725E-22,-0.70828608412993));
#9092=DIRECTION('',(6.62955774866939E-7,-0.999999999999562,6.6074627573013E-7));
#9093=DIRECTION('center_axis',(-0.720603911722256,-1.3999999994604E-8,0.693346956732762));
#9094=DIRECTION('ref_axis',(0.693346956732762,0.,0.720603911722256));
#9095=DIRECTION('center_axis',(0.70828608412962,9.36000000171293E-7,0.705925508129188));
#9096=DIRECTION('ref_axis',(0.705925508129497,6.35274710440725E-22,-0.70828608412993));
#9097=DIRECTION('',(6.62955774866939E-7,-0.999999999999562,6.6074627573013E-7));
#9098=DIRECTION('center_axis',(-0.720603911722256,-1.3999999994604E-8,0.693346956732762));
#9099=DIRECTION('ref_axis',(0.693346956732762,0.,0.720603911722256));
#9100=DIRECTION('center_axis',(6.58999999999711E-7,-0.999999999999562,6.64999999999709E-7));
#9101=DIRECTION('ref_axis',(2.52435489670724E-28,-6.64999999999854E-7,-0.999999999999779));
#9102=DIRECTION('',(0.693346957232243,9.36117247496499E-7,0.72060391124106));
#9103=DIRECTION('',(0.705925508544084,-5.80532467448154E-9,-0.708286083716725));
#9104=DIRECTION('center_axis',(6.58999999999711E-7,-0.999999999999562,6.64999999999709E-7));
#9105=DIRECTION('ref_axis',(-0.649505939810966,7.76126699969062E-8,0.760356517792981));
#9106=DIRECTION('',(-6.58999999999711E-7,0.999999999999562,-6.64999999999709E-7));
#9107=DIRECTION('',(6.49827403695303E-7,-0.99999999999964,5.4629864125045E-7));
#9108=DIRECTION('center_axis',(0.0783831810346331,7.15000000315918E-7,0.996923305440484));
#9109=DIRECTION('ref_axis',(0.996923305440739,-4.63221143029695E-23,-0.0783831810346532));
#9110=DIRECTION('center_axis',(-0.996923305440557,-6.05000000267359E-7,
0.0783831810346388));
#9111=DIRECTION('ref_axis',(0.0783831810346531,-5.9557004103818E-23,0.996923305440739));
#9112=DIRECTION('center_axis',(0.43850803200652,-3.09000000004595E-7,-0.898727270013363));
#9113=DIRECTION('ref_axis',(-0.898727270013406,0.,-0.438508032006541));
#9114=DIRECTION('',(-6.5890695795963E-7,0.999999999999562,-6.65314176352798E-7));
#9115=DIRECTION('',(-0.898727270013175,-8.83869112222755E-7,-0.438508032006124));
#9116=DIRECTION('',(6.5890695795963E-7,-0.999999999999562,6.65314176352798E-7));
#9117=DIRECTION('center_axis',(-0.559066630731806,-9.1999999955866E-7,-0.829122730602255));
#9118=DIRECTION('ref_axis',(-0.829122730602606,-2.64697796016969E-22,0.559066630732043));
#9119=DIRECTION('',(-5.14341300026741E-7,0.999999999999577,-7.62792911788473E-7));
#9120=DIRECTION('',(-0.829122730602606,0.,0.559066630732042));
#9121=DIRECTION('center_axis',(-0.997574662945463,-6.10999999966597E-7,
0.0696045389961948));
#9122=DIRECTION('ref_axis',(0.0696045389962078,-6.61744490042422E-24,0.997574662945649));
#9123=DIRECTION('',(-6.27317259296375E-7,0.999999999999781,-2.125695737694E-7));
#9124=DIRECTION('',(0.0696045389962077,0.,0.997574662945649));
#9125=DIRECTION('center_axis',(-0.43850803200652,3.09000000004595E-7,0.898727270013363));
#9126=DIRECTION('ref_axis',(0.898727270013406,0.,0.438508032006541));
#9127=DIRECTION('',(-6.5890695795963E-7,0.999999999999562,-6.65314176352798E-7));
#9128=DIRECTION('',(0.898727270013175,8.83869112222755E-7,0.438508032006124));
#9129=DIRECTION('center_axis',(0.559066630731806,9.1999999955866E-7,0.829122730602255));
#9130=DIRECTION('ref_axis',(0.829122730602606,2.64697796016969E-22,-0.559066630732043));
#9131=DIRECTION('',(-5.14341300026741E-7,0.999999999999577,-7.62792911788473E-7));
#9132=DIRECTION('',(0.829122730602606,0.,-0.559066630732042));
#9133=DIRECTION('center_axis',(0.997574662945463,6.10999999966597E-7,-0.0696045389961948));
#9134=DIRECTION('ref_axis',(-0.0696045389962078,6.61744490042422E-24,-0.997574662945649));
#9135=DIRECTION('',(-0.0696045389962077,0.,-0.997574662945649));
#9136=DIRECTION('center_axis',(0.43850803200652,-3.09000000004595E-7,-0.898727270013363));
#9137=DIRECTION('ref_axis',(-0.898727270013406,0.,-0.438508032006541));
#9138=DIRECTION('',(-6.5890695795963E-7,0.999999999999562,-6.65314176352798E-7));
#9139=DIRECTION('',(-0.898727270013175,-8.83869112222755E-7,-0.438508032006124));
#9140=DIRECTION('',(6.5890695795963E-7,-0.999999999999562,6.65314176352798E-7));
#9141=DIRECTION('center_axis',(-0.559066630731806,-9.1999999955866E-7,-0.829122730602255));
#9142=DIRECTION('ref_axis',(-0.829122730602606,-2.64697796016969E-22,0.559066630732043));
#9143=DIRECTION('',(-5.14341300026741E-7,0.999999999999577,-7.62792911788473E-7));
#9144=DIRECTION('',(-0.829122730602606,0.,0.559066630732042));
#9145=DIRECTION('center_axis',(-0.997574662945463,-6.10999999966597E-7,
0.0696045389961948));
#9146=DIRECTION('ref_axis',(0.0696045389962078,-6.61744490042422E-24,0.997574662945649));
#9147=DIRECTION('',(-6.27318255316659E-7,0.999999999999781,-2.12583835369702E-7));
#9148=DIRECTION('',(0.0696045389962077,0.,0.997574662945649));
#9149=DIRECTION('center_axis',(-0.43850803200652,3.09000000004595E-7,0.898727270013363));
#9150=DIRECTION('ref_axis',(0.898727270013406,0.,0.438508032006541));
#9151=DIRECTION('',(-6.5890695795963E-7,0.999999999999562,-6.65314176352798E-7));
#9152=DIRECTION('',(0.898727270013175,8.83869112222755E-7,0.438508032006124));
#9153=DIRECTION('center_axis',(0.559066630731806,9.1999999955866E-7,0.829122730602255));
#9154=DIRECTION('ref_axis',(0.829122730602606,2.64697796016969E-22,-0.559066630732043));
#9155=DIRECTION('',(-5.14341300026741E-7,0.999999999999577,-7.62792911788473E-7));
#9156=DIRECTION('',(0.829122730602606,0.,-0.559066630732042));
#9157=DIRECTION('center_axis',(0.997574662945463,6.10999999966597E-7,-0.0696045389961948));
#9158=DIRECTION('ref_axis',(-0.0696045389962078,6.61744490042422E-24,-0.997574662945649));
#9159=DIRECTION('',(-0.0696045389962077,0.,-0.997574662945649));
#9160=DIRECTION('center_axis',(0.996923305440557,6.05000000267359E-7,-0.0783831810346388));
#9161=DIRECTION('ref_axis',(-0.0783831810346531,5.9557004103818E-23,-0.996923305440739));
#9162=DIRECTION('',(6.03138600058184E-7,-0.999999999999817,-4.74218245469216E-8));
#9163=DIRECTION('center_axis',(0.0783831810346331,7.15000000315918E-7,0.996923305440484));
#9164=DIRECTION('ref_axis',(0.996923305440739,-4.63221143029695E-23,-0.0783831810346532));
#9165=DIRECTION('',(5.60439744645397E-8,-0.999999999999744,7.12800163705075E-7));
#9166=DIRECTION('center_axis',(6.58999999999711E-7,-0.999999999999562,6.64999999999709E-7));
#9167=DIRECTION('ref_axis',(-0.649506530597459,7.76119450713533E-8,0.760356013135456));
#9168=DIRECTION('center_axis',(-0.720603911722256,-1.3999999994604E-8,0.693346956732762));
#9169=DIRECTION('ref_axis',(0.693346956732762,0.,0.720603911722256));
#9170=DIRECTION('',(-1.00884547602232E-8,1.,9.70685739051735E-9));
#9171=DIRECTION('center_axis',(0.70828608412962,9.36000000171293E-7,0.705925508129188));
#9172=DIRECTION('ref_axis',(0.705925508129497,6.35274710440725E-22,-0.70828608412993));
#9173=DIRECTION('center_axis',(6.58999999999711E-7,-0.999999999999562,6.64999999999709E-7));
#9174=DIRECTION('ref_axis',(3.02922587604869E-28,-6.64999999999854E-7,-0.999999999999779));
#9175=DIRECTION('center_axis',(6.58999999999711E-7,-0.999999999999562,6.64999999999709E-7));
#9176=DIRECTION('ref_axis',(3.02922587604869E-28,-6.64999999999854E-7,-0.999999999999779));
#9177=DIRECTION('center_axis',(6.58999999999711E-7,-0.999999999999562,6.64999999999709E-7));
#9178=DIRECTION('ref_axis',(2.52435489670724E-28,-6.64999999999854E-7,-0.999999999999779));
#9179=DIRECTION('center_axis',(6.58999999999711E-7,-0.999999999999562,6.64999999999709E-7));
#9180=DIRECTION('ref_axis',(2.52435489670724E-28,-6.64999999999854E-7,-0.999999999999779));
#9181=DIRECTION('',(0.777301467494901,1.03881216474658E-6,0.629128308558115));
#9182=DIRECTION('center_axis',(0.00725037499968196,-0.567153190975122,-0.823580408963874));
#9183=DIRECTION('ref_axis',(5.20417042793042E-18,0.823602056779151,-0.567168098599658));
#9184=DIRECTION('',(0.,0.,1.));
#9185=DIRECTION('',(1.,0.,0.));
#9186=CARTESIAN_POINT('',(0.,0.,0.));
#9187=CARTESIAN_POINT('',(0.,0.,0.));
#9188=CARTESIAN_POINT('',(0.,0.,0.));
#9189=CARTESIAN_POINT('Origin',(-282.332495258,150.529702261,921.363721502));
#9190=CARTESIAN_POINT('',(-282.332700863,147.84376645743,922.987220445254));
#9191=CARTESIAN_POINT('Origin',(-282.332700863,147.82980506059,921.387281359102));
#9192=CARTESIAN_POINT('',(-282.332845548,145.943838798611,923.003799603949));
#9193=CARTESIAN_POINT('',(-282.332495258,150.54366365784,922.963660588152));
#9194=CARTESIAN_POINT('Origin',(-282.332845548,145.929877401771,921.403860517797));
#9195=CARTESIAN_POINT('Origin',(-281.546399181,150.442653696,911.39504679));
#9196=CARTESIAN_POINT('',(-281.546604786,147.75671789243,913.018545733254));
#9197=CARTESIAN_POINT('Origin',(-281.546604786,147.74275649559,911.418606647102));
#9198=CARTESIAN_POINT('',(-281.546749471,145.856790233611,913.035124891949));
#9199=CARTESIAN_POINT('',(-281.546399181,150.45661509284,912.994985876152));
#9200=CARTESIAN_POINT('Origin',(-281.546749471,145.842828836771,911.435185805797));
#9201=CARTESIAN_POINT('Origin',(-282.330327838,178.991118578,921.115361342));
#9202=CARTESIAN_POINT('',(-282.334683618,121.807694104379,923.264418460168));
#9203=CARTESIAN_POINT('Origin',(-282.334683618,121.793296413888,921.614481277573));
#9204=CARTESIAN_POINT('',(-282.334820688,120.007762637914,923.280125031565));
#9205=CARTESIAN_POINT('',(-282.330327838,179.005516268491,922.765298524595));
#9206=CARTESIAN_POINT('Origin',(-282.334820688,119.993364947424,921.63018784897));
#9207=CARTESIAN_POINT('Origin',(-281.544231762,178.904070013,911.14668663));
#9208=CARTESIAN_POINT('',(-281.548587542,121.720645539379,913.295743748168));
#9209=CARTESIAN_POINT('Origin',(-281.548587542,121.706247848889,911.645806565573));
#9210=CARTESIAN_POINT('',(-281.548724612,119.920714072914,913.311450319565));
#9211=CARTESIAN_POINT('',(-281.544231762,178.918467703491,912.796623812595));
#9212=CARTESIAN_POINT('Origin',(-281.548724612,119.906316382424,911.66151313697));
#9213=CARTESIAN_POINT('Origin',(-270.601136122,146.408805873,917.89386414));
#9214=CARTESIAN_POINT('',(-274.934791837419,146.453200909189,922.91319672826));
#9215=CARTESIAN_POINT('',(-270.756014001661,150.660077275509,923.749753531058));
#9216=CARTESIAN_POINT('Ctrl Pts',(-274.934791802657,146.453225944905,922.913196385513));
#9217=CARTESIAN_POINT('Ctrl Pts',(-274.934770913,146.727814531,922.910800264));
#9218=CARTESIAN_POINT('Ctrl Pts',(-274.907815273,147.002733691,922.914030419));
#9219=CARTESIAN_POINT('Ctrl Pts',(-274.801067828,147.542114493,922.931624521));
#9220=CARTESIAN_POINT('Ctrl Pts',(-274.721278664,147.806562798,922.945988032));
#9221=CARTESIAN_POINT('Ctrl Pts',(-274.511927886,148.314838517,922.985297404));
#9222=CARTESIAN_POINT('Ctrl Pts',(-274.382371449,148.558653366,923.010242292));
#9223=CARTESIAN_POINT('Ctrl Pts',(-274.078462568,149.016291253,923.069756295));
#9224=CARTESIAN_POINT('Ctrl Pts',(-273.904117641,149.230102977,923.10432394));
#9225=CARTESIAN_POINT('Ctrl Pts',(-273.517329707,149.619516264,923.181755487));
#9226=CARTESIAN_POINT('Ctrl Pts',(-273.304896267,149.795108199,923.224617473));
#9227=CARTESIAN_POINT('Ctrl Pts',(-272.850093323,150.101331952,923.316990912));
#9228=CARTESIAN_POINT('Ctrl Pts',(-272.607735068,150.231956199,923.36650008));
#9229=CARTESIAN_POINT('Ctrl Pts',(-272.102394937,150.443222411,923.47026555));
#9230=CARTESIAN_POINT('Ctrl Pts',(-271.839425558,150.523859152,923.524519288));
#9231=CARTESIAN_POINT('Ctrl Pts',(-271.302968176,150.63204898,923.635689142));
#9232=CARTESIAN_POINT('Ctrl Pts',(-271.029493439,150.659599392,923.692602509));
#9233=CARTESIAN_POINT('Ctrl Pts',(-270.756014001661,150.660077275509,923.749753531058));
#9234=CARTESIAN_POINT('',(-274.561415884701,146.32920174724,908.736881176757));
#9235=CARTESIAN_POINT('',(-274.799680227782,146.408160697568,917.783288484659));
#9236=CARTESIAN_POINT('',(-273.948633883198,148.532344970681,909.093208266182));
#9237=CARTESIAN_POINT('Origin',(-270.426713481526,146.351003566585,911.271395078518));
#9238=CARTESIAN_POINT('',(-270.365592031367,150.530694472345,908.926233798674));
#9239=CARTESIAN_POINT('Ctrl Pts',(-273.948631906315,148.532348246374,909.0932094525));
#9240=CARTESIAN_POINT('Ctrl Pts',(-273.787787897294,148.798853698576,909.189474474026));
#9241=CARTESIAN_POINT('Ctrl Pts',(-273.575452942457,149.075925787535,909.251049914596));
#9242=CARTESIAN_POINT('Ctrl Pts',(-273.07895252627,149.568073982004,909.303836526056));
#9243=CARTESIAN_POINT('Ctrl Pts',(-272.794782488994,149.783005293561,909.296348415657));
#9244=CARTESIAN_POINT('Ctrl Pts',(-272.205202476293,150.130681776745,909.246362956211));
#9245=CARTESIAN_POINT('Ctrl Pts',(-271.846810038345,150.284735797178,909.195220759598));
#9246=CARTESIAN_POINT('Ctrl Pts',(-271.104051674862,150.4849808152,909.068716573906));
#9247=CARTESIAN_POINT('Ctrl Pts',(-270.719579756841,150.531314555852,908.994204369077));
#9248=CARTESIAN_POINT('Ctrl Pts',(-270.365592030762,150.530694473723,908.926233801809));
#9249=CARTESIAN_POINT('',(-270.756014002,150.660077276995,923.749753531));
#9250=CARTESIAN_POINT('Origin',(-258.585344488,119.194018518,916.422816507));
#9251=CARTESIAN_POINT('',(-273.950872508848,119.133470567026,909.349748992009));
#9252=CARTESIAN_POINT('',(-270.368135441513,117.131966145839,909.217677954973));
#9253=CARTESIAN_POINT('Ctrl Pts',(-273.950870721273,119.133467623348,909.349750115461));
#9254=CARTESIAN_POINT('Ctrl Pts',(-273.796133081921,118.878647509886,909.446845202094));
#9255=CARTESIAN_POINT('Ctrl Pts',(-273.592981711503,118.612238443204,909.512411376994));
#9256=CARTESIAN_POINT('Ctrl Pts',(-273.119203413159,118.13485856421,909.576212107445));
#9257=CARTESIAN_POINT('Ctrl Pts',(-272.84856583156,117.924059583104,909.575648753604));
#9258=CARTESIAN_POINT('Ctrl Pts',(-272.265104242572,117.564756175171,909.537783062156));
#9259=CARTESIAN_POINT('Ctrl Pts',(-271.896787272578,117.399567389529,909.489470662357));
#9260=CARTESIAN_POINT('Ctrl Pts',(-271.131380167363,117.183560728681,909.364101191431));
#9261=CARTESIAN_POINT('Ctrl Pts',(-270.73417801666,117.132607345965,909.287963224537));
#9262=CARTESIAN_POINT('Ctrl Pts',(-270.368135440884,117.131966146925,909.21767795824));
#9263=CARTESIAN_POINT('',(-272.185081781116,117.122385592703,908.103915629668));
#9264=CARTESIAN_POINT('',(-258.585496785977,117.194094666069,916.440268248589));
#9265=CARTESIAN_POINT('',(-276.134199852406,118.808412404741,907.985187817681));
#9266=CARTESIAN_POINT('Origin',(-272.184929483843,119.122309445918,908.086463884113));
#9267=CARTESIAN_POINT('',(-276.188396445746,119.121672924058,907.978178617256));
#9268=CARTESIAN_POINT('Origin',(-271.796650337662,119.124356798482,908.324473492897));
#9269=CARTESIAN_POINT('',(-276.188396599627,119.121672943238,907.978178468122));
#9270=CARTESIAN_POINT('Origin',(-281.549029212,115.906468679,911.696416629));
#9271=CARTESIAN_POINT('',(-281.548724612,119.930748826827,914.461406537773));
#9272=CARTESIAN_POINT('Origin',(-281.548724612,119.906316382357,911.661513137006));
#9273=CARTESIAN_POINT('',(-281.549074902,115.330923967618,914.501545553569));
#9274=CARTESIAN_POINT('',(-281.549029212,115.93090112347,914.496310029767));
#9275=CARTESIAN_POINT('',(-279.930163719089,115.28643363499,909.417199425568));
#9276=CARTESIAN_POINT('Origin',(-281.549074902,115.306491523148,911.701652152802));
#9277=CARTESIAN_POINT('',(-278.772886302301,113.99835935253,911.349425618955));
#9278=CARTESIAN_POINT('Origin',(-281.548965678829,116.740751488189,911.689136505909));
#9279=CARTESIAN_POINT('',(-278.864190633268,114.008469962151,912.507277959489));
#9280=CARTESIAN_POINT('Origin',(-281.549113916736,114.794150333504,911.706122947532));
#9281=CARTESIAN_POINT('',(-280.308233984387,115.328299349613,914.211600007843));
#9282=CARTESIAN_POINT('Origin',(-281.548965678766,116.740751488111,911.689136506117));
#9283=CARTESIAN_POINT('Origin',(-281.549074902,115.306491523148,911.701652152802));
#9284=CARTESIAN_POINT('Origin',(-282.335125288,115.993517244,921.665091341));
#9285=CARTESIAN_POINT('',(-282.334820688,120.017797391827,924.430081249773));
#9286=CARTESIAN_POINT('Origin',(-282.334820688,119.993364947357,921.630187849006));
#9287=CARTESIAN_POINT('',(-282.335170978,115.417972532626,924.470220265569));
#9288=CARTESIAN_POINT('',(-282.335125288,116.01794968847,924.464984741767));
#9289=CARTESIAN_POINT('',(-280.7162597964,115.373482200138,919.385874136846));
#9290=CARTESIAN_POINT('Origin',(-282.335170978,115.393540088156,921.670326864802));
#9291=CARTESIAN_POINT('',(-279.558982378476,114.085407914548,921.318100339583));
#9292=CARTESIAN_POINT('Origin',(-282.335061754952,116.827800053294,921.65781121799));
#9293=CARTESIAN_POINT('',(-279.535331888838,114.073746317753,921.663459570658));
#9294=CARTESIAN_POINT('Origin',(-282.126786988795,114.820832690279,921.69246487603));
#9295=CARTESIAN_POINT('',(-279.676048682208,114.115445057126,922.558181817093));
#9296=CARTESIAN_POINT('Origin',(-282.335209780488,114.883702743017,921.674780955347));
#9297=CARTESIAN_POINT('',(-281.094330060923,115.415347915522,924.18027472049));
#9298=CARTESIAN_POINT('Origin',(-282.335061761788,116.827800060031,921.657811219068));
#9299=CARTESIAN_POINT('Origin',(-282.335170978,115.393540088156,921.670326864802));
#9300=CARTESIAN_POINT('Origin',(-264.885325596,118.906536487,923.236105246));
#9301=CARTESIAN_POINT('',(-266.761199065203,155.635761713221,920.976299993853));
#9302=CARTESIAN_POINT('',(-262.904383986897,155.636354375604,921.077875637263));
#9303=CARTESIAN_POINT('Origin',(-264.882527281283,155.652540085783,922.915452076791));
#9304=CARTESIAN_POINT('',(-266.76097061688,158.635647491089,920.950122372915));
#9305=CARTESIAN_POINT('',(-266.763997381693,118.889758114217,921.296953161235));
#9306=CARTESIAN_POINT('',(-262.904155542472,158.636240153416,921.051698023189));
#9307=CARTESIAN_POINT('Origin',(-264.882298831283,158.652425863651,922.889274457792));
#9308=CARTESIAN_POINT('',(-262.907182307237,118.89035077654,921.398528811699));
#9309=CARTESIAN_POINT('Origin',(-264.624692935,118.820164848,913.340418784));
#9310=CARTESIAN_POINT('',(-266.500566404037,155.549390074218,911.080613532024));
#9311=CARTESIAN_POINT('',(-262.643751325035,155.549982736593,911.182189174462));
#9312=CARTESIAN_POINT('Origin',(-264.621894620283,155.566168446783,913.019765614791));
#9313=CARTESIAN_POINT('',(-266.500337955992,158.549275852087,911.054435911024));
#9314=CARTESIAN_POINT('',(-266.503364720693,118.803386475217,911.401266699235));
#9315=CARTESIAN_POINT('',(-262.643522881372,158.549868514413,911.156011561298));
#9316=CARTESIAN_POINT('Origin',(-264.621666170283,158.566054224651,912.993587995792));
#9317=CARTESIAN_POINT('',(-262.646549646237,118.80397913754,911.502842349699));
#9318=CARTESIAN_POINT('Origin',(-264.62532137,110.567881779,913.4124299));
#9319=CARTESIAN_POINT('',(-263.449928078822,152.056710173931,911.961371981261));
#9320=CARTESIAN_POINT('',(-265.735448127041,152.056358966925,911.901179011273));
#9321=CARTESIAN_POINT('Origin',(-264.622161145,152.066301706428,913.050306170514));
#9322=CARTESIAN_POINT('',(-265.735181604138,155.556225707682,911.870638453844));
#9323=CARTESIAN_POINT('',(-265.738608354219,110.557939039574,912.26330273876));
#9324=CARTESIAN_POINT('',(-263.44966156018,155.556576914985,911.930831431619));
#9325=CARTESIAN_POINT('Origin',(-264.62189462,155.566168447049,913.019765615017));
#9326=CARTESIAN_POINT('',(-263.453088310109,110.558290246875,912.323495716585));
#9327=CARTESIAN_POINT('Origin',(-254.729258009,110.56940247,913.673059215));
#9328=CARTESIAN_POINT('',(-253.553864717822,152.058230864929,912.222001296261));
#9329=CARTESIAN_POINT('',(-255.839384766041,152.057879657917,912.161808326273));
#9330=CARTESIAN_POINT('Origin',(-254.726097784,152.067822397428,913.310935485514));
#9331=CARTESIAN_POINT('',(-255.839118240992,155.557746398768,912.131267771075));
#9332=CARTESIAN_POINT('',(-255.842544993219,110.559459730574,912.52393205376));
#9333=CARTESIAN_POINT('',(-253.55359819241,155.558097605944,912.191460740128));
#9334=CARTESIAN_POINT('Origin',(-254.725831259,155.567689138049,913.280394930017));
#9335=CARTESIAN_POINT('',(-253.557024949109,110.559810937875,912.584125031585));
#9336=CARTESIAN_POINT('Origin',(-254.98989067,110.655774109,923.568745677));
#9337=CARTESIAN_POINT('',(-253.814497379071,152.144602503921,922.117687757493));
#9338=CARTESIAN_POINT('',(-256.100017427041,152.144251296847,922.057494787774));
#9339=CARTESIAN_POINT('Origin',(-254.986730445,152.154194036428,923.206621947514));
#9340=CARTESIAN_POINT('',(-256.099750901742,155.644118037794,922.026954232333));
#9341=CARTESIAN_POINT('',(-256.10317765372,110.64583136957,922.419618515275));
#9342=CARTESIAN_POINT('',(-253.81423085341,155.644469244944,922.087147201628));
#9343=CARTESIAN_POINT('Origin',(-254.98646392,155.654060777058,923.176081392017));
#9344=CARTESIAN_POINT('',(-253.817657610608,110.64618257687,922.479811493048));
#9345=CARTESIAN_POINT('Origin',(-264.885954031,110.654253418,923.308116362));
#9346=CARTESIAN_POINT('',(-263.710560739572,152.143081812931,921.857058443029));
#9347=CARTESIAN_POINT('',(-265.996080788041,152.142730605922,921.796865472773));
#9348=CARTESIAN_POINT('Origin',(-264.882793806,152.152673345428,922.945992632514));
#9349=CARTESIAN_POINT('',(-265.995814264917,155.642597346684,921.766324915296));
#9350=CARTESIAN_POINT('',(-265.99924101472,110.64431067857,922.158989200276));
#9351=CARTESIAN_POINT('',(-263.710294221014,155.642948553991,921.826517893464));
#9352=CARTESIAN_POINT('Origin',(-264.882527281,155.652540086058,922.915452077017));
#9353=CARTESIAN_POINT('',(-263.713720971109,110.644661885875,922.219182178585));
#9354=CARTESIAN_POINT('Origin',(-254.729258009,110.56940247,913.673059215));
#9355=CARTESIAN_POINT('',(-255.842423152932,112.159398812844,912.509970656871));
#9356=CARTESIAN_POINT('',(-253.556903109121,112.159750019959,912.570163634844));
#9357=CARTESIAN_POINT('Origin',(-254.729136169,112.169341552051,913.659097818196));
#9358=CARTESIAN_POINT('',(-255.842156627635,115.659265553316,912.479430101375));
#9359=CARTESIAN_POINT('',(-255.842544992876,110.559459730571,912.523932053427));
#9360=CARTESIAN_POINT('',(-253.556636583366,115.659616760997,912.539623078661));
#9361=CARTESIAN_POINT('Origin',(-254.728869644,115.669208293128,913.628557262695));
#9362=CARTESIAN_POINT('',(-253.557024948949,110.559810937876,912.584125031757));
#9363=CARTESIAN_POINT('Origin',(-264.885954031,110.654253418,923.308116362));
#9364=CARTESIAN_POINT('',(-265.999119175215,112.244249761005,922.145027803578));
#9365=CARTESIAN_POINT('',(-263.713599131028,112.244600967964,922.205220781026));
#9366=CARTESIAN_POINT('Origin',(-264.885832191,112.254192500059,923.294154965196));
#9367=CARTESIAN_POINT('',(-265.998852649884,115.744116501314,922.114487248116));
#9368=CARTESIAN_POINT('',(-265.999241014876,110.644310678571,922.158989200427));
#9369=CARTESIAN_POINT('',(-263.713332605366,115.744467709005,922.174680225161));
#9370=CARTESIAN_POINT('Origin',(-264.885565666,115.754059241128,923.263614409695));
#9371=CARTESIAN_POINT('',(-263.713720971448,110.644661885871,922.21918217822));
#9372=CARTESIAN_POINT('Origin',(-254.98989067,110.655774109,923.568745677));
#9373=CARTESIAN_POINT('',(-256.103055814215,112.245770452005,922.405657118578));
#9374=CARTESIAN_POINT('',(-253.817535770108,112.24612165893,922.465850096333));
#9375=CARTESIAN_POINT('Origin',(-254.98976883,112.255713191059,923.554784280196));
#9376=CARTESIAN_POINT('',(-256.102789288884,115.745637192314,922.375116563117));
#9377=CARTESIAN_POINT('',(-256.103177653876,110.645831369571,922.419618515427));
#9378=CARTESIAN_POINT('',(-253.817269244366,115.745988399992,922.435309540161));
#9379=CARTESIAN_POINT('Origin',(-254.989502305,115.755579932128,923.524243724696));
#9380=CARTESIAN_POINT('',(-253.817657610448,110.646182576872,922.479811493221));
#9381=CARTESIAN_POINT('Origin',(-264.62532137,110.567881779,913.4124299));
#9382=CARTESIAN_POINT('',(-265.738486514182,112.157878121858,912.249341342113));
#9383=CARTESIAN_POINT('',(-263.452966470121,112.15822932897,912.309534319844));
#9384=CARTESIAN_POINT('Origin',(-264.62519953,112.167820861051,913.398468503196));
#9385=CARTESIAN_POINT('',(-265.738219989134,115.657744862316,912.218800786859));
#9386=CARTESIAN_POINT('',(-265.738608354376,110.557939039576,912.263302738911));
#9387=CARTESIAN_POINT('',(-263.452699944366,115.658096069997,912.278993763661));
#9388=CARTESIAN_POINT('Origin',(-264.624933005,115.667687602128,913.367927947696));
#9389=CARTESIAN_POINT('',(-263.453088309949,110.558290246876,912.323495716757));
#9390=CARTESIAN_POINT('Origin',(-259.807989406,105.577407043,918.534519178));
#9391=CARTESIAN_POINT('',(-258.635372958981,110.602236411908,917.401653604054));
#9392=CARTESIAN_POINT('',(-260.920893003963,110.601885204999,917.341460626935));
#9393=CARTESIAN_POINT('Origin',(-259.807606020251,110.611827944423,918.490587787942));
#9394=CARTESIAN_POINT('',(-260.920618863946,114.201748138608,917.310047484207));
#9395=CARTESIAN_POINT('',(-260.921276390023,105.567464303572,917.38539201657));
#9396=CARTESIAN_POINT('',(-258.635098820053,114.202099345893,917.37024046202));
#9397=CARTESIAN_POINT('Origin',(-259.807331880251,114.21169087805,918.459174645142));
#9398=CARTESIAN_POINT('',(-258.635756345707,105.567815510878,917.445584995017));
#9399=CARTESIAN_POINT('Origin',(-278.666428402,157.734436911,909.251250734));
#9400=CARTESIAN_POINT('',(-278.525838086722,145.808790258203,907.56081817561));
#9401=CARTESIAN_POINT('',(-279.951454297727,145.966656262035,925.639402707656));
#9402=CARTESIAN_POINT('',(-278.52583808667,145.808790258,907.560818174947));
#9403=CARTESIAN_POINT('',(-278.52767616316,121.672209271863,907.771439011838));
#9404=CARTESIAN_POINT('',(-278.527676155376,121.672209271001,907.771438913128));
#9405=CARTESIAN_POINT('',(-279.953292368542,121.830075275048,925.85002347409));
#9406=CARTESIAN_POINT('',(-279.953292368258,121.830075275005,925.85002347061));
#9407=CARTESIAN_POINT('',(-279.951454297815,145.966656262003,925.639402710409));
#9408=CARTESIAN_POINT('Origin',(-278.756088356,133.878296784,925.839223337));
#9409=CARTESIAN_POINT('',(-276.172018789545,121.832389110436,926.148181754568));
#9410=CARTESIAN_POINT('',(-276.172018789475,121.832389110053,926.148181755026));
#9411=CARTESIAN_POINT('',(-276.170180718549,145.968970097787,925.937560983908));
#9412=CARTESIAN_POINT('',(-276.170180718481,145.968970097943,925.937560983421));
#9413=CARTESIAN_POINT('',(-279.951454302619,145.966656261958,925.639402705171));
#9414=CARTESIAN_POINT('Origin',(-283.612806271,145.806552739,907.260010814));
#9415=CARTESIAN_POINT('',(-276.182764554166,145.970363572183,926.097139652393));
#9416=CARTESIAN_POINT('',(-276.170180719,145.96897009773,925.937560990002));
#9417=CARTESIAN_POINT('',(-277.962395862793,145.968438899007,925.86104650475));
#9418=CARTESIAN_POINT('',(-276.182764554,145.970363572182,926.097139651998));
#9419=CARTESIAN_POINT('',(-283.827275689193,145.96485006341,925.398593119455));
#9420=CARTESIAN_POINT('',(-277.962395862,145.968438898093,925.861046399999));
#9421=CARTESIAN_POINT('',(-286.582163286791,145.936905416077,922.172168888687));
#9422=CARTESIAN_POINT('Origin',(-283.591446868495,145.938735493968,922.40799071961));
#9423=CARTESIAN_POINT('',(-285.623126077313,145.830706166714,910.010385740179));
#9424=CARTESIAN_POINT('',(-286.582163286,145.936905416103,922.172168888999));
#9425=CARTESIAN_POINT('',(-282.39658083941,145.806421675863,907.255605229871));
#9426=CARTESIAN_POINT('Origin',(-282.632409656,145.832536244691,910.246207571896));
#9427=CARTESIAN_POINT('',(-282.396580832,145.806421675065,907.255605137));
#9428=CARTESIAN_POINT('Origin',(-446.674903536,616.537645384,890.19064645));
#9429=CARTESIAN_POINT('',(-276.131369761989,155.96659245787,907.660937902063));
#9430=CARTESIAN_POINT('',(-278.351585325423,155.320961012965,907.491497043064));
#9431=CARTESIAN_POINT('',(-276.131369761059,155.966592460557,907.660937965287));
#9432=CARTESIAN_POINT('',(-276.131913359125,148.833873424311,907.723179451951));
#9433=CARTESIAN_POINT('',(-276.131913356383,148.833873738593,907.723179503392));
#9434=CARTESIAN_POINT('',(-276.186157724756,148.520550022115,907.721637941224));
#9435=CARTESIAN_POINT('Origin',(-271.794282102397,148.523228385051,908.067932474087));
#9436=CARTESIAN_POINT('',(-276.188396597841,119.121672944643,907.978178629202));
#9437=CARTESIAN_POINT('',(-276.134620605671,113.283833745864,908.033396401039));
#9438=CARTESIAN_POINT('',(-276.134620603163,113.283833743458,908.03339646592));
#9439=CARTESIAN_POINT('',(-278.496239088848,113.967724747909,907.841195315455));
#9440=CARTESIAN_POINT('',(-278.496239088105,113.967724747562,907.841195315864));
#9441=CARTESIAN_POINT('',(-279.796899472323,115.271676581702,907.727243241211));
#9442=CARTESIAN_POINT('',(-279.796899472752,115.271676581744,907.727243241758));
#9443=CARTESIAN_POINT('',(-282.365008516473,115.270105104544,907.52474446602));
#9444=CARTESIAN_POINT('',(-282.365008521859,115.270105105756,907.524744545109));
#9445=CARTESIAN_POINT('',(-282.364521156341,121.669861431453,907.468898877219));
#9446=CARTESIAN_POINT('',(-282.364521161592,121.669861431727,907.468898954724));
#9447=CARTESIAN_POINT('',(-278.527676172505,121.672209272717,907.771439109625));
#9448=CARTESIAN_POINT('',(-282.396009714808,153.306136119908,907.190161180696));
#9449=CARTESIAN_POINT('',(-282.39600971965,153.306136121401,907.190161250421));
#9450=CARTESIAN_POINT('',(-280.357937808862,153.307383256397,907.350865838015));
#9451=CARTESIAN_POINT('',(-280.357937811601,153.307383257395,907.350865837791));
#9452=CARTESIAN_POINT('',(-278.351585327116,155.320961013563,907.491497043002));
#9453=CARTESIAN_POINT('Origin',(-283.298623822,121.670165131,907.495550197));
#9454=CARTESIAN_POINT('',(-285.59106639347,121.694145922174,910.223679381049));
#9455=CARTESIAN_POINT('Origin',(-282.60034997212,121.695975999981,910.45950121314));
#9456=CARTESIAN_POINT('',(-286.550103602002,121.800345171238,922.385462529965));
#9457=CARTESIAN_POINT('',(-286.550103602,121.800345171659,922.385462529994));
#9458=CARTESIAN_POINT('',(-283.795216007881,121.82828981874,925.611886767598));
#9459=CARTESIAN_POINT('Origin',(-283.559387184,121.802175248675,922.62128436111));
#9460=CARTESIAN_POINT('',(-276.177097435227,121.83295149584,926.212585288674));
#9461=CARTESIAN_POINT('',(-276.177097429,121.832951495171,926.212585211999));
#9462=CARTESIAN_POINT('',(-276.172018789,121.832389110581,926.148181748995));
#9463=CARTESIAN_POINT('Origin',(-276.34904959,134.838805635,928.292369009));
#9464=CARTESIAN_POINT('',(-276.182334552281,151.614873717151,926.047884524252));
#9465=CARTESIAN_POINT('',(-276.113817561846,146.473146718226,925.219045773419));
#9466=CARTESIAN_POINT('Ctrl Pts',(-276.182334708571,151.61487358001,926.047884500034));
#9467=CARTESIAN_POINT('Ctrl Pts',(-276.182372280981,151.121509553891,926.052189712453));
#9468=CARTESIAN_POINT('Ctrl Pts',(-276.177484186183,150.629115556407,925.994019585007));
#9469=CARTESIAN_POINT('Ctrl Pts',(-276.163185202306,149.696461360328,925.819916212991));
#9470=CARTESIAN_POINT('Ctrl Pts',(-276.154482352119,149.272712258884,925.712834258285));
#9471=CARTESIAN_POINT('Ctrl Pts',(-276.136242982826,148.38667612262,925.488396742015));
#9472=CARTESIAN_POINT('Ctrl Pts',(-276.12683815181,147.931074939328,925.372659377136));
#9473=CARTESIAN_POINT('Ctrl Pts',(-276.116338249911,147.13940818057,925.245642226122));
#9474=CARTESIAN_POINT('Ctrl Pts',(-276.113803420409,146.812420493617,925.216032824745));
#9475=CARTESIAN_POINT('Ctrl Pts',(-276.113829257141,146.473146262238,925.218993401567));
#9476=CARTESIAN_POINT('',(-276.18276455425,145.970363572,926.09713965198));
#9477=CARTESIAN_POINT('',(-276.177438867871,117.468339767718,926.250572661304));
#9478=CARTESIAN_POINT('',(-276.177097441404,121.832951496334,926.212585364737));
#9479=CARTESIAN_POINT('',(-276.115721311596,121.474098569552,925.437192598218));
#9480=CARTESIAN_POINT('Ctrl Pts',(-276.115733006882,121.474098113435,925.437140226368));
#9481=CARTESIAN_POINT('Ctrl Pts',(-276.115755380068,121.180304861691,925.43970392634));
#9482=CARTESIAN_POINT('Ctrl Pts',(-276.11769535722,120.895338078719,925.466518377492));
#9483=CARTESIAN_POINT('Ctrl Pts',(-276.125711661807,120.226365082219,925.57337348258));
#9484=CARTESIAN_POINT('Ctrl Pts',(-276.132858202168,119.846030642343,925.666958191077));
#9485=CARTESIAN_POINT('Ctrl Pts',(-276.153147789965,118.846152316342,925.932032287406));
#9486=CARTESIAN_POINT('Ctrl Pts',(-276.168394351859,118.181775526195,926.13054658179));
#9487=CARTESIAN_POINT('Ctrl Pts',(-276.177415133291,117.468253444091,926.250486284203));
#9488=CARTESIAN_POINT('',(-276.113834400221,146.47314683159,925.219058622208));
#9489=CARTESIAN_POINT('Origin',(-282.632082211,150.132372526,910.208686318));
#9490=CARTESIAN_POINT('',(-285.622554952157,153.330420610998,909.944941692742));
#9491=CARTESIAN_POINT('',(-285.622798632594,150.130542448021,909.97286448606));
#9492=CARTESIAN_POINT('Origin',(-282.631838531,153.332250688974,910.180763524402));
#9493=CARTESIAN_POINT('Origin',(-285.394830771,150.105298364,907.081948819));
#9494=CARTESIAN_POINT('',(-286.581592161752,153.436619860619,922.106724841177));
#9495=CARTESIAN_POINT('',(-286.581592158337,153.436619861002,922.10672484121));
#9496=CARTESIAN_POINT('',(-286.582163283304,145.936905416002,922.172168889213));
#9497=CARTESIAN_POINT('Origin',(-283.555652584,615.970536727,918.306396752));
#9498=CARTESIAN_POINT('',(-283.826704570819,153.464564508711,925.333149156339));
#9499=CARTESIAN_POINT('',(-283.791481405752,615.996651296505,921.296999165577));
#9500=CARTESIAN_POINT('Origin',(-283.590875743495,153.43844993885,922.342546672111));
#9501=CARTESIAN_POINT('Origin',(-445.114942892,615.89793431,908.576436956));
#9502=CARTESIAN_POINT('',(-277.961668536632,155.513946526054,925.777750485544));
#9503=CARTESIAN_POINT('',(-277.962395876547,145.968438899611,925.861046584478));
#9504=CARTESIAN_POINT('',(-280.688609261187,154.569796450419,925.570957722437));
#9505=CARTESIAN_POINT('Ctrl Pts',(-277.961668526665,155.513946481631,925.777750555446));
#9506=CARTESIAN_POINT('Ctrl Pts',(-278.307901828943,155.394938669682,925.751486966154));
#9507=CARTESIAN_POINT('Ctrl Pts',(-278.654025565286,155.275357143369,925.725237026656));
#9508=CARTESIAN_POINT('Ctrl Pts',(-279.524134198796,154.973129930538,925.659262305871));
#9509=CARTESIAN_POINT('Ctrl Pts',(-280.003653734519,154.80509517892,925.622916327271));
#9510=CARTESIAN_POINT('Ctrl Pts',(-280.688609261206,154.569796450471,925.570957722453));
#9511=CARTESIAN_POINT('',(-281.788632666939,153.465811644934,925.493853814355));
#9512=CARTESIAN_POINT('',(-280.688609057303,154.569796654805,925.570957736748));
#9513=CARTESIAN_POINT('',(-281.788632669374,153.465811645592,925.493853814275));
#9514=CARTESIAN_POINT('Origin',(-280.23341573,158.675929191,925.448725542));
#9515=CARTESIAN_POINT('',(-267.689167793036,158.689495814111,927.112897224044));
#9516=CARTESIAN_POINT('Ctrl Pts',(-277.961668539489,155.513946563914,925.777750417376));
#9517=CARTESIAN_POINT('Ctrl Pts',(-276.555375889882,155.949198677196,925.960525792211));
#9518=CARTESIAN_POINT('Ctrl Pts',(-274.63566943514,156.543446317707,926.210028577414));
#9519=CARTESIAN_POINT('Ctrl Pts',(-271.137750473497,157.62508137311,926.66466048924));
#9520=CARTESIAN_POINT('Ctrl Pts',(-269.425668638476,158.153952491972,926.887188123607));
#9521=CARTESIAN_POINT('Ctrl Pts',(-267.689167792851,158.689495813125,927.11289722496));
#9522=CARTESIAN_POINT('',(-271.150334020066,153.685943339671,926.697404510492));
#9523=CARTESIAN_POINT('Ctrl Pts',(-271.150334020002,153.68594334,926.69740451));
#9524=CARTESIAN_POINT('Ctrl Pts',(-271.620094935001,153.685435293,926.635084088));
#9525=CARTESIAN_POINT('Ctrl Pts',(-272.089847769001,153.638517193,926.573170192));
#9526=CARTESIAN_POINT('Ctrl Pts',(-273.011330953,153.453659327,926.452528701));
#9527=CARTESIAN_POINT('Ctrl Pts',(-273.463038517,153.315724131,926.393804089));
#9528=CARTESIAN_POINT('Ctrl Pts',(-274.331070973,152.954128477,926.281798132));
#9529=CARTESIAN_POINT('Ctrl Pts',(-274.747374399,152.730476958,926.228519557));
#9530=CARTESIAN_POINT('Ctrl Pts',(-275.511674656955,152.217400202541,926.131599507672));
#9531=CARTESIAN_POINT('Ctrl Pts',(-275.861831785162,151.931256330005,926.087642750605));
#9532=CARTESIAN_POINT('Ctrl Pts',(-276.182334238616,151.614873855485,926.047884559978));
#9533=CARTESIAN_POINT('',(-262.561243269883,153.69523245418,927.836868722546));
#9534=CARTESIAN_POINT('',(-262.561243268674,153.695232454044,927.83686872508));
#9535=CARTESIAN_POINT('',(-261.119493128012,153.696791709105,928.028137243609));
#9536=CARTESIAN_POINT('',(-262.561243268,153.695232454235,927.836868719998));
#9537=CARTESIAN_POINT('',(-261.119112379596,158.696601339052,927.98450787951));
#9538=CARTESIAN_POINT('',(-261.11911237868,158.696601339045,927.984507881123));
#9539=CARTESIAN_POINT('',(-267.689167793382,158.689495814025,927.112897224882));
#9540=CARTESIAN_POINT('Origin',(-279.169164143,157.137124261,937.605751687));
#9541=CARTESIAN_POINT('',(-280.464999924208,153.319238807924,908.708546458493));
#9542=CARTESIAN_POINT('',(-280.464999923999,153.319238805988,908.708546457351));
#9543=CARTESIAN_POINT('',(-278.615480475005,155.275821509231,909.987092074692));
#9544=CARTESIAN_POINT('',(-278.615480473399,155.275821509392,909.987092074228));
#9545=CARTESIAN_POINT('',(-278.898002792479,155.275487835481,913.208011874809));
#9546=CARTESIAN_POINT('',(-278.898002791574,155.275487835568,913.208011875213));
#9547=CARTESIAN_POINT('',(-280.89449376849,153.366798926405,914.155061895773));
#9548=CARTESIAN_POINT('',(-280.894493767677,153.366798924666,914.155061896379));
#9549=CARTESIAN_POINT('',(-281.251096000473,153.406287373057,918.677221170381));
#9550=CARTESIAN_POINT('',(-281.25109600028,153.40628737127,918.677221169326));
#9551=CARTESIAN_POINT('',(-279.401576550595,155.362870074535,919.955766786982));
#9552=CARTESIAN_POINT('',(-279.401576549723,155.362870074717,919.9557667872));
#9553=CARTESIAN_POINT('',(-279.684098868238,155.362536400768,923.176686586345));
#9554=CARTESIAN_POINT('',(-279.684098867855,155.36253640085,923.176686587188));
#9555=CARTESIAN_POINT('',(-281.680589843577,153.453847492004,924.123736606694));
#9556=CARTESIAN_POINT('',(-281.680589842908,153.4538474909,924.123736607271));
#9557=CARTESIAN_POINT('',(-281.78863265197,153.465811640963,925.493853632265));
#9558=CARTESIAN_POINT('',(-279.644186204354,155.464097527502,923.883281851799));
#9559=CARTESIAN_POINT('Ctrl Pts',(-279.644186201587,155.464097529474,923.883281851999));
#9560=CARTESIAN_POINT('Ctrl Pts',(-279.649029388616,155.464640501976,923.944775699644));
#9561=CARTESIAN_POINT('Ctrl Pts',(-279.664101217973,155.466326524079,924.136100193891));
#9562=CARTESIAN_POINT('Ctrl Pts',(-279.804012176695,155.362398539792,924.543811557898));
#9563=CARTESIAN_POINT('Ctrl Pts',(-279.880067214691,155.299846070267,924.696124428943));
#9564=CARTESIAN_POINT('Ctrl Pts',(-280.193040712344,155.03047579726,925.186035372521));
#9565=CARTESIAN_POINT('Ctrl Pts',(-280.464641441129,154.777847155652,925.395287620782));
#9566=CARTESIAN_POINT('Ctrl Pts',(-280.688609261283,154.569796450483,925.570957722391));
#9567=CARTESIAN_POINT('',(-278.351585310257,155.32096100925,907.491496864241));
#9568=CARTESIAN_POINT('Origin',(-267.339287691,158.526457683,908.432212733));
#9569=CARTESIAN_POINT('',(-268.694128760357,158.676484194127,925.613213301915));
#9570=CARTESIAN_POINT('',(-267.295061387892,158.52156027114,907.871368281217));
#9571=CARTESIAN_POINT('',(-267.693727190294,158.56570663786,912.926945796881));
#9572=CARTESIAN_POINT('',(-267.295061386991,158.521560270969,907.871368264001));
#9573=CARTESIAN_POINT('Ctrl Pts',(-279.644186204984,155.464097528489,923.88328185184));
#9574=CARTESIAN_POINT('Ctrl Pts',(-278.498352230802,155.800117912034,924.060186665535));
#9575=CARTESIAN_POINT('Ctrl Pts',(-277.319308072588,156.145924088745,924.243704573377));
#9576=CARTESIAN_POINT('Ctrl Pts',(-274.933780328912,156.845677049724,924.617960567477));
#9577=CARTESIAN_POINT('Ctrl Pts',(-273.729396972493,157.199004865744,924.808277188974));
#9578=CARTESIAN_POINT('Ctrl Pts',(-271.258425527727,157.923993157158,925.201402196385));
#9579=CARTESIAN_POINT('Ctrl Pts',(-269.991837511615,158.295653634635,925.404211085776));
#9580=CARTESIAN_POINT('Ctrl Pts',(-268.694139657958,158.676480985355,925.613212478987));
#9581=CARTESIAN_POINT('Origin',(-447.147706584,616.615740951,899.136065357));
#9582=CARTESIAN_POINT('',(-259.540672072498,158.522751859235,908.075593043395));
#9583=CARTESIAN_POINT('',(-259.540672074982,158.522751859325,908.075593062291));
#9584=CARTESIAN_POINT('',(-259.541167047496,152.022999340394,908.132311217592));
#9585=CARTESIAN_POINT('',(-259.54116704998,152.022999340324,908.132311236192));
#9586=CARTESIAN_POINT('',(-266.970039255774,152.02185777328,907.936659490402));
#9587=CARTESIAN_POINT('',(-266.970039256905,152.0218577733,907.936659507382));
#9588=CARTESIAN_POINT('',(-266.970153480764,150.521914884214,907.94974830008));
#9589=CARTESIAN_POINT('',(-266.970039254647,152.021857773,907.936659473036));
#9590=CARTESIAN_POINT('',(-272.182538368958,150.52111391969,907.812471474399));
#9591=CARTESIAN_POINT('',(-272.182538417835,150.521113917277,907.812471473695));
#9592=CARTESIAN_POINT('Origin',(-272.182690676041,148.521190068975,907.829923220579));
#9593=CARTESIAN_POINT('Origin',(-275.988574325,158.5212071,907.755028171));
#9594=CARTESIAN_POINT('',(-273.948633884513,148.532344971993,909.093208262205));
#9595=CARTESIAN_POINT('',(-274.563319637694,121.330155832886,908.955027983339));
#9596=CARTESIAN_POINT('',(-274.563319638065,121.330155834015,908.955027982737));
#9597=CARTESIAN_POINT('Origin',(-270.428617249035,121.351955466322,911.489541912372));
#9598=CARTESIAN_POINT('Origin',(-447.147706584,616.615740951,899.136065357));
#9599=CARTESIAN_POINT('',(-266.972696892171,117.123186558196,908.241192456575));
#9600=CARTESIAN_POINT('',(-266.972696891812,117.123186558269,908.241192471844));
#9601=CARTESIAN_POINT('',(-266.972811117186,115.623243669271,908.25428126657));
#9602=CARTESIAN_POINT('',(-266.972696892504,117.123186558,908.24119244096));
#9603=CARTESIAN_POINT('',(-259.543938907454,115.624385236333,908.449932993087));
#9604=CARTESIAN_POINT('',(-259.543938909896,115.624385236297,908.449933010015));
#9605=CARTESIAN_POINT('',(-259.54432727244,110.524579413336,908.494434945154));
#9606=CARTESIAN_POINT('',(-259.544327274865,110.524579414286,908.49443496184));
#9607=CARTESIAN_POINT('',(-266.578315894519,110.523498529828,908.30918314902));
#9608=CARTESIAN_POINT('',(-266.578315896797,110.523498527264,908.309183150265));
#9609=CARTESIAN_POINT('',(-276.134620590995,113.28383374233,908.033396336784));
#9610=CARTESIAN_POINT('Origin',(-281.471377776,114.82787651,907.699388964));
#9611=CARTESIAN_POINT('',(-266.861416587028,110.554847762863,911.899251687976));
#9612=CARTESIAN_POINT('',(-266.578315894151,110.52349853341,908.30918312009));
#9613=CARTESIAN_POINT('',(-267.070954117579,110.578050958262,914.556447844059));
#9614=CARTESIAN_POINT('Origin',(-264.625373100254,109.888583546262,913.418357595824));
#9615=CARTESIAN_POINT('',(-267.682875046009,110.645812188997,922.316365210958));
#9616=CARTESIAN_POINT('',(-267.070954119335,110.578050959306,914.556447836032));
#9617=CARTESIAN_POINT('',(-267.682875046611,110.645812189881,922.31636521097));
#9618=CARTESIAN_POINT('',(-279.558982380202,114.085407914299,921.31810033599));
#9619=CARTESIAN_POINT('',(-278.772886302853,113.998359352509,911.349425624007));
#9620=CARTESIAN_POINT('Origin',(-279.522814511,114.989887664,907.851631377));
#9621=CARTESIAN_POINT('',(-279.93016371903,115.28643363497,909.417199424998));
#9622=CARTESIAN_POINT('Origin',(-283.299111182,115.270408804,907.551395785));
#9623=CARTESIAN_POINT('',(-280.716259797,115.373482199396,919.385874136005));
#9624=CARTESIAN_POINT('',(-281.22759431651,115.430104968367,925.870231039702));
#9625=CARTESIAN_POINT('',(-281.227594316506,115.430104968492,925.870231038965));
#9626=CARTESIAN_POINT('',(-283.795703366092,115.428533492191,925.667732354875));
#9627=CARTESIAN_POINT('',(-283.795703365,115.428533491947,925.667732341001));
#9628=CARTESIAN_POINT('',(-286.550590961966,115.400588844763,922.441308117021));
#9629=CARTESIAN_POINT('Origin',(-283.559874544,115.402418922974,922.677129948304));
#9630=CARTESIAN_POINT('',(-285.591553753475,115.294389595602,910.279524968251));
#9631=CARTESIAN_POINT('',(-285.591553753,115.294389595325,910.279524968006));
#9632=CARTESIAN_POINT('Origin',(-282.60083733212,115.296219673879,910.515346800337));
#9633=CARTESIAN_POINT('Origin',(-282.562717617,615.864358221,906.147286486));
#9634=CARTESIAN_POINT('',(-285.553434038559,615.862528143017,905.91146465361));
#9635=CARTESIAN_POINT('Origin',(-283.612235146,153.306267183,907.194566767));
#9636=CARTESIAN_POINT('',(-284.194207917011,153.32655784345,909.514743862981));
#9637=CARTESIAN_POINT('',(-281.263658197021,153.314417525784,908.149070299452));
#9638=CARTESIAN_POINT('',(-284.194207917,153.32655784345,909.514743863005));
#9639=CARTESIAN_POINT('',(-281.263658197,153.314417525789,908.149070300002));
#9640=CARTESIAN_POINT('',(-282.614794570789,153.457717600724,924.559087928455));
#9641=CARTESIAN_POINT('',(-281.680589846,153.453847493202,924.123736607007));
#9642=CARTESIAN_POINT('',(-285.26282414306,153.441732163355,922.704090033001));
#9643=CARTESIAN_POINT('',(-282.614794571,153.45771760058,924.559087928004));
#9644=CARTESIAN_POINT('',(-284.980303992456,153.413606408468,919.483418574926));
#9645=CARTESIAN_POINT('',(-285.262824143,153.441732163355,922.704090033006));
#9646=CARTESIAN_POINT('',(-282.049754272915,153.401466090806,918.117745011881));
#9647=CARTESIAN_POINT('',(-284.980303992,153.413606408469,919.483418575005));
#9648=CARTESIAN_POINT('',(-282.049754273,153.401466090807,918.117745012002));
#9649=CARTESIAN_POINT('',(-281.828698495789,153.370669035718,914.590413217455));
#9650=CARTESIAN_POINT('',(-280.894493772,153.366798928193,914.155061896007));
#9651=CARTESIAN_POINT('',(-284.47672806706,153.354683598337,912.735415321001));
#9652=CARTESIAN_POINT('',(-281.828698496,153.37066903557,914.590413217004));
#9653=CARTESIAN_POINT('',(-284.476728067,153.354683598337,912.735415321006));
#9654=CARTESIAN_POINT('Origin',(-285.363425976,117.369065556,907.370284968));
#9655=CARTESIAN_POINT('',(-286.550103598377,121.800345171002,922.385462530286));
#9656=CARTESIAN_POINT('Origin',(-283.559714629,117.502338968,922.658805615));
#9657=CARTESIAN_POINT('',(-283.795543451641,117.528453537505,925.649408028507));
#9658=CARTESIAN_POINT('Origin',(-445.114942892,615.89793431,908.576436956));
#9659=CARTESIAN_POINT('',(-277.92245581201,119.461448842167,926.095647915274));
#9660=CARTESIAN_POINT('',(-277.922456581282,119.459152253024,926.095680751242));
#9661=CARTESIAN_POINT('',(-277.92245613278,119.461448801949,926.095647891961));
#9662=CARTESIAN_POINT('Ctrl Pts',(-277.922455491239,119.461448882384,926.095647938587));
#9663=CARTESIAN_POINT('Ctrl Pts',(-277.90765842976,119.483182087483,926.096637843266));
#9664=CARTESIAN_POINT('Ctrl Pts',(-277.870585563137,119.499188855651,926.099421510031));
#9665=CARTESIAN_POINT('Ctrl Pts',(-277.817233753828,119.464625008608,926.103930472596));
#9666=CARTESIAN_POINT('Ctrl Pts',(-277.785631835345,119.434156105607,926.106688554202));
#9667=CARTESIAN_POINT('Ctrl Pts',(-277.782541807577,119.43110090566,926.106958902022));
#9668=CARTESIAN_POINT('Ctrl Pts',(-277.75338882191,119.401939892737,926.109512448273));
#9669=CARTESIAN_POINT('Ctrl Pts',(-277.71867505274,119.360296407566,926.112613498739));
#9670=CARTESIAN_POINT('Ctrl Pts',(-277.676160902057,119.303483773683,926.116462121191));
#9671=CARTESIAN_POINT('Ctrl Pts',(-277.674030711981,119.30062636453,926.116655052296));
#9672=CARTESIAN_POINT('Ctrl Pts',(-277.640654701286,119.255779628632,926.1196785831));
#9673=CARTESIAN_POINT('Ctrl Pts',(-277.581641905796,119.171653407308,926.12506674105));
#9674=CARTESIAN_POINT('Ctrl Pts',(-277.490765395926,119.039236448222,926.133389248967));
#9675=CARTESIAN_POINT('Ctrl Pts',(-277.483859077991,119.029161809534,926.134021831779));
#9676=CARTESIAN_POINT('Ctrl Pts',(-277.330183401216,118.804809482025,926.148099269246));
#9677=CARTESIAN_POINT('Ctrl Pts',(-277.202148076909,118.625484805241,926.15976160404));
#9678=CARTESIAN_POINT('Ctrl Pts',(-277.091492761563,118.479618445193,926.169761244862));
#9679=CARTESIAN_POINT('Ctrl Pts',(-277.089080562174,118.476443064787,926.169979190863));
#9680=CARTESIAN_POINT('Ctrl Pts',(-276.800564615621,118.097974798041,926.196035450164));
#9681=CARTESIAN_POINT('Ctrl Pts',(-276.49816535151,117.763883963908,926.222798987967));
#9682=CARTESIAN_POINT('Ctrl Pts',(-276.177438867871,117.468339767718,926.250572661304));
#9683=CARTESIAN_POINT('',(-280.907816075854,115.109517510449,925.898247201927));
#9684=CARTESIAN_POINT('',(-280.90781597467,115.109517396357,925.898247106514));
#9685=CARTESIAN_POINT('',(-277.922857305731,114.197967293369,926.141590921234));
#9686=CARTESIAN_POINT('Ctrl Pts',(-280.907816073769,115.109517541158,925.898247290214));
#9687=CARTESIAN_POINT('Ctrl Pts',(-280.413598952375,114.960186045197,925.938523579863));
#9688=CARTESIAN_POINT('Ctrl Pts',(-279.920160975286,114.810274217842,925.978743495455));
#9689=CARTESIAN_POINT('Ctrl Pts',(-278.931114611192,114.508232508831,926.059373848244));
#9690=CARTESIAN_POINT('Ctrl Pts',(-278.61967425019,114.412870124288,926.084765710229));
#9691=CARTESIAN_POINT('Ctrl Pts',(-277.922857305284,114.197967294872,926.14159092144));
#9692=CARTESIAN_POINT('',(-277.922456278374,119.461449065106,926.095660712163));
#9693=CARTESIAN_POINT('Origin',(-277.932822891,158.652010296,922.727760653));
#9694=CARTESIAN_POINT('',(-274.936695598112,121.453887490142,923.13134573861));
#9695=CARTESIAN_POINT('',(-274.933862815428,158.652471134964,922.806743263435));
#9696=CARTESIAN_POINT('Ctrl Pts',(-274.934791825862,146.453225945648,922.913196477256));
#9697=CARTESIAN_POINT('Ctrl Pts',(-274.937452409464,146.454041908709,923.01421362754));
#9698=CARTESIAN_POINT('Ctrl Pts',(-274.945221659207,146.454871967984,923.115095927542));
#9699=CARTESIAN_POINT('Ctrl Pts',(-274.970899664422,146.456544647914,923.315573106279));
#9700=CARTESIAN_POINT('Ctrl Pts',(-274.988809475864,146.457387266876,923.415167495669));
#9701=CARTESIAN_POINT('Ctrl Pts',(-275.034584535208,146.459069274622,923.612032156843));
#9702=CARTESIAN_POINT('Ctrl Pts',(-275.062448775787,146.45990866071,923.709302302254));
#9703=CARTESIAN_POINT('Ctrl Pts',(-275.12784982213,146.461568888008,923.900538928539));
#9704=CARTESIAN_POINT('Ctrl Pts',(-275.165386851944,146.462389725662,923.994504961652));
#9705=CARTESIAN_POINT('Ctrl Pts',(-275.225132129009,146.46352847167,924.124575694923));
#9706=CARTESIAN_POINT('Ctrl Pts',(-275.243500502823,146.463860315709,924.162443843228));
#9707=CARTESIAN_POINT('Ctrl Pts',(-275.308663391705,146.464977341141,924.289883326833));
#9708=CARTESIAN_POINT('Ctrl Pts',(-275.359219658543,146.465746022058,924.377530922685));
#9709=CARTESIAN_POINT('Ctrl Pts',(-275.468923108134,146.467235714496,924.547288355634));
#9710=CARTESIAN_POINT('Ctrl Pts',(-275.528071070846,146.46795671803,924.629397270554));
#9711=CARTESIAN_POINT('Ctrl Pts',(-275.654344221495,146.46934353979,924.787221393489));
#9712=CARTESIAN_POINT('Ctrl Pts',(-275.721468466199,146.470009360605,924.862936906391));
#9713=CARTESIAN_POINT('Ctrl Pts',(-275.863016182736,146.471279120419,925.007212739998));
#9714=CARTESIAN_POINT('Ctrl Pts',(-275.937439688645,146.471883054837,925.075772535343));
#9715=CARTESIAN_POINT('Ctrl Pts',(-276.04747094927,146.472690169166,925.167305463362));
#9716=CARTESIAN_POINT('Ctrl Pts',(-276.080375847486,146.472921492607,925.193527357962));
#9717=CARTESIAN_POINT('Ctrl Pts',(-276.113817561846,146.473146718226,925.219045773419));
#9718=CARTESIAN_POINT('Origin',(-277.935655671,121.453426648736,923.052363128601));
#9719=CARTESIAN_POINT('Ctrl Pts',(-274.934791846,146.452935639,922.913198914));
#9720=CARTESIAN_POINT('Ctrl Pts',(-274.945825619,146.456592146,923.332128602));
#9721=CARTESIAN_POINT('Ctrl Pts',(-275.045904379,146.460233104,923.748499401));
#9722=CARTESIAN_POINT('Ctrl Pts',(-275.407025464,146.466860849,924.504869964));
#9723=CARTESIAN_POINT('Ctrl Pts',(-275.667883669,146.469844257,924.844484088));
#9724=CARTESIAN_POINT('Ctrl Pts',(-276.305554913,146.474639594,925.388452085));
#9725=CARTESIAN_POINT('Ctrl Pts',(-276.682042833,146.476449078,925.592528612));
#9726=CARTESIAN_POINT('Ctrl Pts',(-277.485895143,146.478582023,925.829943247));
#9727=CARTESIAN_POINT('Ctrl Pts',(-277.912849684,146.478904395,925.863160306));
#9728=CARTESIAN_POINT('Ctrl Pts',(-278.328300389,146.478455085,925.808044903));
#9729=CARTESIAN_POINT('Ctrl Pts',(-274.934770913,146.727814531,922.910800264));
#9730=CARTESIAN_POINT('Ctrl Pts',(-274.945804907,146.72856469,923.329755314));
#9731=CARTESIAN_POINT('Ctrl Pts',(-275.045883445,146.735130931,923.746100586));
#9732=CARTESIAN_POINT('Ctrl Pts',(-275.407003234,146.758771899,924.502322688));
#9733=CARTESIAN_POINT('Ctrl Pts',(-275.667860367,146.775834573,924.841813954));
#9734=CARTESIAN_POINT('Ctrl Pts',(-276.305528802,146.817524377,925.385460002));
#9735=CARTESIAN_POINT('Ctrl Pts',(-276.682014985,146.842130252,925.589337603));
#9736=CARTESIAN_POINT('Ctrl Pts',(-277.485863458,146.894653156,925.826312525));
#9737=CARTESIAN_POINT('Ctrl Pts',(-277.912815899,146.922543409,925.859289021));
#9738=CARTESIAN_POINT('Ctrl Pts',(-278.328264504,146.949676041,925.803932932));
#9739=CARTESIAN_POINT('Ctrl Pts',(-274.907815273,147.002733691,922.914030419));
#9740=CARTESIAN_POINT('Ctrl Pts',(-274.919422663,147.000577051,923.332794222));
#9741=CARTESIAN_POINT('Ctrl Pts',(-275.019424825,147.010067784,923.748914916));
#9742=CARTESIAN_POINT('Ctrl Pts',(-275.379119033,147.050720336,924.504716315));
#9743=CARTESIAN_POINT('Ctrl Pts',(-275.63862799,147.081861436,924.8440123));
#9744=CARTESIAN_POINT('Ctrl Pts',(-276.272596019,147.160444641,925.387377548));
#9745=CARTESIAN_POINT('Ctrl Pts',(-276.646732397,147.207846686,925.591170224));
#9746=CARTESIAN_POINT('Ctrl Pts',(-277.445336287,147.310760232,925.828128475));
#9747=CARTESIAN_POINT('Ctrl Pts',(-277.869397305,147.366219268,925.861173433));
#9748=CARTESIAN_POINT('Ctrl Pts',(-278.281962352,147.420935382,925.805958936));
#9749=CARTESIAN_POINT('Ctrl Pts',(-274.801067828,147.542114493,922.931624521));
#9750=CARTESIAN_POINT('Ctrl Pts',(-274.814872086,147.534604118,923.349583047));
#9751=CARTESIAN_POINT('Ctrl Pts',(-274.914515201,147.55009551,923.764868448));
#9752=CARTESIAN_POINT('Ctrl Pts',(-275.26849445,147.624440428,924.519305315));
#9753=CARTESIAN_POINT('Ctrl Pts',(-275.522651559,147.683256324,924.858075217));
#9754=CARTESIAN_POINT('Ctrl Pts',(-276.14197892,147.834145764,925.400972742));
#9755=CARTESIAN_POINT('Ctrl Pts',(-276.506835951,147.926142933,925.60482579));
#9756=CARTESIAN_POINT('Ctrl Pts',(-277.284745976,148.127554731,925.842592517));
#9757=CARTESIAN_POINT('Ctrl Pts',(-277.697405549,148.236867412,925.876385942));
#9758=CARTESIAN_POINT('Ctrl Pts',(-278.098600345,148.345466768,925.822209237));
#9759=CARTESIAN_POINT('Ctrl Pts',(-274.721278664,147.806562798,922.945988032));
#9760=CARTESIAN_POINT('Ctrl Pts',(-274.736705203,147.796607988,923.363332627));
#9761=CARTESIAN_POINT('Ctrl Pts',(-274.836064765,147.815177228,923.778007409));
#9762=CARTESIAN_POINT('Ctrl Pts',(-275.185753668,147.906204345,924.531500587));
#9763=CARTESIAN_POINT('Ctrl Pts',(-275.435907021,147.978616355,924.869939734));
#9764=CARTESIAN_POINT('Ctrl Pts',(-276.044294674,148.16491642,925.412650357));
#9765=CARTESIAN_POINT('Ctrl Pts',(-276.402222803,148.2787106,925.616648674));
#9766=CARTESIAN_POINT('Ctrl Pts',(-277.164685248,148.528225137,925.855240419));
#9767=CARTESIAN_POINT('Ctrl Pts',(-277.56883586,148.663819761,925.889713755));
#9768=CARTESIAN_POINT('Ctrl Pts',(-277.961545024,148.798715951,925.836433132));
#9769=CARTESIAN_POINT('Ctrl Pts',(-274.511927886,148.314838517,922.985297404));
#9770=CARTESIAN_POINT('Ctrl Pts',(-274.531376064,148.300840298,923.401029781));
#9771=CARTESIAN_POINT('Ctrl Pts',(-274.62981199,148.325819153,923.814134771));
#9772=CARTESIAN_POINT('Ctrl Pts',(-274.968023543,148.449507805,924.565274117));
#9773=CARTESIAN_POINT('Ctrl Pts',(-275.207631099,148.548156079,924.902935167));
#9774=CARTESIAN_POINT('Ctrl Pts',(-275.787357979,148.802381711,925.445374256));
#9775=CARTESIAN_POINT('Ctrl Pts',(-276.127189228,148.957832613,925.649882707));
#9776=CARTESIAN_POINT('Ctrl Pts',(-276.849359357,149.299127869,925.890914607));
#9777=CARTESIAN_POINT('Ctrl Pts',(-277.231339389,149.484802459,925.927318259));
#9778=CARTESIAN_POINT('Ctrl Pts',(-277.601939278,149.669807586,925.876533186));
#9779=CARTESIAN_POINT('Ctrl Pts',(-274.382371449,148.558653366,923.010242292));
#9780=CARTESIAN_POINT('Ctrl Pts',(-274.40421688,148.543057886,923.424976581));
#9781=CARTESIAN_POINT('Ctrl Pts',(-274.502011179,148.571369575,923.837122584));
#9782=CARTESIAN_POINT('Ctrl Pts',(-274.83303407,148.711038253,924.586852057));
#9783=CARTESIAN_POINT('Ctrl Pts',(-275.066099474,148.822326303,924.924065847));
#9784=CARTESIAN_POINT('Ctrl Pts',(-275.628106344,149.109064895,925.46642032));
#9785=CARTESIAN_POINT('Ctrl Pts',(-275.956770781,149.284373912,925.67129357));
#9786=CARTESIAN_POINT('Ctrl Pts',(-276.65409926,149.669343251,925.913940336));
#9787=CARTESIAN_POINT('Ctrl Pts',(-277.022419585,149.878813566,925.951594194));
#9788=CARTESIAN_POINT('Ctrl Pts',(-277.379397746,150.087628499,925.902408354));
#9789=CARTESIAN_POINT('Ctrl Pts',(-274.078462568,149.016291253,923.069756295));
#9790=CARTESIAN_POINT('Ctrl Pts',(-274.105480572,148.998586507,923.482172042));
#9791=CARTESIAN_POINT('Ctrl Pts',(-274.201426037,149.033822633,923.892110396));
#9792=CARTESIAN_POINT('Ctrl Pts',(-274.515165123,149.204295237,924.638639347));
#9793=CARTESIAN_POINT('Ctrl Pts',(-274.732806914,149.339449125,924.974868582));
#9794=CARTESIAN_POINT('Ctrl Pts',(-275.253329637,149.687034055,925.517160707));
#9795=CARTESIAN_POINT('Ctrl Pts',(-275.555958695,149.899296706,925.722961093));
#9796=CARTESIAN_POINT('Ctrl Pts',(-276.195471668,150.365334635,925.969534575));
#9797=CARTESIAN_POINT('Ctrl Pts',(-276.532046145,150.618884138,926.010188305));
#9798=CARTESIAN_POINT('Ctrl Pts',(-276.857367709,150.871804822,925.964817138));
#9799=CARTESIAN_POINT('Ctrl Pts',(-273.904117641,149.230102977,923.10432394));
#9800=CARTESIAN_POINT('Ctrl Pts',(-273.933908405,149.211886861,923.515419487));
#9801=CARTESIAN_POINT('Ctrl Pts',(-274.028644829,149.250714829,923.92410942));
#9802=CARTESIAN_POINT('Ctrl Pts',(-274.332286887,149.436011048,924.668848065));
#9803=CARTESIAN_POINT('Ctrl Pts',(-274.541047158,149.582390476,925.004540105));
#9804=CARTESIAN_POINT('Ctrl Pts',(-275.037807203,149.95830715,925.54685451));
#9805=CARTESIAN_POINT('Ctrl Pts',(-275.325569205,150.187664213,925.75321714));
#9806=CARTESIAN_POINT('Ctrl Pts',(-275.932112251,150.691094109,926.002102116));
#9807=CARTESIAN_POINT('Ctrl Pts',(-276.250603002,150.964925644,926.044505248));
#9808=CARTESIAN_POINT('Ctrl Pts',(-276.557892113,151.238140842,926.001349211));
#9809=CARTESIAN_POINT('Ctrl Pts',(-273.517329707,149.619516264,923.181755487));
#9810=CARTESIAN_POINT('Ctrl Pts',(-273.552590902,149.601420465,923.58996684));
#9811=CARTESIAN_POINT('Ctrl Pts',(-273.644127947,149.647578107,923.995943899));
#9812=CARTESIAN_POINT('Ctrl Pts',(-273.924737768,149.860824178,924.736826411));
#9813=CARTESIAN_POINT('Ctrl Pts',(-274.113679358,150.027812789,925.071385344));
#9814=CARTESIAN_POINT('Ctrl Pts',(-274.557847757,150.455115267,925.613851606));
#9815=CARTESIAN_POINT('Ctrl Pts',(-274.812866962,150.715229129,925.821505206));
#9816=CARTESIAN_POINT('Ctrl Pts',(-275.346952774,151.285693294,926.075585229));
#9817=CARTESIAN_POINT('Ctrl Pts',(-275.625769778,151.595776586,926.121892796));
#9818=CARTESIAN_POINT('Ctrl Pts',(-275.893499106,151.905266396,926.08366839));
#9819=CARTESIAN_POINT('Ctrl Pts',(-273.304896267,149.795108199,923.224617473));
#9820=CARTESIAN_POINT('Ctrl Pts',(-273.342852635,149.777643603,923.631265104));
#9821=CARTESIAN_POINT('Ctrl Pts',(-273.432397626,149.827538481,924.035777956));
#9822=CARTESIAN_POINT('Ctrl Pts',(-273.700070615,150.053909552,924.774594993));
#9823=CARTESIAN_POINT('Ctrl Pts',(-273.878075132,150.230281166,925.108558118));
#9824=CARTESIAN_POINT('Ctrl Pts',(-274.293416302,150.68063649,925.651153961));
#9825=CARTESIAN_POINT('Ctrl Pts',(-274.530561408,150.954412165,925.859536188));
#9826=CARTESIAN_POINT('Ctrl Pts',(-275.02516409,151.554517542,926.116499379));
#9827=CARTESIAN_POINT('Ctrl Pts',(-275.282393601,151.880570043,926.164961697));
#9828=CARTESIAN_POINT('Ctrl Pts',(-275.528598124,152.206039435,926.129453462));
#9829=CARTESIAN_POINT('Ctrl Pts',(-272.850093323,150.101331952,923.316990912));
#9830=CARTESIAN_POINT('Ctrl Pts',(-272.89293541,150.086146383,923.720354426));
#9831=CARTESIAN_POINT('Ctrl Pts',(-272.977547399,150.143436896,924.121803725));
#9832=CARTESIAN_POINT('Ctrl Pts',(-273.216709559,150.393754499,924.856328449));
#9833=CARTESIAN_POINT('Ctrl Pts',(-273.371152472,150.586669153,925.189074187));
#9834=CARTESIAN_POINT('Ctrl Pts',(-273.724942932,151.076983111,925.732032466));
#9835=CARTESIAN_POINT('Ctrl Pts',(-273.924131873,151.374162203,925.942001291));
#9836=CARTESIAN_POINT('Ctrl Pts',(-274.335091657,152.024769547,926.205157528));
#9837=CARTESIAN_POINT('Ctrl Pts',(-274.546678303,152.377905604,926.258226798));
#9838=CARTESIAN_POINT('Ctrl Pts',(-274.747374399,152.730476958,926.228519557));
#9839=CARTESIAN_POINT('Ctrl Pts',(-272.607735068,150.231956199,923.36650008));
#9840=CARTESIAN_POINT('Ctrl Pts',(-272.652765711,150.218417044,923.768143439));
#9841=CARTESIAN_POINT('Ctrl Pts',(-272.734435485,150.279364699,924.167993613));
#9842=CARTESIAN_POINT('Ctrl Pts',(-272.958022683,150.540501888,924.900291808));
#9843=CARTESIAN_POINT('Ctrl Pts',(-273.099841361,150.740575897,925.232416056));
#9844=CARTESIAN_POINT('Ctrl Pts',(-273.420910229,151.247794874,925.775607184));
#9845=CARTESIAN_POINT('Ctrl Pts',(-273.600018691,151.554715482,925.98643389));
#9846=CARTESIAN_POINT('Ctrl Pts',(-273.966822607,152.226183776,926.252899646));
#9847=CARTESIAN_POINT('Ctrl Pts',(-274.154356193,152.59043446,926.308420856));
#9848=CARTESIAN_POINT('Ctrl Pts',(-274.331070973,152.954128477,926.281798132));
#9849=CARTESIAN_POINT('Ctrl Pts',(-272.102394937,150.443222411,923.47026555));
#9850=CARTESIAN_POINT('Ctrl Pts',(-272.150960993,150.433711277,923.868399804));
#9851=CARTESIAN_POINT('Ctrl Pts',(-272.225723852,150.501586214,924.264997573));
#9852=CARTESIAN_POINT('Ctrl Pts',(-272.415897953,150.78143702,924.992794287));
#9853=CARTESIAN_POINT('Ctrl Pts',(-272.531227832,150.993292929,925.32368144));
#9854=CARTESIAN_POINT('Ctrl Pts',(-272.784264641,151.527564051,925.867433091));
#9855=CARTESIAN_POINT('Ctrl Pts',(-272.921863397,151.849750278,926.080064629));
#9856=CARTESIAN_POINT('Ctrl Pts',(-273.1976225,152.553581117,926.353421639));
#9857=CARTESIAN_POINT('Ctrl Pts',(-273.335665017,152.934924082,926.414029973));
#9858=CARTESIAN_POINT('Ctrl Pts',(-273.463038517,153.315724131,926.393804089));
#9859=CARTESIAN_POINT('Ctrl Pts',(-271.839425558,150.523859152,923.524519288));
#9860=CARTESIAN_POINT('Ctrl Pts',(-271.889337271,150.516727629,923.920864774));
#9861=CARTESIAN_POINT('Ctrl Pts',(-271.960134817,150.58787107,924.315809431));
#9862=CARTESIAN_POINT('Ctrl Pts',(-272.13247069,150.875613628,925.041331423));
#9863=CARTESIAN_POINT('Ctrl Pts',(-272.233936525,151.092091448,925.371603035));
#9864=CARTESIAN_POINT('Ctrl Pts',(-272.45166479,151.636509362,925.915682344));
#9865=CARTESIAN_POINT('Ctrl Pts',(-272.56783572,151.964219987,926.12926076));
#9866=CARTESIAN_POINT('Ctrl Pts',(-272.796709155,152.679553579,926.406199211));
#9867=CARTESIAN_POINT('Ctrl Pts',(-272.909315543,153.066875052,926.469442517));
#9868=CARTESIAN_POINT('Ctrl Pts',(-273.011330953,153.453659327,926.452528701));
#9869=CARTESIAN_POINT('Ctrl Pts',(-271.302968176,150.63204898,923.635689142));
#9870=CARTESIAN_POINT('Ctrl Pts',(-271.35453363,150.630027914,924.028470432));
#9871=CARTESIAN_POINT('Ctrl Pts',(-271.416427277,150.706974504,924.420129913));
#9872=CARTESIAN_POINT('Ctrl Pts',(-271.551387054,151.007001718,925.141157572));
#9873=CARTESIAN_POINT('Ctrl Pts',(-271.624398336,151.229960077,925.470232047));
#9874=CARTESIAN_POINT('Ctrl Pts',(-271.770307765,151.787577841,926.015048881));
#9875=CARTESIAN_POINT('Ctrl Pts',(-271.843146725,152.122010047,926.230569301));
#9876=CARTESIAN_POINT('Ctrl Pts',(-271.977453183,152.850841167,926.514788999));
#9877=CARTESIAN_POINT('Ctrl Pts',(-272.038866301,153.244943135,926.583372471));
#9878=CARTESIAN_POINT('Ctrl Pts',(-272.089847769,153.638517193,926.573170192));
#9879=CARTESIAN_POINT('Ctrl Pts',(-271.029493439,150.659599392,923.692602509));
#9880=CARTESIAN_POINT('Ctrl Pts',(-271.08136667,150.660306973,924.083608488));
#9881=CARTESIAN_POINT('Ctrl Pts',(-271.138321819,150.739786505,924.473636008));
#9882=CARTESIAN_POINT('Ctrl Pts',(-271.253744531,151.044204409,925.192444196));
#9883=CARTESIAN_POINT('Ctrl Pts',(-271.312166022,151.269020892,925.520937108));
#9884=CARTESIAN_POINT('Ctrl Pts',(-271.421567021,151.829691779,926.06616379));
#9885=CARTESIAN_POINT('Ctrl Pts',(-271.472502981,152.165321726,926.282679279));
#9886=CARTESIAN_POINT('Ctrl Pts',(-271.559130631,152.896149366,926.570598573));
#9887=CARTESIAN_POINT('Ctrl Pts',(-271.594787966,153.291054496,926.641887087));
#9888=CARTESIAN_POINT('Ctrl Pts',(-271.620094935,153.685435293,926.635084088));
#9889=CARTESIAN_POINT('Ctrl Pts',(-270.756014002,150.660077277,923.749753531));
#9890=CARTESIAN_POINT('Ctrl Pts',(-270.807660276,150.663478089,924.139026784));
#9891=CARTESIAN_POINT('Ctrl Pts',(-270.859280282,150.744956559,924.527465542));
#9892=CARTESIAN_POINT('Ctrl Pts',(-270.954687265,151.05178786,925.244126085));
#9893=CARTESIAN_POINT('Ctrl Pts',(-270.998436702,151.277019967,925.572065896));
#9894=CARTESIAN_POINT('Ctrl Pts',(-271.071433272,151.837168663,926.117735406));
#9895=CARTESIAN_POINT('Ctrl Pts',(-271.100651684,152.171864858,926.335250408));
#9896=CARTESIAN_POINT('Ctrl Pts',(-271.140124775,152.900053387,926.626855648));
#9897=CARTESIAN_POINT('Ctrl Pts',(-271.150363924,153.29325921,926.700831152));
#9898=CARTESIAN_POINT('Ctrl Pts',(-271.15033402,153.68594334,926.69740451));
#9899=CARTESIAN_POINT('Ctrl Pts',(-270.756014002,150.660077277,923.749753531));
#9900=CARTESIAN_POINT('Ctrl Pts',(-270.807660275974,150.663478088998,924.139026783806));
#9901=CARTESIAN_POINT('Ctrl Pts',(-270.859280282,150.744956559,924.527465542));
#9902=CARTESIAN_POINT('Ctrl Pts',(-270.954687265,151.05178786,925.244126085));
#9903=CARTESIAN_POINT('Ctrl Pts',(-270.998436702,151.277019967,925.572065896));
#9904=CARTESIAN_POINT('Ctrl Pts',(-271.071433272,151.837168663,926.117735406));
#9905=CARTESIAN_POINT('Ctrl Pts',(-271.100651684,152.171864858,926.335250408));
#9906=CARTESIAN_POINT('Ctrl Pts',(-271.140124775,152.900053387,926.626855648));
#9907=CARTESIAN_POINT('Ctrl Pts',(-271.150363924,153.293259210109,926.700831151999));
#9908=CARTESIAN_POINT('Ctrl Pts',(-271.150334020001,153.68594334,926.69740451));
#9909=CARTESIAN_POINT('Ctrl Pts',(-270.758557412,117.261348951,924.041197689));
#9910=CARTESIAN_POINT('Ctrl Pts',(-270.810203686,117.264749762,924.430470942));
#9911=CARTESIAN_POINT('Ctrl Pts',(-270.861835584,117.190070238,924.820272367));
#9912=CARTESIAN_POINT('Ctrl Pts',(-270.957288342,116.895806697,925.542178187));
#9913=CARTESIAN_POINT('Ctrl Pts',(-271.001071645,116.67633846,925.873998545));
#9914=CARTESIAN_POINT('Ctrl Pts',(-271.074152796,116.12580871,926.429360063));
#9915=CARTESIAN_POINT('Ctrl Pts',(-271.103421891,115.79496381,926.652682712));
#9916=CARTESIAN_POINT('Ctrl Pts',(-271.143005493,115.071981017,926.956951171));
#9917=CARTESIAN_POINT('Ctrl Pts',(-271.153304426,114.680127588,927.037777264));
#9918=CARTESIAN_POINT('Ctrl Pts',(-271.15333433,114.287443458,927.041203906));
#9919=CARTESIAN_POINT('Ctrl Pts',(-271.032036849,117.260871065,923.984046668));
#9920=CARTESIAN_POINT('Ctrl Pts',(-271.083909668,117.266994971,924.375005383));
#9921=CARTESIAN_POINT('Ctrl Pts',(-271.140876402,117.194342618,924.766360436));
#9922=CARTESIAN_POINT('Ctrl Pts',(-271.256344518,116.902532634,925.490371431));
#9923=CARTESIAN_POINT('Ctrl Pts',(-271.314799811,116.683491843,925.822737533));
#9924=CARTESIAN_POINT('Ctrl Pts',(-271.42428547,116.132437799,926.377665355));
#9925=CARTESIAN_POINT('Ctrl Pts',(-271.475272257,115.800645152,926.600004911));
#9926=CARTESIAN_POINT('Ctrl Pts',(-271.562010824,115.074966509,926.900633977));
#9927=CARTESIAN_POINT('Ctrl Pts',(-271.597728205,114.681371012,926.978803109));
#9928=CARTESIAN_POINT('Ctrl Pts',(-271.623095245,114.28693541,926.978883485));
#9929=CARTESIAN_POINT('Ctrl Pts',(-271.305507463,117.287465731,923.926660819));
#9930=CARTESIAN_POINT('Ctrl Pts',(-271.357072086,117.296348801,924.319346957));
#9931=CARTESIAN_POINT('Ctrl Pts',(-271.418976931,117.226258236,924.712289515));
#9932=CARTESIAN_POINT('Ctrl Pts',(-271.55398144,116.938879981,925.438442994));
#9933=CARTESIAN_POINT('Ctrl Pts',(-271.62702624,116.721709403,925.771358125));
#9934=CARTESIAN_POINT('Ctrl Pts',(-271.773019865,116.173706424,926.325822833));
#9935=CARTESIAN_POINT('Ctrl Pts',(-271.845909469,115.843097306,926.54714654));
#9936=CARTESIAN_POINT('Ctrl Pts',(-271.980326544,115.119357578,926.844041669));
#9937=CARTESIAN_POINT('Ctrl Pts',(-272.04179959,114.726521838,926.91949212));
#9938=CARTESIAN_POINT('Ctrl Pts',(-272.092841011,114.332837442,926.916159621));
#9939=CARTESIAN_POINT('Ctrl Pts',(-271.841948509,117.393780748,923.813619152));
#9940=CARTESIAN_POINT('Ctrl Pts',(-271.891858609,117.407835444,924.209779762));
#9941=CARTESIAN_POINT('Ctrl Pts',(-271.962666464,117.343605831,924.605905713));
#9942=CARTESIAN_POINT('Ctrl Pts',(-272.135045193,117.068594483,925.336338411));
#9943=CARTESIAN_POINT('Ctrl Pts',(-272.236543556,116.85792868,925.670337366));
#9944=CARTESIAN_POINT('Ctrl Pts',(-272.454354007,116.32312161,926.223834214));
#9945=CARTESIAN_POINT('Ctrl Pts',(-272.57057456,115.999205757,926.443098856));
#9946=CARTESIAN_POINT('Ctrl Pts',(-272.799556566,115.288848838,926.732478175));
#9947=CARTESIAN_POINT('Ctrl Pts',(-272.912221855,114.902707165,926.802470878));
#9948=CARTESIAN_POINT('Ctrl Pts',(-273.014296191,114.515702168,926.792309307));
#9949=CARTESIAN_POINT('Ctrl Pts',(-272.104905677,117.473498471,923.757966127));
#9950=CARTESIAN_POINT('Ctrl Pts',(-272.153469755,117.489963426,924.155873709));
#9951=CARTESIAN_POINT('Ctrl Pts',(-272.228242423,117.429031271,924.553595476));
#9952=CARTESIAN_POINT('Ctrl Pts',(-272.418458174,117.161952888,925.286164805));
#9953=CARTESIAN_POINT('Ctrl Pts',(-272.533819877,116.955921146,925.620698533));
#9954=CARTESIAN_POINT('Ctrl Pts',(-272.786937326,116.43125898,926.173690652));
#9955=CARTESIAN_POINT('Ctrl Pts',(-272.924584865,116.112853425,926.391912126));
#9956=CARTESIAN_POINT('Ctrl Pts',(-273.200450791,115.413942147,926.677509751));
#9957=CARTESIAN_POINT('Ctrl Pts',(-273.338551303,115.033735962,926.744763519));
#9958=CARTESIAN_POINT('Ctrl Pts',(-273.465982822,114.65266034,926.731185919));
#9959=CARTESIAN_POINT('Ctrl Pts',(-272.610213765,117.68299865,923.650528964));
#9960=CARTESIAN_POINT('Ctrl Pts',(-272.655241812,117.703551711,924.051874828));
#9961=CARTESIAN_POINT('Ctrl Pts',(-272.736920336,117.649603593,924.452727606));
#9962=CARTESIAN_POINT('Ctrl Pts',(-272.960546327,117.401319619,925.189471114));
#9963=CARTESIAN_POINT('Ctrl Pts',(-273.102395033,117.207093608,925.525036105));
#9964=CARTESIAN_POINT('Ctrl Pts',(-273.423540421,116.709480046,926.076995608));
#9965=CARTESIAN_POINT('Ctrl Pts',(-273.602695344,116.406312611,926.293146067));
#9966=CARTESIAN_POINT('Ctrl Pts',(-273.969601163,115.739652555,926.571288606));
#9967=CARTESIAN_POINT('Ctrl Pts',(-274.157190145,115.37645481,926.633157681));
#9968=CARTESIAN_POINT('Ctrl Pts',(-274.333960347,115.012378498,926.612885629));
#9969=CARTESIAN_POINT('Ctrl Pts',(-272.852552191,117.812775924,923.598747479));
#9970=CARTESIAN_POINT('Ctrl Pts',(-272.895391428,117.835004835,924.001784506));
#9971=CARTESIAN_POINT('Ctrl Pts',(-272.980011607,117.784741656,924.404172341));
#9972=CARTESIAN_POINT('Ctrl Pts',(-273.21921091,117.547316849,925.142953205));
#9973=CARTESIAN_POINT('Ctrl Pts',(-273.373682759,117.360261869,925.479014637));
#9974=CARTESIAN_POINT('Ctrl Pts',(-273.727547166,116.879551672,926.030446271));
#9975=CARTESIAN_POINT('Ctrl Pts',(-273.926781084,116.586112357,926.245568954));
#9976=CARTESIAN_POINT('Ctrl Pts',(-274.337839597,115.940259044,926.520038373));
#9977=CARTESIAN_POINT('Ctrl Pts',(-274.54947995,115.588135106,926.579261886));
#9978=CARTESIAN_POINT('Ctrl Pts',(-274.750229779,115.235129587,926.555711654));
#9979=CARTESIAN_POINT('Ctrl Pts',(-273.307308615,118.117410289,923.501043567));
#9980=CARTESIAN_POINT('Ctrl Pts',(-273.345261783,118.141974445,923.907324446));
#9981=CARTESIAN_POINT('Ctrl Pts',(-273.434813834,118.099159992,924.312646299));
#9982=CARTESIAN_POINT('Ctrl Pts',(-273.702520313,117.885757316,925.055300892));
#9983=CARTESIAN_POINT('Ctrl Pts',(-273.880551244,117.715267689,925.392290799));
#9984=CARTESIAN_POINT('Ctrl Pts',(-274.295960275,117.27451309,925.94266265));
#9985=CARTESIAN_POINT('Ctrl Pts',(-274.533146796,117.00445172,926.15579051));
#9986=CARTESIAN_POINT('Ctrl Pts',(-275.027840523,116.408997346,926.423186402));
#9987=CARTESIAN_POINT('Ctrl Pts',(-275.285119622,116.083879395,926.477330967));
#9988=CARTESIAN_POINT('Ctrl Pts',(-275.531373757,115.757877408,926.447507605));
#9989=CARTESIAN_POINT('Ctrl Pts',(-273.519715369,118.292259846,923.455123556));
#9990=CARTESIAN_POINT('Ctrl Pts',(-273.554973265,118.31748199,923.862956908));
#9991=CARTESIAN_POINT('Ctrl Pts',(-273.646516798,118.278430056,924.269677523));
#9992=CARTESIAN_POINT('Ctrl Pts',(-273.927158107,118.078188397,925.014168214));
#9993=CARTESIAN_POINT('Ctrl Pts',(-274.116124682,117.917092408,925.35159008));
#9994=CARTESIAN_POINT('Ctrl Pts',(-274.560357431,117.499389272,925.901430035));
#9995=CARTESIAN_POINT('Ctrl Pts',(-274.815415971,117.242977641,926.113590943));
#9996=CARTESIAN_POINT('Ctrl Pts',(-275.349588318,116.677115664,926.377586781));
#9997=CARTESIAN_POINT('Ctrl Pts',(-275.628452481,116.367930174,926.429298214));
#9998=CARTESIAN_POINT('Ctrl Pts',(-275.89622899,116.057861215,926.396480205));
#9999=CARTESIAN_POINT('Ctrl Pts',(-273.906444096,118.68032147,923.370907604));
#10000=CARTESIAN_POINT('Ctrl Pts',(-273.936231538,118.70571341,923.781622617));
#10001=CARTESIAN_POINT('Ctrl Pts',(-274.030973332,118.674037865,924.190927778));
#10002=CARTESIAN_POINT('Ctrl Pts',(-274.334642616,118.501812603,924.938786229));
#10003=CARTESIAN_POINT('Ctrl Pts',(-274.543424731,118.36134545,925.276981352));
#10004=CARTESIAN_POINT('Ctrl Pts',(-275.040241299,117.995025652,925.825772664));
#10005=CARTESIAN_POINT('Ctrl Pts',(-275.328037954,117.769348594,926.036106016));
#10006=CARTESIAN_POINT('Ctrl Pts',(-275.934657331,117.270431052,926.293737681));
#10007=CARTESIAN_POINT('Ctrl Pts',(-276.253189725,116.997429705,926.340912589));
#10008=CARTESIAN_POINT('Ctrl Pts',(-276.560520499,116.723549794,926.302530616));
#10009=CARTESIAN_POINT('Ctrl Pts',(-274.080756504,118.89352394,923.332613745));
#10010=CARTESIAN_POINT('Ctrl Pts',(-274.107771263,118.918427206,923.744657686));
#10011=CARTESIAN_POINT('Ctrl Pts',(-274.203721549,118.890364925,924.155148394));
#10012=CARTESIAN_POINT('Ctrl Pts',(-274.517485601,118.732993802,924.904538177));
#10013=CARTESIAN_POINT('Ctrl Pts',(-274.735147526,118.603761207,925.243074503));
#10014=CARTESIAN_POINT('Ctrl Pts',(-275.255722457,118.265772068,925.791349088));
#10015=CARTESIAN_POINT('Ctrl Pts',(-275.558383565,118.057179271,926.000821945));
#10016=CARTESIAN_POINT('Ctrl Pts',(-276.197967177,117.595612683,926.255489894));
#10017=CARTESIAN_POINT('Ctrl Pts',(-276.53458021,117.342862505,926.3005617));
#10018=CARTESIAN_POINT('Ctrl Pts',(-276.85994035,117.089238108,926.259610749));
#10019=CARTESIAN_POINT('Ctrl Pts',(-274.384595765,119.350099833,923.265122124));
#10020=CARTESIAN_POINT('Ctrl Pts',(-274.406438269,119.372933826,923.679521071));
#10021=CARTESIAN_POINT('Ctrl Pts',(-274.504236332,119.351833736,924.092098251));
#10022=CARTESIAN_POINT('Ctrl Pts',(-274.835279493,119.225320332,924.844150483));
#10023=CARTESIAN_POINT('Ctrl Pts',(-275.068361395,119.11996947,925.183254709));
#10024=CARTESIAN_POINT('Ctrl Pts',(-275.630411206,118.842824808,925.730529743));
#10025=CARTESIAN_POINT('Ctrl Pts',(-275.959102065,118.671167804,925.93843069));
#10026=CARTESIAN_POINT('Ctrl Pts',(-276.656488843,118.29059774,926.187757709));
#10027=CARTESIAN_POINT('Ctrl Pts',(-277.024841014,118.08187252,926.229060827));
#10028=CARTESIAN_POINT('Ctrl Pts',(-277.381851038,117.872285408,926.183526049));
#10029=CARTESIAN_POINT('Ctrl Pts',(-274.514115102,119.593461965,923.235926031));
#10030=CARTESIAN_POINT('Ctrl Pts',(-274.533560596,119.614715994,923.65135079));
#10031=CARTESIAN_POINT('Ctrl Pts',(-274.631999776,119.596965063,924.064828648));
#10032=CARTESIAN_POINT('Ctrl Pts',(-274.970229163,119.486454949,924.818011661));
#10033=CARTESIAN_POINT('Ctrl Pts',(-275.209851292,119.39375074,925.157342491));
#10034=CARTESIAN_POINT('Ctrl Pts',(-275.789616161,119.149118263,925.704134719));
#10035=CARTESIAN_POINT('Ctrl Pts',(-276.129470809,118.997311684,925.911324362));
#10036=CARTESIAN_POINT('Ctrl Pts',(-276.851692586,118.660384653,926.158274569));
#10037=CARTESIAN_POINT('Ctrl Pts',(-277.233700842,118.475431797,926.197912392));
#10038=CARTESIAN_POINT('Ctrl Pts',(-277.60432897,118.289625031,926.150363099));
#10039=CARTESIAN_POINT('Ctrl Pts',(-274.723388522,120.10100617,923.187752406));
#10040=CARTESIAN_POINT('Ctrl Pts',(-274.738812991,120.118244927,923.604859704));
#10041=CARTESIAN_POINT('Ctrl Pts',(-274.838174828,120.10693017,924.01979526));
#10042=CARTESIAN_POINT('Ctrl Pts',(-275.187876589,120.029119442,924.774761751));
#10043=CARTESIAN_POINT('Ctrl Pts',(-275.438040517,119.962662687,925.114412695));
#10044=CARTESIAN_POINT('Ctrl Pts',(-276.046455814,119.785954535,925.660291003));
#10045=CARTESIAN_POINT('Ctrl Pts',(-276.404400998,119.675792187,925.866243611));
#10046=CARTESIAN_POINT('Ctrl Pts',(-277.166901117,119.430595452,926.109152308));
#10047=CARTESIAN_POINT('Ctrl Pts',(-277.571072329,119.295684625,926.14598613));
#10048=CARTESIAN_POINT('Ctrl Pts',(-277.963802103,119.159938981,926.095067183));
#10049=CARTESIAN_POINT('Ctrl Pts',(-274.803137431,120.365175693,923.168776067));
#10050=CARTESIAN_POINT('Ctrl Pts',(-274.816939989,120.379980855,923.586539863));
#10051=CARTESIAN_POINT('Ctrl Pts',(-274.91658491,120.371754175,924.002032233));
#10052=CARTESIAN_POINT('Ctrl Pts',(-275.270574475,120.310640229,924.757651141));
#10053=CARTESIAN_POINT('Ctrl Pts',(-275.524740089,120.257783898,925.097395518));
#10054=CARTESIAN_POINT('Ctrl Pts',(-276.1440897,120.116485907,925.64284273));
#10055=CARTESIAN_POINT('Ctrl Pts',(-276.508960467,120.02811577,925.848269701));
#10056=CARTESIAN_POINT('Ctrl Pts',(-277.28690084,119.831002403,926.08951404));
#10057=CARTESIAN_POINT('Ctrl Pts',(-277.699577012,119.722358947,926.125209396));
#10058=CARTESIAN_POINT('Ctrl Pts',(-278.100788414,119.612891788,926.072935584));
#10059=CARTESIAN_POINT('Ctrl Pts',(-274.909809846293,120.904219416272,923.141769928199));
#10060=CARTESIAN_POINT('Ctrl Pts',(-274.921416205254,120.913685022212,923.560432368955));
#10061=CARTESIAN_POINT('Ctrl Pts',(-275.02141928307,120.911473120171,923.97665523453));
#10062=CARTESIAN_POINT('Ctrl Pts',(-275.381119052776,120.884073331029,924.733050544158));
#10063=CARTESIAN_POINT('Ctrl Pts',(-275.640632653396,120.8588994188,925.07283796402));
#10064=CARTESIAN_POINT('Ctrl Pts',(-276.274612894275,120.789911851157,925.617490934206));
#10065=CARTESIAN_POINT('Ctrl Pts',(-276.648756832904,120.746133371326,925.822079240438));
#10066=CARTESIAN_POINT('Ctrl Pts',(-277.447377447058,120.647498847778,926.060796130373));
#10067=CARTESIAN_POINT('Ctrl Pts',(-277.871447619714,120.592693089772,926.094803200108));
#10068=CARTESIAN_POINT('Ctrl Pts',(-278.284021824296,120.537088169397,926.040551287573));
#10069=CARTESIAN_POINT('Ctrl Pts',(-274.936723687647,121.179081703057,923.133742252811));
#10070=CARTESIAN_POINT('Ctrl Pts',(-274.947757086249,121.185643784821,923.552646645166));
#10071=CARTESIAN_POINT('Ctrl Pts',(-275.047836089445,121.186360239667,923.969043016316));
#10072=CARTESIAN_POINT('Ctrl Pts',(-275.408958848937,121.175979288104,924.725562072233));
#10073=CARTESIAN_POINT('Ctrl Pts',(-275.669818483961,121.164887174386,925.065299041816));
#10074=CARTESIAN_POINT('Ctrl Pts',(-276.307493520717,121.132797859071,925.609588891237));
#10075=CARTESIAN_POINT('Ctrl Pts',(-276.683983800805,121.111817016469,925.813864261005));
#10076=CARTESIAN_POINT('Ctrl Pts',(-277.487841340742,121.06357340174,926.051718379529));
#10077=CARTESIAN_POINT('Ctrl Pts',(-277.9147987487,121.036335226782,926.085175855351));
#10078=CARTESIAN_POINT('Ctrl Pts',(-278.330252320564,121.008311309392,926.030300971655));
#10079=CARTESIAN_POINT('Ctrl Pts',(-274.936695586218,121.453997167439,923.131344781231));
#10080=CARTESIAN_POINT('Ctrl Pts',(-274.947729359337,121.457652514798,923.550274480339));
#10081=CARTESIAN_POINT('Ctrl Pts',(-275.047808119244,121.461294639993,923.966645269143));
#10082=CARTESIAN_POINT('Ctrl Pts',(-275.408929203652,121.467929173316,924.723015772893));
#10083=CARTESIAN_POINT('Ctrl Pts',(-275.669787408152,121.470918198983,925.062629847868));
#10084=CARTESIAN_POINT('Ctrl Pts',(-276.307458650835,121.475728256976,925.606597716411));
#10085=CARTESIAN_POINT('Ctrl Pts',(-276.683946570018,121.477546836799,925.810674164046));
#10086=CARTESIAN_POINT('Ctrl Pts',(-277.487798878209,121.479699887533,926.048088623621));
#10087=CARTESIAN_POINT('Ctrl Pts',(-277.914753418218,121.480033260193,926.081305586652));
#10088=CARTESIAN_POINT('Ctrl Pts',(-278.330204122227,121.479594954465,926.026190087638));
#10089=CARTESIAN_POINT('',(-270.758557414119,117.261348950075,924.041197688851));
#10090=CARTESIAN_POINT('Ctrl Pts',(-270.758557411993,117.261348949799,924.041197688954));
#10091=CARTESIAN_POINT('Ctrl Pts',(-271.032036849,117.260871065,923.984046668));
#10092=CARTESIAN_POINT('Ctrl Pts',(-271.305507463,117.287465731,923.926660819));
#10093=CARTESIAN_POINT('Ctrl Pts',(-271.841948509,117.393780748,923.813619152));
#10094=CARTESIAN_POINT('Ctrl Pts',(-272.104905677,117.473498471,923.757966127));
#10095=CARTESIAN_POINT('Ctrl Pts',(-272.610213765,117.68299865,923.650528964));
#10096=CARTESIAN_POINT('Ctrl Pts',(-272.852552191,117.812775924,923.598747479));
#10097=CARTESIAN_POINT('Ctrl Pts',(-273.307308615,118.117410289,923.501043567));
#10098=CARTESIAN_POINT('Ctrl Pts',(-273.519715369,118.292259846,923.455123556));
#10099=CARTESIAN_POINT('Ctrl Pts',(-273.906444096,118.68032147,923.370907604));
#10100=CARTESIAN_POINT('Ctrl Pts',(-274.080756504,118.89352394,923.332613745));
#10101=CARTESIAN_POINT('Ctrl Pts',(-274.384595765,119.350099833,923.265122124));
#10102=CARTESIAN_POINT('Ctrl Pts',(-274.514115102,119.593461965,923.235926031));
#10103=CARTESIAN_POINT('Ctrl Pts',(-274.723388522,120.10100617,923.187752406));
#10104=CARTESIAN_POINT('Ctrl Pts',(-274.803137431,120.365175693,923.168776067));
#10105=CARTESIAN_POINT('Ctrl Pts',(-274.909802753,120.904183572,923.141771724));
#10106=CARTESIAN_POINT('Ctrl Pts',(-274.936716529,121.179008599,923.133744388));
#10107=CARTESIAN_POINT('Ctrl Pts',(-274.936695597314,121.453887490188,923.131345738631));
#10108=CARTESIAN_POINT('',(-277.922536104336,119.08747672649,926.101175143032));
#10109=CARTESIAN_POINT('Ctrl Pts',(-277.922456645237,119.459152253005,926.095680749558));
#10110=CARTESIAN_POINT('Ctrl Pts',(-277.922479401824,119.397619990389,926.096903836021));
#10111=CARTESIAN_POINT('Ctrl Pts',(-277.922498833458,119.336002353565,926.098001172548));
#10112=CARTESIAN_POINT('Ctrl Pts',(-277.922528900065,119.212163660326,926.099865358245));
#10113=CARTESIAN_POINT('Ctrl Pts',(-277.922539460557,119.149803786023,926.100630189343));
#10114=CARTESIAN_POINT('Ctrl Pts',(-277.922544205186,119.087499792161,926.101173866754));
#10115=CARTESIAN_POINT('',(-271.153334293404,114.287648392819,927.041202101668));
#10116=CARTESIAN_POINT('Ctrl Pts',(-277.922528003485,119.087453660819,926.101176419309));
#10117=CARTESIAN_POINT('Ctrl Pts',(-277.879639583369,118.965338214358,926.107933417479));
#10118=CARTESIAN_POINT('Ctrl Pts',(-277.833467328417,118.84438779768,926.115115915675));
#10119=CARTESIAN_POINT('Ctrl Pts',(-277.60432897,118.289625031,926.150363099));
#10120=CARTESIAN_POINT('Ctrl Pts',(-277.381851038,117.872285408,926.183526049));
#10121=CARTESIAN_POINT('Ctrl Pts',(-276.85994035,117.089238108,926.259610749));
#10122=CARTESIAN_POINT('Ctrl Pts',(-276.560520499,116.723549794,926.302530616));
#10123=CARTESIAN_POINT('Ctrl Pts',(-275.89622899,116.057861215,926.396480205));
#10124=CARTESIAN_POINT('Ctrl Pts',(-275.531373757,115.757877408,926.447507605));
#10125=CARTESIAN_POINT('Ctrl Pts',(-274.750229779,115.235129587,926.555711654));
#10126=CARTESIAN_POINT('Ctrl Pts',(-274.333960347,115.012378498,926.612885629));
#10127=CARTESIAN_POINT('Ctrl Pts',(-273.465982822,114.65266034,926.731185919));
#10128=CARTESIAN_POINT('Ctrl Pts',(-273.014296191,114.515702168,926.792309307));
#10129=CARTESIAN_POINT('Ctrl Pts',(-272.21226637005,114.356537656654,926.900107979489));
#10130=CARTESIAN_POINT('Ctrl Pts',(-271.866018779163,114.31379193164,926.946419326079));
#10131=CARTESIAN_POINT('Ctrl Pts',(-271.396867994796,114.290422018423,927.008867400276));
#10132=CARTESIAN_POINT('Ctrl Pts',(-271.275101238075,114.287478377765,927.0250483459));
#10133=CARTESIAN_POINT('Ctrl Pts',(-271.153334358181,114.287668021969,927.041201931814));
#10134=CARTESIAN_POINT('Ctrl Pts',(-271.153334310275,114.287668021971,927.041201929931));
#10135=CARTESIAN_POINT('Ctrl Pts',(-271.153304426,114.680127588,927.037777264));
#10136=CARTESIAN_POINT('Ctrl Pts',(-271.143005493,115.071981017,926.956951171));
#10137=CARTESIAN_POINT('Ctrl Pts',(-271.103421891,115.79496381,926.652682712));
#10138=CARTESIAN_POINT('Ctrl Pts',(-271.074152796,116.12580871,926.429360063));
#10139=CARTESIAN_POINT('Ctrl Pts',(-271.001071645,116.67633846,925.873998545));
#10140=CARTESIAN_POINT('Ctrl Pts',(-270.957288342,116.895806697,925.542178187));
#10141=CARTESIAN_POINT('Ctrl Pts',(-270.861835584,117.190070238,924.820272367));
#10142=CARTESIAN_POINT('Ctrl Pts',(-270.810203686,117.264749762,924.430470942));
#10143=CARTESIAN_POINT('Ctrl Pts',(-270.758557411993,117.261348949799,924.041197688954));
#10144=CARTESIAN_POINT('Origin',(-286.881381492,147.828988746,921.254037839));
#10145=CARTESIAN_POINT('',(-279.68467129301,147.845790498307,923.2422792546));
#10146=CARTESIAN_POINT('',(-282.615221009683,147.857930815984,924.607952818451));
#10147=CARTESIAN_POINT('',(-279.684671292,147.845790498309,923.242279253997));
#10148=CARTESIAN_POINT('',(-279.402151141271,147.817664743412,920.021607796439));
#10149=CARTESIAN_POINT('',(-279.402151141,147.817664743431,920.021607796996));
#10150=CARTESIAN_POINT('',(-282.050180712139,147.801679306131,918.166609900946));
#10151=CARTESIAN_POINT('',(-282.050180713,147.801679306197,918.166609900998));
#10152=CARTESIAN_POINT('',(-284.980730432136,147.813819623871,919.532283465357));
#10153=CARTESIAN_POINT('',(-284.980730432,147.813819623859,919.532283464001));
#10154=CARTESIAN_POINT('',(-285.263250584453,147.841945378735,922.75295492029));
#10155=CARTESIAN_POINT('',(-285.263250583,147.841945378737,922.752954921002));
#10156=CARTESIAN_POINT('',(-282.615221011,147.857930815971,924.607952817));
#10157=CARTESIAN_POINT('Origin',(-286.095285416,147.741940181,911.285363127));
#10158=CARTESIAN_POINT('',(-278.898575217569,147.758741933316,913.273604543665));
#10159=CARTESIAN_POINT('',(-281.829124934683,147.770882250992,914.639278107451));
#10160=CARTESIAN_POINT('',(-278.898575216,147.758741933318,913.273604542997));
#10161=CARTESIAN_POINT('',(-278.616055066189,147.730616178409,910.052933084112));
#10162=CARTESIAN_POINT('',(-278.616055066,147.730616178431,910.052933084996));
#10163=CARTESIAN_POINT('',(-281.264084636262,147.71463074113,908.19793518879));
#10164=CARTESIAN_POINT('',(-281.264084637,147.714630741197,908.197935188998));
#10165=CARTESIAN_POINT('',(-284.194634357177,147.726771058871,909.563608752864));
#10166=CARTESIAN_POINT('',(-284.194634357,147.726771058851,909.563608751001));
#10167=CARTESIAN_POINT('',(-284.477154508493,147.754896813744,912.784280209352));
#10168=CARTESIAN_POINT('',(-284.477154507,147.754896813746,912.784280210002));
#10169=CARTESIAN_POINT('',(-281.829124936,147.770882250979,914.639278106));
#10170=CARTESIAN_POINT('Ctrl Pts',(-280.818307188401,154.523900763454,925.563150237307));
#10171=CARTESIAN_POINT('Ctrl Pts',(-280.774848703995,154.535567040921,925.571221229991));
#10172=CARTESIAN_POINT('Ctrl Pts',(-280.73139021959,154.547233318388,925.579292222677));
#10173=CARTESIAN_POINT('Ctrl Pts',(-280.687931735184,154.558899595855,925.587363215362));
#10174=CARTESIAN_POINT('Ctrl Pts',(-280.592298596,154.584571976106,925.60512394442));
#10175=CARTESIAN_POINT('Ctrl Pts',(-280.496665460237,154.610244355356,925.622884675188));
#10176=CARTESIAN_POINT('Ctrl Pts',(-280.401000652923,154.635925236466,925.640651286994));
#10177=CARTESIAN_POINT('Ctrl Pts',(-280.400968983792,154.635933738326,925.640657168032));
#10178=CARTESIAN_POINT('Ctrl Pts',(-280.353013379046,154.648807251564,925.649563355439));
#10179=CARTESIAN_POINT('Ctrl Pts',(-280.305089443786,154.661672263942,925.658463660454));
#10180=CARTESIAN_POINT('Ctrl Pts',(-280.25713383804,154.67454577718,925.667369844796));
#10181=CARTESIAN_POINT('Ctrl Pts',(-280.257102168554,154.674554279039,925.667375727188));
#10182=CARTESIAN_POINT('Ctrl Pts',(-276.054842624286,155.802636095701,926.447808073023));
#10183=CARTESIAN_POINT('Ctrl Pts',(-271.851816222735,156.931522065011,927.225842936503));
#10184=CARTESIAN_POINT('Ctrl Pts',(-267.6482085176,158.060507191132,928.001967574163));
#10185=CARTESIAN_POINT('Ctrl Pts',(-280.818528665105,154.527515672425,925.557689795661));
#10186=CARTESIAN_POINT('Ctrl Pts',(-280.775071325889,154.539187975585,925.565757939521));
#10187=CARTESIAN_POINT('Ctrl Pts',(-280.731613986672,154.550860278744,925.573826083381));
#10188=CARTESIAN_POINT('Ctrl Pts',(-280.688156647456,154.562532581903,925.581894227241));
#10189=CARTESIAN_POINT('Ctrl Pts',(-280.592526028334,154.58821822207,925.59964868728));
#10190=CARTESIAN_POINT('Ctrl Pts',(-280.496895412158,154.613903861237,925.617403148792));
#10191=CARTESIAN_POINT('Ctrl Pts',(-280.401233125615,154.639598006644,925.635163489329));
#10192=CARTESIAN_POINT('Ctrl Pts',(-280.401201457195,154.639606512884,925.635169368354));
#10193=CARTESIAN_POINT('Ctrl Pts',(-280.35324711603,154.652486675376,925.644072411959));
#10194=CARTESIAN_POINT('Ctrl Pts',(-280.305324443524,154.665358332628,925.652969575303));
#10195=CARTESIAN_POINT('Ctrl Pts',(-280.25737010136,154.67823849512,925.661872616197));
#10196=CARTESIAN_POINT('Ctrl Pts',(-280.257338432702,154.67824700136,925.661878496459));
#10197=CARTESIAN_POINT('Ctrl Pts',(-276.055189612857,155.806911478134,926.442035367682));
#10198=CARTESIAN_POINT('Ctrl Pts',(-271.852283608156,156.936356473341,927.219882545668));
#10199=CARTESIAN_POINT('Ctrl Pts',(-267.648808844067,158.065899298088,927.995888362109));
#10200=CARTESIAN_POINT('Ctrl Pts',(-280.818750141809,154.531130581396,925.552229354016));
#10201=CARTESIAN_POINT('Ctrl Pts',(-280.775293947782,154.542808910248,925.560294649051));
#10202=CARTESIAN_POINT('Ctrl Pts',(-280.731837753755,154.5544872391,925.568359944086));
#10203=CARTESIAN_POINT('Ctrl Pts',(-280.688381559728,154.566165567952,925.576425239121));
#10204=CARTESIAN_POINT('Ctrl Pts',(-280.592753460667,154.591864468035,925.59417343014));
#10205=CARTESIAN_POINT('Ctrl Pts',(-280.497125364079,154.617563367119,925.611921622396));
#10206=CARTESIAN_POINT('Ctrl Pts',(-280.401465598308,154.643270776822,925.629675691665));
#10207=CARTESIAN_POINT('Ctrl Pts',(-280.401433930597,154.643279287442,925.629681568677));
#10208=CARTESIAN_POINT('Ctrl Pts',(-280.353480853015,154.656166099188,925.63858146848));
#10209=CARTESIAN_POINT('Ctrl Pts',(-280.305559443262,154.669044401314,925.647475490151));
#10210=CARTESIAN_POINT('Ctrl Pts',(-280.25760636468,154.68193121306,925.656375387599));
#10211=CARTESIAN_POINT('Ctrl Pts',(-280.257574696851,154.68193972368,925.656381265729));
#10212=CARTESIAN_POINT('Ctrl Pts',(-276.055536601429,155.811186860567,926.436262662341));
#10213=CARTESIAN_POINT('Ctrl Pts',(-271.852750993578,156.94119088167,927.213922154834));
#10214=CARTESIAN_POINT('Ctrl Pts',(-267.649409170533,158.071291405044,927.989809150055));
#10215=CARTESIAN_POINT('Ctrl Pts',(-280.818971618513,154.534745490368,925.54676891237));
#10216=CARTESIAN_POINT('Ctrl Pts',(-280.775516569676,154.546429844912,925.55483135858));
#10217=CARTESIAN_POINT('Ctrl Pts',(-280.732061520838,154.558114199456,925.56289380479));
#10218=CARTESIAN_POINT('Ctrl Pts',(-280.688606472,154.569798554,925.570956251));
#10219=CARTESIAN_POINT('Ctrl Pts',(-280.592980893,154.595510714,925.588698173));
#10220=CARTESIAN_POINT('Ctrl Pts',(-280.497355316,154.621222873,925.606440096));
#10221=CARTESIAN_POINT('Ctrl Pts',(-280.401698071,154.646943547,925.624187894));
#10222=CARTESIAN_POINT('Ctrl Pts',(-280.401666404,154.646952062,925.624193769));
#10223=CARTESIAN_POINT('Ctrl Pts',(-280.35371459,154.659845523,925.633090525));
#10224=CARTESIAN_POINT('Ctrl Pts',(-280.305794443,154.67273047,925.641981405));
#10225=CARTESIAN_POINT('Ctrl Pts',(-280.257842628,154.685623931,925.650878159));
#10226=CARTESIAN_POINT('Ctrl Pts',(-280.257810961,154.685632446,925.650884035));
#10227=CARTESIAN_POINT('Ctrl Pts',(-276.05588359,155.815462243,926.430489957));
#10228=CARTESIAN_POINT('Ctrl Pts',(-271.853218379,156.94602529,927.207961764));
#10229=CARTESIAN_POINT('Ctrl Pts',(-267.650009497,158.076683512,927.983729938));
#10230=CARTESIAN_POINT('Ctrl Pts',(-280.820842523851,154.56528212182,925.500642302981));
#10231=CARTESIAN_POINT('Ctrl Pts',(-280.777397148901,154.57701737788,925.508680683987));
#10232=CARTESIAN_POINT('Ctrl Pts',(-280.73395177395,154.58875263394,925.516719064993));
#10233=CARTESIAN_POINT('Ctrl Pts',(-280.690506399,154.60048789,925.524757446));
#10234=CARTESIAN_POINT('Ctrl Pts',(-280.594902108,154.626312062,925.542446411));
#10235=CARTESIAN_POINT('Ctrl Pts',(-280.499297815,154.652136233,925.560135375));
#10236=CARTESIAN_POINT('Ctrl Pts',(-280.403661864,154.677968956,925.577830197));
#10237=CARTESIAN_POINT('Ctrl Pts',(-280.403630203,154.677977508,925.577836055));
#10238=CARTESIAN_POINT('Ctrl Pts',(-280.355689063,154.690927138,925.586706254));
#10239=CARTESIAN_POINT('Ctrl Pts',(-280.307779583,154.703868217,925.595570595));
#10240=CARTESIAN_POINT('Ctrl Pts',(-280.259838442,154.716817847,925.604440795));
#10241=CARTESIAN_POINT('Ctrl Pts',(-280.259806782,154.716826399,925.604446653));
#10242=CARTESIAN_POINT('Ctrl Pts',(-276.058814746,155.851578167,926.381725527));
#10243=CARTESIAN_POINT('Ctrl Pts',(-271.857166577,156.986863537,927.157611877));
#10244=CARTESIAN_POINT('Ctrl Pts',(-267.655080703,158.12223287,927.932376319));
#10245=CARTESIAN_POINT('Ctrl Pts',(-280.822713434279,154.595818754635,925.454515697318));
#10246=CARTESIAN_POINT('Ctrl Pts',(-280.779277731853,154.607604911757,925.462530012212));
#10247=CARTESIAN_POINT('Ctrl Pts',(-280.735842029426,154.619391068878,925.470544327106));
#10248=CARTESIAN_POINT('Ctrl Pts',(-280.692406327,154.631177226,925.478558642));
#10249=CARTESIAN_POINT('Ctrl Pts',(-280.596823321,154.657113409,925.496194648));
#10250=CARTESIAN_POINT('Ctrl Pts',(-280.501240315,154.683049593,925.513830654));
#10251=CARTESIAN_POINT('Ctrl Pts',(-280.405625657,154.708994366,925.5314725));
#10252=CARTESIAN_POINT('Ctrl Pts',(-280.405594004,154.709002955,925.531478341));
#10253=CARTESIAN_POINT('Ctrl Pts',(-280.357663536,154.722008754,925.540321984));
#10254=CARTESIAN_POINT('Ctrl Pts',(-280.309764723,154.735005964,925.549159787));
#10255=CARTESIAN_POINT('Ctrl Pts',(-280.261834257,154.748011763,925.55800343));
#10256=CARTESIAN_POINT('Ctrl Pts',(-280.261802604,154.748020352,925.55800927));
#10257=CARTESIAN_POINT('Ctrl Pts',(-276.061745902,155.887694091,926.332961096));
#10258=CARTESIAN_POINT('Ctrl Pts',(-271.861114774,157.027701784,927.10726199));
#10259=CARTESIAN_POINT('Ctrl Pts',(-267.660151908,158.167782228,927.8810227));
#10260=CARTESIAN_POINT('Ctrl Pts',(-280.844861152121,154.957309645729,924.908471556635));
#10261=CARTESIAN_POINT('Ctrl Pts',(-280.801539956747,154.969698373153,924.91620098309));
#10262=CARTESIAN_POINT('Ctrl Pts',(-280.758218761374,154.982087100576,924.923930409545));
#10263=CARTESIAN_POINT('Ctrl Pts',(-280.714897566,154.994475828,924.931659836));
#10264=CARTESIAN_POINT('Ctrl Pts',(-280.61956654,155.021738005,924.948668927));
#10265=CARTESIAN_POINT('Ctrl Pts',(-280.524235516,155.049000181,924.965678017));
#10266=CARTESIAN_POINT('Ctrl Pts',(-280.428872921,155.076271385,924.98269274));
#10267=CARTESIAN_POINT('Ctrl Pts',(-280.428841352,155.076280413,924.982698373));
#10268=CARTESIAN_POINT('Ctrl Pts',(-280.381037242,155.089951136,924.991227647));
#10269=CARTESIAN_POINT('Ctrl Pts',(-280.333264703,155.103612831,924.999751288));
#10270=CARTESIAN_POINT('Ctrl Pts',(-280.285460593,155.117283555,925.008280562));
#10271=CARTESIAN_POINT('Ctrl Pts',(-280.285429023,155.117292583,925.008286194));
#10272=CARTESIAN_POINT('Ctrl Pts',(-276.096444752,156.315232337,925.755690563));
#10273=CARTESIAN_POINT('Ctrl Pts',(-271.907853311,157.511142613,926.511222906));
#10274=CARTESIAN_POINT('Ctrl Pts',(-267.72018455,158.706992922,927.273101491));
#10275=CARTESIAN_POINT('Ctrl Pts',(-280.807283603742,155.14207305812,924.310947595334));
#10276=CARTESIAN_POINT('Ctrl Pts',(-280.763960138495,155.154798264414,924.318153970223));
#10277=CARTESIAN_POINT('Ctrl Pts',(-280.720636673247,155.167523470707,924.325360345111));
#10278=CARTESIAN_POINT('Ctrl Pts',(-280.677313208,155.180248677,924.33256672));
#10279=CARTESIAN_POINT('Ctrl Pts',(-280.581977187,155.208251297,924.348424803));
#10280=CARTESIAN_POINT('Ctrl Pts',(-280.486641168,155.236253917,924.364282887));
#10281=CARTESIAN_POINT('Ctrl Pts',(-280.391273576,155.26426581,924.380146221));
#10282=CARTESIAN_POINT('Ctrl Pts',(-280.391242004,155.264275084,924.380151473));
#10283=CARTESIAN_POINT('Ctrl Pts',(-280.34343539,155.278317105,924.38810357));
#10284=CARTESIAN_POINT('Ctrl Pts',(-280.295660347,155.292349854,924.396050416));
#10285=CARTESIAN_POINT('Ctrl Pts',(-280.247853733,155.306391876,924.404002512));
#10286=CARTESIAN_POINT('Ctrl Pts',(-280.247822162,155.306401149,924.404007763));
#10287=CARTESIAN_POINT('Ctrl Pts',(-276.058618402,156.536877097,925.100835278));
#10288=CARTESIAN_POINT('Ctrl Pts',(-271.871033794,157.766059857,925.811366052));
#10289=CARTESIAN_POINT('Ctrl Pts',(-267.685187911,158.996160883,926.531183157));
#10290=CARTESIAN_POINT('Ctrl Pts',(-280.717283096707,155.149207382839,923.711227221624));
#10291=CARTESIAN_POINT('Ctrl Pts',(-280.673860432802,155.161940494297,923.717908597709));
#10292=CARTESIAN_POINT('Ctrl Pts',(-280.630437768897,155.174673605756,923.724589973793));
#10293=CARTESIAN_POINT('Ctrl Pts',(-280.587015104992,155.187406717214,923.731271349877));
#10294=CARTESIAN_POINT('Ctrl Pts',(-280.49146079108,155.215426733029,923.745974139855));
#10295=CARTESIAN_POINT('Ctrl Pts',(-280.395906477147,155.243446748844,923.760676929823));
#10296=CARTESIAN_POINT('Ctrl Pts',(-280.300320519442,155.271476043725,923.775384588631));
#10297=CARTESIAN_POINT('Ctrl Pts',(-280.30028887667,155.271485322781,923.77538945745));
#10298=CARTESIAN_POINT('Ctrl Pts',(-280.252372797234,155.285536067975,923.782762227099));
#10299=CARTESIAN_POINT('Ctrl Pts',(-280.204488361592,155.299577533081,923.790130128929));
#10300=CARTESIAN_POINT('Ctrl Pts',(-280.156572284178,155.313628279275,923.797502900611));
#10301=CARTESIAN_POINT('Ctrl Pts',(-280.156540640384,155.313637558342,923.79750776944));
#10302=CARTESIAN_POINT('Ctrl Pts',(-275.957744755568,156.544877925327,924.443570089181));
#10303=CARTESIAN_POINT('Ctrl Pts',(-271.761910703461,157.77588872707,925.109036954718));
#10304=CARTESIAN_POINT('Ctrl Pts',(-267.567939718114,159.006719724176,925.786257275369));
#10305=CARTESIAN_POINT('Ctrl Pts',(-280.716301052928,155.14928522928,923.704683351132));
#10306=CARTESIAN_POINT('Ctrl Pts',(-280.672877306613,155.162018426996,923.711358998672));
#10307=CARTESIAN_POINT('Ctrl Pts',(-280.629453560298,155.174751624712,923.718034646213));
#10308=CARTESIAN_POINT('Ctrl Pts',(-280.586029813983,155.187484822428,923.724710293754));
#10309=CARTESIAN_POINT('Ctrl Pts',(-280.490473118161,155.215505028058,923.739400477711));
#10310=CARTESIAN_POINT('Ctrl Pts',(-280.394916422295,155.243525233688,923.754090661646));
#10311=CARTESIAN_POINT('Ctrl Pts',(-280.299328081884,155.271554718451,923.768785710263));
#10312=CARTESIAN_POINT('Ctrl Pts',(-280.29929643834,155.271563997561,923.768790574901));
#10313=CARTESIAN_POINT('Ctrl Pts',(-280.251379164468,155.28561483795,923.776157023198));
#10314=CARTESIAN_POINT('Ctrl Pts',(-280.203493535184,155.299656398162,923.783518607857));
#10315=CARTESIAN_POINT('Ctrl Pts',(-280.155576263356,155.313707239551,923.790885058221));
#10316=CARTESIAN_POINT('Ctrl Pts',(-280.155544618768,155.313716518683,923.790889922881));
#10317=CARTESIAN_POINT('Ctrl Pts',(-275.956644069136,156.544965226654,924.436398316362));
#10318=CARTESIAN_POINT('Ctrl Pts',(-271.760720002922,157.775995975141,925.101373465436));
#10319=CARTESIAN_POINT('Ctrl Pts',(-267.566660360227,159.006834937353,925.778128989738));
#10320=CARTESIAN_POINT('Ctrl Pts',(-280.715319009149,155.149363075722,923.698139480638));
#10321=CARTESIAN_POINT('Ctrl Pts',(-280.671894180424,155.162096359695,923.704809399636));
#10322=CARTESIAN_POINT('Ctrl Pts',(-280.628469351699,155.174829643669,923.711479318633));
#10323=CARTESIAN_POINT('Ctrl Pts',(-280.585044522974,155.187562927642,923.718149237631));
#10324=CARTESIAN_POINT('Ctrl Pts',(-280.489485445241,155.215583323087,923.732826815566));
#10325=CARTESIAN_POINT('Ctrl Pts',(-280.393926367442,155.243603718532,923.747504393469));
#10326=CARTESIAN_POINT('Ctrl Pts',(-280.298335644327,155.271633393176,923.762186831894));
#10327=CARTESIAN_POINT('Ctrl Pts',(-280.29830400001,155.271642672342,923.762191692351));
#10328=CARTESIAN_POINT('Ctrl Pts',(-280.250385531702,155.285693607925,923.769551819297));
#10329=CARTESIAN_POINT('Ctrl Pts',(-280.202498708776,155.299735263243,923.776907086786));
#10330=CARTESIAN_POINT('Ctrl Pts',(-280.154580242535,155.313786199826,923.784267215832));
#10331=CARTESIAN_POINT('Ctrl Pts',(-280.154548597152,155.313795479025,923.784272076321));
#10332=CARTESIAN_POINT('Ctrl Pts',(-275.955543382704,156.545052527981,924.429226543543));
#10333=CARTESIAN_POINT('Ctrl Pts',(-271.759529302383,157.776103223211,925.093709976155));
#10334=CARTESIAN_POINT('Ctrl Pts',(-267.565381002341,159.006950150529,925.770000704107));
#10335=CARTESIAN_POINT('Ctrl Pts',(-268.694123106281,158.676485798602,925.613213725331));
#10336=CARTESIAN_POINT('Ctrl Pts',(-268.699388669291,158.67708011706,925.68127509379));
#10337=CARTESIAN_POINT('Ctrl Pts',(-268.695942829215,158.677672692911,925.749212787792));
#10338=CARTESIAN_POINT('Ctrl Pts',(-268.673462028661,158.678885441338,925.888386732392));
#10339=CARTESIAN_POINT('Ctrl Pts',(-268.653584545354,158.679496477563,925.958583333999));
#10340=CARTESIAN_POINT('Ctrl Pts',(-268.568080539313,158.681446252657,926.182768580428));
#10341=CARTESIAN_POINT('Ctrl Pts',(-268.475530316379,158.682722668483,926.329850136695));
#10342=CARTESIAN_POINT('Ctrl Pts',(-268.182930421696,158.685968331569,926.704348022823));
#10343=CARTESIAN_POINT('Ctrl Pts',(-267.934300434315,158.687881047571,926.925709976705));
#10344=CARTESIAN_POINT('Ctrl Pts',(-267.689167792186,158.689495814338,927.112897222929));
#10345=CARTESIAN_POINT('Origin',(-259.80395082,158.61000039,918.071745884));
#10346=CARTESIAN_POINT('',(-253.34015237919,158.607103601846,917.796190676796));
#10347=CARTESIAN_POINT('',(-253.904440588673,158.592229294796,916.086709999536));
#10348=CARTESIAN_POINT('Origin',(-254.035956744283,158.600889389898,917.077986200781));
#10349=CARTESIAN_POINT('',(-255.080696429631,158.590957172106,915.930663047218));
#10350=CARTESIAN_POINT('',(-253.904440588437,158.592229294963,916.086709997756));
#10351=CARTESIAN_POINT('',(-257.402150683222,158.564680225384,912.89913542866));
#10352=CARTESIAN_POINT('Origin',(-254.725602809283,158.567574915753,913.254217310791));
#10353=CARTESIAN_POINT('',(-256.822088378478,158.526484199224,908.527034184276));
#10354=CARTESIAN_POINT('',(-257.402150674,158.564680225499,912.899135429996));
#10355=CARTESIAN_POINT('Origin',(-259.80395082,158.610000389913,918.071745884001));
#10356=CARTESIAN_POINT('',(-258.348718535733,158.696219424983,927.964918544243));
#10357=CARTESIAN_POINT('Origin',(-259.80395082,158.610000390037,918.071745884));
#10358=CARTESIAN_POINT('',(-257.662783336074,158.651051864313,922.794821891072));
#10359=CARTESIAN_POINT('',(-258.348718535,158.696219424963,927.964918544001));
#10360=CARTESIAN_POINT('',(-256.864907254048,158.637168182006,921.210751689849));
#10361=CARTESIAN_POINT('Origin',(-254.986235470283,158.653946554498,923.149903772793));
#10362=CARTESIAN_POINT('',(-256.864907256,158.637168182211,921.210751687998));
#10363=CARTESIAN_POINT('',(-264.780699588343,158.618756666257,919.031760251829));
#10364=CARTESIAN_POINT('',(-264.780699594,158.618756666303,919.031760256997));
#10365=CARTESIAN_POINT('',(-266.760970617,158.635647491234,920.950122372998));
#10366=CARTESIAN_POINT('',(-264.520066926696,158.532385027237,909.136073788263));
#10367=CARTESIAN_POINT('',(-264.520066933,158.532385027288,909.136073793998));
#10368=CARTESIAN_POINT('',(-266.500337956,158.549275852228,911.054435910998));
#10369=CARTESIAN_POINT('Origin',(-260.724944662,153.670811424,925.054308645));
#10370=CARTESIAN_POINT('',(-269.309451450547,152.184453619638,926.549297503254));
#10371=CARTESIAN_POINT('',(-262.550716456477,152.191763203767,927.445939171218));
#10372=CARTESIAN_POINT('',(-261.066747882039,152.193368114871,927.642808563308));
#10373=CARTESIAN_POINT('Origin',(-262.481817478513,153.668911377722,924.821234650448));
#10374=CARTESIAN_POINT('',(-268.961659478391,150.662017872299,923.987800004469));
#10375=CARTESIAN_POINT('',(-260.725173110892,150.670925646171,925.080486264977));
#10376=CARTESIAN_POINT('',(-269.029937172591,152.15908981962,926.571560628196));
#10377=CARTESIAN_POINT('Origin',(-268.961431028042,153.661903648567,923.961622389516));
#10378=CARTESIAN_POINT('Origin',(-234.208991785371,153.416243033801,929.306445223579));
#10379=CARTESIAN_POINT('Origin',(-259.80395082,158.61000039,918.071745884));
#10380=CARTESIAN_POINT('',(-257.560230949722,152.19510993022,927.873016288608));
#10381=CARTESIAN_POINT('',(-257.560116724708,153.695052819341,927.859927478883));
#10382=CARTESIAN_POINT('',(-257.560230951024,152.19510993,927.87301628892));
#10383=CARTESIAN_POINT('Origin',(-259.804445795,152.110247870717,918.128464058503));
#10384=CARTESIAN_POINT('',(-256.822316835651,155.526598420958,908.553211801874));
#10385=CARTESIAN_POINT('',(-256.822088377913,158.52648419927,908.527034184721));
#10386=CARTESIAN_POINT('',(-258.348946993186,155.696333646818,927.991096162992));
#10387=CARTESIAN_POINT('Origin',(-259.80417927,155.610114611653,918.097923503003));
#10388=CARTESIAN_POINT('',(-258.348718535043,158.696219424961,927.96491854371));
#10389=CARTESIAN_POINT('Origin',(-259.80433157,153.610190759981,918.115375249));
#10390=CARTESIAN_POINT('Origin',(-281.263627736,153.714402297,908.145579951));
#10391=CARTESIAN_POINT('',(-281.264084636343,147.714630740992,908.197935188063));
#10392=CARTESIAN_POINT('',(-278.615480476405,155.275821512005,909.987092074579));
#10393=CARTESIAN_POINT('Origin',(-278.615598166,153.730387734,910.000577847));
#10394=CARTESIAN_POINT('',(-278.898002793063,155.275487838001,913.208011875082));
#10395=CARTESIAN_POINT('Origin',(-278.898118316,153.758513489,913.221249305));
#10396=CARTESIAN_POINT('',(-281.828698495367,153.370669036012,914.590413218358));
#10397=CARTESIAN_POINT('Origin',(-282.049723812,153.801450862,918.114254663));
#10398=CARTESIAN_POINT('',(-282.050180712343,147.801679305992,918.166609900063));
#10399=CARTESIAN_POINT('',(-279.401576551935,155.362870076999,919.955766786908));
#10400=CARTESIAN_POINT('Origin',(-279.401694241,153.817436299,919.969252559));
#10401=CARTESIAN_POINT('',(-279.68409886807,155.362536403001,923.176686587169));
#10402=CARTESIAN_POINT('Origin',(-279.684214391,153.845562054,923.189924016));
#10403=CARTESIAN_POINT('',(-282.614794570367,153.457717601012,924.559087929358));
#10404=CARTESIAN_POINT('Origin',(-258.583105678,148.592899141,916.166275841));
#10405=CARTESIAN_POINT('',(-258.582953375673,150.592822992868,916.148824092315));
#10406=CARTESIAN_POINT('Origin',(-238.088031065,152.006219496,906.396605324));
#10407=CARTESIAN_POINT('',(-267.057150135033,152.050725641641,911.244080508777));
#10408=CARTESIAN_POINT('',(-268.916086565814,152.146896107095,922.248738243793));
#10409=CARTESIAN_POINT('Origin',(-259.804445795,152.110247870942,918.128464058501));
#10410=CARTESIAN_POINT('',(-266.970039256,152.021857773253,907.936659472998));
#10411=CARTESIAN_POINT('',(-257.387521160812,152.137875247808,921.315580627515));
#10412=CARTESIAN_POINT('',(-257.387521161,152.137875248634,921.315580629003));
#10413=CARTESIAN_POINT('',(-256.873863146434,152.086269040252,915.406128601428));
#10414=CARTESIAN_POINT('Origin',(-259.804445795,152.110247870144,918.128464059008));
#10415=CARTESIAN_POINT('',(-259.653928408225,152.060367578401,912.413628205881));
#10416=CARTESIAN_POINT('',(-259.653928408,152.060367578223,912.413628205998));
#10417=CARTESIAN_POINT('',(-262.587663254705,152.085391022017,915.255646156313));
#10418=CARTESIAN_POINT('',(-262.587663255,152.08539102257,915.255646156004));
#10419=CARTESIAN_POINT('',(-262.385787953349,152.137107182734,921.183942944647));
#10420=CARTESIAN_POINT('Origin',(-259.804445795,152.110247869749,918.128464059011));
#10421=CARTESIAN_POINT('',(-262.550716455,152.191763207793,927.445939174002));
#10422=CARTESIAN_POINT('',(-269.029935223611,152.184624667269,926.571337716811));
#10423=CARTESIAN_POINT('',(-269.029935219,152.184624666485,926.571337627005));
#10424=CARTESIAN_POINT('',(-268.916086567,152.146896107187,922.248738243999));
#10425=CARTESIAN_POINT('',(-264.561954179598,152.046349588988,910.764371827806));
#10426=CARTESIAN_POINT('',(-263.449928072534,152.056710173898,911.96137197542));
#10427=CARTESIAN_POINT('',(-264.561954185609,152.046349589039,910.764371833533));
#10428=CARTESIAN_POINT('',(-254.665890818598,152.047870279987,911.025001142806));
#10429=CARTESIAN_POINT('',(-253.553864711534,152.058230864898,912.22200129042));
#10430=CARTESIAN_POINT('',(-254.665890824609,152.047870280039,911.025001148533));
#10431=CARTESIAN_POINT('',(-254.926523479838,152.134241918981,920.920687604042));
#10432=CARTESIAN_POINT('',(-253.814497372534,152.144602503898,922.11768775142));
#10433=CARTESIAN_POINT('',(-254.926523486108,152.134241919035,920.920687610017));
#10434=CARTESIAN_POINT('',(-264.822586840838,152.132721227982,920.660058289042));
#10435=CARTESIAN_POINT('',(-263.710560733035,152.143081812894,921.857058436957));
#10436=CARTESIAN_POINT('',(-264.822586847109,152.132721228035,920.660058295017));
#10437=CARTESIAN_POINT('Origin',(-259.80456002,150.610304982,918.141552868));
#10438=CARTESIAN_POINT('',(-267.057264360043,150.550782752825,911.257169318282));
#10439=CARTESIAN_POINT('',(-266.970153481,150.521914884128,907.949748282999));
#10440=CARTESIAN_POINT('',(-268.916200790753,150.646953217996,922.261827053769));
#10441=CARTESIAN_POINT('Origin',(-259.80456002,150.610304981853,918.141552868001));
#10442=CARTESIAN_POINT('',(-268.916200792,150.646953218062,922.261827053999));
#10443=CARTESIAN_POINT('Origin',(-274.478185176,115.602013879,905.75590477));
#10444=CARTESIAN_POINT('',(-274.563319638869,121.330155834,908.955027980951));
#10445=CARTESIAN_POINT('Origin',(-270.603039872,121.409757724,918.112010965));
#10446=CARTESIAN_POINT('',(-270.603359706342,117.209917635023,918.148659631096));
#10447=CARTESIAN_POINT('Origin',(-259.80710343,117.211576656,918.432997027));
#10448=CARTESIAN_POINT('',(-268.964202897661,117.263289547386,924.279244161172));
#10449=CARTESIAN_POINT('',(-268.96420289,117.263289548067,924.279244162));
#10450=CARTESIAN_POINT('',(-268.918744204613,117.248224891983,922.553271209309));
#10451=CARTESIAN_POINT('',(-268.96420289769,117.263289547999,924.279244161797));
#10452=CARTESIAN_POINT('',(-267.059807769944,117.152054426629,911.548613477109));
#10453=CARTESIAN_POINT('Origin',(-259.80710343,117.211576655947,918.432997027001));
#10454=CARTESIAN_POINT('',(-266.972696891,117.123186558119,908.241192440999));
#10455=CARTESIAN_POINT('Origin',(-238.090802925,115.607605392,906.714227101));
#10456=CARTESIAN_POINT('',(-257.563002809503,115.796495826194,928.190638065679));
#10457=CARTESIAN_POINT('Origin',(-259.807217655,115.711633766659,918.446085835682));
#10458=CARTESIAN_POINT('',(-267.059921994901,115.652111537447,911.561702286522));
#10459=CARTESIAN_POINT('',(-267.059921995,115.652111537779,911.561702285993));
#10460=CARTESIAN_POINT('',(-268.918858426483,115.748282002824,922.5663600206));
#10461=CARTESIAN_POINT('Origin',(-259.807217655,115.711633766359,918.446085836506));
#10462=CARTESIAN_POINT('',(-269.03310187293,115.786141391918,926.903948685614));
#10463=CARTESIAN_POINT('',(-269.033101868,115.786141392109,926.903948686999));
#10464=CARTESIAN_POINT('',(-262.553488316511,115.793149103705,927.76356095143));
#10465=CARTESIAN_POINT('',(-262.553488315,115.793149103802,927.763560951993));
#10466=CARTESIAN_POINT('',(-262.388559813157,115.738493080632,921.501564721478));
#10467=CARTESIAN_POINT('',(-262.388559813,115.738493079702,921.501564722994));
#10468=CARTESIAN_POINT('',(-262.590435114092,115.686776918963,915.573267933825));
#10469=CARTESIAN_POINT('Origin',(-259.807217655,115.711633767786,918.446085835993));
#10470=CARTESIAN_POINT('',(-259.656700267165,115.661753473934,912.731249982795));
#10471=CARTESIAN_POINT('',(-259.656700267,115.661753474223,912.731249982998));
#10472=CARTESIAN_POINT('',(-256.876635005414,115.687654937345,915.723750378373));
#10473=CARTESIAN_POINT('',(-256.876635005,115.687654936825,915.723750377993));
#10474=CARTESIAN_POINT('',(-257.39029302056,115.739261145432,921.633202404608));
#10475=CARTESIAN_POINT('Origin',(-259.807217655,115.711633768349,918.446085835988));
#10476=CARTESIAN_POINT('',(-257.563002808,115.796495826412,928.190638065997));
#10477=CARTESIAN_POINT('',(-254.668662688275,115.649256175999,911.342622920886));
#10478=CARTESIAN_POINT('',(-255.842156627393,115.659265553005,912.479430101626));
#10479=CARTESIAN_POINT('',(-254.66866268834,115.649256175995,911.342622920387));
#10480=CARTESIAN_POINT('',(-264.825358710109,115.734107123995,920.977680067405));
#10481=CARTESIAN_POINT('',(-265.998852649893,115.744116501001,922.11448724811));
#10482=CARTESIAN_POINT('',(-264.825358709842,115.734107123991,920.977680066924));
#10483=CARTESIAN_POINT('',(-254.929295349109,115.735627814995,921.238309382405));
#10484=CARTESIAN_POINT('',(-256.102789288893,115.745637192001,922.37511656311));
#10485=CARTESIAN_POINT('',(-254.929295348842,115.735627814991,921.238309381924));
#10486=CARTESIAN_POINT('',(-264.564726049275,115.647735484999,911.081993605886));
#10487=CARTESIAN_POINT('',(-265.738219988893,115.657744862001,912.21880078711));
#10488=CARTESIAN_POINT('',(-264.56472604934,115.647735484995,911.081993605387));
#10489=CARTESIAN_POINT('Origin',(-259.80395082,158.61000039,918.071745884));
#10490=CARTESIAN_POINT('',(-257.563117034799,114.296552937088,928.203726874805));
#10491=CARTESIAN_POINT('',(-257.563117035613,114.296552937,928.203726874931));
#10492=CARTESIAN_POINT('',(-261.122493437967,114.298291826942,928.371936643014));
#10493=CARTESIAN_POINT('Origin',(-259.80733188,114.211690877723,918.459174645182));
#10494=CARTESIAN_POINT('',(-261.122767579924,110.698428893068,928.403349785957));
#10495=CARTESIAN_POINT('',(-261.122493439156,114.298291827076,928.371936646712));
#10496=CARTESIAN_POINT('',(-258.352373734428,110.698046978948,928.38376044728));
#10497=CARTESIAN_POINT('Origin',(-259.80760602,110.611827943981,918.490587787983));
#10498=CARTESIAN_POINT('',(-258.352251894404,112.297986060856,928.369799050497));
#10499=CARTESIAN_POINT('',(-258.348718535045,158.696219424961,927.96491854371));
#10500=CARTESIAN_POINT('',(-256.825621730571,112.128250835184,908.931914693792));
#10501=CARTESIAN_POINT('Origin',(-259.80748418,112.211767025655,918.476626391182));
#10502=CARTESIAN_POINT('',(-256.825743570237,110.52831175364,908.945876090773));
#10503=CARTESIAN_POINT('',(-256.825743561789,110.528311754019,908.945876091283));
#10504=CARTESIAN_POINT('Origin',(-259.80760602,110.611827944727,918.490587787976));
#10505=CARTESIAN_POINT('Origin',(-259.80760602,110.611827944,918.490587788));
#10506=CARTESIAN_POINT('',(-262.647178081051,110.551696068796,911.574853465726));
#10507=CARTESIAN_POINT('Origin',(-264.625321369717,110.567881779666,913.412429900018));
#10508=CARTESIAN_POINT('',(-264.523722142185,110.534212581363,909.554915706588));
#10509=CARTESIAN_POINT('',(-264.523722134,110.534212581297,909.554915699006));
#10510=CARTESIAN_POINT('',(-266.503993155999,110.551103406537,911.473277815552));
#10511=CARTESIAN_POINT('',(-266.503993156,110.551103406228,911.473277815007));
#10512=CARTESIAN_POINT('Origin',(-264.625321369717,110.567881779785,913.412429900017));
#10513=CARTESIAN_POINT('',(-257.405805867066,110.566507779729,913.317977334476));
#10514=CARTESIAN_POINT('',(-257.405805875,110.56650777949,913.317977333004));
#10515=CARTESIAN_POINT('',(-255.084351629925,110.59278472643,916.349504953334));
#10516=CARTESIAN_POINT('Origin',(-254.729258009717,110.5694024705,913.673059215019));
#10517=CARTESIAN_POINT('',(-253.908095788483,110.594056848817,916.505551908069));
#10518=CARTESIAN_POINT('',(-253.908095788,110.594056848664,916.505551905003));
#10519=CARTESIAN_POINT('',(-253.343807578812,110.608931155827,918.215032580958));
#10520=CARTESIAN_POINT('Origin',(-254.039611943717,110.602716943857,917.496828105025));
#10521=CARTESIAN_POINT('',(-256.868562458159,110.638995736544,921.629593589948));
#10522=CARTESIAN_POINT('',(-256.868562456,110.638995736211,921.629593592007));
#10523=CARTESIAN_POINT('',(-257.666438536346,110.65287941879,923.213663795097));
#10524=CARTESIAN_POINT('Origin',(-254.989890670717,110.655774109785,923.568745677017));
#10525=CARTESIAN_POINT('',(-258.352373735,110.698046978963,928.383760448));
#10526=CARTESIAN_POINT('',(-264.829702834625,110.694488668555,927.911500132395));
#10527=CARTESIAN_POINT('',(-261.122767579308,110.698428893105,928.403349789858));
#10528=CARTESIAN_POINT('',(-267.76719754451,110.673756034605,925.517927964287));
#10529=CARTESIAN_POINT('Ctrl Pts',(-267.767198289827,110.673756102479,925.517927937798));
#10530=CARTESIAN_POINT('Ctrl Pts',(-267.767270044651,110.673774128825,925.51999308306));
#10531=CARTESIAN_POINT('Ctrl Pts',(-267.767502909064,110.673859938528,925.52982461551));
#10532=CARTESIAN_POINT('Ctrl Pts',(-267.767405846171,110.67403818561,925.550252105842));
#10533=CARTESIAN_POINT('Ctrl Pts',(-267.767246387561,110.674108864027,925.558353056837));
#10534=CARTESIAN_POINT('Ctrl Pts',(-267.766406313315,110.674321709413,925.582751905361));
#10535=CARTESIAN_POINT('Ctrl Pts',(-267.765362033974,110.674463627387,925.599024442524));
#10536=CARTESIAN_POINT('Ctrl Pts',(-267.760772900689,110.674893597363,925.648337911522));
#10537=CARTESIAN_POINT('Ctrl Pts',(-267.755769004372,110.675179622949,925.681159354417));
#10538=CARTESIAN_POINT('Ctrl Pts',(-267.734780796125,110.676060116854,925.782244785436));
#10539=CARTESIAN_POINT('Ctrl Pts',(-267.712880362329,110.67664069103,925.848968171051));
#10540=CARTESIAN_POINT('Ctrl Pts',(-267.622186871678,110.678484367092,926.061040037665));
#10541=CARTESIAN_POINT('Ctrl Pts',(-267.528484821594,110.679677329746,926.198568127366));
#10542=CARTESIAN_POINT('Ctrl Pts',(-267.137163520325,110.683699712235,926.662937532881));
#10543=CARTESIAN_POINT('Ctrl Pts',(-266.72319026598,110.686179824747,926.950764567524));
#10544=CARTESIAN_POINT('Ctrl Pts',(-265.762112951496,110.691195447766,927.533928921544));
#10545=CARTESIAN_POINT('Ctrl Pts',(-265.093800034188,110.693516264779,927.80572071555));
#10546=CARTESIAN_POINT('Ctrl Pts',(-264.829712464433,110.694418574893,927.911427735029));
#10547=CARTESIAN_POINT('',(-267.682875046,110.645812187572,922.316365211039));
#10548=CARTESIAN_POINT('',(-259.747399063697,110.591875826993,916.204653446927));
#10549=CARTESIAN_POINT('',(-258.635372958003,110.602236411984,917.401653603145));
#10550=CARTESIAN_POINT('',(-259.747399064398,110.591875827005,916.204653447621));
#10551=CARTESIAN_POINT('',(-266.764625818882,110.637475045552,921.368964274412));
#10552=CARTESIAN_POINT('',(-264.784354800435,110.620584220354,919.450602166843));
#10553=CARTESIAN_POINT('',(-266.764625817,110.637475045235,921.368964277007));
#10554=CARTESIAN_POINT('',(-262.907810747973,110.638067707695,921.470539932358));
#10555=CARTESIAN_POINT('Origin',(-264.885954030717,110.654253418785,923.308116362017));
#10556=CARTESIAN_POINT('',(-264.784354794,110.620584220303,919.450602161006));
#10557=CARTESIAN_POINT('Origin',(-279.522814511,114.989887664,907.851631377));
#10558=CARTESIAN_POINT('Origin',(-281.536400415,114.637322635,907.879310658));
#10559=CARTESIAN_POINT('',(-279.840482227946,114.164829899131,924.197017422279));
#10560=CARTESIAN_POINT('Ctrl Pts',(-267.767197583821,110.673755898406,925.517927963652));
#10561=CARTESIAN_POINT('Ctrl Pts',(-269.492082980657,111.1725118757,925.323347351137));
#10562=CARTESIAN_POINT('Ctrl Pts',(-271.200097997953,111.666392072207,925.132802351415));
#10563=CARTESIAN_POINT('Ctrl Pts',(-274.594055026742,112.647775546648,924.759201271871));
#10564=CARTESIAN_POINT('Ctrl Pts',(-276.279765350839,113.135212015365,924.576205448749));
#10565=CARTESIAN_POINT('Ctrl Pts',(-278.257698731089,113.707151128596,924.364919673024));
#10566=CARTESIAN_POINT('Ctrl Pts',(-278.56637542174,113.796408176178,924.332046723287));
#10567=CARTESIAN_POINT('Ctrl Pts',(-279.19711707148,113.978793831633,924.265084436779));
#10568=CARTESIAN_POINT('Ctrl Pts',(-279.519127259773,114.071906621362,924.231030009624));
#10569=CARTESIAN_POINT('Ctrl Pts',(-279.840482228213,114.16482989876,924.197017422254));
#10570=CARTESIAN_POINT('',(-279.676048676455,114.115445051561,922.558181792318));
#10571=CARTESIAN_POINT('Origin',(-264.622401215,148.913824461,913.077815334));
#10572=CARTESIAN_POINT('',(-266.503871317986,112.151042488154,911.459316416949));
#10573=CARTESIAN_POINT('',(-266.501073001269,148.897046088222,911.138663249793));
#10574=CARTESIAN_POINT('',(-262.647056248301,112.151635150954,911.560892075882));
#10575=CARTESIAN_POINT('Origin',(-264.625199529717,112.167820860646,913.398468503223));
#10576=CARTESIAN_POINT('',(-262.644257926118,148.897638750541,911.240238899827));
#10577=CARTESIAN_POINT('Origin',(-284.194177458,153.726542614,909.511253514));
#10578=CARTESIAN_POINT('',(-284.194634355756,147.726771059023,909.56360875367));
#10579=CARTESIAN_POINT('Origin',(-284.476697607,153.754668369,912.731924972));
#10580=CARTESIAN_POINT('',(-284.47715450995,147.754896813998,912.784280209741));
#10581=CARTESIAN_POINT('Origin',(-281.828668037,153.770653806,914.586922868));
#10582=CARTESIAN_POINT('Origin',(-284.980273533,153.813591179,919.479928226));
#10583=CARTESIAN_POINT('',(-284.980730431139,147.813819624016,919.532283465848));
#10584=CARTESIAN_POINT('Origin',(-285.262793683,153.841716934,922.700599684));
#10585=CARTESIAN_POINT('',(-285.263250585863,147.841945378998,922.752954920749));
#10586=CARTESIAN_POINT('Origin',(-282.614764112,153.857702371,924.555597579));
#10587=CARTESIAN_POINT('Origin',(-442.707953522,119.658899585,881.901779902));
#10588=CARTESIAN_POINT('Origin',(-442.707953522,119.658899585,881.901779902));
#10589=CARTESIAN_POINT('Origin',(-277.977726459,134.837290648,928.104542156));
#10590=CARTESIAN_POINT('',(-277.922916426262,114.199689769927,926.143825904493));
#10591=CARTESIAN_POINT('',(-277.922916426141,114.199689769888,926.143825904021));
#10592=CARTESIAN_POINT('',(-277.922916426999,114.199685612043,926.143825940964));
#10593=CARTESIAN_POINT('Ctrl Pts',(-264.635032313452,110.841206698354,928.131219127321));
#10594=CARTESIAN_POINT('Ctrl Pts',(-264.689273699258,110.855475099053,928.12386861342));
#10595=CARTESIAN_POINT('Ctrl Pts',(-264.743515085064,110.869743499753,928.116518099519));
#10596=CARTESIAN_POINT('Ctrl Pts',(-264.79775647087,110.884011900453,928.109167585618));
#10597=CARTESIAN_POINT('Ctrl Pts',(-265.08307734165,110.959066629454,928.070502367246));
#10598=CARTESIAN_POINT('Ctrl Pts',(-265.36839692951,111.034121275615,928.031831528034));
#10599=CARTESIAN_POINT('Ctrl Pts',(-270.060748231156,112.268471857273,927.39564202726));
#10600=CARTESIAN_POINT('Ctrl Pts',(-274.467232179281,113.427677928729,926.795737527865));
#10601=CARTESIAN_POINT('Ctrl Pts',(-279.211873179576,114.674955042871,926.146419495149));
#10602=CARTESIAN_POINT('Ctrl Pts',(-279.550770943637,114.764039138172,926.100018645666));
#10603=CARTESIAN_POINT('Ctrl Pts',(-280.228568918758,114.942210962175,926.007227953259));
#10604=CARTESIAN_POINT('Ctrl Pts',(-280.56746778238,115.031296841876,925.960832626975));
#10605=CARTESIAN_POINT('Ctrl Pts',(-280.9063666486,115.120382722497,925.914437298092));
#10606=CARTESIAN_POINT('Ctrl Pts',(-280.960053808312,115.134495392611,925.907087514188));
#10607=CARTESIAN_POINT('Ctrl Pts',(-281.013740968024,115.148608062725,925.899737730286));
#10608=CARTESIAN_POINT('Ctrl Pts',(-281.067428127736,115.16272073284,925.892387946383));
#10609=CARTESIAN_POINT('Ctrl Pts',(-264.636028273415,110.835362323916,928.125139745901));
#10610=CARTESIAN_POINT('Ctrl Pts',(-264.690267823692,110.849637991378,928.117790317849));
#10611=CARTESIAN_POINT('Ctrl Pts',(-264.744507373969,110.86391365884,928.110440889797));
#10612=CARTESIAN_POINT('Ctrl Pts',(-264.798746924246,110.878189326302,928.103091461745));
#10613=CARTESIAN_POINT('Ctrl Pts',(-265.084058139767,110.953282279969,928.064431955164));
#10614=CARTESIAN_POINT('Ctrl Pts',(-265.369368097006,111.02837514941,928.025767002356));
#10615=CARTESIAN_POINT('Ctrl Pts',(-270.06156188377,112.263354405849,927.38968067584));
#10616=CARTESIAN_POINT('Ctrl Pts',(-274.467908003854,113.423151877819,926.789947725577));
#10617=CARTESIAN_POINT('Ctrl Pts',(-279.212406710717,114.671094687247,926.1409174041));
#10618=CARTESIAN_POINT('Ctrl Pts',(-279.551294349758,114.760226519115,926.094537767111));
#10619=CARTESIAN_POINT('Ctrl Pts',(-280.229072056172,114.938493720783,926.001789152172));
#10620=CARTESIAN_POINT('Ctrl Pts',(-280.56796078592,115.027627289584,925.955414863983));
#10621=CARTESIAN_POINT('Ctrl Pts',(-280.906849517734,115.116760858665,925.909040573728));
#10622=CARTESIAN_POINT('Ctrl Pts',(-280.960535071989,115.130881083416,925.90169412269));
#10623=CARTESIAN_POINT('Ctrl Pts',(-281.014220626244,115.145001308167,925.894347671652));
#10624=CARTESIAN_POINT('Ctrl Pts',(-281.067906180499,115.159121532918,925.887001220614));
#10625=CARTESIAN_POINT('Ctrl Pts',(-264.637024233378,110.829517949479,928.119060364481));
#10626=CARTESIAN_POINT('Ctrl Pts',(-264.691261948126,110.843800883703,928.111712022278));
#10627=CARTESIAN_POINT('Ctrl Pts',(-264.745499662875,110.858083817927,928.104363680075));
#10628=CARTESIAN_POINT('Ctrl Pts',(-264.799737377623,110.872366752151,928.097015337873));
#10629=CARTESIAN_POINT('Ctrl Pts',(-265.085038937883,110.947497930485,928.058361543082));
#10630=CARTESIAN_POINT('Ctrl Pts',(-265.370339264503,111.022629023205,928.019702476678));
#10631=CARTESIAN_POINT('Ctrl Pts',(-270.062375536385,112.258236954424,927.38371932442));
#10632=CARTESIAN_POINT('Ctrl Pts',(-274.468583828427,113.41862582691,926.784157923288));
#10633=CARTESIAN_POINT('Ctrl Pts',(-279.212940241859,114.667234331624,926.13541531305));
#10634=CARTESIAN_POINT('Ctrl Pts',(-279.551817755879,114.756413900057,926.089056888555));
#10635=CARTESIAN_POINT('Ctrl Pts',(-280.229575193586,114.934776479392,925.996350351086));
#10636=CARTESIAN_POINT('Ctrl Pts',(-280.56845378946,115.023957737292,925.949997100992));
#10637=CARTESIAN_POINT('Ctrl Pts',(-280.907332386867,115.113138994832,925.903643849364));
#10638=CARTESIAN_POINT('Ctrl Pts',(-280.961016335665,115.127266774221,925.896300731191));
#10639=CARTESIAN_POINT('Ctrl Pts',(-281.014700284463,115.141394553609,925.888957613018));
#10640=CARTESIAN_POINT('Ctrl Pts',(-281.068384233261,115.155522332997,925.881614494845));
#10641=CARTESIAN_POINT('Ctrl Pts',(-264.638020193341,110.823673575042,928.112980983061));
#10642=CARTESIAN_POINT('Ctrl Pts',(-264.692256072561,110.837963776028,928.105633726707));
#10643=CARTESIAN_POINT('Ctrl Pts',(-264.74649195178,110.852253977014,928.098286470354));
#10644=CARTESIAN_POINT('Ctrl Pts',(-264.800727831,110.866544178,928.090939214));
#10645=CARTESIAN_POINT('Ctrl Pts',(-265.086019736,110.941713581,928.052291131));
#10646=CARTESIAN_POINT('Ctrl Pts',(-265.371310432,111.016882897,928.013637951));
#10647=CARTESIAN_POINT('Ctrl Pts',(-270.063189189,112.253119503,927.377757973));
#10648=CARTESIAN_POINT('Ctrl Pts',(-274.469259653,113.414099776,926.778368121));
#10649=CARTESIAN_POINT('Ctrl Pts',(-279.213473773,114.663373976,926.129913222));
#10650=CARTESIAN_POINT('Ctrl Pts',(-279.552341162,114.752601281,926.08357601));
#10651=CARTESIAN_POINT('Ctrl Pts',(-280.230078331,114.931059238,925.99091155));
#10652=CARTESIAN_POINT('Ctrl Pts',(-280.568946793,115.020288185,925.944579338));
#10653=CARTESIAN_POINT('Ctrl Pts',(-280.907815256,115.109517131,925.898247125));
#10654=CARTESIAN_POINT('Ctrl Pts',(-280.961497599341,115.123652465025,925.890907339692));
#10655=CARTESIAN_POINT('Ctrl Pts',(-281.015179942682,115.137787799051,925.883567554384));
#10656=CARTESIAN_POINT('Ctrl Pts',(-281.068862286024,115.151923133076,925.876227769077));
#10657=CARTESIAN_POINT('Ctrl Pts',(-264.647357311554,110.7688826025,928.055986821573));
#10658=CARTESIAN_POINT('Ctrl Pts',(-264.701575982702,110.783240929334,928.048649745049));
#10659=CARTESIAN_POINT('Ctrl Pts',(-264.755794653851,110.797599256167,928.041312668524));
#10660=CARTESIAN_POINT('Ctrl Pts',(-264.810013325,110.811957583,928.033975592));
#10661=CARTESIAN_POINT('Ctrl Pts',(-265.095214712,110.887485342,927.995381057));
#10662=CARTESIAN_POINT('Ctrl Pts',(-265.380415121,110.963013001,927.956783062));
#10663=CARTESIAN_POINT('Ctrl Pts',(-270.070817177,112.205143429,927.321870342));
#10664=CARTESIAN_POINT('Ctrl Pts',(-274.475595504,113.371668078,926.724088762));
#10665=CARTESIAN_POINT('Ctrl Pts',(-279.218475624,114.627183167,926.078331154));
#10666=CARTESIAN_POINT('Ctrl Pts',(-279.557248091,114.716858002,926.032192809));
#10667=CARTESIAN_POINT('Ctrl Pts',(-280.234795241,114.896210124,925.939922825));
#10668=CARTESIAN_POINT('Ctrl Pts',(-280.573568698,114.985886156,925.893787845));
#10669=CARTESIAN_POINT('Ctrl Pts',(-280.912342151,115.075562181,925.847652869));
#10670=CARTESIAN_POINT('Ctrl Pts',(-280.966009443193,115.089768339699,925.84034432928));
#10671=CARTESIAN_POINT('Ctrl Pts',(-281.019676735386,115.103974498398,925.83303578956));
#10672=CARTESIAN_POINT('Ctrl Pts',(-281.073344027579,115.118180657098,925.82572724984));
#10673=CARTESIAN_POINT('Ctrl Pts',(-264.656694427337,110.714091620529,927.998992652656));
#10674=CARTESIAN_POINT('Ctrl Pts',(-264.710895890224,110.728518073019,927.991665755771));
#10675=CARTESIAN_POINT('Ctrl Pts',(-264.765097353112,110.74294452551,927.984338858885));
#10676=CARTESIAN_POINT('Ctrl Pts',(-264.819298816,110.757370978,927.977011962));
#10677=CARTESIAN_POINT('Ctrl Pts',(-265.104409684,110.833257092,927.938470974));
#10678=CARTESIAN_POINT('Ctrl Pts',(-265.389519807,110.909143093,927.899928168));
#10679=CARTESIAN_POINT('Ctrl Pts',(-270.07844515,112.157167326,927.265982744));
#10680=CARTESIAN_POINT('Ctrl Pts',(-274.481931274,113.329236234,926.669809642));
#10681=CARTESIAN_POINT('Ctrl Pts',(-279.223477472,114.590992356,926.026749086));
#10682=CARTESIAN_POINT('Ctrl Pts',(-279.562155026,114.681114735,925.980809587));
#10683=CARTESIAN_POINT('Ctrl Pts',(-280.23951215,114.861361012,925.888934079));
#10684=CARTESIAN_POINT('Ctrl Pts',(-280.578190594,114.951484116,925.842996345));
#10685=CARTESIAN_POINT('Ctrl Pts',(-280.916869035,115.041607223,925.797058606));
#10686=CARTESIAN_POINT('Ctrl Pts',(-280.970521275728,115.055884206848,925.789781311868));
#10687=CARTESIAN_POINT('Ctrl Pts',(-281.024173516456,115.070161190697,925.782504017736));
#10688=CARTESIAN_POINT('Ctrl Pts',(-281.077825757184,115.084438174545,925.775226723604));
#10689=CARTESIAN_POINT('Ctrl Pts',(-264.667587730394,110.650168808064,927.932499450064));
#10690=CARTESIAN_POINT('Ctrl Pts',(-264.721769117263,110.664674740709,927.925184429709));
#10691=CARTESIAN_POINT('Ctrl Pts',(-264.775950504132,110.679180673355,927.917869409355));
#10692=CARTESIAN_POINT('Ctrl Pts',(-264.830131891,110.693686606,927.910554389));
#10693=CARTESIAN_POINT('Ctrl Pts',(-265.115137155,110.769990802,927.872075874));
#10694=CARTESIAN_POINT('Ctrl Pts',(-265.400141942,110.84629487,927.833597452));
#10695=CARTESIAN_POINT('Ctrl Pts',(-270.087344448,112.101195221,927.200780512));
#10696=CARTESIAN_POINT('Ctrl Pts',(-274.489322942,113.279732532,926.606483793));
#10697=CARTESIAN_POINT('Ctrl Pts',(-279.229312963,114.548769741,925.966570001));
#10698=CARTESIAN_POINT('Ctrl Pts',(-279.567879789,114.639414243,925.920862506));
#10699=CARTESIAN_POINT('Ctrl Pts',(-280.24501522,114.820703708,925.829447218));
#10700=CARTESIAN_POINT('Ctrl Pts',(-280.583582813,114.911348407,925.783739591));
#10701=CARTESIAN_POINT('Ctrl Pts',(-280.922150407,115.001993106,925.738031963));
#10702=CARTESIAN_POINT('Ctrl Pts',(-280.975785087738,115.016352718608,925.730791122239));
#10703=CARTESIAN_POINT('Ctrl Pts',(-281.029419768477,115.030712331216,925.723550281478));
#10704=CARTESIAN_POINT('Ctrl Pts',(-281.083054449215,115.045071943824,925.716309440716));
#10705=CARTESIAN_POINT('Ctrl Pts',(-264.669142088826,110.641041442687,927.922995727443));
#10706=CARTESIAN_POINT('Ctrl Pts',(-264.723320610217,110.655558725458,927.915682413296));
#10707=CARTESIAN_POINT('Ctrl Pts',(-264.777499131609,110.670076008229,927.908369099148));
#10708=CARTESIAN_POINT('Ctrl Pts',(-264.831677653,110.684593291,927.901055785));
#10709=CARTESIAN_POINT('Ctrl Pts',(-265.116667844,110.760957191,927.862586245));
#10710=CARTESIAN_POINT('Ctrl Pts',(-265.401657596,110.83732096,927.82411707));
#10711=CARTESIAN_POINT('Ctrl Pts',(-270.088614192,112.093203243,927.191462151));
#10712=CARTESIAN_POINT('Ctrl Pts',(-274.490377514,113.272664236,926.597434167));
#10713=CARTESIAN_POINT('Ctrl Pts',(-279.230145429,114.542741119,925.957970572));
#10714=CARTESIAN_POINT('Ctrl Pts',(-279.568696451,114.633460175,925.912296267));
#10715=CARTESIAN_POINT('Ctrl Pts',(-280.245800244,114.814898597,925.82094682));
#10716=CARTESIAN_POINT('Ctrl Pts',(-280.584352017,114.905617775,925.775272112));
#10717=CARTESIAN_POINT('Ctrl Pts',(-280.922903791,114.996336953,925.729597405));
#10718=CARTESIAN_POINT('Ctrl Pts',(-280.97653596559,115.010708364308,925.722361779467));
#10719=CARTESIAN_POINT('Ctrl Pts',(-281.03016814018,115.025079775616,925.715126153934));
#10720=CARTESIAN_POINT('Ctrl Pts',(-281.08380031477,115.039451186924,925.707890528401));
#10721=CARTESIAN_POINT('Ctrl Pts',(-264.75725130082,110.11706858098,927.36759169198));
#10722=CARTESIAN_POINT('Ctrl Pts',(-264.811266390213,110.132238682653,927.360386884987));
#10723=CARTESIAN_POINT('Ctrl Pts',(-264.865281479607,110.147408784327,927.353182077994));
#10724=CARTESIAN_POINT('Ctrl Pts',(-264.919296569,110.162578886,927.345977271));
#10725=CARTESIAN_POINT('Ctrl Pts',(-265.203427074,110.242376748,927.308078501));
#10726=CARTESIAN_POINT('Ctrl Pts',(-265.48755936,110.322174293,927.270195707));
#10727=CARTESIAN_POINT('Ctrl Pts',(-270.160492249,111.634531206,926.647752883));
#10728=CARTESIAN_POINT('Ctrl Pts',(-274.549993807,112.867092155,926.069984488));
#10729=CARTESIAN_POINT('Ctrl Pts',(-279.277126236,114.196880759,925.457282194));
#10730=CARTESIAN_POINT('Ctrl Pts',(-279.614778334,114.291881347,925.413578858));
#10731=CARTESIAN_POINT('Ctrl Pts',(-280.290082381,114.481874303,925.326140286));
#10732=CARTESIAN_POINT('Ctrl Pts',(-280.627734282,114.576870746,925.282421014));
#10733=CARTESIAN_POINT('Ctrl Pts',(-280.965386184,114.67186719,925.238701744));
#10734=CARTESIAN_POINT('Ctrl Pts',(-281.018875804051,114.686916190659,925.23177589188));
#10735=CARTESIAN_POINT('Ctrl Pts',(-281.072365424101,114.701965191318,925.224850039761));
#10736=CARTESIAN_POINT('Ctrl Pts',(-281.125855044152,114.717014191977,925.217924187641));
#10737=CARTESIAN_POINT('Ctrl Pts',(-264.761929479137,109.806280090873,926.621309679407));
#10738=CARTESIAN_POINT('Ctrl Pts',(-264.815893158758,109.821889982916,926.614616500271));
#10739=CARTESIAN_POINT('Ctrl Pts',(-264.869856838379,109.837499874958,926.607923321136));
#10740=CARTESIAN_POINT('Ctrl Pts',(-264.923820518,109.853109767,926.601230142));
#10741=CARTESIAN_POINT('Ctrl Pts',(-265.207680597,109.935221017,926.56602264));
#10742=CARTESIAN_POINT('Ctrl Pts',(-265.491544019,110.017329574,926.530837794));
#10743=CARTESIAN_POINT('Ctrl Pts',(-270.160112445,111.367609396,925.953017373));
#10744=CARTESIAN_POINT('Ctrl Pts',(-274.54618896,112.634806989,925.420139311));
#10745=CARTESIAN_POINT('Ctrl Pts',(-279.270693511,114.001152358,924.862159903));
#10746=CARTESIAN_POINT('Ctrl Pts',(-279.608164728,114.098759403,924.822406494));
#10747=CARTESIAN_POINT('Ctrl Pts',(-280.283103453,114.293967761,924.742846318));
#10748=CARTESIAN_POINT('Ctrl Pts',(-280.620572694,114.391571904,924.703066242));
#10749=CARTESIAN_POINT('Ctrl Pts',(-280.958041935,114.489176048,924.663286168));
#10750=CARTESIAN_POINT('Ctrl Pts',(-281.011502618541,114.50463815127,924.656984349378));
#10751=CARTESIAN_POINT('Ctrl Pts',(-281.064963302082,114.520100254539,924.650682530756));
#10752=CARTESIAN_POINT('Ctrl Pts',(-281.118423985623,114.535562357809,924.644380712134));
#10753=CARTESIAN_POINT('Ctrl Pts',(-264.683138169612,109.781994956548,925.869538936971));
#10754=CARTESIAN_POINT('Ctrl Pts',(-264.737175391408,109.797619930698,925.863375045647));
#10755=CARTESIAN_POINT('Ctrl Pts',(-264.791212613204,109.813244904849,925.857211154324));
#10756=CARTESIAN_POINT('Ctrl Pts',(-264.845249835,109.828869879,925.851047263));
#10757=CARTESIAN_POINT('Ctrl Pts',(-265.129496761,109.911060464,925.818623924));
#10758=CARTESIAN_POINT('Ctrl Pts',(-265.413746665,109.993251933,925.78622827));
#10759=CARTESIAN_POINT('Ctrl Pts',(-270.088662591,111.345014778,925.254474184));
#10760=CARTESIAN_POINT('Ctrl Pts',(-274.48061579,112.614968857,924.767190523));
#10761=CARTESIAN_POINT('Ctrl Pts',(-279.212592833,113.983270476,924.264755505));
#10762=CARTESIAN_POINT('Ctrl Pts',(-279.550605237,114.081010548,924.229011176));
#10763=CARTESIAN_POINT('Ctrl Pts',(-280.226622471,114.276488404,924.157447471));
#10764=CARTESIAN_POINT('Ctrl Pts',(-280.564630966,114.374227296,924.121665629));
#10765=CARTESIAN_POINT('Ctrl Pts',(-280.902639461,114.471966189,924.08588379));
#10766=CARTESIAN_POINT('Ctrl Pts',(-280.956185571252,114.48744963873,924.080215357625));
#10767=CARTESIAN_POINT('Ctrl Pts',(-281.009731681505,114.502933088459,924.07454692525));
#10768=CARTESIAN_POINT('Ctrl Pts',(-281.063277791757,114.518416538189,924.068878492875));
#10769=CARTESIAN_POINT('Ctrl Pts',(-264.683053080711,109.78196820525,925.868714499628));
#10770=CARTESIAN_POINT('Ctrl Pts',(-264.737090368474,109.797593201833,925.862551186419));
#10771=CARTESIAN_POINT('Ctrl Pts',(-264.791127656237,109.813218198417,925.856387873209));
#10772=CARTESIAN_POINT('Ctrl Pts',(-264.845164944,109.828843195,925.85022456));
#10773=CARTESIAN_POINT('Ctrl Pts',(-265.129412217,109.911033898,925.817804262));
#10774=CARTESIAN_POINT('Ctrl Pts',(-265.413662435,109.993225436,925.78541162));
#10775=CARTESIAN_POINT('Ctrl Pts',(-270.088582583,111.344987808,925.253706303));
#10776=CARTESIAN_POINT('Ctrl Pts',(-274.480529114,112.614923654,924.766459809));
#10777=CARTESIAN_POINT('Ctrl Pts',(-279.212529133,113.983250553,924.264099932));
#10778=CARTESIAN_POINT('Ctrl Pts',(-279.55054339,114.080992794,924.228361298));
#10779=CARTESIAN_POINT('Ctrl Pts',(-280.226560737,114.276470434,924.156807048));
#10780=CARTESIAN_POINT('Ctrl Pts',(-280.564568501,114.37420809,924.12102928));
#10781=CARTESIAN_POINT('Ctrl Pts',(-280.902578045,114.471947224,924.085251059));
#10782=CARTESIAN_POINT('Ctrl Pts',(-280.956124321431,114.487430711908,924.079583199776));
#10783=CARTESIAN_POINT('Ctrl Pts',(-281.009670597862,114.502914199816,924.073915340551));
#10784=CARTESIAN_POINT('Ctrl Pts',(-281.063216874294,114.518397687724,924.068247481327));
#10785=CARTESIAN_POINT('Ctrl Pts',(-264.6829650777,109.781942735875,925.867890299027));
#10786=CARTESIAN_POINT('Ctrl Pts',(-264.737002461466,109.797567741583,925.861727568685));
#10787=CARTESIAN_POINT('Ctrl Pts',(-264.791039845233,109.813192747292,925.855564838342));
#10788=CARTESIAN_POINT('Ctrl Pts',(-264.845077229,109.828817753,925.849402108));
#10789=CARTESIAN_POINT('Ctrl Pts',(-265.129325007,109.911008504,925.816984876));
#10790=CARTESIAN_POINT('Ctrl Pts',(-265.413575761,109.993200147,925.784595338));
#10791=CARTESIAN_POINT('Ctrl Pts',(-270.088505645,111.344966115,925.252942278));
#10792=CARTESIAN_POINT('Ctrl Pts',(-274.480471755,112.614926154,924.765758599));
#10793=CARTESIAN_POINT('Ctrl Pts',(-279.212465232,113.983231905,924.263445401));
#10794=CARTESIAN_POINT('Ctrl Pts',(-279.550478826,114.080972257,924.227709865));
#10795=CARTESIAN_POINT('Ctrl Pts',(-280.226498431,114.276450687,924.156163697));
#10796=CARTESIAN_POINT('Ctrl Pts',(-280.564508111,114.374189867,924.120390622));
#10797=CARTESIAN_POINT('Ctrl Pts',(-280.902517791,114.471929046,924.084617551));
#10798=CARTESIAN_POINT('Ctrl Pts',(-280.956064088976,114.487412541037,924.07895050762));
#10799=CARTESIAN_POINT('Ctrl Pts',(-281.009610386952,114.502896036073,924.073283464241));
#10800=CARTESIAN_POINT('Ctrl Pts',(-281.063156684928,114.51837953111,924.067616420861));
#10801=CARTESIAN_POINT('Ctrl Pts',(-279.840482226874,114.164829898373,924.197017422413));
#10802=CARTESIAN_POINT('Ctrl Pts',(-279.84108259704,114.165019725342,924.202864793194));
#10803=CARTESIAN_POINT('Ctrl Pts',(-279.841683195703,114.165209780213,924.20871216074));
#10804=CARTESIAN_POINT('Ctrl Pts',(-279.842961598537,114.165667539629,924.220396569589));
#10805=CARTESIAN_POINT('Ctrl Pts',(-279.843626577444,114.165922360519,924.226235105867));
#10806=CARTESIAN_POINT('Ctrl Pts',(-279.845699087554,114.166764650988,924.243743086501));
#10807=CARTESIAN_POINT('Ctrl Pts',(-279.847183469054,114.167429703995,924.255398085423));
#10808=CARTESIAN_POINT('Ctrl Pts',(-279.85194734381,114.169735899577,924.290342731911));
#10809=CARTESIAN_POINT('Ctrl Pts',(-279.85553153885,114.171685848906,924.313557949133));
#10810=CARTESIAN_POINT('Ctrl Pts',(-279.867532879041,114.178780545468,924.383195376768));
#10811=CARTESIAN_POINT('Ctrl Pts',(-279.877148254793,114.185148746588,924.429194874532));
#10812=CARTESIAN_POINT('Ctrl Pts',(-279.91105124423,114.209264875364,924.567582697463));
#10813=CARTESIAN_POINT('Ctrl Pts',(-279.939985814679,114.231819777924,924.657441111262));
#10814=CARTESIAN_POINT('Ctrl Pts',(-280.047138109631,114.319603519539,924.929257619583));
#10815=CARTESIAN_POINT('Ctrl Pts',(-280.142994486161,114.403402236573,925.096976058891));
#10816=CARTESIAN_POINT('Ctrl Pts',(-280.456331972502,114.685330991184,925.530592297597));
#10817=CARTESIAN_POINT('Ctrl Pts',(-280.675466645131,114.891370887033,925.706826607412));
#10818=CARTESIAN_POINT('Ctrl Pts',(-280.907816079066,115.109517492563,925.89824721841));
#10819=CARTESIAN_POINT('',(-264.829834900945,110.694596695084,927.911553399036));
#10820=CARTESIAN_POINT('Origin',(-260.727944972,114.272311542,925.398108041));
#10821=CARTESIAN_POINT('',(-262.564243581077,114.296732573396,928.18066811735));
#10822=CARTESIAN_POINT('',(-261.122493439822,114.298291831471,928.371936639137));
#10823=CARTESIAN_POINT('Origin',(-262.484817787938,114.27041149683,925.16503404023));
#10824=CARTESIAN_POINT('Origin',(-268.964431347563,114.263403763598,924.305421777199));
#10825=CARTESIAN_POINT('Origin',(-280.23341573,158.675929191,925.448725542));
#10826=CARTESIAN_POINT('',(-262.564243578,114.296732572102,928.180668116999));
#10827=CARTESIAN_POINT('Origin',(-262.907182307,118.890350776,921.398528812));
#10828=CARTESIAN_POINT('',(-264.780928032241,155.618870887991,919.057937868636));
#10829=CARTESIAN_POINT('',(-264.780928034006,155.618870887918,919.057937866716));
#10830=CARTESIAN_POINT('',(-262.904383981274,155.636354375912,921.077875632036));
#10831=CARTESIAN_POINT('Origin',(-264.783726359,118.872867289,919.378591045));
#10832=CARTESIAN_POINT('',(-264.780928040583,155.618870888031,919.057937879527));
#10833=CARTESIAN_POINT('Origin',(-264.523093698,118.78649565,909.482904582));
#10834=CARTESIAN_POINT('',(-264.52029536957,155.532499248983,909.162251404975));
#10835=CARTESIAN_POINT('',(-264.52029537178,155.532499248908,909.162251402577));
#10836=CARTESIAN_POINT('',(-262.643751318549,155.549982736898,911.182189168434));
#10837=CARTESIAN_POINT('Origin',(-266.50336472,118.803386475,911.401266699));
#10838=CARTESIAN_POINT('',(-264.520295378752,155.532499249038,909.162251417386));
#10839=CARTESIAN_POINT('Origin',(-254.038983509,118.855000012,917.424816989));
#10840=CARTESIAN_POINT('',(-253.340380827306,155.607217823931,917.822368297749));
#10841=CARTESIAN_POINT('',(-253.343179144009,118.861214224142,918.143021464917));
#10842=CARTESIAN_POINT('',(-253.904669038888,155.592343516863,916.11288762055));
#10843=CARTESIAN_POINT('Origin',(-254.036185194283,155.601003611855,917.104163819781));
#10844=CARTESIAN_POINT('',(-253.907467353626,118.846339917096,916.433540789532));
#10845=CARTESIAN_POINT('Origin',(-256.867934021,118.891278805,921.557582476));
#10846=CARTESIAN_POINT('',(-256.86513570406,155.637282404257,921.236929308687));
#10847=CARTESIAN_POINT('',(-256.865135702583,155.63728240403,921.236929310527));
#10848=CARTESIAN_POINT('',(-253.34038082532,155.607217824033,917.822368299798));
#10849=CARTESIAN_POINT('Origin',(-254.989262235,118.908057178,923.496734561));
#10850=CARTESIAN_POINT('',(-257.663011793648,155.651166086627,922.820999508988));
#10851=CARTESIAN_POINT('',(-257.665810100813,118.905162487502,923.141652679203));
#10852=CARTESIAN_POINT('Origin',(-254.986463920283,155.654060776783,923.176081391791));
#10853=CARTESIAN_POINT('Origin',(-257.665810101,118.905162487,923.141652679));
#10854=CARTESIAN_POINT('',(-257.663011801201,155.651166086984,922.820999507983));
#10855=CARTESIAN_POINT('Origin',(-256.000511232,118.726296184,902.658581192));
#10856=CARTESIAN_POINT('',(-257.402379132736,155.564794447692,912.925313047436));
#10857=CARTESIAN_POINT('',(-257.402379140185,155.564794447982,912.925313046853));
#10858=CARTESIAN_POINT('',(-256.822316843257,155.526598420984,908.553211801976));
#10859=CARTESIAN_POINT('Origin',(-254.728629574,118.821685539,913.601048099));
#10860=CARTESIAN_POINT('',(-255.080924879825,155.591071394512,915.956840668482));
#10861=CARTESIAN_POINT('',(-255.083723194612,118.84506779524,916.277493837418));
#10862=CARTESIAN_POINT('Origin',(-254.725831259283,155.567689138489,913.280394929785));
#10863=CARTESIAN_POINT('Origin',(-445.119659469,615.898456601,908.636249005));
#10864=CARTESIAN_POINT('',(-269.029937176302,152.159089596362,926.571560630003));
#10865=CARTESIAN_POINT('Origin',(-269.041085271,150.688338965,927.003434076));
#10866=CARTESIAN_POINT('',(-268.916086564223,152.146896107,922.248738244073));
#10867=CARTESIAN_POINT('Origin',(-238.08791684,153.506162385,906.383516514));
#10868=CARTESIAN_POINT('',(-262.34712480699,153.624275259851,919.707230827144));
#10869=CARTESIAN_POINT('',(-262.347124807,153.6242752597,919.707230827003));
#10870=CARTESIAN_POINT('',(-261.891744664946,153.591548123829,915.960761821214));
#10871=CARTESIAN_POINT('Origin',(-259.804331570126,153.610190760436,918.115375249244));
#10872=CARTESIAN_POINT('',(-259.691443530263,153.572780540445,913.829248358528));
#10873=CARTESIAN_POINT('',(-259.691443529,153.572780540449,913.829248358996));
#10874=CARTESIAN_POINT('',(-257.606394584861,153.592206637239,916.07362365709));
#10875=CARTESIAN_POINT('',(-257.606394583,153.592206637398,916.073623654997));
#10876=CARTESIAN_POINT('',(-257.348858014478,153.625043324235,919.838868510251));
#10877=CARTESIAN_POINT('Origin',(-259.804331570126,153.610190759738,918.11537524925));
#10878=CARTESIAN_POINT('',(-257.560116723,153.695052819412,927.859927478996));
#10879=CARTESIAN_POINT('Origin',(-238.08776454,155.506086237,906.366064768));
#10880=CARTESIAN_POINT('',(-255.08092488,155.591071394368,915.956840668997));
#10881=CARTESIAN_POINT('',(-254.926256953827,155.634108659983,920.890147048267));
#10882=CARTESIAN_POINT('',(-256.099750899764,155.644118038038,922.026954234373));
#10883=CARTESIAN_POINT('',(-254.926256951769,155.634108659892,920.890147037709));
#10884=CARTESIAN_POINT('',(-254.665624292827,155.547737020983,910.994460587268));
#10885=CARTESIAN_POINT('',(-255.839118238764,155.557746399038,912.131267773373));
#10886=CARTESIAN_POINT('',(-254.665624290769,155.547737020892,910.994460576709));
#10887=CARTESIAN_POINT('Origin',(-259.80456002,150.610304982,918.141552868));
#10888=CARTESIAN_POINT('',(-267.057264360151,150.550782752649,911.257169318359));
#10889=CARTESIAN_POINT('Origin',(-267.05726436,150.550782753,911.257169318));
#10890=CARTESIAN_POINT('Origin',(-257.347563733,170.62086535,919.690559479));
#10891=CARTESIAN_POINT('',(-257.348896088912,153.125062361594,919.84323144552));
#10892=CARTESIAN_POINT('',(-257.348858013944,153.625043325,919.838868510028));
#10893=CARTESIAN_POINT('Ctrl Pts',(-257.348896088912,153.125062361593,919.843231445519));
#10894=CARTESIAN_POINT('Ctrl Pts',(-257.365443469441,152.783682088539,920.473525307655));
#10895=CARTESIAN_POINT('Ctrl Pts',(-257.387521160732,152.137875247511,921.315580627289));
#10896=CARTESIAN_POINT('Origin',(-259.804445795,152.11024786958,918.128464059012));
#10897=CARTESIAN_POINT('',(-257.606432659293,153.092225675111,916.0779865932));
#10898=CARTESIAN_POINT('Origin',(-259.804369645,153.110209797395,918.119738185997));
#10899=CARTESIAN_POINT('',(-256.873863146146,152.086269039527,915.406128601166));
#10900=CARTESIAN_POINT('Origin',(-259.691481604,153.072799577,913.833611296));
#10901=CARTESIAN_POINT('',(-259.691481605099,153.072799577542,913.833611295372));
#10902=CARTESIAN_POINT('',(-257.606432657789,153.092225675286,916.077986591802));
#10903=CARTESIAN_POINT('',(-259.691481604,153.072799577,913.833611296));
#10904=CARTESIAN_POINT('Origin',(-261.89178274,153.091567161,915.965124758));
#10905=CARTESIAN_POINT('',(-261.891782739918,153.091567160765,915.965124757868));
#10906=CARTESIAN_POINT('',(-259.691481604809,153.072799578155,913.833611295155));
#10907=CARTESIAN_POINT('',(-261.89178274,153.091567161,915.965124758));
#10908=CARTESIAN_POINT('Origin',(-259.804445795,152.110247869749,918.128464059011));
#10909=CARTESIAN_POINT('',(-262.347162881946,153.124294296628,919.711593763811));
#10910=CARTESIAN_POINT('Origin',(-259.804369645,153.11020979717,918.119738185999));
#10911=CARTESIAN_POINT('Ctrl Pts',(-262.385787953736,152.137107182203,921.183942944457));
#10912=CARTESIAN_POINT('Ctrl Pts',(-262.363710262462,152.782914023164,920.341887625448));
#10913=CARTESIAN_POINT('Ctrl Pts',(-262.347162881946,153.124294296628,919.711593763811));
#10914=CARTESIAN_POINT('Origin',(-262.345830526,170.620097285,919.558921796));
#10915=CARTESIAN_POINT('',(-262.347162881951,153.124294297,919.711593764001));
#10916=CARTESIAN_POINT('Origin',(-259.80710343,117.211576656,918.432997027));
#10917=CARTESIAN_POINT('',(-268.918744201528,117.248224892051,922.553271211738));
#10918=CARTESIAN_POINT('',(-267.059807769398,117.152054426642,911.548613476566));
#10919=CARTESIAN_POINT('Origin',(-266.91214278,117.103119396,905.942077283));
#10920=CARTESIAN_POINT('Origin',(-257.347563733,170.62086535,919.690559479));
#10921=CARTESIAN_POINT('',(-257.351858324223,114.226543441999,920.182667905862));
#10922=CARTESIAN_POINT('',(-257.351858323531,114.226543442,920.182667906039));
#10923=CARTESIAN_POINT('',(-257.351820249302,114.726524405381,920.178304969187));
#10924=CARTESIAN_POINT('Ctrl Pts',(-257.390293020351,115.73926114582,921.633202404348));
#10925=CARTESIAN_POINT('Ctrl Pts',(-257.36831480099,115.078854518464,920.802545371519));
#10926=CARTESIAN_POINT('Ctrl Pts',(-257.35182024851,114.72652440567,920.178304968552));
#10927=CARTESIAN_POINT('',(-257.347563733812,170.620865350498,919.690559479113));
#10928=CARTESIAN_POINT('Origin',(-268.4801508,117.102878446,905.90078118));
#10929=CARTESIAN_POINT('Origin',(-262.345830526,170.620097285,919.558921796));
#10930=CARTESIAN_POINT('',(-262.350125116889,114.225775376993,920.051030223661));
#10931=CARTESIAN_POINT('',(-262.350087041886,114.72575634019,920.046667286915));
#10932=CARTESIAN_POINT('',(-262.345830526092,170.620097285564,919.558921795705));
#10933=CARTESIAN_POINT('Ctrl Pts',(-262.350087041545,114.725756340265,920.046667286882));
#10934=CARTESIAN_POINT('Ctrl Pts',(-262.366581594009,115.078086453461,920.670907689254));
#10935=CARTESIAN_POINT('Ctrl Pts',(-262.388559813353,115.738493080708,921.501564721412));
#10936=CARTESIAN_POINT('',(-262.564243581165,114.296732572,928.180668116917));
#10937=CARTESIAN_POINT('Origin',(-259.807217655,115.711633768349,918.446085835988));
#10938=CARTESIAN_POINT('',(-261.89470690021,114.693029204937,916.300198280775));
#10939=CARTESIAN_POINT('Origin',(-259.807293805,114.711671840815,918.454811709002));
#10940=CARTESIAN_POINT('',(-262.590435114322,115.686776919509,915.573267933583));
#10941=CARTESIAN_POINT('Origin',(-261.8947069,114.693029204,916.300198281));
#10942=CARTESIAN_POINT('',(-259.694405766259,114.67426162043,914.168684817293));
#10943=CARTESIAN_POINT('',(-261.8947069,114.693029204,916.300198281));
#10944=CARTESIAN_POINT('',(-259.694405764316,114.674261620542,914.168684818677));
#10945=CARTESIAN_POINT('Origin',(-259.694405764,114.674261621,914.168684819));
#10946=CARTESIAN_POINT('',(-257.609356823771,114.693687714048,916.413060120395));
#10947=CARTESIAN_POINT('',(-259.694405764,114.674261621,914.168684819));
#10948=CARTESIAN_POINT('',(-257.609356817856,114.693687717802,916.413060114868));
#10949=CARTESIAN_POINT('Origin',(-259.807217655,115.711633768349,918.446085835988));
#10950=CARTESIAN_POINT('Origin',(-259.807293805,114.711671840646,918.454811709003));
#10951=CARTESIAN_POINT('Origin',(-238.09106945,112.107738651,906.744767657));
#10952=CARTESIAN_POINT('',(-253.907973948895,112.19399593091,916.491590511119));
#10953=CARTESIAN_POINT('',(-255.084229789467,112.192723808217,916.335543556858));
#10954=CARTESIAN_POINT('',(-253.907973948,112.193995930789,916.491590508002));
#10955=CARTESIAN_POINT('',(-257.405684027442,112.166446861473,913.304015938063));
#10956=CARTESIAN_POINT('Origin',(-254.729136169717,112.169341551757,913.659097818222));
#10957=CARTESIAN_POINT('',(-257.405684035,112.166446861624,913.304015936995));
#10958=CARTESIAN_POINT('',(-257.666316696357,112.252818500393,923.19970239831));
#10959=CARTESIAN_POINT('',(-258.352251895,112.297986061097,928.369799051999));
#10960=CARTESIAN_POINT('',(-256.868440617788,112.238934818182,921.615632193152));
#10961=CARTESIAN_POINT('Origin',(-254.989768830717,112.255713190501,923.554784280224));
#10962=CARTESIAN_POINT('',(-253.343685738845,112.208870237927,918.20107118412));
#10963=CARTESIAN_POINT('',(-256.868440616,112.238934818336,921.615632194997));
#10964=CARTESIAN_POINT('Origin',(-254.039490103717,112.202656025911,917.482866708221));
#10965=CARTESIAN_POINT('',(-254.929561875055,112.23576107395,921.268849938052));
#10966=CARTESIAN_POINT('',(-253.81753577,112.24612165899,922.465850096));
#10967=CARTESIAN_POINT('',(-254.929561875,112.235761073949,921.268849938));
#10968=CARTESIAN_POINT('',(-254.668929214055,112.149389434952,911.373163477051));
#10969=CARTESIAN_POINT('',(-253.556903109,112.159750019993,912.570163635));
#10970=CARTESIAN_POINT('',(-254.668929214,112.149389434952,911.373163477001));
#10971=CARTESIAN_POINT('Origin',(-257.880247328,148.942024343,916.368285279));
#10972=CARTESIAN_POINT('',(-264.523600311024,112.134151663167,909.540954314654));
#10973=CARTESIAN_POINT('',(-262.647056255768,112.151635151121,911.560892082718));
#10974=CARTESIAN_POINT('',(-264.523600309462,112.134151663127,909.540954316363));
#10975=CARTESIAN_POINT('Origin',(-266.553721147,148.897495154,911.189665464));
#10976=CARTESIAN_POINT('',(-264.523600297155,112.134151662972,909.540954298744));
#10977=CARTESIAN_POINT('Origin',(-258.118827271,148.959593885,918.379626178));
#10978=CARTESIAN_POINT('',(-257.405684019338,112.166446861017,913.304015939078));
#10979=CARTESIAN_POINT('Origin',(-254.726337855,148.915345152,913.338444649));
#10980=CARTESIAN_POINT('',(-255.081431475345,148.93872740824,916.014890387453));
#10981=CARTESIAN_POINT('Origin',(-259.443837935,148.93400946,915.43615555));
#10982=CARTESIAN_POINT('',(-253.907973948751,112.193995931049,916.491590513664));
#10983=CARTESIAN_POINT('Origin',(-254.036691789,148.948659626,917.162213539));
#10984=CARTESIAN_POINT('',(-253.340887424081,148.954873838143,917.880418014987));
#10985=CARTESIAN_POINT('Origin',(-256.812994156,148.984489353,921.243976811));
#10986=CARTESIAN_POINT('',(-256.868440619819,112.238934817966,921.615632191058));
#10987=CARTESIAN_POINT('Origin',(-254.986970516,149.001716791,923.234131111));
#10988=CARTESIAN_POINT('',(-257.663518381775,148.9988221005,922.879049228916));
#10989=CARTESIAN_POINT('Origin',(-257.084764411,148.960712225,918.516809223));
#10990=CARTESIAN_POINT('Origin',(-262.954781013,148.983545568,921.082222622));
#10991=CARTESIAN_POINT('',(-262.907688908175,112.238006789862,921.456578535074));
#10992=CARTESIAN_POINT('',(-264.784232968481,112.22052330214,919.436640772492));
#10993=CARTESIAN_POINT('',(-262.907688912757,112.238006790088,921.456578540993));
#10994=CARTESIAN_POINT('',(-264.784232965988,112.220523302098,919.436640775136));
#10995=CARTESIAN_POINT('',(-262.907810753648,110.638067708095,921.470539937821));
#10996=CARTESIAN_POINT('Origin',(-261.734361843,148.940536736,916.164174962));
#10997=CARTESIAN_POINT('',(-266.764503979001,112.237414127152,921.355002877933));
#10998=CARTESIAN_POINT('',(-266.764503981517,112.23741412696,921.355002875338));
#10999=CARTESIAN_POINT('',(-264.784232958669,112.220523301958,919.43664075918));
#11000=CARTESIAN_POINT('Origin',(-264.883033876,149.0001961,922.973501796));
#11001=CARTESIAN_POINT('Origin',(-264.885832190717,112.254192499655,923.294154965223));
#11002=CARTESIAN_POINT('Origin',(-238.09106945,112.107738651,906.744767657));
#11003=CARTESIAN_POINT('',(-264.564992575055,112.147868743976,911.112534162051));
#11004=CARTESIAN_POINT('',(-263.45296647,112.158229329016,912.30953432));
#11005=CARTESIAN_POINT('',(-264.564992575,112.147868743975,911.112534162));
#11006=CARTESIAN_POINT('Origin',(-279.522814511,114.989887664,907.851631377));
#11007=CARTESIAN_POINT('Origin',(-238.08776454,155.506086237,906.366064768));
#11008=CARTESIAN_POINT('',(-264.822320323294,155.632587968999,920.629517736974));
#11009=CARTESIAN_POINT('',(-264.822320326,155.632587968982,920.629517735));
#11010=CARTESIAN_POINT('',(-265.995814265,155.64259734672,921.766324915003));
#11011=CARTESIAN_POINT('Origin',(-238.08776454,155.506086237,906.366064768));
#11012=CARTESIAN_POINT('',(-264.561687662294,155.546216330001,910.733831275974));
#11013=CARTESIAN_POINT('',(-264.561687665,155.546216329984,910.733831274));
#11014=CARTESIAN_POINT('',(-265.735181604,155.556225707723,911.870638454002));
#11015=CARTESIAN_POINT('Origin',(-253.907467353,118.846339917,916.43354079));
#11016=CARTESIAN_POINT('Origin',(-259.803037289,170.606012786,917.967066218));
#11017=CARTESIAN_POINT('',(-261.890450383676,170.58737014957,915.812452789962));
#11018=CARTESIAN_POINT('Origin',(-261.890450384,170.587370149,915.81245279));
#11019=CARTESIAN_POINT('',(-259.691481605888,153.072799576983,913.833611294051));
#11020=CARTESIAN_POINT('Origin',(-259.690149248,170.568602566,913.680939328));
#11021=CARTESIAN_POINT('',(-257.606432661912,153.092225675032,916.077986595634));
#11022=CARTESIAN_POINT('Origin',(-259.803037289,170.606012786,917.967066218));
#11023=CARTESIAN_POINT('Origin',(-264.565114415,110.547929662,911.126495559));
#11024=CARTESIAN_POINT('',(-264.56168766051,155.54621633004,910.733831278635));
#11025=CARTESIAN_POINT('Origin',(-263.45308831,110.558290247,912.323495717));
#11026=CARTESIAN_POINT('Origin',(-254.669051054,110.549450353,911.387124874));
#11027=CARTESIAN_POINT('',(-254.66562429951,155.54773702104,910.994460593635));
#11028=CARTESIAN_POINT('Origin',(-253.557024949,110.559810938,912.584125032));
#11029=CARTESIAN_POINT('Origin',(-254.929683715,110.635821992,921.282811335));
#11030=CARTESIAN_POINT('',(-254.92625696051,155.63410866004,920.890147054634));
#11031=CARTESIAN_POINT('Origin',(-253.81765761,110.646182577,922.479811493));
#11032=CARTESIAN_POINT('Origin',(-264.825747076,110.634301301,921.02218202));
#11033=CARTESIAN_POINT('',(-264.82232032151,155.63258796904,920.629517739634));
#11034=CARTESIAN_POINT('Origin',(-263.713720971,110.644661886,922.219182178));
#11035=CARTESIAN_POINT('Origin',(-253.557024949,110.559810938,912.584125032));
#11036=CARTESIAN_POINT('',(-254.668929214164,112.149389435001,911.373163477153));
#11037=CARTESIAN_POINT('Origin',(-254.669051054,110.549450353,911.387124874));
#11038=CARTESIAN_POINT('Origin',(-263.713720971,110.644661886,922.219182178));
#11039=CARTESIAN_POINT('',(-264.82562523611,112.234240382987,921.008220623102));
#11040=CARTESIAN_POINT('',(-264.825625236164,112.234240383001,921.008220623153));
#11041=CARTESIAN_POINT('',(-263.713599130607,112.244600967997,922.205220780635));
#11042=CARTESIAN_POINT('Origin',(-238.09106945,112.107738651,906.744767657));
#11043=CARTESIAN_POINT('',(-264.825625236,112.234240382973,921.008220623));
#11044=CARTESIAN_POINT('Origin',(-264.825747076,110.634301301,921.02218202));
#11045=CARTESIAN_POINT('Origin',(-253.81765761,110.646182577,922.479811493));
#11046=CARTESIAN_POINT('',(-254.929561875164,112.235761074001,921.268849938153));
#11047=CARTESIAN_POINT('Origin',(-254.929683715,110.635821992,921.282811335));
#11048=CARTESIAN_POINT('Origin',(-263.45308831,110.558290247,912.323495717));
#11049=CARTESIAN_POINT('',(-264.564992575164,112.147868744001,911.112534162153));
#11050=CARTESIAN_POINT('Origin',(-264.565114415,110.547929662,911.126495559));
#11051=CARTESIAN_POINT('Origin',(-259.80733188,114.211690878,918.459174646));
#11052=CARTESIAN_POINT('',(-257.609394900899,114.193706755276,916.41742305879));
#11053=CARTESIAN_POINT('Origin',(-259.807331880126,114.211690877507,918.459174645431));
#11054=CARTESIAN_POINT('',(-259.694443842337,114.174280658286,914.173047752684));
#11055=CARTESIAN_POINT('',(-257.609394893,114.193706755255,916.417423050998));
#11056=CARTESIAN_POINT('',(-261.894744975017,114.193048241343,916.304561217737));
#11057=CARTESIAN_POINT('',(-259.694443839,114.174280658306,914.173047754997));
#11058=CARTESIAN_POINT('Origin',(-259.807331880126,114.211690877424,918.459174645432));
#11059=CARTESIAN_POINT('',(-259.747124924043,114.191738760833,916.173240304276));
#11060=CARTESIAN_POINT('',(-260.920618864,114.201748138567,917.310047483995));
#11061=CARTESIAN_POINT('',(-259.747124925,114.191738760829,916.173240304002));
#11062=CARTESIAN_POINT('Origin',(-259.803037289,170.606012786,917.967066218));
#11063=CARTESIAN_POINT('',(-261.890450383832,170.587370149572,915.812452790113));
#11064=CARTESIAN_POINT('Origin',(-261.890450384,170.587370149,915.81245279));
#11065=CARTESIAN_POINT('',(-259.694443844423,114.174280657952,914.173047749403));
#11066=CARTESIAN_POINT('Origin',(-259.690149248,170.568602566,913.680939328));
#11067=CARTESIAN_POINT('',(-257.609394909182,114.193706755132,916.417423066032));
#11068=CARTESIAN_POINT('Origin',(-259.803037289,170.606012786,917.967066218));
#11069=CARTESIAN_POINT('Origin',(-260.92127639,105.567464303,917.385392017));
#11070=CARTESIAN_POINT('',(-259.747124923941,114.191738761009,916.173240305093));
#11071=CARTESIAN_POINT('Origin',(-259.747782451,105.557454925,916.248584837));
#11072=CARTESIAN_POINT('',(0.,0.,0.));
#11073=CARTESIAN_POINT('Origin',(-296.802505173179,130.266752037781,892.969093830157));
#11074=CARTESIAN_POINT('',(-238.986543095085,128.766752037781,893.478049077816));
#11075=CARTESIAN_POINT('Origin',(-238.986543095085,130.266752037781,893.478049077816));
#11076=CARTESIAN_POINT('',(-240.986465606373,128.766752037781,893.460443713823));
#11077=CARTESIAN_POINT('',(-296.802505173179,128.766752037781,892.969093830157));
#11078=CARTESIAN_POINT('Origin',(-240.986465606373,130.266752037781,893.460443713823));
#11079=CARTESIAN_POINT('Origin',(-296.889651724948,130.266752037781,902.868710261035));
#11080=CARTESIAN_POINT('',(-239.073689646853,128.766752037781,903.377665508695));
#11081=CARTESIAN_POINT('Origin',(-239.073689646853,130.266752037781,903.377665508695));
#11082=CARTESIAN_POINT('',(-241.073612158142,128.766752037781,903.360060144701));
#11083=CARTESIAN_POINT('',(-296.889651724948,128.766752037781,902.868710261035));
#11084=CARTESIAN_POINT('Origin',(-241.073612158142,130.266752037781,903.360060144701));
#11085=CARTESIAN_POINT('Origin',(-296.889651724948,140.166752037781,902.868710261035));
#11086=CARTESIAN_POINT('',(-239.073689646853,138.666752037781,903.377665508695));
#11087=CARTESIAN_POINT('Origin',(-239.073689646853,140.166752037781,903.377665508695));
#11088=CARTESIAN_POINT('',(-241.073612158142,138.666752037781,903.360060144701));
#11089=CARTESIAN_POINT('',(-296.889651724948,138.666752037781,902.868710261035));
#11090=CARTESIAN_POINT('Origin',(-241.073612158142,140.166752037781,903.360060144701));
#11091=CARTESIAN_POINT('Origin',(-296.802505173179,140.166752037781,892.969093830157));
#11092=CARTESIAN_POINT('',(-238.986543095085,138.666752037781,893.478049077816));
#11093=CARTESIAN_POINT('Origin',(-238.986543095085,140.166752037781,893.478049077816));
#11094=CARTESIAN_POINT('',(-240.986465606373,138.666752037781,893.460443713823));
#11095=CARTESIAN_POINT('',(-296.802505173179,138.666752037781,892.969093830157));
#11096=CARTESIAN_POINT('Origin',(-240.986465606373,140.166752037781,893.460443713823));
#11097=CARTESIAN_POINT('Origin',(-241.030038882258,135.216752037781,898.410251929261));
#11098=CARTESIAN_POINT('',(-239.030116370969,122.813397210132,898.427857293255));
#11099=CARTESIAN_POINT('Origin',(-239.030116370969,135.216752037781,898.427857293255));
#11100=CARTESIAN_POINT('',(-241.030038882258,122.813397210132,898.410251929261));
#11101=CARTESIAN_POINT('',(-241.030038882258,122.813397210133,898.410251929261));
#11102=CARTESIAN_POINT('Origin',(-241.030038882258,135.216752037781,898.410251929261));
#11103=CARTESIAN_POINT('Origin',(-239.030116370969,135.216752037781,898.427857293255));
#11104=CARTESIAN_POINT('Origin',(-241.030038882258,135.216752037781,898.410251929261));
#11105=CARTESIAN_POINT('Origin',(-255.543953145,133.073325743,900.38155837));
#11106=CARTESIAN_POINT('',(-241.048604126717,133.073335382717,900.509161261588));
#11107=CARTESIAN_POINT('',(-241.067872730555,135.21675486513,902.697861469258));
#11108=CARTESIAN_POINT('',(-241.043235461216,132.476130605502,899.899340259808));
#11109=CARTESIAN_POINT('',(-245.048451056535,133.073332722842,900.473950516918));
#11110=CARTESIAN_POINT('',(-255.5439531448,133.073325743294,900.381558369506));
#11111=CARTESIAN_POINT('',(-245.067719660545,135.216752205033,902.66265072431));
#11112=CARTESIAN_POINT('',(-245.067719660636,135.216752204,902.662650723994));
#11113=CARTESIAN_POINT('',(-245.067719659996,135.21675220451,902.662650723501));
#11114=CARTESIAN_POINT('Origin',(-255.525477816,135.216742398,898.282648246));
#11115=CARTESIAN_POINT('',(-241.048606952477,137.360171459958,900.509158410733));
#11116=CARTESIAN_POINT('Origin',(-241.030128797914,135.216752037781,898.410251137732));
#11117=CARTESIAN_POINT('',(-245.048453882558,137.360168799846,900.473947665845));
#11118=CARTESIAN_POINT('',(-255.543955970561,137.360161819913,900.381555518742));
#11119=CARTESIAN_POINT('Origin',(-245.029975727884,135.216749377779,898.375040392954));
#11120=CARTESIAN_POINT('Origin',(-234.192009663,132.41042526,895.619581206));
#11121=CARTESIAN_POINT('',(-241.024298414886,130.267004132986,897.748309066806));
#11122=CARTESIAN_POINT('',(-241.005032636806,132.410420729212,895.559606007998));
#11123=CARTESIAN_POINT('',(-240.998945969445,133.087593679924,894.868125632024));
#11124=CARTESIAN_POINT('',(-245.024145344981,130.267001473055,897.713098321946));
#11125=CARTESIAN_POINT('',(-239.024377811001,130.267005462895,897.765914414103));
#11126=CARTESIAN_POINT('',(-245.004879566783,132.41041806979,895.524395263788));
#11127=CARTESIAN_POINT('',(-245.004879566899,132.41041807,895.524395263992));
#11128=CARTESIAN_POINT('',(-227.520275648557,132.410429697397,895.678312635248));
#11129=CARTESIAN_POINT('Origin',(-234.211275441,130.267008664,897.808284266));
#11130=CARTESIAN_POINT('',(-241.005029811058,128.123584651207,895.559608860234));
#11131=CARTESIAN_POINT('',(-241.031308319886,131.046778686572,898.544556717008));
#11132=CARTESIAN_POINT('',(-245.004876741109,128.123581991371,895.524398114869));
#11133=CARTESIAN_POINT('',(-245.004876741012,128.123581990573,895.524398115397));
#11134=CARTESIAN_POINT('',(-245.024145344972,130.267001473,897.713098322));
#11135=CARTESIAN_POINT('Origin',(-234.298417547,130.26701519,907.707395652));
#11136=CARTESIAN_POINT('',(-241.111440520735,130.267010659814,907.647420452498));
#11137=CARTESIAN_POINT('',(-241.092174742666,132.410427254158,905.458717394948));
#11138=CARTESIAN_POINT('',(-241.073480827229,134.490221195316,903.334981217427));
#11139=CARTESIAN_POINT('',(-245.111287450783,130.267007999488,907.612209708078));
#11140=CARTESIAN_POINT('',(-239.111519916992,130.267011989977,907.665025800044));
#11141=CARTESIAN_POINT('',(-245.092021672736,132.41042459479,905.423506650788));
#11142=CARTESIAN_POINT('',(-245.092021672759,132.410424595,905.423506650993));
#11143=CARTESIAN_POINT('',(-227.607417754557,132.410436222397,905.577424022248));
#11144=CARTESIAN_POINT('Origin',(-234.279148943,128.123595708,905.518695445));
#11145=CARTESIAN_POINT('',(-241.092171916909,128.123591177319,905.458720246146));
#11146=CARTESIAN_POINT('',(-241.086572724728,127.500742852962,904.822713964046));
#11147=CARTESIAN_POINT('',(-245.092018846997,128.123588517125,905.423509501132));
#11148=CARTESIAN_POINT('',(-245.092018846999,128.123588517166,905.423509500838));
#11149=CARTESIAN_POINT('',(-245.111287450832,130.267007999,907.612209708993));
#11150=CARTESIAN_POINT('Origin',(-234.192016189,142.309920197,895.619574623));
#11151=CARTESIAN_POINT('',(-241.024304940355,140.166499068982,897.748302483806));
#11152=CARTESIAN_POINT('',(-241.005039162272,142.309915665879,895.559599424656));
#11153=CARTESIAN_POINT('',(-241.020731646251,140.564046360563,897.342355747453));
#11154=CARTESIAN_POINT('',(-245.024151870293,140.166496409054,897.713091738945));
#11155=CARTESIAN_POINT('',(-239.024384336001,140.16650039889,897.765907831107));
#11156=CARTESIAN_POINT('',(-245.004886091937,142.30991300612,895.524388680119));
#11157=CARTESIAN_POINT('',(-245.004886092359,142.309913006,895.524388679997));
#11158=CARTESIAN_POINT('',(-227.520282173552,142.309924633893,895.678306051742));
#11159=CARTESIAN_POINT('Origin',(-234.211281967,140.1665036,897.808277683));
#11160=CARTESIAN_POINT('',(-241.005036336527,138.023079587204,895.559602277234));
#11161=CARTESIAN_POINT('',(-241.009532499614,138.523228099611,896.070316658301));
#11162=CARTESIAN_POINT('',(-245.004883266474,138.023076927369,895.524391531869));
#11163=CARTESIAN_POINT('',(-245.004883266012,138.023076926569,895.524391532402));
#11164=CARTESIAN_POINT('',(-245.024151870441,140.166496409,897.713091738996));
#11165=CARTESIAN_POINT('Origin',(-234.279158295,142.309926722,905.518686011));
#11166=CARTESIAN_POINT('',(-241.111447046211,140.166505595482,907.647413870318));
#11167=CARTESIAN_POINT('',(-241.092181268135,142.309922191182,905.458710811954));
#11168=CARTESIAN_POINT('',(-241.085633615002,143.038382173786,904.71485980418));
#11169=CARTESIAN_POINT('',(-245.111293976199,140.16650293522,907.612203125783));
#11170=CARTESIAN_POINT('',(-239.111526441997,140.16650692539,907.665019217618));
#11171=CARTESIAN_POINT('',(-245.092028197994,142.30991953087,905.423500066873));
#11172=CARTESIAN_POINT('',(-245.092028198219,142.309919531,905.423500066998));
#11173=CARTESIAN_POINT('',(-227.607424279552,142.309931158893,905.577417438742));
#11174=CARTESIAN_POINT('Origin',(-234.298424073,140.166510126,907.707389069));
#11175=CARTESIAN_POINT('',(-241.092178442379,138.0230861124,905.458713663376));
#11176=CARTESIAN_POINT('',(-241.074431206375,136.048902006709,903.442824009125));
#11177=CARTESIAN_POINT('',(-245.092025372231,138.023083452853,905.423502918146));
#11178=CARTESIAN_POINT('',(-245.092025372004,138.023083452579,905.423502918412));
#11179=CARTESIAN_POINT('',(-245.111293976301,140.166502935,907.612203125997));
#11180=CARTESIAN_POINT('Origin',(-244.206077334001,149.216763226,918.383058207));
#11181=CARTESIAN_POINT('',(-241.267810360109,149.216769835039,925.409195643492));
#11182=CARTESIAN_POINT('',(-247.267577590143,149.216765845222,925.356378970874));
#11183=CARTESIAN_POINT('Origin',(-244.267693367289,149.216767840482,925.382787021393));
#11184=CARTESIAN_POINT('',(-241.206195733144,156.216765221005,918.409461619311));
#11185=CARTESIAN_POINT('Origin',(-241.20618927569,149.216765221225,918.409466291014));
#11186=CARTESIAN_POINT('',(-247.205963338405,156.216761628789,918.356645526693));
#11187=CARTESIAN_POINT('Origin',(-244.206079205827,156.216763219949,918.383053575628));
#11188=CARTESIAN_POINT('Ctrl Pts',(-247.267578503708,149.216765845,925.356378962757));
#11189=CARTESIAN_POINT('Ctrl Pts',(-247.267577273557,149.430754124623,925.356378832654));
#11190=CARTESIAN_POINT('Ctrl Pts',(-247.267416802184,149.830390212358,925.338119520993));
#11191=CARTESIAN_POINT('Ctrl Pts',(-247.26695495109,150.22704142256,925.285624500386));
#11192=CARTESIAN_POINT('Ctrl Pts',(-247.266633620443,150.437845831815,925.249106268503));
#11193=CARTESIAN_POINT('Ctrl Pts',(-247.266594651268,150.462624623195,925.244677601985));
#11194=CARTESIAN_POINT('Ctrl Pts',(-247.265868541138,150.908744824259,925.162159720827));
#11195=CARTESIAN_POINT('Ctrl Pts',(-247.264860137059,151.316599919922,925.04757688881));
#11196=CARTESIAN_POINT('Ctrl Pts',(-247.263434985154,151.740570589606,924.885651394997));
#11197=CARTESIAN_POINT('Ctrl Pts',(-247.2633481752,151.765955183512,924.875788097535));
#11198=CARTESIAN_POINT('Ctrl Pts',(-247.261912629516,152.178054762002,924.71268279488));
#11199=CARTESIAN_POINT('Ctrl Pts',(-247.260286135529,152.546114499513,924.52788960006));
#11200=CARTESIAN_POINT('Ctrl Pts',(-247.258099683718,152.947821015818,924.279484144255));
#11201=CARTESIAN_POINT('Ctrl Pts',(-247.257826209682,152.996708565054,924.248414528184));
#11202=CARTESIAN_POINT('Ctrl Pts',(-247.255210008682,153.451431784324,923.95118670271));
#11203=CARTESIAN_POINT('Ctrl Pts',(-247.252537948861,153.82502964705,923.647619592464));
#11204=CARTESIAN_POINT('Ctrl Pts',(-247.246903058834,154.465308988189,923.007462706853));
#11205=CARTESIAN_POINT('Ctrl Pts',(-247.244060029235,154.73469923227,922.684481757057));
#11206=CARTESIAN_POINT('Ctrl Pts',(-247.240566950547,155.008966046323,922.287656591755));
#11207=CARTESIAN_POINT('Ctrl Pts',(-247.24011596578,155.043391716858,922.236423321345));
#11208=CARTESIAN_POINT('Ctrl Pts',(-247.236415481569,155.318286967873,921.81603739293));
#11209=CARTESIAN_POINT('Ctrl Pts',(-247.232978084214,155.523744103841,921.425542677203));
#11210=CARTESIAN_POINT('Ctrl Pts',(-247.229127778527,155.703327718439,920.988144628042));
#11211=CARTESIAN_POINT('Ctrl Pts',(-247.228876259137,155.714841598342,920.959571824666));
#11212=CARTESIAN_POINT('Ctrl Pts',(-247.225163208302,155.881872616336,920.537766509886));
#11213=CARTESIAN_POINT('Ctrl Pts',(-247.221585600565,156.0014111367,920.131350758557));
#11214=CARTESIAN_POINT('Ctrl Pts',(-247.217666421562,156.089395628818,919.686135803831));
#11215=CARTESIAN_POINT('Ctrl Pts',(-247.217406759065,156.095030399339,919.656638409302));
#11216=CARTESIAN_POINT('Ctrl Pts',(-247.213470865017,156.17780765286,919.20952506326));
#11217=CARTESIAN_POINT('Ctrl Pts',(-247.209733443961,156.216761513345,918.784961031848));
#11218=CARTESIAN_POINT('Ctrl Pts',(-247.205964069694,156.216761628789,918.356645520383));
#11219=CARTESIAN_POINT('Origin',(-244.206058878,121.216763226,918.383076827));
#11220=CARTESIAN_POINT('',(-241.206168628788,114.216764915542,918.409489544828));
#11221=CARTESIAN_POINT('',(-247.205936202086,114.21676068321,918.356673452171));
#11222=CARTESIAN_POINT('Origin',(-244.206051520836,114.216763219949,918.383081506659));
#11223=CARTESIAN_POINT('',(-241.267791900194,121.216769834994,925.409213680002));
#11224=CARTESIAN_POINT('Origin',(-241.206172046477,121.216765221259,918.409484899736));
#11225=CARTESIAN_POINT('',(-244.294085697985,121.216769816703,928.382689383757));
#11226=CARTESIAN_POINT('Origin',(-244.267674915288,121.216767838314,925.382805641393));
#11227=CARTESIAN_POINT('',(-246.407587067225,121.216767827137,927.485371166163));
#11228=CARTESIAN_POINT('Origin',(-244.267674915288,121.216767839996,925.382805641393));
#11229=CARTESIAN_POINT('',(-247.267559592275,121.216765844001,925.35639758685));
#11230=CARTESIAN_POINT('Origin',(-244.267677651981,121.216767839,925.382805616508));
#11231=CARTESIAN_POINT('Ctrl Pts',(-247.205938030728,114.216760683209,918.356673435848));
#11232=CARTESIAN_POINT('Ctrl Pts',(-247.207215621915,114.21676112828,918.50180439569));
#11233=CARTESIAN_POINT('Ctrl Pts',(-247.208489524535,114.221242568522,918.646516013725));
#11234=CARTESIAN_POINT('Ctrl Pts',(-247.210480375094,114.235266412581,918.872670335877));
#11235=CARTESIAN_POINT('Ctrl Pts',(-247.211199812378,114.241780956397,918.954396026642));
#11236=CARTESIAN_POINT('Ctrl Pts',(-247.212910212051,114.260730801238,919.148691438507));
#11237=CARTESIAN_POINT('Ctrl Pts',(-247.213900102739,114.27447107397,919.261139310151));
#11238=CARTESIAN_POINT('Ctrl Pts',(-247.215333858281,114.298407380226,919.424008287975));
#11239=CARTESIAN_POINT('Ctrl Pts',(-247.215775762541,114.306347518196,919.474206832629));
#11240=CARTESIAN_POINT('Ctrl Pts',(-247.216658529182,114.32332532798,919.574485488591));
#11241=CARTESIAN_POINT('Ctrl Pts',(-247.217099381938,114.332355715813,919.624564506475));
#11242=CARTESIAN_POINT('Ctrl Pts',(-247.217645012532,114.344243422436,919.686545792731));
#11243=CARTESIAN_POINT('Ctrl Pts',(-247.217744263848,114.346434230465,919.697820312777));
#11244=CARTESIAN_POINT('Ctrl Pts',(-247.219214823972,114.379321761063,919.864869548598));
#11245=CARTESIAN_POINT('Ctrl Pts',(-247.220573056442,114.415202791754,920.019158436175));
#11246=CARTESIAN_POINT('Ctrl Pts',(-247.223264918553,114.497315518431,920.324940606346));
#11247=CARTESIAN_POINT('Ctrl Pts',(-247.224598513237,114.543563352005,920.476429918636));
#11248=CARTESIAN_POINT('Ctrl Pts',(-247.227130426709,114.642153907028,920.764041103557));
#11249=CARTESIAN_POINT('Ctrl Pts',(-247.228330939943,114.693697526196,920.900412318728));
#11250=CARTESIAN_POINT('Ctrl Pts',(-247.230697505148,114.80504282127,921.169239424623));
#11251=CARTESIAN_POINT('Ctrl Pts',(-247.231857605593,114.864488186508,921.301019264867));
#11252=CARTESIAN_POINT('Ctrl Pts',(-247.234142443237,114.991353362396,921.560561170712));
#11253=CARTESIAN_POINT('Ctrl Pts',(-247.235267145299,115.058782145255,921.688319242245));
#11254=CARTESIAN_POINT('Ctrl Pts',(-247.237256750606,115.187177949144,921.914323400205));
#11255=CARTESIAN_POINT('Ctrl Pts',(-247.23812830708,115.246707227931,922.013325386605));
#11256=CARTESIAN_POINT('Ctrl Pts',(-247.239253770337,115.32797778783,922.141168872771));
#11257=CARTESIAN_POINT('Ctrl Pts',(-247.239521801252,115.347658947083,922.171614985204));
#11258=CARTESIAN_POINT('Ctrl Pts',(-247.239949299602,115.379580783215,922.220175248895));
#11259=CARTESIAN_POINT('Ctrl Pts',(-247.240111267154,115.391801625591,922.23857340868));
#11260=CARTESIAN_POINT('Ctrl Pts',(-247.241435832653,115.492741408083,922.389032901598));
#11261=CARTESIAN_POINT('Ctrl Pts',(-247.242571766312,115.585870077397,922.518064911465));
#11262=CARTESIAN_POINT('Ctrl Pts',(-247.244785262565,115.780678605424,922.769497479573));
#11263=CARTESIAN_POINT('Ctrl Pts',(-247.245862741118,115.882371441056,922.891888492278));
#11264=CARTESIAN_POINT('Ctrl Pts',(-247.247798860772,116.078152875624,923.111811742322));
#11265=CARTESIAN_POINT('Ctrl Pts',(-247.248666035753,116.171084867665,923.210313492255));
#11266=CARTESIAN_POINT('Ctrl Pts',(-247.250412462436,116.369454917134,923.408687935919));
#11267=CARTESIAN_POINT('Ctrl Pts',(-247.251283994794,116.474788302818,923.507683748927));
#11268=CARTESIAN_POINT('Ctrl Pts',(-247.252967858875,116.691330762989,923.698949910074));
#11269=CARTESIAN_POINT('Ctrl Pts',(-247.253780111369,116.802548203713,923.79121124845));
#11270=CARTESIAN_POINT('Ctrl Pts',(-247.254837437011,116.956846262903,923.911308941244));
#11271=CARTESIAN_POINT('Ctrl Pts',(-247.255109111861,116.997401233087,923.942167405234));
#11272=CARTESIAN_POINT('Ctrl Pts',(-247.255647499469,117.079630018592,924.00332056902));
#11273=CARTESIAN_POINT('Ctrl Pts',(-247.255911949961,117.120962259117,924.033358313659));
#11274=CARTESIAN_POINT('Ctrl Pts',(-247.256433236303,117.204331450371,924.092568752337));
#11275=CARTESIAN_POINT('Ctrl Pts',(-247.256690110853,117.246362414308,924.121745842553));
#11276=CARTESIAN_POINT('Ctrl Pts',(-247.257000719857,117.298413752613,924.157026267209));
#11277=CARTESIAN_POINT('Ctrl Pts',(-247.257054733073,117.307510556468,924.163161337784));
#11278=CARTESIAN_POINT('Ctrl Pts',(-247.257887407092,117.448461496383,924.257740245526));
#11279=CARTESIAN_POINT('Ctrl Pts',(-247.258624555436,117.582936053062,924.341468180492));
#11280=CARTESIAN_POINT('Ctrl Pts',(-247.260017028151,117.857227606615,924.499628654015));
#11281=CARTESIAN_POINT('Ctrl Pts',(-247.260672227185,117.997053217071,924.574046955997));
#11282=CARTESIAN_POINT('Ctrl Pts',(-247.261849025151,118.2701470987,924.707707441838));
#11283=CARTESIAN_POINT('Ctrl Pts',(-247.262377150003,118.403026630312,924.767690981081));
#11284=CARTESIAN_POINT('Ctrl Pts',(-247.263357629423,118.671856513497,924.879050532224));
#11285=CARTESIAN_POINT('Ctrl Pts',(-247.263807992774,118.807076874168,924.930200402424));
#11286=CARTESIAN_POINT('Ctrl Pts',(-247.264634075388,119.080315295581,925.024020560071));
#11287=CARTESIAN_POINT('Ctrl Pts',(-247.265009713954,119.21833687655,925.066681678406));
#11288=CARTESIAN_POINT('Ctrl Pts',(-247.265617491541,119.468941595379,925.13570465134));
#11289=CARTESIAN_POINT('Ctrl Pts',(-247.265863284771,119.581042612571,925.163617626482));
#11290=CARTESIAN_POINT('Ctrl Pts',(-247.26615360846,119.729067285984,925.196586436619));
#11291=CARTESIAN_POINT('Ctrl Pts',(-247.266220921733,119.764665614688,925.2042303563));
#11292=CARTESIAN_POINT('Ctrl Pts',(-247.266324489958,119.821570144451,925.215991132326));
#11293=CARTESIAN_POINT('Ctrl Pts',(-247.266362675998,119.843065568525,925.220327340989));
#11294=CARTESIAN_POINT('Ctrl Pts',(-247.266646124074,120.006459845454,925.252513946243));
#11295=CARTESIAN_POINT('Ctrl Pts',(-247.266853204109,120.149124010055,925.276026913246));
#11296=CARTESIAN_POINT('Ctrl Pts',(-247.267189350841,120.435563435597,925.314190648332));
#11297=CARTESIAN_POINT('Ctrl Pts',(-247.267318302259,120.579340667434,925.32882832238));
#11298=CARTESIAN_POINT('Ctrl Pts',(-247.267497499008,120.867355148857,925.349162835801));
#11299=CARTESIAN_POINT('Ctrl Pts',(-247.267547986854,121.011590237082,925.354887224286));
#11300=CARTESIAN_POINT('Ctrl Pts',(-247.26756062546,121.176432698158,925.356310483293));
#11301=CARTESIAN_POINT('Ctrl Pts',(-247.26756140562,121.196594871422,925.356397584186));
#11302=CARTESIAN_POINT('Ctrl Pts',(-247.267561418916,121.216765844999,925.35639757077));
#11303=CARTESIAN_POINT('Origin',(-247.029895498138,135.216748048002,898.357435053137));
#11304=CARTESIAN_POINT('',(-244.931010337227,135.216749378,887.13283529487));
#11305=CARTESIAN_POINT('Origin',(-245.029975728,135.216749378,898.375040393));
#11306=CARTESIAN_POINT('',(-246.913324765501,135.216748225236,885.115310192036));
#11307=CARTESIAN_POINT('',(-246.913324767565,135.216748048002,885.115310192019));
#11308=CARTESIAN_POINT('Origin',(-247.029895496074,135.216748048002,898.357435053155));
#11309=CARTESIAN_POINT('Origin',(-259.385552388,114.716736506,893.248487705));
#11310=CARTESIAN_POINT('',(-259.385552388,114.716737570276,894.848487705));
#11311=CARTESIAN_POINT('Origin',(-259.385552388,114.716736506276,893.248487705));
#11312=CARTESIAN_POINT('',(-259.3855500815,111.21673757222,894.8484900325));
#11313=CARTESIAN_POINT('',(-259.385552388,114.71673757,894.848487705));
#11314=CARTESIAN_POINT('Origin',(-259.3855500815,111.21673650822,893.2484900325));
#11315=CARTESIAN_POINT('Origin',(-259.456854112,114.716741845,901.348173876));
#11316=CARTESIAN_POINT('',(-259.456854112,114.716742909579,902.948173876));
#11317=CARTESIAN_POINT('Origin',(-259.456854112,114.716741845579,901.348173876));
#11318=CARTESIAN_POINT('',(-259.4568518055,111.216742909629,902.9481762035));
#11319=CARTESIAN_POINT('',(-259.456854112,114.716742909,902.948173876));
#11320=CARTESIAN_POINT('',(-259.924322516675,111.216742555505,902.878393233979));
#11321=CARTESIAN_POINT('Origin',(-259.4568518055,111.216741847524,901.3481762035));
#11322=CARTESIAN_POINT('',(-260.46459921133,111.216742008621,902.591006278407));
#11323=CARTESIAN_POINT('Origin',(-259.644626665332,111.216741966497,901.699389628295));
#11324=CARTESIAN_POINT('Origin',(-259.4568518055,111.216741847524,901.3481762035));
#11325=CARTESIAN_POINT('Origin',(-249.102344939,125.510006556,889.538856668));
#11326=CARTESIAN_POINT('',(-250.543547163883,117.016740786246,890.925556230145));
#11327=CARTESIAN_POINT('',(-247.685767196534,117.016742687493,890.950713353921));
#11328=CARTESIAN_POINT('Origin',(-249.102339341938,117.016740813485,889.538862316022));
#11329=CARTESIAN_POINT('',(-250.543545223506,111.216740790244,890.925558130602));
#11330=CARTESIAN_POINT('',(-250.543545223096,111.216740790116,890.925558130208));
#11331=CARTESIAN_POINT('',(-249.679387247312,111.216739163842,887.623921969965));
#11332=CARTESIAN_POINT('Origin',(-249.102335519738,111.216740817683,889.538866173022));
#11333=CARTESIAN_POINT('',(-248.491661231066,111.21673995371,887.634377550204));
#11334=CARTESIAN_POINT('Ctrl Pts',(-249.67938724752,111.216739163319,887.623921969276));
#11335=CARTESIAN_POINT('Ctrl Pts',(-249.482810316762,111.21673925351,887.564685226338));
#11336=CARTESIAN_POINT('Ctrl Pts',(-249.278561324829,111.217247996724,887.537237361146));
#11337=CARTESIAN_POINT('Ctrl Pts',(-249.084730156078,111.217248125626,887.538943661395));
#11338=CARTESIAN_POINT('Ctrl Pts',(-248.890894924713,111.217248254532,887.540649997408));
#11339=CARTESIAN_POINT('Ctrl Pts',(-248.687163344468,111.216739782623,887.571689796672));
#11340=CARTESIAN_POINT('Ctrl Pts',(-248.491661231164,111.216739953188,887.634377550511));
#11341=CARTESIAN_POINT('',(-247.685763350711,111.216742691602,890.950717188383));
#11342=CARTESIAN_POINT('Origin',(-249.102335519738,111.21674081927,889.538866173022));
#11343=CARTESIAN_POINT('',(-247.6857728282,125.510008428,890.950707742392));
#11344=CARTESIAN_POINT('Origin',(-259.119563633,135.566716599,863.049645341));
#11345=CARTESIAN_POINT('',(-264.119369910856,135.566716599,863.005631889549));
#11346=CARTESIAN_POINT('Origin',(-259.119563632696,135.566716599,863.049645306448));
#11347=CARTESIAN_POINT('',(-264.297184087548,135.5667299108,883.204849293882));
#11348=CARTESIAN_POINT('',(-264.119369911221,135.566716599,863.005631931016));
#11349=CARTESIAN_POINT('Origin',(-259.297377809328,135.5667299108,883.248862704058));
#11350=CARTESIAN_POINT('Origin',(-269.568133912,176.21672468,885.558515196));
#11351=CARTESIAN_POINT('',(-270.288722796055,153.416724665546,886.251877316165));
#11352=CARTESIAN_POINT('',(-268.859832800518,153.41672561553,886.264455865487));
#11353=CARTESIAN_POINT('Origin',(-269.5681188868,153.416724679319,885.558530358));
#11354=CARTESIAN_POINT('',(-270.288721346562,151.216724665861,886.251878777056));
#11355=CARTESIAN_POINT('',(-270.288737821799,176.216724666198,886.251862154731));
#11356=CARTESIAN_POINT('',(-268.859831353282,151.216725618053,886.264457325888));
#11357=CARTESIAN_POINT('Origin',(-269.568117437,151.216724679571,885.558531821));
#11358=CARTESIAN_POINT('',(-268.859847826477,176.216725616201,886.264440702731));
#11359=CARTESIAN_POINT('Origin',(-249.068928171,176.216738313,885.738970177));
#11360=CARTESIAN_POINT('',(-249.789517055066,153.416738294829,886.432332297155));
#11361=CARTESIAN_POINT('',(-248.360627060183,153.416739244545,886.444910846821));
#11362=CARTESIAN_POINT('Origin',(-249.0689131458,153.416738308298,885.738985339));
#11363=CARTESIAN_POINT('',(-249.789515605519,151.216738297579,886.432333758831));
#11364=CARTESIAN_POINT('',(-249.789532080799,176.216738299198,886.432317135731));
#11365=CARTESIAN_POINT('',(-248.360625612286,151.216739249287,886.444912307805));
#11366=CARTESIAN_POINT('Origin',(-249.068911696,151.216738309914,885.738986802));
#11367=CARTESIAN_POINT('',(-248.360642085975,176.216739249201,886.444895684231));
#11368=CARTESIAN_POINT('Origin',(-269.601550679,125.509992923,889.358401687));
#11369=CARTESIAN_POINT('',(-271.04275290401,117.016728112514,890.745101249012));
#11370=CARTESIAN_POINT('',(-268.18497293295,117.016729057362,890.770258368656));
#11371=CARTESIAN_POINT('Origin',(-269.601545081938,117.016727184506,889.358407335022));
#11372=CARTESIAN_POINT('',(-271.04275286425,113.030372101646,890.745101210745));
#11373=CARTESIAN_POINT('',(-271.042752989469,125.509994807,890.745101331237));
#11374=CARTESIAN_POINT('',(-268.184969783157,112.264603791856,890.770261510417));
#11375=CARTESIAN_POINT('Origin',(-269.601542202608,112.64748667387,889.358410240567));
#11376=CARTESIAN_POINT('',(-268.184978565049,125.509994796,890.770252757227));
#11377=CARTESIAN_POINT('Origin',(-278.783336885,151.037323091,870.354841801));
#11378=CARTESIAN_POINT('',(-278.7833351057,148.33732415542,871.9548435965));
#11379=CARTESIAN_POINT('Origin',(-278.7833351057,148.337323090927,870.3548435965));
#11380=CARTESIAN_POINT('',(-278.7833338536,146.437324154733,871.95484486));
#11381=CARTESIAN_POINT('',(-278.783336885,151.037324155,871.954841801));
#11382=CARTESIAN_POINT('Origin',(-278.7833338536,146.437323090789,870.35484486));
#11383=CARTESIAN_POINT('Origin',(-277.999505076,151.037330238,880.324074855));
#11384=CARTESIAN_POINT('',(-277.9995032967,148.337331304117,881.9240766505));
#11385=CARTESIAN_POINT('Origin',(-277.9995032967,148.337330238221,880.3240766505));
#11386=CARTESIAN_POINT('',(-277.9995020446,146.437331300744,881.924077914));
#11387=CARTESIAN_POINT('',(-277.999505076,151.037331302,881.924074855));
#11388=CARTESIAN_POINT('Origin',(-277.9995020446,146.437330237158,880.324077914));
#11389=CARTESIAN_POINT('Origin',(-277.99948231,116.499830238,880.324097823));
#11390=CARTESIAN_POINT('',(-277.999484946,120.499832153177,883.124095162999));
#11391=CARTESIAN_POINT('Origin',(-277.999484946,120.499830257367,880.324095163));
#11392=CARTESIAN_POINT('',(-277.9994819146,115.89983210257,883.124098221999));
#11393=CARTESIAN_POINT('',(-277.99948231,116.4998321,883.124097822999));
#11394=CARTESIAN_POINT('Origin',(-277.9994819146,115.899830238841,880.324098222));
#11395=CARTESIAN_POINT('Origin',(-278.783314119,116.499823091,870.354864768));
#11396=CARTESIAN_POINT('',(-278.783316755,120.499825005255,873.154862107999));
#11397=CARTESIAN_POINT('Origin',(-278.783316755,120.499823110135,870.354862108));
#11398=CARTESIAN_POINT('',(-278.7833137236,115.899824955456,873.154865166999));
#11399=CARTESIAN_POINT('',(-278.783314119,116.499824953,873.154864767999));
#11400=CARTESIAN_POINT('Origin',(-278.7833137236,115.899823092263,870.354865167));
#11401=CARTESIAN_POINT('Origin',(-278.783355646,179.499823091,870.354822873));
#11402=CARTESIAN_POINT('',(-278.7833179512,122.299824188377,872.004860911));
#11403=CARTESIAN_POINT('Origin',(-278.7833179512,122.299823091043,870.354860911));
#11404=CARTESIAN_POINT('',(-278.783316765,120.499824241845,872.004862108));
#11405=CARTESIAN_POINT('',(-278.783355646,179.49982418825,872.004822873));
#11406=CARTESIAN_POINT('Origin',(-278.783316765,120.499823110925,870.354862108));
#11407=CARTESIAN_POINT('Origin',(-277.999523838,179.499830238,880.324055928));
#11408=CARTESIAN_POINT('',(-277.9994861432,122.299831334682,881.974093966));
#11409=CARTESIAN_POINT('Origin',(-277.9994861432,122.29983023719,880.324093966));
#11410=CARTESIAN_POINT('',(-277.999484957,120.499831387679,881.974095163));
#11411=CARTESIAN_POINT('',(-277.999523838,179.49983133525,881.974055928));
#11412=CARTESIAN_POINT('Origin',(-277.999484957,120.499830256863,880.324095163));
#11413=CARTESIAN_POINT('Origin',(-241.007236571,135.432493641,895.809738766));
#11414=CARTESIAN_POINT('',(-241.074697947508,163.216755376972,903.471097903846));
#11415=CARTESIAN_POINT('',(-241.055095031811,163.216754544569,901.244233622146));
#11416=CARTESIAN_POINT('',(-241.007255046818,163.216755374,895.809738603357));
#11417=CARTESIAN_POINT('',(-241.074697513398,161.884085531787,903.471098784692));
#11418=CARTESIAN_POINT('',(-241.074697724981,163.216759886,903.471097905578));
#11419=CARTESIAN_POINT('',(-241.063485858506,160.574486617125,902.197608875241));
#11420=CARTESIAN_POINT('',(-241.063485858975,160.574486618,902.197608875072));
#11421=CARTESIAN_POINT('',(-241.068533598934,159.216755680566,902.771121275002));
#11422=CARTESIAN_POINT('Origin',(-241.068534126331,160.016754910972,902.771120749863));
#11423=CARTESIAN_POINT('',(-241.099338956756,159.216757219,906.270527921863));
#11424=CARTESIAN_POINT('',(-241.007252386922,159.216757219,895.809738626772));
#11425=CARTESIAN_POINT('',(-241.104388485749,160.574489673914,906.844038411328));
#11426=CARTESIAN_POINT('Ctrl Pts',(-241.104388485351,160.574489673806,906.844038411222));
#11427=CARTESIAN_POINT('Ctrl Pts',(-241.105016898466,160.501073997673,906.915430015495));
#11428=CARTESIAN_POINT('Ctrl Pts',(-241.105516107566,160.414560646944,906.972145376729));
#11429=CARTESIAN_POINT('Ctrl Pts',(-241.106207839323,160.222311701216,907.050738787539));
#11430=CARTESIAN_POINT('Ctrl Pts',(-241.106385391341,160.118487976422,907.070916067703));
#11431=CARTESIAN_POINT('Ctrl Pts',(-241.106377803515,159.907600458883,907.070070042462));
#11432=CARTESIAN_POINT('Ctrl Pts',(-241.106188678436,159.802854215522,907.048593849684));
#11433=CARTESIAN_POINT('Ctrl Pts',(-241.10546421274,159.608055941005,906.966311190079));
#11434=CARTESIAN_POINT('Ctrl Pts',(-241.104934913227,159.519637266158,906.906190853156));
#11435=CARTESIAN_POINT('Ctrl Pts',(-241.103609219313,159.37201437049,906.755606703715));
#11436=CARTESIAN_POINT('Ctrl Pts',(-241.102830148076,159.314097191573,906.667110659231));
#11437=CARTESIAN_POINT('Ctrl Pts',(-241.100782854405,159.220301757002,906.434550630808));
#11438=CARTESIAN_POINT('Ctrl Pts',(-241.100091751959,159.216757293274,906.356043499321));
#11439=CARTESIAN_POINT('Ctrl Pts',(-241.099338956358,159.216757219,906.270527921866));
#11440=CARTESIAN_POINT('',(-241.093178776522,161.884087045672,905.57054637754));
#11441=CARTESIAN_POINT('',(-241.093178779862,161.884086918,905.570546757001));
#11442=CARTESIAN_POINT('',(-241.093179658261,163.216756754026,905.570545863986));
#11443=CARTESIAN_POINT('',(-241.093161182468,135.432493641,905.570546029641));
#11444=CARTESIAN_POINT('',(-241.131082099561,163.216761421156,909.876160289973));
#11445=CARTESIAN_POINT('',(-241.088424234334,163.2167563957,905.030342357593));
#11446=CARTESIAN_POINT('',(-241.138123768008,162.416760124,910.676135298612));
#11447=CARTESIAN_POINT('Origin',(-241.131081553921,162.416759596665,909.876160810335));
#11448=CARTESIAN_POINT('',(-241.138119734799,156.304416982326,910.676141191104));
#11449=CARTESIAN_POINT('',(-241.138114870237,148.924631781101,910.676146096858));
#11450=CARTESIAN_POINT('',(-241.136118945061,156.304416751153,910.376148139148));
#11451=CARTESIAN_POINT('',(-241.007250450291,156.304416883,895.80973864382));
#11452=CARTESIAN_POINT('',(-241.135478478841,156.216762573923,910.376155631162));
#11453=CARTESIAN_POINT('Ctrl Pts',(-241.135478478841,156.216762573923,910.376155631162));
#11454=CARTESIAN_POINT('Ctrl Pts',(-241.135478080333,156.245983033367,910.376155615411));
#11455=CARTESIAN_POINT('Ctrl Pts',(-241.135905108472,156.275206139239,910.376151837014));
#11456=CARTESIAN_POINT('Ctrl Pts',(-241.136118947945,156.304416751867,910.376148138987));
#11457=CARTESIAN_POINT('',(-240.873430702068,156.216740309052,880.60827282599));
#11458=CARTESIAN_POINT('',(-241.267791977531,121.216769836,925.409213679325));
#11459=CARTESIAN_POINT('',(-240.935839797626,114.216744978001,887.700889643086));
#11460=CARTESIAN_POINT('',(-240.935840076099,114.216744978,887.700889639999));
#11461=CARTESIAN_POINT('',(-240.910878335388,115.098679622318,884.865235683256));
#11462=CARTESIAN_POINT('Origin',(-240.935843371967,119.216744987551,887.700886316039));
#11463=CARTESIAN_POINT('',(-240.816510760804,122.481232232333,874.144772663509));
#11464=CARTESIAN_POINT('',(-240.91232857204,114.985224834422,885.029987295869));
#11465=CARTESIAN_POINT('',(-240.74794535642,122.481228160906,866.355925046421));
#11466=CARTESIAN_POINT('',(-240.916138167069,122.481237634457,885.462180866993));
#11467=CARTESIAN_POINT('',(-240.746674387025,123.002978743,866.21150682614));
#11468=CARTESIAN_POINT('Ctrl Pts',(-240.74794536,122.481230176,866.355925454));
#11469=CARTESIAN_POINT('Ctrl Pts',(-240.747858968844,122.494761157563,866.34611061084));
#11470=CARTESIAN_POINT('Ctrl Pts',(-240.747777252967,122.509095310115,866.33682683624));
#11471=CARTESIAN_POINT('Ctrl Pts',(-240.747678071621,122.528295585523,866.325558549971));
#11472=CARTESIAN_POINT('Ctrl Pts',(-240.747656960631,122.532494469544,866.323160052012));
#11473=CARTESIAN_POINT('Ctrl Pts',(-240.747533654782,122.557656879408,866.309150717452));
#11474=CARTESIAN_POINT('Ctrl Pts',(-240.747437944738,122.579831021557,866.298276183049));
#11475=CARTESIAN_POINT('Ctrl Pts',(-240.747285177742,122.62044141254,866.280918756128));
#11476=CARTESIAN_POINT('Ctrl Pts',(-240.747224708638,122.63824204449,866.274048266337));
#11477=CARTESIAN_POINT('Ctrl Pts',(-240.747131677839,122.6687442833,866.263478350771));
#11478=CARTESIAN_POINT('Ctrl Pts',(-240.747096803168,122.681023855658,866.2595160439));
#11479=CARTESIAN_POINT('Ctrl Pts',(-240.747047560862,122.699792969363,866.253921178917));
#11480=CARTESIAN_POINT('Ctrl Pts',(-240.747030691928,122.706458016251,866.252004475524));
#11481=CARTESIAN_POINT('Ctrl Pts',(-240.746999851766,122.719117949794,866.248500219942));
#11482=CARTESIAN_POINT('Ctrl Pts',(-240.746985763248,122.725129003458,866.24689935105));
#11483=CARTESIAN_POINT('Ctrl Pts',(-240.746910483401,122.758072442711,866.238345271007));
#11484=CARTESIAN_POINT('Ctrl Pts',(-240.746857916667,122.785977463423,866.23237172056));
#11485=CARTESIAN_POINT('Ctrl Pts',(-240.746771220038,122.843192318297,866.222518892806));
#11486=CARTESIAN_POINT('Ctrl Pts',(-240.746737664443,122.872520689578,866.218704852981));
#11487=CARTESIAN_POINT('Ctrl Pts',(-240.74671078391,122.906529063445,866.215648731607));
#11488=CARTESIAN_POINT('Ctrl Pts',(-240.746707560582,122.910891226305,866.215282241199));
#11489=CARTESIAN_POINT('Ctrl Pts',(-240.74668465108,122.944207539009,866.212677271279));
#11490=CARTESIAN_POINT('Ctrl Pts',(-240.746674367742,122.973455782394,866.21150684825));
#11491=CARTESIAN_POINT('Ctrl Pts',(-240.74667438698,123.002978743,866.21150682671));
#11492=CARTESIAN_POINT('',(-240.746690776065,147.86691186947,866.211490291799));
#11493=CARTESIAN_POINT('',(-240.746690776219,147.86691189,866.211490290998));
#11494=CARTESIAN_POINT('',(-240.747962431478,148.388663225076,866.355907502071));
#11495=CARTESIAN_POINT('Ctrl Pts',(-240.746690775984,147.86691186947,866.2114902922));
#11496=CARTESIAN_POINT('Ctrl Pts',(-240.746690796332,147.896529545206,866.211490276203));
#11497=CARTESIAN_POINT('Ctrl Pts',(-240.746700723689,147.925773897825,866.212615784533));
#11498=CARTESIAN_POINT('Ctrl Pts',(-240.746731933661,147.971919132597,866.216157446812));
#11499=CARTESIAN_POINT('Ctrl Pts',(-240.746747103647,147.989066286202,866.217879305469));
#11500=CARTESIAN_POINT('Ctrl Pts',(-240.74679773121,148.035061388601,866.223626923032));
#11501=CARTESIAN_POINT('Ctrl Pts',(-240.746839814936,148.063652440534,866.228405549194));
#11502=CARTESIAN_POINT('Ctrl Pts',(-240.746901212858,148.096802315496,866.235377847365));
#11503=CARTESIAN_POINT('Ctrl Pts',(-240.746910695976,148.101740935197,866.236454753467));
#11504=CARTESIAN_POINT('Ctrl Pts',(-240.746931682131,148.112292873139,866.238837968061));
#11505=CARTESIAN_POINT('Ctrl Pts',(-240.746942322705,148.117439591698,866.240046334598));
#11506=CARTESIAN_POINT('Ctrl Pts',(-240.746964786071,148.127957550593,866.242597335211));
#11507=CARTESIAN_POINT('Ctrl Pts',(-240.746976531095,148.133308351017,866.243931137688));
#11508=CARTESIAN_POINT('Ctrl Pts',(-240.746998773699,148.143042898868,866.246457104795));
#11509=CARTESIAN_POINT('Ctrl Pts',(-240.747007045014,148.146582120722,866.247396437436));
#11510=CARTESIAN_POINT('Ctrl Pts',(-240.747091649358,148.181999894437,866.257004597902));
#11511=CARTESIAN_POINT('Ctrl Pts',(-240.747178329676,148.211970800167,866.266848998496));
#11512=CARTESIAN_POINT('Ctrl Pts',(-240.74731391657,148.251806172626,866.282248302919));
#11513=CARTESIAN_POINT('Ctrl Pts',(-240.747355233521,148.263171515923,866.286940939537));
#11514=CARTESIAN_POINT('Ctrl Pts',(-240.747478105089,148.294938522674,866.300896415299));
#11515=CARTESIAN_POINT('Ctrl Pts',(-240.7475633814,148.314586319635,866.310582081093));
#11516=CARTESIAN_POINT('Ctrl Pts',(-240.747732488428,148.349278974943,866.329789564089));
#11517=CARTESIAN_POINT('Ctrl Pts',(-240.747815069268,148.364589454205,866.339169374972));
#11518=CARTESIAN_POINT('Ctrl Pts',(-240.747922206317,148.382277762105,866.35133850453));
#11519=CARTESIAN_POINT('Ctrl Pts',(-240.747942191572,148.385492159803,866.353608529356));
#11520=CARTESIAN_POINT('Ctrl Pts',(-240.747962429259,148.388661318343,866.355907231992));
#11521=CARTESIAN_POINT('',(-240.822072719994,148.388666371044,874.77463912504));
#11522=CARTESIAN_POINT('',(-241.007245186521,148.388666367,895.809738690157));
#11523=CARTESIAN_POINT('',(-240.858366827046,151.227736338311,878.897338414007));
#11524=CARTESIAN_POINT('',(-240.858366822723,151.227735751,878.897338170003));
#11525=CARTESIAN_POINT('',(-240.865228900031,153.844475782099,879.676654845103));
#11526=CARTESIAN_POINT('Ctrl Pts',(-240.858366824035,151.227736338311,878.897338318929));
#11527=CARTESIAN_POINT('Ctrl Pts',(-240.858367150636,151.722034071553,878.897338078143));
#11528=CARTESIAN_POINT('Ctrl Pts',(-240.859043094889,152.179666918962,878.974088956052));
#11529=CARTESIAN_POINT('Ctrl Pts',(-240.86215135642,153.26929683402,879.327096880326));
#11530=CARTESIAN_POINT('Ctrl Pts',(-240.864506077422,153.707371194567,879.594553846076));
#11531=CARTESIAN_POINT('Ctrl Pts',(-240.865228905715,153.844475773463,879.676654859476));
#11532=CARTESIAN_POINT('',(-240.866163509471,154.0626826911,879.782806875266));
#11533=CARTESIAN_POINT('Ctrl Pts',(-240.865228905679,153.844475777095,879.67665485542));
#11534=CARTESIAN_POINT('Ctrl Pts',(-240.865539610606,153.917576723557,879.71194458604));
#11535=CARTESIAN_POINT('Ctrl Pts',(-240.865849722836,153.989870071412,879.747167048937));
#11536=CARTESIAN_POINT('Ctrl Pts',(-240.866163509471,154.0626826911,879.782806875266));
#11537=CARTESIAN_POINT('',(-240.901722183168,156.844229661703,883.82196570715));
#11538=CARTESIAN_POINT('',(-240.863148078913,153.826803694643,879.44027980575));
#11539=CARTESIAN_POINT('',(-240.935834905494,158.04943708345,887.696990925367));
#11540=CARTESIAN_POINT('Ctrl Pts',(-240.901722138948,156.844234394012,883.821962448666));
#11541=CARTESIAN_POINT('Ctrl Pts',(-240.906700333982,157.23364865058,884.387442741911));
#11542=CARTESIAN_POINT('Ctrl Pts',(-240.912207795424,157.534886811278,885.013052953424));
#11543=CARTESIAN_POINT('Ctrl Pts',(-240.923751036578,157.942709063539,886.324303629107));
#11544=CARTESIAN_POINT('Ctrl Pts',(-240.929790877314,158.049436630846,887.010405404024));
#11545=CARTESIAN_POINT('Ctrl Pts',(-240.935834905492,158.04943708345,887.696990925148));
#11546=CARTESIAN_POINT('',(-240.935834651179,156.216745554154,887.696992135505));
#11547=CARTESIAN_POINT('',(-240.935827411956,146.681352225876,887.696998483191));
#11548=CARTESIAN_POINT('',(-240.993472356646,156.21674928924,894.244509221484));
#11549=CARTESIAN_POINT('',(-240.876096659321,156.216740502001,880.910915191387));
#11550=CARTESIAN_POINT('',(-241.055095029538,163.216753906,901.244233364004));
#11551=CARTESIAN_POINT('Origin',(-241.073703113583,140.166502768289,903.359803540213));
#11552=CARTESIAN_POINT('Origin',(-240.986561007722,140.166496243289,893.460692153212));
#11553=CARTESIAN_POINT('Origin',(-241.073696588114,130.267007832289,903.359810123217));
#11554=CARTESIAN_POINT('Origin',(-240.986554482253,130.267001307289,893.460698736216));
#11555=CARTESIAN_POINT('',(-241.050959392374,137.098450460548,900.77640909625));
#11556=CARTESIAN_POINT('Origin',(-241.029750803,160.337914277,898.365509094));
#11557=CARTESIAN_POINT('',(-247.054861727968,163.21674991922,901.191417281544));
#11558=CARTESIAN_POINT('',(-247.019648363003,159.216747278954,897.19157491734));
#11559=CARTESIAN_POINT('',(-247.054861728001,163.216749915901,901.191417280099));
#11560=CARTESIAN_POINT('',(-241.055095030003,163.216753905708,901.244233364292));
#11561=CARTESIAN_POINT('',(-244.019767339089,159.216749273456,897.217982938506));
#11562=CARTESIAN_POINT('Origin',(-243.993356932343,156.216746411995,894.218100286132));
#11563=CARTESIAN_POINT('',(-247.019648363003,159.21674727866,897.19157491734));
#11564=CARTESIAN_POINT('Origin',(-209.568454477,163.216770537,895.041699529));
#11565=CARTESIAN_POINT('',(-247.07392728044,163.216751347572,903.357213367997));
#11566=CARTESIAN_POINT('',(-247.054861728,163.21674992302,901.19141728));
#11567=CARTESIAN_POINT('',(-247.074389998544,163.216751358983,903.392624513693));
#11568=CARTESIAN_POINT('',(-247.073931698,163.216751344,903.357551093));
#11569=CARTESIAN_POINT('',(-247.074390443,163.216751373953,903.392624509));
#11570=CARTESIAN_POINT('Origin',(-234.319244431,161.884090049,903.559457202));
#11571=CARTESIAN_POINT('',(-247.074389564648,161.884081523684,903.392625395761));
#11572=CARTESIAN_POINT('',(-247.073930073636,161.848011629056,903.357552011798));
#11573=CARTESIAN_POINT('',(-247.074389564516,161.884081523,903.392625398006));
#11574=CARTESIAN_POINT('',(-247.063026712777,160.574482606721,902.119137463373));
#11575=CARTESIAN_POINT('',(-247.063026713082,160.574482603906,902.119137466266));
#11576=CARTESIAN_POINT('',(-241.063485640038,160.574486615181,902.197608879899));
#11577=CARTESIAN_POINT('',(-247.074389565003,161.884081522784,903.392625398223));
#11578=CARTESIAN_POINT('Origin',(-246.721820189,159.216724977,863.358775122));
#11579=CARTESIAN_POINT('',(-247.068074452724,159.216750904419,902.692649862002));
#11580=CARTESIAN_POINT('',(-247.068074453,159.216750905845,902.692649862));
#11581=CARTESIAN_POINT('',(-247.098879857093,159.216753213049,906.192061881999));
#11582=CARTESIAN_POINT('',(-247.098879857,159.216753212653,906.192061882));
#11583=CARTESIAN_POINT('',(-241.100623617979,159.21675721852,906.270516521729));
#11584=CARTESIAN_POINT('',(-241.100623618,159.216757217677,906.270516491));
#11585=CARTESIAN_POINT('',(-241.099340550725,159.216757219,906.270527907778));
#11586=CARTESIAN_POINT('Ctrl Pts',(-241.105673148,160.574489673,906.844027102));
#11587=CARTESIAN_POINT('Ctrl Pts',(-241.105899243,160.548075621,906.869712918));
#11588=CARTESIAN_POINT('Ctrl Pts',(-241.106328726,160.490569588,906.918505352));
#11589=CARTESIAN_POINT('Ctrl Pts',(-241.106875086,160.39152117,906.980577947));
#11590=CARTESIAN_POINT('Ctrl Pts',(-241.107296365,160.281975583,907.028442382));
#11591=CARTESIAN_POINT('Ctrl Pts',(-241.107571499,160.165167431,907.059705683));
#11592=CARTESIAN_POINT('Ctrl Pts',(-241.107688512,160.044981578,907.073007153));
#11593=CARTESIAN_POINT('Ctrl Pts',(-241.107646145,159.92553179,907.068203363));
#11594=CARTESIAN_POINT('Ctrl Pts',(-241.107453691,159.81070077,907.046349807));
#11595=CARTESIAN_POINT('Ctrl Pts',(-241.107237348,159.739399395,907.02177911));
#11596=CARTESIAN_POINT('Ctrl Pts',(-241.106984894,159.671517685,906.993106237));
#11597=CARTESIAN_POINT('Ctrl Pts',(-241.10668567,159.604193127,906.959120219));
#11598=CARTESIAN_POINT('Ctrl Pts',(-241.106095053,159.508468693,906.892034969));
#11599=CARTESIAN_POINT('Ctrl Pts',(-241.105370651,159.421748623,906.809751341));
#11600=CARTESIAN_POINT('Ctrl Pts',(-241.104530498,159.347495608,906.714317865));
#11601=CARTESIAN_POINT('Ctrl Pts',(-241.103601439,159.288474936,906.608783609));
#11602=CARTESIAN_POINT('Ctrl Pts',(-241.10261634,159.246419474,906.496882196));
#11603=CARTESIAN_POINT('Ctrl Pts',(-241.101610305,159.221867892,906.382601147));
#11604=CARTESIAN_POINT('Ctrl Pts',(-241.10094795,159.21675725,906.307359803));
#11605=CARTESIAN_POINT('Ctrl Pts',(-241.100623619,159.216757219,906.270516644));
#11606=CARTESIAN_POINT('Ctrl Pts',(-241.100571725972,159.21675721404,906.264621730884));
#11607=CARTESIAN_POINT('Ctrl Pts',(-241.100519832945,159.21675720908,906.258726817768));
#11608=CARTESIAN_POINT('Ctrl Pts',(-241.100467939917,159.21675720412,906.252831904652));
#11609=CARTESIAN_POINT('Ctrl Pts',(-241.105244926098,160.574489673,906.844030871682));
#11610=CARTESIAN_POINT('Ctrl Pts',(-241.1054710221,160.548075621,906.869716687682));
#11611=CARTESIAN_POINT('Ctrl Pts',(-241.105900504098,160.490569589001,906.918509121682));
#11612=CARTESIAN_POINT('Ctrl Pts',(-241.1064468651,160.391521171001,906.980581716682));
#11613=CARTESIAN_POINT('Ctrl Pts',(-241.1068681441,160.281975583,907.028446151682));
#11614=CARTESIAN_POINT('Ctrl Pts',(-241.1071432781,160.165167431,907.059709452682));
#11615=CARTESIAN_POINT('Ctrl Pts',(-241.1072602911,160.044981578,907.073010922682));
#11616=CARTESIAN_POINT('Ctrl Pts',(-241.1072179241,159.925531791001,907.068207132683));
#11617=CARTESIAN_POINT('Ctrl Pts',(-241.1070254701,159.81070077,907.046353576683));
#11618=CARTESIAN_POINT('Ctrl Pts',(-241.106809126098,159.739399396001,907.021782879683));
#11619=CARTESIAN_POINT('Ctrl Pts',(-241.1065566731,159.671517685,906.993110006682));
#11620=CARTESIAN_POINT('Ctrl Pts',(-241.106257448098,159.604193127,906.959123988683));
#11621=CARTESIAN_POINT('Ctrl Pts',(-241.1056668321,159.508468694001,906.892038738682));
#11622=CARTESIAN_POINT('Ctrl Pts',(-241.104942429098,159.421748624001,906.809755110683));
#11623=CARTESIAN_POINT('Ctrl Pts',(-241.1041022771,159.347495608,906.714321634682));
#11624=CARTESIAN_POINT('Ctrl Pts',(-241.103173217098,159.288474936,906.608787378683));
#11625=CARTESIAN_POINT('Ctrl Pts',(-241.102188118098,159.246419474,906.496885965683));
#11626=CARTESIAN_POINT('Ctrl Pts',(-241.101182083098,159.221867892,906.382604916682));
#11627=CARTESIAN_POINT('Ctrl Pts',(-241.1005197291,159.21675725,906.307363572683));
#11628=CARTESIAN_POINT('Ctrl Pts',(-241.1001953981,159.216757219,906.270520413682));
#11629=CARTESIAN_POINT('Ctrl Pts',(-241.100143505072,159.21675721404,906.264625500566));
#11630=CARTESIAN_POINT('Ctrl Pts',(-241.100091612044,159.21675720908,906.25873058745));
#11631=CARTESIAN_POINT('Ctrl Pts',(-241.100039719017,159.21675720412,906.252835674334));
#11632=CARTESIAN_POINT('Ctrl Pts',(-241.104816705199,160.574489673,906.844034641365));
#11633=CARTESIAN_POINT('Ctrl Pts',(-241.105042800197,160.548075622003,906.869720457365));
#11634=CARTESIAN_POINT('Ctrl Pts',(-241.105472283199,160.490569589,906.918512890362));
#11635=CARTESIAN_POINT('Ctrl Pts',(-241.106018643197,160.391521171,906.980585486365));
#11636=CARTESIAN_POINT('Ctrl Pts',(-241.106439922197,160.281975584003,907.028449921365));
#11637=CARTESIAN_POINT('Ctrl Pts',(-241.106715056197,160.165167431,907.059713222365));
#11638=CARTESIAN_POINT('Ctrl Pts',(-241.106832069197,160.044981578,907.073014692365));
#11639=CARTESIAN_POINT('Ctrl Pts',(-241.106789702197,159.925531791,907.068210902365));
#11640=CARTESIAN_POINT('Ctrl Pts',(-241.106597248197,159.81070077,907.046357346365));
#11641=CARTESIAN_POINT('Ctrl Pts',(-241.106380904197,159.739399396,907.021786649365));
#11642=CARTESIAN_POINT('Ctrl Pts',(-241.106128451197,159.671517685,906.993113776365));
#11643=CARTESIAN_POINT('Ctrl Pts',(-241.105829227199,159.604193127,906.959127758365));
#11644=CARTESIAN_POINT('Ctrl Pts',(-241.105238610197,159.508468694,906.892042508365));
#11645=CARTESIAN_POINT('Ctrl Pts',(-241.104514208199,159.421748624,906.809758880365));
#11646=CARTESIAN_POINT('Ctrl Pts',(-241.103674055197,159.347495608,906.714325404365));
#11647=CARTESIAN_POINT('Ctrl Pts',(-241.102744996199,159.288474936,906.608791148365));
#11648=CARTESIAN_POINT('Ctrl Pts',(-241.101759897199,159.246419474,906.496889735365));
#11649=CARTESIAN_POINT('Ctrl Pts',(-241.100753862199,159.221867892,906.382608686365));
#11650=CARTESIAN_POINT('Ctrl Pts',(-241.100091507197,159.216757251002,906.307367342365));
#11651=CARTESIAN_POINT('Ctrl Pts',(-241.099767176197,159.216757219,906.270524183365));
#11652=CARTESIAN_POINT('Ctrl Pts',(-241.099715283169,159.21675721388,906.264629270248));
#11653=CARTESIAN_POINT('Ctrl Pts',(-241.099663390142,159.216757208759,906.258734357133));
#11654=CARTESIAN_POINT('Ctrl Pts',(-241.099611497114,159.216757203639,906.252839444016));
#11655=CARTESIAN_POINT('Ctrl Pts',(-241.104388483295,160.574489674004,906.844038411047));
#11656=CARTESIAN_POINT('Ctrl Pts',(-241.104614579299,160.548075622,906.869724227048));
#11657=CARTESIAN_POINT('Ctrl Pts',(-241.105044061295,160.490569589,906.918516660047));
#11658=CARTESIAN_POINT('Ctrl Pts',(-241.105590422299,160.391521171,906.980589256047));
#11659=CARTESIAN_POINT('Ctrl Pts',(-241.106011701299,160.281975584,907.028453691048));
#11660=CARTESIAN_POINT('Ctrl Pts',(-241.106286835299,160.165167432004,907.059716992047));
#11661=CARTESIAN_POINT('Ctrl Pts',(-241.106403848299,160.044981579004,907.073018462047));
#11662=CARTESIAN_POINT('Ctrl Pts',(-241.106361481299,159.925531791,907.068214672047));
#11663=CARTESIAN_POINT('Ctrl Pts',(-241.106169027299,159.81070077,907.046361116047));
#11664=CARTESIAN_POINT('Ctrl Pts',(-241.105952683299,159.739399396,907.021790419048));
#11665=CARTESIAN_POINT('Ctrl Pts',(-241.105700230299,159.671517686004,906.993117546048));
#11666=CARTESIAN_POINT('Ctrl Pts',(-241.105401005295,159.604193127,906.959131528047));
#11667=CARTESIAN_POINT('Ctrl Pts',(-241.104810389299,159.508468694,906.892046278047));
#11668=CARTESIAN_POINT('Ctrl Pts',(-241.104085987299,159.421748624,906.809762650047));
#11669=CARTESIAN_POINT('Ctrl Pts',(-241.103245834299,159.347495609004,906.714329174048));
#11670=CARTESIAN_POINT('Ctrl Pts',(-241.102316774295,159.288474936,906.608794918048));
#11671=CARTESIAN_POINT('Ctrl Pts',(-241.101331676299,159.246419475004,906.496893505047));
#11672=CARTESIAN_POINT('Ctrl Pts',(-241.100325641299,159.221867893004,906.382612456048));
#11673=CARTESIAN_POINT('Ctrl Pts',(-241.099663286299,159.216757251,906.307371112048));
#11674=CARTESIAN_POINT('Ctrl Pts',(-241.099338955299,159.216757219,906.270527953047));
#11675=CARTESIAN_POINT('Ctrl Pts',(-241.099287062271,159.21675721388,906.264633039931));
#11676=CARTESIAN_POINT('Ctrl Pts',(-241.099235169244,159.21675720876,906.258738126815));
#11677=CARTESIAN_POINT('Ctrl Pts',(-241.099183276216,159.21675720364,906.252843213698));
#11678=CARTESIAN_POINT('',(-241.10567204341,160.574489672503,906.844027110565));
#11679=CARTESIAN_POINT('Origin',(-241.100623486181,160.016756341761,906.270523285113));
#11680=CARTESIAN_POINT('',(-241.105672263994,160.574489673,906.844027109782));
#11681=CARTESIAN_POINT('Origin',(-241.105673148,160.574489673,906.844027102));
#11682=CARTESIAN_POINT('',(-241.094461393056,161.884086916414,905.570535462006));
#11683=CARTESIAN_POINT('',(-241.105671821994,160.574489673351,906.844027113333));
#11684=CARTESIAN_POINT('',(-241.094463442585,161.884086920042,905.570535438995));
#11685=CARTESIAN_POINT('Origin',(-241.094463442,161.88408692,905.570535439));
#11686=CARTESIAN_POINT('',(-241.094461384905,163.216756753639,905.570534587039));
#11687=CARTESIAN_POINT('',(-241.094461382658,163.216748238,905.570534594827));
#11688=CARTESIAN_POINT('',(-241.094463434269,163.216756757,905.570534560805));
#11689=CARTESIAN_POINT('Origin',(-278.600251364,163.216737588,913.921461482));
#11690=CARTESIAN_POINT('',(-247.092720560226,163.216752746405,905.492079945362));
#11691=CARTESIAN_POINT('',(-241.094463409,163.216756750948,905.570534561));
#11692=CARTESIAN_POINT('',(-247.130622983221,163.21675558937,909.797694358999));
#11693=CARTESIAN_POINT('',(-247.09272056,163.216752745924,905.492079945));
#11694=CARTESIAN_POINT('',(-241.132365564401,163.216760814236,909.876148991199));
#11695=CARTESIAN_POINT('',(-247.130622983,163.21675558418,909.797694359));
#11696=CARTESIAN_POINT('',(-241.1323655644,163.216759594095,909.8761489912));
#11697=CARTESIAN_POINT('Origin',(-241.132366125101,162.416759595664,909.876149502463));
#11698=CARTESIAN_POINT('',(-241.139406740856,162.416759402573,910.676124008458));
#11699=CARTESIAN_POINT('',(-241.138124508765,162.416760123998,910.676133463644));
#11700=CARTESIAN_POINT('Ctrl Pts',(-241.139406985224,162.41675940253,910.676122174212));
#11701=CARTESIAN_POINT('Ctrl Pts',(-241.139509004196,162.454265217386,910.67612128521));
#11702=CARTESIAN_POINT('Ctrl Pts',(-241.139575963319,162.49177084471,910.673478738349));
#11703=CARTESIAN_POINT('Ctrl Pts',(-241.139608685977,162.528906415578,910.668220558773));
#11704=CARTESIAN_POINT('Ctrl Pts',(-241.139641405991,162.566038986357,910.662962803992));
#11705=CARTESIAN_POINT('Ctrl Pts',(-241.139639895679,162.602801076664,910.655089908212));
#11706=CARTESIAN_POINT('Ctrl Pts',(-241.139605432274,162.638830204324,910.644679470005));
#11707=CARTESIAN_POINT('Ctrl Pts',(-241.139570960866,162.674867698427,910.634266614356));
#11708=CARTESIAN_POINT('Ctrl Pts',(-241.139503522238,162.710171419016,910.62131517139));
#11709=CARTESIAN_POINT('Ctrl Pts',(-241.139404835427,162.744393099605,910.605952880103));
#11710=CARTESIAN_POINT('Ctrl Pts',(-241.139306167561,162.77860821038,910.59059353804));
#11711=CARTESIAN_POINT('Ctrl Pts',(-241.139176265284,162.811741251203,910.572824474909));
#11712=CARTESIAN_POINT('Ctrl Pts',(-241.139017265123,162.843465492415,910.552820893255));
#11713=CARTESIAN_POINT('Ctrl Pts',(-241.138858248648,162.875192988522,910.532815259241));
#11714=CARTESIAN_POINT('Ctrl Pts',(-241.138670130605,162.905510981835,910.510574908153));
#11715=CARTESIAN_POINT('Ctrl Pts',(-241.1384554363,162.934120440499,910.486319184441));
#11716=CARTESIAN_POINT('Ctrl Pts',(-241.138330045886,162.950829555675,910.47215283177));
#11717=CARTESIAN_POINT('Ctrl Pts',(-241.138195597301,162.966956435929,910.457299834466));
#11718=CARTESIAN_POINT('Ctrl Pts',(-241.138052649701,162.982446718429,910.441810258717));
#11719=CARTESIAN_POINT('Ctrl Pts',(-241.137807907086,163.008967850881,910.415290336304));
#11720=CARTESIAN_POINT('Ctrl Pts',(-241.137538485183,163.033620672366,910.386902576119));
#11721=CARTESIAN_POINT('Ctrl Pts',(-241.137248295804,163.056162058979,910.356926920137));
#11722=CARTESIAN_POINT('Ctrl Pts',(-241.13695812931,163.078701667856,910.326953628198));
#11723=CARTESIAN_POINT('Ctrl Pts',(-241.136647202056,163.099129881729,910.295393081877));
#11724=CARTESIAN_POINT('Ctrl Pts',(-241.136319700566,163.117245271006,910.26255646581));
#11725=CARTESIAN_POINT('Ctrl Pts',(-241.135992122257,163.135364909463,910.229712147523));
#11726=CARTESIAN_POINT('Ctrl Pts',(-241.135647965695,163.151170400198,910.195591587972));
#11727=CARTESIAN_POINT('Ctrl Pts',(-241.135291642065,163.164505822573,910.160531373288));
#11728=CARTESIAN_POINT('Ctrl Pts',(-241.134935386426,163.177838700358,910.125477848594));
#11729=CARTESIAN_POINT('Ctrl Pts',(-241.134566972389,163.188702280095,910.089485484834));
#11730=CARTESIAN_POINT('Ctrl Pts',(-241.134190971713,163.196989434041,910.052909199366));
#11731=CARTESIAN_POINT('Ctrl Pts',(-241.133814931963,163.205277449168,910.016329112978));
#11732=CARTESIAN_POINT('Ctrl Pts',(-241.133431308193,163.210988394097,909.97916546012));
#11733=CARTESIAN_POINT('Ctrl Pts',(-241.133044775002,163.214065941073,909.941784784961));
#11734=CARTESIAN_POINT('Ctrl Pts',(-241.132819049356,163.215863150976,909.919955412387));
#11735=CARTESIAN_POINT('Ctrl Pts',(-241.132592333102,163.216763265547,909.89805220907));
#11736=CARTESIAN_POINT('Ctrl Pts',(-241.132365564403,163.21676325144,909.876148991198));
#11737=CARTESIAN_POINT('Origin',(-241.139408426,162.416760123,910.676125818));
#11738=CARTESIAN_POINT('',(-241.139401995149,156.3044171102,910.676129910474));
#11739=CARTESIAN_POINT('',(-241.13940645395,162.416760123,910.67612583536));
#11740=CARTESIAN_POINT('',(-241.139400848978,156.304417080001,910.67612991541));
#11741=CARTESIAN_POINT('Origin',(-241.13940249,156.30441708,910.6761299));
#11742=CARTESIAN_POINT('',(-240.87471160736,156.304397259299,880.608261492383));
#11743=CARTESIAN_POINT('Origin',(-243.873314469,156.216738308,880.58186478));
#11744=CARTESIAN_POINT('',(-247.137660579107,156.21675881103,910.59767533059));
#11745=CARTESIAN_POINT('Origin',(-244.137889734443,156.216758115043,910.636911041957));
#11746=CARTESIAN_POINT('',(-247.205962972763,156.216761628789,918.35664553004));
#11747=CARTESIAN_POINT('Origin',(-244.267700142,159.497058408,925.382780185));
#11748=CARTESIAN_POINT('',(-247.267558675694,121.216765846,925.356397595003));
#11749=CARTESIAN_POINT('Origin',(-243.873286784,114.216738308,880.58189271));
#11750=CARTESIAN_POINT('',(-247.161528485806,114.216757934606,913.312179213952));
#11751=CARTESIAN_POINT('',(-247.161528488565,114.216758458385,913.312179213753));
#11752=CARTESIAN_POINT('',(-244.145901832,111.216758720024,911.550463576));
#11753=CARTESIAN_POINT('Ctrl Pts',(-247.161528467396,114.216757906095,913.312176809094));
#11754=CARTESIAN_POINT('Ctrl Pts',(-247.161528266628,113.911321740007,913.312177011819));
#11755=CARTESIAN_POINT('Ctrl Pts',(-247.114470816342,113.609160174264,913.283131803163));
#11756=CARTESIAN_POINT('Ctrl Pts',(-246.931790028089,113.027627080687,913.176281871665));
#11757=CARTESIAN_POINT('Ctrl Pts',(-246.795532113645,112.753829245667,913.098300169914));
#11758=CARTESIAN_POINT('Ctrl Pts',(-246.362042962201,112.130603577197,912.845979342511));
#11759=CARTESIAN_POINT('Ctrl Pts',(-246.067421439425,111.890188912686,912.666824786356));
#11760=CARTESIAN_POINT('Ctrl Pts',(-245.603197825068,111.573204888989,912.387451532911));
#11761=CARTESIAN_POINT('Ctrl Pts',(-245.332573429747,111.443267202085,912.225760616845));
#11762=CARTESIAN_POINT('Ctrl Pts',(-244.90665038061,111.309926940076,911.977918655294));
#11763=CARTESIAN_POINT('Ctrl Pts',(-244.759263839153,111.275656240427,911.893229376797));
#11764=CARTESIAN_POINT('Ctrl Pts',(-244.534677320777,111.240838570799,911.766165074691));
#11765=CARTESIAN_POINT('Ctrl Pts',(-244.458817258845,111.2319932637,911.723575798787));
#11766=CARTESIAN_POINT('Ctrl Pts',(-244.34436816003,111.223022745025,911.659847553496));
#11767=CARTESIAN_POINT('Ctrl Pts',(-244.306015449199,111.220748504884,911.638579547746));
#11768=CARTESIAN_POINT('Ctrl Pts',(-244.248351152119,111.218430187891,911.606736887212));
#11769=CARTESIAN_POINT('Ctrl Pts',(-244.229084735125,111.217839542741,911.596120263342));
#11770=CARTESIAN_POINT('Ctrl Pts',(-244.189647393508,111.217007468869,911.574434719816));
#11771=CARTESIAN_POINT('Ctrl Pts',(-244.170338104224,111.216800832656,911.563848356195));
#11772=CARTESIAN_POINT('Ctrl Pts',(-244.149866189555,111.21676066235,911.55262948176));
#11773=CARTESIAN_POINT('Ctrl Pts',(-244.14806708999,111.216758720576,911.551106594709));
#11774=CARTESIAN_POINT('Ctrl Pts',(-244.145901832123,111.216758722,911.550463575933));
#11775=CARTESIAN_POINT('',(-243.935721264318,111.216742982586,887.67448359474));
#11776=CARTESIAN_POINT('',(-243.873284805955,111.216738308001,880.58189470449));
#11777=CARTESIAN_POINT('Origin',(-243.935723007605,114.216742982197,887.674481602318));
#11778=CARTESIAN_POINT('Origin',(-243.935727139001,119.216742982993,887.674478268997));
#11779=CARTESIAN_POINT('',(-241.778932179989,113.351531879259,883.654436273611));
#11780=CARTESIAN_POINT('Origin',(-243.910762102483,115.098677629942,884.838827639092));
#11781=CARTESIAN_POINT('',(-243.895783271128,112.627838418377,883.137437259419));
#11782=CARTESIAN_POINT('Origin',(-243.935725299168,119.216742983,887.674478285196));
#11783=CARTESIAN_POINT('Origin',(-243.910762102481,115.098677630136,884.838827638811));
#11784=CARTESIAN_POINT('Origin',(-243.912212339,114.985222845,885.003579253));
#11785=CARTESIAN_POINT('',(-243.808179745878,119.481232693166,873.185386661115));
#11786=CARTESIAN_POINT('',(-243.897233555835,112.514383634074,883.302188871634));
#11787=CARTESIAN_POINT('Origin',(-243.816394516171,122.481233317538,874.118363508569));
#11788=CARTESIAN_POINT('Origin',(-243.916021934,122.481240776,885.435772821));
#11789=CARTESIAN_POINT('',(-243.746555908309,119.481228087381,866.185100780534));
#11790=CARTESIAN_POINT('',(-243.916020195329,119.481240776001,885.435774813382));
#11791=CARTESIAN_POINT('',(-241.626384162218,120.360429958379,866.275975693246));
#11792=CARTESIAN_POINT('Ctrl Pts',(-243.74655583,119.481228087105,866.185100899));
#11793=CARTESIAN_POINT('Ctrl Pts',(-243.353967546418,119.481228358397,866.200592390206));
#11794=CARTESIAN_POINT('Ctrl Pts',(-242.961533838959,119.559314767137,866.216082469215));
#11795=CARTESIAN_POINT('Ctrl Pts',(-242.236144718988,119.859889574198,866.246538943264));
#11796=CARTESIAN_POINT('Ctrl Pts',(-241.903474829498,120.082259696742,866.261502824918));
#11797=CARTESIAN_POINT('Ctrl Pts',(-241.626384162218,120.360429958379,866.275975693246));
#11798=CARTESIAN_POINT('Ctrl Pts',(-241.626384162218,120.360429958379,866.275975693246));
#11799=CARTESIAN_POINT('Ctrl Pts',(-241.348359729263,120.637631963903,866.29046076616));
#11800=CARTESIAN_POINT('Ctrl Pts',(-241.126127129421,120.970409684532,866.304452953809));
#11801=CARTESIAN_POINT('Ctrl Pts',(-240.825807984086,121.696006533112,866.331168347794));
#11802=CARTESIAN_POINT('Ctrl Pts',(-240.747839424057,122.088540097178,866.343890515691));
#11803=CARTESIAN_POINT('Ctrl Pts',(-240.747945359491,122.481228149758,866.3559253919));
#11804=CARTESIAN_POINT('Origin',(-243.746571621,143.433707716,866.185085196));
#11805=CARTESIAN_POINT('',(-241.607118557291,123.00297671385,864.083098188829));
#11806=CARTESIAN_POINT('Ctrl Pts',(-240.746674387483,123.002978743,866.211506826705));
#11807=CARTESIAN_POINT('Ctrl Pts',(-240.743217687352,123.002978470151,865.818834536325));
#11808=CARTESIAN_POINT('Ctrl Pts',(-240.817836628557,123.002978159496,865.425629439106));
#11809=CARTESIAN_POINT('Ctrl Pts',(-241.111979402111,123.002977481394,864.697416605691));
#11810=CARTESIAN_POINT('Ctrl Pts',(-241.331387515439,123.002977114214,864.362695356484));
#11811=CARTESIAN_POINT('Ctrl Pts',(-241.607118557291,123.00297671385,864.083098188829));
#11812=CARTESIAN_POINT('',(-243.720150107998,123.002974665204,863.185215015766));
#11813=CARTESIAN_POINT('Ctrl Pts',(-241.607118557291,123.00297671385,864.083098188829));
#11814=CARTESIAN_POINT('Ctrl Pts',(-241.881824733855,123.002976324343,863.802455099216));
#11815=CARTESIAN_POINT('Ctrl Pts',(-242.212643912278,123.002975956514,863.577163056519));
#11816=CARTESIAN_POINT('Ctrl Pts',(-242.935601120973,123.002975275962,863.270211075061));
#11817=CARTESIAN_POINT('Ctrl Pts',(-243.327454665035,123.002974963507,863.188671922987));
#11818=CARTESIAN_POINT('Ctrl Pts',(-243.720150107999,123.002974665204,863.185215015844));
#11819=CARTESIAN_POINT('',(-243.720166495032,147.86690796,863.185198481012));
#11820=CARTESIAN_POINT('',(-243.720163571848,143.43370573848,863.185201429096));
#11821=CARTESIAN_POINT('',(-241.607134944812,147.866909934089,864.083081654427));
#11822=CARTESIAN_POINT('Ctrl Pts',(-243.720166495809,147.86690796,863.185198481005));
#11823=CARTESIAN_POINT('Ctrl Pts',(-243.327471050367,147.866908221085,863.188655388472));
#11824=CARTESIAN_POINT('Ctrl Pts',(-242.935617506305,147.86690853354,863.270194540546));
#11825=CARTESIAN_POINT('Ctrl Pts',(-242.21266029761,147.866909214092,863.577146522003));
#11826=CARTESIAN_POINT('Ctrl Pts',(-241.881841119187,147.866909581921,863.802438564701));
#11827=CARTESIAN_POINT('Ctrl Pts',(-241.607134944812,147.866909934089,864.083081654427));
#11828=CARTESIAN_POINT('Ctrl Pts',(-241.607134944812,147.866909934089,864.083081654427));
#11829=CARTESIAN_POINT('Ctrl Pts',(-241.331403900771,147.866910306641,864.362678821968));
#11830=CARTESIAN_POINT('Ctrl Pts',(-241.111995787443,147.866910673821,864.697400071176));
#11831=CARTESIAN_POINT('Ctrl Pts',(-240.817853013888,147.866911351922,865.425612904591));
#11832=CARTESIAN_POINT('Ctrl Pts',(-240.743234072684,147.866911662578,865.818818001809));
#11833=CARTESIAN_POINT('Ctrl Pts',(-240.746690775992,147.86691186947,866.2114902922));
#11834=CARTESIAN_POINT('Origin',(-243.876851883,148.388668263,880.984202002));
#11835=CARTESIAN_POINT('',(-241.626445471615,150.509500802856,866.275953401432));
#11836=CARTESIAN_POINT('Ctrl Pts',(-240.7479624376,148.388663253666,866.355908206644));
#11837=CARTESIAN_POINT('Ctrl Pts',(-240.747856562391,148.781357779801,866.343872498399));
#11838=CARTESIAN_POINT('Ctrl Pts',(-240.825829442022,149.173901862875,866.331149461215));
#11839=CARTESIAN_POINT('Ctrl Pts',(-241.126164275027,149.899514530972,866.304432359895));
#11840=CARTESIAN_POINT('Ctrl Pts',(-241.348408045975,150.232297590465,866.290439336312));
#11841=CARTESIAN_POINT('Ctrl Pts',(-241.626445471615,150.509500802856,866.275953401432));
#11842=CARTESIAN_POINT('',(-243.746576865,151.388658508667,866.185079906));
#11843=CARTESIAN_POINT('Ctrl Pts',(-241.626445471615,150.509500802856,866.275953401432));
#11844=CARTESIAN_POINT('Ctrl Pts',(-241.90353493367,150.787658485151,866.261480597358));
#11845=CARTESIAN_POINT('Ctrl Pts',(-242.236199800545,151.010017556574,866.246516803391));
#11846=CARTESIAN_POINT('Ctrl Pts',(-242.96157424126,151.31057683253,866.216060735522));
#11847=CARTESIAN_POINT('Ctrl Pts',(-243.353998326101,151.388658779085,866.200570974863));
#11848=CARTESIAN_POINT('Ctrl Pts',(-243.746576865,151.388658508667,866.185079906));
#11849=CARTESIAN_POINT('',(-243.813745416044,151.388663536403,873.815248624543));
#11850=CARTESIAN_POINT('',(-243.876853860585,151.388668262999,880.984200007515));
#11851=CARTESIAN_POINT('',(-243.059433737181,151.292596143969,873.682374972205));
#11852=CARTESIAN_POINT('Origin',(-243.77539397182,148.388660667501,869.458853216851));
#11853=CARTESIAN_POINT('',(-242.41162258278,151.040310162306,873.935937637932));
#11854=CARTESIAN_POINT('Ctrl Pts',(-243.059433683444,151.292595956601,873.682374798965));
#11855=CARTESIAN_POINT('Ctrl Pts',(-242.927814356112,151.258285027202,873.760310278425));
#11856=CARTESIAN_POINT('Ctrl Pts',(-242.794176436517,151.213587407815,873.823986952048));
#11857=CARTESIAN_POINT('Ctrl Pts',(-242.583125970717,151.125768648903,873.89779169935));
#11858=CARTESIAN_POINT('Ctrl Pts',(-242.497485374874,151.085812429015,873.921029723335));
#11859=CARTESIAN_POINT('Ctrl Pts',(-242.411622595345,151.040310140284,873.935937643082));
#11860=CARTESIAN_POINT('Origin',(-243.821956487769,148.388664153336,874.74823115089));
#11861=CARTESIAN_POINT('Origin',(-243.767361575,144.118032481,868.54671693));
#11862=CARTESIAN_POINT('',(-242.457823139285,154.654317454292,879.183947855503));
#11863=CARTESIAN_POINT('',(-242.351048474168,146.301961401154,867.05523723784));
#11864=CARTESIAN_POINT('',(-241.716405670193,153.844474662483,878.987733687985));
#11865=CARTESIAN_POINT('Ctrl Pts',(-242.457823032375,154.654317410396,879.183947893087));
#11866=CARTESIAN_POINT('Ctrl Pts',(-242.319164889315,154.536526761435,879.143140764874));
#11867=CARTESIAN_POINT('Ctrl Pts',(-242.187582694806,154.409040819392,879.106025215308));
#11868=CARTESIAN_POINT('Ctrl Pts',(-241.940197901905,154.138294596486,879.04027741706));
#11869=CARTESIAN_POINT('Ctrl Pts',(-241.824055376755,153.994729667856,879.011663137224));
#11870=CARTESIAN_POINT('Ctrl Pts',(-241.716405669398,153.844474662874,878.987733689107));
#11871=CARTESIAN_POINT('Ctrl Pts',(-241.716405670175,153.844474662607,878.987733687286));
#11872=CARTESIAN_POINT('Ctrl Pts',(-241.709212951266,153.834435224916,878.986134811102));
#11873=CARTESIAN_POINT('Ctrl Pts',(-241.689549997598,153.806966917351,878.981765724878));
#11874=CARTESIAN_POINT('Ctrl Pts',(-241.647185515942,153.745452539625,878.972827789999));
#11875=CARTESIAN_POINT('Ctrl Pts',(-241.630437420429,153.720651964872,878.969393984777));
#11876=CARTESIAN_POINT('Ctrl Pts',(-241.581478962245,153.646705330413,878.959661494505));
#11877=CARTESIAN_POINT('Ctrl Pts',(-241.549901309233,153.597104564428,878.9537881554));
#11878=CARTESIAN_POINT('Ctrl Pts',(-241.459829344865,153.449787415234,878.938215896412));
#11879=CARTESIAN_POINT('Ctrl Pts',(-241.403870870361,153.350632125675,878.930108627651));
#11880=CARTESIAN_POINT('Ctrl Pts',(-241.252145857182,153.057057680853,878.911767990096));
#11881=CARTESIAN_POINT('Ctrl Pts',(-241.166881828221,152.859363361209,878.906335206057));
#11882=CARTESIAN_POINT('Ctrl Pts',(-241.016565377124,152.422123887497,878.897618674265));
#11883=CARTESIAN_POINT('Ctrl Pts',(-240.956407865128,152.183287681025,878.895726770632));
#11884=CARTESIAN_POINT('Ctrl Pts',(-240.877745518556,151.705003821256,878.895721635924));
#11885=CARTESIAN_POINT('Ctrl Pts',(-240.858367044741,151.466801955791,878.897338152806));
#11886=CARTESIAN_POINT('Ctrl Pts',(-240.858366830501,151.227736621039,878.897338312347));
#11887=CARTESIAN_POINT('Origin',(-240.935835605,156.216744976,887.696992127));
#11888=CARTESIAN_POINT('',(-242.532654927634,158.86839632422,887.682933542418));
#11889=CARTESIAN_POINT('Origin',(-209.791474756466,220.746218848286,887.971114017463));
#11890=CARTESIAN_POINT('Origin',(-243.935719371854,156.216742979198,887.670584080963));
#11891=CARTESIAN_POINT('Origin',(-243.87598138,156.216738507,880.884507137));
#11892=CARTESIAN_POINT('',(-243.174885263692,159.121314287228,886.444302565511));
#11893=CARTESIAN_POINT('Ctrl Pts',(-242.532655076834,158.868397139131,887.682933542345));
#11894=CARTESIAN_POINT('Ctrl Pts',(-242.543377276777,158.874169182062,887.661756442428));
#11895=CARTESIAN_POINT('Ctrl Pts',(-242.565798127863,158.886061394857,887.617453004438));
#11896=CARTESIAN_POINT('Ctrl Pts',(-242.588328146335,158.897627046955,887.573118426553));
#11897=CARTESIAN_POINT('Ctrl Pts',(-242.677746623894,158.942845260289,887.397817249294));
#11898=CARTESIAN_POINT('Ctrl Pts',(-242.757798963049,158.978862734778,887.242360782538));
#11899=CARTESIAN_POINT('Ctrl Pts',(-242.949572865631,159.055050887182,886.873298388434));
#11900=CARTESIAN_POINT('Ctrl Pts',(-243.062557989113,159.091989016797,886.658311791569));
#11901=CARTESIAN_POINT('Ctrl Pts',(-243.17490978365,159.121478826671,886.446319113668));
#11902=CARTESIAN_POINT('',(-243.935721348849,159.216742979993,887.670582086095));
#11903=CARTESIAN_POINT('Ctrl Pts',(-243.17490978365,159.121478826671,886.446319113668));
#11904=CARTESIAN_POINT('Ctrl Pts',(-243.263655642183,159.144064331969,886.590583608044));
#11905=CARTESIAN_POINT('Ctrl Pts',(-243.352770014986,159.162527429878,886.734638650153));
#11906=CARTESIAN_POINT('Ctrl Pts',(-243.44182829488,159.176967471215,886.878120540397));
#11907=CARTESIAN_POINT('Ctrl Pts',(-243.531730869203,159.1915444077,887.022962674301));
#11908=CARTESIAN_POINT('Ctrl Pts',(-243.621575909506,159.202021895824,887.167220740864));
#11909=CARTESIAN_POINT('Ctrl Pts',(-243.710953872014,159.208548062496,887.310520358281));
#11910=CARTESIAN_POINT('Ctrl Pts',(-243.78628365329,159.214048464319,887.431296537712));
#11911=CARTESIAN_POINT('Ctrl Pts',(-243.861282034967,159.216742949007,887.551391879164));
#11912=CARTESIAN_POINT('Ctrl Pts',(-243.935721348661,159.216742979197,887.670582086212));
#11913=CARTESIAN_POINT('',(-243.935721349,159.216742980391,887.670582086));
#11914=CARTESIAN_POINT('Origin',(-246.721820189,159.216724977,863.358775122));
#11915=CARTESIAN_POINT('',(-248.133531896311,159.21674018922,887.63362866565));
#11916=CARTESIAN_POINT('',(-248.1335319,159.21674018946,887.633628663));
#11917=CARTESIAN_POINT('',(-249.094079603979,159.216740193228,888.597388393902));
#11918=CARTESIAN_POINT('',(-247.652344851803,159.216740189,887.150832559778));
#11919=CARTESIAN_POINT('',(-250.037511733244,159.216739008416,887.616867885498));
#11920=CARTESIAN_POINT('',(-249.094077703741,159.216740197361,888.597390328348));
#11921=CARTESIAN_POINT('',(-264.245267327769,159.216729476546,887.491796684949));
#11922=CARTESIAN_POINT('',(-264.245267322,159.216729477508,887.491796685));
#11923=CARTESIAN_POINT('',(-264.319967318005,159.216735071179,895.977517593089));
#11924=CARTESIAN_POINT('',(-264.319967318,159.216735071285,895.977517593));
#11925=CARTESIAN_POINT('',(-247.06576317913,159.216750732771,902.430097660668));
#11926=CARTESIAN_POINT('',(-247.065763198,159.216750732771,902.430097529));
#11927=CARTESIAN_POINT('',(-247.019648363,159.216747279543,897.191574917));
#11928=CARTESIAN_POINT('Origin',(-247.02458335,159.777328783,897.752133959));
#11929=CARTESIAN_POINT('',(-247.103929387319,160.574485671539,906.765572486524));
#11930=CARTESIAN_POINT('Origin',(-247.098880384717,160.016753213888,906.192061351008));
#11931=CARTESIAN_POINT('Origin',(-247.068074980047,160.016750902936,902.69264933736));
#11932=CARTESIAN_POINT('',(-247.073929351522,161.848011635001,903.357552018707));
#11933=CARTESIAN_POINT('',(-247.065757927245,151.216750730701,902.430103089421));
#11934=CARTESIAN_POINT('',(-247.065768988235,167.997041299946,902.430091930234));
#11935=CARTESIAN_POINT('',(-246.897865812867,151.216738159211,883.358005579036));
#11936=CARTESIAN_POINT('',(-247.065757892513,151.216750731322,902.430099155394));
#11937=CARTESIAN_POINT('',(-246.897844719367,119.216738157836,883.358026858559));
#11938=CARTESIAN_POINT('',(-246.897865812867,151.21673816,883.358005579001));
#11939=CARTESIAN_POINT('',(-247.161531805488,119.216757905368,913.312178285452));
#11940=CARTESIAN_POINT('',(-246.89784471937,119.21673816,883.358026858997));
#11941=CARTESIAN_POINT('',(-247.161531805383,119.216757906,913.312178285713));
#11942=CARTESIAN_POINT('',(-247.13766298756,162.416756000398,910.597671235765));
#11943=CARTESIAN_POINT('',(-247.137660579035,156.21675881103,910.597675330242));
#11944=CARTESIAN_POINT('Origin',(-247.130619621004,162.416751925714,909.797698574965));
#11945=CARTESIAN_POINT('',(-247.092719679368,161.884083033648,905.492080456169));
#11946=CARTESIAN_POINT('',(-247.092718273209,159.777328783,905.492079965131));
#11947=CARTESIAN_POINT('',(-247.092719681859,161.884082911,905.492080829001));
#11948=CARTESIAN_POINT('Origin',(-234.31924531,163.216759886,903.559456316));
#11949=CARTESIAN_POINT('',(-247.074389553495,163.216759886,903.39262451839));
#11950=CARTESIAN_POINT('Origin',(-234.310088286,160.016759426,902.859518313));
#11951=CARTESIAN_POINT('Origin',(-253.858613337,160.016748698,906.103646953));
#11952=CARTESIAN_POINT('',(-247.103929386963,160.574485669278,906.765572484201));
#11953=CARTESIAN_POINT('Origin',(-253.849459652,161.884078401,905.403705581));
#11954=CARTESIAN_POINT('',(-241.094461393982,161.88408691368,905.570535460643));
#11955=CARTESIAN_POINT('Origin',(-253.849460531,163.216748238,905.403704695));
#11956=CARTESIAN_POINT('Origin',(-278.540940214,162.416734611,909.386861459));
#11957=CARTESIAN_POINT('',(-247.137662986824,162.416756000398,910.597671238061));
#11958=CARTESIAN_POINT('Origin',(-249.25187317,163.216754705,910.570017747));
#11959=CARTESIAN_POINT('Origin',(-246.721788549,111.216724977,863.358807042));
#11960=CARTESIAN_POINT('',(-264.360464763915,111.216738104445,900.581545761079));
#11961=CARTESIAN_POINT('Ctrl Pts',(-264.360464763693,111.216738103,900.581545761179));
#11962=CARTESIAN_POINT('Ctrl Pts',(-263.484460247504,111.216738971551,901.019191929838));
#11963=CARTESIAN_POINT('Ctrl Pts',(-262.612723208568,111.216739842991,901.465439817026));
#11964=CARTESIAN_POINT('Ctrl Pts',(-261.316973139229,111.216741146424,902.140993712112));
#11965=CARTESIAN_POINT('Ctrl Pts',(-260.890466210508,111.216741576783,902.365353267061));
#11966=CARTESIAN_POINT('Ctrl Pts',(-260.464639528516,111.216742007577,902.591045669793));
#11967=CARTESIAN_POINT('',(-264.245269757897,111.216729478918,887.495698170895));
#11968=CARTESIAN_POINT('',(-264.245269746,111.216729480059,887.495698171));
#11969=CARTESIAN_POINT('',(-249.679387247,111.216739164244,887.623921971));
#11970=CARTESIAN_POINT('',(-249.127498135836,111.216742702211,892.397273054547));
#11971=CARTESIAN_POINT('',(-249.127498134487,111.216742702217,892.397273055269));
#11972=CARTESIAN_POINT('',(-247.685763349,111.216742690361,890.95071719));
#11973=CARTESIAN_POINT('',(-243.935721462,111.216742982943,887.674483593));
#11974=CARTESIAN_POINT('Ctrl Pts',(-259.924322516675,111.216742554821,902.878393233978));
#11975=CARTESIAN_POINT('Ctrl Pts',(-257.622543543314,111.216744888526,904.106129219008));
#11976=CARTESIAN_POINT('Ctrl Pts',(-255.339284574154,111.216747233846,905.369808453763));
#11977=CARTESIAN_POINT('Ctrl Pts',(-253.056133805889,111.21674957689,906.630225615539));
#11978=CARTESIAN_POINT('Ctrl Pts',(-252.712611478822,111.216749929423,906.819867684957));
#11979=CARTESIAN_POINT('Ctrl Pts',(-252.369091638443,111.216750281969,907.009518080148));
#11980=CARTESIAN_POINT('Ctrl Pts',(-252.025573987129,111.216750634523,907.199175708459));
#11981=CARTESIAN_POINT('Ctrl Pts',(-249.398936643987,111.21675333026,908.649353907538));
#11982=CARTESIAN_POINT('Ctrl Pts',(-246.772427005986,111.216756026521,910.099955068365));
#11983=CARTESIAN_POINT('Ctrl Pts',(-244.145901832123,111.216758722,911.550463575932));
#11984=CARTESIAN_POINT('Ctrl Pts',(-264.360309213,111.216738103,900.581234465));
#11985=CARTESIAN_POINT('Ctrl Pts',(-260.537928942,111.216741893,902.491250095));
#11986=CARTESIAN_POINT('Ctrl Pts',(-256.796839368,111.216745738,904.565032931));
#11987=CARTESIAN_POINT('Ctrl Pts',(-250.085823117,111.216752625,908.26971771));
#11988=CARTESIAN_POINT('Ctrl Pts',(-247.1157882,111.216755674,909.909997627));
#11989=CARTESIAN_POINT('Ctrl Pts',(-244.145733604,111.216758722,911.550158941));
#11990=CARTESIAN_POINT('Ctrl Pts',(-264.360326316,111.216738103,900.581268694));
#11991=CARTESIAN_POINT('Ctrl Pts',(-260.537947038,111.216741893,902.491283824));
#11992=CARTESIAN_POINT('Ctrl Pts',(-256.796857883,111.216745738,904.565066415));
#11993=CARTESIAN_POINT('Ctrl Pts',(-250.085841605,111.216752625,908.269751212));
#11994=CARTESIAN_POINT('Ctrl Pts',(-247.115806705,111.216755674,909.910031118));
#11995=CARTESIAN_POINT('Ctrl Pts',(-244.145752101,111.216758722,911.550192438));
#11996=CARTESIAN_POINT('Ctrl Pts',(-264.36034342,111.216738103,900.581302923));
#11997=CARTESIAN_POINT('Ctrl Pts',(-260.537965134,111.216741893,902.491317554));
#11998=CARTESIAN_POINT('Ctrl Pts',(-256.796876398,111.216745738,904.5650999));
#11999=CARTESIAN_POINT('Ctrl Pts',(-250.085860093,111.216752625,908.269784715));
#12000=CARTESIAN_POINT('Ctrl Pts',(-247.11582521,111.216755674,909.91006461));
#12001=CARTESIAN_POINT('Ctrl Pts',(-244.145770599,111.216758722,911.550225934));
#12002=CARTESIAN_POINT('Ctrl Pts',(-264.36039527,111.216738103,900.581406689));
#12003=CARTESIAN_POINT('Ctrl Pts',(-260.538019991,111.216741893,902.491419805));
#12004=CARTESIAN_POINT('Ctrl Pts',(-256.796932526,111.216745738,904.565201409));
#12005=CARTESIAN_POINT('Ctrl Pts',(-250.085916139,111.216752625,908.26988628));
#12006=CARTESIAN_POINT('Ctrl Pts',(-247.115881306,111.216755674,909.91016614));
#12007=CARTESIAN_POINT('Ctrl Pts',(-244.145826675,111.216758722,911.550327479));
#12008=CARTESIAN_POINT('Ctrl Pts',(-264.360430018,111.216738103,900.581476225));
#12009=CARTESIAN_POINT('Ctrl Pts',(-260.538056751,111.216741893,902.491488326));
#12010=CARTESIAN_POINT('Ctrl Pts',(-256.79697014,111.216745738,904.565269432));
#12011=CARTESIAN_POINT('Ctrl Pts',(-250.085953698,111.216752625,908.269954342));
#12012=CARTESIAN_POINT('Ctrl Pts',(-247.115918899,111.216755674,909.910234179));
#12013=CARTESIAN_POINT('Ctrl Pts',(-244.145864254,111.216758722,911.550395527));
#12014=CARTESIAN_POINT('Ctrl Pts',(-264.360479663,111.216738103,900.581575579));
#12015=CARTESIAN_POINT('Ctrl Pts',(-260.538109276,111.216741893,902.491586229));
#12016=CARTESIAN_POINT('Ctrl Pts',(-256.797023882,111.216745738,904.565366626));
#12017=CARTESIAN_POINT('Ctrl Pts',(-250.086007361,111.216752625,908.27005159));
#12018=CARTESIAN_POINT('Ctrl Pts',(-247.115972611,111.216755674,909.910331393));
#12019=CARTESIAN_POINT('Ctrl Pts',(-244.145917946,111.216758722,911.550492756));
#12020=CARTESIAN_POINT('Ctrl Pts',(-264.360494564,111.216738104,900.581605397));
#12021=CARTESIAN_POINT('Ctrl Pts',(-260.53812504,111.216741894,902.491615612));
#12022=CARTESIAN_POINT('Ctrl Pts',(-256.797040011,111.216745739,904.565395795));
#12023=CARTESIAN_POINT('Ctrl Pts',(-250.086023466,111.216752626,908.270080775));
#12024=CARTESIAN_POINT('Ctrl Pts',(-247.115988731,111.216755675,909.910360569));
#12025=CARTESIAN_POINT('Ctrl Pts',(-244.14593406,111.216758723,911.550521935));
#12026=CARTESIAN_POINT('Ctrl Pts',(-264.761714831,111.216770357,901.384539385));
#12027=CARTESIAN_POINT('Ctrl Pts',(-260.962601066,111.216774124,903.282823734));
#12028=CARTESIAN_POINT('Ctrl Pts',(-257.231358793,111.216777958,905.350866257));
#12029=CARTESIAN_POINT('Ctrl Pts',(-250.519704934,111.216784846,909.05598432));
#12030=CARTESIAN_POINT('Ctrl Pts',(-247.550064648,111.216787895,910.696000764));
#12031=CARTESIAN_POINT('Ctrl Pts',(-244.579849246,111.216790943,912.336268906));
#12032=CARTESIAN_POINT('Ctrl Pts',(-265.456203267,111.97037757,902.774368898));
#12033=CARTESIAN_POINT('Ctrl Pts',(-261.693289977,111.970381301,904.654630587));
#12034=CARTESIAN_POINT('Ctrl Pts',(-257.984015282,111.970385113,906.710000408));
#12035=CARTESIAN_POINT('Ctrl Pts',(-251.270131624,111.970392003,910.416433873));
#12036=CARTESIAN_POINT('Ctrl Pts',(-248.301044405,111.970395051,912.056148088));
#12037=CARTESIAN_POINT('Ctrl Pts',(-245.330930602,111.9703981,913.696348737));
#12038=CARTESIAN_POINT('Ctrl Pts',(-265.701447346,113.543540578,903.265155555));
#12039=CARTESIAN_POINT('Ctrl Pts',(-261.951069114,113.543544296,905.139192252));
#12040=CARTESIAN_POINT('Ctrl Pts',(-258.249853818,113.5435481,907.189919066));
#12041=CARTESIAN_POINT('Ctrl Pts',(-251.535113738,113.543554991,910.896851693));
#12042=CARTESIAN_POINT('Ctrl Pts',(-248.566213876,113.543558038,912.536468594));
#12043=CARTESIAN_POINT('Ctrl Pts',(-245.596159217,113.543561087,914.176629953));
#12044=CARTESIAN_POINT('Ctrl Pts',(-265.70144779,114.216739004,903.265155107));
#12045=CARTESIAN_POINT('Ctrl Pts',(-261.951069557,114.216742722,905.139191805));
#12046=CARTESIAN_POINT('Ctrl Pts',(-258.249854262,114.216746526,907.189918618));
#12047=CARTESIAN_POINT('Ctrl Pts',(-251.535114182,114.216753417,910.896851245));
#12048=CARTESIAN_POINT('Ctrl Pts',(-248.56621432,114.216756464,912.536468147));
#12049=CARTESIAN_POINT('Ctrl Pts',(-245.596159661,114.216759513,914.176629505));
#12050=CARTESIAN_POINT('',(-265.315588074049,114.216739368257,903.45866633442));
#12051=CARTESIAN_POINT('Ctrl Pts',(-265.315581048329,114.216739368087,903.458652371467));
#12052=CARTESIAN_POINT('Ctrl Pts',(-261.944611985795,114.216742736863,905.154658373988));
#12053=CARTESIAN_POINT('Ctrl Pts',(-258.745803529488,114.216748191536,906.914976869047));
#12054=CARTESIAN_POINT('Ctrl Pts',(-254.506294451032,114.216750367015,909.256161548058));
#12055=CARTESIAN_POINT('Ctrl Pts',(-254.506265271968,114.216750366985,909.256177661942));
#12056=CARTESIAN_POINT('Ctrl Pts',(-254.506236092,114.216750367,909.256193776));
#12057=CARTESIAN_POINT('Ctrl Pts',(-252.057997753328,114.2167516235,910.608184771524));
#12058=CARTESIAN_POINT('Ctrl Pts',(-249.609764760838,114.216755393,911.960185449747));
#12059=CARTESIAN_POINT('Ctrl Pts',(-247.161528365086,114.216758458385,913.31217899896));
#12060=CARTESIAN_POINT('',(-264.437145027658,111.236470269369,900.926497559091));
#12061=CARTESIAN_POINT('Ctrl Pts',(-264.437145027658,111.236470269369,900.926497559091));
#12062=CARTESIAN_POINT('Ctrl Pts',(-264.480787906778,111.247952449114,901.01605109914));
#12063=CARTESIAN_POINT('Ctrl Pts',(-264.523928619781,111.264818251482,901.106110440099));
#12064=CARTESIAN_POINT('Ctrl Pts',(-264.566343827339,111.287084839585,901.196225447851));
#12065=CARTESIAN_POINT('Ctrl Pts',(-264.607765423549,111.30882981443,901.284229436949));
#12066=CARTESIAN_POINT('Ctrl Pts',(-264.64849516245,111.335724968808,901.372286248807));
#12067=CARTESIAN_POINT('Ctrl Pts',(-264.688315337342,111.367764428389,901.459945993341));
#12068=CARTESIAN_POINT('Ctrl Pts',(-264.726818945648,111.398744573639,901.544707461037));
#12069=CARTESIAN_POINT('Ctrl Pts',(-264.764472244594,111.434534067353,901.62909759079));
#12070=CARTESIAN_POINT('Ctrl Pts',(-264.801066804135,111.475112961549,901.712680283551));
#12071=CARTESIAN_POINT('Ctrl Pts',(-264.820400099971,111.496551223851,901.756837910976));
#12072=CARTESIAN_POINT('Ctrl Pts',(-264.839437683566,111.519326053718,901.80076968445));
#12073=CARTESIAN_POINT('Ctrl Pts',(-264.858147247625,111.543433351844,901.844407851088));
#12074=CARTESIAN_POINT('Ctrl Pts',(-264.893144708066,111.58852762608,901.926035889337));
#12075=CARTESIAN_POINT('Ctrl Pts',(-264.926993327415,111.638280437975,902.00662605653));
#12076=CARTESIAN_POINT('Ctrl Pts',(-264.959467502785,111.692634701568,902.08567795878));
#12077=CARTESIAN_POINT('Ctrl Pts',(-264.986495801791,111.737873826868,902.151472961319));
#12078=CARTESIAN_POINT('Ctrl Pts',(-265.012571840294,111.786299993626,902.216201978016));
#12079=CARTESIAN_POINT('Ctrl Pts',(-265.0375575668,111.837872617786,902.279562538823));
#12080=CARTESIAN_POINT('Ctrl Pts',(-265.065060454623,111.89464087292,902.349306294155));
#12081=CARTESIAN_POINT('Ctrl Pts',(-265.091242386339,111.955220284042,902.417389665974));
#12082=CARTESIAN_POINT('Ctrl Pts',(-265.115906823843,112.019537405928,902.483375175599));
#12083=CARTESIAN_POINT('Ctrl Pts',(-265.128239042594,112.05169596687,902.516367930412));
#12084=CARTESIAN_POINT('Ctrl Pts',(-265.140191680999,112.084788685803,902.548835751797));
#12085=CARTESIAN_POINT('Ctrl Pts',(-265.151738867935,112.118804702666,902.58072112226));
#12086=CARTESIAN_POINT('Ctrl Pts',(-265.157512461403,112.135812711098,902.596663807491));
#12087=CARTESIAN_POINT('Ctrl Pts',(-265.163184685013,112.153051550857,902.612460874121));
#12088=CARTESIAN_POINT('Ctrl Pts',(-265.1687522103,112.170519727806,902.628104926612));
#12089=CARTESIAN_POINT('Ctrl Pts',(-265.171535972943,112.17925381628,902.635926952857));
#12090=CARTESIAN_POINT('Ctrl Pts',(-265.174293560562,112.188045239454,902.643710725262));
#12091=CARTESIAN_POINT('Ctrl Pts',(-265.177024552728,112.196893807511,902.651455312026));
#12092=CARTESIAN_POINT('Ctrl Pts',(-265.178851257227,112.20281243272,902.656635506851));
#12093=CARTESIAN_POINT('Ctrl Pts',(-265.180847343585,112.209353873573,902.662315666635));
#12094=CARTESIAN_POINT('Ctrl Pts',(-265.182648196797,112.215321084231,902.667455622083));
#12095=CARTESIAN_POINT('Ctrl Pts',(-265.183539687102,112.218275078708,902.670000094012));
#12096=CARTESIAN_POINT('Ctrl Pts',(-265.184383630353,112.221087740111,902.672412782141));
#12097=CARTESIAN_POINT('Ctrl Pts',(-265.185137319553,112.22361075522,902.674570579111));
#12098=CARTESIAN_POINT('Ctrl Pts',(-265.196828749609,112.262748445783,902.708042907452));
#12099=CARTESIAN_POINT('Ctrl Pts',(-265.208155239361,112.303491445633,902.741199721558));
#12100=CARTESIAN_POINT('Ctrl Pts',(-265.219031303472,112.345901420493,902.773889796025));
#12101=CARTESIAN_POINT('Ctrl Pts',(-265.228686600751,112.383551153952,902.802910624133));
#12102=CARTESIAN_POINT('Ctrl Pts',(-265.23798717802,112.422515674871,902.831563969223));
#12103=CARTESIAN_POINT('Ctrl Pts',(-265.246859580604,112.462827329339,902.859732070058));
#12104=CARTESIAN_POINT('Ctrl Pts',(-265.251185247242,112.482480943701,902.873465195091));
#12105=CARTESIAN_POINT('Ctrl Pts',(-265.255409058329,112.502454737409,902.887082802618));
#12106=CARTESIAN_POINT('Ctrl Pts',(-265.259524703886,112.522748690674,902.900573586087));
#12107=CARTESIAN_POINT('Ctrl Pts',(-265.26707887648,112.559997774306,902.925335608307));
#12108=CARTESIAN_POINT('Ctrl Pts',(-265.274268486251,112.598325676599,902.949670606136));
#12109=CARTESIAN_POINT('Ctrl Pts',(-265.281052645422,112.637727451601,902.973506588314));
#12110=CARTESIAN_POINT('Ctrl Pts',(-265.291912797791,112.700802221714,903.011663475821));
#12111=CARTESIAN_POINT('Ctrl Pts',(-265.301743616012,112.766637013535,903.048540735189));
#12112=CARTESIAN_POINT('Ctrl Pts',(-265.31039489029,112.835188113906,903.083812838848));
#12113=CARTESIAN_POINT('Ctrl Pts',(-265.312338935221,112.850592367077,903.091738902933));
#12114=CARTESIAN_POINT('Ctrl Pts',(-265.314223371717,112.866133602749,903.099583818763));
#12115=CARTESIAN_POINT('Ctrl Pts',(-265.316046412783,112.88181100852,903.107343725758));
#12116=CARTESIAN_POINT('Ctrl Pts',(-265.321014328316,112.924533045399,903.128490019837));
#12117=CARTESIAN_POINT('Ctrl Pts',(-265.325526775923,112.968266847778,903.149005109));
#12118=CARTESIAN_POINT('Ctrl Pts',(-265.329548515419,113.012991650172,903.168807308758));
#12119=CARTESIAN_POINT('Ctrl Pts',(-265.331559385167,113.035354051369,903.178708408637));
#12120=CARTESIAN_POINT('Ctrl Pts',(-265.333447572305,113.057964208612,903.188431273254));
#12121=CARTESIAN_POINT('Ctrl Pts',(-265.335208647523,113.080818755209,903.197965214841));
#12122=CARTESIAN_POINT('Ctrl Pts',(-265.336089185133,113.092246028508,903.202732185634));
#12123=CARTESIAN_POINT('Ctrl Pts',(-265.336937944504,113.103734399454,903.207451925069));
#12124=CARTESIAN_POINT('Ctrl Pts',(-265.337754370404,113.115283424534,903.212123080559));
#12125=CARTESIAN_POINT('Ctrl Pts',(-265.338162583353,113.121057937075,903.214458658304));
#12126=CARTESIAN_POINT('Ctrl Pts',(-265.338562712907,113.126847613175,903.216782090003));
#12127=CARTESIAN_POINT('Ctrl Pts',(-265.338954689568,113.132652394563,903.219093204823));
#12128=CARTESIAN_POINT('Ctrl Pts',(-265.339273314093,113.137370904372,903.220971831634));
#12129=CARTESIAN_POINT('Ctrl Pts',(-265.339657028649,113.143178878702,903.223267484161));
#12130=CARTESIAN_POINT('Ctrl Pts',(-265.339933688788,113.147444068949,903.22494278334));
#12131=CARTESIAN_POINT('Ctrl Pts',(-265.339997380092,113.148425979581,903.225328462285));
#12132=CARTESIAN_POINT('Ctrl Pts',(-265.340055498212,113.14932603671,903.22568146386));
#12133=CARTESIAN_POINT('Ctrl Pts',(-265.34010609128,113.150111995504,903.225989427143));
#12134=CARTESIAN_POINT('Ctrl Pts',(-265.3423990926,113.185733566246,903.239947074755));
#12135=CARTESIAN_POINT('Ctrl Pts',(-265.344544138015,113.224116682525,903.254295402977));
#12136=CARTESIAN_POINT('Ctrl Pts',(-265.346385797421,113.26533612503,903.268762698206));
#12137=CARTESIAN_POINT('Ctrl Pts',(-265.348018407177,113.301876683892,903.281587788036));
#12138=CARTESIAN_POINT('Ctrl Pts',(-265.349412346023,113.34064637096,903.294505861734));
#12139=CARTESIAN_POINT('Ctrl Pts',(-265.350444887106,113.381686435507,903.307298913706));
#12140=CARTESIAN_POINT('Ctrl Pts',(-265.351543534726,113.42535401442,903.320911017212));
#12141=CARTESIAN_POINT('Ctrl Pts',(-265.352233859995,113.471592798472,903.334381753219));
#12142=CARTESIAN_POINT('Ctrl Pts',(-265.352355841562,113.520433970488,903.34741013689));
#12143=CARTESIAN_POINT('Ctrl Pts',(-265.352416832345,113.544854556496,903.353924328725));
#12144=CARTESIAN_POINT('Ctrl Pts',(-265.3523355198,113.56992539187,903.360327309729));
#12145=CARTESIAN_POINT('Ctrl Pts',(-265.352090624933,113.595647929057,903.366577583476));
#12146=CARTESIAN_POINT('Ctrl Pts',(-265.351968177499,113.608509197651,903.36970272035));
#12147=CARTESIAN_POINT('Ctrl Pts',(-265.351804818601,113.621533399086,903.372789648842));
#12148=CARTESIAN_POINT('Ctrl Pts',(-265.351597813767,113.634720492536,903.375832917168));
#12149=CARTESIAN_POINT('Ctrl Pts',(-265.35149431135,113.64131403926,903.377354551331));
#12150=CARTESIAN_POINT('Ctrl Pts',(-265.351379896461,113.647948309478,903.378865268495));
#12151=CARTESIAN_POINT('Ctrl Pts',(-265.351254222063,113.654623291949,903.380364372734));
#12152=CARTESIAN_POINT('Ctrl Pts',(-265.351191384864,113.657960783185,903.381113924853));
#12153=CARTESIAN_POINT('Ctrl Pts',(-265.351125732724,113.66130845251,903.381860573614));
#12154=CARTESIAN_POINT('Ctrl Pts',(-265.351057221966,113.664666297681,903.38260423099));
#12155=CARTESIAN_POINT('Ctrl Pts',(-265.350994457335,113.667742514025,903.383285516415));
#12156=CARTESIAN_POINT('Ctrl Pts',(-265.350958357521,113.669487823379,903.383671031799));
#12157=CARTESIAN_POINT('Ctrl Pts',(-265.350869055575,113.673583521966,903.384566790162));
#12158=CARTESIAN_POINT('Ctrl Pts',(-265.350860879946,113.673958484797,903.384648797196));
#12159=CARTESIAN_POINT('Ctrl Pts',(-265.350852242462,113.674353153739,903.384735049011));
#12160=CARTESIAN_POINT('Ctrl Pts',(-265.350843069938,113.674770358278,903.38482614034));
#12161=CARTESIAN_POINT('Ctrl Pts',(-265.349852078579,113.719844767286,903.394667566856));
#12162=CARTESIAN_POINT('Ctrl Pts',(-265.348430363612,113.76229939758,903.403003916098));
#12163=CARTESIAN_POINT('Ctrl Pts',(-265.346746494653,113.80203948082,903.410139886454));
#12164=CARTESIAN_POINT('Ctrl Pts',(-265.345041517057,113.842277737639,903.41736531188));
#12165=CARTESIAN_POINT('Ctrl Pts',(-265.343067893155,113.879733577762,903.423360317758));
#12166=CARTESIAN_POINT('Ctrl Pts',(-265.340982087393,113.914343888247,903.428403923974));
#12167=CARTESIAN_POINT('Ctrl Pts',(-265.338877399277,113.949267518485,903.433493188881));
#12168=CARTESIAN_POINT('Ctrl Pts',(-265.336658599062,113.98129443615,903.43761396532));
#12169=CARTESIAN_POINT('Ctrl Pts',(-265.334465949897,114.010386439603,903.441011746276));
#12170=CARTESIAN_POINT('Ctrl Pts',(-265.333398904835,114.02454396154,903.442665264518));
#12171=CARTESIAN_POINT('Ctrl Pts',(-265.33233773542,114.038006767671,903.444146921932));
#12172=CARTESIAN_POINT('Ctrl Pts',(-265.331296760406,114.050772124472,903.445481309086));
#12173=CARTESIAN_POINT('Ctrl Pts',(-265.329160024366,114.076974672622,903.448220311544));
#12174=CARTESIAN_POINT('Ctrl Pts',(-265.327105682735,114.100237482459,903.450343837605));
#12175=CARTESIAN_POINT('Ctrl Pts',(-265.325228624799,114.120546311888,903.452037639498));
#12176=CARTESIAN_POINT('Ctrl Pts',(-265.323357767751,114.140788050799,903.453725845892));
#12177=CARTESIAN_POINT('Ctrl Pts',(-265.32166306091,114.158095646124,903.454987227687));
#12178=CARTESIAN_POINT('Ctrl Pts',(-265.320215664397,114.172463611429,903.455960203232));
#12179=CARTESIAN_POINT('Ctrl Pts',(-265.318775128268,114.186763475322,903.456928567058));
#12180=CARTESIAN_POINT('Ctrl Pts',(-265.31757958039,114.198151752814,903.457611280246));
#12181=CARTESIAN_POINT('Ctrl Pts',(-265.316676175195,114.206627149772,903.458098980931));
#12182=CARTESIAN_POINT('Ctrl Pts',(-265.316246723356,114.210656100266,903.458330819266));
#12183=CARTESIAN_POINT('Ctrl Pts',(-265.315882951224,114.214026844632,903.458517916904));
#12184=CARTESIAN_POINT('Ctrl Pts',(-265.315588076302,114.216739368169,903.458666333287));
#12185=CARTESIAN_POINT('Ctrl Pts',(-264.360464764052,111.2167381041,900.581545760999));
#12186=CARTESIAN_POINT('Ctrl Pts',(-264.361600825571,111.216738187058,900.710599346012));
#12187=CARTESIAN_POINT('Ctrl Pts',(-264.387107971253,111.223301327552,900.825609997493));
#12188=CARTESIAN_POINT('Ctrl Pts',(-264.436904606777,111.236945227162,900.926550975011));
#12189=CARTESIAN_POINT('Origin',(-246.935612813,119.216740988,887.648070206));
#12190=CARTESIAN_POINT('',(-269.471414425318,112.627820777972,882.912293951809));
#12191=CARTESIAN_POINT('Origin',(-294.100524679868,119.216709622118,887.232876399009));
#12192=CARTESIAN_POINT('',(-246.895668754575,112.627836422914,883.111029198428));
#12193=CARTESIAN_POINT('Ctrl Pts',(-243.746555832,119.481228086,866.185101125));
#12194=CARTESIAN_POINT('Ctrl Pts',(-243.742019312,119.481227746,865.669764523));
#12195=CARTESIAN_POINT('Ctrl Pts',(-243.734221898,119.763173387,864.783977664));
#12196=CARTESIAN_POINT('Ctrl Pts',(-243.728451287,120.406518846,864.128403063));
#12197=CARTESIAN_POINT('Ctrl Pts',(-243.726451676,120.719706651,863.901228935));
#12198=CARTESIAN_POINT('Ctrl Pts',(-242.849234864,119.481228701,866.220510637));
#12199=CARTESIAN_POINT('Ctrl Pts',(-242.850992697,119.476760054,865.715177549));
#12200=CARTESIAN_POINT('Ctrl Pts',(-242.844028383,119.744845294,864.791865815));
#12201=CARTESIAN_POINT('Ctrl Pts',(-242.834896119,120.410752511,864.129129482));
#12202=CARTESIAN_POINT('Ctrl Pts',(-242.828888552,120.719707248,863.909130204));
#12203=CARTESIAN_POINT('Ctrl Pts',(-241.739965165,120.016585276,866.26466318));
#12204=CARTESIAN_POINT('Ctrl Pts',(-241.710888459,120.025611809,865.879745327));
#12205=CARTESIAN_POINT('Ctrl Pts',(-241.685041044,120.278088783,865.101586365));
#12206=CARTESIAN_POINT('Ctrl Pts',(-241.705454968,120.803487652,864.528634271));
#12207=CARTESIAN_POINT('Ctrl Pts',(-241.723130653,121.034054918,864.352230583));
#12208=CARTESIAN_POINT('Ctrl Pts',(-240.903820695,121.363640335,866.320166047));
#12209=CARTESIAN_POINT('Ctrl Pts',(-240.881316965,121.414250076,866.157731881));
#12210=CARTESIAN_POINT('Ctrl Pts',(-240.863431624,121.555837517,865.832382975));
#12211=CARTESIAN_POINT('Ctrl Pts',(-240.882218925,121.746458605,865.5516697));
#12212=CARTESIAN_POINT('Ctrl Pts',(-240.896160386,121.825010625,865.449940535));
#12213=CARTESIAN_POINT('Ctrl Pts',(-240.747823987,122.032431217,866.34217163));
#12214=CARTESIAN_POINT('Ctrl Pts',(-240.747279210016,122.064576288097,866.280283995731));
#12215=CARTESIAN_POINT('Ctrl Pts',(-240.74619680208,122.129715043078,866.157320433342));
#12216=CARTESIAN_POINT('Ctrl Pts',(-240.745152512792,122.192822720026,866.038687200725));
#12217=CARTESIAN_POINT('Ctrl Pts',(-240.744747301,122.217707171,865.992654347));
#12218=CARTESIAN_POINT('Ctrl Pts',(-240.74794536,122.481230176,866.355925454));
#12219=CARTESIAN_POINT('Ctrl Pts',(-240.74794536,122.481230176,866.355925454));
#12220=CARTESIAN_POINT('Ctrl Pts',(-240.74794536,122.481230176,866.355925454));
#12221=CARTESIAN_POINT('Ctrl Pts',(-240.74794536,122.481230176,866.355925454));
#12222=CARTESIAN_POINT('Ctrl Pts',(-240.74794536,122.481230176,866.355925454));
#12223=CARTESIAN_POINT('',(-243.726451598987,120.719700224602,863.901220167739));
#12224=CARTESIAN_POINT('Ctrl Pts',(-243.72645156048,120.719697011403,863.901215784108));
#12225=CARTESIAN_POINT('Ctrl Pts',(-243.72736010721,120.577369668274,864.004434998886));
#12226=CARTESIAN_POINT('Ctrl Pts',(-243.728364314124,120.443071650576,864.118520378791));
#12227=CARTESIAN_POINT('Ctrl Pts',(-243.731880503,120.044762732,864.517980171));
#12228=CARTESIAN_POINT('Ctrl Pts',(-243.734715257,119.823742748,864.840017341));
#12229=CARTESIAN_POINT('Ctrl Pts',(-243.740636013675,119.548716298078,865.512620340126));
#12230=CARTESIAN_POINT('Ctrl Pts',(-243.743569937311,119.481227937843,865.84591137676));
#12231=CARTESIAN_POINT('Ctrl Pts',(-243.746555828949,119.481228087105,866.185100779564));
#12232=CARTESIAN_POINT('Ctrl Pts',(-240.747945349065,122.481229274919,866.355924211845));
#12233=CARTESIAN_POINT('Ctrl Pts',(-240.747089215124,122.410677787724,866.258667742609));
#12234=CARTESIAN_POINT('Ctrl Pts',(-240.753720131669,122.340197829428,866.161443983101));
#12235=CARTESIAN_POINT('Ctrl Pts',(-240.767524217993,122.27023621343,866.064871683994));
#12236=CARTESIAN_POINT('Ctrl Pts',(-240.781577649556,122.199010870484,865.966554985261));
#12237=CARTESIAN_POINT('Ctrl Pts',(-240.803065686759,122.128322057967,865.868912520345));
#12238=CARTESIAN_POINT('Ctrl Pts',(-240.831710263895,122.058638114502,865.772592399877));
#12239=CARTESIAN_POINT('Ctrl Pts',(-240.856925435299,121.997296919963,865.687803983007));
#12240=CARTESIAN_POINT('Ctrl Pts',(-240.887687576305,121.936733510441,865.604039014582));
#12241=CARTESIAN_POINT('Ctrl Pts',(-240.92383583637,121.877277375821,865.521753153231));
#12242=CARTESIAN_POINT('Ctrl Pts',(-240.950947031419,121.832685274857,865.460038757217));
#12243=CARTESIAN_POINT('Ctrl Pts',(-240.98108808384,121.788716983201,865.399157690848));
#12244=CARTESIAN_POINT('Ctrl Pts',(-241.014197301056,121.745517608266,865.339310545773));
#12245=CARTESIAN_POINT('Ctrl Pts',(-241.040960054973,121.710598805046,865.290935061514));
#12246=CARTESIAN_POINT('Ctrl Pts',(-241.069666149921,121.676178800356,865.24323012761));
#12247=CARTESIAN_POINT('Ctrl Pts',(-241.100262716819,121.642359399193,865.19633656028));
#12248=CARTESIAN_POINT('Ctrl Pts',(-241.145218458007,121.592668325981,865.127435526929));
#12249=CARTESIAN_POINT('Ctrl Pts',(-241.194255413128,121.544277242551,865.060290767997));
#12250=CARTESIAN_POINT('Ctrl Pts',(-241.247159706677,121.497509529893,864.995349986972));
#12251=CARTESIAN_POINT('Ctrl Pts',(-241.291883379508,121.457973534992,864.940451035504));
#12252=CARTESIAN_POINT('Ctrl Pts',(-241.33937022806,121.41959708742,864.887126342562));
#12253=CARTESIAN_POINT('Ctrl Pts',(-241.389475555608,121.382560360365,864.835625572941));
#12254=CARTESIAN_POINT('Ctrl Pts',(-241.404173800301,121.371695749682,864.82051797958));
#12255=CARTESIAN_POINT('Ctrl Pts',(-241.419103286468,121.360941887075,864.80556103081));
#12256=CARTESIAN_POINT('Ctrl Pts',(-241.434258125447,121.350300485077,864.790757139406));
#12257=CARTESIAN_POINT('Ctrl Pts',(-241.564194938667,121.259061649368,864.663829332717));
#12258=CARTESIAN_POINT('Ctrl Pts',(-241.710694239017,121.176088570155,864.5481511152));
#12259=CARTESIAN_POINT('Ctrl Pts',(-241.870071353123,121.102470673855,864.44525682963));
#12260=CARTESIAN_POINT('Ctrl Pts',(-242.019591874019,121.033405637362,864.348725986655));
#12261=CARTESIAN_POINT('Ctrl Pts',(-242.180449036369,120.972574665603,864.263447040264));
#12262=CARTESIAN_POINT('Ctrl Pts',(-242.349607953947,120.920899395688,864.190717295296));
#12263=CARTESIAN_POINT('Ctrl Pts',(-242.511015529804,120.871592033308,864.121320233668));
#12264=CARTESIAN_POINT('Ctrl Pts',(-242.679980050918,120.830622280957,864.063351087987));
#12265=CARTESIAN_POINT('Ctrl Pts',(-242.853836800875,120.798805287976,864.017957098177));
#12266=CARTESIAN_POINT('Ctrl Pts',(-243.01971462859,120.768448493193,863.974646404615));
#12267=CARTESIAN_POINT('Ctrl Pts',(-243.190042375722,120.746425556092,863.942785802294));
#12268=CARTESIAN_POINT('Ctrl Pts',(-243.362464777356,120.733443124861,863.923370224974));
#12269=CARTESIAN_POINT('Ctrl Pts',(-243.483045237084,120.72436409852,863.909792295325));
#12270=CARTESIAN_POINT('Ctrl Pts',(-243.604647307545,120.719706732016,863.902301181681));
#12271=CARTESIAN_POINT('Ctrl Pts',(-243.726451676,120.719706651,863.901228935));
#12272=CARTESIAN_POINT('Ctrl Pts',(-243.726451676,120.719706651,863.901228935));
#12273=CARTESIAN_POINT('Ctrl Pts',(-243.72556636,120.858368751,863.800648897));
#12274=CARTESIAN_POINT('Ctrl Pts',(-243.723707584,121.206328524,863.589470563));
#12275=CARTESIAN_POINT('Ctrl Pts',(-243.721275843,121.866534371,863.313181432));
#12276=CARTESIAN_POINT('Ctrl Pts',(-243.720482721,122.358281052,863.223047745));
#12277=CARTESIAN_POINT('Ctrl Pts',(-243.720187015,122.788219319,863.189423859));
#12278=CARTESIAN_POINT('Ctrl Pts',(-243.720150037,122.895320666,863.185215091));
#12279=CARTESIAN_POINT('Ctrl Pts',(-243.720150108,123.002974679,863.185215016));
#12280=CARTESIAN_POINT('Ctrl Pts',(-242.828888552,120.719707248,863.909130204));
#12281=CARTESIAN_POINT('Ctrl Pts',(-242.828003236,120.858369348,863.808550166));
#12282=CARTESIAN_POINT('Ctrl Pts',(-242.82614446,121.206329121,863.597371832));
#12283=CARTESIAN_POINT('Ctrl Pts',(-242.823712719,121.866534968,863.321082701));
#12284=CARTESIAN_POINT('Ctrl Pts',(-242.822919597,122.358281649,863.230949013));
#12285=CARTESIAN_POINT('Ctrl Pts',(-242.822623891,122.788219916,863.197325128));
#12286=CARTESIAN_POINT('Ctrl Pts',(-242.822586913,122.895321263,863.19311636));
#12287=CARTESIAN_POINT('Ctrl Pts',(-242.822586984,123.002975276,863.193116285));
#12288=CARTESIAN_POINT('Ctrl Pts',(-241.280580536,121.162206739,864.53279919));
#12289=CARTESIAN_POINT('Ctrl Pts',(-241.279891333,121.270241818,864.454499374));
#12290=CARTESIAN_POINT('Ctrl Pts',(-241.278422234,121.544975406,864.287592882));
#12291=CARTESIAN_POINT('Ctrl Pts',(-241.276465882,122.074778953,864.065316537));
#12292=CARTESIAN_POINT('Ctrl Pts',(-241.275817714,122.475801555,863.99165606));
#12293=CARTESIAN_POINT('Ctrl Pts',(-241.275572833,122.827488153,863.963811652));
#12294=CARTESIAN_POINT('Ctrl Pts',(-241.275542617,122.915045485,863.960372628));
#12295=CARTESIAN_POINT('Ctrl Pts',(-241.275542665,123.002976834,863.960371387));
#12296=CARTESIAN_POINT('Ctrl Pts',(-240.743148272,122.08594567,865.811018795));
#12297=CARTESIAN_POINT('Ctrl Pts',(-240.742863297,122.130644492,865.778643034));
#12298=CARTESIAN_POINT('Ctrl Pts',(-240.742208892,122.252225048,865.704295201));
#12299=CARTESIAN_POINT('Ctrl Pts',(-240.741247299,122.50975269,865.595041407));
#12300=CARTESIAN_POINT('Ctrl Pts',(-240.740895704,122.72188215,865.555085068));
#12301=CARTESIAN_POINT('Ctrl Pts',(-240.740764509,122.909461365,865.540167494));
#12302=CARTESIAN_POINT('Ctrl Pts',(-240.740748412,122.956219347,865.538335376));
#12303=CARTESIAN_POINT('Ctrl Pts',(-240.740748435,123.002978295,865.538334485));
#12304=CARTESIAN_POINT('Ctrl Pts',(-240.74794536,122.481230176,866.355925454));
#12305=CARTESIAN_POINT('Ctrl Pts',(-240.747832023,122.49898154,866.343049311));
#12306=CARTESIAN_POINT('Ctrl Pts',(-240.747526557,122.554950102,866.308344996));
#12307=CARTESIAN_POINT('Ctrl Pts',(-240.746991252,122.695951866,866.247525062));
#12308=CARTESIAN_POINT('Ctrl Pts',(-240.746765004,122.827379586,866.221813956));
#12309=CARTESIAN_POINT('Ctrl Pts',(-240.746684423,122.944539167,866.212651337));
#12310=CARTESIAN_POINT('Ctrl Pts',(-240.746674368,122.973838316,866.211506849));
#12311=CARTESIAN_POINT('Ctrl Pts',(-240.746674387,123.002978764,866.211506829));
#12312=CARTESIAN_POINT('Ctrl Pts',(-243.720150107999,123.002974665204,863.185215015844));
#12313=CARTESIAN_POINT('Ctrl Pts',(-243.720149761,122.477189261,863.185215385));
#12314=CARTESIAN_POINT('Ctrl Pts',(-243.721036807,121.948790414,863.286021332));
#12315=CARTESIAN_POINT('Ctrl Pts',(-243.723769633448,121.199474657713,863.596519735664));
#12316=CARTESIAN_POINT('Ctrl Pts',(-243.72498634334,120.949156463733,863.734753651573));
#12317=CARTESIAN_POINT('Ctrl Pts',(-243.726451560343,120.719697032914,863.901215768502));
#12318=CARTESIAN_POINT('Ctrl Pts',(-243.720166497,147.86690796,863.185198481));
#12319=CARTESIAN_POINT('Ctrl Pts',(-243.720166568,147.974562085,863.185198414));
#12320=CARTESIAN_POINT('Ctrl Pts',(-243.720203688,148.081663404,863.189407046));
#12321=CARTESIAN_POINT('Ctrl Pts',(-243.720444305,148.430835639,863.216714048));
#12322=CARTESIAN_POINT('Ctrl Pts',(-243.721033086,148.841638101,863.283566967));
#12323=CARTESIAN_POINT('Ctrl Pts',(-243.722609406,149.374648406,863.462592488));
#12324=CARTESIAN_POINT('Ctrl Pts',(-243.724338584,149.779077037,863.658991957));
#12325=CARTESIAN_POINT('Ctrl Pts',(-243.725585576,150.011514497,863.800629364));
#12326=CARTESIAN_POINT('Ctrl Pts',(-243.726471076,150.150176931,863.901209364));
#12327=CARTESIAN_POINT('Ctrl Pts',(-242.822603373,147.866908557,863.19309975));
#12328=CARTESIAN_POINT('Ctrl Pts',(-242.822603444,147.974562682,863.193099682));
#12329=CARTESIAN_POINT('Ctrl Pts',(-242.822640564,148.081664001,863.197308315));
#12330=CARTESIAN_POINT('Ctrl Pts',(-242.82288118,148.430836236,863.224615317));
#12331=CARTESIAN_POINT('Ctrl Pts',(-242.823469961,148.841638698,863.291468235));
#12332=CARTESIAN_POINT('Ctrl Pts',(-242.825046282,149.374649003,863.470493756));
#12333=CARTESIAN_POINT('Ctrl Pts',(-242.82677546,149.779077634,863.666893226));
#12334=CARTESIAN_POINT('Ctrl Pts',(-242.828022452,150.011515094,863.808530632));
#12335=CARTESIAN_POINT('Ctrl Pts',(-242.828907952,150.150177528,863.909110633));
#12336=CARTESIAN_POINT('Ctrl Pts',(-241.275559055,147.866910059,863.960354853));
#12337=CARTESIAN_POINT('Ctrl Pts',(-241.275559123,147.9548415,863.960355977));
#12338=CARTESIAN_POINT('Ctrl Pts',(-241.275589454,148.042398808,863.963794889));
#12339=CARTESIAN_POINT('Ctrl Pts',(-241.275786338,148.327767787,863.986138873));
#12340=CARTESIAN_POINT('Ctrl Pts',(-241.276267557,148.662929839,864.04077873));
#12341=CARTESIAN_POINT('Ctrl Pts',(-241.277546018,149.093693315,864.185975958));
#12342=CARTESIAN_POINT('Ctrl Pts',(-241.278922418,149.415926844,864.34230693));
#12343=CARTESIAN_POINT('Ctrl Pts',(-241.279913183,149.59992129,864.45484132));
#12344=CARTESIAN_POINT('Ctrl Pts',(-241.280599352,149.707680908,864.532780208));
#12345=CARTESIAN_POINT('Ctrl Pts',(-240.740764825,147.866911401,865.538317951));
#12346=CARTESIAN_POINT('Ctrl Pts',(-240.740764863,147.913670399,865.53831878));
#12347=CARTESIAN_POINT('Ctrl Pts',(-240.740781022,147.960428368,865.540150838));
#12348=CARTESIAN_POINT('Ctrl Pts',(-240.740886062,148.112609778,865.552071624));
#12349=CARTESIAN_POINT('Ctrl Pts',(-240.741143353,148.289884528,865.58128583));
#12350=CARTESIAN_POINT('Ctrl Pts',(-240.741792419,148.506406572,865.65500157));
#12351=CARTESIAN_POINT('Ctrl Pts',(-240.74244107,148.657986792,865.728675166));
#12352=CARTESIAN_POINT('Ctrl Pts',(-240.742883149,148.739446148,865.778887984));
#12353=CARTESIAN_POINT('Ctrl Pts',(-240.74316587,148.783944387,865.81100104));
#12354=CARTESIAN_POINT('Ctrl Pts',(-240.746690776,147.86691182,866.211490294));
#12355=CARTESIAN_POINT('Ctrl Pts',(-240.746690796,147.8960523,866.211490276));
#12356=CARTESIAN_POINT('Ctrl Pts',(-240.74670089,147.925351439,866.212634727));
#12357=CARTESIAN_POINT('Ctrl Pts',(-240.746766485,148.020540778,866.220079005));
#12358=CARTESIAN_POINT('Ctrl Pts',(-240.746928113,148.130256827,866.238431187));
#12359=CARTESIAN_POINT('Ctrl Pts',(-240.747305879,148.254894851,866.281335039));
#12360=CARTESIAN_POINT('Ctrl Pts',(-240.747645367,148.333691243,866.319893972));
#12361=CARTESIAN_POINT('Ctrl Pts',(-240.747849077,148.37090919,866.343032088));
#12362=CARTESIAN_POINT('Ctrl Pts',(-240.747962438,148.388660598,866.355908225));
#12363=CARTESIAN_POINT('',(-243.726471076026,150.150176935048,863.901209366936));
#12364=CARTESIAN_POINT('Ctrl Pts',(-243.726471076,150.150176931,863.901209364));
#12365=CARTESIAN_POINT('Ctrl Pts',(-243.726323463037,150.127061889513,863.884442668034));
#12366=CARTESIAN_POINT('Ctrl Pts',(-243.726177105808,150.103625148856,863.867818644487));
#12367=CARTESIAN_POINT('Ctrl Pts',(-243.725888170787,150.056171985047,863.83499997579));
#12368=CARTESIAN_POINT('Ctrl Pts',(-243.725745625592,150.032153384889,863.818809033826));
#12369=CARTESIAN_POINT('Ctrl Pts',(-243.725477913042,149.985768116059,863.788401102145));
#12370=CARTESIAN_POINT('Ctrl Pts',(-243.725352271474,149.963425072246,863.774130241407));
#12371=CARTESIAN_POINT('Ctrl Pts',(-243.725108677659,149.918922890792,863.746461993002));
#12372=CARTESIAN_POINT('Ctrl Pts',(-243.724990629889,149.896767613978,863.733053753853));
#12373=CARTESIAN_POINT('Ctrl Pts',(-243.724761842038,149.852677440742,863.707067393523));
#12374=CARTESIAN_POINT('Ctrl Pts',(-243.724651003652,149.830747048956,863.694478104664));
#12375=CARTESIAN_POINT('Ctrl Pts',(-243.72450590783,149.801340747336,863.677997826992));
#12376=CARTESIAN_POINT('Ctrl Pts',(-243.724469956601,149.793996189723,863.673914417995));
#12377=CARTESIAN_POINT('Ctrl Pts',(-243.724284113958,149.755741992614,863.652806078395));
#12378=CARTESIAN_POINT('Ctrl Pts',(-243.724137221273,149.724522138484,863.636121818812));
#12379=CARTESIAN_POINT('Ctrl Pts',(-243.723853734909,149.662168338548,863.603923232949));
#12380=CARTESIAN_POINT('Ctrl Pts',(-243.723716997042,149.631044592135,863.588392526652));
#12381=CARTESIAN_POINT('Ctrl Pts',(-243.723488537796,149.577171445108,863.56244423497));
#12382=CARTESIAN_POINT('Ctrl Pts',(-243.723394966762,149.554528703633,863.551816525665));
#12383=CARTESIAN_POINT('Ctrl Pts',(-243.723233867318,149.514529083506,863.533519080582));
#12384=CARTESIAN_POINT('Ctrl Pts',(-243.723165522045,149.497221013013,863.525756547456));
#12385=CARTESIAN_POINT('Ctrl Pts',(-243.722949035984,149.441328505668,863.501168529921));
#12386=CARTESIAN_POINT('Ctrl Pts',(-243.722805014752,149.402484572626,863.484811035048));
#12387=CARTESIAN_POINT('Ctrl Pts',(-243.722528394792,149.324248725974,863.453393651527));
#12388=CARTESIAN_POINT('Ctrl Pts',(-243.722395812872,149.284856111325,863.438335672262));
#12389=CARTESIAN_POINT('Ctrl Pts',(-243.722142048226,149.205414325964,863.409514680928));
#12390=CARTESIAN_POINT('Ctrl Pts',(-243.72202094495,149.165362505844,863.395760694322));
#12391=CARTESIAN_POINT('Ctrl Pts',(-243.721788690874,149.084088643772,863.369383384508));
#12392=CARTESIAN_POINT('Ctrl Pts',(-243.721677783972,149.042859062601,863.356787768164));
#12393=CARTESIAN_POINT('Ctrl Pts',(-243.721517517189,148.979610240993,863.338586663888));
#12394=CARTESIAN_POINT('Ctrl Pts',(-243.721463887632,148.957744290652,863.332496140064));
#12395=CARTESIAN_POINT('Ctrl Pts',(-243.721282262384,148.881304894926,863.311869768437));
#12396=CARTESIAN_POINT('Ctrl Pts',(-243.721162150226,148.82639309618,863.298229495705));
#12397=CARTESIAN_POINT('Ctrl Pts',(-243.721002557858,148.746349012141,863.280106278669));
#12398=CARTESIAN_POINT('Ctrl Pts',(-243.720954999479,148.7214133619,863.274705659143));
#12399=CARTESIAN_POINT('Ctrl Pts',(-243.720809822879,148.641660949919,863.258220016721));
#12400=CARTESIAN_POINT('Ctrl Pts',(-243.720719910041,148.586525778979,863.248010326093));
#12401=CARTESIAN_POINT('Ctrl Pts',(-243.720557185681,148.47356323501,863.229533813357));
#12402=CARTESIAN_POINT('Ctrl Pts',(-243.720485233997,148.415718519522,863.221364667908));
#12403=CARTESIAN_POINT('Ctrl Pts',(-243.720365188783,148.30158502924,863.207736489009));
#12404=CARTESIAN_POINT('Ctrl Pts',(-243.720316450748,148.24530001174,863.202204240989));
#12405=CARTESIAN_POINT('Ctrl Pts',(-243.720234050679,148.125725012709,863.192852882519));
#12406=CARTESIAN_POINT('Ctrl Pts',(-243.720203090435,148.062227654017,863.189340697946));
#12407=CARTESIAN_POINT('Ctrl Pts',(-243.720172730817,147.954767905612,863.185900084412));
#12408=CARTESIAN_POINT('Ctrl Pts',(-243.720166524967,147.910833002125,863.185198453672));
#12409=CARTESIAN_POINT('Ctrl Pts',(-243.720166495809,147.86690796,863.185198481011));
#12410=CARTESIAN_POINT('Ctrl Pts',(-240.747962421458,148.388661961295,866.355906345662));
#12411=CARTESIAN_POINT('Ctrl Pts',(-240.74716308423,148.454542015226,866.265088556428));
#12412=CARTESIAN_POINT('Ctrl Pts',(-240.752891782612,148.520314786242,866.174361034389));
#12413=CARTESIAN_POINT('Ctrl Pts',(-240.776965587234,148.651562135137,865.993206599347));
#12414=CARTESIAN_POINT('Ctrl Pts',(-240.795426475934,148.717028976772,865.902789339088));
#12415=CARTESIAN_POINT('Ctrl Pts',(-240.844525723869,148.846071332946,865.724455787422));
#12416=CARTESIAN_POINT('Ctrl Pts',(-240.875112229376,148.90965427713,865.636529705507));
#12417=CARTESIAN_POINT('Ctrl Pts',(-240.947423140074,149.033331529758,865.465389081996));
#12418=CARTESIAN_POINT('Ctrl Pts',(-240.988926548236,149.093469544063,865.382116227189));
#12419=CARTESIAN_POINT('Ctrl Pts',(-241.080059925549,149.207071645575,865.224698591494));
#12420=CARTESIAN_POINT('Ctrl Pts',(-241.128999029055,149.260704631138,865.150327794392));
#12421=CARTESIAN_POINT('Ctrl Pts',(-241.235494120782,149.363880969093,865.007148549859));
#12422=CARTESIAN_POINT('Ctrl Pts',(-241.29292445686,149.413469281956,864.938279222538));
#12423=CARTESIAN_POINT('Ctrl Pts',(-241.365965928994,149.469750577111,864.860045288657));
#12424=CARTESIAN_POINT('Ctrl Pts',(-241.377420788529,149.478397992871,864.848022883188));
#12425=CARTESIAN_POINT('Ctrl Pts',(-241.389176837258,149.487092628809,864.835932724537));
#12426=CARTESIAN_POINT('Ctrl Pts',(-241.389335444596,149.487209900119,864.835769654783));
#12427=CARTESIAN_POINT('Ctrl Pts',(-241.389494078688,149.487327158395,864.835606602763));
#12428=CARTESIAN_POINT('Ctrl Pts',(-241.49778727235,149.567374725832,864.72429746522));
#12429=CARTESIAN_POINT('Ctrl Pts',(-241.618543781992,149.641348245402,864.621252455947));
#12430=CARTESIAN_POINT('Ctrl Pts',(-241.890454719777,149.781099186191,864.426194172617));
#12431=CARTESIAN_POINT('Ctrl Pts',(-242.043248584125,149.845783338523,864.335673674489));
#12432=CARTESIAN_POINT('Ctrl Pts',(-242.370659075253,149.959312884554,864.176276274527));
#12433=CARTESIAN_POINT('Ctrl Pts',(-242.54574386273,150.00769940633,864.108027863895));
#12434=CARTESIAN_POINT('Ctrl Pts',(-242.904404282886,150.083605194577,864.000224440543));
#12435=CARTESIAN_POINT('Ctrl Pts',(-243.087726447148,150.11154099479,863.960097415117));
#12436=CARTESIAN_POINT('Ctrl Pts',(-243.423425056314,150.142951970915,863.913837897354));
#12437=CARTESIAN_POINT('Ctrl Pts',(-243.574735399593,150.150177031925,863.902545096679));
#12438=CARTESIAN_POINT('Ctrl Pts',(-243.726471076,150.150176931,863.901209364));
#12439=CARTESIAN_POINT('Ctrl Pts',(-243.726471076,150.150176931,863.901209364));
#12440=CARTESIAN_POINT('Ctrl Pts',(-243.729137946,150.567787877,864.20412709));
#12441=CARTESIAN_POINT('Ctrl Pts',(-243.73531374,151.179696049,864.905634678));
#12442=CARTESIAN_POINT('Ctrl Pts',(-243.743174583,151.388658253,865.798589708));
#12443=CARTESIAN_POINT('Ctrl Pts',(-243.746576865,151.388658508,866.185079906));
#12444=CARTESIAN_POINT('Ctrl Pts',(-242.828907952,150.150177528,863.909110633));
#12445=CARTESIAN_POINT('Ctrl Pts',(-242.836918724,150.562139257,864.202458196));
#12446=CARTESIAN_POINT('Ctrl Pts',(-242.845366009,151.201070471,864.921911055));
#12447=CARTESIAN_POINT('Ctrl Pts',(-242.850574352,151.392010107,865.841499518));
#12448=CARTESIAN_POINT('Ctrl Pts',(-242.849255896,151.388659123,866.220489418));
#12449=CARTESIAN_POINT('Ctrl Pts',(-241.723149638,149.835831907,864.35221143));
#12450=CARTESIAN_POINT('Ctrl Pts',(-241.699582537,150.143266942,864.587424404));
#12451=CARTESIAN_POINT('Ctrl Pts',(-241.686099793,150.659273473,865.221006755));
#12452=CARTESIAN_POINT('Ctrl Pts',(-241.718177962,150.846533783,865.975959629));
#12453=CARTESIAN_POINT('Ctrl Pts',(-241.739985491,150.853304068,866.264642673));
#12454=CARTESIAN_POINT('Ctrl Pts',(-240.896178329,149.044878749,865.449922433));
#12455=CARTESIAN_POINT('Ctrl Pts',(-240.877589867,149.14961717,865.585562768));
#12456=CARTESIAN_POINT('Ctrl Pts',(-240.863571529,149.341858139,865.883263737));
#12457=CARTESIAN_POINT('Ctrl Pts',(-240.886961408,149.468292726,866.198322758));
#12458=CARTESIAN_POINT('Ctrl Pts',(-240.903839246,149.506250186,866.320147332));
#12459=CARTESIAN_POINT('Ctrl Pts',(-240.744764726,148.652183125,865.992636767));
#12460=CARTESIAN_POINT('Ctrl Pts',(-240.745305052081,148.685362476035,866.054013860966));
#12461=CARTESIAN_POINT('Ctrl Pts',(-240.746386280069,148.750538769092,866.176833550565));
#12462=CARTESIAN_POINT('Ctrl Pts',(-240.747433041513,148.813350677073,866.295738111281));
#12463=CARTESIAN_POINT('Ctrl Pts',(-240.747841656,148.837459542,866.342153805));
#12464=CARTESIAN_POINT('Ctrl Pts',(-240.747962438,148.3886606004,866.3559082242));
#12465=CARTESIAN_POINT('Ctrl Pts',(-240.747962438,148.3886606004,866.3559082242));
#12466=CARTESIAN_POINT('Ctrl Pts',(-240.747962438,148.3886606004,866.3559082242));
#12467=CARTESIAN_POINT('Ctrl Pts',(-240.747962438,148.3886606004,866.3559082242));
#12468=CARTESIAN_POINT('Ctrl Pts',(-240.747962438,148.3886606004,866.3559082242));
#12469=CARTESIAN_POINT('Ctrl Pts',(-243.746576865,151.388658508,866.185079906));
#12470=CARTESIAN_POINT('Ctrl Pts',(-243.745853136076,151.388658453757,866.102866242421));
#12471=CARTESIAN_POINT('Ctrl Pts',(-243.745132632311,151.384610501773,866.021026487278));
#12472=CARTESIAN_POINT('Ctrl Pts',(-243.743682782169,151.368581154439,865.856349211533));
#12473=CARTESIAN_POINT('Ctrl Pts',(-243.742953677324,151.356398698815,865.773539299115));
#12474=CARTESIAN_POINT('Ctrl Pts',(-243.741504430118,151.324088461249,865.608935286596));
#12475=CARTESIAN_POINT('Ctrl Pts',(-243.740784363269,151.303912290578,865.527149752017));
#12476=CARTESIAN_POINT('Ctrl Pts',(-243.739365415015,151.255940103302,865.365973548128));
#12477=CARTESIAN_POINT('Ctrl Pts',(-243.738666431238,151.228187062863,865.286571316252));
#12478=CARTESIAN_POINT('Ctrl Pts',(-243.737892581403,151.192736084227,865.198652910132));
#12479=CARTESIAN_POINT('Ctrl Pts',(-243.73780736301,151.18876641553,865.188970940716));
#12480=CARTESIAN_POINT('Ctrl Pts',(-243.737393230435,151.16915387711,865.141919011529));
#12481=CARTESIAN_POINT('Ctrl Pts',(-243.737067616588,151.152746694084,865.104928608489));
#12482=CARTESIAN_POINT('Ctrl Pts',(-243.735963835265,151.093736446736,864.979548407194));
#12483=CARTESIAN_POINT('Ctrl Pts',(-243.735203854134,151.04720643791,864.893241228526));
#12484=CARTESIAN_POINT('Ctrl Pts',(-243.733710001184,150.944185465394,864.723603225003));
#12485=CARTESIAN_POINT('Ctrl Pts',(-243.7329774037,150.887456742324,864.640417432376));
#12486=CARTESIAN_POINT('Ctrl Pts',(-243.731542695195,150.763973107723,864.477486718728));
#12487=CARTESIAN_POINT('Ctrl Pts',(-243.730842161883,150.696966980611,864.397920327375));
#12488=CARTESIAN_POINT('Ctrl Pts',(-243.729985752301,150.606455691843,864.300611359273));
#12489=CARTESIAN_POINT('Ctrl Pts',(-243.729802728943,150.586576331034,864.279813070523));
#12490=CARTESIAN_POINT('Ctrl Pts',(-243.729046168569,150.502144274331,864.193827838561));
#12491=CARTESIAN_POINT('Ctrl Pts',(-243.728495309932,150.435157251375,864.131217844766));
#12492=CARTESIAN_POINT('Ctrl Pts',(-243.727444551144,150.296253502455,864.011804778581));
#12493=CARTESIAN_POINT('Ctrl Pts',(-243.726944647064,150.224335950589,863.955001253409));
#12494=CARTESIAN_POINT('Ctrl Pts',(-243.726471076078,150.150176943144,863.901209372809));
#12495=CARTESIAN_POINT('Ctrl Pts',(-237.60950819,155.581033126,884.720840573));
#12496=CARTESIAN_POINT('Ctrl Pts',(-237.617227082003,156.184835612278,885.597640539405));
#12497=CARTESIAN_POINT('Ctrl Pts',(-237.626592149009,156.515703071305,886.661462281981));
#12498=CARTESIAN_POINT('Ctrl Pts',(-237.635963658013,156.515703772,887.726040780472));
#12499=CARTESIAN_POINT('Ctrl Pts',(-239.492804081,156.254958773,884.240166583));
#12500=CARTESIAN_POINT('Ctrl Pts',(-239.501714896004,156.951998294321,885.252358885467));
#12501=CARTESIAN_POINT('Ctrl Pts',(-239.51252614101,157.333959136352,886.480458653132));
#12502=CARTESIAN_POINT('Ctrl Pts',(-239.523344765015,157.333959946,887.709425581698));
#12503=CARTESIAN_POINT('Ctrl Pts',(-241.339589577,156.997455884,883.712592727));
#12504=CARTESIAN_POINT('Ctrl Pts',(-241.349813612004,157.797220660368,884.873955498535));
#12505=CARTESIAN_POINT('Ctrl Pts',(-241.362218140012,158.235472153403,886.283043807298));
#12506=CARTESIAN_POINT('Ctrl Pts',(-241.374631145017,158.235473083,887.693128070949));
#12507=CARTESIAN_POINT('Ctrl Pts',(-243.142695406,157.805642065,883.140167063));
#12508=CARTESIAN_POINT('Ctrl Pts',(-243.154348857005,158.717221503419,884.46389930961));
#12509=CARTESIAN_POINT('Ctrl Pts',(-243.168487591013,159.21674242246,886.069984164479));
#12510=CARTESIAN_POINT('Ctrl Pts',(-243.182636051019,159.216743482,887.677211515222));
#12511=CARTESIAN_POINT('Ctrl Pts',(-243.16072646429,157.81372392681,883.13444280636));
#12512=CARTESIAN_POINT('Ctrl Pts',(-243.172394209455,158.726421511851,884.45979874772));
#12513=CARTESIAN_POINT('Ctrl Pts',(-243.186550285523,159.226555125151,886.067853568051));
#12514=CARTESIAN_POINT('Ctrl Pts',(-243.200716100079,159.22655618599,887.677052349664));
#12515=CARTESIAN_POINT('Ctrl Pts',(-243.17875752258,157.82180578862,883.12871854972));
#12516=CARTESIAN_POINT('Ctrl Pts',(-243.190439561905,158.735621520281,884.455698185832));
#12517=CARTESIAN_POINT('Ctrl Pts',(-243.204612980033,159.236367827841,886.065722971624));
#12518=CARTESIAN_POINT('Ctrl Pts',(-243.218796149139,159.23636888998,887.676893184107));
#12519=CARTESIAN_POINT('Ctrl Pts',(-243.19678858087,157.82988765043,883.12299429308));
#12520=CARTESIAN_POINT('Ctrl Pts',(-243.208484914355,158.744821528712,884.451597623942));
#12521=CARTESIAN_POINT('Ctrl Pts',(-243.222675674543,159.246180530532,886.063592375196));
#12522=CARTESIAN_POINT('Ctrl Pts',(-243.236876198199,159.24618159397,887.676734018549));
#12523=CARTESIAN_POINT('',(-242.494441375938,157.51873337547,883.343451720933));
#12524=CARTESIAN_POINT('Origin',(-209.441212660767,208.487085110467,848.535417386757));
#12525=CARTESIAN_POINT('',(-243.142695403727,157.805642065972,883.140167061691));
#12526=CARTESIAN_POINT('Origin',(-209.446566451757,208.478022314039,848.541551398442));
#12527=CARTESIAN_POINT('Ctrl Pts',(-243.142695407036,157.805642065464,883.140167062671));
#12528=CARTESIAN_POINT('Ctrl Pts',(-243.147028641543,158.144604959635,883.632385397693));
#12529=CARTESIAN_POINT('Ctrl Pts',(-243.155074109666,158.42738179919,884.161047460495));
#12530=CARTESIAN_POINT('Ctrl Pts',(-243.167457817202,158.870249223249,885.272619010085));
#12531=CARTESIAN_POINT('Ctrl Pts',(-243.171681183269,159.028676061546,885.851846384963));
#12532=CARTESIAN_POINT('Ctrl Pts',(-243.174893446506,159.121009736316,886.443310498706));
#12533=CARTESIAN_POINT('Origin',(-246.935599843,151.216740986,887.64417936));
#12534=CARTESIAN_POINT('',(-269.471414739907,157.805624365355,882.908395811319));
#12535=CARTESIAN_POINT('',(-246.895664471007,157.805639569168,883.107129588751));
#12536=CARTESIAN_POINT('Origin',(-294.100511752516,151.216709620118,887.228985552634));
#12537=CARTESIAN_POINT('',(-250.510124779657,159.201900659371,887.125675405045));
#12538=CARTESIAN_POINT('Origin',(-250.037446140469,143.548666471199,887.616935741047));
#12539=CARTESIAN_POINT('',(-247.652344785958,159.201902560077,887.150832511032));
#12540=CARTESIAN_POINT('Ctrl Pts',(-250.510124778373,159.201900659386,887.125675403809));
#12541=CARTESIAN_POINT('Ctrl Pts',(-250.681922498351,159.191103270667,886.94712394664));
#12542=CARTESIAN_POINT('Ctrl Pts',(-250.828773353661,159.171253579121,886.724084243898));
#12543=CARTESIAN_POINT('Ctrl Pts',(-251.024715746726,159.101973411492,886.235079779553));
#12544=CARTESIAN_POINT('Ctrl Pts',(-251.071011588763,159.051038952866,885.968135028139));
#12545=CARTESIAN_POINT('Ctrl Pts',(-251.066555954858,158.928227375329,885.461996145986));
#12546=CARTESIAN_POINT('Ctrl Pts',(-251.010940970696,158.847056631065,885.190007961837));
#12547=CARTESIAN_POINT('Ctrl Pts',(-250.7959834951,158.671352380542,884.694917572957));
#12548=CARTESIAN_POINT('Ctrl Pts',(-250.636810928645,158.577373653627,884.47154490997));
#12549=CARTESIAN_POINT('Ctrl Pts',(-250.279150168547,158.419627414352,884.128541918662));
#12550=CARTESIAN_POINT('Ctrl Pts',(-250.058823381342,158.344058733006,883.981420356959));
#12551=CARTESIAN_POINT('Ctrl Pts',(-249.571630405161,158.23833808171,883.7854682106));
#12552=CARTESIAN_POINT('Ctrl Pts',(-249.304438773448,158.209330219314,883.736831350419));
#12553=CARTESIAN_POINT('Ctrl Pts',(-249.051310935387,158.209330387651,883.739059640616));
#12554=CARTESIAN_POINT('Ctrl Pts',(-248.793913156552,158.209330558827,883.741325519199));
#12555=CARTESIAN_POINT('Ctrl Pts',(-248.523553456455,158.239325287443,883.796399273943));
#12556=CARTESIAN_POINT('Ctrl Pts',(-248.0338289835,158.348081226404,884.007034070858));
#12557=CARTESIAN_POINT('Ctrl Pts',(-247.814118532401,158.425639492138,884.162410623686));
#12558=CARTESIAN_POINT('Ctrl Pts',(-247.466986983555,158.584262397035,884.515708065994));
#12559=CARTESIAN_POINT('Ctrl Pts',(-247.31615323749,158.676762099243,884.739719144262));
#12560=CARTESIAN_POINT('Ctrl Pts',(-247.115948284988,158.849509560256,885.232405195002));
#12561=CARTESIAN_POINT('Ctrl Pts',(-247.066747260184,158.929231348978,885.50133355145));
#12562=CARTESIAN_POINT('Ctrl Pts',(-247.071167520573,159.051067918818,886.003454169889));
#12563=CARTESIAN_POINT('Ctrl Pts',(-247.122199351844,159.10201692618,886.269653299341));
#12564=CARTESIAN_POINT('Ctrl Pts',(-247.326796036811,159.171271539775,886.755088614138));
#12565=CARTESIAN_POINT('Ctrl Pts',(-247.47748918668,159.191109034813,886.975392216842));
#12566=CARTESIAN_POINT('Ctrl Pts',(-247.652344787054,159.201902560064,887.150832509939));
#12567=CARTESIAN_POINT('Origin',(-248.133567497257,143.549071045124,887.633685161093));
#12568=CARTESIAN_POINT('Origin',(-244.190551079,164.686657953,928.383572817));
#12569=CARTESIAN_POINT('',(-272.93304996089,156.874854372937,881.526220823746));
#12570=CARTESIAN_POINT('',(-269.471413660916,157.805624558419,882.908394747992));
#12571=CARTESIAN_POINT('',(-273.03158618431,156.874861577775,892.7196216955));
#12572=CARTESIAN_POINT('',(-272.933049966716,156.87485438177,881.526220800335));
#12573=CARTESIAN_POINT('',(-273.031585730848,156.874861760165,892.719621779993));
#12574=CARTESIAN_POINT('',(-268.1515498616,158.16885181614,886.970378231301));
#12575=CARTESIAN_POINT('',(-269.593284383955,157.785967076016,888.416934342298));
#12576=CARTESIAN_POINT('',(-268.151549848846,158.168851819157,886.970378214993));
#12577=CARTESIAN_POINT('',(-271.009329334947,157.403080408466,886.945221619487));
#12578=CARTESIAN_POINT('',(-269.593284385969,157.785967075617,888.416934339991));
#12579=CARTESIAN_POINT('Origin',(-269.568121760392,157.785965192649,885.558527452434));
#12580=CARTESIAN_POINT('Origin',(-273.978225359,176.2167263,892.365597465));
#12581=CARTESIAN_POINT('',(-273.031560907055,119.216727159934,892.719646822652));
#12582=CARTESIAN_POINT('',(-273.031560906914,119.216727310588,892.719646822534));
#12583=CARTESIAN_POINT('',(-272.698461538704,119.216727463992,892.844216484973));
#12584=CARTESIAN_POINT('',(-273.031560907,119.216727159352,892.719646823));
#12585=CARTESIAN_POINT('',(-272.698482633231,151.216727461374,892.844195203397));
#12586=CARTESIAN_POINT('',(-272.698482633778,151.216727462,892.844195203407));
#12587=CARTESIAN_POINT('',(-269.326496573858,151.216730522096,894.105221955372));
#12588=CARTESIAN_POINT('',(-278.694688193803,151.216722018672,890.601785361195));
#12589=CARTESIAN_POINT('',(-269.326496952411,153.116730524837,894.105220869045));
#12590=CARTESIAN_POINT('',(-269.326493777154,176.2167263,894.10521238948));
#12591=CARTESIAN_POINT('',(-249.787061616258,153.116748260291,901.412412541628));
#12592=CARTESIAN_POINT('',(-249.787062649525,153.116748262,901.412411951381));
#12593=CARTESIAN_POINT('',(-249.787061394907,151.216748674834,901.412413218388));
#12594=CARTESIAN_POINT('',(-249.787057957913,176.2167263,901.412404038227));
#12595=CARTESIAN_POINT('',(-247.065762034595,151.216750731321,902.430101553497));
#12596=CARTESIAN_POINT('Ctrl Pts',(-273.093897703,119.216731827,899.800940999));
#12597=CARTESIAN_POINT('Ctrl Pts',(-273.093894407,114.216731808068,899.800944324));
#12598=CARTESIAN_POINT('Ctrl Pts',(-265.924860128,119.216738659,902.968362558));
#12599=CARTESIAN_POINT('Ctrl Pts',(-265.924856832,114.216738640068,902.968365883));
#12600=CARTESIAN_POINT('Ctrl Pts',(-261.723591849,119.21674296,905.270532282));
#12601=CARTESIAN_POINT('Ctrl Pts',(-261.723588553,114.216742941068,905.270535607));
#12602=CARTESIAN_POINT('Ctrl Pts',(-254.506297747,119.216750367,909.256158223));
#12603=CARTESIAN_POINT('Ctrl Pts',(-254.506294451,114.216750348068,909.256161548));
#12604=CARTESIAN_POINT('Ctrl Pts',(-254.506268568,119.216750367,909.256174337));
#12605=CARTESIAN_POINT('Ctrl Pts',(-254.506265272,114.216750348068,909.256177662));
#12606=CARTESIAN_POINT('Ctrl Pts',(-252.058003527794,119.21675288,910.608186396904));
#12607=CARTESIAN_POINT('Ctrl Pts',(-252.058000231794,114.216752861068,910.608189721904));
#12608=CARTESIAN_POINT('Ctrl Pts',(-249.609767665589,119.216755393,911.960182340808));
#12609=CARTESIAN_POINT('Ctrl Pts',(-249.609764369589,114.216755374068,911.960185665809));
#12610=CARTESIAN_POINT('Ctrl Pts',(-247.161531805383,119.216757906,913.312178285713));
#12611=CARTESIAN_POINT('Ctrl Pts',(-247.161528509383,114.216757887068,913.312181610713));
#12612=CARTESIAN_POINT('',(-252.389938383668,119.216752537184,910.424881108541));
#12613=CARTESIAN_POINT('',(-252.389938384046,119.216752538243,910.424881108047));
#12614=CARTESIAN_POINT('',(-252.3899375856,118.016752539667,910.424881907296));
#12615=CARTESIAN_POINT('',(-252.389936736062,116.716752539284,910.424882770539));
#12616=CARTESIAN_POINT('',(-267.143784791884,118.016737581434,902.553765781926));
#12617=CARTESIAN_POINT('Ctrl Pts',(-267.143784791845,118.016737582294,902.553765781846));
#12618=CARTESIAN_POINT('Ctrl Pts',(-266.630483014451,118.01673808671,902.803615301032));
#12619=CARTESIAN_POINT('Ctrl Pts',(-266.126369399984,118.016738584444,903.052521909219));
#12620=CARTESIAN_POINT('Ctrl Pts',(-265.628268417097,118.016739078426,903.301744957855));
#12621=CARTESIAN_POINT('Ctrl Pts',(-265.25598921907,118.016739447626,903.488013525603));
#12622=CARTESIAN_POINT('Ctrl Pts',(-264.887067069131,118.016739814732,903.674458755133));
#12623=CARTESIAN_POINT('Ctrl Pts',(-264.52020169442,118.016740180933,903.861581711955));
#12624=CARTESIAN_POINT('Ctrl Pts',(-264.190436364406,118.016740510102,904.029781460046));
#12625=CARTESIAN_POINT('Ctrl Pts',(-263.862332243442,118.016740838539,904.198528892844));
#12626=CARTESIAN_POINT('Ctrl Pts',(-263.534980947839,118.016741167072,904.36816454555));
#12627=CARTESIAN_POINT('Ctrl Pts',(-263.228521442218,118.016741474637,904.526973931559));
#12628=CARTESIAN_POINT('Ctrl Pts',(-262.922721358477,118.016741782285,904.686561867749));
#12629=CARTESIAN_POINT('Ctrl Pts',(-262.616875329938,118.016742090652,904.847184782704));
#12630=CARTESIAN_POINT('Ctrl Pts',(-262.325106826187,118.016742384825,905.000414523133));
#12631=CARTESIAN_POINT('Ctrl Pts',(-262.033296240446,118.016742679652,905.154586228258));
#12632=CARTESIAN_POINT('Ctrl Pts',(-261.740873388114,118.016742975642,905.309899753374));
#12633=CARTESIAN_POINT('Ctrl Pts',(-261.458805827327,118.016743261151,905.45971330877));
#12634=CARTESIAN_POINT('Ctrl Pts',(-261.176168390393,118.016743547741,905.610589303958));
#12635=CARTESIAN_POINT('Ctrl Pts',(-260.892492990441,118.016743835827,905.762684475463));
#12636=CARTESIAN_POINT('Ctrl Pts',(-260.627985890613,118.016744104446,905.904502386779));
#12637=CARTESIAN_POINT('Ctrl Pts',(-260.362576499619,118.016744374364,906.047380177739));
#12638=CARTESIAN_POINT('Ctrl Pts',(-260.095923961253,118.016744645878,906.191425430944));
#12639=CARTESIAN_POINT('Ctrl Pts',(-259.979263475718,118.016744764666,906.254445229221));
#12640=CARTESIAN_POINT('Ctrl Pts',(-259.862365552202,118.016744883758,906.317688233289));
#12641=CARTESIAN_POINT('Ctrl Pts',(-259.745204110945,118.016745003177,906.381162230343));
#12642=CARTESIAN_POINT('Ctrl Pts',(-259.72576040236,118.016745022996,906.391696155909));
#12643=CARTESIAN_POINT('Ctrl Pts',(-259.706306015793,118.016745042827,906.402238298513));
#12644=CARTESIAN_POINT('Ctrl Pts',(-259.686864634508,118.016745062646,906.412775789367));
#12645=CARTESIAN_POINT('Ctrl Pts',(-259.40106312429,118.016745354003,906.567684062382));
#12646=CARTESIAN_POINT('Ctrl Pts',(-259.117101133168,118.01674564383,906.722110991499));
#12647=CARTESIAN_POINT('Ctrl Pts',(-258.834184325313,118.016745932857,906.876370593251));
#12648=CARTESIAN_POINT('Ctrl Pts',(-258.504546068883,118.016746269615,907.056104934752));
#12649=CARTESIAN_POINT('Ctrl Pts',(-258.176327990642,118.016746605285,907.235611063533));
#12650=CARTESIAN_POINT('Ctrl Pts',(-257.848348909058,118.016746940973,907.415380329906));
#12651=CARTESIAN_POINT('Ctrl Pts',(-257.470242540435,118.016747327965,907.622624963221));
#12652=CARTESIAN_POINT('Ctrl Pts',(-257.092458101273,118.016747714975,907.830216730389));
#12653=CARTESIAN_POINT('Ctrl Pts',(-256.713232624649,118.016748103677,908.038932459203));
#12654=CARTESIAN_POINT('Ctrl Pts',(-256.395601093246,118.016748429247,908.213748500471));
#12655=CARTESIAN_POINT('Ctrl Pts',(-256.076961091452,118.016748756002,908.389352874324));
#12656=CARTESIAN_POINT('Ctrl Pts',(-255.756259089293,118.016749084961,908.566233156312));
#12657=CARTESIAN_POINT('Ctrl Pts',(-255.472672449545,118.016749375848,908.72264279663));
#12658=CARTESIAN_POINT('Ctrl Pts',(-255.187474103321,118.016749668457,908.880050174038));
#12659=CARTESIAN_POINT('Ctrl Pts',(-254.899903414529,118.016749963531,909.038819323517));
#12660=CARTESIAN_POINT('Ctrl Pts',(-254.769226187402,118.016750097618,909.110966844165));
#12661=CARTESIAN_POINT('Ctrl Pts',(-254.638058559835,118.016750232214,909.183395952319));
#12662=CARTESIAN_POINT('Ctrl Pts',(-254.506326135896,118.016750367393,909.256142906885));
#12663=CARTESIAN_POINT('Ctrl Pts',(-254.506296955938,118.016750367422,909.256159021012));
#12664=CARTESIAN_POINT('Ctrl Pts',(-254.506267776938,118.016750367422,909.256175135012));
#12665=CARTESIAN_POINT('Ctrl Pts',(-254.506238597024,118.016750367452,909.256191249116));
#12666=CARTESIAN_POINT('Ctrl Pts',(-253.791000807875,118.016751101513,909.651168958125));
#12667=CARTESIAN_POINT('Ctrl Pts',(-253.088727685547,118.016751822248,910.038987153677));
#12668=CARTESIAN_POINT('Ctrl Pts',(-252.389937586826,118.016752539371,910.424881909515));
#12669=CARTESIAN_POINT('',(-267.143785581338,119.216737581212,902.553764984494));
#12670=CARTESIAN_POINT('',(-267.143783934919,116.716737579932,902.553766646334));
#12671=CARTESIAN_POINT('',(-273.093897703005,119.216731826784,899.800940999));
#12672=CARTESIAN_POINT('Ctrl Pts',(-273.093897703,119.216731827,899.800940999));
#12673=CARTESIAN_POINT('Ctrl Pts',(-270.887577021862,119.216733929595,900.775736795283));
#12674=CARTESIAN_POINT('Ctrl Pts',(-268.962346535136,119.216735792468,901.668580868821));
#12675=CARTESIAN_POINT('Ctrl Pts',(-267.143785578978,119.216737579931,902.553764985748));
#12676=CARTESIAN_POINT('',(-273.093895810742,116.346049778,899.800942907854));
#12677=CARTESIAN_POINT('',(-273.093896055,116.716731827,899.8009426615));
#12678=CARTESIAN_POINT('Ctrl Pts',(-265.315588074049,114.216739368257,903.45866633442));
#12679=CARTESIAN_POINT('Ctrl Pts',(-267.87389362363,114.918192818175,902.172102946906));
#12680=CARTESIAN_POINT('Ctrl Pts',(-270.463752738248,115.629176551992,900.962993965472));
#12681=CARTESIAN_POINT('Ctrl Pts',(-273.093777838463,116.346017623442,899.800995030127));
#12682=CARTESIAN_POINT('Ctrl Pts',(-273.093786692215,116.346020036625,899.800991118358));
#12683=CARTESIAN_POINT('Ctrl Pts',(-273.093796937739,116.346022829119,899.800986591677));
#12684=CARTESIAN_POINT('Ctrl Pts',(-273.093808153309,116.346025885996,899.80098163641));
#12685=CARTESIAN_POINT('Ctrl Pts',(-273.093833950987,116.346032917323,899.800970238473));
#12686=CARTESIAN_POINT('Ctrl Pts',(-273.093864880976,116.346041347739,899.800956573523));
#12687=CARTESIAN_POINT('Ctrl Pts',(-273.093895810848,116.346049778,899.800942908095));
#12688=CARTESIAN_POINT('Origin',(-274.169684506,119.21674064,914.119153346));
#12689=CARTESIAN_POINT('',(-252.297638242905,119.216734565919,883.310492348944));
#12690=CARTESIAN_POINT('',(-252.297638243,119.216734565919,883.310492352));
#12691=CARTESIAN_POINT('',(-252.527896086714,119.216751808377,909.467181277127));
#12692=CARTESIAN_POINT('',(-252.527896171,119.216751808377,909.467180437));
#12693=CARTESIAN_POINT('',(-252.389938384,119.216752536162,910.424881108));
#12694=CARTESIAN_POINT('',(-248.394054703878,119.216741836604,890.244786365481));
#12695=CARTESIAN_POINT('',(-249.822944700496,119.216741400686,890.232207809746));
#12696=CARTESIAN_POINT('Origin',(-249.102340786,119.216740935836,889.538860853));
#12697=CARTESIAN_POINT('',(-249.114921394025,119.216741756999,890.968065051147));
#12698=CARTESIAN_POINT('',(-249.114922195894,119.216741754,890.968064403343));
#12699=CARTESIAN_POINT('',(-249.822928475211,119.21674176,890.232224678672));
#12700=CARTESIAN_POINT('Origin',(-281.962175406,151.216714842,883.049333653));
#12701=CARTESIAN_POINT('',(-266.297095689066,119.216725258323,883.187254799863));
#12702=CARTESIAN_POINT('',(-271.157363123276,119.21672202757,883.144469753546));
#12703=CARTESIAN_POINT('',(-277.929477841,119.216717524488,883.084854671491));
#12704=CARTESIAN_POINT('',(-266.297095030875,118.016725261688,883.187255597305));
#12705=CARTESIAN_POINT('',(-266.297095030876,118.016729914844,883.187255596485));
#12706=CARTESIAN_POINT('',(-252.297637850757,118.016734569128,883.310493141621));
#12707=CARTESIAN_POINT('',(-252.297638050435,118.016734569128,883.310493140559));
#12708=CARTESIAN_POINT('',(-252.297638057322,151.216714842,883.310471259473));
#12709=CARTESIAN_POINT('',(-271.15738421664,151.216722026793,883.144448479009));
#12710=CARTESIAN_POINT('',(-271.157384217,151.216722027,883.144448479037));
#12711=CARTESIAN_POINT('',(-271.157363122952,119.216722027,883.144469753546));
#12712=CARTESIAN_POINT('Origin',(-273.719008282,151.21670689,862.921115777));
#12713=CARTESIAN_POINT('',(-271.087631098177,151.216722471039,884.03160957182));
#12714=CARTESIAN_POINT('',(-271.157384217,151.216722026627,883.144448479));
#12715=CARTESIAN_POINT('',(-250.250982914106,151.216747503187,900.737293030361));
#12716=CARTESIAN_POINT('',(-250.250982813,151.216747503187,900.737293248));
#12717=CARTESIAN_POINT('',(-250.141758236318,151.216739324079,888.329643249979));
#12718=CARTESIAN_POINT('',(-250.141758232244,151.216739324078,888.329642748103));
#12719=CARTESIAN_POINT('',(-268.54104508795,151.216727091239,888.167673903491));
#12720=CARTESIAN_POINT('',(-268.541045088,151.216727091239,888.167673902));
#12721=CARTESIAN_POINT('',(-268.586916555469,151.216730526219,893.378550428291));
#12722=CARTESIAN_POINT('',(-268.586916554,151.216730526243,893.378550433));
#12723=CARTESIAN_POINT('',(-269.326495697,151.216730522097,894.105222136));
#12724=CARTESIAN_POINT('',(-271.723905161635,151.216727466837,891.886626464403));
#12725=CARTESIAN_POINT('',(-271.723905162,151.216727466838,891.88662646));
#12726=CARTESIAN_POINT('',(-271.654621953055,151.216722279377,884.01623826847));
#12727=CARTESIAN_POINT('',(-271.654621953039,151.216722278687,884.016238267612));
#12728=CARTESIAN_POINT('',(-273.230486037035,151.216722279,883.973516087092));
#12729=CARTESIAN_POINT('',(-269.580698744861,151.216725144218,886.987735253656));
#12730=CARTESIAN_POINT('',(-270.288737571789,151.216724666,886.251861910329));
#12731=CARTESIAN_POINT('',(-269.580698649106,151.216725622,886.987735157657));
#12732=CARTESIAN_POINT('',(-249.081493003861,151.216738777216,887.168190234656));
#12733=CARTESIAN_POINT('',(-249.789531830789,151.216738299,886.432316891328));
#12734=CARTESIAN_POINT('',(-249.081492908106,151.216739255,887.168190138657));
#12735=CARTESIAN_POINT('Origin',(-247.073931698,163.216751344,903.357551093));
#12736=CARTESIAN_POINT('Origin',(-244.190512228,105.746881821,928.383612012));
#12737=CARTESIAN_POINT('',(-272.933055476148,113.558585174773,881.530119150382));
#12738=CARTESIAN_POINT('',(-269.471417944417,112.627821404713,882.912294357988));
#12739=CARTESIAN_POINT('',(-273.068082061734,113.558595267269,896.868792506544));
#12740=CARTESIAN_POINT('Ctrl Pts',(-273.068081846956,113.558595208989,896.868792491894));
#12741=CARTESIAN_POINT('Ctrl Pts',(-272.931362281966,113.52182039226,896.929197893605));
#12742=CARTESIAN_POINT('Ctrl Pts',(-272.794642063752,113.485045398771,896.989603493909));
#12743=CARTESIAN_POINT('Ctrl Pts',(-272.657923149919,113.448270757667,897.050008699045));
#12744=CARTESIAN_POINT('Ctrl Pts',(-272.657893542995,113.448262793999,897.050021779988));
#12745=CARTESIAN_POINT('Ctrl Pts',(-272.657863936002,113.44825483,897.050034861004));
#12746=CARTESIAN_POINT('Ctrl Pts',(-272.657834328949,113.448246866297,897.05004794202));
#12747=CARTESIAN_POINT('Ctrl Pts',(-272.286900613676,113.348473144962,897.213934226908));
#12748=CARTESIAN_POINT('Ctrl Pts',(-271.916397669311,113.248812274764,897.378909918755));
#12749=CARTESIAN_POINT('Ctrl Pts',(-271.546363607679,113.149274335024,897.545031114153));
#12750=CARTESIAN_POINT('Ctrl Pts',(-269.153583664244,112.505624437581,898.619233480218));
#12751=CARTESIAN_POINT('Ctrl Pts',(-266.780409899751,111.867114838085,899.741334636875));
#12752=CARTESIAN_POINT('Ctrl Pts',(-264.437145265322,111.23647033186,900.926498062253));
#12753=CARTESIAN_POINT('',(-272.933055475036,113.558585180135,881.530119164991));
#12754=CARTESIAN_POINT('',(-269.626704824182,112.647488559209,892.216817126186));
#12755=CARTESIAN_POINT('',(-268.184969781752,112.264603791194,890.770261511993));
#12756=CARTESIAN_POINT('',(-269.626704823506,112.647488559111,892.216817127996));
#12757=CARTESIAN_POINT('Origin',(-249.12750756,125.51000844,892.397263556));
#12758=CARTESIAN_POINT('',(-249.127501983112,117.016742693917,892.397269221915));
#12759=CARTESIAN_POINT('',(-249.127498136936,111.216741937287,892.397273052829));
#12760=CARTESIAN_POINT('',(-249.127500080106,117.016742697746,892.397271159201));
#12761=CARTESIAN_POINT('Origin',(-247.685772771,125.510008428,890.950707685));
#12762=CARTESIAN_POINT('',(-247.68576714034,117.01674269,890.950713296894));
#12763=CARTESIAN_POINT('Ctrl Pts',(-273.068079336461,113.558594550835,896.868786376563));
#12764=CARTESIAN_POINT('Ctrl Pts',(-272.931359766966,113.521819732868,896.92919178089));
#12765=CARTESIAN_POINT('Ctrl Pts',(-272.794640198472,113.485044913901,896.989597185217));
#12766=CARTESIAN_POINT('Ctrl Pts',(-272.657891021977,113.448262132934,897.050015671545));
#12767=CARTESIAN_POINT('Ctrl Pts',(-272.657861414976,113.448254168933,897.050028752545));
#12768=CARTESIAN_POINT('Ctrl Pts',(-269.888236261184,112.703280618344,898.273705343691));
#12769=CARTESIAN_POINT('Ctrl Pts',(-267.142657663267,111.964606869448,899.558106820216));
#12770=CARTESIAN_POINT('Ctrl Pts',(-264.436904752932,111.236405604056,900.926619084662));
#12771=CARTESIAN_POINT('Ctrl Pts',(-273.385211490344,113.641733182133,897.641289866052));
#12772=CARTESIAN_POINT('Ctrl Pts',(-273.248933348916,113.605080515948,897.701401290558));
#12773=CARTESIAN_POINT('Ctrl Pts',(-273.112655207488,113.568427848762,897.761512717065));
#12774=CARTESIAN_POINT('Ctrl Pts',(-272.97634755506,113.531767244576,897.821637158571));
#12775=CARTESIAN_POINT('Ctrl Pts',(-272.976318044059,113.531759307576,897.821650175571));
#12776=CARTESIAN_POINT('Ctrl Pts',(-270.215635312873,112.789260291814,899.039371343084));
#12777=CARTESIAN_POINT('Ctrl Pts',(-267.48368881067,112.054110366194,900.314485088235));
#12778=CARTESIAN_POINT('Ctrl Pts',(-264.789978669357,111.329242992171,901.674098686946));
#12779=CARTESIAN_POINT('Ctrl Pts',(-273.766427167824,114.417610799226,898.983552535406));
#12780=CARTESIAN_POINT('Ctrl Pts',(-273.630954119351,114.381019712514,899.043164516754));
#12781=CARTESIAN_POINT('Ctrl Pts',(-273.495481070878,114.344428625802,899.102776499101));
#12782=CARTESIAN_POINT('Ctrl Pts',(-273.359978686405,114.307829615089,899.162401390448));
#12783=CARTESIAN_POINT('Ctrl Pts',(-273.359949348405,114.307821691089,899.162414299448));
#12784=CARTESIAN_POINT('Ctrl Pts',(-270.615576141081,113.566570175917,900.370017762229));
#12785=CARTESIAN_POINT('Ctrl Pts',(-267.908566324296,112.833615419243,901.628833497085));
#12786=CARTESIAN_POINT('Ctrl Pts',(-265.236844956074,112.110413747056,902.973289925304));
#12787=CARTESIAN_POINT('Ctrl Pts',(-273.636445742008,115.845246761414,899.561559668136));
#12788=CARTESIAN_POINT('Ctrl Pts',(-273.501428310382,115.808526469024,899.621104962935));
#12789=CARTESIAN_POINT('Ctrl Pts',(-273.366410879756,115.771806175635,899.680650257734));
#12790=CARTESIAN_POINT('Ctrl Pts',(-273.23136420913,115.735077930245,899.740208446532));
#12791=CARTESIAN_POINT('Ctrl Pts',(-273.23133497113,115.735069978245,899.740221341532));
#12792=CARTESIAN_POINT('Ctrl Pts',(-270.496191618965,114.991201000351,900.946473849458));
#12793=CARTESIAN_POINT('Ctrl Pts',(-267.803364750738,114.25425664632,902.203013721595));
#12794=CARTESIAN_POINT('Ctrl Pts',(-265.144494733495,113.527539171717,903.544768606448));
#12795=CARTESIAN_POINT('Ctrl Pts',(-273.498676928829,116.456380685625,899.622102618048));
#12796=CARTESIAN_POINT('Ctrl Pts',(-273.363749405778,116.41960586705,899.681716261769));
#12797=CARTESIAN_POINT('Ctrl Pts',(-273.228821882727,116.382831046474,899.741329906491));
#12798=CARTESIAN_POINT('Ctrl Pts',(-273.093865139676,116.346048263898,899.800956459213));
#12799=CARTESIAN_POINT('Ctrl Pts',(-273.093835920676,116.346040299898,899.800969368213));
#12800=CARTESIAN_POINT('Ctrl Pts',(-270.360513929901,115.601066723239,901.008606489828));
#12801=CARTESIAN_POINT('Ctrl Pts',(-267.670645453128,114.862392928984,902.26709349938));
#12802=CARTESIAN_POINT('Ctrl Pts',(-265.014483468712,114.134191625322,903.610523747063));
#12803=CARTESIAN_POINT('Ctrl Pts',(-273.068082169392,113.558595295348,896.868792505597));
#12804=CARTESIAN_POINT('Ctrl Pts',(-273.070650584824,113.558592438094,897.16055766572));
#12805=CARTESIAN_POINT('Ctrl Pts',(-273.073212882038,113.598434092835,897.451624802442));
#12806=CARTESIAN_POINT('Ctrl Pts',(-273.078096768523,113.754303287596,898.006409538533));
#12807=CARTESIAN_POINT('Ctrl Pts',(-273.080416983674,113.868394999288,898.269971187815));
#12808=CARTESIAN_POINT('Ctrl Pts',(-273.084725758522,114.170878193,898.759413696037));
#12809=CARTESIAN_POINT('Ctrl Pts',(-273.087097031454,114.386973550029,899.02876766716));
#12810=CARTESIAN_POINT('Ctrl Pts',(-273.090682519066,114.930558987005,899.436028455579));
#12811=CARTESIAN_POINT('Ctrl Pts',(-273.09186991332,115.193221517702,899.570893441331));
#12812=CARTESIAN_POINT('Ctrl Pts',(-273.093484759613,115.75345383694,899.754293361094));
#12813=CARTESIAN_POINT('Ctrl Pts',(-273.093895615123,116.049291435052,899.800943104854));
#12814=CARTESIAN_POINT('Ctrl Pts',(-273.093895810743,116.346049778,899.800942908141));
#12815=CARTESIAN_POINT('Origin',(-373.539906406,110.972764832,884.399627632));
#12816=CARTESIAN_POINT('',(-272.90312846394,115.899832130651,878.130313569943));
#12817=CARTESIAN_POINT('',(-271.470355085136,115.899833082659,878.142926307669));
#12818=CARTESIAN_POINT('',(-272.903128464,115.899832137282,878.130313586));
#12819=CARTESIAN_POINT('',(-267.84333014025,119.48121670373,872.97380466844));
#12820=CARTESIAN_POINT('',(-267.843330136815,119.481216686452,872.973804669965));
#12821=CARTESIAN_POINT('',(-243.808179745776,119.481232664087,873.185386649582));
#12822=CARTESIAN_POINT('',(-272.903128463833,115.899832110528,878.130313567083));
#12823=CARTESIAN_POINT('Ctrl Pts',(-267.781708642009,119.481212102089,865.973518668603));
#12824=CARTESIAN_POINT('Ctrl Pts',(-243.746555828,119.481228086,866.185100673));
#12825=CARTESIAN_POINT('Ctrl Pts',(-267.778722751009,119.481211938089,865.634329450603));
#12826=CARTESIAN_POINT('Ctrl Pts',(-243.743569938,119.481227922,865.845911455));
#12827=CARTESIAN_POINT('Ctrl Pts',(-267.775788827009,119.548700299089,865.301038372603));
#12828=CARTESIAN_POINT('Ctrl Pts',(-243.740636014,119.548716283,865.512620377));
#12829=CARTESIAN_POINT('Ctrl Pts',(-267.769868070009,119.823726764089,864.628435336603));
#12830=CARTESIAN_POINT('Ctrl Pts',(-243.734715257,119.823742748,864.840017341));
#12831=CARTESIAN_POINT('Ctrl Pts',(-267.767033316009,120.044746748089,864.306398166603));
#12832=CARTESIAN_POINT('Ctrl Pts',(-243.731880503,120.044762732,864.517980171));
#12833=CARTESIAN_POINT('Ctrl Pts',(-267.761747415009,120.643526161089,863.705888640603));
#12834=CARTESIAN_POINT('Ctrl Pts',(-243.726594602,120.643542145,863.917470645));
#12835=CARTESIAN_POINT('Ctrl Pts',(-267.759517364009,121.036337779089,863.452531101603));
#12836=CARTESIAN_POINT('Ctrl Pts',(-243.724364551,121.036353763,863.664113106));
#12837=CARTESIAN_POINT('Ctrl Pts',(-267.756189620009,121.948774430089,863.074439327603));
#12838=CARTESIAN_POINT('Ctrl Pts',(-243.721036807,121.948790414,863.286021332));
#12839=CARTESIAN_POINT('Ctrl Pts',(-267.755302575009,122.477173277089,862.973633380603));
#12840=CARTESIAN_POINT('Ctrl Pts',(-243.720149761,122.477189261,863.185215385));
#12841=CARTESIAN_POINT('Ctrl Pts',(-267.755302921009,123.002958695089,862.973633010603));
#12842=CARTESIAN_POINT('Ctrl Pts',(-243.720150108,123.002974679,863.185215016));
#12843=CARTESIAN_POINT('',(-267.781706457627,119.481212102314,865.973518537272));
#12844=CARTESIAN_POINT('',(-243.746555828011,119.481228086,866.185100673));
#12845=CARTESIAN_POINT('',(-267.755303236242,123.002958596762,862.973632968301));
#12846=CARTESIAN_POINT('Ctrl Pts',(-267.781706457642,119.481212102788,865.973518537272));
#12847=CARTESIAN_POINT('Ctrl Pts',(-267.778720566988,119.48121193809,865.634329469829));
#12848=CARTESIAN_POINT('Ctrl Pts',(-267.775786642988,119.54870029909,865.301038391829));
#12849=CARTESIAN_POINT('Ctrl Pts',(-267.769865885988,119.82372676409,864.628435355829));
#12850=CARTESIAN_POINT('Ctrl Pts',(-267.767031131988,120.04474674809,864.306398185829));
#12851=CARTESIAN_POINT('Ctrl Pts',(-267.761745230988,120.64352616109,863.705888659829));
#12852=CARTESIAN_POINT('Ctrl Pts',(-267.759515179988,121.03633777909,863.452531120829));
#12853=CARTESIAN_POINT('Ctrl Pts',(-267.756187435988,121.94877443009,863.074439346829));
#12854=CARTESIAN_POINT('Ctrl Pts',(-267.755300390988,122.47717327709,862.973633399829));
#12855=CARTESIAN_POINT('Ctrl Pts',(-267.75530292086,123.002958596618,862.973632993731));
#12856=CARTESIAN_POINT('',(-267.75530292086,123.002958596618,862.973632993731));
#12857=CARTESIAN_POINT('Origin',(-272.874100009,119.481214636,874.832487791));
#12858=CARTESIAN_POINT('',(-267.843330137,119.481216715253,872.973804691));
#12859=CARTESIAN_POINT('Ctrl Pts',(-268.605865224164,147.86689104667,862.966128741261));
#12860=CARTESIAN_POINT('Ctrl Pts',(-268.359472113,147.866891574,862.968298105));
#12861=CARTESIAN_POINT('Ctrl Pts',(-268.359004851,147.866891575,862.968302219));
#12862=CARTESIAN_POINT('Ctrl Pts',(-243.720166497,147.86690796,863.185198481));
#12863=CARTESIAN_POINT('Ctrl Pts',(-268.605864879864,148.144838627699,862.966129094562));
#12864=CARTESIAN_POINT('Ctrl Pts',(-268.359472296,148.144839155,862.968297931));
#12865=CARTESIAN_POINT('Ctrl Pts',(-268.359005035,148.144839156,862.968302044));
#12866=CARTESIAN_POINT('Ctrl Pts',(-243.720166681,148.144855541,863.185198306));
#12867=CARTESIAN_POINT('Ctrl Pts',(-268.606113576194,148.423772441,862.994299327562));
#12868=CARTESIAN_POINT('Ctrl Pts',(-268.359720465,148.423772441,862.996468164));
#12869=CARTESIAN_POINT('Ctrl Pts',(-268.359253203,148.423772441,862.996472277));
#12870=CARTESIAN_POINT('Ctrl Pts',(-243.720414849,148.423788827,863.213368539));
#12871=CARTESIAN_POINT('Ctrl Pts',(-268.607131536834,148.983835878,863.109954581504));
#12872=CARTESIAN_POINT('Ctrl Pts',(-268.360738953,148.983835878,863.112123418));
#12873=CARTESIAN_POINT('Ctrl Pts',(-268.360271692,148.983835878,863.112127531));
#12874=CARTESIAN_POINT('Ctrl Pts',(-243.721433338,148.983852264,863.329023794));
#12875=CARTESIAN_POINT('Ctrl Pts',(-268.607930448194,149.264817154,863.200627607504));
#12876=CARTESIAN_POINT('Ctrl Pts',(-268.361537337,149.264817154,863.202796444));
#12877=CARTESIAN_POINT('Ctrl Pts',(-268.361070075,149.264817154,863.202800557));
#12878=CARTESIAN_POINT('Ctrl Pts',(-243.722231721,149.26483354,863.41969682));
#12879=CARTESIAN_POINT('Ctrl Pts',(-268.610552038834,149.916550700699,863.498443563203));
#12880=CARTESIAN_POINT('Ctrl Pts',(-268.364159455,149.916551228,863.500612927));
#12881=CARTESIAN_POINT('Ctrl Pts',(-268.363692194,149.916551229,863.500617041));
#12882=CARTESIAN_POINT('Ctrl Pts',(-243.72485384,149.916567614,863.717513303));
#12883=CARTESIAN_POINT('Ctrl Pts',(-268.612668110893,150.270670346,863.738796967144));
#12884=CARTESIAN_POINT('Ctrl Pts',(-268.366275527,150.270670346,863.740966331));
#12885=CARTESIAN_POINT('Ctrl Pts',(-268.365808266,150.270670346,863.740970445));
#12886=CARTESIAN_POINT('Ctrl Pts',(-243.726969912,150.270686731,863.957866707));
#12887=CARTESIAN_POINT('Ctrl Pts',(-268.617663232864,150.828597484,864.306187847562));
#12888=CARTESIAN_POINT('Ctrl Pts',(-268.371270649,150.828597484,864.308356684));
#12889=CARTESIAN_POINT('Ctrl Pts',(-268.370803388,150.828597484,864.308360797));
#12890=CARTESIAN_POINT('Ctrl Pts',(-243.731965034,150.828613869,864.52525706));
#12891=CARTESIAN_POINT('Ctrl Pts',(-268.620392942164,151.04103275,864.616199056261));
#12892=CARTESIAN_POINT('Ctrl Pts',(-268.373999831,151.04103275,864.61836842));
#12893=CARTESIAN_POINT('Ctrl Pts',(-268.373532569,151.04103275,864.618372534));
#12894=CARTESIAN_POINT('Ctrl Pts',(-243.734694215,151.041049136,864.835268796));
#12895=CARTESIAN_POINT('Ctrl Pts',(-268.626234897864,151.318338133,865.279868714261));
#12896=CARTESIAN_POINT('Ctrl Pts',(-268.379842314,151.318338133,865.282038078));
#12897=CARTESIAN_POINT('Ctrl Pts',(-268.379375053,151.318338133,865.282042192));
#12898=CARTESIAN_POINT('Ctrl Pts',(-243.740536699,151.318354518,865.498938454));
#12899=CARTESIAN_POINT('Ctrl Pts',(-268.629227969194,151.388641894,865.619808372203));
#12900=CARTESIAN_POINT('Ctrl Pts',(-268.382834858,151.388641894,865.621977736));
#12901=CARTESIAN_POINT('Ctrl Pts',(-268.382367596,151.388641894,865.62198185));
#12902=CARTESIAN_POINT('Ctrl Pts',(-243.743529242,151.388658279,865.838878112));
#12903=CARTESIAN_POINT('Ctrl Pts',(-268.632275063864,151.388642122,865.966010166261));
#12904=CARTESIAN_POINT('Ctrl Pts',(-268.38588248,151.388642122,865.96817953));
#12905=CARTESIAN_POINT('Ctrl Pts',(-268.385415219,151.388642122,865.968183644));
#12906=CARTESIAN_POINT('Ctrl Pts',(-243.746576865,151.388658508,866.185079906));
#12907=CARTESIAN_POINT('',(-268.355296650289,147.866891577456,862.968334824072));
#12908=CARTESIAN_POINT('',(-243.720166497,147.86690796,863.185198481));
#12909=CARTESIAN_POINT('',(-268.381704247369,151.388642124368,865.968216319411));
#12910=CARTESIAN_POINT('Ctrl Pts',(-268.355296613244,147.866891577494,862.968334862702));
#12911=CARTESIAN_POINT('Ctrl Pts',(-268.355324077952,147.894334966443,862.968334603811));
#12912=CARTESIAN_POINT('Ctrl Pts',(-268.355236932585,147.921830191677,862.968619720264));
#12913=CARTESIAN_POINT('Ctrl Pts',(-268.355370097769,147.974883218511,862.969662240246));
#12914=CARTESIAN_POINT('Ctrl Pts',(-268.355425242967,148.001885566691,862.970458616362));
#12915=CARTESIAN_POINT('Ctrl Pts',(-268.355552126337,148.082893295525,862.973644756217));
#12916=CARTESIAN_POINT('Ctrl Pts',(-268.355585074502,148.136873402455,862.976831840898));
#12917=CARTESIAN_POINT('Ctrl Pts',(-268.355553185078,148.22742589247,862.983968079759));
#12918=CARTESIAN_POINT('Ctrl Pts',(-268.355415663888,148.263120533791,862.987269944566));
#12919=CARTESIAN_POINT('Ctrl Pts',(-268.355673416098,148.346295512333,862.996025216179));
#12920=CARTESIAN_POINT('Ctrl Pts',(-268.355780977324,148.39402954261,863.00189780736));
#12921=CARTESIAN_POINT('Ctrl Pts',(-268.355937745674,148.505974253653,863.017677312845));
#12922=CARTESIAN_POINT('Ctrl Pts',(-268.355708575335,148.56895059421,863.02810510642));
#12923=CARTESIAN_POINT('Ctrl Pts',(-268.356287684611,148.715325301193,863.055834226454));
#12924=CARTESIAN_POINT('Ctrl Pts',(-268.356487321153,148.798748401173,863.074391183919));
#12925=CARTESIAN_POINT('Ctrl Pts',(-268.356565589226,148.904477365808,863.101492524864));
#12926=CARTESIAN_POINT('Ctrl Pts',(-268.356462784395,148.92614436736,863.107259194484));
#12927=CARTESIAN_POINT('Ctrl Pts',(-268.356825765256,148.997730248633,863.126919919082));
#12928=CARTESIAN_POINT('Ctrl Pts',(-268.35703701712,149.047660268802,863.141693680543));
#12929=CARTESIAN_POINT('Ctrl Pts',(-268.357381074053,149.153973011387,863.175463324692));
#12930=CARTESIAN_POINT('Ctrl Pts',(-268.357498334551,149.210259179027,863.194760610906));
#12931=CARTESIAN_POINT('Ctrl Pts',(-268.357560979429,149.294551491677,863.225850866448));
#12932=CARTESIAN_POINT('Ctrl Pts',(-268.357887694674,149.324995830098,863.237479922345));
#12933=CARTESIAN_POINT('Ctrl Pts',(-268.358376684652,149.422341088529,863.276139330587));
#12934=CARTESIAN_POINT('Ctrl Pts',(-268.358602168579,149.488970559237,863.304814817892));
#12935=CARTESIAN_POINT('Ctrl Pts',(-268.358753506584,149.588932884464,863.351315246492));
#12936=CARTESIAN_POINT('Ctrl Pts',(-268.359061543801,149.624322069361,863.368425375598));
#12937=CARTESIAN_POINT('Ctrl Pts',(-268.359480095734,149.695892130618,863.404464803647));
#12938=CARTESIAN_POINT('Ctrl Pts',(-268.359656121391,149.732389258314,863.42361343695));
#12939=CARTESIAN_POINT('Ctrl Pts',(-268.359937842614,149.808050996544,863.464959417771));
#12940=CARTESIAN_POINT('Ctrl Pts',(-268.359822101497,149.845871331252,863.486561693837));
#12941=CARTESIAN_POINT('Ctrl Pts',(-268.360471995724,149.923260285952,863.532581964177));
#12942=CARTESIAN_POINT('Ctrl Pts',(-268.360759894826,149.963033975971,863.55729980988));
#12943=CARTESIAN_POINT('Ctrl Pts',(-268.361244180734,150.044156791814,863.609984851284));
#12944=CARTESIAN_POINT('Ctrl Pts',(-268.361433254178,150.085433860283,863.638056931847));
#12945=CARTESIAN_POINT('Ctrl Pts',(-268.361691067538,150.169823418939,863.698167678366));
#12946=CARTESIAN_POINT('Ctrl Pts',(-268.362277721881,150.214229497586,863.731375928136));
#12947=CARTESIAN_POINT('Ctrl Pts',(-268.363125655216,150.297153123397,863.796666430866));
#12948=CARTESIAN_POINT('Ctrl Pts',(-268.363496929135,150.336209858599,863.828868630779));
#12949=CARTESIAN_POINT('Ctrl Pts',(-268.363977101553,150.393943493181,863.878744857991));
#12950=CARTESIAN_POINT('Ctrl Pts',(-268.364040243523,150.412503570348,863.895170419021));
#12951=CARTESIAN_POINT('Ctrl Pts',(-268.365619543443,150.503152621385,863.977158300174));
#12952=CARTESIAN_POINT('Ctrl Pts',(-268.366673713005,150.572798587354,864.046077649243));
#12953=CARTESIAN_POINT('Ctrl Pts',(-268.367695292056,150.667116111189,864.148609538247));
#12954=CARTESIAN_POINT('Ctrl Pts',(-268.368410159348,150.696024668816,864.181302838984));
#12955=CARTESIAN_POINT('Ctrl Pts',(-268.369435249311,150.749713762991,864.244743587643));
#12956=CARTESIAN_POINT('Ctrl Pts',(-268.369867282007,150.774952905354,864.27577834133));
#12957=CARTESIAN_POINT('Ctrl Pts',(-268.370570211549,150.82261366877,864.336828807392));
#12958=CARTESIAN_POINT('Ctrl Pts',(-268.370849550426,150.845108620912,864.366778902436));
#12959=CARTESIAN_POINT('Ctrl Pts',(-268.371246461606,150.886007204523,864.423439394767));
#12960=CARTESIAN_POINT('Ctrl Pts',(-268.371980866207,150.907063069286,864.453612120296));
#12961=CARTESIAN_POINT('Ctrl Pts',(-268.375301378513,151.073812087499,864.702959297989));
#12962=CARTESIAN_POINT('Ctrl Pts',(-268.377051570304,151.190073028044,864.941653155767));
#12963=CARTESIAN_POINT('Ctrl Pts',(-268.377864721176,151.27883376084,865.224258316536));
#12964=CARTESIAN_POINT('Ctrl Pts',(-268.377896199939,151.288083785376,865.255741399813));
#12965=CARTESIAN_POINT('Ctrl Pts',(-268.3778464914,151.3036526965,865.312647758689));
#12966=CARTESIAN_POINT('Ctrl Pts',(-268.378307228071,151.311238725179,865.342048611637));
#12967=CARTESIAN_POINT('Ctrl Pts',(-268.378914839776,151.329722002247,865.419501976228));
#12968=CARTESIAN_POINT('Ctrl Pts',(-268.379172744168,151.339954141847,865.468601269338));
#12969=CARTESIAN_POINT('Ctrl Pts',(-268.379413413353,151.355738170257,865.557162829149));
#12970=CARTESIAN_POINT('Ctrl Pts',(-268.379008560123,151.361332029036,865.593579071688));
#12971=CARTESIAN_POINT('Ctrl Pts',(-268.380069385705,151.373596987433,865.685503518297));
#12972=CARTESIAN_POINT('Ctrl Pts',(-268.380577636131,151.379221989099,865.741748613678));
#12973=CARTESIAN_POINT('Ctrl Pts',(-268.381144027969,151.384864658704,865.826418602102));
#12974=CARTESIAN_POINT('Ctrl Pts',(-268.381300187855,151.38627898604,865.854715381491));
#12975=CARTESIAN_POINT('Ctrl Pts',(-268.381486903596,151.387695577525,865.897214586664));
#12976=CARTESIAN_POINT('Ctrl Pts',(-268.381541242879,151.388050242468,865.911400701869));
#12977=CARTESIAN_POINT('Ctrl Pts',(-268.381611065761,151.388405197148,865.932690640527));
#12978=CARTESIAN_POINT('Ctrl Pts',(-268.381632399503,151.388494005137,865.939792400918));
#12979=CARTESIAN_POINT('Ctrl Pts',(-268.381661503684,151.38858285131,865.95044738641));
#12980=CARTESIAN_POINT('Ctrl Pts',(-268.381670724325,151.388605072204,865.95400035102));
#12981=CARTESIAN_POINT('Ctrl Pts',(-268.381683834361,151.388627298766,865.959330340648));
#12982=CARTESIAN_POINT('Ctrl Pts',(-268.381688084739,151.388632856812,865.961107332647));
#12983=CARTESIAN_POINT('Ctrl Pts',(-268.381694280475,151.388638416009,865.963772950825));
#12984=CARTESIAN_POINT('Ctrl Pts',(-268.381696315882,151.388639806095,865.964661572805));
#12985=CARTESIAN_POINT('Ctrl Pts',(-268.381699324084,151.388641196546,865.965994537643));
#12986=CARTESIAN_POINT('Ctrl Pts',(-268.381700319367,151.38864154425,865.966438879927));
#12987=CARTESIAN_POINT('Ctrl Pts',(-268.381703007512,151.388642175347,865.967648099674));
#12988=CARTESIAN_POINT('Ctrl Pts',(-268.381703848451,151.388642124438,865.968170928729));
#12989=CARTESIAN_POINT('Ctrl Pts',(-268.381704247298,151.388642124468,865.968216311769));
#12990=CARTESIAN_POINT('',(-268.381704247809,151.388642124468,865.968216311765));
#12991=CARTESIAN_POINT('Origin',(-440.763136266,616.486908328,861.45031576));
#12992=CARTESIAN_POINT('',(-280.563402319149,153.937317008583,862.860862544832));
#12993=CARTESIAN_POINT('',(-280.563397371031,146.437316934184,862.860867531608));
#12994=CARTESIAN_POINT('',(-280.563553869352,383.612165954577,862.860709849134));
#12995=CARTESIAN_POINT('',(-271.720100747687,153.937272680738,862.938796752757));
#12996=CARTESIAN_POINT('',(-360.459885112169,153.937263815264,862.157531964074));
#12997=CARTESIAN_POINT('Ctrl Pts',(-268.355296693735,147.866891577412,862.968334780782));
#12998=CARTESIAN_POINT('Ctrl Pts',(-268.355488263833,148.058306295239,862.968332968239));
#12999=CARTESIAN_POINT('Ctrl Pts',(-268.364626751822,148.328382295088,862.968252343931));
#13000=CARTESIAN_POINT('Ctrl Pts',(-268.501574842832,149.01361287856,862.967046335143));
#13001=CARTESIAN_POINT('Ctrl Pts',(-268.593383185498,149.309500809183,862.966237949462));
#13002=CARTESIAN_POINT('Ctrl Pts',(-268.873809285429,150.013788026838,862.963768887893));
#13003=CARTESIAN_POINT('Ctrl Pts',(-269.092943373149,150.447814964574,862.961839559158));
#13004=CARTESIAN_POINT('Ctrl Pts',(-269.912469465262,151.742525562605,862.95462439882));
#13005=CARTESIAN_POINT('Ctrl Pts',(-270.603664473226,152.647456455675,862.948539196847));
#13006=CARTESIAN_POINT('Ctrl Pts',(-271.720100000178,153.937222547097,862.938710339165));
#13007=CARTESIAN_POINT('',(-272.027223362802,115.899943204842,862.936281706073));
#13008=CARTESIAN_POINT('Ctrl Pts',(-272.027221151648,115.900063799048,862.936031812044));
#13009=CARTESIAN_POINT('Ctrl Pts',(-271.348190990777,116.654025494904,862.942008833332));
#13010=CARTESIAN_POINT('Ctrl Pts',(-270.550878747164,117.56403075299,862.949026991685));
#13011=CARTESIAN_POINT('Ctrl Pts',(-269.292158125739,119.171781760352,862.960106478798));
#13012=CARTESIAN_POINT('Ctrl Pts',(-268.89260664131,119.757226188701,862.963623353909));
#13013=CARTESIAN_POINT('Ctrl Pts',(-268.270152390384,120.845690652879,862.969102115711));
#13014=CARTESIAN_POINT('Ctrl Pts',(-268.112040350885,121.239354274856,862.970493720205));
#13015=CARTESIAN_POINT('Ctrl Pts',(-267.900127030206,121.859405912422,862.972358789425));
#13016=CARTESIAN_POINT('Ctrl Pts',(-267.847640336634,122.110746470784,862.972820665369));
#13017=CARTESIAN_POINT('Ctrl Pts',(-267.759581134156,122.620311618977,862.973595516743));
#13018=CARTESIAN_POINT('Ctrl Pts',(-267.755432026959,122.874230726791,862.973631874081));
#13019=CARTESIAN_POINT('Ctrl Pts',(-267.755303552229,123.002958597078,862.973632920212));
#13020=CARTESIAN_POINT('',(-280.529245512835,115.899816957702,862.86118825856));
#13021=CARTESIAN_POINT('',(-360.301365438756,115.899763920888,862.158952484099));
#13022=CARTESIAN_POINT('',(-280.52924965978,122.29981695707,862.86118404173));
#13023=CARTESIAN_POINT('',(-280.529575746868,616.487014941691,862.860855488859));
#13024=CARTESIAN_POINT('',(-276.654483933693,122.299819533293,862.89529369359));
#13025=CARTESIAN_POINT('',(-360.94591711834,122.299763491795,862.153274263034));
#13026=CARTESIAN_POINT('',(-276.654499842586,146.437319533022,862.8952776463));
#13027=CARTESIAN_POINT('',(-276.654499838289,146.437319534,862.895277646209));
#13028=CARTESIAN_POINT('',(-361.103824510726,146.437263386558,862.151868293388));
#13029=CARTESIAN_POINT('Origin',(-272.795746784,151.388639189,865.929359393));
#13030=CARTESIAN_POINT('',(-268.448872803192,151.388647141057,873.598384992718));
#13031=CARTESIAN_POINT('',(-268.448872798,151.388647153492,873.598384967));
#13032=CARTESIAN_POINT('',(-268.381704248,151.388642123694,865.968216347));
#13033=CARTESIAN_POINT('Origin',(-249.068907544,144.923472575,885.738990987));
#13034=CARTESIAN_POINT('',(-247.652340974795,153.416740181646,887.150836356756));
#13035=CARTESIAN_POINT('',(-250.51012284374,153.416738284047,887.125677300848));
#13036=CARTESIAN_POINT('Origin',(-249.068913141062,153.416738312118,885.738985338978));
#13037=CARTESIAN_POINT('',(-247.652335377572,144.923474447402,887.150842005096));
#13038=CARTESIAN_POINT('',(-250.510122844119,153.416738283859,887.125677301213));
#13039=CARTESIAN_POINT('Origin',(-373.539938369,159.463210663,884.399595386));
#13040=CARTESIAN_POINT('',(-272.895497251381,153.937331539862,877.260554555858));
#13041=CARTESIAN_POINT('',(-271.030040873327,153.93733277901,877.276976212842));
#13042=CARTESIAN_POINT('',(-272.895497251266,153.937331520159,877.260554542188));
#13043=CARTESIAN_POINT('',(-272.933049963259,156.874854336205,881.526220822468));
#13044=CARTESIAN_POINT('',(-242.999302401062,146.588870785188,866.851952116913));
#13045=CARTESIAN_POINT('',(-271.030040873274,153.937332759867,877.276976198078));
#13046=CARTESIAN_POINT('Origin',(-272.781777342,111.216683455,864.345502737));
#13047=CARTESIAN_POINT('',(-272.981561677759,115.899838010552,887.040023353251));
#13048=CARTESIAN_POINT('',(-272.903128464003,115.899832137282,878.130313571812));
#13049=CARTESIAN_POINT('',(-273.000898732448,119.216724863269,889.236505363431));
#13050=CARTESIAN_POINT('',(-272.981585718546,153.937337190663,887.040000599325));
#13051=CARTESIAN_POINT('',(-272.981585945136,153.937338010305,887.040001524186));
#13052=CARTESIAN_POINT('',(-272.981581211267,146.437337109818,887.040002654498));
#13053=CARTESIAN_POINT('',(-272.981580964541,146.437337307139,887.040001937862));
#13054=CARTESIAN_POINT('',(-272.954647415942,146.437335988993,883.98042247296));
#13055=CARTESIAN_POINT('',(-272.781800762826,146.437335985,864.345502530826));
#13056=CARTESIAN_POINT('',(-272.954653376536,146.290324007662,883.98099715486));
#13057=CARTESIAN_POINT('Ctrl Pts',(-272.954652377624,146.290327890342,883.980997212448));
#13058=CARTESIAN_POINT('Ctrl Pts',(-272.95465239359,146.314785104722,883.980997178551));
#13059=CARTESIAN_POINT('Ctrl Pts',(-272.954651971896,146.339242901665,883.980947424044));
#13060=CARTESIAN_POINT('Ctrl Pts',(-272.954650300667,146.388276112586,883.980753872666));
#13061=CARTESIAN_POINT('Ctrl Pts',(-272.954649051253,146.412806886017,883.980610092875));
#13062=CARTESIAN_POINT('Ctrl Pts',(-272.954647415943,146.437335989126,883.980422472973));
#13063=CARTESIAN_POINT('',(-272.954636633248,122.405219888919,883.9810130977));
#13064=CARTESIAN_POINT('',(-272.954636633254,122.405219888919,883.981013098154));
#13065=CARTESIAN_POINT('',(-272.954633928441,122.299837002044,883.980714361917));
#13066=CARTESIAN_POINT('Ctrl Pts',(-272.954633924441,122.299837002366,883.980714304438));
#13067=CARTESIAN_POINT('Ctrl Pts',(-272.954635781503,122.334739830438,883.980909202167));
#13068=CARTESIAN_POINT('Ctrl Pts',(-272.954636508037,122.370017667691,883.981013122989));
#13069=CARTESIAN_POINT('Ctrl Pts',(-272.954636633217,122.405219888919,883.981013096792));
#13070=CARTESIAN_POINT('',(-272.981565095402,122.299837837998,887.040022085706));
#13071=CARTESIAN_POINT('',(-272.781784712012,122.299838011,864.345502672122));
#13072=CARTESIAN_POINT('',(-272.981560841814,115.899835792914,887.040023010052));
#13073=CARTESIAN_POINT('Origin',(-271.009321109,144.923458914,886.945229919));
#13074=CARTESIAN_POINT('',(-269.59328150326,153.416725608436,888.416937248273));
#13075=CARTESIAN_POINT('',(-269.59327590604,144.923460825722,888.41694289404));
#13076=CARTESIAN_POINT('',(-271.009329294698,153.416724657854,886.945221581807));
#13077=CARTESIAN_POINT('',(-271.009321194684,153.416724652,886.945230001443));
#13078=CARTESIAN_POINT('',(-271.009329209902,144.923458914,886.945221499634));
#13079=CARTESIAN_POINT('Origin',(-269.593275906,144.923460826,888.416942894));
#13080=CARTESIAN_POINT('',(-268.151546713544,153.416726560809,886.970381376451));
#13081=CARTESIAN_POINT('',(-268.151541082517,144.923460826,886.970386988711));
#13082=CARTESIAN_POINT('',(-269.59328153666,153.416726564,888.416937282106));
#13083=CARTESIAN_POINT('Origin',(-269.568113284,144.923458942,885.558536006));
#13084=CARTESIAN_POINT('Origin',(-269.568118881062,153.416724685177,885.558530357978));
#13085=CARTESIAN_POINT('Origin',(-271.723877497,109.246590075,891.88665437));
#13086=CARTESIAN_POINT('',(-271.723884099186,119.216727467083,891.886647787923));
#13087=CARTESIAN_POINT('',(-271.723884037412,119.216727467,891.886647713414));
#13088=CARTESIAN_POINT('',(-271.723905160079,151.216727465903,891.88662646476));
#13089=CARTESIAN_POINT('Origin',(-269.326512177,176.216730523,894.105205511));
#13090=CARTESIAN_POINT('',(-268.586917806417,153.116730526999,893.378549158077));
#13091=CARTESIAN_POINT('',(-268.58693296028,176.216730523,893.378533735305));
#13092=CARTESIAN_POINT('',(-269.326497023395,153.116730527,894.10522093377));
#13093=CARTESIAN_POINT('Origin',(-269.148231749,153.11677256,957.142319756));
#13094=CARTESIAN_POINT('',(-268.541045708789,153.116727091995,888.167672645304));
#13095=CARTESIAN_POINT('',(-268.586917806,153.116730526998,893.378549169));
#13096=CARTESIAN_POINT('',(-250.141759236321,153.11673932488,888.329641988831));
#13097=CARTESIAN_POINT('',(-268.54104634,153.116727091995,888.167672638));
#13098=CARTESIAN_POINT('',(-250.250984009997,153.116747503943,900.737292346941));
#13099=CARTESIAN_POINT('',(-250.141759236275,153.116739324835,888.329641987807));
#13100=CARTESIAN_POINT('',(-250.250984065,153.116747503943,900.737291984));
#13101=CARTESIAN_POINT('Origin',(-250.01903097,164.666747885,901.074844294));
#13102=CARTESIAN_POINT('',(-250.250984070046,153.116747656777,900.737292484508));
#13103=CARTESIAN_POINT('Origin',(-245.029975728,135.216749378,898.375040393));
#13104=CARTESIAN_POINT('',(-245.048453882563,137.3601688,900.473947665995));
#13105=CARTESIAN_POINT('Origin',(-245.073550043221,140.166500108288,903.324592795437));
#13106=CARTESIAN_POINT('Origin',(-244.986401412186,130.266998647288,893.425487991438));
#13107=CARTESIAN_POINT('Origin',(-244.986407937234,140.166493583288,893.425481408437));
#13108=CARTESIAN_POINT('Origin',(-245.073543518173,130.267005172288,903.324599378438));
#13109=CARTESIAN_POINT('Origin',(-252.327746151,159.216752868,910.856774994));
#13110=CARTESIAN_POINT('',(-252.527895370175,118.016752175299,909.46718122972));
#13111=CARTESIAN_POINT('',(-252.527918119857,159.216752868,909.4671845087));
#13112=CARTESIAN_POINT('',(-252.327723396276,118.01675254,910.856771716158));
#13113=CARTESIAN_POINT('Origin',(-252.948836271,118.016783333,957.284946546));
#13114=CARTESIAN_POINT('',(-252.52789538,118.016751811586,909.467181233));
#13115=CARTESIAN_POINT('',(-266.461679068973,118.016737586117,901.883564449028));
#13116=CARTESIAN_POINT('',(-266.297095031,118.016725261533,883.187255602));
#13117=CARTESIAN_POINT('',(-266.461679069,118.016737586118,901.883564449));
#13118=CARTESIAN_POINT('',(-257.793682700073,118.016739384524,896.062607068853));
#13119=CARTESIAN_POINT('',(-261.026720191902,118.016737277897,896.034146780756));
#13120=CARTESIAN_POINT('',(-257.793683952,118.01673942739,896.062607273));
#13121=CARTESIAN_POINT('',(-262.618590802825,118.016734357462,893.220025018038));
#13122=CARTESIAN_POINT('',(-261.026720193,118.016737277893,896.03414678));
#13123=CARTESIAN_POINT('',(-260.977423922071,118.016733586523,890.434363544852));
#13124=CARTESIAN_POINT('',(-262.618590803,118.016734357459,893.220025018));
#13125=CARTESIAN_POINT('',(-257.744388931811,118.016735736015,890.462824241861));
#13126=CARTESIAN_POINT('',(-260.977425174,118.016733586522,890.434363749));
#13127=CARTESIAN_POINT('',(-256.152518483061,118.016738656453,893.276946428452));
#13128=CARTESIAN_POINT('',(-257.744388933,118.016735736019,890.462824241));
#13129=CARTESIAN_POINT('',(-256.152518322,118.016738656453,893.276946003));
#13130=CARTESIAN_POINT('',(-256.223820207061,118.016743995757,901.376632599452));
#13131=CARTESIAN_POINT('',(-257.864984424073,118.016744723802,904.162293239852));
#13132=CARTESIAN_POINT('',(-256.223820046,118.016743995757,901.376632174));
#13133=CARTESIAN_POINT('',(-261.098021916498,118.016742617196,904.133832951458));
#13134=CARTESIAN_POINT('',(-257.864985676,118.016744766693,904.162293444));
#13135=CARTESIAN_POINT('',(-262.689892687882,118.016739696762,901.319711613842));
#13136=CARTESIAN_POINT('',(-261.098021917,118.016742617196,904.133832951));
#13137=CARTESIAN_POINT('',(-261.048725646609,118.016738925826,898.534049714929));
#13138=CARTESIAN_POINT('',(-262.689892527,118.016739696762,901.319711189));
#13139=CARTESIAN_POINT('',(-257.815690656735,118.016741075322,898.562510412048));
#13140=CARTESIAN_POINT('',(-261.048726898,118.016738925826,898.534049919));
#13141=CARTESIAN_POINT('',(-257.815690657,118.016741075323,898.562510412));
#13142=CARTESIAN_POINT('Origin',(-267.143785187,118.61673758,902.553765383));
#13143=CARTESIAN_POINT('',(-266.461679857945,119.216737583389,901.883563648759));
#13144=CARTESIAN_POINT('',(-266.461679462519,118.61673758,901.883564048492));
#13145=CARTESIAN_POINT('',(-267.1437855806,119.216737584,902.553764982409));
#13146=CARTESIAN_POINT('Origin',(-274.169684506,119.21674064,914.119153346));
#13147=CARTESIAN_POINT('',(-271.654600859835,119.216722470746,884.016259551921));
#13148=CARTESIAN_POINT('',(-271.723884096243,119.216727467166,891.886647797135));
#13149=CARTESIAN_POINT('',(-266.297095822,119.216725258323,883.187254804));
#13150=CARTESIAN_POINT('',(-271.087610004721,119.216722662894,884.0316308539));
#13151=CARTESIAN_POINT('',(-271.087610004,119.216722662885,884.031630851));
#13152=CARTESIAN_POINT('',(-273.230486598121,119.216722663,883.973536783487));
#13153=CARTESIAN_POINT('',(-268.893260444224,119.216728204234,890.064331384159));
#13154=CARTESIAN_POINT('',(-270.322150441496,119.216727768191,890.051752828745));
#13155=CARTESIAN_POINT('Origin',(-269.601546527,119.216727304243,889.358405872));
#13156=CARTESIAN_POINT('',(-269.614127134777,119.216728124,890.787610070399));
#13157=CARTESIAN_POINT('',(-269.614127935894,119.216728121,890.787609422343));
#13158=CARTESIAN_POINT('',(-270.322134216211,119.216728127,890.051769697671));
#13159=CARTESIAN_POINT('Origin',(-249.102324311,94.216740818,889.538877478));
#13160=CARTESIAN_POINT('',(-249.822943250166,117.016740800571,890.232209272236));
#13161=CARTESIAN_POINT('',(-249.822928224049,94.2167408041978,890.232224433354));
#13162=CARTESIAN_POINT('',(-248.394053255486,117.016741752622,890.244787826532));
#13163=CARTESIAN_POINT('Origin',(-249.1023393362,117.016740816899,889.538862316));
#13164=CARTESIAN_POINT('',(-248.394038229862,94.216741754201,890.244802989131));
#13165=CARTESIAN_POINT('Origin',(-252.948837062,119.216783333,957.284945748));
#13166=CARTESIAN_POINT('Origin',(-270.087286277,134.48704431,896.75445306));
#13167=CARTESIAN_POINT('',(-271.087610005499,119.216722663,884.031630851118));
#13168=CARTESIAN_POINT('Origin',(-250.748944646,153.116784796,957.304289105));
#13169=CARTESIAN_POINT('',(-250.141759236299,153.116743416444,888.329641990223));
#13170=CARTESIAN_POINT('Origin',(-235.942297607,135.216748771,888.454651975));
#13171=CARTESIAN_POINT('',(-268.541045180839,135.216748771,888.167684448239));
#13172=CARTESIAN_POINT('Origin',(-269.148230497,151.21677256,957.14232102));
#13173=CARTESIAN_POINT('Origin',(-271.646881967,109.24658431,883.140167085));
#13174=CARTESIAN_POINT('',(-271.654621953064,151.216724872922,884.016238268468));
#13175=CARTESIAN_POINT('Origin',(-259.681590901,114.716738675,896.803094851));
#13176=CARTESIAN_POINT('',(-262.618588628325,114.716734356778,893.220027211245));
#13177=CARTESIAN_POINT('',(-260.977422997666,114.716733585846,890.434365942351));
#13178=CARTESIAN_POINT('',(-262.618588628,114.716734356779,893.220027213));
#13179=CARTESIAN_POINT('',(-261.026718019384,114.716737277211,896.034148974162));
#13180=CARTESIAN_POINT('',(-261.026718018,114.716737277212,896.034148975));
#13181=CARTESIAN_POINT('',(-257.793681776075,114.716739426705,896.062609466221));
#13182=CARTESIAN_POINT('',(-257.793681776,114.716739426709,896.062609467));
#13183=CARTESIAN_POINT('',(-256.152516147702,114.716738655773,893.276948197112));
#13184=CARTESIAN_POINT('',(-256.152516147,114.716738655773,893.276948198));
#13185=CARTESIAN_POINT('',(-257.744386758916,114.716735735344,890.462826435136));
#13186=CARTESIAN_POINT('',(-257.744386757,114.716735735339,890.462826436));
#13187=CARTESIAN_POINT('',(-260.977422998,114.716733585842,890.434365943));
#13188=CARTESIAN_POINT('Origin',(-259.681590901,114.716738675,896.803094851));
#13189=CARTESIAN_POINT('',(-261.098020989544,114.716742616515,904.133834919099));
#13190=CARTESIAN_POINT('',(-262.689890352388,114.716739696082,901.319713382084));
#13191=CARTESIAN_POINT('',(-261.098019742,114.716742616516,904.133835145));
#13192=CARTESIAN_POINT('',(-257.864983500075,114.716744766009,904.162295637221));
#13193=CARTESIAN_POINT('',(-257.8649835,114.716744766013,904.162295638));
#13194=CARTESIAN_POINT('',(-256.223817871702,114.716743995076,901.376634368112));
#13195=CARTESIAN_POINT('',(-256.223817871,114.716743995076,901.376634369));
#13196=CARTESIAN_POINT('',(-257.815688483299,114.716741074643,898.562512605396));
#13197=CARTESIAN_POINT('',(-257.815688482,114.716741074643,898.562512606));
#13198=CARTESIAN_POINT('',(-261.048724722356,114.716738925166,898.53405211321));
#13199=CARTESIAN_POINT('',(-261.048724723,114.716738925145,898.534052114));
#13200=CARTESIAN_POINT('',(-262.689890352,114.716739696082,901.319713383));
#13201=CARTESIAN_POINT('Origin',(-269.626713301,125.509994807,892.216808575));
#13202=CARTESIAN_POINT('',(-269.626707704086,117.016729063918,892.216814220446));
#13203=CARTESIAN_POINT('',(-269.626713215316,117.016729069,892.216808492557));
#13204=CARTESIAN_POINT('',(-269.626713301152,125.509994807222,892.216808574842));
#13205=CARTESIAN_POINT('Origin',(-268.184978512,125.509994796,890.770252704));
#13206=CARTESIAN_POINT('',(-268.18497288134,117.016729058,890.770258315894));
#13207=CARTESIAN_POINT('Origin',(-274.169683056,117.01674064,914.119154809));
#13208=CARTESIAN_POINT('',(-249.114920651556,117.016741755614,890.968065761381));
#13209=CARTESIAN_POINT('',(-249.822943252,117.016740799683,890.232209274));
#13210=CARTESIAN_POINT('',(-249.114920651,117.016741755614,890.96806576));
#13211=CARTESIAN_POINT('Origin',(-268.567159638,118.774110719,874.870402353));
#13212=CARTESIAN_POINT('',(-271.362967190034,115.899824951723,865.943935473694));
#13213=CARTESIAN_POINT('',(-271.36296728916,115.89982485416,865.943935472981));
#13214=CARTESIAN_POINT('Ctrl Pts',(-267.781706458558,119.481212103704,865.973518537264));
#13215=CARTESIAN_POINT('Ctrl Pts',(-268.975457903382,118.287415478468,865.963312115187));
#13216=CARTESIAN_POINT('Ctrl Pts',(-270.169209861435,117.09362065539,865.953368702981));
#13217=CARTESIAN_POINT('Ctrl Pts',(-271.36296719062,115.899824952702,865.943935473724));
#13218=CARTESIAN_POINT('Ctrl Pts',(-271.993974610341,121.18876549637,859.160334250069));
#13219=CARTESIAN_POINT('Ctrl Pts',(-271.993979991704,121.157613083838,859.160358275903));
#13220=CARTESIAN_POINT('Ctrl Pts',(-271.993982507745,121.125940787717,859.160637497187));
#13221=CARTESIAN_POINT('Ctrl Pts',(-271.993982057956,121.093882548984,859.161251718825));
#13222=CARTESIAN_POINT('Ctrl Pts',(-271.994006820767,120.962109935801,859.164088347628));
#13223=CARTESIAN_POINT('Ctrl Pts',(-271.994076942962,120.830346416986,859.172064034846));
#13224=CARTESIAN_POINT('Ctrl Pts',(-271.994192278966,120.699110709988,859.185161754858));
#13225=CARTESIAN_POINT('Ctrl Pts',(-271.994311082228,120.567913168061,859.198789604666));
#13226=CARTESIAN_POINT('Ctrl Pts',(-271.994474312969,120.437260988989,859.217535053872));
#13227=CARTESIAN_POINT('Ctrl Pts',(-271.994683547971,120.30751615399,859.241400125878));
#13228=CARTESIAN_POINT('Ctrl Pts',(-271.994899119108,120.177769278762,859.265816124313));
#13229=CARTESIAN_POINT('Ctrl Pts',(-271.995160884973,120.04894054899,859.295367709885));
#13230=CARTESIAN_POINT('Ctrl Pts',(-271.995467321973,119.92139572599,859.330061983889));
#13231=CARTESIAN_POINT('Ctrl Pts',(-271.995774134249,119.793770538124,859.365370098653));
#13232=CARTESIAN_POINT('Ctrl Pts',(-271.996121425976,119.667387696991,859.4058949799));
#13233=CARTESIAN_POINT('Ctrl Pts',(-271.996512265979,119.542738320992,859.451612428911));
#13234=CARTESIAN_POINT('Ctrl Pts',(-271.996909261211,119.418110928875,859.497956980271));
#13235=CARTESIAN_POINT('Ctrl Pts',(-271.997355103988,119.295215439995,859.549526514946));
#13236=CARTESIAN_POINT('Ctrl Pts',(-271.997851187992,119.174550406997,859.606303537962));
#13237=CARTESIAN_POINT('Ctrl Pts',(-271.998358474665,119.053917846402,859.663764642439));
#13238=CARTESIAN_POINT('Ctrl Pts',(-271.998917082998,118.935532864999,859.726477495989));
#13239=CARTESIAN_POINT('Ctrl Pts',(-271.999525842,118.819905264,859.794429309));
#13240=CARTESIAN_POINT('Ctrl Pts',(-272.000642802616,118.608604933721,859.919904033703));
#13241=CARTESIAN_POINT('Ctrl Pts',(-272.001854488,118.400852844,860.056308225));
#13242=CARTESIAN_POINT('Ctrl Pts',(-272.003159929,118.197478391,860.204057484));
#13243=CARTESIAN_POINT('Ctrl Pts',(-272.00447035279,117.993883514859,860.352906026549));
#13244=CARTESIAN_POINT('Ctrl Pts',(-272.005885218,117.794552144,860.513652624));
#13245=CARTESIAN_POINT('Ctrl Pts',(-272.007403073,117.601340012,860.686204417));
#13246=CARTESIAN_POINT('Ctrl Pts',(-272.008927489782,117.408420427581,860.859613275008));
#13247=CARTESIAN_POINT('Ctrl Pts',(-272.01055579,117.221659726,861.04489066));
#13248=CARTESIAN_POINT('Ctrl Pts',(-272.012287752,117.042937898,861.241937001));
#13249=CARTESIAN_POINT('Ctrl Pts',(-272.014028742393,116.864604930099,861.439918131414));
#13250=CARTESIAN_POINT('Ctrl Pts',(-272.015875139,116.69439957,861.649708913));
#13251=CARTESIAN_POINT('Ctrl Pts',(-272.017826245,116.534225478,861.871193009));
#13252=CARTESIAN_POINT('Ctrl Pts',(-272.019787367316,116.374607330749,862.093639961644));
#13253=CARTESIAN_POINT('Ctrl Pts',(-272.021851895,116.22515362,862.327776584));
#13254=CARTESIAN_POINT('Ctrl Pts',(-272.024016418,116.087786934,862.573458604));
#13255=CARTESIAN_POINT('Ctrl Pts',(-272.026194477034,115.951111658976,862.820202700172));
#13256=CARTESIAN_POINT('Ctrl Pts',(-272.02846735,115.827710345,863.076891282));
#13257=CARTESIAN_POINT('Ctrl Pts',(-272.030817426,115.719153933,863.342188572));
#13258=CARTESIAN_POINT('Ctrl Pts',(-272.033170784519,115.611607912207,863.608163876292));
#13259=CARTESIAN_POINT('Ctrl Pts',(-272.035594772,115.518980413,863.882748894));
#13260=CARTESIAN_POINT('Ctrl Pts',(-272.038076409,115.442858311,864.164586991));
#13261=CARTESIAN_POINT('Ctrl Pts',(-272.040557708725,115.36787599754,864.447066513938));
#13262=CARTESIAN_POINT('Ctrl Pts',(-272.04309773,115.309497479,864.736748443));
#13263=CARTESIAN_POINT('Ctrl Pts',(-272.04568638,115.269316862,865.032245702));
#13264=CARTESIAN_POINT('Ctrl Pts',(-272.048279648745,115.230427028288,865.328257577067));
#13265=CARTESIAN_POINT('Ctrl Pts',(-272.050926071,115.209836034,865.629966457));
#13266=CARTESIAN_POINT('Ctrl Pts',(-272.053615952,115.209131676,865.935953399));
#13267=CARTESIAN_POINT('Ctrl Pts',(-272.05362256848,115.209131765123,865.936704925916));
#13268=CARTESIAN_POINT('Ctrl Pts',(-272.053629220184,115.209131761887,865.937460579775));
#13269=CARTESIAN_POINT('Ctrl Pts',(-272.05363557721,115.209131763123,865.938182751748));
#13270=CARTESIAN_POINT('Ctrl Pts',(-270.81470183656,121.793738432937,860.193667526187));
#13271=CARTESIAN_POINT('Ctrl Pts',(-270.814707217923,121.762586020404,860.19369155202));
#13272=CARTESIAN_POINT('Ctrl Pts',(-270.814709733964,121.730913724284,860.193970773303));
#13273=CARTESIAN_POINT('Ctrl Pts',(-270.814709284174,121.69885548555,860.194584994937));
#13274=CARTESIAN_POINT('Ctrl Pts',(-270.814734046983,121.567082872367,860.197421623737));
#13275=CARTESIAN_POINT('Ctrl Pts',(-270.814804169177,121.435319353551,860.205397310951));
#13276=CARTESIAN_POINT('Ctrl Pts',(-270.814919505179,121.304083646552,860.218495030957));
#13277=CARTESIAN_POINT('Ctrl Pts',(-270.815038308441,121.172886104626,860.232122880761));
#13278=CARTESIAN_POINT('Ctrl Pts',(-270.815201539181,121.042233925553,860.250868329963));
#13279=CARTESIAN_POINT('Ctrl Pts',(-270.815410774181,120.912489090553,860.274733401965));
#13280=CARTESIAN_POINT('Ctrl Pts',(-270.815626345317,120.782742215325,860.299149400396));
#13281=CARTESIAN_POINT('Ctrl Pts',(-270.815888111181,120.653913485553,860.328700985965));
#13282=CARTESIAN_POINT('Ctrl Pts',(-270.816194548181,120.526368662553,860.363395259967));
#13283=CARTESIAN_POINT('Ctrl Pts',(-270.816501360457,120.398743474686,860.398703374729));
#13284=CARTESIAN_POINT('Ctrl Pts',(-270.816848652182,120.272360633553,860.439228255972));
#13285=CARTESIAN_POINT('Ctrl Pts',(-270.817239492184,120.147711257554,860.48494570498));
#13286=CARTESIAN_POINT('Ctrl Pts',(-270.817636487415,120.023083865437,860.531290256335));
#13287=CARTESIAN_POINT('Ctrl Pts',(-270.81808233019,119.900188376556,860.582859791005));
#13288=CARTESIAN_POINT('Ctrl Pts',(-270.818578414193,119.779523343557,860.639636814016));
#13289=CARTESIAN_POINT('Ctrl Pts',(-270.819085700866,119.658890782962,860.697097918489));
#13290=CARTESIAN_POINT('Ctrl Pts',(-270.819644309197,119.540505801559,860.759810772036));
#13291=CARTESIAN_POINT('Ctrl Pts',(-270.820253068199,119.42487820056,860.827762585044));
#13292=CARTESIAN_POINT('Ctrl Pts',(-270.821203473659,119.245494145435,860.934314847336));
#13293=CARTESIAN_POINT('Ctrl Pts',(-270.822232064207,119.069409258147,861.049916582926));
#13294=CARTESIAN_POINT('Ctrl Pts',(-270.823336607211,118.897351471451,861.174840894433));
#13295=CARTESIAN_POINT('Ctrl Pts',(-270.824445927148,118.725112290561,861.300841383408));
#13296=CARTESIAN_POINT('Ctrl Pts',(-270.825640544221,118.556880962064,861.436565288497));
#13297=CARTESIAN_POINT('Ctrl Pts',(-270.826918418226,118.394120088387,861.581853938102));
#13298=CARTESIAN_POINT('Ctrl Pts',(-270.828202729396,118.231665643345,861.727986036064));
#13299=CARTESIAN_POINT('Ctrl Pts',(-270.829571224237,118.074712665048,861.883748321364));
#13300=CARTESIAN_POINT('Ctrl Pts',(-270.831023136243,117.92474621641,862.048979081071));
#13301=CARTESIAN_POINT('Ctrl Pts',(-270.832484051303,117.775167496344,862.215140819776));
#13302=CARTESIAN_POINT('Ctrl Pts',(-270.834030214256,117.632653470156,862.390822244535));
#13303=CARTESIAN_POINT('Ctrl Pts',(-270.835660413263,117.498713033573,862.575849548345));
#13304=CARTESIAN_POINT('Ctrl Pts',(-270.837300789187,117.365312939165,862.761859420549));
#13305=CARTESIAN_POINT('Ctrl Pts',(-270.839024070278,117.24061191144,862.957231468016));
#13306=CARTESIAN_POINT('Ctrl Pts',(-270.840826397286,117.126140814932,863.16176840493));
#13307=CARTESIAN_POINT('Ctrl Pts',(-270.842640599574,117.012464148619,863.367178038982));
#13308=CARTESIAN_POINT('Ctrl Pts',(-270.844531129303,116.909925050957,863.580431770813));
#13309=CARTESIAN_POINT('Ctrl Pts',(-270.846483113311,116.81972295955,863.800504742818));
#13310=CARTESIAN_POINT('Ctrl Pts',(-270.848438722882,116.730516680506,864.021295000768));
#13311=CARTESIAN_POINT('Ctrl Pts',(-270.850448987329,116.65374167179,864.248881220866));
#13312=CARTESIAN_POINT('Ctrl Pts',(-270.852503637339,116.590607040501,864.482214474943));
#13313=CARTESIAN_POINT('Ctrl Pts',(-270.854557949412,116.528618962401,864.716188722494));
#13314=CARTESIAN_POINT('Ctrl Pts',(-270.856657485358,116.480376463988,864.955831288133));
#13315=CARTESIAN_POINT('Ctrl Pts',(-270.858794853368,116.447088630834,865.200062559272));
#13316=CARTESIAN_POINT('Ctrl Pts',(-270.860936477743,116.415097973956,865.444767610257));
#13317=CARTESIAN_POINT('Ctrl Pts',(-270.863120225388,116.3981551086,865.693918412579));
#13318=CARTESIAN_POINT('Ctrl Pts',(-270.865339145399,116.3974560396,865.946406548768));
#13319=CARTESIAN_POINT('Ctrl Pts',(-270.865344468666,116.397456128723,865.947011091691));
#13320=CARTESIAN_POINT('Ctrl Pts',(-270.86534982585,116.397456125487,865.947619746174));
#13321=CARTESIAN_POINT('Ctrl Pts',(-270.86535494663,116.397456125604,865.948201404493));
#13322=CARTESIAN_POINT('Ctrl Pts',(-269.635429064479,122.398711368665,861.227000800732));
#13323=CARTESIAN_POINT('Ctrl Pts',(-269.635434445841,122.367558956132,861.227024826562));
#13324=CARTESIAN_POINT('Ctrl Pts',(-269.635436961882,122.335886660011,861.227304047845));
#13325=CARTESIAN_POINT('Ctrl Pts',(-269.63543651209,122.303828421277,861.227918269476));
#13326=CARTESIAN_POINT('Ctrl Pts',(-269.635461274899,122.172055808093,861.230754898273));
#13327=CARTESIAN_POINT('Ctrl Pts',(-269.635531397092,122.040292289278,861.238730585482));
#13328=CARTESIAN_POINT('Ctrl Pts',(-269.635646733092,121.909056582278,861.251828305485));
#13329=CARTESIAN_POINT('Ctrl Pts',(-269.635765536354,121.777859040351,861.265456155288));
#13330=CARTESIAN_POINT('Ctrl Pts',(-269.635928767093,121.647206861278,861.284201604486));
#13331=CARTESIAN_POINT('Ctrl Pts',(-269.636138002093,121.517462026278,861.308066676487));
#13332=CARTESIAN_POINT('Ctrl Pts',(-269.636353573228,121.38771515105,861.332482674919));
#13333=CARTESIAN_POINT('Ctrl Pts',(-269.636615339092,121.258886421277,861.362034260487));
#13334=CARTESIAN_POINT('Ctrl Pts',(-269.636921776092,121.131341598277,861.396728534487));
#13335=CARTESIAN_POINT('Ctrl Pts',(-269.637228588368,121.003716410411,861.43203664925));
#13336=CARTESIAN_POINT('Ctrl Pts',(-269.637575880093,120.877333569277,861.47256153049));
#13337=CARTESIAN_POINT('Ctrl Pts',(-269.637966720094,120.752684193278,861.518278979494));
#13338=CARTESIAN_POINT('Ctrl Pts',(-269.638363715323,120.628056801161,861.564623530845));
#13339=CARTESIAN_POINT('Ctrl Pts',(-269.638809558096,120.505161312279,861.616193065506));
#13340=CARTESIAN_POINT('Ctrl Pts',(-269.639305642097,120.384496279279,861.67297008851));
#13341=CARTESIAN_POINT('Ctrl Pts',(-269.639812928768,120.263863718683,861.730431192977));
#13342=CARTESIAN_POINT('Ctrl Pts',(-269.640371537099,120.14547873728,861.793144046518));
#13343=CARTESIAN_POINT('Ctrl Pts',(-269.640980296099,120.02985113628,861.861095859522));
#13344=CARTESIAN_POINT('Ctrl Pts',(-269.641764146397,119.882383356374,861.948725659772));
#13345=CARTESIAN_POINT('Ctrl Pts',(-269.642609641103,119.737965671574,862.043524939963));
#13346=CARTESIAN_POINT('Ctrl Pts',(-269.643513286106,119.597224551226,862.145624304217));
#13347=CARTESIAN_POINT('Ctrl Pts',(-269.644421502183,119.45634106463,862.248776738857));
#13348=CARTESIAN_POINT('Ctrl Pts',(-269.64539587211,119.319209780532,862.359477952748));
#13349=CARTESIAN_POINT('Ctrl Pts',(-269.646433764113,119.186900163194,862.477503459051));
#13350=CARTESIAN_POINT('Ctrl Pts',(-269.647477969662,119.054910857543,862.596358797057));
#13351=CARTESIAN_POINT('Ctrl Pts',(-269.648586658119,118.927765603524,862.722605980682));
#13352=CARTESIAN_POINT('Ctrl Pts',(-269.649758521122,118.806554533205,862.856021161035));
#13353=CARTESIAN_POINT('Ctrl Pts',(-269.650939360839,118.685730061932,862.990363507973));
#13354=CARTESIAN_POINT('Ctrl Pts',(-269.652185290128,118.570907370578,863.131935575768));
#13355=CARTESIAN_POINT('Ctrl Pts',(-269.653494583132,118.463200589286,863.280506087173));
#13356=CARTESIAN_POINT('Ctrl Pts',(-269.654814211652,118.356018545595,863.430078879721));
#13357=CARTESIAN_POINT('Ctrl Pts',(-269.656196248139,118.25607020372,863.586686351008));
#13358=CARTESIAN_POINT('Ctrl Pts',(-269.657636378143,118.164494695466,863.750078205465));
#13359=CARTESIAN_POINT('Ctrl Pts',(-269.659086722672,118.07381663763,863.91415337702));
#13360=CARTESIAN_POINT('Ctrl Pts',(-269.660594909151,117.992139755979,864.083972259407));
#13361=CARTESIAN_POINT('Ctrl Pts',(-269.662148801156,117.920291984775,864.258820911909));
#13362=CARTESIAN_POINT('Ctrl Pts',(-269.663706661765,117.849425447092,864.434426125011));
#13363=CARTESIAN_POINT('Ctrl Pts',(-269.665303203165,117.788502930395,864.615013546933));
#13364=CARTESIAN_POINT('Ctrl Pts',(-269.666930867169,117.738355769251,864.799841959472));
#13365=CARTESIAN_POINT('Ctrl Pts',(-269.668558192577,117.689361926943,864.985310931018));
#13366=CARTESIAN_POINT('Ctrl Pts',(-269.670217240179,117.651255446994,865.174914131567));
#13367=CARTESIAN_POINT('Ctrl Pts',(-269.671903327184,117.624860397917,865.367879416136));
#13368=CARTESIAN_POINT('Ctrl Pts',(-269.673593307173,117.599768918102,865.561277643329));
#13369=CARTESIAN_POINT('Ctrl Pts',(-269.675314381194,117.5864741828,865.75787036729));
#13370=CARTESIAN_POINT('Ctrl Pts',(-269.677062340199,117.5857804038,865.956859699884));
#13371=CARTESIAN_POINT('Ctrl Pts',(-269.677066369167,117.585780490851,865.957317257824));
#13372=CARTESIAN_POINT('Ctrl Pts',(-269.677070432996,117.585780487689,865.957778911836));
#13373=CARTESIAN_POINT('Ctrl Pts',(-269.677074316329,117.585780488923,865.958220057694));
#13374=CARTESIAN_POINT('Ctrl Pts',(-268.45613290239,123.003696303388,862.260354570261));
#13375=CARTESIAN_POINT('Ctrl Pts',(-268.456138283751,122.972543890855,862.260378596089));
#13376=CARTESIAN_POINT('Ctrl Pts',(-268.456140799793,122.940871594735,862.260657817373));
#13377=CARTESIAN_POINT('Ctrl Pts',(-268.45614035,122.908813356,862.261272039));
#13378=CARTESIAN_POINT('Ctrl Pts',(-268.456165112808,122.777040742816,862.264108667795));
#13379=CARTESIAN_POINT('Ctrl Pts',(-268.456235235,122.645277224,862.272084355));
#13380=CARTESIAN_POINT('Ctrl Pts',(-268.456350571,122.514041517,862.285182075));
#13381=CARTESIAN_POINT('Ctrl Pts',(-268.456469374261,122.382843975073,862.298809924803));
#13382=CARTESIAN_POINT('Ctrl Pts',(-268.456632605,122.252191796,862.317555374));
#13383=CARTESIAN_POINT('Ctrl Pts',(-268.45684184,122.122446961,862.341420446));
#13384=CARTESIAN_POINT('Ctrl Pts',(-268.457057411136,121.992700085773,862.365836444433));
#13385=CARTESIAN_POINT('Ctrl Pts',(-268.457319177,121.863871356,862.39538803));
#13386=CARTESIAN_POINT('Ctrl Pts',(-268.457625614,121.736326533,862.430082304));
#13387=CARTESIAN_POINT('Ctrl Pts',(-268.457932426276,121.608701345134,862.465390418763));
#13388=CARTESIAN_POINT('Ctrl Pts',(-268.458279718,121.482318504,862.5059153));
#13389=CARTESIAN_POINT('Ctrl Pts',(-268.458670558,121.357669128,862.551632749));
#13390=CARTESIAN_POINT('Ctrl Pts',(-268.459067553228,121.233041735883,862.597977300346));
#13391=CARTESIAN_POINT('Ctrl Pts',(-268.459513396,121.110146247,862.649546835));
#13392=CARTESIAN_POINT('Ctrl Pts',(-268.46000948,120.989481214,862.706323858));
#13393=CARTESIAN_POINT('Ctrl Pts',(-268.46051676667,120.868848653404,862.763784962463));
#13394=CARTESIAN_POINT('Ctrl Pts',(-268.461075375,120.750463672,862.826497816));
#13395=CARTESIAN_POINT('Ctrl Pts',(-268.461684134,120.634836071,862.894449629));
#13396=CARTESIAN_POINT('Ctrl Pts',(-268.462301426136,120.519285199227,862.963156591265));
#13397=CARTESIAN_POINT('Ctrl Pts',(-268.462963823,120.406535344,863.037153004));
#13398=CARTESIAN_POINT('Ctrl Pts',(-268.463666566,120.297111513,863.116426967));
#13399=CARTESIAN_POINT('Ctrl Pts',(-268.464373673218,120.187584341617,863.196730895371));
#13400=CARTESIAN_POINT('Ctrl Pts',(-268.46512779,120.081553718,863.282408922));
#13401=CARTESIAN_POINT('Ctrl Pts',(-268.465925697,119.979695962,863.373170744));
#13402=CARTESIAN_POINT('Ctrl Pts',(-268.466729792929,119.878172400666,863.464748781126));
#13403=CARTESIAN_POINT('Ctrl Pts',(-268.46757867,119.780835461,863.561480279));
#13404=CARTESIAN_POINT('Ctrl Pts',(-268.468470478,119.68838034,863.663079247));
#13405=CARTESIAN_POINT('Ctrl Pts',(-268.469371236375,119.596310686452,863.765601571254));
#13406=CARTESIAN_POINT('Ctrl Pts',(-268.470316926,119.509179879,863.873063606));
#13407=CARTESIAN_POINT('Ctrl Pts',(-268.471305306,119.427707274,863.985176601));
#13408=CARTESIAN_POINT('Ctrl Pts',(-268.472304182119,119.346743801966,864.098311590987));
#13409=CARTESIAN_POINT('Ctrl Pts',(-268.473344965,119.271548635,864.216153719));
#13410=CARTESIAN_POINT('Ctrl Pts',(-268.474422891,119.20286917,864.338399673));
#13411=CARTESIAN_POINT('Ctrl Pts',(-268.475509371772,119.135190176593,864.461139563159));
#13412=CARTESIAN_POINT('Ctrl Pts',(-268.476635208,119.074375925,864.587522735));
#13413=CARTESIAN_POINT('Ctrl Pts',(-268.477790999,119.020882838,864.717146172));
#13414=CARTESIAN_POINT('Ctrl Pts',(-268.478951103648,118.968356404642,864.847565444362));
#13415=CARTESIAN_POINT('Ctrl Pts',(-268.480133914,118.923286694,864.981153134));
#13416=CARTESIAN_POINT('Ctrl Pts',(-268.481334583,118.886127262,865.117475742));
#13417=CARTESIAN_POINT('Ctrl Pts',(-268.482534911743,118.850127912462,865.254438477656));
#13418=CARTESIAN_POINT('Ctrl Pts',(-268.483753465,118.822157654,865.394001321));
#13419=CARTESIAN_POINT('Ctrl Pts',(-268.484988262,118.802655525,865.535699601));
#13420=CARTESIAN_POINT('Ctrl Pts',(-268.486226587604,118.784463359241,865.677789987518));
#13421=CARTESIAN_POINT('Ctrl Pts',(-268.487484979,118.774816825,865.821823591));
#13422=CARTESIAN_POINT('Ctrl Pts',(-268.488761968,118.774128335,865.967313057));
#13423=CARTESIAN_POINT('Ctrl Pts',(-268.488764701632,118.774128422001,865.967623627933));
#13424=CARTESIAN_POINT('Ctrl Pts',(-268.488767472144,118.774128419967,865.967938280423));
#13425=CARTESIAN_POINT('Ctrl Pts',(-268.488770118028,118.77412842,865.968238908307));
#13426=CARTESIAN_POINT('Ctrl Pts',(-268.222237109417,123.003707850052,862.498404866554));
#13427=CARTESIAN_POINT('Ctrl Pts',(-268.222242472981,122.972750555119,862.498428065366));
#13428=CARTESIAN_POINT('Ctrl Pts',(-268.222245010716,122.943753448423,862.498695621945));
#13429=CARTESIAN_POINT('Ctrl Pts',(-268.22224416516,122.913419789647,862.499277425271));
#13430=CARTESIAN_POINT('Ctrl Pts',(-268.222267825267,122.788090510655,862.501988274925));
#13431=CARTESIAN_POINT('Ctrl Pts',(-268.222334525243,122.662761221439,862.509574719727));
#13432=CARTESIAN_POINT('Ctrl Pts',(-268.222444106992,122.537949756038,862.522018241976));
#13433=CARTESIAN_POINT('Ctrl Pts',(-268.22255716218,122.413169932207,862.534992747153));
#13434=CARTESIAN_POINT('Ctrl Pts',(-268.222712325983,122.288936056697,862.552821322016));
#13435=CARTESIAN_POINT('Ctrl Pts',(-268.222911048561,122.16561403074,862.575491612949));
#13436=CARTESIAN_POINT('Ctrl Pts',(-268.223116102142,122.042289977168,862.598712446511));
#13437=CARTESIAN_POINT('Ctrl Pts',(-268.223364919066,121.919879662064,862.626792568798));
#13438=CARTESIAN_POINT('Ctrl Pts',(-268.223655862233,121.798752632657,862.659726257016));
#13439=CARTESIAN_POINT('Ctrl Pts',(-268.223947270342,121.67751384805,862.693283779875));
#13440=CARTESIAN_POINT('Ctrl Pts',(-268.224276595978,121.557551238389,862.731766855777));
#13441=CARTESIAN_POINT('Ctrl Pts',(-268.224646631375,121.439333662199,862.775120411531));
#13442=CARTESIAN_POINT('Ctrl Pts',(-268.22502277428,121.32115106106,862.819095988553));
#13443=CARTESIAN_POINT('Ctrl Pts',(-268.225444930986,121.204704257279,862.867974686315));
#13444=CARTESIAN_POINT('Ctrl Pts',(-268.225914238896,121.090468865745,862.921709682313));
#13445=CARTESIAN_POINT('Ctrl Pts',(-268.226394732584,120.976266486864,862.976126617442));
#13446=CARTESIAN_POINT('Ctrl Pts',(-268.226923492358,120.864283875634,863.035447900221));
#13447=CARTESIAN_POINT('Ctrl Pts',(-268.227499103344,120.755007544954,863.099633461388));
#13448=CARTESIAN_POINT('Ctrl Pts',(-268.228083305451,120.645795026634,863.164581092434));
#13449=CARTESIAN_POINT('Ctrl Pts',(-268.228709384937,120.539323558376,863.23445187179));
#13450=CARTESIAN_POINT('Ctrl Pts',(-268.229372369741,120.436095202432,863.309209154656));
#13451=CARTESIAN_POINT('Ctrl Pts',(-268.230039628439,120.332782764476,863.384985201794));
#13452=CARTESIAN_POINT('Ctrl Pts',(-268.230750058985,120.23292248216,863.465699498523));
#13453=CARTESIAN_POINT('Ctrl Pts',(-268.231500317217,120.137111964165,863.551048256515));
#13454=CARTESIAN_POINT('Ctrl Pts',(-268.232256695935,120.041643134176,863.637206042084));
#13455=CARTESIAN_POINT('Ctrl Pts',(-268.233053909245,119.950233795335,863.728068684496));
#13456=CARTESIAN_POINT('Ctrl Pts',(-268.233890010723,119.86349913131,863.823338754483));
#13457=CARTESIAN_POINT('Ctrl Pts',(-268.234735049044,119.777149740458,863.919529727299));
#13458=CARTESIAN_POINT('Ctrl Pts',(-268.235621022308,119.695526206434,864.020206179629));
#13459=CARTESIAN_POINT('Ctrl Pts',(-268.236545607999,119.619267504063,864.125070951817));
#13460=CARTESIAN_POINT('Ctrl Pts',(-268.237480777145,119.543509020479,864.230969040375));
#13461=CARTESIAN_POINT('Ctrl Pts',(-268.23845387725,119.473220338645,864.341124289919));
#13462=CARTESIAN_POINT('Ctrl Pts',(-268.239460122373,119.40906977806,864.455228669529));
#13463=CARTESIAN_POINT('Ctrl Pts',(-268.240473945202,119.345981935982,864.569712747566));
#13464=CARTESIAN_POINT('Ctrl Pts',(-268.24152366774,119.289318947232,864.687446973403));
#13465=CARTESIAN_POINT('Ctrl Pts',(-268.242600385832,119.239468283531,864.808087170588));
#13466=CARTESIAN_POINT('Ctrl Pts',(-268.243681620296,119.190575025567,864.929548191757));
#13467=CARTESIAN_POINT('Ctrl Pts',(-268.244782494124,119.148642116754,865.0538298404));
#13468=CARTESIAN_POINT('Ctrl Pts',(-268.245898661317,119.114051243357,865.180554171379));
#13469=CARTESIAN_POINT('Ctrl Pts',(-268.24701450923,119.080624739695,865.307919259765));
#13470=CARTESIAN_POINT('Ctrl Pts',(-268.248145862795,119.054663865708,865.437574075494));
#13471=CARTESIAN_POINT('Ctrl Pts',(-268.249291207611,119.036531265629,865.569108492995));
#13472=CARTESIAN_POINT('Ctrl Pts',(-268.250439829023,119.019713010282,865.701008376162));
#13473=CARTESIAN_POINT('Ctrl Pts',(-268.251606089055,119.010795692565,865.834578717771));
#13474=CARTESIAN_POINT('Ctrl Pts',(-268.252789043892,119.01011070437,865.969388883276));
#13475=CARTESIAN_POINT('Ctrl Pts',(-268.252791521643,119.010110790383,865.969670272391));
#13476=CARTESIAN_POINT('Ctrl Pts',(-268.252794034436,119.010110787258,865.96995573237));
#13477=CARTESIAN_POINT('Ctrl Pts',(-268.252796435154,119.010110787372,865.970228457123));
#13478=CARTESIAN_POINT('Ctrl Pts',(-267.988341313808,123.003719396117,862.736455165389));
#13479=CARTESIAN_POINT('Ctrl Pts',(-267.988346659555,122.97295721849,862.736477535955));
#13480=CARTESIAN_POINT('Ctrl Pts',(-267.988349219998,122.946635311783,862.736733427474));
#13481=CARTESIAN_POINT('Ctrl Pts',(-267.98834797961,122.918026223447,862.737282813082));
#13482=CARTESIAN_POINT('Ctrl Pts',(-267.988370536794,122.799140277915,862.739867882458));
#13483=CARTESIAN_POINT('Ctrl Pts',(-267.988433814873,122.680245219378,862.747065084113));
#13484=CARTESIAN_POINT('Ctrl Pts',(-267.988537641218,122.56185799384,862.758854409935));
#13485=CARTESIAN_POINT('Ctrl Pts',(-267.988644949187,122.443495888256,862.771175568946));
#13486=CARTESIAN_POINT('Ctrl Pts',(-267.988792046443,122.325680316206,862.788087272361));
#13487=CARTESIAN_POINT('Ctrl Pts',(-267.988980255498,122.208781100275,862.809562780562));
#13488=CARTESIAN_POINT('Ctrl Pts',(-267.989174792423,122.09187986853,862.831588450474));
#13489=CARTESIAN_POINT('Ctrl Pts',(-267.989410659822,121.975887968012,862.858197109593));
#13490=CARTESIAN_POINT('Ctrl Pts',(-267.98968610906,121.861178734185,862.889370211342));
#13491=CARTESIAN_POINT('Ctrl Pts',(-267.98996211493,121.746326353729,862.92117714155));
#13492=CARTESIAN_POINT('Ctrl Pts',(-267.990273473886,121.632783977832,862.957618412315));
#13493=CARTESIAN_POINT('Ctrl Pts',(-267.990622704525,121.520998200229,862.998608074628));
#13494=CARTESIAN_POINT('Ctrl Pts',(-267.990977993936,121.409260388619,863.040214677036));
#13495=CARTESIAN_POINT('Ctrl Pts',(-267.991376464848,121.299262269909,863.086402537473));
#13496=CARTESIAN_POINT('Ctrl Pts',(-267.99181899732,121.191456518183,863.137095507816));
#13497=CARTESIAN_POINT('Ctrl Pts',(-267.992272698675,121.083684319647,863.188468273433));
#13498=CARTESIAN_POINT('Ctrl Pts',(-267.992771608928,120.97810407731,863.24439798607));
#13499=CARTESIAN_POINT('Ctrl Pts',(-267.993314070276,120.875179015637,863.304817297082));
#13500=CARTESIAN_POINT('Ctrl Pts',(-267.993865182744,120.772304852056,863.36600559786));
#13501=CARTESIAN_POINT('Ctrl Pts',(-267.994454946602,120.672111769726,863.431750741832));
#13502=CARTESIAN_POINT('Ctrl Pts',(-267.995078172268,120.575078892417,863.501991343335));
#13503=CARTESIAN_POINT('Ctrl Pts',(-267.995705582486,120.477981189474,863.573239507642));
#13504=CARTESIAN_POINT('Ctrl Pts',(-267.996372327069,120.384291249851,863.648990075078));
#13505=CARTESIAN_POINT('Ctrl Pts',(-267.997074936014,120.294527967816,863.728925767778));
#13506=CARTESIAN_POINT('Ctrl Pts',(-267.997783598991,120.205113869782,863.809663301923));
#13507=CARTESIAN_POINT('Ctrl Pts',(-267.998529147218,120.119632131678,863.894657090701));
#13508=CARTESIAN_POINT('Ctrl Pts',(-267.999309543049,120.038617922305,863.983598262451));
#13509=CARTESIAN_POINT('Ctrl Pts',(-268.000098860181,119.957988793932,864.073457886953));
#13510=CARTESIAN_POINT('Ctrl Pts',(-268.000925117156,119.881872533298,864.16734875759));
#13511=CARTESIAN_POINT('Ctrl Pts',(-268.001785908796,119.810827733054,864.264965308109));
#13512=CARTESIAN_POINT('Ctrl Pts',(-268.002657370242,119.740274237757,864.363626494447));
#13513=CARTESIAN_POINT('Ctrl Pts',(-268.003562789056,119.674892041025,864.466094864223));
#13514=CARTESIAN_POINT('Ctrl Pts',(-268.004497351979,119.615270386526,864.572057666122));
#13515=CARTESIAN_POINT('Ctrl Pts',(-268.005438517353,119.556773694973,864.678285937713));
#13516=CARTESIAN_POINT('Ctrl Pts',(-268.006412125997,119.504261967194,864.787371219094));
#13517=CARTESIAN_POINT('Ctrl Pts',(-268.007409770383,119.458053725381,864.899028178028));
#13518=CARTESIAN_POINT('Ctrl Pts',(-268.008412135909,119.412793645629,865.011530945337));
#13519=CARTESIAN_POINT('Ctrl Pts',(-268.009431072847,119.373997538161,865.126506551276));
#13520=CARTESIAN_POINT('Ctrl Pts',(-268.010462737352,119.341975226455,865.24363260093));
#13521=CARTESIAN_POINT('Ctrl Pts',(-268.01149410556,119.311121569653,865.361400039646));
#13522=CARTESIAN_POINT('Ctrl Pts',(-268.012538260019,119.287170080478,865.481146823808));
#13523=CARTESIAN_POINT('Ctrl Pts',(-268.013594151778,119.270407007886,865.602517376532));
#13524=CARTESIAN_POINT('Ctrl Pts',(-268.014653069079,119.254962663413,865.724226756521));
#13525=CARTESIAN_POINT('Ctrl Pts',(-268.015727197346,119.246774561866,865.847333838416));
#13526=CARTESIAN_POINT('Ctrl Pts',(-268.016816118235,119.24609307317,865.971464709205));
#13527=CARTESIAN_POINT('Ctrl Pts',(-268.016818338966,119.246093159135,865.971716916594));
#13528=CARTESIAN_POINT('Ctrl Pts',(-268.016820595156,119.24609315714,865.97197318477));
#13529=CARTESIAN_POINT('Ctrl Pts',(-268.016822750576,119.246093157172,865.972218004805));
#13530=CARTESIAN_POINT('Ctrl Pts',(-267.754468880379,123.003730940649,862.974481687979));
#13531=CARTESIAN_POINT('Ctrl Pts',(-267.754474208479,122.973163861152,862.974503231732));
#13532=CARTESIAN_POINT('Ctrl Pts',(-267.75447679061,122.949516872408,862.974747458864));
#13533=CARTESIAN_POINT('Ctrl Pts',(-267.75447515439,122.922632197007,862.975264429316));
#13534=CARTESIAN_POINT('Ctrl Pts',(-267.754496608951,122.810188942242,862.977723732056));
#13535=CARTESIAN_POINT('Ctrl Pts',(-267.754556465211,122.697727471594,862.984531729165));
#13536=CARTESIAN_POINT('Ctrl Pts',(-267.754654537882,122.585763845127,862.995666923621));
#13537=CARTESIAN_POINT('Ctrl Pts',(-267.754756098494,122.473818816459,863.007334803238));
#13538=CARTESIAN_POINT('Ctrl Pts',(-267.754895129563,122.362420907004,863.023329724038));
#13539=CARTESIAN_POINT('Ctrl Pts',(-267.755072826292,122.251943857869,863.0436105703));
#13540=CARTESIAN_POINT('Ctrl Pts',(-267.755256847616,122.141464807447,863.064441194706));
#13541=CARTESIAN_POINT('Ctrl Pts',(-267.75547976737,122.031890680465,863.089578537511));
#13542=CARTESIAN_POINT('Ctrl Pts',(-267.755739724292,121.923598600271,863.118991228367));
#13543=CARTESIAN_POINT('Ctrl Pts',(-267.756000327634,121.815131984271,863.149047743756));
#13544=CARTESIAN_POINT('Ctrl Pts',(-267.75629372323,121.708009198057,863.18344741224));
#13545=CARTESIAN_POINT('Ctrl Pts',(-267.756622150264,121.602654576943,863.222073417589));
#13546=CARTESIAN_POINT('Ctrl Pts',(-267.756956589512,121.497360913032,863.261311281141));
#13547=CARTESIAN_POINT('Ctrl Pts',(-267.75733137579,121.393810836835,863.304808574235));
#13548=CARTESIAN_POINT('Ctrl Pts',(-267.757747135794,121.292434083115,863.352459821294));
#13549=CARTESIAN_POINT('Ctrl Pts',(-267.758174046793,121.191091425647,863.400788721197));
#13550=CARTESIAN_POINT('Ctrl Pts',(-267.75864311144,121.091912914696,863.453327201411));
#13551=CARTESIAN_POINT('Ctrl Pts',(-267.759152428243,120.995338489363,863.509980636504));
#13552=CARTESIAN_POINT('Ctrl Pts',(-267.759670453991,120.898802046309,863.567409981371));
#13553=CARTESIAN_POINT('Ctrl Pts',(-267.760223904991,120.804886722427,863.629029905178));
#13554=CARTESIAN_POINT('Ctrl Pts',(-267.760807375528,120.71404870137,863.694754276463));
#13555=CARTESIAN_POINT('Ctrl Pts',(-267.761394941026,120.623165110563,863.761475012183));
#13556=CARTESIAN_POINT('Ctrl Pts',(-267.762018002934,120.535644895678,863.832262347673));
#13557=CARTESIAN_POINT('Ctrl Pts',(-267.762672968755,120.45192824769,863.906785516074));
#13558=CARTESIAN_POINT('Ctrl Pts',(-267.763333919313,120.368568276616,863.982103339737));
#13559=CARTESIAN_POINT('Ctrl Pts',(-267.76402780908,120.289013547726,864.061228858951));
#13560=CARTESIAN_POINT('Ctrl Pts',(-267.764752503773,120.21371922436,864.143841764211));
#13561=CARTESIAN_POINT('Ctrl Pts',(-267.765486105384,120.138809788973,864.227370668933));
#13562=CARTESIAN_POINT('Ctrl Pts',(-267.766252652903,120.068200251208,864.314476634179));
#13563=CARTESIAN_POINT('Ctrl Pts',(-267.767049656661,120.002368833153,864.404845685348));
#13564=CARTESIAN_POINT('Ctrl Pts',(-267.767857417549,119.937019806435,864.49627069299));
#13565=CARTESIAN_POINT('Ctrl Pts',(-267.768695160358,119.876543604287,864.591052953392));
#13566=CARTESIAN_POINT('Ctrl Pts',(-267.769558049551,119.821450400843,864.688874993718));
#13567=CARTESIAN_POINT('Ctrl Pts',(-267.770426564178,119.76754440354,864.786848275111));
#13568=CARTESIAN_POINT('Ctrl Pts',(-267.771324065725,119.719183524435,864.887285471864));
#13569=CARTESIAN_POINT('Ctrl Pts',(-267.772242645107,119.676617341969,864.989960088961));
#13570=CARTESIAN_POINT('Ctrl Pts',(-267.773166148454,119.634990074311,865.093505501482));
#13571=CARTESIAN_POINT('Ctrl Pts',(-267.774103157056,119.599330454808,865.199175997365));
#13572=CARTESIAN_POINT('Ctrl Pts',(-267.775050328169,119.569876444624,865.306704729724));
#13573=CARTESIAN_POINT('Ctrl Pts',(-267.775997224958,119.541595376174,865.414875483744));
#13574=CARTESIAN_POINT('Ctrl Pts',(-267.776954188386,119.519653070584,865.524715232498));
#13575=CARTESIAN_POINT('Ctrl Pts',(-267.777920636933,119.504259389244,865.635922939021));
#13576=CARTESIAN_POINT('Ctrl Pts',(-267.778889858923,119.490188819065,865.747442832222));
#13577=CARTESIAN_POINT('Ctrl Pts',(-267.779871864185,119.482729860571,865.86008769578));
#13578=CARTESIAN_POINT('Ctrl Pts',(-267.780866761227,119.482051874419,865.973540327184));
#13579=CARTESIAN_POINT('Ctrl Pts',(-267.780868725048,119.482051959543,865.973763356636));
#13580=CARTESIAN_POINT('Ctrl Pts',(-267.780870724574,119.482051956448,865.973990435133));
#13581=CARTESIAN_POINT('Ctrl Pts',(-267.780872633685,119.48205195656,865.974207354946));
#13582=CARTESIAN_POINT('Ctrl Pts',(-271.362967090323,115.899825048306,865.943935474571));
#13583=CARTESIAN_POINT('Ctrl Pts',(-271.36086824924,115.899824891144,865.705520819708));
#13584=CARTESIAN_POINT('Ctrl Pts',(-271.361275139531,115.899824753516,865.497345809964));
#13585=CARTESIAN_POINT('Ctrl Pts',(-271.483058778666,115.899824052473,864.563829468901));
#13586=CARTESIAN_POINT('Ctrl Pts',(-271.602293460989,115.899823685025,864.131019879945));
#13587=CARTESIAN_POINT('Ctrl Pts',(-271.791370555131,115.89982315825,863.526248077417));
#13588=CARTESIAN_POINT('Ctrl Pts',(-271.902720296041,115.899822887902,863.230090058869));
#13589=CARTESIAN_POINT('Ctrl Pts',(-272.027225573955,115.899822610637,862.936531600103));
#13590=CARTESIAN_POINT('Ctrl Pts',(-271.746234823,154.753274714,865.941310624));
#13591=CARTESIAN_POINT('Ctrl Pts',(-271.746226859,154.753274713,865.940405832));
#13592=CARTESIAN_POINT('Ctrl Pts',(-271.746218894,154.753274713,865.93950104));
#13593=CARTESIAN_POINT('Ctrl Pts',(-271.74621067,154.753274712,865.938566898));
#13594=CARTESIAN_POINT('Ctrl Pts',(-271.74621034,154.753274529,865.938529584));
#13595=CARTESIAN_POINT('Ctrl Pts',(-271.743834321,154.75253178,865.669359497));
#13596=CARTESIAN_POINT('Ctrl Pts',(-271.741497411,154.734136198,865.405268479));
#13597=CARTESIAN_POINT('Ctrl Pts',(-271.739214864,154.69967704,865.14700435));
#13598=CARTESIAN_POINT('Ctrl Pts',(-271.739214575,154.699672285,865.146971405));
#13599=CARTESIAN_POINT('Ctrl Pts',(-271.736945622,154.663882754,864.889259808));
#13600=CARTESIAN_POINT('Ctrl Pts',(-271.734742096,154.612173676,864.637651082));
#13601=CARTESIAN_POINT('Ctrl Pts',(-271.732610947,154.546145615,864.392848378));
#13602=CARTESIAN_POINT('Ctrl Pts',(-271.732610671,154.546136627,864.392816345));
#13603=CARTESIAN_POINT('Ctrl Pts',(-271.730497988,154.479001296,864.148810622));
#13604=CARTESIAN_POINT('Ctrl Pts',(-271.72845588,154.397718622,863.911791809));
#13605=CARTESIAN_POINT('Ctrl Pts',(-271.726486905,154.303880857,863.682420454));
#13606=CARTESIAN_POINT('Ctrl Pts',(-271.726486643,154.303867973,863.682389786));
#13607=CARTESIAN_POINT('Ctrl Pts',(-271.724527681,154.209146487,863.453926418));
#13608=CARTESIAN_POINT('Ctrl Pts',(-271.722634931,154.102033472,863.233207876));
#13609=CARTESIAN_POINT('Ctrl Pts',(-271.720810089,153.984099469,863.020862973));
#13610=CARTESIAN_POINT('Ctrl Pts',(-271.720809838,153.984083063,863.02083403));
#13611=CARTESIAN_POINT('Ctrl Pts',(-271.718983761,153.865447046,862.809404007));
#13612=CARTESIAN_POINT('Ctrl Pts',(-271.717219532,153.736123747,862.606384591));
#13613=CARTESIAN_POINT('Ctrl Pts',(-271.715520401,153.597655607,862.412386183));
#13614=CARTESIAN_POINT('Ctrl Pts',(-271.71552016,153.597636051,862.412359251));
#13615=CARTESIAN_POINT('Ctrl Pts',(-271.713813025,153.458584046,862.219215969));
#13616=CARTESIAN_POINT('Ctrl Pts',(-271.712169622,153.310481439,862.035094047));
#13617=CARTESIAN_POINT('Ctrl Pts',(-271.710596288,153.154841009,861.86059718));
#13618=CARTESIAN_POINT('Ctrl Pts',(-271.710596062,153.154818649,861.860572499));
#13619=CARTESIAN_POINT('Ctrl Pts',(-271.709017133,152.998641684,861.686837734));
#13620=CARTESIAN_POINT('Ctrl Pts',(-271.707514313,152.83497896,861.522710823));
#13621=CARTESIAN_POINT('Ctrl Pts',(-271.706098382,152.665314013,861.368797571));
#13622=CARTESIAN_POINT('Ctrl Pts',(-271.706098179,152.66528916,861.368775364));
#13623=CARTESIAN_POINT('Ctrl Pts',(-271.704692371,152.495063157,861.21552299));
#13624=CARTESIAN_POINT('Ctrl Pts',(-271.703390002,152.318843866,861.072463153));
#13625=CARTESIAN_POINT('Ctrl Pts',(-271.702208277,152.138085448,860.940209977));
#13626=CARTESIAN_POINT('Ctrl Pts',(-271.702208109,152.13805868,860.940190685));
#13627=CARTESIAN_POINT('Ctrl Pts',(-271.701055904,151.958648113,860.809901779));
#13628=CARTESIAN_POINT('Ctrl Pts',(-271.699983711,151.775170789,860.689427239));
#13629=CARTESIAN_POINT('Ctrl Pts',(-271.698993284,151.588308701,860.57841934));
#13630=CARTESIAN_POINT('Ctrl Pts',(-271.698993134,151.588279967,860.578402517));
#13631=CARTESIAN_POINT('Ctrl Pts',(-271.698010976,151.401273085,860.468114419));
#13632=CARTESIAN_POINT('Ctrl Pts',(-271.697116568,151.211024141,860.367318327));
#13633=CARTESIAN_POINT('Ctrl Pts',(-271.696307948,151.018201848,860.275663066));
#13634=CARTESIAN_POINT('Ctrl Pts',(-271.696307825,151.018171695,860.275648954));
#13635=CARTESIAN_POINT('Ctrl Pts',(-271.69551076,150.825316896,860.184689086));
#13636=CARTESIAN_POINT('Ctrl Pts',(-271.694798831,150.630013206,860.102876245));
#13637=CARTESIAN_POINT('Ctrl Pts',(-271.694167334,150.432916064,860.029859738));
#13638=CARTESIAN_POINT('Ctrl Pts',(-271.694167235,150.432884782,860.029848351));
#13639=CARTESIAN_POINT('Ctrl Pts',(-271.693542181,150.235835531,859.957487861));
#13640=CARTESIAN_POINT('Ctrl Pts',(-271.692992246,150.037098747,859.893918024));
#13641=CARTESIAN_POINT('Ctrl Pts',(-271.692510943,149.837317969,859.838791994));
#13642=CARTESIAN_POINT('Ctrl Pts',(-271.692510865,149.837285793,859.838783304));
#13643=CARTESIAN_POINT('Ctrl Pts',(-271.692029473,149.637384815,859.784210701));
#13644=CARTESIAN_POINT('Ctrl Pts',(-271.691621798,149.436258399,859.738064547));
#13645=CARTESIAN_POINT('Ctrl Pts',(-271.691287513,149.23414373,859.700168861));
#13646=CARTESIAN_POINT('Ctrl Pts',(-271.691287461,149.234110952,859.700162895));
#13647=CARTESIAN_POINT('Ctrl Pts',(-271.690959217,149.031999796,859.662823428));
#13648=CARTESIAN_POINT('Ctrl Pts',(-271.690704368,148.829024746,859.633739886));
#13649=CARTESIAN_POINT('Ctrl Pts',(-271.690520177,148.625418575,859.612737983));
#13650=CARTESIAN_POINT('Ctrl Pts',(-271.690520149,148.6253854,859.612734735));
#13651=CARTESIAN_POINT('Ctrl Pts',(-271.690339619,148.421721051,859.592261589));
#13652=CARTESIAN_POINT('Ctrl Pts',(-271.690230629,148.217444879,859.5798961));
#13653=CARTESIAN_POINT('Ctrl Pts',(-271.690193184,148.012959449,859.575638677));
#13654=CARTESIAN_POINT('Ctrl Pts',(-271.690193186,148.01292547,859.575638079));
#13655=CARTESIAN_POINT('Ctrl Pts',(-271.690190387,147.962961798,859.574680765));
#13656=CARTESIAN_POINT('Ctrl Pts',(-271.690186799,147.900646876,859.574255763));
#13657=CARTESIAN_POINT('Ctrl Pts',(-271.690181268,147.867119389,859.574215679));
#13658=CARTESIAN_POINT('Ctrl Pts',(-270.860421759,153.867432621,865.948640832));
#13659=CARTESIAN_POINT('Ctrl Pts',(-270.860415167,153.867432621,865.947892099));
#13660=CARTESIAN_POINT('Ctrl Pts',(-270.860408576,153.86743262,865.947143366));
#13661=CARTESIAN_POINT('Ctrl Pts',(-270.860401771,153.86743262,865.946370346));
#13662=CARTESIAN_POINT('Ctrl Pts',(-270.860401486,153.867432436,865.946338069));
#13663=CARTESIAN_POINT('Ctrl Pts',(-270.858384441,153.866685774,865.717946845));
#13664=CARTESIAN_POINT('Ctrl Pts',(-270.856396571,153.851044559,865.493502521));
#13665=CARTESIAN_POINT('Ctrl Pts',(-270.85445246,153.821777695,865.273676112));
#13666=CARTESIAN_POINT('Ctrl Pts',(-270.854452215,153.821773606,865.273648099));
#13667=CARTESIAN_POINT('Ctrl Pts',(-270.852521935,153.79117903,865.054399934));
#13668=CARTESIAN_POINT('Ctrl Pts',(-270.850646222,153.747106714,864.840022928));
#13669=CARTESIAN_POINT('Ctrl Pts',(-270.848831324,153.690834622,864.631142775));
#13670=CARTESIAN_POINT('Ctrl Pts',(-270.84883109,153.690826921,864.631115475));
#13671=CARTESIAN_POINT('Ctrl Pts',(-270.847034678,153.633453103,864.423039461));
#13672=CARTESIAN_POINT('Ctrl Pts',(-270.845297106,153.564047732,864.220620845));
#13673=CARTESIAN_POINT('Ctrl Pts',(-270.843620281,153.483879367,864.024444276));
#13674=CARTESIAN_POINT('Ctrl Pts',(-270.843620058,153.483868325,864.02441808));
#13675=CARTESIAN_POINT('Ctrl Pts',(-270.841953202,153.402817894,863.829143948));
#13676=CARTESIAN_POINT('Ctrl Pts',(-270.840340078,153.311160751,863.640194547));
#13677=CARTESIAN_POINT('Ctrl Pts',(-270.838781744,153.210144313,863.458125039));
#13678=CARTESIAN_POINT('Ctrl Pts',(-270.838781529,153.210130231,863.458100256));
#13679=CARTESIAN_POINT('Ctrl Pts',(-270.837221899,153.1084081,863.276935689));
#13680=CARTESIAN_POINT('Ctrl Pts',(-270.83571091,152.997452861,863.102679421));
#13681=CARTESIAN_POINT('Ctrl Pts',(-270.834251162,152.878485827,862.935870042));
#13682=CARTESIAN_POINT('Ctrl Pts',(-270.834250956,152.878469001,862.935846916));
#13683=CARTESIAN_POINT('Ctrl Pts',(-270.832783126,152.758912349,862.769885806));
#13684=CARTESIAN_POINT('Ctrl Pts',(-270.831365111,152.631433278,862.611368354));
#13685=CARTESIAN_POINT('Ctrl Pts',(-270.830002623,152.497226455,862.460827413));
#13686=CARTESIAN_POINT('Ctrl Pts',(-270.830002427,152.497207153,862.46080615));
#13687=CARTESIAN_POINT('Ctrl Pts',(-270.82863434,152.362462808,862.311028648));
#13688=CARTESIAN_POINT('Ctrl Pts',(-270.827327855,152.221042833,862.169210161));
#13689=CARTESIAN_POINT('Ctrl Pts',(-270.826093161,152.074116516,862.035885634));
#13690=CARTESIAN_POINT('Ctrl Pts',(-270.826092984,152.074094976,862.035866427));
#13691=CARTESIAN_POINT('Ctrl Pts',(-270.824868584,151.926621229,861.90321469));
#13692=CARTESIAN_POINT('Ctrl Pts',(-270.82373255,151.773657233,861.779036988));
#13693=CARTESIAN_POINT('Ctrl Pts',(-270.822701372,151.616347755,861.663875572));
#13694=CARTESIAN_POINT('Ctrl Pts',(-270.822701225,151.616324476,861.663858824));
#13695=CARTESIAN_POINT('Ctrl Pts',(-270.821698729,151.460245064,861.550575567));
#13696=CARTESIAN_POINT('Ctrl Pts',(-270.820762971,151.300354482,861.445598683));
#13697=CARTESIAN_POINT('Ctrl Pts',(-270.819896694,151.137269552,861.348691871));
#13698=CARTESIAN_POINT('Ctrl Pts',(-270.819896563,151.137244476,861.348677217));
#13699=CARTESIAN_POINT('Ctrl Pts',(-270.819038661,150.974036788,861.252501781));
#13700=CARTESIAN_POINT('Ctrl Pts',(-270.818256059,150.807756623,861.164404036));
#13701=CARTESIAN_POINT('Ctrl Pts',(-270.817547792,150.639006088,861.084146664));
#13702=CARTESIAN_POINT('Ctrl Pts',(-270.817547685,150.638979698,861.084134333));
#13703=CARTESIAN_POINT('Ctrl Pts',(-270.816850935,150.470196605,861.004568725));
#13704=CARTESIAN_POINT('Ctrl Pts',(-270.816227781,150.299044776,860.932839259));
#13705=CARTESIAN_POINT('Ctrl Pts',(-270.815674544,150.126113039,860.868711542));
#13706=CARTESIAN_POINT('Ctrl Pts',(-270.815674458,150.126085587,860.868701564));
#13707=CARTESIAN_POINT('Ctrl Pts',(-270.815127589,149.953178975,860.805220586));
#13708=CARTESIAN_POINT('Ctrl Pts',(-270.814645295,149.778576133,860.749331995));
#13709=CARTESIAN_POINT('Ctrl Pts',(-270.814222123,149.6028549,860.700807267));
#13710=CARTESIAN_POINT('Ctrl Pts',(-270.814222055,149.602826613,860.700799644));
#13711=CARTESIAN_POINT('Ctrl Pts',(-270.813798952,149.427044748,860.652846732));
#13712=CARTESIAN_POINT('Ctrl Pts',(-270.813439972,149.25003511,860.612230346));
#13713=CARTESIAN_POINT('Ctrl Pts',(-270.813145231,149.072044068,860.578824904));
#13714=CARTESIAN_POINT('Ctrl Pts',(-270.813145185,149.072015202,860.578819666));
#13715=CARTESIAN_POINT('Ctrl Pts',(-270.812856479,148.894027783,860.545969715));
#13716=CARTESIAN_POINT('Ctrl Pts',(-270.812631985,148.71516474,860.520332703));
#13717=CARTESIAN_POINT('Ctrl Pts',(-270.812469424,148.53566806,860.501785918));
#13718=CARTESIAN_POINT('Ctrl Pts',(-270.812469398,148.535638813,860.501783069));
#13719=CARTESIAN_POINT('Ctrl Pts',(-270.812310502,148.356090629,860.483765684));
#13720=CARTESIAN_POINT('Ctrl Pts',(-270.812214387,148.175952269,860.472860877));
#13721=CARTESIAN_POINT('Ctrl Pts',(-270.812181118,147.995666285,860.469076011));
#13722=CARTESIAN_POINT('Ctrl Pts',(-270.812181121,147.995636512,860.469075493));
#13723=CARTESIAN_POINT('Ctrl Pts',(-270.812179388,147.951727355,860.468234218));
#13724=CARTESIAN_POINT('Ctrl Pts',(-270.812176159,147.899704481,860.467857641));
#13725=CARTESIAN_POINT('Ctrl Pts',(-270.812170693,147.867059824,860.467821558));
#13726=CARTESIAN_POINT('Ctrl Pts',(-269.974608694,152.981590529,865.955971041));
#13727=CARTESIAN_POINT('Ctrl Pts',(-269.974603476,152.981590528,865.955378367));
#13728=CARTESIAN_POINT('Ctrl Pts',(-269.974598259,152.981590528,865.954785693));
#13729=CARTESIAN_POINT('Ctrl Pts',(-269.974592873,152.981590528,865.954173794));
#13730=CARTESIAN_POINT('Ctrl Pts',(-269.974592631,152.981590342,865.954146555));
#13731=CARTESIAN_POINT('Ctrl Pts',(-269.972934562,152.980839767,865.766534194));
#13732=CARTESIAN_POINT('Ctrl Pts',(-269.971295732,152.96795292,865.581736562));
#13733=CARTESIAN_POINT('Ctrl Pts',(-269.969690057,152.94387835,865.400347875));
#13734=CARTESIAN_POINT('Ctrl Pts',(-269.969689855,152.943874927,865.400324792));
#13735=CARTESIAN_POINT('Ctrl Pts',(-269.968098247,152.918475306,865.21954006));
#13736=CARTESIAN_POINT('Ctrl Pts',(-269.966550347,152.882039753,865.042394773));
#13737=CARTESIAN_POINT('Ctrl Pts',(-269.965051702,152.83552363,864.869437173));
#13738=CARTESIAN_POINT('Ctrl Pts',(-269.965051509,152.835517215,864.869414606));
#13739=CARTESIAN_POINT('Ctrl Pts',(-269.963571368,152.787904909,864.6972683));
#13740=CARTESIAN_POINT('Ctrl Pts',(-269.962138332,152.730376843,864.529449881));
#13741=CARTESIAN_POINT('Ctrl Pts',(-269.960753657,152.663877877,864.366468098));
#13742=CARTESIAN_POINT('Ctrl Pts',(-269.960753473,152.663868678,864.366446374));
#13743=CARTESIAN_POINT('Ctrl Pts',(-269.959378722,152.5964893,864.204361477));
#13744=CARTESIAN_POINT('Ctrl Pts',(-269.958045225,152.520288029,864.047181218));
#13745=CARTESIAN_POINT('Ctrl Pts',(-269.956753398,152.436189157,863.895387106));
#13746=CARTESIAN_POINT('Ctrl Pts',(-269.95675322,152.4361774,863.895366482));
#13747=CARTESIAN_POINT('Ctrl Pts',(-269.955460038,152.351369154,863.744467371));
#13748=CARTESIAN_POINT('Ctrl Pts',(-269.954202288,152.258781975,863.59897425));
#13749=CARTESIAN_POINT('Ctrl Pts',(-269.952981924,152.159316048,863.4593539));
#13750=CARTESIAN_POINT('Ctrl Pts',(-269.952981751,152.15930195,863.45933458));
#13751=CARTESIAN_POINT('Ctrl Pts',(-269.951753227,152.059240653,863.320555643));
#13752=CARTESIAN_POINT('Ctrl Pts',(-269.9505606,151.952385116,863.187642662));
#13753=CARTESIAN_POINT('Ctrl Pts',(-269.949408959,151.839611901,863.061057645));
#13754=CARTESIAN_POINT('Ctrl Pts',(-269.949408793,151.839595657,863.061039801));
#13755=CARTESIAN_POINT('Ctrl Pts',(-269.948251547,151.726283932,862.935219563));
#13756=CARTESIAN_POINT('Ctrl Pts',(-269.947141397,151.607106706,862.8157095));
#13757=CARTESIAN_POINT('Ctrl Pts',(-269.94608794,151.482919019,862.702973697));
#13758=CARTESIAN_POINT('Ctrl Pts',(-269.94608779,151.482900792,862.702957489));
#13759=CARTESIAN_POINT('Ctrl Pts',(-269.945044797,151.358179301,862.590906389));
#13760=CARTESIAN_POINT('Ctrl Pts',(-269.944075098,151.2284706,862.485610822));
#13761=CARTESIAN_POINT('Ctrl Pts',(-269.943194466,151.094610061,862.387541168));
#13762=CARTESIAN_POINT('Ctrl Pts',(-269.943194342,151.094590272,862.387526963));
#13763=CARTESIAN_POINT('Ctrl Pts',(-269.942341555,150.961842016,862.291249356));
#13764=CARTESIAN_POINT('Ctrl Pts',(-269.941542231,150.825538175,862.201770128));
#13765=CARTESIAN_POINT('Ctrl Pts',(-269.940800104,150.686230403,862.118964402));
#13766=CARTESIAN_POINT('Ctrl Pts',(-269.940799992,150.686208984,862.118951916));
#13767=CARTESIAN_POINT('Ctrl Pts',(-269.940066347,150.546800491,862.036889143));
#13768=CARTESIAN_POINT('Ctrl Pts',(-269.939395549,150.404489105,861.961489745));
#13769=CARTESIAN_POINT('Ctrl Pts',(-269.938787635,150.259810329,861.892630263));
#13770=CARTESIAN_POINT('Ctrl Pts',(-269.938787544,150.259787702,861.892619713));
#13771=CARTESIAN_POINT('Ctrl Pts',(-269.93819111,150.115076315,861.824448363));
#13772=CARTESIAN_POINT('Ctrl Pts',(-269.937656731,149.968076345,861.762802272));
#13773=CARTESIAN_POINT('Ctrl Pts',(-269.937181754,149.819310014,861.707563346));
#13774=CARTESIAN_POINT('Ctrl Pts',(-269.937181681,149.819286392,861.707554776));
#13775=CARTESIAN_POINT('Ctrl Pts',(-269.936712996,149.670522419,861.652953311));
#13776=CARTESIAN_POINT('Ctrl Pts',(-269.936298343,149.520053519,861.604745966));
#13777=CARTESIAN_POINT('Ctrl Pts',(-269.935933304,149.368391831,861.562822539));
#13778=CARTESIAN_POINT('Ctrl Pts',(-269.935933245,149.368367434,861.562815985));
#13779=CARTESIAN_POINT('Ctrl Pts',(-269.935568431,149.21670468,861.521482762));
#13780=CARTESIAN_POINT('Ctrl Pts',(-269.935258146,149.06381182,861.486396144));
#13781=CARTESIAN_POINT('Ctrl Pts',(-269.935002948,148.909944406,861.457480946));
#13782=CARTESIAN_POINT('Ctrl Pts',(-269.935002909,148.909919453,861.457476436));
#13783=CARTESIAN_POINT('Ctrl Pts',(-269.93475374,148.75605577,861.429116002));
#13784=CARTESIAN_POINT('Ctrl Pts',(-269.934559602,148.601304734,861.406925521));
#13785=CARTESIAN_POINT('Ctrl Pts',(-269.93441867,148.445917544,861.390833852));
#13786=CARTESIAN_POINT('Ctrl Pts',(-269.934418648,148.445892226,861.390831404));
#13787=CARTESIAN_POINT('Ctrl Pts',(-269.934281386,148.290460207,861.375269779));
#13788=CARTESIAN_POINT('Ctrl Pts',(-269.934198145,148.134459659,861.365825655));
#13789=CARTESIAN_POINT('Ctrl Pts',(-269.934169052,147.978373121,861.362513345));
#13790=CARTESIAN_POINT('Ctrl Pts',(-269.934169056,147.978347554,861.362512906));
#13791=CARTESIAN_POINT('Ctrl Pts',(-269.93416839,147.940492911,861.361787671));
#13792=CARTESIAN_POINT('Ctrl Pts',(-269.934165518,147.898762087,861.361459519));
#13793=CARTESIAN_POINT('Ctrl Pts',(-269.934160118,147.86700026,861.361427438));
#13794=CARTESIAN_POINT('Ctrl Pts',(-269.088772061,152.095724868,865.963301444));
#13795=CARTESIAN_POINT('Ctrl Pts',(-269.088768218,152.095724867,865.962864834));
#13796=CARTESIAN_POINT('Ctrl Pts',(-269.088764374,152.095724867,865.962428223));
#13797=CARTESIAN_POINT('Ctrl Pts',(-269.088760406,152.095724867,865.96197745));
#13798=CARTESIAN_POINT('Ctrl Pts',(-269.088760209,152.09572468,865.961955248));
#13799=CARTESIAN_POINT('Ctrl Pts',(-269.087461125,152.094970191,865.815122835));
#13800=CARTESIAN_POINT('Ctrl Pts',(-269.086171345,152.084837785,865.669972951));
#13801=CARTESIAN_POINT('Ctrl Pts',(-269.084904113,152.065955648,865.527023008));
#13802=CARTESIAN_POINT('Ctrl Pts',(-269.084903954,152.06595289,865.527004856));
#13803=CARTESIAN_POINT('Ctrl Pts',(-269.083651029,152.045748362,865.38468458));
#13804=CARTESIAN_POINT('Ctrl Pts',(-269.082430951,152.016949776,865.244772004));
#13805=CARTESIAN_POINT('Ctrl Pts',(-269.081248565,151.980189881,865.10773791));
#13806=CARTESIAN_POINT('Ctrl Pts',(-269.081248414,151.980184753,865.107720077));
#13807=CARTESIAN_POINT('Ctrl Pts',(-269.080084554,151.942334219,864.971504436));
#13808=CARTESIAN_POINT('Ctrl Pts',(-269.078956061,151.896683773,864.838287133));
#13809=CARTESIAN_POINT('Ctrl Pts',(-269.077863543,151.84385457,864.70850102));
#13810=CARTESIAN_POINT('Ctrl Pts',(-269.077863398,151.843847214,864.708483768));
#13811=CARTESIAN_POINT('Ctrl Pts',(-269.076780761,151.790139254,864.57958899));
#13812=CARTESIAN_POINT('Ctrl Pts',(-269.075726898,151.729394265,864.454178717));
#13813=CARTESIAN_POINT('Ctrl Pts',(-269.074701586,151.662213409,864.332660805));
#13814=CARTESIAN_POINT('Ctrl Pts',(-269.074701444,151.662203977,864.332644341));
#13815=CARTESIAN_POINT('Ctrl Pts',(-269.073674717,151.594310067,864.212011493));
#13816=CARTESIAN_POINT('Ctrl Pts',(-269.072670213,151.520091437,864.095282284));
#13817=CARTESIAN_POINT('Ctrl Pts',(-269.071689239,151.440127134,863.982851686));
#13818=CARTESIAN_POINT('Ctrl Pts',(-269.071689099,151.440115766,863.982836173));
#13819=CARTESIAN_POINT('Ctrl Pts',(-269.070699887,151.359550341,863.871240131));
#13820=CARTESIAN_POINT('Ctrl Pts',(-269.069732654,151.273318888,863.763932302));
#13821=CARTESIAN_POINT('Ctrl Pts',(-269.068791865,151.181979851,863.661303847));
#13822=CARTESIAN_POINT('Ctrl Pts',(-269.068791729,151.181966665,863.661289422));
#13823=CARTESIAN_POINT('Ctrl Pts',(-269.06784533,151.09008813,863.559427085));
#13824=CARTESIAN_POINT('Ctrl Pts',(-269.066931521,150.993154245,863.462226039));
#13825=CARTESIAN_POINT('Ctrl Pts',(-269.066059307,150.891705793,863.370079508));
#13826=CARTESIAN_POINT('Ctrl Pts',(-269.066059183,150.891690878,863.370066301));
#13827=CARTESIAN_POINT('Ctrl Pts',(-269.065197602,150.78972225,863.278616385));
#13828=CARTESIAN_POINT('Ctrl Pts',(-269.064394243,150.683269462,863.192203456));
#13829=CARTESIAN_POINT('Ctrl Pts',(-269.06366416,150.572858487,863.111226017));
#13830=CARTESIAN_POINT('Ctrl Pts',(-269.063664058,150.572842188,863.111214356));
#13831=CARTESIAN_POINT('Ctrl Pts',(-269.062960985,150.463425707,863.031942851));
#13832=CARTESIAN_POINT('Ctrl Pts',(-269.062298099,150.350709235,862.957961691));
#13833=CARTESIAN_POINT('Ctrl Pts',(-269.061680124,150.235179254,862.889257426));
#13834=CARTESIAN_POINT('Ctrl Pts',(-269.061680032,150.235161492,862.889247109));
#13835=CARTESIAN_POINT('Ctrl Pts',(-269.061070646,150.119552828,862.821297375));
#13836=CARTESIAN_POINT('Ctrl Pts',(-269.060511657,150.001210857,862.758596662));
#13837=CARTESIAN_POINT('Ctrl Pts',(-269.060004099,149.88060448,862.701135371));
#13838=CARTESIAN_POINT('Ctrl Pts',(-269.060004023,149.880585616,862.701126602));
#13839=CARTESIAN_POINT('Ctrl Pts',(-269.059507908,149.759946576,862.644349816));
#13840=CARTESIAN_POINT('Ctrl Pts',(-269.059062305,149.63709911,862.592787368));
#13841=CARTESIAN_POINT('Ctrl Pts',(-269.058665592,149.512498826,862.546437469));
#13842=CARTESIAN_POINT('Ctrl Pts',(-269.058665531,149.512479034,862.546430308));
#13843=CARTESIAN_POINT('Ctrl Pts',(-269.058275033,149.387858343,862.50070859));
#13844=CARTESIAN_POINT('Ctrl Pts',(-269.057928023,149.261524027,862.460182696));
#13845=CARTESIAN_POINT('Ctrl Pts',(-269.057621117,149.133922523,862.424860746));
#13846=CARTESIAN_POINT('Ctrl Pts',(-269.057621068,149.133902016,862.42485526));
#13847=CARTESIAN_POINT('Ctrl Pts',(-269.057314544,149.006359017,862.390141904));
#13848=CARTESIAN_POINT('Ctrl Pts',(-269.057052955,148.877583576,862.360585201));
#13849=CARTESIAN_POINT('Ctrl Pts',(-269.056837302,148.747840432,862.336160366));
#13850=CARTESIAN_POINT('Ctrl Pts',(-269.056837269,148.747819391,862.336156584));
#13851=CARTESIAN_POINT('Ctrl Pts',(-269.056627639,148.618080087,862.312285785));
#13852=CARTESIAN_POINT('Ctrl Pts',(-269.056463857,148.487441698,862.293541927));
#13853=CARTESIAN_POINT('Ctrl Pts',(-269.056344554,148.356164641,862.279905441));
#13854=CARTESIAN_POINT('Ctrl Pts',(-269.056344536,148.356143251,862.279903392));
#13855=CARTESIAN_POINT('Ctrl Pts',(-269.056228908,148.224828038,862.266797594));
#13856=CARTESIAN_POINT('Ctrl Pts',(-269.056158543,148.092965945,862.258814191));
#13857=CARTESIAN_POINT('Ctrl Pts',(-269.056133627,147.961079497,862.25597445));
#13858=CARTESIAN_POINT('Ctrl Pts',(-269.056133631,147.961058137,862.255974091));
#13859=CARTESIAN_POINT('Ctrl Pts',(-269.056134032,147.929258169,862.255364898));
#13860=CARTESIAN_POINT('Ctrl Pts',(-269.056131517,147.897819668,862.255085173));
#13861=CARTESIAN_POINT('Ctrl Pts',(-269.056126182,147.866940694,862.255057092));
#13862=CARTESIAN_POINT('Ctrl Pts',(-269.088748493,152.095701299,865.963301639));
#13863=CARTESIAN_POINT('Ctrl Pts',(-269.08874465,152.095701299,865.962865033));
#13864=CARTESIAN_POINT('Ctrl Pts',(-269.088740806,152.095701299,865.962428426));
#13865=CARTESIAN_POINT('Ctrl Pts',(-269.088736838,152.095701298,865.961977657));
#13866=CARTESIAN_POINT('Ctrl Pts',(-269.088736641,152.095701112,865.961955455));
#13867=CARTESIAN_POINT('Ctrl Pts',(-269.087437567,152.094946622,865.815124117));
#13868=CARTESIAN_POINT('Ctrl Pts',(-269.086147796,152.084814288,865.669975281));
#13869=CARTESIAN_POINT('Ctrl Pts',(-269.084880573,152.065932287,865.527026358));
#13870=CARTESIAN_POINT('Ctrl Pts',(-269.084880414,152.06592953,865.527008206));
#13871=CARTESIAN_POINT('Ctrl Pts',(-269.083627498,152.04572514,865.384688953));
#13872=CARTESIAN_POINT('Ctrl Pts',(-269.082407429,152.016926756,865.244777369));
#13873=CARTESIAN_POINT('Ctrl Pts',(-269.081225051,151.980167121,865.107744235));
#13874=CARTESIAN_POINT('Ctrl Pts',(-269.081224901,151.980161992,865.107726402));
#13875=CARTESIAN_POINT('Ctrl Pts',(-269.080061048,151.942311719,864.97151172));
#13876=CARTESIAN_POINT('Ctrl Pts',(-269.078932564,151.89666159,864.838295342));
#13877=CARTESIAN_POINT('Ctrl Pts',(-269.077840053,151.843832752,864.708510116));
#13878=CARTESIAN_POINT('Ctrl Pts',(-269.077839909,151.843825396,864.708492865));
#13879=CARTESIAN_POINT('Ctrl Pts',(-269.07675728,151.790117801,864.579598972));
#13880=CARTESIAN_POINT('Ctrl Pts',(-269.075703423,151.729373224,864.454189547));
#13881=CARTESIAN_POINT('Ctrl Pts',(-269.074678119,151.662192819,864.332672442));
#13882=CARTESIAN_POINT('Ctrl Pts',(-269.074677977,151.662183387,864.332655978));
#13883=CARTESIAN_POINT('Ctrl Pts',(-269.073651257,151.594289928,864.212023936));
#13884=CARTESIAN_POINT('Ctrl Pts',(-269.07264676,151.520071786,864.095295491));
#13885=CARTESIAN_POINT('Ctrl Pts',(-269.071665792,151.440108002,863.982865616));
#13886=CARTESIAN_POINT('Ctrl Pts',(-269.071665653,151.440096634,863.982850103));
#13887=CARTESIAN_POINT('Ctrl Pts',(-269.070676446,151.359531726,863.871254783));
#13888=CARTESIAN_POINT('Ctrl Pts',(-269.06970922,151.273300821,863.763947633));
#13889=CARTESIAN_POINT('Ctrl Pts',(-269.068768436,151.181962352,863.661319814));
#13890=CARTESIAN_POINT('Ctrl Pts',(-269.0687683,151.181949166,863.661305389));
#13891=CARTESIAN_POINT('Ctrl Pts',(-269.067821907,151.0900712,863.559443688));
#13892=CARTESIAN_POINT('Ctrl Pts',(-269.066908102,150.993137906,863.462243234));
#13893=CARTESIAN_POINT('Ctrl Pts',(-269.066035893,150.891690058,863.370097251));
#13894=CARTESIAN_POINT('Ctrl Pts',(-269.066035769,150.891675143,863.370084044));
#13895=CARTESIAN_POINT('Ctrl Pts',(-269.065174194,150.78970712,863.278634677));
#13896=CARTESIAN_POINT('Ctrl Pts',(-269.064370838,150.683254953,863.192222252));
#13897=CARTESIAN_POINT('Ctrl Pts',(-269.06364076,150.572844605,863.11124527));
#13898=CARTESIAN_POINT('Ctrl Pts',(-269.063640658,150.572828306,863.11123361));
#13899=CARTESIAN_POINT('Ctrl Pts',(-269.062937589,150.463412442,863.031962554));
#13900=CARTESIAN_POINT('Ctrl Pts',(-269.062274706,150.350696596,862.957981805));
#13901=CARTESIAN_POINT('Ctrl Pts',(-269.061656735,150.235167247,862.889277916));
#13902=CARTESIAN_POINT('Ctrl Pts',(-269.061656643,150.235149486,862.889267599));
#13903=CARTESIAN_POINT('Ctrl Pts',(-269.06104726,150.119541456,862.821318241));
#13904=CARTESIAN_POINT('Ctrl Pts',(-269.060488274,150.001200126,862.758617867));
#13905=CARTESIAN_POINT('Ctrl Pts',(-269.059980719,149.880594392,862.701156882));
#13906=CARTESIAN_POINT('Ctrl Pts',(-269.059980643,149.880575528,862.701148113));
#13907=CARTESIAN_POINT('Ctrl Pts',(-269.05948453,149.759937131,862.64437163));
#13908=CARTESIAN_POINT('Ctrl Pts',(-269.05903893,149.637090309,862.592809452));
#13909=CARTESIAN_POINT('Ctrl Pts',(-269.058642219,149.51249067,862.546459789));
#13910=CARTESIAN_POINT('Ctrl Pts',(-269.058642158,149.512470878,862.546452628));
#13911=CARTESIAN_POINT('Ctrl Pts',(-269.058251662,149.387850829,862.500731147));
#13912=CARTESIAN_POINT('Ctrl Pts',(-269.057904654,149.261517153,862.460205456));
#13913=CARTESIAN_POINT('Ctrl Pts',(-269.057597749,149.133916285,862.424883681));
#13914=CARTESIAN_POINT('Ctrl Pts',(-269.0575977,149.133895778,862.424878194));
#13915=CARTESIAN_POINT('Ctrl Pts',(-269.057291178,149.00635342,862.390165015));
#13916=CARTESIAN_POINT('Ctrl Pts',(-269.05702959,148.877578621,862.360608458));
#13917=CARTESIAN_POINT('Ctrl Pts',(-269.056813938,148.747836119,862.336183744));
#13918=CARTESIAN_POINT('Ctrl Pts',(-269.056813905,148.747815078,862.336179962));
#13919=CARTESIAN_POINT('Ctrl Pts',(-269.056604276,148.618076416,862.312309282));
#13920=CARTESIAN_POINT('Ctrl Pts',(-269.056440495,148.487438669,862.293565516));
#13921=CARTESIAN_POINT('Ctrl Pts',(-269.056321193,148.356162253,862.279929095));
#13922=CARTESIAN_POINT('Ctrl Pts',(-269.056321175,148.356140863,862.279927046));
#13923=CARTESIAN_POINT('Ctrl Pts',(-269.056205548,148.224826292,862.266821313));
#13924=CARTESIAN_POINT('Ctrl Pts',(-269.056135182,148.092964841,862.258837949));
#13925=CARTESIAN_POINT('Ctrl Pts',(-269.056110266,147.961079036,862.255998221));
#13926=CARTESIAN_POINT('Ctrl Pts',(-269.056110271,147.961057677,862.255997861));
#13927=CARTESIAN_POINT('Ctrl Pts',(-269.056110671,147.929257889,862.255388672));
#13928=CARTESIAN_POINT('Ctrl Pts',(-269.056108157,147.897819643,862.255108948));
#13929=CARTESIAN_POINT('Ctrl Pts',(-269.056102822,147.866940693,862.255080867));
#13930=CARTESIAN_POINT('Ctrl Pts',(-268.853014629552,151.859959710258,865.965252367731));
#13931=CARTESIAN_POINT('Ctrl Pts',(-268.853011151613,151.859959710258,865.964857291687));
#13932=CARTESIAN_POINT('Ctrl Pts',(-268.853007673674,151.859959710258,865.964462216643));
#13933=CARTESIAN_POINT('Ctrl Pts',(-268.853004083737,151.859959710258,865.964054325825));
#13934=CARTESIAN_POINT('Ctrl Pts',(-268.853003897739,151.859959522257,865.964033450047));
#13935=CARTESIAN_POINT('Ctrl Pts',(-268.851799882661,151.859201439656,865.827998832407));
#13936=CARTESIAN_POINT('Ctrl Pts',(-268.850602752177,151.8497965715,865.693367981082));
#13937=CARTESIAN_POINT('Ctrl Pts',(-268.849425517249,151.832290381937,865.56063364594));
#13938=CARTESIAN_POINT('Ctrl Pts',(-268.849425370251,151.832287800967,865.56061680816));
#13939=CARTESIAN_POINT('Ctrl Pts',(-268.848262620354,151.813461207736,865.428533124531));
#13940=CARTESIAN_POINT('Ctrl Pts',(-268.847129892983,151.786692703724,865.2985394607));
#13941=CARTESIAN_POINT('Ctrl Pts',(-268.846031811101,151.752529541611,865.171082341603));
#13942=CARTESIAN_POINT('Ctrl Pts',(-268.846031671103,151.752524756669,865.171065771814));
#13943=CARTESIAN_POINT('Ctrl Pts',(-268.844952127224,151.717274930222,865.04443232159));
#13944=CARTESIAN_POINT('Ctrl Pts',(-268.843904820821,151.674790303417,864.920444018215));
#13945=CARTESIAN_POINT('Ctrl Pts',(-268.842890178863,151.625605142703,864.799511418957));
#13946=CARTESIAN_POINT('Ctrl Pts',(-268.842890044865,151.625598277785,864.799495359156));
#13947=CARTESIAN_POINT('Ctrl Pts',(-268.841885253902,151.57553519321,864.679449639151));
#13948=CARTESIAN_POINT('Ctrl Pts',(-268.84090589538,151.518909611107,864.562506493182));
#13949=CARTESIAN_POINT('Ctrl Pts',(-268.839951572269,151.456235880937,864.449053678883));
#13950=CARTESIAN_POINT('Ctrl Pts',(-268.83995144027,151.456227068041,864.449038322068));
#13951=CARTESIAN_POINT('Ctrl Pts',(-268.838995657152,151.392837327376,864.336463401569));
#13952=CARTESIAN_POINT('Ctrl Pts',(-268.838058552439,151.323507460121,864.227388106407));
#13953=CARTESIAN_POINT('Ctrl Pts',(-268.837141256104,151.24873085293,864.122188964495));
#13954=CARTESIAN_POINT('Ctrl Pts',(-268.837141126105,151.248720211051,864.122174462664));
#13955=CARTESIAN_POINT('Ctrl Pts',(-268.836215539761,151.173338435183,864.017805473014));
#13956=CARTESIAN_POINT('Ctrl Pts',(-268.835308205793,151.092588821253,863.917303341797));
#13957=CARTESIAN_POINT('Ctrl Pts',(-268.834423434174,151.006945935215,863.821041632067));
#13958=CARTESIAN_POINT('Ctrl Pts',(-268.834423306176,151.006933561352,863.82102811622));
#13959=CARTESIAN_POINT('Ctrl Pts',(-268.833532928558,150.920750773246,863.725534004737));
#13960=CARTESIAN_POINT('Ctrl Pts',(-268.832671306298,150.829729611479,863.634264798172));
#13961=CARTESIAN_POINT('Ctrl Pts',(-268.831847309373,150.734329065351,863.547596126576));
#13962=CARTESIAN_POINT('Ctrl Pts',(-268.831847192374,150.734315033499,863.54758371971));
#13963=CARTESIAN_POINT('Ctrl Pts',(-268.831033936467,150.638403323881,863.46161970346));
#13964=CARTESIAN_POINT('Ctrl Pts',(-268.8302749579,150.538149194,863.380241152592));
#13965=CARTESIAN_POINT('Ctrl Pts',(-268.829585100637,150.433999012526,863.303828215031));
#13966=CARTESIAN_POINT('Ctrl Pts',(-268.829585004638,150.43398363268,863.303817224143));
#13967=CARTESIAN_POINT('Ctrl Pts',(-268.828921643288,150.33075392781,863.229056258545));
#13968=CARTESIAN_POINT('Ctrl Pts',(-268.828295028363,150.224305042473,863.159194483439));
#13969=CARTESIAN_POINT('Ctrl Pts',(-268.827710108899,150.115103428316,863.094244684218));
#13970=CARTESIAN_POINT('Ctrl Pts',(-268.8277100219,150.115086641479,863.094234945315));
#13971=CARTESIAN_POINT('Ctrl Pts',(-268.827133751446,150.005819598541,863.030046738276));
#13972=CARTESIAN_POINT('Ctrl Pts',(-268.826604578439,149.893869077948,862.970732882489));
#13973=CARTESIAN_POINT('Ctrl Pts',(-268.826123790922,149.779683640294,862.916312367743));
#13974=CARTESIAN_POINT('Ctrl Pts',(-268.826123719923,149.779665780462,862.916304072822));
#13975=CARTESIAN_POINT('Ctrl Pts',(-268.825654357404,149.665447237734,862.862565862707));
#13976=CARTESIAN_POINT('Ctrl Pts',(-268.825232420367,149.549038793108,862.813691012812));
#13977=CARTESIAN_POINT('Ctrl Pts',(-268.824856550858,149.430876096242,862.769708189238));
#13978=CARTESIAN_POINT('Ctrl Pts',(-268.824856492858,149.430857322413,862.769701402301));
#13979=CARTESIAN_POINT('Ctrl Pts',(-268.824486791341,149.312661026338,862.726341521849));
#13980=CARTESIAN_POINT('Ctrl Pts',(-268.824157743349,149.192739735358,862.68785588154));
#13981=CARTESIAN_POINT('Ctrl Pts',(-268.823866248931,149.07152062825,862.654284440707));
#13982=CARTESIAN_POINT('Ctrl Pts',(-268.823866201931,149.071501158424,862.654279238754));
#13983=CARTESIAN_POINT('Ctrl Pts',(-268.823575186528,148.950374646024,862.621327024701));
#13984=CARTESIAN_POINT('Ctrl Pts',(-268.823326557699,148.828018323065,862.593242243212));
#13985=CARTESIAN_POINT('Ctrl Pts',(-268.823121434462,148.704697735682,862.570012935432));
#13986=CARTESIAN_POINT('Ctrl Pts',(-268.823121402462,148.704677736856,862.570009347464));
#13987=CARTESIAN_POINT('Ctrl Pts',(-268.822922298225,148.58136102948,862.547333762633));
#13988=CARTESIAN_POINT('Ctrl Pts',(-268.822766595578,148.457140568322,862.529507211259));
#13989=CARTESIAN_POINT('Ctrl Pts',(-268.822653046542,148.33227771454,862.516523826637));
#13990=CARTESIAN_POINT('Ctrl Pts',(-268.822653029542,148.332257370715,862.516521884655));
#13991=CARTESIAN_POINT('Ctrl Pts',(-268.822543159506,148.207360085557,862.504069641109));
#13992=CARTESIAN_POINT('Ctrl Pts',(-268.82247622108,148.081923308636,862.496475062227));
#13993=CARTESIAN_POINT('Ctrl Pts',(-268.822452416266,147.95647695419,862.493761066286));
#13994=CARTESIAN_POINT('Ctrl Pts',(-268.822452421266,147.956456845399,862.49376072929));
#13995=CARTESIAN_POINT('Ctrl Pts',(-268.822453214332,147.926366049641,862.493183635666));
#13996=CARTESIAN_POINT('Ctrl Pts',(-268.82245068533,147.897568792985,862.492915645631));
#13997=CARTESIAN_POINT('Ctrl Pts',(-268.822445368333,147.866924316257,862.492888566799));
#13998=CARTESIAN_POINT('Ctrl Pts',(-268.617304334103,151.624241690515,865.967202901462));
#13999=CARTESIAN_POINT('Ctrl Pts',(-268.617301221225,151.624241690515,865.966849352374));
#14000=CARTESIAN_POINT('Ctrl Pts',(-268.617298109348,151.624241690515,865.966495803286));
#14001=CARTESIAN_POINT('Ctrl Pts',(-268.617294896474,151.624241690515,865.966130785649));
#14002=CARTESIAN_POINT('Ctrl Pts',(-268.617294722478,151.624241501515,865.966111237094));
#14003=CARTESIAN_POINT('Ctrl Pts',(-268.616185756321,151.623479825311,865.840872260814));
#14004=CARTESIAN_POINT('Ctrl Pts',(-268.615081257354,151.614802352,865.716758343163));
#14005=CARTESIAN_POINT('Ctrl Pts',(-268.613994002499,151.598671834874,865.594237573879));
#14006=CARTESIAN_POINT('Ctrl Pts',(-268.613993866503,151.598669430933,865.594222049319));
#14007=CARTESIAN_POINT('Ctrl Pts',(-268.612921272707,151.581220497472,865.472372913064));
#14008=CARTESIAN_POINT('Ctrl Pts',(-268.611875877965,151.556481669448,865.3522961764));
#14009=CARTESIAN_POINT('Ctrl Pts',(-268.610862084202,151.524914721223,865.234414117206));
#14010=CARTESIAN_POINT('Ctrl Pts',(-268.610861956207,151.524910278337,865.234398808628));
#14011=CARTESIAN_POINT('Ctrl Pts',(-268.609866711448,151.492260639444,865.117345633181));
#14012=CARTESIAN_POINT('Ctrl Pts',(-268.608900575642,151.452941198834,865.002584480431));
#14013=CARTESIAN_POINT('Ctrl Pts',(-268.607963793726,151.407399350405,864.890503622913));
#14014=CARTESIAN_POINT('Ctrl Pts',(-268.60796367073,151.407392976569,864.890488755312));
#14015=CARTESIAN_POINT('Ctrl Pts',(-268.607036709804,151.36097403942,864.779290323302));
#14016=CARTESIAN_POINT('Ctrl Pts',(-268.60613184176,151.308467040214,864.670812609363));
#14017=CARTESIAN_POINT('Ctrl Pts',(-268.605248492537,151.250299533874,864.565423279765));
#14018=CARTESIAN_POINT('Ctrl Pts',(-268.60524837054,151.250291339081,864.565409029136));
#14019=CARTESIAN_POINT('Ctrl Pts',(-268.604363518304,151.191404866752,864.460890427138));
#14020=CARTESIAN_POINT('Ctrl Pts',(-268.603493798879,151.126962785242,864.359467515815));
#14021=CARTESIAN_POINT('Ctrl Pts',(-268.602640167207,151.05737283786,864.261498382989));
#14022=CARTESIAN_POINT('Ctrl Pts',(-268.60264004621,151.057362921103,864.261484893328));
#14023=CARTESIAN_POINT('Ctrl Pts',(-268.601778074522,150.987163759365,864.164341511027));
#14024=CARTESIAN_POINT('Ctrl Pts',(-268.600930627586,150.911894888506,864.070643719595));
#14025=CARTESIAN_POINT('Ctrl Pts',(-268.600101861348,150.831947015431,863.980747481135));
#14026=CARTESIAN_POINT('Ctrl Pts',(-268.600101741351,150.831935454703,863.980734874439));
#14027=CARTESIAN_POINT('Ctrl Pts',(-268.599267373115,150.751447275493,863.891607716475));
#14028=CARTESIAN_POINT('Ctrl Pts',(-268.598457927595,150.666337653957,863.806269164344));
#14029=CARTESIAN_POINT('Ctrl Pts',(-268.597682138746,150.576983804702,863.725077257151));
#14030=CARTESIAN_POINT('Ctrl Pts',(-268.597682028748,150.576970655998,863.725065648419));
#14031=CARTESIAN_POINT('Ctrl Pts',(-268.596917088935,150.487114653762,863.64458643492));
#14032=CARTESIAN_POINT('Ctrl Pts',(-268.5962024808,150.393057943001,863.568241255184));
#14033=CARTESIAN_POINT('Ctrl Pts',(-268.595552841273,150.295167301051,863.496391905062));
#14034=CARTESIAN_POINT('Ctrl Pts',(-268.595552751275,150.295152839359,863.496381584286));
#14035=CARTESIAN_POINT('Ctrl Pts',(-268.594929094577,150.198108677619,863.426130259091));
#14036=CARTESIAN_POINT('Ctrl Pts',(-268.594338742726,150.097926124946,863.360387044878));
#14037=CARTESIAN_POINT('Ctrl Pts',(-268.593786871797,149.995051612631,863.299190960435));
#14038=CARTESIAN_POINT('Ctrl Pts',(-268.593786789799,149.995035801958,863.299181799629));
#14039=CARTESIAN_POINT('Ctrl Pts',(-268.593243627891,149.892109110082,863.238754366551));
#14040=CARTESIAN_POINT('Ctrl Pts',(-268.592744265878,149.786548759896,863.182826691979));
#14041=CARTESIAN_POINT('Ctrl Pts',(-268.592290243845,149.678782977588,863.131446342485));
#14042=CARTESIAN_POINT('Ctrl Pts',(-268.592290175846,149.678766120924,863.131438522644));
#14043=CARTESIAN_POINT('Ctrl Pts',(-268.591847562808,149.570966791468,863.080738280415));
#14044=CARTESIAN_POINT('Ctrl Pts',(-268.591449286735,149.460996080217,863.034550490624));
#14045=CARTESIAN_POINT('Ctrl Pts',(-268.591094256716,149.349269682485,862.992934268476));
#14046=CARTESIAN_POINT('Ctrl Pts',(-268.591094201717,149.349251925825,862.992927856601));
#14047=CARTESIAN_POINT('Ctrl Pts',(-268.590745292683,149.237478741675,862.951929341698));
#14048=CARTESIAN_POINT('Ctrl Pts',(-268.590434202699,149.123969195717,862.915483547081));
#14049=CARTESIAN_POINT('Ctrl Pts',(-268.590158115861,149.009131208499,862.883662265414));
#14050=CARTESIAN_POINT('Ctrl Pts',(-268.590158071862,149.009112775847,862.883657348509));
#14051=CARTESIAN_POINT('Ctrl Pts',(-268.589882561056,148.894401470049,862.852465923403));
#14052=CARTESIAN_POINT('Ctrl Pts',(-268.589646891398,148.77846298013,862.825852770423));
#14053=CARTESIAN_POINT('Ctrl Pts',(-268.589452293924,148.661563665364,862.803818750864));
#14054=CARTESIAN_POINT('Ctrl Pts',(-268.589452263925,148.661544707713,862.803815355929));
#14055=CARTESIAN_POINT('Ctrl Pts',(-268.58926368345,148.54464931396,862.782334746266));
#14056=CARTESIAN_POINT('Ctrl Pts',(-268.589116059157,148.426845497644,862.765425317517));
#14057=CARTESIAN_POINT('Ctrl Pts',(-268.589008262084,148.30839556508,862.753094904274));
#14058=CARTESIAN_POINT('Ctrl Pts',(-268.589008246084,148.30837626543,862.75309306931));
#14059=CARTESIAN_POINT('Ctrl Pts',(-268.588904132013,148.189895624113,862.741294251218));
#14060=CARTESIAN_POINT('Ctrl Pts',(-268.58884061916,148.070882879271,862.734088416454));
#14061=CARTESIAN_POINT('Ctrl Pts',(-268.588817925532,147.95187533238,862.731500140572));
#14062=CARTESIAN_POINT('Ctrl Pts',(-268.588817930532,147.951856472798,862.73149982658));
#14063=CARTESIAN_POINT('Ctrl Pts',(-268.588819116664,147.923474500283,862.730954825331));
#14064=CARTESIAN_POINT('Ctrl Pts',(-268.588816573659,147.897317967969,862.730698568262));
#14065=CARTESIAN_POINT('Ctrl Pts',(-268.588811273665,147.866907942515,862.730672492598));
#14066=CARTESIAN_POINT('Ctrl Pts',(-268.381594038506,151.38852367077,865.969153434502));
#14067=CARTESIAN_POINT('Ctrl Pts',(-268.381591291683,151.38852367077,865.968841412589));
#14068=CARTESIAN_POINT('Ctrl Pts',(-268.38158854486,151.38852367077,865.968529389675));
#14069=CARTESIAN_POINT('Ctrl Pts',(-268.381585709042,151.38852367077,865.968207245414));
#14070=CARTESIAN_POINT('Ctrl Pts',(-268.381585547048,151.388523480769,865.968189024056));
#14071=CARTESIAN_POINT('Ctrl Pts',(-268.380571630025,151.387758211031,865.853745689064));
#14072=CARTESIAN_POINT('Ctrl Pts',(-268.379559762832,151.379808131882,865.740148705258));
#14073=CARTESIAN_POINT('Ctrl Pts',(-268.378562486356,151.365053288316,865.627841501708));
#14074=CARTESIAN_POINT('Ctrl Pts',(-268.378562362362,151.365051060401,865.627827291344));
#14075=CARTESIAN_POINT('Ctrl Pts',(-268.377579924972,151.348979786795,865.516212700943));
#14076=CARTESIAN_POINT('Ctrl Pts',(-268.376621864216,151.326270634578,865.406052892905));
#14077=CARTESIAN_POINT('Ctrl Pts',(-268.375692357987,151.297299900405,865.2977458915));
#14078=CARTESIAN_POINT('Ctrl Pts',(-268.375692240993,151.297295801571,865.29773184611));
#14079=CARTESIAN_POINT('Ctrl Pts',(-268.37478129577,151.267246348319,865.190258944228));
#14080=CARTESIAN_POINT('Ctrl Pts',(-268.373896330033,151.231092093365,865.084724942535));
#14081=CARTESIAN_POINT('Ctrl Pts',(-268.373037408695,151.189193559689,864.981495828252));
#14082=CARTESIAN_POINT('Ctrl Pts',(-268.3730372957,151.189187676927,864.981482151828));
#14083=CARTESIAN_POINT('Ctrl Pts',(-268.372188166348,151.146412884653,864.87913100739));
#14084=CARTESIAN_POINT('Ctrl Pts',(-268.37135778738,151.098024468871,864.779118726242));
#14085=CARTESIAN_POINT('Ctrl Pts',(-268.370545412711,151.044363187598,864.681792880667));
#14086=CARTESIAN_POINT('Ctrl Pts',(-268.370545300716,151.044355610897,864.681779737202));
#14087=CARTESIAN_POINT('Ctrl Pts',(-268.369731379026,150.989972407193,864.58531745216));
#14088=CARTESIAN_POINT('Ctrl Pts',(-268.368929044621,150.930418110486,864.491546924729));
#14089=CARTESIAN_POINT('Ctrl Pts',(-268.368139078417,150.866014822348,864.40080780199));
#14090=CARTESIAN_POINT('Ctrl Pts',(-268.368138965421,150.866005630699,864.400795323479));
#14091=CARTESIAN_POINT('Ctrl Pts',(-268.367340608192,150.800989083605,864.31087754861));
#14092=CARTESIAN_POINT('Ctrl Pts',(-268.36655304816,150.73120095672,864.223984096968));
#14093=CARTESIAN_POINT('Ctrl Pts',(-268.365780288251,150.656948096481,864.14045333104));
#14094=CARTESIAN_POINT('Ctrl Pts',(-268.365780176255,150.656937347874,864.140441632479));
#14095=CARTESIAN_POINT('Ctrl Pts',(-268.365001818348,150.582143777439,864.057681428267));
#14096=CARTESIAN_POINT('Ctrl Pts',(-268.364244549587,150.502945695937,863.97827353001));
#14097=CARTESIAN_POINT('Ctrl Pts',(-268.363516967905,150.419638544812,863.902558387201));
#14098=CARTESIAN_POINT('Ctrl Pts',(-268.363516864909,150.419626278239,863.902547578588));
#14099=CARTESIAN_POINT('Ctrl Pts',(-268.36280024028,150.335825983473,863.827553167667));
#14100=CARTESIAN_POINT('Ctrl Pts',(-268.362130003743,150.247966692254,863.756241358381));
#14101=CARTESIAN_POINT('Ctrl Pts',(-268.361520582197,150.156335589084,863.688955595855));
#14102=CARTESIAN_POINT('Ctrl Pts',(-268.3615204982,150.156322046529,863.688945944178));
#14103=CARTESIAN_POINT('Ctrl Pts',(-268.360936546406,150.065463426565,863.623204259557));
#14104=CARTESIAN_POINT('Ctrl Pts',(-268.360382455946,149.971547207682,863.561579606765));
#14105=CARTESIAN_POINT('Ctrl Pts',(-268.359863634932,149.874999796193,863.504137236491));
#14106=CARTESIAN_POINT('Ctrl Pts',(-268.359863557935,149.874984961665,863.504128654771));
#14107=CARTESIAN_POINT('Ctrl Pts',(-268.35935350495,149.778398622585,863.447461994912));
#14108=CARTESIAN_POINT('Ctrl Pts',(-268.35888395337,149.679228442604,863.394920500857));
#14109=CARTESIAN_POINT('Ctrl Pts',(-268.358456696316,149.577882314884,863.346580317429));
#14110=CARTESIAN_POINT('Ctrl Pts',(-268.358456633319,149.577866461369,863.346572972659));
#14111=CARTESIAN_POINT('Ctrl Pts',(-268.358040767257,149.476486344435,863.298910698168));
#14112=CARTESIAN_POINT('Ctrl Pts',(-268.357666151702,149.372953367461,863.255409968938));
#14113=CARTESIAN_POINT('Ctrl Pts',(-268.357331961782,149.267663268792,863.216160348698));
#14114=CARTESIAN_POINT('Ctrl Pts',(-268.357331910784,149.267646530285,863.216154309878));
#14115=CARTESIAN_POINT('Ctrl Pts',(-268.357003792841,149.162296457237,863.177517161105));
#14116=CARTESIAN_POINT('Ctrl Pts',(-268.356710661528,149.05519865469,863.143111212809));
#14117=CARTESIAN_POINT('Ctrl Pts',(-268.356449982981,148.946741789332,863.113040089386));
#14118=CARTESIAN_POINT('Ctrl Pts',(-268.356449941983,148.946724394834,863.113035458524));
#14119=CARTESIAN_POINT('Ctrl Pts',(-268.356189934482,148.838428292961,863.083604822243));
#14120=CARTESIAN_POINT('Ctrl Pts',(-268.35596722375,148.728907637361,863.058463297091));
#14121=CARTESIAN_POINT('Ctrl Pts',(-268.355783153843,148.618429594423,863.037624565269));
#14122=CARTESIAN_POINT('Ctrl Pts',(-268.355783125844,148.618411678927,863.037621364363));
#14123=CARTESIAN_POINT('Ctrl Pts',(-268.355605068934,148.50793759801,863.01733573039));
#14124=CARTESIAN_POINT('Ctrl Pts',(-268.355465521841,148.396550425834,863.001343424015));
#14125=CARTESIAN_POINT('Ctrl Pts',(-268.355363477624,148.284513413857,862.989665981867));
#14126=CARTESIAN_POINT('Ctrl Pts',(-268.355363461624,148.284495160363,862.989664252918));
#14127=CARTESIAN_POINT('Ctrl Pts',(-268.355265104409,148.172431164187,862.97851885999));
#14128=CARTESIAN_POINT('Ctrl Pts',(-268.355205018066,148.059842451585,862.971701771031));
#14129=CARTESIAN_POINT('Ctrl Pts',(-268.355183435604,147.947273710129,862.969239214844));
#14130=CARTESIAN_POINT('Ctrl Pts',(-268.355183441604,147.947256100733,862.969238923855));
#14131=CARTESIAN_POINT('Ctrl Pts',(-268.355185019794,147.920582949315,862.968726014378));
#14132=CARTESIAN_POINT('Ctrl Pts',(-268.355182462787,147.897067142672,862.968481491054));
#14133=CARTESIAN_POINT('Ctrl Pts',(-268.355177179795,147.866891568079,862.968456417539));
#14134=CARTESIAN_POINT('',(-270.93031234266,153.937325368257,865.948062479323));
#14135=CARTESIAN_POINT('Ctrl Pts',(-271.720101495197,153.93732281438,862.938883166349));
#14136=CARTESIAN_POINT('Ctrl Pts',(-271.661009733052,153.937322933295,863.05914486394));
#14137=CARTESIAN_POINT('Ctrl Pts',(-271.547515755784,153.937323164422,863.294234112033));
#14138=CARTESIAN_POINT('Ctrl Pts',(-271.249603142664,153.937323849411,864.029067295493));
#14139=CARTESIAN_POINT('Ctrl Pts',(-271.11576241047,153.937324216985,864.449177635538));
#14140=CARTESIAN_POINT('Ctrl Pts',(-270.988486239155,153.937324738121,865.106712798697));
#14141=CARTESIAN_POINT('Ctrl Pts',(-270.963974002496,153.937324877344,865.291778939566));
#14142=CARTESIAN_POINT('Ctrl Pts',(-270.929715477552,153.937325168929,865.696303457464));
#14143=CARTESIAN_POINT('Ctrl Pts',(-270.929107921842,153.937325245778,865.81126474173));
#14144=CARTESIAN_POINT('Ctrl Pts',(-270.930312183074,153.937325335955,865.948062480687));
#14145=CARTESIAN_POINT('Origin',(-310.252887865106,150.48971321966,5724.90713031096));
#14146=CARTESIAN_POINT('Origin',(-281.477404385,146.437318788,866.554321629));
#14147=CARTESIAN_POINT('',(-275.945942732669,146.437334217664,884.275270076349));
#14148=CARTESIAN_POINT('',(-278.850282723161,146.437332455526,884.503623978392));
#14149=CARTESIAN_POINT('',(-275.945942878,146.437334217664,884.275269983));
#14150=CARTESIAN_POINT('',(-282.076202219488,146.437328497178,881.748003626109));
#14151=CARTESIAN_POINT('Origin',(-279.085432345249,146.437330311409,881.512854080049));
#14152=CARTESIAN_POINT('',(-283.328131473321,146.437317076088,865.825228594205));
#14153=CARTESIAN_POINT('',(-282.076202178011,146.437328497096,881.748003622847));
#14154=CARTESIAN_POINT('',(-283.32813167,146.437317083524,865.825229482));
#14155=CARTESIAN_POINT('',(-275.05460759751,146.437320740428,883.243536749869));
#14156=CARTESIAN_POINT('',(-276.33158060911,146.437322477039,867.002354051495));
#14157=CARTESIAN_POINT('Ctrl Pts',(-275.054590344794,146.437334118963,883.243536948969));
#14158=CARTESIAN_POINT('Ctrl Pts',(-274.748403473063,146.437334466379,883.462543323738));
#14159=CARTESIAN_POINT('Ctrl Pts',(-274.411452437727,146.437334805394,883.638570455679));
#14160=CARTESIAN_POINT('Ctrl Pts',(-273.703141465266,146.437335438662,883.888933751152));
#14161=CARTESIAN_POINT('Ctrl Pts',(-273.33047580165,146.437335733977,883.96357116187));
#14162=CARTESIAN_POINT('Ctrl Pts',(-272.954647415941,146.437335992854,883.980422472945));
#14163=CARTESIAN_POINT('',(-272.981583479674,146.437338009723,887.040001915721));
#14164=CARTESIAN_POINT('Origin',(-283.328134504,150.737317083,865.825226622));
#14165=CARTESIAN_POINT('',(-283.328136653379,153.937317083231,865.825224554978));
#14166=CARTESIAN_POINT('',(-283.328131507126,146.437317068467,865.825228148738));
#14167=CARTESIAN_POINT('',(-283.328136694395,153.937317083,865.825224579112));
#14168=CARTESIAN_POINT('Origin',(-280.15693878,153.937317205,862.864440733));
#14169=CARTESIAN_POINT('',(-271.030040873,153.937332803962,877.276976167));
#14170=CARTESIAN_POINT('',(-282.076207092571,153.937328497746,881.74799952882));
#14171=CARTESIAN_POINT('',(-283.328136608576,153.937317083441,865.825224568124));
#14172=CARTESIAN_POINT('',(-278.850287665777,153.937332456113,884.503618990722));
#14173=CARTESIAN_POINT('Origin',(-279.085437287749,153.937330311898,881.512849092549));
#14174=CARTESIAN_POINT('',(-275.945947677206,153.93733421843,884.275265088178));
#14175=CARTESIAN_POINT('',(-278.850287668,153.937332456137,884.503618967));
#14176=CARTESIAN_POINT('',(-275.94594525872,153.937334218621,884.275267392165));
#14177=CARTESIAN_POINT('',(-281.689068802257,153.937320233626,868.937072189851));
#14178=CARTESIAN_POINT('',(-279.008381512878,153.937320798177,867.129519870945));
#14179=CARTESIAN_POINT('',(-281.689069211,153.937320233626,868.937072581));
#14180=CARTESIAN_POINT('',(-276.102651098207,153.937323655868,868.547287161535));
#14181=CARTESIAN_POINT('',(-279.008381514,153.937320798177,867.129519871));
#14182=CARTESIAN_POINT('',(-275.877607972634,153.937325949009,871.772606771456));
#14183=CARTESIAN_POINT('',(-276.102651098,153.937323655868,868.547287162));
#14184=CARTESIAN_POINT('',(-278.558296078919,153.937325384459,873.580159874012));
#14185=CARTESIAN_POINT('',(-275.877608381,153.937325949009,871.772607162));
#14186=CARTESIAN_POINT('',(-281.464026314501,153.937322526768,872.162393314874));
#14187=CARTESIAN_POINT('',(-278.558296079,153.937325384459,873.580159874));
#14188=CARTESIAN_POINT('',(-281.464026494,153.937322526767,872.162392583));
#14189=CARTESIAN_POINT('',(-280.905236994284,153.937327379711,878.906305244905));
#14190=CARTESIAN_POINT('',(-278.224549703691,153.937327944262,877.098752924995));
#14191=CARTESIAN_POINT('',(-280.905237403,153.937327379711,878.906305636));
#14192=CARTESIAN_POINT('',(-275.318819290436,153.937330801953,878.516520215255));
#14193=CARTESIAN_POINT('',(-278.224549705,153.937327944262,877.098752925));
#14194=CARTESIAN_POINT('',(-275.093776165301,153.937333095095,881.741839825938));
#14195=CARTESIAN_POINT('',(-275.318819291,153.937330801954,878.516520216));
#14196=CARTESIAN_POINT('',(-277.774464270002,153.937332530544,883.549392927782));
#14197=CARTESIAN_POINT('',(-275.093776574,153.937333095095,881.741840217));
#14198=CARTESIAN_POINT('',(-280.680194507108,153.937329672853,882.131626368511));
#14199=CARTESIAN_POINT('',(-277.77446427,153.937332530544,883.549392928));
#14200=CARTESIAN_POINT('',(-280.680194686,153.937329672852,882.131625637));
#14201=CARTESIAN_POINT('Origin',(-279.8399245,115.899817416,862.867256491));
#14202=CARTESIAN_POINT('',(-283.293979871013,115.899817107043,865.825550190265));
#14203=CARTESIAN_POINT('',(-280.529245774,115.899816957702,862.86118838));
#14204=CARTESIAN_POINT('',(-275.945922705472,115.89983421849,884.275290400043));
#14205=CARTESIAN_POINT('',(-275.945922730898,115.89983421849,884.275290365671));
#14206=CARTESIAN_POINT('',(-278.816368073892,115.899832476936,884.50097942167));
#14207=CARTESIAN_POINT('',(-278.816364232,115.899832476952,884.500979021));
#14208=CARTESIAN_POINT('',(-282.042284046148,115.899828518483,881.745354108676));
#14209=CARTESIAN_POINT('Origin',(-279.0515137731,115.899830333809,881.5102091265));
#14210=CARTESIAN_POINT('',(-283.293979999,115.899817107043,865.82555025));
#14211=CARTESIAN_POINT('Origin',(-280.529575747,616.487014888,862.860855489));
#14212=CARTESIAN_POINT('',(-283.293984143879,122.299817040006,865.825546175252));
#14213=CARTESIAN_POINT('',(-283.294322349372,616.487014888,865.825230633253));
#14214=CARTESIAN_POINT('',(-280.529237476628,122.299816957,862.861170979388));
#14215=CARTESIAN_POINT('Origin',(-281.161362302,122.29981898,866.529490094));
#14216=CARTESIAN_POINT('',(-282.042287905305,122.299828518091,881.745354412104));
#14217=CARTESIAN_POINT('',(-282.042287904,122.29982851802,881.745354412));
#14218=CARTESIAN_POINT('',(-278.816368444902,122.299832692127,884.500974829789));
#14219=CARTESIAN_POINT('Origin',(-279.0515179907,122.29983055054,881.5102048705));
#14220=CARTESIAN_POINT('',(-275.94592524919,122.299834217927,884.275286191153));
#14221=CARTESIAN_POINT('',(-275.945926951,122.299834217926,884.275286059));
#14222=CARTESIAN_POINT('',(-272.981565089132,122.29983800999,887.040022098868));
#14223=CARTESIAN_POINT('',(-275.053073941889,122.299855762338,883.262786468412));
#14224=CARTESIAN_POINT('Ctrl Pts',(-275.053059787441,122.299834133014,883.262786968237));
#14225=CARTESIAN_POINT('Ctrl Pts',(-274.745503656832,122.299834478512,883.477552341881));
#14226=CARTESIAN_POINT('Ctrl Pts',(-274.408453760612,122.29983481512,883.649719902726));
#14227=CARTESIAN_POINT('Ctrl Pts',(-273.700456858271,122.299835444012,883.893813649253));
#14228=CARTESIAN_POINT('Ctrl Pts',(-273.328986785962,122.299835736675,883.965790134996));
#14229=CARTESIAN_POINT('Ctrl Pts',(-272.954633925921,122.299835993298,883.980714298743));
#14230=CARTESIAN_POINT('',(-276.33156469887,122.299822477302,867.002370102141));
#14231=CARTESIAN_POINT('Origin',(-276.264962756,158.347754475,867.849730941));
#14232=CARTESIAN_POINT('',(-275.000981113128,125.042057576374,883.925534335684));
#14233=CARTESIAN_POINT('Ctrl Pts',(-275.000981112897,125.042057575461,883.92553433503));
#14234=CARTESIAN_POINT('Ctrl Pts',(-275.00098080129,124.569121439451,883.92553464788));
#14235=CARTESIAN_POINT('Ctrl Pts',(-275.006169225474,124.097398175764,883.859541582643));
#14236=CARTESIAN_POINT('Ctrl Pts',(-275.024450478282,123.17742987647,883.627022778003));
#14237=CARTESIAN_POINT('Ctrl Pts',(-275.037420003438,122.733971755522,883.462065321435));
#14238=CARTESIAN_POINT('Ctrl Pts',(-275.053088096338,122.299877391663,883.262785968586));
#14239=CARTESIAN_POINT('',(-275.000991250753,143.653502996314,883.925522305208));
#14240=CARTESIAN_POINT('',(-275.000993312304,143.653502923995,883.925522828118));
#14241=CARTESIAN_POINT('Ctrl Pts',(-275.054616274559,146.437293983376,883.243536005443));
#14242=CARTESIAN_POINT('Ctrl Pts',(-275.038522404287,145.996852247793,883.448223894724));
#14243=CARTESIAN_POINT('Ctrl Pts',(-275.025165101538,145.546567950975,883.618106435988));
#14244=CARTESIAN_POINT('Ctrl Pts',(-275.006346777012,144.612825246974,883.857441726124));
#14245=CARTESIAN_POINT('Ctrl Pts',(-275.000993910362,144.133753873516,883.925518928478));
#14246=CARTESIAN_POINT('Ctrl Pts',(-275.000993380713,143.653502996309,883.925521958051));
#14247=CARTESIAN_POINT('Origin',(-272.335144939,155.095764897,893.934496522));
#14248=CARTESIAN_POINT('Origin',(-255.561295171,135.431086884,902.351388271));
#14249=CARTESIAN_POINT('Origin',(-227.501797494,130.267010275,893.579405363));
#14250=CARTESIAN_POINT('Origin',(-227.5889396,130.2670168,903.47851675));
#14251=CARTESIAN_POINT('Origin',(-227.501804019,140.166505211,893.57939878));
#14252=CARTESIAN_POINT('Origin',(-227.588946125,140.166511736,903.478510167));
#14253=CARTESIAN_POINT('Origin',(-273.719009732,153.41670689,862.921114314));
#14254=CARTESIAN_POINT('',(-249.094075758974,153.41674019255,888.597392223706));
#14255=CARTESIAN_POINT('',(-250.510122844119,153.416738280691,887.125677301213));
#14256=CARTESIAN_POINT('',(-249.094075764,153.416740192556,888.597392226));
#14257=CARTESIAN_POINT('',(-249.08149445589,153.416739250426,887.168188779876));
#14258=CARTESIAN_POINT('',(-248.360627059,153.416739244499,886.444910848));
#14259=CARTESIAN_POINT('',(-249.081494453,153.416739250427,887.168188783));
#14260=CARTESIAN_POINT('Origin',(-247.652335376,144.923474447,887.150842004));
#14261=CARTESIAN_POINT('',(-249.09407962444,159.216740193058,888.59738841405));
#14262=CARTESIAN_POINT('Origin',(-249.094070166,144.923474459,888.597397875));
#14263=CARTESIAN_POINT('Origin',(-272.981557768,111.216698415,887.040027671));
#14264=CARTESIAN_POINT('',(-275.945922721498,115.899835630864,884.27529048524));
#14265=CARTESIAN_POINT('Origin',(-272.981557768,111.216698415,887.040027671));
#14266=CARTESIAN_POINT('',(-275.946086017806,363.851863383143,884.275125491589));
#14267=CARTESIAN_POINT('Origin',(-273.230485912,158.347767198,883.973511475));
#14268=CARTESIAN_POINT('Ctrl Pts',(-275.000987059241,143.653502923999,883.925522129454));
#14269=CARTESIAN_POINT('Ctrl Pts',(-274.575467354357,143.99592274167,883.937057883593));
#14270=CARTESIAN_POINT('Ctrl Pts',(-274.188833384538,144.38626242523,883.94753940164));
#14271=CARTESIAN_POINT('Ctrl Pts',(-273.851553648395,144.815003967305,883.956682886792));
#14272=CARTESIAN_POINT('Ctrl Pts',(-273.841758591738,144.827455197715,883.956948425878));
#14273=CARTESIAN_POINT('Ctrl Pts',(-273.832004823575,144.839939244938,883.95721284555));
#14274=CARTESIAN_POINT('Ctrl Pts',(-273.82229301497,144.852455162799,883.957476127689));
#14275=CARTESIAN_POINT('Ctrl Pts',(-273.478168006738,145.295940049304,883.966805179758));
#14276=CARTESIAN_POINT('Ctrl Pts',(-273.186502559958,145.779723243758,883.974712010454));
#14277=CARTESIAN_POINT('Ctrl Pts',(-272.954655375167,146.290320124937,883.98099713119));
#14278=CARTESIAN_POINT('Ctrl Pts',(-272.954636633273,122.405219888919,883.981013098153));
#14279=CARTESIAN_POINT('Ctrl Pts',(-273.193009070188,122.930196699689,883.974550402856));
#14280=CARTESIAN_POINT('Ctrl Pts',(-273.494619670623,123.426828674832,883.966373321347));
#14281=CARTESIAN_POINT('Ctrl Pts',(-273.851467239,123.880459497,883.956698776));
#14282=CARTESIAN_POINT('Ctrl Pts',(-274.188770762,124.309245592,883.947554092));
#14283=CARTESIAN_POINT('Ctrl Pts',(-274.575426438,124.699611775,883.93707148));
#14284=CARTESIAN_POINT('Ctrl Pts',(-275.000981113665,125.042057577333,883.925534336044));
#14285=CARTESIAN_POINT('Origin',(-273.719009732,153.41670689,862.921114314));
#14286=CARTESIAN_POINT('',(-269.58070019689,153.416725621445,886.987733798876));
#14287=CARTESIAN_POINT('',(-268.859832799,153.41672561552,886.264455867));
#14288=CARTESIAN_POINT('',(-269.580700194,153.416725621448,886.987733802));
#14289=CARTESIAN_POINT('Origin',(-261.026720193,118.016737277,896.03414678));
#14290=CARTESIAN_POINT('',(-261.02672019277,118.016737277733,896.034146780406));
#14291=CARTESIAN_POINT('',(-262.618590802557,118.016734356767,893.220025017247));
#14292=CARTESIAN_POINT('Origin',(-257.793683952,118.016739427,896.062607273));
#14293=CARTESIAN_POINT('',(-257.793681756856,118.016739427,896.062607292324));
#14294=CARTESIAN_POINT('Origin',(-256.152518322,118.016738656,893.276946003));
#14295=CARTESIAN_POINT('',(-256.152518721562,118.016738656,893.276946681203));
#14296=CARTESIAN_POINT('Origin',(-257.744388933,118.016735735,890.462824241));
#14297=CARTESIAN_POINT('',(-257.744388932661,118.016735734267,890.462824241599));
#14298=CARTESIAN_POINT('Origin',(-260.977425174,118.016733585,890.434363749));
#14299=CARTESIAN_POINT('',(-260.977422978856,118.016733585,890.434363768324));
#14300=CARTESIAN_POINT('Origin',(-262.618590803,118.016734356,893.220025018));
#14301=CARTESIAN_POINT('Origin',(-257.864985676,118.016744766,904.162293444));
#14302=CARTESIAN_POINT('',(-257.864983480856,118.016744766,904.162293463324));
#14303=CARTESIAN_POINT('',(-261.098021917004,118.016744766,904.133832951403));
#14304=CARTESIAN_POINT('Origin',(-256.223820046,118.016743995,901.376632174));
#14305=CARTESIAN_POINT('',(-256.223820445562,118.016743995,901.376632852203));
#14306=CARTESIAN_POINT('Origin',(-257.815690657,118.016741075,898.562510412));
#14307=CARTESIAN_POINT('',(-257.81569065723,118.016741074267,898.562510411594));
#14308=CARTESIAN_POINT('Origin',(-261.048726898,118.016738925,898.534049919));
#14309=CARTESIAN_POINT('',(-261.048724703847,118.016738925,898.534049938315));
#14310=CARTESIAN_POINT('Origin',(-262.689892527,118.016739695,901.319711189));
#14311=CARTESIAN_POINT('',(-262.689892926124,118.016739695,901.319711866461));
#14312=CARTESIAN_POINT('Origin',(-261.098021917,118.016742616,904.133832951));
#14313=CARTESIAN_POINT('Origin',(-266.94829385,118.016774023,957.161708998));
#14314=CARTESIAN_POINT('Origin',(-269.601530052,94.216727185,889.358422497));
#14315=CARTESIAN_POINT('',(-270.322148991166,117.016727170864,890.051754291236));
#14316=CARTESIAN_POINT('',(-270.322133965049,94.2167271711977,890.051769452353));
#14317=CARTESIAN_POINT('',(-268.893258996054,117.016728121064,890.064332845099));
#14318=CARTESIAN_POINT('Origin',(-269.6015450772,117.016727185044,889.358407335));
#14319=CARTESIAN_POINT('',(-268.893243970364,94.216728121201,890.064348007631));
#14320=CARTESIAN_POINT('Origin',(-249.822928223,94.216740804,890.232224436));
#14321=CARTESIAN_POINT('',(-249.114920422769,94.216740804,890.968065540402));
#14322=CARTESIAN_POINT('Origin',(-249.114905622,94.21674176,890.968080922));
#14323=CARTESIAN_POINT('Origin',(-273.230485912,158.347767198,883.973511475));
#14324=CARTESIAN_POINT('Origin',(-269.580715223,176.216725622,886.987718639));
#14325=CARTESIAN_POINT('',(-269.580715315044,176.216725622,886.987718731352));
#14326=CARTESIAN_POINT('Origin',(-270.288737824,176.216724666,886.251862153));
#14327=CARTESIAN_POINT('Origin',(-249.081509482,176.216739255,887.16817362));
#14328=CARTESIAN_POINT('',(-249.081509574044,176.216739255,887.168173712352));
#14329=CARTESIAN_POINT('Origin',(-249.789532083,176.216738299,886.432317134));
#14330=CARTESIAN_POINT('Origin',(-274.169683056,117.01674064,914.119154809));
#14331=CARTESIAN_POINT('',(-269.61412639275,117.016728126635,890.787610780081));
#14332=CARTESIAN_POINT('',(-270.322148993,117.016727170704,890.051754293));
#14333=CARTESIAN_POINT('',(-269.614126392,117.016728126635,890.787610779));
#14334=CARTESIAN_POINT('Origin',(-279.085742108,616.487028243,881.512541497));
#14335=CARTESIAN_POINT('',(-278.850592484992,616.487030386826,884.503311407039));
#14336=CARTESIAN_POINT('',(-282.076207079076,153.937328497595,881.747999527759));
#14337=CARTESIAN_POINT('Origin',(-440.176939636,616.48693248,897.187609357));
#14338=CARTESIAN_POINT('Ctrl Pts',(-274.652363259,147.177904524,883.261337047));
#14339=CARTESIAN_POINT('Ctrl Pts',(-274.559813260995,147.137002456623,883.345940759951));
#14340=CARTESIAN_POINT('Ctrl Pts',(-274.462458500478,147.094105194559,883.423953327789));
#14341=CARTESIAN_POINT('Ctrl Pts',(-274.209184235634,146.982807959303,883.60100306976));
#14342=CARTESIAN_POINT('Ctrl Pts',(-274.048755703,146.912575231,883.690464797));
#14343=CARTESIAN_POINT('Ctrl Pts',(-273.721462465,146.769756357,883.833251056));
#14344=CARTESIAN_POINT('Ctrl Pts',(-273.554622459,146.697180497,883.886606782));
#14345=CARTESIAN_POINT('Ctrl Pts',(-273.223544225948,146.553551541494,883.959039618131));
#14346=CARTESIAN_POINT('Ctrl Pts',(-273.059336007966,146.482510888446,883.978159221775));
#14347=CARTESIAN_POINT('Ctrl Pts',(-272.899997066385,146.413743231389,883.982478855503));
#14348=CARTESIAN_POINT('Ctrl Pts',(-274.836016213,146.762201668,883.253219525));
#14349=CARTESIAN_POINT('Ctrl Pts',(-274.746887529533,146.713034819189,883.338117935843));
#14350=CARTESIAN_POINT('Ctrl Pts',(-274.653091873452,146.661457552842,883.416393316222));
#14351=CARTESIAN_POINT('Ctrl Pts',(-274.408999391349,146.527618710773,883.594004016903));
#14352=CARTESIAN_POINT('Ctrl Pts',(-274.254319575,146.44314297,883.683713429));
#14353=CARTESIAN_POINT('Ctrl Pts',(-273.93868477,146.271349346,883.82680658));
#14354=CARTESIAN_POINT('Ctrl Pts',(-273.77775417,146.184044064,883.880221925));
#14355=CARTESIAN_POINT('Ctrl Pts',(-273.458387117037,146.011274184961,883.952614901495));
#14356=CARTESIAN_POINT('Ctrl Pts',(-273.299979861652,145.925824642707,883.971635650458));
#14357=CARTESIAN_POINT('Ctrl Pts',(-273.146279016632,145.843119617964,883.975802442605));
#14358=CARTESIAN_POINT('Ctrl Pts',(-275.07474308,146.370688642,883.242655291));
#14359=CARTESIAN_POINT('Ctrl Pts',(-274.990075324625,146.313678582577,883.327938015703));
#14360=CARTESIAN_POINT('Ctrl Pts',(-274.90092302133,146.25385277153,883.406556111547));
#14361=CARTESIAN_POINT('Ctrl Pts',(-274.668814355971,146.098572863378,883.58489813067));
#14362=CARTESIAN_POINT('Ctrl Pts',(-274.521641871,146.000532254,883.67493025));
#14363=CARTESIAN_POINT('Ctrl Pts',(-274.221234583,145.801132735,883.818422749));
#14364=CARTESIAN_POINT('Ctrl Pts',(-274.068023715,145.699788843,883.871915278));
#14365=CARTESIAN_POINT('Ctrl Pts',(-273.763953211403,145.499253184396,883.944255242648));
#14366=CARTESIAN_POINT('Ctrl Pts',(-273.613121697748,145.400079033693,883.963146615191));
#14367=CARTESIAN_POINT('Ctrl Pts',(-273.466781217148,145.304108455652,883.967113873988));
#14368=CARTESIAN_POINT('Ctrl Pts',(-275.36027967,146.017428365,883.229979881));
#14369=CARTESIAN_POINT('Ctrl Pts',(-275.281001587317,145.953235565688,883.315725894533));
#14370=CARTESIAN_POINT('Ctrl Pts',(-275.19746826307,145.885838579839,883.39475702638));
#14371=CARTESIAN_POINT('Ctrl Pts',(-274.979877147496,145.710848202668,883.573979733686));
#14372=CARTESIAN_POINT('Ctrl Pts',(-274.841813002,145.600311583,883.664399739));
#14373=CARTESIAN_POINT('Ctrl Pts',(-274.559889562,145.375465774,883.80837036));
#14374=CARTESIAN_POINT('Ctrl Pts',(-274.416053495,145.261174155,883.861953806));
#14375=CARTESIAN_POINT('Ctrl Pts',(-274.130552978063,145.035043294507,883.93422566856));
#14376=CARTESIAN_POINT('Ctrl Pts',(-273.98891528324,144.923224137668,883.952959040095));
#14377=CARTESIAN_POINT('Ctrl Pts',(-273.851499679748,144.815046313954,883.956684349902));
#14378=CARTESIAN_POINT('Ctrl Pts',(-275.620278064502,145.694773701745,883.219634937847));
#14379=CARTESIAN_POINT('Ctrl Pts',(-275.54099998182,145.630580902433,883.305380951381));
#14380=CARTESIAN_POINT('Ctrl Pts',(-275.457466657574,145.563183916584,883.384412083231));
#14381=CARTESIAN_POINT('Ctrl Pts',(-275.252603922613,145.370912462482,883.564406943476));
#14382=CARTESIAN_POINT('Ctrl Pts',(-275.122525591306,145.249420016998,883.655167030304));
#14383=CARTESIAN_POINT('Ctrl Pts',(-274.856808019385,145.002264272465,883.799556848983));
#14384=CARTESIAN_POINT('Ctrl Pts',(-274.721191388706,144.876620784312,883.853220006212));
#14385=CARTESIAN_POINT('Ctrl Pts',(-274.451972263368,144.628049427062,883.925432160549));
#14386=CARTESIAN_POINT('Ctrl Pts',(-274.31839532479,144.505143813062,883.944027001632));
#14387=CARTESIAN_POINT('Ctrl Pts',(-274.188804681646,144.386263333789,883.947540179822));
#14388=CARTESIAN_POINT('Ctrl Pts',(-275.917861919559,145.40241453187,883.20777807141));
#14389=CARTESIAN_POINT('Ctrl Pts',(-275.838583836877,145.338221732559,883.293524084947));
#14390=CARTESIAN_POINT('Ctrl Pts',(-275.755050512632,145.27082474671,883.372555216798));
#14391=CARTESIAN_POINT('Ctrl Pts',(-275.564841176969,145.062630154269,883.553437828821));
#14392=CARTESIAN_POINT('Ctrl Pts',(-275.443964388877,144.931020982681,883.644588543194));
#14393=CARTESIAN_POINT('Ctrl Pts',(-275.196924604725,144.66325025451,883.789458960453));
#14394=CARTESIAN_POINT('Ctrl Pts',(-275.07078340128,144.527110851294,883.8432127882));
#14395=CARTESIAN_POINT('Ctrl Pts',(-274.820329184737,144.257801040464,883.915354450322));
#14396=CARTESIAN_POINT('Ctrl Pts',(-274.696040299583,144.124654987325,883.933789171768));
#14397=CARTESIAN_POINT('Ctrl Pts',(-274.575460946299,143.995900545224,883.93705805738));
#14398=CARTESIAN_POINT('Ctrl Pts',(-276.244310229102,145.147553881678,883.194738446626));
#14399=CARTESIAN_POINT('Ctrl Pts',(-276.16503214642,145.083361082367,883.280484460163));
#14400=CARTESIAN_POINT('Ctrl Pts',(-276.081498822175,145.015964096518,883.359515592014));
#14401=CARTESIAN_POINT('Ctrl Pts',(-275.907563169053,144.793578921945,883.541378850595));
#14402=CARTESIAN_POINT('Ctrl Pts',(-275.796921363785,144.652930200899,883.632960241931));
#14403=CARTESIAN_POINT('Ctrl Pts',(-275.57066722251,144.366725417137,883.778358429185));
#14404=CARTESIAN_POINT('Ctrl Pts',(-275.455075581402,144.221193908696,883.832210152014));
#14405=CARTESIAN_POINT('Ctrl Pts',(-275.22550598755,143.93333848416,883.90426928979));
#14406=CARTESIAN_POINT('Ctrl Pts',(-275.111550510768,143.791040897309,883.922524774006));
#14407=CARTESIAN_POINT('Ctrl Pts',(-275.000987701204,143.653475754639,883.925522112121));
#14408=CARTESIAN_POINT('Origin',(-283.259791046,150.737317706,866.694458851));
#14409=CARTESIAN_POINT('Origin',(-278.224549968,154.337327944,877.098752659));
#14410=CARTESIAN_POINT('',(-278.224546015062,148.337327943675,877.09875665097));
#14411=CARTESIAN_POINT('',(-278.22454996791,154.337327943367,877.098752659044));
#14412=CARTESIAN_POINT('',(-275.318815600758,148.337331948342,878.51652394004));
#14413=CARTESIAN_POINT('',(-279.206557851847,148.337326977564,876.619612318067));
#14414=CARTESIAN_POINT('',(-275.318819554199,154.337330802433,878.516519948155));
#14415=CARTESIAN_POINT('Origin',(-280.905237666,154.337327379,878.90630537));
#14416=CARTESIAN_POINT('',(-280.905233711653,148.337327661114,878.906309360925));
#14417=CARTESIAN_POINT('',(-280.905236796661,154.337327379,878.906304783816));
#14418=CARTESIAN_POINT('',(-280.905234579952,148.337327944,878.906309946757));
#14419=CARTESIAN_POINT('Origin',(-280.68019495,154.337329673,882.131625371));
#14420=CARTESIAN_POINT('',(-280.680191190816,148.337328567915,882.131628575607));
#14421=CARTESIAN_POINT('',(-280.680191082741,148.337328526001,882.131628127695));
#14422=CARTESIAN_POINT('',(-280.68019129289,148.337327379,882.13162511583));
#14423=CARTESIAN_POINT('Origin',(-277.774464535,154.337332531,883.549392661));
#14424=CARTESIAN_POINT('',(-277.774460580779,148.33733253002,883.549396653261));
#14425=CARTESIAN_POINT('',(-277.774464534229,154.337332531633,883.549392661376));
#14426=CARTESIAN_POINT('',(-280.209337625267,148.337330135,882.361368675723));
#14427=CARTESIAN_POINT('Origin',(-275.093776837,154.337333096,881.741839951));
#14428=CARTESIAN_POINT('',(-275.093772882941,148.337332813883,881.741843942023));
#14429=CARTESIAN_POINT('',(-275.093775967661,154.337333096,881.741839364816));
#14430=CARTESIAN_POINT('',(-275.093773750952,148.337332531,881.741844527758));
#14431=CARTESIAN_POINT('Origin',(-275.318819554,154.337330803,878.516519951));
#14432=CARTESIAN_POINT('',(-275.318815896893,148.337333096,878.51651969583));
#14433=CARTESIAN_POINT('Origin',(-279.008381777,154.337320798,867.129519605));
#14434=CARTESIAN_POINT('',(-279.00837782434,148.337320797675,867.129523596833));
#14435=CARTESIAN_POINT('',(-279.008381777191,154.337320797367,867.129519604907));
#14436=CARTESIAN_POINT('',(-276.10264740865,148.337324801842,868.547290886581));
#14437=CARTESIAN_POINT('',(-279.99038966064,148.337319831564,866.650379264168));
#14438=CARTESIAN_POINT('',(-276.102651362091,154.337323655933,868.547286894696));
#14439=CARTESIAN_POINT('Origin',(-281.689069474,154.337320233,868.937072315));
#14440=CARTESIAN_POINT('',(-281.689065519193,148.337320515114,868.937076305769));
#14441=CARTESIAN_POINT('',(-281.689068604661,154.337320233,868.937071728816));
#14442=CARTESIAN_POINT('',(-281.689066387952,148.337320798,868.937076891757));
#14443=CARTESIAN_POINT('Origin',(-281.464026757,154.337322526,872.162392316));
#14444=CARTESIAN_POINT('',(-281.464022997829,148.337321421915,872.162395522402));
#14445=CARTESIAN_POINT('',(-281.464022889647,148.337321379501,872.162395074044));
#14446=CARTESIAN_POINT('',(-281.46402309989,148.337320233,872.16239206083));
#14447=CARTESIAN_POINT('Origin',(-278.558296343,154.337325384,873.580159608));
#14448=CARTESIAN_POINT('',(-278.558292389637,148.337325383104,873.580163599841));
#14449=CARTESIAN_POINT('',(-278.558296343089,154.337325384633,873.580159607956));
#14450=CARTESIAN_POINT('',(-280.993169433661,148.337322989,872.392135622531));
#14451=CARTESIAN_POINT('Origin',(-275.877608645,154.337325949,871.772606897));
#14452=CARTESIAN_POINT('',(-275.877604690669,148.337325666884,871.772610887775));
#14453=CARTESIAN_POINT('',(-275.877607775198,154.337325949,871.772606310504));
#14454=CARTESIAN_POINT('',(-275.877605558952,148.337325384,871.772611473758));
#14455=CARTESIAN_POINT('Origin',(-276.102651362,154.337323656,868.547286896));
#14456=CARTESIAN_POINT('',(-276.102647704893,148.337325949,868.54728664083));
#14457=CARTESIAN_POINT('Origin',(-283.225871104,117.999817727,866.69181536));
#14458=CARTESIAN_POINT('',(-282.042285311285,117.999817727,881.745354208148));
#14459=CARTESIAN_POINT('Origin',(-440.176939636,616.48693248,897.187609357));
#14460=CARTESIAN_POINT('',(-278.816396132647,616.48693248,884.500622680847));
#14461=CARTESIAN_POINT('Origin',(-279.051515157,117.999830333,881.51020773));
#14462=CARTESIAN_POINT('Ctrl Pts',(-276.217897090999,123.552735166999,883.214305899998));
#14463=CARTESIAN_POINT('Ctrl Pts',(-276.148645327999,123.618171183,883.292670957999));
#14464=CARTESIAN_POINT('Ctrl Pts',(-276.076039228,123.686534533,883.365224248));
#14465=CARTESIAN_POINT('Ctrl Pts',(-275.907570952,123.901930761,883.54137752));
#14466=CARTESIAN_POINT('Ctrl Pts',(-275.796929842,124.04257943,883.632961843));
#14467=CARTESIAN_POINT('Ctrl Pts',(-275.570657615,124.328808492,883.778371647));
#14468=CARTESIAN_POINT('Ctrl Pts',(-275.455066268,124.474340314,883.832223178));
#14469=CARTESIAN_POINT('Ctrl Pts',(-275.225497802,124.76219563,883.90428176));
#14470=CARTESIAN_POINT('Ctrl Pts',(-275.111543152,124.90449281,883.922537051));
#14471=CARTESIAN_POINT('Ctrl Pts',(-275.000981114,125.042057576,883.925534335));
#14472=CARTESIAN_POINT('Ctrl Pts',(-275.890917456999,123.297414253,883.227316007998));
#14473=CARTESIAN_POINT('Ctrl Pts',(-275.821665694,123.362850269,883.305681065999));
#14474=CARTESIAN_POINT('Ctrl Pts',(-275.749059594,123.431213619,883.378234356));
#14475=CARTESIAN_POINT('Ctrl Pts',(-275.564828058,123.632864438,883.55343771));
#14476=CARTESIAN_POINT('Ctrl Pts',(-275.443951315,123.764473025,883.644591312));
#14477=CARTESIAN_POINT('Ctrl Pts',(-275.196890356,124.032265365,883.789473293));
#14478=CARTESIAN_POINT('Ctrl Pts',(-275.07074875,124.1684045,883.843226935));
#14479=CARTESIAN_POINT('Ctrl Pts',(-274.820294328,124.437713095,883.915368072));
#14480=CARTESIAN_POINT('Ctrl Pts',(-274.696005635,124.570858216,883.933802622));
#14481=CARTESIAN_POINT('Ctrl Pts',(-274.575426438,124.699611775,883.93707148));
#14482=CARTESIAN_POINT('Ctrl Pts',(-275.592874886,123.00455355,883.239145442));
#14483=CARTESIAN_POINT('Ctrl Pts',(-275.523623123,123.069989566,883.3175105));
#14484=CARTESIAN_POINT('Ctrl Pts',(-275.451017023,123.138352916,883.39006379));
#14485=CARTESIAN_POINT('Ctrl Pts',(-275.252592648,123.324580939,883.564407271));
#14486=CARTESIAN_POINT('Ctrl Pts',(-275.122514401,123.446072749,883.655170236));
#14487=CARTESIAN_POINT('Ctrl Pts',(-274.856774149,123.693248235,883.799571608));
#14488=CARTESIAN_POINT('Ctrl Pts',(-274.72115713,123.818891369,883.853234593));
#14489=CARTESIAN_POINT('Ctrl Pts',(-274.451937881,124.06746139,883.925446248));
#14490=CARTESIAN_POINT('Ctrl Pts',(-274.318361194,124.190366036,883.94404093));
#14491=CARTESIAN_POINT('Ctrl Pts',(-274.188770762,124.309245592,883.947554092));
#14492=CARTESIAN_POINT('Ctrl Pts',(-275.06052125999,122.345708157245,883.262471067797));
#14493=CARTESIAN_POINT('Ctrl Pts',(-274.981994241275,122.398761087291,883.340057792737));
#14494=CARTESIAN_POINT('Ctrl Pts',(-274.899761851534,122.454145726292,883.411913512683));
#14495=CARTESIAN_POINT('Ctrl Pts',(-274.675238634523,122.604939520562,883.584673708561));
#14496=CARTESIAN_POINT('Ctrl Pts',(-274.528254635221,122.703237891775,883.674716713506));
#14497=CARTESIAN_POINT('Ctrl Pts',(-274.228204082578,122.903179305136,883.818230643437));
#14498=CARTESIAN_POINT('Ctrl Pts',(-274.075186699237,123.004790510285,883.871724913425));
#14499=CARTESIAN_POINT('Ctrl Pts',(-273.771500181582,123.205854074625,883.944063033434));
#14500=CARTESIAN_POINT('Ctrl Pts',(-273.620859128267,123.305288777817,883.962951008457));
#14501=CARTESIAN_POINT('Ctrl Pts',(-273.474703499991,123.401510893072,883.966913271491));
#14502=CARTESIAN_POINT('Ctrl Pts',(-274.824730757148,121.961221586728,883.272771863008));
#14503=CARTESIAN_POINT('Ctrl Pts',(-274.74213655196,122.007154643648,883.350016447908));
#14504=CARTESIAN_POINT('Ctrl Pts',(-274.655688879729,122.055091803474,883.421565450818));
#14505=CARTESIAN_POINT('Ctrl Pts',(-274.419748295395,122.185580653545,883.593628991615));
#14506=CARTESIAN_POINT('Ctrl Pts',(-274.265379476239,122.270615591672,883.683354626522));
#14507=CARTESIAN_POINT('Ctrl Pts',(-273.950348455864,122.443561942789,883.826475859408));
#14508=CARTESIAN_POINT('Ctrl Pts',(-273.789737124647,122.53144615378,883.879894277386));
#14509=CARTESIAN_POINT('Ctrl Pts',(-273.471003453253,122.705360580853,883.952284657401));
#14510=CARTESIAN_POINT('Ctrl Pts',(-273.312910254077,122.791375649934,883.971299933438));
#14511=CARTESIAN_POINT('Ctrl Pts',(-273.159514494963,122.874627280147,883.975458487495));
#14512=CARTESIAN_POINT('Ctrl Pts',(-274.641838177,121.553157096,883.280752638));
#14513=CARTESIAN_POINT('Ctrl Pts',(-274.556099385,121.59159209,883.357732699));
#14514=CARTESIAN_POINT('Ctrl Pts',(-274.466394379,121.63169569,883.429044549));
#14515=CARTESIAN_POINT('Ctrl Pts',(-274.22163444,121.74084506,883.600569312));
#14516=CARTESIAN_POINT('Ctrl Pts',(-274.061564489,121.811958363,883.690049346));
#14517=CARTESIAN_POINT('Ctrl Pts',(-273.734970444,121.956580898,883.832866301));
#14518=CARTESIAN_POINT('Ctrl Pts',(-273.568498499,122.030067572,883.88622564));
#14519=CARTESIAN_POINT('Ctrl Pts',(-273.238150469,122.175498098,883.958655627));
#14520=CARTESIAN_POINT('Ctrl Pts',(-273.074304329,122.247429353,883.977768969));
#14521=CARTESIAN_POINT('Ctrl Pts',(-272.915317254,122.317058455,883.982079115));
#14522=CARTESIAN_POINT('Origin',(-270.322133964,94.216727171,890.051769455));
#14523=CARTESIAN_POINT('',(-269.614126163769,94.216727171,890.787610559402));
#14524=CARTESIAN_POINT('Origin',(-269.614111362,94.216728127,890.787625941));
#14525=CARTESIAN_POINT('Origin',(-283.296814729,148.337320502,870.935146663));
#14526=CARTESIAN_POINT('Origin',(-282.512982921,148.337327648,880.904379718));
#14527=CARTESIAN_POINT('Origin',(-442.614329619,120.499712325,866.183624389));
#14528=CARTESIAN_POINT('Origin',(-442.614329619,120.499712325,866.183624389));
#14529=CARTESIAN_POINT('Ctrl Pts',(-241.777649724603,153.870641924022,878.957682429879));
#14530=CARTESIAN_POINT('Ctrl Pts',(-241.771343363138,153.861919462688,878.956280575744));
#14531=CARTESIAN_POINT('Ctrl Pts',(-241.765037001672,153.853197001353,878.954878721609));
#14532=CARTESIAN_POINT('Ctrl Pts',(-241.758730640207,153.844474540019,878.953476867474));
#14533=CARTESIAN_POINT('Ctrl Pts',(-241.488458064152,153.470654849016,878.893397417479));
#14534=CARTESIAN_POINT('Ctrl Pts',(-241.036016717466,152.598408668019,878.854730065856));
#14535=CARTESIAN_POINT('Ctrl Pts',(-240.892839563102,151.726162435,878.86225322584));
#14536=CARTESIAN_POINT('Ctrl Pts',(-240.892839320083,151.227735812,878.862253558826));
#14537=CARTESIAN_POINT('Ctrl Pts',(-241.763830675548,153.870641964016,878.968809678399));
#14538=CARTESIAN_POINT('Ctrl Pts',(-241.757542911967,153.861919502682,878.967411958371));
#14539=CARTESIAN_POINT('Ctrl Pts',(-241.751255148386,153.853197041347,878.966014238344));
#14540=CARTESIAN_POINT('Ctrl Pts',(-241.744967384804,153.844474580013,878.964616518316));
#14541=CARTESIAN_POINT('Ctrl Pts',(-241.475491860768,153.47065488901,878.90471424432));
#14542=CARTESIAN_POINT('Ctrl Pts',(-241.024384853311,152.598408708013,878.866160957237));
#14543=CARTESIAN_POINT('Ctrl Pts',(-240.881630001735,151.726162435,878.873661920227));
#14544=CARTESIAN_POINT('Ctrl Pts',(-240.881629718722,151.227735812,878.873662253218));
#14545=CARTESIAN_POINT('Ctrl Pts',(-241.750011626492,153.87064200401,878.979936926918));
#14546=CARTESIAN_POINT('Ctrl Pts',(-241.743742460796,153.861919542675,878.978543340998));
#14547=CARTESIAN_POINT('Ctrl Pts',(-241.737473295099,153.853197081341,878.977149755078));
#14548=CARTESIAN_POINT('Ctrl Pts',(-241.731204129402,153.844474620006,878.975756169158));
#14549=CARTESIAN_POINT('Ctrl Pts',(-241.462525657384,153.470654929005,878.91603107116));
#14550=CARTESIAN_POINT('Ctrl Pts',(-241.012752989155,152.598408748006,878.877591848619));
#14551=CARTESIAN_POINT('Ctrl Pts',(-240.870420440367,151.726162435,878.885070614613));
#14552=CARTESIAN_POINT('Ctrl Pts',(-240.870420117361,151.227735812,878.885070947609));
#14553=CARTESIAN_POINT('Ctrl Pts',(-241.736192577437,153.870642044003,878.991064175437));
#14554=CARTESIAN_POINT('Ctrl Pts',(-241.729942009625,153.861919582669,878.989674723625));
#14555=CARTESIAN_POINT('Ctrl Pts',(-241.723691441812,153.853197121334,878.988285271813));
#14556=CARTESIAN_POINT('Ctrl Pts',(-241.717440874,153.84447466,878.98689582));
#14557=CARTESIAN_POINT('Ctrl Pts',(-241.449559454,153.470654969,878.927347898));
#14558=CARTESIAN_POINT('Ctrl Pts',(-241.001121125,152.598408788,878.88902274));
#14559=CARTESIAN_POINT('Ctrl Pts',(-240.859210879,151.726162435,878.896479309));
#14560=CARTESIAN_POINT('Ctrl Pts',(-240.859210516,151.227735812,878.896479642));
#14561=CARTESIAN_POINT('Ctrl Pts',(-241.735847054407,153.870642045003,878.991342394337));
#14562=CARTESIAN_POINT('Ctrl Pts',(-241.729596951604,153.861919583669,878.989953045892));
#14563=CARTESIAN_POINT('Ctrl Pts',(-241.723346848802,153.853197122334,878.988563697446));
#14564=CARTESIAN_POINT('Ctrl Pts',(-241.717096746,153.844474661,878.987174349));
#14565=CARTESIAN_POINT('Ctrl Pts',(-241.449235255,153.47065497,878.927630857));
#14566=CARTESIAN_POINT('Ctrl Pts',(-241.000830289,152.598408789,878.889308551));
#14567=CARTESIAN_POINT('Ctrl Pts',(-240.858930602,151.726162435,878.896764565));
#14568=CARTESIAN_POINT('Ctrl Pts',(-240.858930238,151.227735812,878.896764898));
#14569=CARTESIAN_POINT('Ctrl Pts',(-241.735501530236,153.870642045003,878.991620612167));
#14570=CARTESIAN_POINT('Ctrl Pts',(-241.729251892491,153.861919583669,878.990231367112));
#14571=CARTESIAN_POINT('Ctrl Pts',(-241.723002254745,153.853197122334,878.988842122056));
#14572=CARTESIAN_POINT('Ctrl Pts',(-241.716752617,153.844474661,878.987452877));
#14573=CARTESIAN_POINT('Ctrl Pts',(-241.448911057,153.47065497,878.927913816));
#14574=CARTESIAN_POINT('Ctrl Pts',(-241.000539454,152.598408789,878.889594362));
#14575=CARTESIAN_POINT('Ctrl Pts',(-240.858650324,151.726162436,878.89704982));
#14576=CARTESIAN_POINT('Ctrl Pts',(-240.85864996,151.227735813,878.897050154));
#14577=CARTESIAN_POINT('Ctrl Pts',(-241.735129991136,153.870642046003,878.991919778687));
#14578=CARTESIAN_POINT('Ctrl Pts',(-241.728880853424,153.861919584669,878.990530644792));
#14579=CARTESIAN_POINT('Ctrl Pts',(-241.722631715712,153.853197123334,878.989141510896));
#14580=CARTESIAN_POINT('Ctrl Pts',(-241.716382578,153.844474662,878.987752377));
#14581=CARTESIAN_POINT('Ctrl Pts',(-241.448562448,153.470654971,878.92821808));
#14582=CARTESIAN_POINT('Ctrl Pts',(-241.000226721,152.59840879,878.889901692));
#14583=CARTESIAN_POINT('Ctrl Pts',(-240.858348944,151.726162436,878.897356554));
#14584=CARTESIAN_POINT('Ctrl Pts',(-240.85834858,151.227735813,878.897356887));
#14585=CARTESIAN_POINT('Ctrl Pts',(-241.735103976066,153.870642046003,878.991940726307));
#14586=CARTESIAN_POINT('Ctrl Pts',(-241.728854873377,153.861919584669,878.990551600205));
#14587=CARTESIAN_POINT('Ctrl Pts',(-241.722605770689,153.853197123334,878.989162474102));
#14588=CARTESIAN_POINT('Ctrl Pts',(-241.716356668,153.844474662,878.987773348));
#14589=CARTESIAN_POINT('Ctrl Pts',(-241.448538039,153.470654971,878.928239385));
#14590=CARTESIAN_POINT('Ctrl Pts',(-241.000204824,152.59840879,878.889923211));
#14591=CARTESIAN_POINT('Ctrl Pts',(-240.858327842,151.726162436,878.897378031));
#14592=CARTESIAN_POINT('Ctrl Pts',(-240.858327478,151.227735813,878.897378365));
#14593=CARTESIAN_POINT('Ctrl Pts',(-240.35309590429,153.870643696333,880.104746630621));
#14594=CARTESIAN_POINT('Ctrl Pts',(-240.348706816499,153.861921234065,880.103770973206));
#14595=CARTESIAN_POINT('Ctrl Pts',(-240.344317728708,153.853198771797,880.102795315792));
#14596=CARTESIAN_POINT('Ctrl Pts',(-240.339928640916,153.844476309529,880.101819658378));
#14597=CARTESIAN_POINT('Ctrl Pts',(-240.151824918936,153.470656578516,880.060005778199));
#14598=CARTESIAN_POINT('Ctrl Pts',(-239.836935850052,152.59841031649,880.033094409931));
#14599=CARTESIAN_POINT('Ctrl Pts',(-239.737287726739,151.726163933481,880.038330509763));
#14600=CARTESIAN_POINT('Ctrl Pts',(-239.737287373743,151.227737310481,880.038330842763));
#14601=CARTESIAN_POINT('Ctrl Pts',(-238.971113847513,153.870645347804,881.217531585173));
#14602=CARTESIAN_POINT('Ctrl Pts',(-238.968584739619,153.861922884555,881.2169693887));
#14603=CARTESIAN_POINT('Ctrl Pts',(-238.966055631726,153.853200421307,881.216407192228));
#14604=CARTESIAN_POINT('Ctrl Pts',(-238.963526523832,153.844477958058,881.215844995755));
#14605=CARTESIAN_POINT('Ctrl Pts',(-238.855136208871,153.470658185031,881.191750866397));
#14606=CARTESIAN_POINT('Ctrl Pts',(-238.673688773104,152.598411843981,881.176244088863));
#14607=CARTESIAN_POINT('Ctrl Pts',(-238.616268713478,151.726165431962,881.179261510526));
#14608=CARTESIAN_POINT('Ctrl Pts',(-238.616268371485,151.227738808962,881.179261842526));
#14609=CARTESIAN_POINT('Ctrl Pts',(-237.589131789595,153.870646998133,882.330316539726));
#14610=CARTESIAN_POINT('Ctrl Pts',(-237.588462661646,153.861924533951,882.330167804195));
#14611=CARTESIAN_POINT('Ctrl Pts',(-237.587793533697,153.853202069769,882.330019068663));
#14612=CARTESIAN_POINT('Ctrl Pts',(-237.587124405748,153.844479605587,882.329870333132));
#14613=CARTESIAN_POINT('Ctrl Pts',(-237.558447499808,153.470659792548,882.323495954596));
#14614=CARTESIAN_POINT('Ctrl Pts',(-237.510441696156,152.59841337047,882.319393767795));
#14615=CARTESIAN_POINT('Ctrl Pts',(-237.495249701218,151.726166929442,882.320192510289));
#14616=CARTESIAN_POINT('Ctrl Pts',(-237.495249369228,151.227740306442,882.320192842288));
#14617=CARTESIAN_POINT('',(-241.716406230989,153.844474661001,878.987733233612));
#14618=CARTESIAN_POINT('Ctrl Pts',(-242.457829251133,154.654315562535,879.18394351547));
#14619=CARTESIAN_POINT('Ctrl Pts',(-242.216364834033,154.449190603519,879.112879813584));
#14620=CARTESIAN_POINT('Ctrl Pts',(-241.957855560407,154.181474130982,879.041398516834));
#14621=CARTESIAN_POINT('Ctrl Pts',(-241.716413005804,153.844474660993,878.987727749821));
#14622=CARTESIAN_POINT('Ctrl Pts',(-240.958561158937,155.099812769452,880.239334418438));
#14623=CARTESIAN_POINT('Ctrl Pts',(-240.722953346834,154.732098153345,880.190016229676));
#14624=CARTESIAN_POINT('Ctrl Pts',(-240.508718458093,154.312574816103,880.140111309136));
#14625=CARTESIAN_POINT('Ctrl Pts',(-240.339181112586,153.844476292996,880.102424687673));
#14626=CARTESIAN_POINT('Ctrl Pts',(-239.45929294763,155.545310012784,881.294725405083));
#14627=CARTESIAN_POINT('Ctrl Pts',(-239.229541741005,155.015005725568,881.267152729382));
#14628=CARTESIAN_POINT('Ctrl Pts',(-239.059581240787,154.443675511995,881.238824189827));
#14629=CARTESIAN_POINT('Ctrl Pts',(-238.961949109436,153.844477925998,881.217121715075));
#14630=CARTESIAN_POINT('Ctrl Pts',(-237.960024721,155.990807259,882.350116402));
#14631=CARTESIAN_POINT('Ctrl Pts',(-237.736130121631,155.29791329987,882.344289240687));
#14632=CARTESIAN_POINT('Ctrl Pts',(-237.610444009024,154.57477621039,882.337537079561));
#14633=CARTESIAN_POINT('Ctrl Pts',(-237.584717094,153.844479557,882.331818752));
#14634=CARTESIAN_POINT('Ctrl Pts',(-242.457823030885,154.654317410839,879.183947894136));
#14635=CARTESIAN_POINT('Ctrl Pts',(-242.38106898116,154.589114530422,879.161359150797));
#14636=CARTESIAN_POINT('Ctrl Pts',(-242.300612110338,154.529215398269,879.149740583836));
#14637=CARTESIAN_POINT('Ctrl Pts',(-242.088150362256,154.396017314937,879.154552817613));
#14638=CARTESIAN_POINT('Ctrl Pts',(-241.950372535302,154.328910793017,879.185097590395));
#14639=CARTESIAN_POINT('Ctrl Pts',(-241.640698076859,154.216993770417,879.307709429577));
#14640=CARTESIAN_POINT('Ctrl Pts',(-241.487603175833,154.176729855222,879.389085296811));
#14641=CARTESIAN_POINT('Ctrl Pts',(-241.185334635199,154.110855623142,879.567382471263));
#14642=CARTESIAN_POINT('Ctrl Pts',(-241.020346594655,154.083804173463,879.676252576965));
#14643=CARTESIAN_POINT('Ctrl Pts',(-240.866163509471,154.0626826911,879.782806875266));
#14644=CARTESIAN_POINT('Origin',(-209.303733418,197.260298785,832.254047334));
#14645=CARTESIAN_POINT('',(0.,0.,0.));
#14646=UNCERTAINTY_MEASURE_WITH_UNIT(LENGTH_MEASURE(0.01),#14654,
'DISTANCE_ACCURACY_VALUE',
'Maximum model space distance between geometric entities at asserted c
onnectivities');
#14647=UNCERTAINTY_MEASURE_WITH_UNIT(LENGTH_MEASURE(0.01),#14654,
'DISTANCE_ACCURACY_VALUE',
'Maximum model space distance between geometric entities at asserted c
onnectivities');
#14648=UNCERTAINTY_MEASURE_WITH_UNIT(LENGTH_MEASURE(0.01),#14654,
'DISTANCE_ACCURACY_VALUE',
'Maximum model space distance between geometric entities at asserted c
onnectivities');
#14649=UNCERTAINTY_MEASURE_WITH_UNIT(LENGTH_MEASURE(0.01),#14654,
'DISTANCE_ACCURACY_VALUE',
'Maximum model space distance between geometric entities at asserted c
onnectivities');
#14650=(
GEOMETRIC_REPRESENTATION_CONTEXT(3)
GLOBAL_UNCERTAINTY_ASSIGNED_CONTEXT((#14646))
GLOBAL_UNIT_ASSIGNED_CONTEXT((#14654,#14656,#14657))
REPRESENTATION_CONTEXT('','3D')
);
#14651=(
GEOMETRIC_REPRESENTATION_CONTEXT(3)
GLOBAL_UNCERTAINTY_ASSIGNED_CONTEXT((#14647))
GLOBAL_UNIT_ASSIGNED_CONTEXT((#14654,#14656,#14657))
REPRESENTATION_CONTEXT('','3D')
);
#14652=(
GEOMETRIC_REPRESENTATION_CONTEXT(3)
GLOBAL_UNCERTAINTY_ASSIGNED_CONTEXT((#14648))
GLOBAL_UNIT_ASSIGNED_CONTEXT((#14654,#14656,#14657))
REPRESENTATION_CONTEXT('','3D')
);
#14653=(
GEOMETRIC_REPRESENTATION_CONTEXT(3)
GLOBAL_UNCERTAINTY_ASSIGNED_CONTEXT((#14649))
GLOBAL_UNIT_ASSIGNED_CONTEXT((#14654,#14656,#14657))
REPRESENTATION_CONTEXT('','3D')
);
#14654=(
LENGTH_UNIT()
NAMED_UNIT(*)
SI_UNIT(.MILLI.,.METRE.)
);
#14655=(
LENGTH_UNIT()
NAMED_UNIT(*)
SI_UNIT($,.METRE.)
);
#14656=(
NAMED_UNIT(*)
PLANE_ANGLE_UNIT()
SI_UNIT($,.RADIAN.)
);
#14657=(
NAMED_UNIT(*)
SI_UNIT($,.STERADIAN.)
SOLID_ANGLE_UNIT()
);
#14658=SHAPE_DEFINITION_REPRESENTATION(#14661,#14666);
#14659=SHAPE_DEFINITION_REPRESENTATION(#14662,#14667);
#14660=SHAPE_DEFINITION_REPRESENTATION(#14663,#14668);
#14661=PRODUCT_DEFINITION_SHAPE('',$,#14670);
#14662=PRODUCT_DEFINITION_SHAPE('',$,#14671);
#14663=PRODUCT_DEFINITION_SHAPE('',$,#14672);
#14664=PRODUCT_DEFINITION_SHAPE($,$,#20);
#14665=PRODUCT_DEFINITION_SHAPE($,$,#21);
#14666=SHAPE_REPRESENTATION('',(#6879,#7415),#14650);
#14667=SHAPE_REPRESENTATION('',(#6880,#7144),#14651);
#14668=SHAPE_REPRESENTATION('',(#6881),#14652);
#14669=PRODUCT_DEFINITION_CONTEXT('part definition',#14680,'design');
#14670=PRODUCT_DEFINITION('XLeRobot040_armbase','(\X2\672A4FDD5B58\X0\)',
#14673,#14669);
#14671=PRODUCT_DEFINITION('035hand.step','035hand.step (1)',#14674,#14669);
#14672=PRODUCT_DEFINITION('035hand.step_1','035hand.step',#14675,#14669);
#14673=PRODUCT_DEFINITION_FORMATION('',$,#14682);
#14674=PRODUCT_DEFINITION_FORMATION('',$,#14683);
#14675=PRODUCT_DEFINITION_FORMATION('',$,#14684);
#14676=PRODUCT_RELATED_PRODUCT_CATEGORY('(\X2\672A4FDD5B58\X0\)',
'(\X2\672A4FDD5B58\X0\)',(#14682));
#14677=PRODUCT_RELATED_PRODUCT_CATEGORY('035hand.step (1)',
'035hand.step (1)',(#14683));
#14678=PRODUCT_RELATED_PRODUCT_CATEGORY('035hand.step','035hand.step',(#14684));
#14679=APPLICATION_PROTOCOL_DEFINITION('international standard',
'automotive_design',2009,#14680);
#14680=APPLICATION_CONTEXT(
'Core Data for Automotive Mechanical Design Process');
#14681=PRODUCT_CONTEXT('part definition',#14680,'mechanical');
#14682=PRODUCT('XLeRobot040_armbase','(\X2\672A4FDD5B58\X0\)',
'STEP AP203',(#14681));
#14683=PRODUCT('035hand.step','035hand.step (1)',$,(#14681));
#14684=PRODUCT('035hand.step_1','035hand.step',$,(#14681));
#14685=PRESENTATION_STYLE_ASSIGNMENT((#14687));
#14686=PRESENTATION_STYLE_ASSIGNMENT((#14688));
#14687=SURFACE_STYLE_USAGE(.BOTH.,#14689);
#14688=SURFACE_STYLE_USAGE(.BOTH.,#14690);
#14689=SURFACE_SIDE_STYLE('',(#14691));
#14690=SURFACE_SIDE_STYLE('',(#14692));
#14691=SURFACE_STYLE_FILL_AREA(#14693);
#14692=SURFACE_STYLE_FILL_AREA(#14694);
#14693=FILL_AREA_STYLE('\X2\94A2\X0\ - \X2\7F0E5149\X0\',(#14695));
#14694=FILL_AREA_STYLE('Opaque(160,160,160)',(#14696));
#14695=FILL_AREA_STYLE_COLOUR('\X2\94A2\X0\ - \X2\7F0E5149\X0\',#14697);
#14696=FILL_AREA_STYLE_COLOUR('Opaque(160,160,160)',#14698);
#14697=COLOUR_RGB('\X2\94A2\X0\ - \X2\7F0E5149\X0\',0.627450980392157,0.627450980392157,
0.627450980392157);
#14698=COLOUR_RGB('Opaque(160,160,160)',0.627450980392157,0.627450980392157,
0.627450980392157);
ENDSEC;
END-ISO-10303-21;
