ISO-10303-21;
HEADER;
/* Generated by software containing ST-Developer
 * from STEP Tools, Inc. (www.steptools.com) 
 */

FILE_DESCRIPTION(
/* description */ (''),
/* implementation_level */ '2;1');

FILE_NAME(
/* name */ '',
/* time_stamp */ '2026-08-21T10:27:26+08:00',
/* author */ (''),
/* organization */ (''),
/* preprocessor_version */ 'ST-DEVELOPER v20.1',
/* originating_system */ 'Autodesk Translation Framework v15.8.0.0',
/* authorisation */ '');

FILE_SCHEMA (('AUTOMOTIVE_DESIGN { 1 0 10303 214 3 1 1 }'));
ENDSEC;

DATA;
#10=MECHANICAL_DESIGN_GEOMETRIC_PRESENTATION_REPRESENTATION('',(#129,#130),
#9027);
#11=ITEM_DEFINED_TRANSFORMATION($,$,#4840,#5305);
#12=(
REPRESENTATION_RELATIONSHIP($,$,#9038,#9037)
REPRESENTATION_RELATIONSHIP_WITH_TRANSFORMATION(#11)
SHAPE_REPRESENTATION_RELATIONSHIP()
);
#13=CONTEXT_DEPENDENT_SHAPE_REPRESENTATION(#12,#9036);
#14=NEXT_ASSEMBLY_USAGE_OCCURRENCE(
'Broached Hexagon Socket Head Cap Screw ASME B18.3.1M - M3x0.5 x 6 Ste
el Grade 2 Plain v1:1',
'Broached Hexagon Socket Head Cap Screw ASME B18.3.1M - M3x0.5 x 6 Ste
el Grade 2 Plain v1:1',
'Broached Hexagon Socket Head Cap Screw ASME B18.3.1M - M3x0.5 x 6 Ste
el Grade 2 Plain v1:1',#9040,#9041,
'Broached Hexagon Socket Head Cap Screw ASME B18.3.1M - M3x0.5 x 6 Ste
el Grade 2 Plain v1:1');
#15=(
BOUNDED_CURVE()
B_SPLINE_CURVE(2,(#7767,#7768,#7769),.UNSPECIFIED.,.F.,.F.)
B_SPLINE_CURVE_WITH_KNOTS((3,3),(-0.372485660101096,-0.205053683403693),
 .UNSPECIFIED.)
CURVE()
GEOMETRIC_REPRESENTATION_ITEM()
RATIONAL_B_SPLINE_CURVE((1.00786063169079,1.01071690989703,1.00941716263408))
REPRESENTATION_ITEM('')
);
#16=(
BOUNDED_CURVE()
B_SPLINE_CURVE(2,(#7772,#7773,#7774),.UNSPECIFIED.,.F.,.F.)
B_SPLINE_CURVE_WITH_KNOTS((3,3),(-0.372485660101096,-0.205053683403693),
 .UNSPECIFIED.)
CURVE()
GEOMETRIC_REPRESENTATION_ITEM()
RATIONAL_B_SPLINE_CURVE((1.00786063169079,1.01071690989703,1.00941716263408))
REPRESENTATION_ITEM('')
);
#17=(
BOUNDED_CURVE()
B_SPLINE_CURVE(2,(#7943,#7944,#7945),.UNSPECIFIED.,.F.,.F.)
B_SPLINE_CURVE_WITH_KNOTS((3,3),(204.466685255996,206.365387114962),
 .UNSPECIFIED.)
CURVE()
GEOMETRIC_REPRESENTATION_ITEM()
RATIONAL_B_SPLINE_CURVE((16.3239486879576,16.2506102635891,16.1745883659482))
REPRESENTATION_ITEM('')
);
#18=(
BOUNDED_CURVE()
B_SPLINE_CURVE(2,(#7966,#7967,#7968),.UNSPECIFIED.,.F.,.F.)
B_SPLINE_CURVE_WITH_KNOTS((3,3),(98.7862136197159,100.684915478681),
 .UNSPECIFIED.)
CURVE()
GEOMETRIC_REPRESENTATION_ITEM()
RATIONAL_B_SPLINE_CURVE((16.1745883659482,16.2506102635891,16.3239486879576))
REPRESENTATION_ITEM('')
);
#19=SPHERICAL_SURFACE('',#4991,3.);
#20=SPHERICAL_SURFACE('',#5044,3.);
#21=SPHERICAL_SURFACE('',#5244,1.);
#22=SPHERICAL_SURFACE('',#5248,1.);
#23=B_SPLINE_CURVE_WITH_KNOTS('',3,(#6785,#6786,#6787,#6788,#6789,#6790,
#6791,#6792),.UNSPECIFIED.,.F.,.F.,(4,2,2,4),(-0.279317338571011,-0.149020538162269,
2.92375695876146E-9,0.000933197631083654),.UNSPECIFIED.);
#24=B_SPLINE_CURVE_WITH_KNOTS('',3,(#6849,#6850,#6851,#6852,#6853,#6854,
#6855,#6856),.UNSPECIFIED.,.F.,.F.,(4,2,2,4),(-0.000926538182826047,-2.13466948783235E-9,
0.146834709985404,0.244211355723137),.UNSPECIFIED.);
#25=B_SPLINE_CURVE_WITH_KNOTS('',3,(#7164,#7165,#7166,#7167,#7168,#7169),
 .UNSPECIFIED.,.F.,.F.,(4,2,4),(0.622751422049056,0.683256327634,0.743761233218944),
 .UNSPECIFIED.);
#26=B_SPLINE_CURVE_WITH_KNOTS('',3,(#7371,#7372,#7373,#7374,#7375,#7376),
 .UNSPECIFIED.,.F.,.F.,(4,2,4),(0.622751422049056,0.683256327634,0.743761233218944),
 .UNSPECIFIED.);
#27=B_SPLINE_CURVE_WITH_KNOTS('',3,(#7521,#7522,#7523,#7524,#7525,#7526,
#7527,#7528),.UNSPECIFIED.,.F.,.F.,(4,2,2,4),(-0.0579942471234485,-0.0577841778782841,
-0.0298642553314362,0.),.UNSPECIFIED.);
#28=B_SPLINE_CURVE_WITH_KNOTS('',3,(#7532,#7533,#7534,#7535,#7536,#7537),
 .UNSPECIFIED.,.F.,.F.,(4,2,4),(-0.113001900053728,-0.0396706075154129,
0.),.UNSPECIFIED.);
#29=B_SPLINE_CURVE_WITH_KNOTS('',3,(#7575,#7576,#7577,#7578,#7579,#7580),
 .UNSPECIFIED.,.F.,.F.,(4,2,4),(-0.0875528229523989,-0.0332385169359671,
-0.000253419101029505),.UNSPECIFIED.);
#30=B_SPLINE_CURVE_WITH_KNOTS('',3,(#7584,#7585,#7586,#7587,#7588,#7589,
#7590,#7591),.UNSPECIFIED.,.F.,.F.,(4,2,2,4),(-0.0576754134494857,-0.0279507480245784,
0.,0.000209680154845994),.UNSPECIFIED.);
#31=B_SPLINE_CURVE_WITH_KNOTS('',3,(#7935,#7936,#7937,#7938,#7939),
 .UNSPECIFIED.,.F.,.F.,(4,1,4),(0.,0.0516004734198425,0.0903008284847243),
 .UNSPECIFIED.);
#32=B_SPLINE_CURVE_WITH_KNOTS('',3,(#7947,#7948,#7949,#7950,#7951,#7952,
#7953,#7954),.UNSPECIFIED.,.F.,.F.,(4,2,2,4),(0.568891709426988,0.598680557953323,
0.633234722063407,0.65965562975252),.UNSPECIFIED.);
#33=B_SPLINE_CURVE_WITH_KNOTS('',3,(#7958,#7959,#7960,#7961,#7962,#7963,
#7964,#7965),.UNSPECIFIED.,.F.,.F.,(4,2,2,4),(0.0722152110621851,0.0986361187513035,
0.133190282861388,0.162979131387723),.UNSPECIFIED.);
#34=B_SPLINE_CURVE_WITH_KNOTS('',3,(#7982,#7983,#7984,#7985,#7986,#7987),
 .UNSPECIFIED.,.F.,.F.,(4,2,4),(0.428745708963522,0.437644982244143,0.438438851613137),
 .UNSPECIFIED.);
#35=B_SPLINE_CURVE_WITH_KNOTS('',3,(#8023,#8024,#8025,#8026,#8027,#8028,
#8029,#8030),.UNSPECIFIED.,.F.,.F.,(4,2,2,4),(0.161442617762197,0.206434243357041,
0.251425868951884,0.257198878248329),.UNSPECIFIED.);
#36=B_SPLINE_CURVE_WITH_KNOTS('',3,(#8071,#8072,#8073,#8074,#8075,#8076,
#8077,#8078),.UNSPECIFIED.,.F.,.F.,(4,2,2,4),(0.0692502351820471,0.0751132852144531,
0.119869509848474,0.164625734482495),.UNSPECIFIED.);
#37=B_SPLINE_CURVE_WITH_KNOTS('',3,(#8081,#8082,#8083,#8084,#8085,#8086,
#8087,#8088,#8089,#8090,#8091,#8092,#8093,#8094,#8095,#8096,#8097,#8098,
#8099,#8100,#8101,#8102,#8103,#8104,#8105,#8106,#8107,#8108,#8109,#8110,
#8111,#8112,#8113,#8114,#8115,#8116,#8117,#8118,#8119,#8120,#8121,#8122,
#8123,#8124,#8125,#8126,#8127,#8128,#8129,#8130,#8131,#8132,#8133,#8134,
#8135,#8136,#8137,#8138,#8139,#8140,#8141,#8142,#8143,#8144,#8145,#8146,
#8147),.UNSPECIFIED.,.F.,.F.,(4,3,3,3,3,3,3,3,3,3,3,3,3,3,3,3,3,3,3,3,3,
3,4),(-3.03129387778751,-3.01038194989656,-2.98894332391557,-2.96695933987379,
-2.94413285367654,-2.92080250258084,-2.89674079097787,-2.89114875490619,
-2.86441066144357,-2.8360589040889,-2.80809193599261,-2.77933650641344,
-2.75100363202488,-2.73051825615859,-2.70942148413519,-2.68665142940119,
-2.66197029360678,-2.63396021503289,-2.60882141421651,-2.5866012771892,
-2.56616173998924,-2.54740152696645,-2.54078594770291),.UNSPECIFIED.);
#38=B_SPLINE_CURVE_WITH_KNOTS('',3,(#8155,#8156,#8157,#8158,#8159,#8160,
#8161,#8162,#8163,#8164,#8165,#8166,#8167,#8168,#8169,#8170,#8171,#8172,
#8173,#8174,#8175,#8176,#8177,#8178,#8179,#8180,#8181,#8182,#8183,#8184,
#8185,#8186,#8187,#8188,#8189,#8190,#8191,#8192,#8193,#8194,#8195,#8196,
#8197,#8198,#8199,#8200,#8201,#8202,#8203,#8204,#8205,#8206,#8207,#8208,
#8209,#8210,#8211,#8212,#8213,#8214,#8215),.UNSPECIFIED.,.F.,.F.,(4,3,3,
3,3,3,3,3,3,3,3,3,3,3,3,3,3,3,3,3,4),(-6.24981471949041,-6.22457660825594,
-6.19487774335083,-6.15674371924047,-6.12178449947419,-6.09113396136104,
-6.06305470382478,-6.03634969621707,-5.99202395244512,-5.9489403503221,
-5.92961718458041,-5.87625092876208,-5.82621653238397,-5.77729303223358,
-5.72943753391622,-5.68260886144582,-5.63729775054176,-5.59278594054631,
-5.54773653929005,-5.50501963660768,-5.5026871380338),.UNSPECIFIED.);
#39=B_SPLINE_CURVE_WITH_KNOTS('',3,(#8291,#8292,#8293,#8294,#8295,#8296,
#8297,#8298,#8299,#8300,#8301,#8302,#8303,#8304,#8305,#8306,#8307,#8308,
#8309,#8310,#8311,#8312,#8313,#8314,#8315,#8316,#8317,#8318,#8319,#8320,
#8321,#8322,#8323,#8324),.UNSPECIFIED.,.F.,.F.,(4,3,3,3,3,3,3,3,3,3,3,4),
(0.,0.0558409382071664,0.104312613236415,0.156468919854622,0.20862522647283,
0.260781533091037,0.312937839709245,0.365094146327452,0.41725045294566,
0.469406759563867,0.521563066182075,0.523108211262672),.UNSPECIFIED.);
#40=B_SPLINE_CURVE_WITH_KNOTS('',3,(#8326,#8327,#8328,#8329,#8330,#8331,
#8332,#8333,#8334,#8335,#8336,#8337,#8338,#8339,#8340,#8341,#8342,#8343,
#8344,#8345,#8346,#8347,#8348,#8349,#8350,#8351,#8352,#8353,#8354,#8355,
#8356,#8357,#8358,#8359,#8360,#8361,#8362,#8363,#8364,#8365,#8366,#8367,
#8368,#8369,#8370,#8371,#8372,#8373,#8374,#8375,#8376,#8377,#8378,#8379,
#8380,#8381,#8382,#8383,#8384,#8385,#8386,#8387,#8388,#8389),
 .UNSPECIFIED.,.F.,.F.,(4,3,3,3,3,3,3,3,3,3,3,3,3,3,3,3,3,3,3,3,3,4),(-0.523108211262672,
-0.521563066182075,-0.469406759563867,-0.42246975991214,-0.41725045294566,
-0.376041004717306,-0.365094146327452,-0.326845734207655,-0.312937839709245,
-0.282097524631465,-0.252021520405216,-0.223077955801843,-0.20862522647283,
-0.180903566401545,-0.153877917631763,-0.127908376815783,-0.104312613236415,
-0.0820828401439079,-0.060714538899838,-0.0398235071575066,-0.0196980548379433,
0.),.UNSPECIFIED.);
#41=B_SPLINE_CURVE_WITH_KNOTS('',3,(#8426,#8427,#8428,#8429,#8430,#8431),
 .UNSPECIFIED.,.F.,.F.,(4,1,1,4),(2.54078594770291,2.75100363202488,2.89114875490619,
3.03129387778751),.UNSPECIFIED.);
#42=B_SPLINE_CURVE_WITH_KNOTS('',3,(#8502,#8503,#8504,#8505,#8506,#8507),
 .UNSPECIFIED.,.F.,.F.,(4,1,1,4),(5.50268713803374,5.92961718458041,6.03634969621707,
6.24981471949041),.UNSPECIFIED.);
#43=B_SPLINE_CURVE_WITH_KNOTS('',3,(#8508,#8509,#8510,#8511,#8512,#8513,
#8514,#8515,#8516,#8517,#8518,#8519,#8520,#8521,#8522,#8523,#8524,#8525,
#8526,#8527,#8528,#8529),.UNSPECIFIED.,.F.,.F.,(4,3,3,3,3,3,3,4),(0.103235913949988,
0.12751753306737,0.150535701869355,0.157458918501112,0.192000551271286,
0.226037649405562,0.259631258557284,0.275553107376945),.UNSPECIFIED.);
#44=B_SPLINE_CURVE_WITH_KNOTS('',3,(#8591,#8592,#8593,#8594),
 .UNSPECIFIED.,.F.,.F.,(4,4),(-0.275553107376945,-0.20278980362649),
 .UNSPECIFIED.);
#45=B_SPLINE_CURVE_WITH_KNOTS('',3,(#8603,#8604,#8605,#8606,#8607,#8608,
#8609,#8610,#8611,#8612,#8613,#8614,#8615,#8616,#8617,#8618,#8619,#8620,
#8621,#8622,#8623,#8624,#8625,#8626,#8627,#8628,#8629,#8630,#8631,#8632,
#8633,#8634,#8635,#8636,#8637,#8638,#8639,#8640,#8641,#8642,#8643,#8644,
#8645,#8646,#8647,#8648,#8649,#8650,#8651),.UNSPECIFIED.,.F.,.F.,(4,3,3,
3,3,3,3,3,3,3,3,3,3,3,3,3,4),(-0.782030004855129,-0.739919590342135,-0.696684518570921,
-0.652265691397471,-0.605847665961466,-0.558274679108766,-0.508731218610768,
-0.469218002913077,-0.420089664949618,-0.369894543859807,-0.318345974664978,
-0.312812001942051,-0.243663702771639,-0.169294564510168,-0.0908410970171914,
0.,0.00148606816855091),.UNSPECIFIED.);
#46=B_SPLINE_CURVE_WITH_KNOTS('',3,(#8693,#8694,#8695,#8696,#8697,#8698,
#8699,#8700,#8701,#8702,#8703,#8704,#8705,#8706,#8707,#8708,#8709,#8710,
#8711,#8712,#8713,#8714,#8715,#8716,#8717,#8718,#8719,#8720,#8721,#8722,
#8723,#8724,#8725,#8726,#8727,#8728,#8729),.UNSPECIFIED.,.F.,.F.,(4,3,3,
3,3,3,3,3,3,3,3,3,4),(-0.00148606816855091,0.,0.11149638325537,0.221516065257297,
0.312812001942051,0.377699006714902,0.442095773360835,0.469218002913077,
0.541399586938008,0.613293490872946,0.685041401776168,0.756631248972596,
0.782030004855129),.UNSPECIFIED.);
#47=B_SPLINE_CURVE_WITH_KNOTS('',3,(#8757,#8758,#8759,#8760,#8761,#8762),
 .UNSPECIFIED.,.F.,.F.,(4,1,1,4),(-1.07829691113532,-0.770212079382374,
-0.462127247629425,0.),.UNSPECIFIED.);
#48=B_SPLINE_CURVE_WITH_KNOTS('',3,(#8768,#8769,#8770,#8771,#8772,#8773),
 .UNSPECIFIED.,.F.,.F.,(4,1,1,4),(0.,0.462127247629425,0.770212079382374,
1.07829691113532),.UNSPECIFIED.);
#49=B_SPLINE_CURVE_WITH_KNOTS('',3,(#8860,#8861,#8862,#8863,#8864,#8865),
 .UNSPECIFIED.,.F.,.F.,(4,2,4),(0.234277842406494,0.235071711775496,0.243970985056134),
 .UNSPECIFIED.);
#50=B_SPLINE_CURVE_WITH_KNOTS('',3,(#8890,#8891,#8892,#8893),
 .UNSPECIFIED.,.F.,.F.,(4,4),(0.127956111809007,0.18740889598762),
 .UNSPECIFIED.);
#51=B_SPLINE_CURVE_WITH_KNOTS('',3,(#8961,#8962,#8963,#8964),
 .UNSPECIFIED.,.F.,.F.,(4,4),(-0.187413260068757,-0.127960241164337),
 .UNSPECIFIED.);
#52=B_SPLINE_CURVE_WITH_KNOTS('',3,(#8966,#8967,#8968,#8969,#8970,#8971,
#8972,#8973,#8974,#8975),.UNSPECIFIED.,.F.,.F.,(4,3,3,4),(-0.0711795475955114,
-0.0484581877596011,-0.0242290938798005,0.),.UNSPECIFIED.);
#53=B_SPLINE_CURVE_WITH_KNOTS('',3,(#9008,#9009,#9010,#9011,#9012),
 .UNSPECIFIED.,.F.,.F.,(4,1,4),(0.,0.155453528287236,0.169242392645663),
 .UNSPECIFIED.);
#54=ELLIPSE('',#4868,4.25671108990364,4.);
#55=ELLIPSE('',#4869,3.33460481960137,3.);
#56=ELLIPSE('',#4871,1.41421356237309,1.);
#57=ELLIPSE('',#4874,12.3350015046485,2.99999999686283);
#58=ELLIPSE('',#4875,3.02296140555159,2.99999999999992);
#59=ELLIPSE('',#4877,3.33460481960137,3.);
#60=ELLIPSE('',#4878,4.25671108990364,4.);
#61=ELLIPSE('',#4880,1.41421356237309,1.);
#62=ELLIPSE('',#4884,1.4142135623731,1.);
#63=ELLIPSE('',#4886,15.5563491861041,11.);
#64=ELLIPSE('',#4891,1.4142135623731,1.);
#65=ELLIPSE('',#4897,15.5563491861041,11.);
#66=ELLIPSE('',#4934,1.34563272960637,1.);
#67=ELLIPSE('',#4936,3.13220807785624,3.);
#68=ELLIPSE('',#4938,1.34563272960637,1.);
#69=ELLIPSE('',#4940,3.13220807785624,3.);
#70=ELLIPSE('',#4943,3.21343498091032,2.99999999999915);
#71=ELLIPSE('',#4944,4.6415879237121,3.00000000032466);
#72=ELLIPSE('',#4958,2.07055236082016,1.99999999999999);
#73=ELLIPSE('',#4959,2.0705523608188,1.99999999999852);
#74=ELLIPSE('',#4987,4.24264068681429,2.99999999988937);
#75=ELLIPSE('',#4995,4.24264068681429,2.99999999988937);
#76=ELLIPSE('',#5010,2.0705523608188,1.99999999999852);
#77=ELLIPSE('',#5011,2.07055236082016,1.99999999999999);
#78=ELLIPSE('',#5030,4.6415879237121,3.00000000032466);
#79=ELLIPSE('',#5031,12.3350015046485,2.99999999686283);
#80=ELLIPSE('',#5033,3.21343498091032,2.99999999999915);
#81=ELLIPSE('',#5041,3.02296140555159,2.99999999999992);
#82=ELLIPSE('',#5055,3.10366002138359,2.);
#83=ELLIPSE('',#5058,3.10366002138359,2.);
#84=ELLIPSE('',#5108,13.0540728984523,10.000000006458);
#85=ELLIPSE('',#5111,1.30540728933228,1.);
#86=ELLIPSE('',#5112,15.6648874710615,11.9999999988123);
#87=ELLIPSE('',#5114,1.49447654986462,1.);
#88=ELLIPSE('',#5115,1.34563272960637,1.);
#89=ELLIPSE('',#5116,1.34563272960637,1.);
#90=ELLIPSE('',#5117,1.49447654986462,1.);
#91=ELLIPSE('',#5143,13.0540728984523,10.000000006458);
#92=ELLIPSE('',#5153,3.13220807785624,3.);
#93=ELLIPSE('',#5154,3.21343498091085,2.99999999999975);
#94=ELLIPSE('',#5168,3.13220807785624,3.);
#95=ELLIPSE('',#5169,3.21343498091085,2.99999999999975);
#96=ELLIPSE('',#5179,1.94465478357551,1.25);
#97=ELLIPSE('',#5180,23.3358574029061,15.);
#98=ELLIPSE('',#5182,2.32554861959145,2.);
#99=ELLIPSE('',#5186,1.5518300106918,1.);
#100=ELLIPSE('',#5190,1.55183001069179,1.);
#101=ELLIPSE('',#5195,2.32554861959145,2.);
#102=ELLIPSE('',#5212,1.34563272960637,1.);
#103=ELLIPSE('',#5216,1.34563272960637,1.);
#104=ELLIPSE('',#5230,1.30540728933228,1.);
#105=ELLIPSE('',#5231,15.6648874710615,11.9999999988123);
#106=ELLIPSE('',#5273,1.94465478357552,1.25);
#107=ELLIPSE('',#5274,23.3358574029062,15.);
#108=B_SPLINE_SURFACE_WITH_KNOTS('',3,3,((#6754,#6755,#6756,#6757,#6758),
(#6759,#6760,#6761,#6762,#6763),(#6764,#6765,#6766,#6767,#6768),(#6769,
#6770,#6771,#6772,#6773),(#6774,#6775,#6776,#6777,#6778)),.UNSPECIFIED.,
 .F.,.F.,.F.,(4,1,4),(4,1,4),(-9.21368440564344E-5,0.571428571428571,1.0024992224668),
(-1.5732955492617,-0.897597901025655,0.00249922246680012),.UNSPECIFIED.);
#109=B_SPLINE_SURFACE_WITH_KNOTS('',3,3,((#6818,#6819,#6820,#6821,#6822),
(#6823,#6824,#6825,#6826,#6827),(#6828,#6829,#6830,#6831,#6832),(#6833,
#6834,#6835,#6836,#6837),(#6838,#6839,#6840,#6841,#6842)),.UNSPECIFIED.,
 .F.,.F.,.F.,(4,1,4),(4,1,4),(-0.00249922246680117,0.571428571428571,1.0000921104887),
(-1.5732955492617,-0.897597901025655,0.00249922246680117),.UNSPECIFIED.);
#110=B_SPLINE_SURFACE_WITH_KNOTS('',3,3,((#7047,#7048,#7049,#7050,#7051),
(#7052,#7053,#7054,#7055,#7056),(#7057,#7058,#7059,#7060,#7061),(#7062,
#7063,#7064,#7065,#7066),(#7067,#7068,#7069,#7070,#7071)),.UNSPECIFIED.,
 .F.,.F.,.F.,(4,1,4),(4,1,4),(-0.00135093371567327,0.571428571428571,1.00042058170884),
(-0.00135093371567327,0.673198425769241,1.57214726051057),.UNSPECIFIED.);
#111=B_SPLINE_SURFACE_WITH_KNOTS('',3,3,((#7080,#7081,#7082,#7083,#7084),
(#7085,#7086,#7087,#7088,#7089),(#7090,#7091,#7092,#7093,#7094),(#7095,
#7096,#7097,#7098,#7099),(#7100,#7101,#7102,#7103,#7104)),.UNSPECIFIED.,
 .F.,.F.,.F.,(4,1,4),(4,1,4),(-0.000423608497607053,0.571428571428571,1.00134758005909),
(-0.00134758005909508,0.673198425769241,1.572143906854),.UNSPECIFIED.);
#112=B_SPLINE_SURFACE_WITH_KNOTS('',3,3,((#7997,#7998,#7999,#8000,#8001),
(#8002,#8003,#8004,#8005,#8006),(#8007,#8008,#8009,#8010,#8011),(#8012,
#8013,#8014,#8015,#8016)),.UNSPECIFIED.,.F.,.F.,.F.,(4,4),(4,1,4),(-0.00104908437477776,
1.),(-0.573477832352053,9.43689570931383E-16,0.57347783235208),
 .UNSPECIFIED.);
#113=B_SPLINE_SURFACE_WITH_KNOTS('',3,3,((#8045,#8046,#8047,#8048,#8049),
(#8050,#8051,#8052,#8053,#8054),(#8055,#8056,#8057,#8058,#8059),(#8060,
#8061,#8062,#8063,#8064)),.UNSPECIFIED.,.F.,.F.,.F.,(4,4),(4,1,4),(-0.00104908437469798,
1.),(-0.573477832352001,-5.55111512312578E-16,0.573477832352),
 .UNSPECIFIED.);
#114=B_SPLINE_SURFACE_WITH_KNOTS('',3,3,((#8229,#8230,#8231,#8232,#8233,
#8234,#8235,#8236,#8237,#8238,#8239,#8240),(#8241,#8242,#8243,#8244,#8245,
#8246,#8247,#8248,#8249,#8250,#8251,#8252),(#8253,#8254,#8255,#8256,#8257,
#8258,#8259,#8260,#8261,#8262,#8263,#8264),(#8265,#8266,#8267,#8268,#8269,
#8270,#8271,#8272,#8273,#8274,#8275,#8276),(#8277,#8278,#8279,#8280,#8281,
#8282,#8283,#8284,#8285,#8286,#8287,#8288)),.UNSPECIFIED.,.F.,.F.,.F.,(4,
1,4),(4,1,1,1,1,1,1,2,4),(0.,0.571428571428571,1.00009224954639),(-9.22495463941292E-5,
0.104312613236415,0.20862522647283,0.312937839709245,0.365094146327452,
0.41725045294566,0.469406759563867,0.521563066182075,0.523108211262672),
 .UNSPECIFIED.);
#115=B_SPLINE_SURFACE_WITH_KNOTS('',3,3,((#8396,#8397,#8398,#8399,#8400,
#8401),(#8402,#8403,#8404,#8405,#8406,#8407),(#8408,#8409,#8410,#8411,#8412,
#8413),(#8414,#8415,#8416,#8417,#8418,#8419),(#8420,#8421,#8422,#8423,#8424,
#8425)),.UNSPECIFIED.,.F.,.F.,.F.,(4,1,4),(4,1,1,4),(0.,0.571428571428571,
1.00159100240015),(2.53919494530276,2.75100363202488,2.89114875490619,3.03288488018766),
 .UNSPECIFIED.);
#116=B_SPLINE_SURFACE_WITH_KNOTS('',3,3,((#8432,#8433,#8434,#8435,#8436),
(#8437,#8438,#8439,#8440,#8441),(#8442,#8443,#8444,#8445,#8446),(#8447,
#8448,#8449,#8450,#8451),(#8452,#8453,#8454,#8455,#8456)),.UNSPECIFIED.,
 .F.,.F.,.F.,(4,1,4),(4,1,4),(-0.000246612793620216,0.571428571428571,1.00176254382856),
(-1.57255887062346,-0.897597901025657,0.00176254382856267),
 .UNSPECIFIED.);
#117=B_SPLINE_SURFACE_WITH_KNOTS('',3,3,((#8467,#8468,#8469,#8470,#8471,
#8472),(#8473,#8474,#8475,#8476,#8477,#8478),(#8479,#8480,#8481,#8482,#8483,
#8484),(#8485,#8486,#8487,#8488,#8489,#8490),(#8491,#8492,#8493,#8494,#8495,
#8496)),.UNSPECIFIED.,.F.,.F.,.F.,(4,1,4),(4,1,1,4),(-0.000441771799739031,
0.571428571428571,1.00004870620957),(-1.57123809859464,-0.897597901025656,
-0.448798950512828,0.000441771799739104),.UNSPECIFIED.);
#118=B_SPLINE_SURFACE_WITH_KNOTS('',3,3,((#8530,#8531,#8532,#8533,#8534,
#8535),(#8536,#8537,#8538,#8539,#8540,#8541),(#8542,#8543,#8544,#8545,#8546,
#8547),(#8548,#8549,#8550,#8551,#8552,#8553),(#8554,#8555,#8556,#8557,#8558,
#8559)),.UNSPECIFIED.,.F.,.F.,.F.,(4,1,4),(4,1,1,4),(0.,0.5,1.01073853119266),
(5.49194860684108,5.92961718458041,6.03634969621707,6.26055325068307),
 .UNSPECIFIED.);
#119=B_SPLINE_SURFACE_WITH_KNOTS('',3,3,((#8561,#8562,#8563,#8564,#8565,
#8566),(#8567,#8568,#8569,#8570,#8571,#8572),(#8573,#8574,#8575,#8576,#8577,
#8578),(#8579,#8580,#8581,#8582,#8583,#8584),(#8585,#8586,#8587,#8588,#8589,
#8590)),.UNSPECIFIED.,.F.,.F.,.F.,(4,1,4),(4,1,1,4),(0.,0.5,1.),(0.,0.0787294592505558,
0.157458918501112,0.275553107376945),.UNSPECIFIED.);
#120=B_SPLINE_SURFACE_WITH_KNOTS('',3,3,((#8659,#8660,#8661,#8662,#8663,
#8664,#8665,#8666),(#8667,#8668,#8669,#8670,#8671,#8672,#8673,#8674),(#8675,
#8676,#8677,#8678,#8679,#8680,#8681,#8682),(#8683,#8684,#8685,#8686,#8687,
#8688,#8689,#8690)),.UNSPECIFIED.,.F.,.F.,.F.,(4,4),(4,2,1,1,4),(-0.00346122828840285,
1.04931998355886),(-0.00148606816855091,0.,0.312812001942051,0.469218002913077,
0.831349988413986),.UNSPECIFIED.);
#121=B_SPLINE_SURFACE_WITH_KNOTS('',3,3,((#8799,#8800,#8801,#8802,#8803,
#8804),(#8805,#8806,#8807,#8808,#8809,#8810),(#8811,#8812,#8813,#8814,#8815,
#8816),(#8817,#8818,#8819,#8820,#8821,#8822),(#8823,#8824,#8825,#8826,#8827,
#8828)),.UNSPECIFIED.,.F.,.F.,.F.,(4,1,4),(4,1,1,4),(0.,0.571428571428571,
1.),(0.,0.462127247629425,0.770212079382374,1.07829691113532),
 .UNSPECIFIED.);
#122=B_SPLINE_SURFACE_WITH_KNOTS('',3,3,((#8894,#8895,#8896,#8897,#8898),
(#8899,#8900,#8901,#8902,#8903),(#8904,#8905,#8906,#8907,#8908),(#8909,
#8910,#8911,#8912,#8913),(#8914,#8915,#8916,#8917,#8918)),.UNSPECIFIED.,
 .F.,.F.,.F.,(4,1,4),(4,1,4),(0.,0.571428571428571,1.00035544900974),(-0.000355449009736088,
0.0803180982804084,0.187764344997356),.UNSPECIFIED.);
#123=B_SPLINE_SURFACE_WITH_KNOTS('',3,3,((#8936,#8937,#8938,#8939,#8940),
(#8941,#8942,#8943,#8944,#8945),(#8946,#8947,#8948,#8949,#8950),(#8951,
#8952,#8953,#8954,#8955),(#8956,#8957,#8958,#8959,#8960)),.UNSPECIFIED.,
 .F.,.F.,.F.,(4,1,4),(4,1,4),(-0.000355403917597441,0.571428571428571,1.),
(-0.000355403917597441,0.0803199686008958,0.187768663986354),
 .UNSPECIFIED.);
#124=B_SPLINE_SURFACE_WITH_KNOTS('',3,3,((#8978,#8979,#8980,#8981,#8982,
#8983),(#8984,#8985,#8986,#8987,#8988,#8989),(#8990,#8991,#8992,#8993,#8994,
#8995),(#8996,#8997,#8998,#8999,#9000,#9001),(#9002,#9003,#9004,#9005,#9006,
#9007)),.UNSPECIFIED.,.F.,.F.,.F.,(4,1,4),(4,1,1,4),(0.,0.5,1.00245094710123),
(-0.00245094710123181,0.155453528287236,0.194316910359045,0.274494621603896),
 .UNSPECIFIED.);
#125=SHAPE_REPRESENTATION_RELATIONSHIP('SRR','None',#9038,#127);
#126=SHAPE_REPRESENTATION_RELATIONSHIP('SRR','None',#9037,#128);
#127=ADVANCED_BREP_SHAPE_REPRESENTATION('',(#131),#9026);
#128=ADVANCED_BREP_SHAPE_REPRESENTATION('',(#132),#9025);
#129=STYLED_ITEM('',(#9052),#131);
#130=STYLED_ITEM('',(#9052),#132);
#131=MANIFOLD_SOLID_BREP('\X2\5B9E4F53\X0\1',#4825);
#132=MANIFOLD_SOLID_BREP('\X2\5B9E4F53\X0\1',#4826);
#133=CYLINDRICAL_SURFACE('',#4849,2.74999999999998);
#134=CYLINDRICAL_SURFACE('',#4863,1.4635);
#135=CYLINDRICAL_SURFACE('',#4870,1.);
#136=CYLINDRICAL_SURFACE('',#4873,3.);
#137=CYLINDRICAL_SURFACE('',#4879,1.);
#138=CYLINDRICAL_SURFACE('',#4882,1.);
#139=CYLINDRICAL_SURFACE('',#4885,11.);
#140=CYLINDRICAL_SURFACE('',#4890,1.);
#141=CYLINDRICAL_SURFACE('',#4893,11.);
#142=CYLINDRICAL_SURFACE('',#4898,1.);
#143=CYLINDRICAL_SURFACE('',#4902,1.);
#144=CYLINDRICAL_SURFACE('',#4908,1.);
#145=CYLINDRICAL_SURFACE('',#4912,1.);
#146=CYLINDRICAL_SURFACE('',#4916,1.);
#147=CYLINDRICAL_SURFACE('',#4920,1.);
#148=CYLINDRICAL_SURFACE('',#4941,2.);
#149=CYLINDRICAL_SURFACE('',#4942,3.);
#150=CYLINDRICAL_SURFACE('',#4945,0.750000000000015);
#151=CYLINDRICAL_SURFACE('',#4947,0.999999999999994);
#152=CYLINDRICAL_SURFACE('',#4950,0.999999999999999);
#153=CYLINDRICAL_SURFACE('',#4953,1.);
#154=CYLINDRICAL_SURFACE('',#4956,2.);
#155=CYLINDRICAL_SURFACE('',#4981,3.);
#156=CYLINDRICAL_SURFACE('',#4989,3.);
#157=CYLINDRICAL_SURFACE('',#4993,3.);
#158=CYLINDRICAL_SURFACE('',#4996,7.5);
#159=CYLINDRICAL_SURFACE('',#4999,0.750000000000015);
#160=CYLINDRICAL_SURFACE('',#5001,0.999999999999994);
#161=CYLINDRICAL_SURFACE('',#5004,0.999999999999999);
#162=CYLINDRICAL_SURFACE('',#5006,1.);
#163=CYLINDRICAL_SURFACE('',#5008,2.);
#164=CYLINDRICAL_SURFACE('',#5032,3.);
#165=CYLINDRICAL_SURFACE('',#5035,3.);
#166=CYLINDRICAL_SURFACE('',#5040,3.);
#167=CYLINDRICAL_SURFACE('',#5042,3.);
#168=CYLINDRICAL_SURFACE('',#5045,7.5);
#169=CYLINDRICAL_SURFACE('',#5066,1.25);
#170=CYLINDRICAL_SURFACE('',#5070,1.25);
#171=CYLINDRICAL_SURFACE('',#5073,1.6);
#172=CYLINDRICAL_SURFACE('',#5076,1.6);
#173=CYLINDRICAL_SURFACE('',#5107,10.);
#174=CYLINDRICAL_SURFACE('',#5121,1.6);
#175=CYLINDRICAL_SURFACE('',#5123,1.6);
#176=CYLINDRICAL_SURFACE('',#5125,3.);
#177=CYLINDRICAL_SURFACE('',#5128,3.);
#178=CYLINDRICAL_SURFACE('',#5142,10.);
#179=CYLINDRICAL_SURFACE('',#5144,3.);
#180=CYLINDRICAL_SURFACE('',#5146,3.);
#181=CYLINDRICAL_SURFACE('',#5150,2.7);
#182=CYLINDRICAL_SURFACE('',#5152,3.);
#183=CYLINDRICAL_SURFACE('',#5163,2.);
#184=CYLINDRICAL_SURFACE('',#5165,2.);
#185=CYLINDRICAL_SURFACE('',#5167,3.);
#186=CYLINDRICAL_SURFACE('',#5181,2.);
#187=CYLINDRICAL_SURFACE('',#5184,1.);
#188=CYLINDRICAL_SURFACE('',#5188,1.);
#189=CYLINDRICAL_SURFACE('',#5193,1.);
#190=CYLINDRICAL_SURFACE('',#5197,1.);
#191=CYLINDRICAL_SURFACE('',#5198,3.);
#192=CYLINDRICAL_SURFACE('',#5214,2.);
#193=CYLINDRICAL_SURFACE('',#5218,15.);
#194=CYLINDRICAL_SURFACE('',#5220,0.5);
#195=CYLINDRICAL_SURFACE('',#5223,3.);
#196=CYLINDRICAL_SURFACE('',#5224,0.5);
#197=CYLINDRICAL_SURFACE('',#5227,1.);
#198=CYLINDRICAL_SURFACE('',#5232,1.);
#199=CYLINDRICAL_SURFACE('',#5235,1.);
#200=CYLINDRICAL_SURFACE('',#5237,12.);
#201=CYLINDRICAL_SURFACE('',#5240,1.);
#202=CYLINDRICAL_SURFACE('',#5242,2.);
#203=CYLINDRICAL_SURFACE('',#5247,1.);
#204=CYLINDRICAL_SURFACE('',#5251,1.);
#205=CYLINDRICAL_SURFACE('',#5266,1.);
#206=CYLINDRICAL_SURFACE('',#5267,1.);
#207=CYLINDRICAL_SURFACE('',#5269,1.25);
#208=CYLINDRICAL_SURFACE('',#5275,2.);
#209=CYLINDRICAL_SURFACE('',#5277,1.25);
#210=CYLINDRICAL_SURFACE('',#5282,1.25);
#211=CYLINDRICAL_SURFACE('',#5283,1.);
#212=CYLINDRICAL_SURFACE('',#5291,2.);
#213=CYLINDRICAL_SURFACE('',#5294,2.);
#214=CYLINDRICAL_SURFACE('',#5298,1.);
#215=CYLINDRICAL_SURFACE('',#5300,2.);
#216=CYLINDRICAL_SURFACE('',#5301,15.);
#217=CYLINDRICAL_SURFACE('',#5303,2.);
#218=FACE_BOUND('',#680,.T.);
#219=FACE_BOUND('',#697,.T.);
#220=FACE_BOUND('',#724,.T.);
#221=FACE_BOUND('',#725,.T.);
#222=FACE_BOUND('',#728,.T.);
#223=FACE_BOUND('',#729,.T.);
#224=FACE_BOUND('',#730,.T.);
#225=FACE_BOUND('',#749,.T.);
#226=FACE_BOUND('',#750,.T.);
#227=FACE_BOUND('',#751,.T.);
#228=FACE_BOUND('',#759,.T.);
#229=FACE_BOUND('',#794,.T.);
#230=FACE_BOUND('',#814,.T.);
#231=FACE_BOUND('',#816,.T.);
#232=FACE_BOUND('',#817,.T.);
#233=FACE_BOUND('',#818,.T.);
#234=FACE_BOUND('',#833,.T.);
#235=FACE_BOUND('',#834,.T.);
#236=FACE_BOUND('',#835,.T.);
#237=FACE_BOUND('',#836,.T.);
#238=FACE_BOUND('',#837,.T.);
#239=FACE_BOUND('',#839,.T.);
#240=FACE_BOUND('',#841,.T.);
#241=FACE_BOUND('',#861,.T.);
#242=FACE_BOUND('',#863,.T.);
#243=FACE_BOUND('',#878,.T.);
#244=FACE_BOUND('',#880,.T.);
#245=FACE_BOUND('',#886,.T.);
#246=FACE_BOUND('',#887,.T.);
#247=FACE_BOUND('',#888,.T.);
#248=FACE_BOUND('',#889,.T.);
#249=FACE_BOUND('',#890,.T.);
#250=FACE_BOUND('',#949,.T.);
#251=FACE_BOUND('',#950,.T.);
#252=FACE_BOUND('',#951,.T.);
#253=FACE_BOUND('',#952,.T.);
#254=FACE_BOUND('',#953,.T.);
#255=FACE_BOUND('',#960,.T.);
#256=FACE_BOUND('',#961,.T.);
#257=FACE_BOUND('',#965,.T.);
#258=FACE_BOUND('',#968,.T.);
#259=FACE_BOUND('',#970,.T.);
#260=FACE_BOUND('',#971,.T.);
#261=FACE_BOUND('',#979,.T.);
#262=FACE_BOUND('',#980,.T.);
#263=FACE_BOUND('',#981,.T.);
#264=PLANE('',#4848);
#265=PLANE('',#4851);
#266=PLANE('',#4852);
#267=PLANE('',#4853);
#268=PLANE('',#4854);
#269=PLANE('',#4855);
#270=PLANE('',#4856);
#271=PLANE('',#4857);
#272=PLANE('',#4858);
#273=PLANE('',#4859);
#274=PLANE('',#4860);
#275=PLANE('',#4861);
#276=PLANE('',#4862);
#277=PLANE('',#4865);
#278=PLANE('',#4866);
#279=PLANE('',#4872);
#280=PLANE('',#4881);
#281=PLANE('',#4901);
#282=PLANE('',#4905);
#283=PLANE('',#4906);
#284=PLANE('',#4911);
#285=PLANE('',#4915);
#286=PLANE('',#4919);
#287=PLANE('',#4922);
#288=PLANE('',#4923);
#289=PLANE('',#4924);
#290=PLANE('',#4927);
#291=PLANE('',#4928);
#292=PLANE('',#4960);
#293=PLANE('',#4961);
#294=PLANE('',#4962);
#295=PLANE('',#4963);
#296=PLANE('',#4964);
#297=PLANE('',#4965);
#298=PLANE('',#4966);
#299=PLANE('',#4967);
#300=PLANE('',#4968);
#301=PLANE('',#4969);
#302=PLANE('',#4970);
#303=PLANE('',#4971);
#304=PLANE('',#4972);
#305=PLANE('',#4973);
#306=PLANE('',#4974);
#307=PLANE('',#4975);
#308=PLANE('',#4976);
#309=PLANE('',#4977);
#310=PLANE('',#4978);
#311=PLANE('',#4979);
#312=PLANE('',#4980);
#313=PLANE('',#4983);
#314=PLANE('',#4984);
#315=PLANE('',#4985);
#316=PLANE('',#4986);
#317=PLANE('',#4988);
#318=PLANE('',#4998);
#319=PLANE('',#5012);
#320=PLANE('',#5013);
#321=PLANE('',#5014);
#322=PLANE('',#5015);
#323=PLANE('',#5016);
#324=PLANE('',#5017);
#325=PLANE('',#5018);
#326=PLANE('',#5019);
#327=PLANE('',#5020);
#328=PLANE('',#5021);
#329=PLANE('',#5022);
#330=PLANE('',#5023);
#331=PLANE('',#5024);
#332=PLANE('',#5025);
#333=PLANE('',#5026);
#334=PLANE('',#5027);
#335=PLANE('',#5028);
#336=PLANE('',#5029);
#337=PLANE('',#5036);
#338=PLANE('',#5037);
#339=PLANE('',#5038);
#340=PLANE('',#5039);
#341=PLANE('',#5047);
#342=PLANE('',#5048);
#343=PLANE('',#5049);
#344=PLANE('',#5050);
#345=PLANE('',#5051);
#346=PLANE('',#5065);
#347=PLANE('',#5068);
#348=PLANE('',#5069);
#349=PLANE('',#5072);
#350=PLANE('',#5079);
#351=PLANE('',#5080);
#352=PLANE('',#5081);
#353=PLANE('',#5082);
#354=PLANE('',#5083);
#355=PLANE('',#5084);
#356=PLANE('',#5095);
#357=PLANE('',#5097);
#358=PLANE('',#5099);
#359=PLANE('',#5100);
#360=PLANE('',#5101);
#361=PLANE('',#5102);
#362=PLANE('',#5103);
#363=PLANE('',#5106);
#364=PLANE('',#5110);
#365=PLANE('',#5113);
#366=PLANE('',#5118);
#367=PLANE('',#5131);
#368=PLANE('',#5132);
#369=PLANE('',#5133);
#370=PLANE('',#5134);
#371=PLANE('',#5135);
#372=PLANE('',#5136);
#373=PLANE('',#5137);
#374=PLANE('',#5138);
#375=PLANE('',#5139);
#376=PLANE('',#5140);
#377=PLANE('',#5141);
#378=PLANE('',#5148);
#379=PLANE('',#5149);
#380=PLANE('',#5155);
#381=PLANE('',#5157);
#382=PLANE('',#5159);
#383=PLANE('',#5170);
#384=PLANE('',#5172);
#385=PLANE('',#5177);
#386=PLANE('',#5178);
#387=PLANE('',#5183);
#388=PLANE('',#5189);
#389=PLANE('',#5200);
#390=PLANE('',#5229);
#391=PLANE('',#5234);
#392=PLANE('',#5243);
#393=PLANE('',#5268);
#394=PLANE('',#5271);
#395=PLANE('',#5272);
#396=PLANE('',#5276);
#397=PLANE('',#5279);
#398=PLANE('',#5280);
#399=PLANE('',#5285);
#400=PLANE('',#5286);
#401=PLANE('',#5287);
#402=PLANE('',#5290);
#403=PLANE('',#5293);
#404=PLANE('',#5296);
#405=PLANE('',#5297);
#406=PLANE('',#5299);
#407=PLANE('',#5302);
#408=PLANE('',#5304);
#409=TOROIDAL_SURFACE('',#4844,2.44999999999998,0.3);
#410=TOROIDAL_SURFACE('',#5201,13.,2.);
#411=TOROIDAL_SURFACE('',#5207,13.,2.);
#412=TOROIDAL_SURFACE('',#5253,2.,1.);
#413=TOROIDAL_SURFACE('',#5256,13.,1.);
#414=TOROIDAL_SURFACE('',#5260,13.,1.);
#415=TOROIDAL_SURFACE('',#5263,2.,1.);
#416=FACE_OUTER_BOUND('',#677,.T.);
#417=FACE_OUTER_BOUND('',#678,.T.);
#418=FACE_OUTER_BOUND('',#679,.T.);
#419=FACE_OUTER_BOUND('',#681,.T.);
#420=FACE_OUTER_BOUND('',#682,.T.);
#421=FACE_OUTER_BOUND('',#683,.T.);
#422=FACE_OUTER_BOUND('',#684,.T.);
#423=FACE_OUTER_BOUND('',#685,.T.);
#424=FACE_OUTER_BOUND('',#686,.T.);
#425=FACE_OUTER_BOUND('',#687,.T.);
#426=FACE_OUTER_BOUND('',#688,.T.);
#427=FACE_OUTER_BOUND('',#689,.T.);
#428=FACE_OUTER_BOUND('',#690,.T.);
#429=FACE_OUTER_BOUND('',#691,.T.);
#430=FACE_OUTER_BOUND('',#692,.T.);
#431=FACE_OUTER_BOUND('',#693,.T.);
#432=FACE_OUTER_BOUND('',#694,.T.);
#433=FACE_OUTER_BOUND('',#695,.T.);
#434=FACE_OUTER_BOUND('',#696,.T.);
#435=FACE_OUTER_BOUND('',#698,.T.);
#436=FACE_OUTER_BOUND('',#699,.T.);
#437=FACE_OUTER_BOUND('',#700,.T.);
#438=FACE_OUTER_BOUND('',#701,.T.);
#439=FACE_OUTER_BOUND('',#702,.T.);
#440=FACE_OUTER_BOUND('',#703,.T.);
#441=FACE_OUTER_BOUND('',#704,.T.);
#442=FACE_OUTER_BOUND('',#705,.T.);
#443=FACE_OUTER_BOUND('',#706,.T.);
#444=FACE_OUTER_BOUND('',#707,.T.);
#445=FACE_OUTER_BOUND('',#708,.T.);
#446=FACE_OUTER_BOUND('',#709,.T.);
#447=FACE_OUTER_BOUND('',#710,.T.);
#448=FACE_OUTER_BOUND('',#711,.T.);
#449=FACE_OUTER_BOUND('',#712,.T.);
#450=FACE_OUTER_BOUND('',#713,.T.);
#451=FACE_OUTER_BOUND('',#714,.T.);
#452=FACE_OUTER_BOUND('',#715,.T.);
#453=FACE_OUTER_BOUND('',#716,.T.);
#454=FACE_OUTER_BOUND('',#717,.T.);
#455=FACE_OUTER_BOUND('',#718,.T.);
#456=FACE_OUTER_BOUND('',#719,.T.);
#457=FACE_OUTER_BOUND('',#720,.T.);
#458=FACE_OUTER_BOUND('',#721,.T.);
#459=FACE_OUTER_BOUND('',#722,.T.);
#460=FACE_OUTER_BOUND('',#723,.T.);
#461=FACE_OUTER_BOUND('',#726,.T.);
#462=FACE_OUTER_BOUND('',#727,.T.);
#463=FACE_OUTER_BOUND('',#731,.T.);
#464=FACE_OUTER_BOUND('',#732,.T.);
#465=FACE_OUTER_BOUND('',#733,.T.);
#466=FACE_OUTER_BOUND('',#734,.T.);
#467=FACE_OUTER_BOUND('',#735,.T.);
#468=FACE_OUTER_BOUND('',#736,.T.);
#469=FACE_OUTER_BOUND('',#737,.T.);
#470=FACE_OUTER_BOUND('',#738,.T.);
#471=FACE_OUTER_BOUND('',#739,.T.);
#472=FACE_OUTER_BOUND('',#740,.T.);
#473=FACE_OUTER_BOUND('',#741,.T.);
#474=FACE_OUTER_BOUND('',#742,.T.);
#475=FACE_OUTER_BOUND('',#743,.T.);
#476=FACE_OUTER_BOUND('',#744,.T.);
#477=FACE_OUTER_BOUND('',#745,.T.);
#478=FACE_OUTER_BOUND('',#746,.T.);
#479=FACE_OUTER_BOUND('',#747,.T.);
#480=FACE_OUTER_BOUND('',#748,.T.);
#481=FACE_OUTER_BOUND('',#752,.T.);
#482=FACE_OUTER_BOUND('',#753,.T.);
#483=FACE_OUTER_BOUND('',#754,.T.);
#484=FACE_OUTER_BOUND('',#755,.T.);
#485=FACE_OUTER_BOUND('',#756,.T.);
#486=FACE_OUTER_BOUND('',#757,.T.);
#487=FACE_OUTER_BOUND('',#758,.T.);
#488=FACE_OUTER_BOUND('',#760,.T.);
#489=FACE_OUTER_BOUND('',#761,.T.);
#490=FACE_OUTER_BOUND('',#762,.T.);
#491=FACE_OUTER_BOUND('',#763,.T.);
#492=FACE_OUTER_BOUND('',#764,.T.);
#493=FACE_OUTER_BOUND('',#765,.T.);
#494=FACE_OUTER_BOUND('',#766,.T.);
#495=FACE_OUTER_BOUND('',#767,.T.);
#496=FACE_OUTER_BOUND('',#768,.T.);
#497=FACE_OUTER_BOUND('',#769,.T.);
#498=FACE_OUTER_BOUND('',#770,.T.);
#499=FACE_OUTER_BOUND('',#771,.T.);
#500=FACE_OUTER_BOUND('',#772,.T.);
#501=FACE_OUTER_BOUND('',#773,.T.);
#502=FACE_OUTER_BOUND('',#774,.T.);
#503=FACE_OUTER_BOUND('',#775,.T.);
#504=FACE_OUTER_BOUND('',#776,.T.);
#505=FACE_OUTER_BOUND('',#777,.T.);
#506=FACE_OUTER_BOUND('',#778,.T.);
#507=FACE_OUTER_BOUND('',#779,.T.);
#508=FACE_OUTER_BOUND('',#780,.T.);
#509=FACE_OUTER_BOUND('',#781,.T.);
#510=FACE_OUTER_BOUND('',#782,.T.);
#511=FACE_OUTER_BOUND('',#783,.T.);
#512=FACE_OUTER_BOUND('',#784,.T.);
#513=FACE_OUTER_BOUND('',#785,.T.);
#514=FACE_OUTER_BOUND('',#786,.T.);
#515=FACE_OUTER_BOUND('',#787,.T.);
#516=FACE_OUTER_BOUND('',#788,.T.);
#517=FACE_OUTER_BOUND('',#789,.T.);
#518=FACE_OUTER_BOUND('',#790,.T.);
#519=FACE_OUTER_BOUND('',#791,.T.);
#520=FACE_OUTER_BOUND('',#792,.T.);
#521=FACE_OUTER_BOUND('',#793,.T.);
#522=FACE_OUTER_BOUND('',#795,.T.);
#523=FACE_OUTER_BOUND('',#796,.T.);
#524=FACE_OUTER_BOUND('',#797,.T.);
#525=FACE_OUTER_BOUND('',#798,.T.);
#526=FACE_OUTER_BOUND('',#799,.T.);
#527=FACE_OUTER_BOUND('',#800,.T.);
#528=FACE_OUTER_BOUND('',#801,.T.);
#529=FACE_OUTER_BOUND('',#802,.T.);
#530=FACE_OUTER_BOUND('',#803,.T.);
#531=FACE_OUTER_BOUND('',#804,.T.);
#532=FACE_OUTER_BOUND('',#805,.T.);
#533=FACE_OUTER_BOUND('',#806,.T.);
#534=FACE_OUTER_BOUND('',#807,.T.);
#535=FACE_OUTER_BOUND('',#808,.T.);
#536=FACE_OUTER_BOUND('',#809,.T.);
#537=FACE_OUTER_BOUND('',#810,.T.);
#538=FACE_OUTER_BOUND('',#811,.T.);
#539=FACE_OUTER_BOUND('',#812,.T.);
#540=FACE_OUTER_BOUND('',#813,.T.);
#541=FACE_OUTER_BOUND('',#815,.T.);
#542=FACE_OUTER_BOUND('',#819,.T.);
#543=FACE_OUTER_BOUND('',#820,.T.);
#544=FACE_OUTER_BOUND('',#821,.T.);
#545=FACE_OUTER_BOUND('',#822,.T.);
#546=FACE_OUTER_BOUND('',#823,.T.);
#547=FACE_OUTER_BOUND('',#824,.T.);
#548=FACE_OUTER_BOUND('',#825,.T.);
#549=FACE_OUTER_BOUND('',#826,.T.);
#550=FACE_OUTER_BOUND('',#827,.T.);
#551=FACE_OUTER_BOUND('',#828,.T.);
#552=FACE_OUTER_BOUND('',#829,.T.);
#553=FACE_OUTER_BOUND('',#830,.T.);
#554=FACE_OUTER_BOUND('',#831,.T.);
#555=FACE_OUTER_BOUND('',#832,.T.);
#556=FACE_OUTER_BOUND('',#838,.T.);
#557=FACE_OUTER_BOUND('',#840,.T.);
#558=FACE_OUTER_BOUND('',#842,.T.);
#559=FACE_OUTER_BOUND('',#843,.T.);
#560=FACE_OUTER_BOUND('',#844,.T.);
#561=FACE_OUTER_BOUND('',#845,.T.);
#562=FACE_OUTER_BOUND('',#846,.T.);
#563=FACE_OUTER_BOUND('',#847,.T.);
#564=FACE_OUTER_BOUND('',#848,.T.);
#565=FACE_OUTER_BOUND('',#849,.T.);
#566=FACE_OUTER_BOUND('',#850,.T.);
#567=FACE_OUTER_BOUND('',#851,.T.);
#568=FACE_OUTER_BOUND('',#852,.T.);
#569=FACE_OUTER_BOUND('',#853,.T.);
#570=FACE_OUTER_BOUND('',#854,.T.);
#571=FACE_OUTER_BOUND('',#855,.T.);
#572=FACE_OUTER_BOUND('',#856,.T.);
#573=FACE_OUTER_BOUND('',#857,.T.);
#574=FACE_OUTER_BOUND('',#858,.T.);
#575=FACE_OUTER_BOUND('',#859,.T.);
#576=FACE_OUTER_BOUND('',#860,.T.);
#577=FACE_OUTER_BOUND('',#862,.T.);
#578=FACE_OUTER_BOUND('',#864,.T.);
#579=FACE_OUTER_BOUND('',#865,.T.);
#580=FACE_OUTER_BOUND('',#866,.T.);
#581=FACE_OUTER_BOUND('',#867,.T.);
#582=FACE_OUTER_BOUND('',#868,.T.);
#583=FACE_OUTER_BOUND('',#869,.T.);
#584=FACE_OUTER_BOUND('',#870,.T.);
#585=FACE_OUTER_BOUND('',#871,.T.);
#586=FACE_OUTER_BOUND('',#872,.T.);
#587=FACE_OUTER_BOUND('',#873,.T.);
#588=FACE_OUTER_BOUND('',#874,.T.);
#589=FACE_OUTER_BOUND('',#875,.T.);
#590=FACE_OUTER_BOUND('',#876,.T.);
#591=FACE_OUTER_BOUND('',#877,.T.);
#592=FACE_OUTER_BOUND('',#879,.T.);
#593=FACE_OUTER_BOUND('',#881,.T.);
#594=FACE_OUTER_BOUND('',#882,.T.);
#595=FACE_OUTER_BOUND('',#883,.T.);
#596=FACE_OUTER_BOUND('',#884,.T.);
#597=FACE_OUTER_BOUND('',#885,.T.);
#598=FACE_OUTER_BOUND('',#891,.T.);
#599=FACE_OUTER_BOUND('',#892,.T.);
#600=FACE_OUTER_BOUND('',#893,.T.);
#601=FACE_OUTER_BOUND('',#894,.T.);
#602=FACE_OUTER_BOUND('',#895,.T.);
#603=FACE_OUTER_BOUND('',#896,.T.);
#604=FACE_OUTER_BOUND('',#897,.T.);
#605=FACE_OUTER_BOUND('',#898,.T.);
#606=FACE_OUTER_BOUND('',#899,.T.);
#607=FACE_OUTER_BOUND('',#900,.T.);
#608=FACE_OUTER_BOUND('',#901,.T.);
#609=FACE_OUTER_BOUND('',#902,.T.);
#610=FACE_OUTER_BOUND('',#903,.T.);
#611=FACE_OUTER_BOUND('',#904,.T.);
#612=FACE_OUTER_BOUND('',#905,.T.);
#613=FACE_OUTER_BOUND('',#906,.T.);
#614=FACE_OUTER_BOUND('',#907,.T.);
#615=FACE_OUTER_BOUND('',#908,.T.);
#616=FACE_OUTER_BOUND('',#909,.T.);
#617=FACE_OUTER_BOUND('',#910,.T.);
#618=FACE_OUTER_BOUND('',#911,.T.);
#619=FACE_OUTER_BOUND('',#912,.T.);
#620=FACE_OUTER_BOUND('',#913,.T.);
#621=FACE_OUTER_BOUND('',#914,.T.);
#622=FACE_OUTER_BOUND('',#915,.T.);
#623=FACE_OUTER_BOUND('',#916,.T.);
#624=FACE_OUTER_BOUND('',#917,.T.);
#625=FACE_OUTER_BOUND('',#918,.T.);
#626=FACE_OUTER_BOUND('',#919,.T.);
#627=FACE_OUTER_BOUND('',#920,.T.);
#628=FACE_OUTER_BOUND('',#921,.T.);
#629=FACE_OUTER_BOUND('',#922,.T.);
#630=FACE_OUTER_BOUND('',#923,.T.);
#631=FACE_OUTER_BOUND('',#924,.T.);
#632=FACE_OUTER_BOUND('',#925,.T.);
#633=FACE_OUTER_BOUND('',#926,.T.);
#634=FACE_OUTER_BOUND('',#927,.T.);
#635=FACE_OUTER_BOUND('',#928,.T.);
#636=FACE_OUTER_BOUND('',#929,.T.);
#637=FACE_OUTER_BOUND('',#930,.T.);
#638=FACE_OUTER_BOUND('',#931,.T.);
#639=FACE_OUTER_BOUND('',#932,.T.);
#640=FACE_OUTER_BOUND('',#933,.T.);
#641=FACE_OUTER_BOUND('',#934,.T.);
#642=FACE_OUTER_BOUND('',#935,.T.);
#643=FACE_OUTER_BOUND('',#936,.T.);
#644=FACE_OUTER_BOUND('',#937,.T.);
#645=FACE_OUTER_BOUND('',#938,.T.);
#646=FACE_OUTER_BOUND('',#939,.T.);
#647=FACE_OUTER_BOUND('',#940,.T.);
#648=FACE_OUTER_BOUND('',#941,.T.);
#649=FACE_OUTER_BOUND('',#942,.T.);
#650=FACE_OUTER_BOUND('',#943,.T.);
#651=FACE_OUTER_BOUND('',#944,.T.);
#652=FACE_OUTER_BOUND('',#945,.T.);
#653=FACE_OUTER_BOUND('',#946,.T.);
#654=FACE_OUTER_BOUND('',#947,.T.);
#655=FACE_OUTER_BOUND('',#948,.T.);
#656=FACE_OUTER_BOUND('',#954,.T.);
#657=FACE_OUTER_BOUND('',#955,.T.);
#658=FACE_OUTER_BOUND('',#956,.T.);
#659=FACE_OUTER_BOUND('',#957,.T.);
#660=FACE_OUTER_BOUND('',#958,.T.);
#661=FACE_OUTER_BOUND('',#959,.T.);
#662=FACE_OUTER_BOUND('',#962,.T.);
#663=FACE_OUTER_BOUND('',#963,.T.);
#664=FACE_OUTER_BOUND('',#964,.T.);
#665=FACE_OUTER_BOUND('',#966,.T.);
#666=FACE_OUTER_BOUND('',#967,.T.);
#667=FACE_OUTER_BOUND('',#969,.T.);
#668=FACE_OUTER_BOUND('',#972,.T.);
#669=FACE_OUTER_BOUND('',#973,.T.);
#670=FACE_OUTER_BOUND('',#974,.T.);
#671=FACE_OUTER_BOUND('',#975,.T.);
#672=FACE_OUTER_BOUND('',#976,.T.);
#673=FACE_OUTER_BOUND('',#977,.T.);
#674=FACE_OUTER_BOUND('',#978,.T.);
#675=FACE_OUTER_BOUND('',#982,.T.);
#676=FACE_OUTER_BOUND('',#983,.T.);
#677=EDGE_LOOP('',(#3171,#3172,#3173,#3174));
#678=EDGE_LOOP('',(#3175,#3176,#3177,#3178));
#679=EDGE_LOOP('',(#3179));
#680=EDGE_LOOP('',(#3180,#3181,#3182,#3183,#3184,#3185));
#681=EDGE_LOOP('',(#3186,#3187,#3188,#3189));
#682=EDGE_LOOP('',(#3190,#3191,#3192));
#683=EDGE_LOOP('',(#3193,#3194,#3195));
#684=EDGE_LOOP('',(#3196,#3197,#3198));
#685=EDGE_LOOP('',(#3199,#3200,#3201));
#686=EDGE_LOOP('',(#3202,#3203,#3204));
#687=EDGE_LOOP('',(#3205,#3206,#3207));
#688=EDGE_LOOP('',(#3208,#3209,#3210,#3211));
#689=EDGE_LOOP('',(#3212,#3213,#3214,#3215));
#690=EDGE_LOOP('',(#3216,#3217,#3218,#3219));
#691=EDGE_LOOP('',(#3220,#3221,#3222,#3223));
#692=EDGE_LOOP('',(#3224,#3225,#3226,#3227));
#693=EDGE_LOOP('',(#3228,#3229,#3230,#3231));
#694=EDGE_LOOP('',(#3232,#3233,#3234,#3235));
#695=EDGE_LOOP('',(#3236));
#696=EDGE_LOOP('',(#3237));
#697=EDGE_LOOP('',(#3238));
#698=EDGE_LOOP('',(#3239,#3240,#3241,#3242));
#699=EDGE_LOOP('',(#3243,#3244,#3245,#3246));
#700=EDGE_LOOP('',(#3247,#3248,#3249,#3250,#3251,#3252,#3253));
#701=EDGE_LOOP('',(#3254,#3255,#3256,#3257,#3258));
#702=EDGE_LOOP('',(#3259,#3260,#3261,#3262));
#703=EDGE_LOOP('',(#3263,#3264,#3265,#3266));
#704=EDGE_LOOP('',(#3267,#3268,#3269,#3270,#3271,#3272,#3273));
#705=EDGE_LOOP('',(#3274,#3275,#3276,#3277));
#706=EDGE_LOOP('',(#3278,#3279,#3280,#3281,#3282,#3283,#3284));
#707=EDGE_LOOP('',(#3285,#3286,#3287,#3288));
#708=EDGE_LOOP('',(#3289,#3290,#3291,#3292,#3293,#3294,#3295));
#709=EDGE_LOOP('',(#3296,#3297,#3298,#3299));
#710=EDGE_LOOP('',(#3300,#3301,#3302,#3303));
#711=EDGE_LOOP('',(#3304,#3305,#3306,#3307));
#712=EDGE_LOOP('',(#3308,#3309,#3310,#3311));
#713=EDGE_LOOP('',(#3312,#3313,#3314,#3315,#3316,#3317));
#714=EDGE_LOOP('',(#3318,#3319,#3320,#3321));
#715=EDGE_LOOP('',(#3322,#3323,#3324,#3325,#3326,#3327));
#716=EDGE_LOOP('',(#3328,#3329,#3330,#3331));
#717=EDGE_LOOP('',(#3332,#3333,#3334,#3335,#3336,#3337,#3338));
#718=EDGE_LOOP('',(#3339,#3340,#3341,#3342));
#719=EDGE_LOOP('',(#3343,#3344,#3345,#3346,#3347,#3348));
#720=EDGE_LOOP('',(#3349,#3350,#3351,#3352));
#721=EDGE_LOOP('',(#3353,#3354,#3355,#3356));
#722=EDGE_LOOP('',(#3357,#3358,#3359,#3360,#3361,#3362));
#723=EDGE_LOOP('',(#3363,#3364,#3365,#3366,#3367,#3368,#3369,#3370,#3371,
#3372,#3373,#3374));
#724=EDGE_LOOP('',(#3375,#3376,#3377));
#725=EDGE_LOOP('',(#3378,#3379,#3380));
#726=EDGE_LOOP('',(#3381,#3382,#3383,#3384,#3385));
#727=EDGE_LOOP('',(#3386,#3387,#3388,#3389,#3390,#3391,#3392,#3393));
#728=EDGE_LOOP('',(#3394,#3395));
#729=EDGE_LOOP('',(#3396));
#730=EDGE_LOOP('',(#3397));
#731=EDGE_LOOP('',(#3398,#3399,#3400,#3401));
#732=EDGE_LOOP('',(#3402,#3403,#3404,#3405));
#733=EDGE_LOOP('',(#3406,#3407,#3408,#3409));
#734=EDGE_LOOP('',(#3410,#3411,#3412,#3413,#3414));
#735=EDGE_LOOP('',(#3415,#3416,#3417,#3418));
#736=EDGE_LOOP('',(#3419,#3420,#3421,#3422));
#737=EDGE_LOOP('',(#3423,#3424,#3425,#3426));
#738=EDGE_LOOP('',(#3427,#3428,#3429,#3430));
#739=EDGE_LOOP('',(#3431,#3432,#3433,#3434,#3435,#3436));
#740=EDGE_LOOP('',(#3437,#3438,#3439,#3440));
#741=EDGE_LOOP('',(#3441,#3442,#3443,#3444));
#742=EDGE_LOOP('',(#3445,#3446,#3447,#3448));
#743=EDGE_LOOP('',(#3449,#3450,#3451,#3452));
#744=EDGE_LOOP('',(#3453,#3454,#3455,#3456));
#745=EDGE_LOOP('',(#3457,#3458,#3459,#3460));
#746=EDGE_LOOP('',(#3461,#3462,#3463,#3464));
#747=EDGE_LOOP('',(#3465,#3466,#3467,#3468));
#748=EDGE_LOOP('',(#3469,#3470,#3471,#3472,#3473,#3474,#3475,#3476,#3477,
#3478,#3479,#3480,#3481,#3482,#3483));
#749=EDGE_LOOP('',(#3484,#3485,#3486));
#750=EDGE_LOOP('',(#3487,#3488,#3489));
#751=EDGE_LOOP('',(#3490,#3491,#3492));
#752=EDGE_LOOP('',(#3493,#3494,#3495,#3496,#3497));
#753=EDGE_LOOP('',(#3498,#3499,#3500,#3501));
#754=EDGE_LOOP('',(#3502,#3503,#3504,#3505,#3506,#3507));
#755=EDGE_LOOP('',(#3508,#3509,#3510,#3511));
#756=EDGE_LOOP('',(#3512,#3513,#3514,#3515));
#757=EDGE_LOOP('',(#3516,#3517,#3518,#3519,#3520,#3521));
#758=EDGE_LOOP('',(#3522,#3523,#3524));
#759=EDGE_LOOP('',(#3525,#3526,#3527));
#760=EDGE_LOOP('',(#3528,#3529,#3530,#3531));
#761=EDGE_LOOP('',(#3532,#3533,#3534,#3535));
#762=EDGE_LOOP('',(#3536,#3537,#3538,#3539));
#763=EDGE_LOOP('',(#3540,#3541,#3542,#3543));
#764=EDGE_LOOP('',(#3544,#3545,#3546,#3547,#3548,#3549,#3550,#3551,#3552,
#3553,#3554));
#765=EDGE_LOOP('',(#3555,#3556,#3557,#3558,#3559,#3560));
#766=EDGE_LOOP('',(#3561,#3562,#3563,#3564));
#767=EDGE_LOOP('',(#3565,#3566,#3567,#3568,#3569,#3570,#3571,#3572));
#768=EDGE_LOOP('',(#3573,#3574,#3575,#3576));
#769=EDGE_LOOP('',(#3577,#3578,#3579,#3580,#3581,#3582));
#770=EDGE_LOOP('',(#3583,#3584,#3585,#3586,#3587));
#771=EDGE_LOOP('',(#3588,#3589,#3590,#3591));
#772=EDGE_LOOP('',(#3592,#3593,#3594));
#773=EDGE_LOOP('',(#3595,#3596,#3597,#3598,#3599,#3600,#3601,#3602));
#774=EDGE_LOOP('',(#3603,#3604,#3605,#3606));
#775=EDGE_LOOP('',(#3607,#3608,#3609,#3610,#3611,#3612));
#776=EDGE_LOOP('',(#3613,#3614,#3615,#3616));
#777=EDGE_LOOP('',(#3617,#3618,#3619,#3620));
#778=EDGE_LOOP('',(#3621,#3622,#3623,#3624));
#779=EDGE_LOOP('',(#3625,#3626,#3627,#3628));
#780=EDGE_LOOP('',(#3629,#3630,#3631,#3632,#3633,#3634));
#781=EDGE_LOOP('',(#3635,#3636,#3637,#3638,#3639,#3640,#3641));
#782=EDGE_LOOP('',(#3642,#3643,#3644,#3645));
#783=EDGE_LOOP('',(#3646,#3647,#3648,#3649));
#784=EDGE_LOOP('',(#3650,#3651,#3652,#3653));
#785=EDGE_LOOP('',(#3654,#3655,#3656,#3657));
#786=EDGE_LOOP('',(#3658,#3659,#3660,#3661));
#787=EDGE_LOOP('',(#3662,#3663,#3664,#3665));
#788=EDGE_LOOP('',(#3666,#3667,#3668,#3669));
#789=EDGE_LOOP('',(#3670,#3671,#3672,#3673));
#790=EDGE_LOOP('',(#3674,#3675,#3676,#3677));
#791=EDGE_LOOP('',(#3678,#3679,#3680));
#792=EDGE_LOOP('',(#3681,#3682,#3683,#3684));
#793=EDGE_LOOP('',(#3685,#3686,#3687));
#794=EDGE_LOOP('',(#3688,#3689,#3690));
#795=EDGE_LOOP('',(#3691,#3692,#3693,#3694));
#796=EDGE_LOOP('',(#3695,#3696,#3697,#3698));
#797=EDGE_LOOP('',(#3699,#3700,#3701,#3702));
#798=EDGE_LOOP('',(#3703,#3704,#3705,#3706));
#799=EDGE_LOOP('',(#3707,#3708,#3709,#3710,#3711,#3712,#3713,#3714,#3715,
#3716,#3717));
#800=EDGE_LOOP('',(#3718,#3719,#3720,#3721,#3722,#3723));
#801=EDGE_LOOP('',(#3724,#3725,#3726,#3727,#3728));
#802=EDGE_LOOP('',(#3729,#3730,#3731,#3732));
#803=EDGE_LOOP('',(#3733,#3734,#3735,#3736,#3737,#3738,#3739,#3740,#3741,
#3742,#3743,#3744));
#804=EDGE_LOOP('',(#3745,#3746,#3747,#3748));
#805=EDGE_LOOP('',(#3749,#3750,#3751,#3752,#3753,#3754));
#806=EDGE_LOOP('',(#3755,#3756,#3757,#3758,#3759));
#807=EDGE_LOOP('',(#3760,#3761,#3762,#3763));
#808=EDGE_LOOP('',(#3764,#3765,#3766));
#809=EDGE_LOOP('',(#3767,#3768,#3769,#3770));
#810=EDGE_LOOP('',(#3771,#3772,#3773,#3774));
#811=EDGE_LOOP('',(#3775,#3776,#3777,#3778));
#812=EDGE_LOOP('',(#3779,#3780,#3781,#3782));
#813=EDGE_LOOP('',(#3783,#3784,#3785,#3786,#3787,#3788,#3789));
#814=EDGE_LOOP('',(#3790,#3791,#3792));
#815=EDGE_LOOP('',(#3793,#3794,#3795,#3796,#3797,#3798,#3799,#3800,#3801,
#3802,#3803,#3804,#3805,#3806,#3807,#3808,#3809,#3810,#3811,#3812,#3813,
#3814,#3815,#3816,#3817,#3818,#3819,#3820,#3821,#3822,#3823,#3824,#3825));
#816=EDGE_LOOP('',(#3826,#3827,#3828));
#817=EDGE_LOOP('',(#3829,#3830,#3831));
#818=EDGE_LOOP('',(#3832,#3833,#3834));
#819=EDGE_LOOP('',(#3835,#3836,#3837,#3838));
#820=EDGE_LOOP('',(#3839,#3840,#3841,#3842));
#821=EDGE_LOOP('',(#3843,#3844,#3845,#3846));
#822=EDGE_LOOP('',(#3847,#3848,#3849,#3850));
#823=EDGE_LOOP('',(#3851,#3852,#3853,#3854));
#824=EDGE_LOOP('',(#3855,#3856,#3857,#3858));
#825=EDGE_LOOP('',(#3859,#3860,#3861,#3862));
#826=EDGE_LOOP('',(#3863,#3864,#3865,#3866));
#827=EDGE_LOOP('',(#3867,#3868,#3869,#3870));
#828=EDGE_LOOP('',(#3871,#3872,#3873,#3874));
#829=EDGE_LOOP('',(#3875,#3876,#3877,#3878));
#830=EDGE_LOOP('',(#3879,#3880,#3881,#3882));
#831=EDGE_LOOP('',(#3883,#3884,#3885,#3886));
#832=EDGE_LOOP('',(#3887,#3888,#3889,#3890,#3891,#3892,#3893,#3894,#3895,
#3896,#3897,#3898,#3899,#3900));
#833=EDGE_LOOP('',(#3901,#3902,#3903));
#834=EDGE_LOOP('',(#3904,#3905,#3906));
#835=EDGE_LOOP('',(#3907,#3908,#3909));
#836=EDGE_LOOP('',(#3910,#3911,#3912));
#837=EDGE_LOOP('',(#3913,#3914,#3915));
#838=EDGE_LOOP('',(#3916,#3917,#3918));
#839=EDGE_LOOP('',(#3919,#3920,#3921));
#840=EDGE_LOOP('',(#3922,#3923,#3924));
#841=EDGE_LOOP('',(#3925,#3926,#3927));
#842=EDGE_LOOP('',(#3928,#3929,#3930,#3931));
#843=EDGE_LOOP('',(#3932,#3933,#3934,#3935));
#844=EDGE_LOOP('',(#3936,#3937,#3938,#3939));
#845=EDGE_LOOP('',(#3940,#3941,#3942,#3943));
#846=EDGE_LOOP('',(#3944,#3945,#3946));
#847=EDGE_LOOP('',(#3947,#3948,#3949,#3950));
#848=EDGE_LOOP('',(#3951,#3952,#3953,#3954));
#849=EDGE_LOOP('',(#3955,#3956,#3957,#3958));
#850=EDGE_LOOP('',(#3959,#3960,#3961,#3962,#3963));
#851=EDGE_LOOP('',(#3964,#3965,#3966,#3967,#3968,#3969,#3970,#3971));
#852=EDGE_LOOP('',(#3972,#3973,#3974,#3975,#3976,#3977,#3978,#3979));
#853=EDGE_LOOP('',(#3980,#3981,#3982,#3983));
#854=EDGE_LOOP('',(#3984,#3985,#3986,#3987));
#855=EDGE_LOOP('',(#3988,#3989,#3990,#3991));
#856=EDGE_LOOP('',(#3992,#3993,#3994,#3995));
#857=EDGE_LOOP('',(#3996,#3997,#3998,#3999));
#858=EDGE_LOOP('',(#4000,#4001,#4002,#4003));
#859=EDGE_LOOP('',(#4004,#4005,#4006,#4007));
#860=EDGE_LOOP('',(#4008,#4009,#4010));
#861=EDGE_LOOP('',(#4011,#4012,#4013));
#862=EDGE_LOOP('',(#4014,#4015,#4016));
#863=EDGE_LOOP('',(#4017,#4018,#4019));
#864=EDGE_LOOP('',(#4020,#4021,#4022,#4023));
#865=EDGE_LOOP('',(#4024,#4025,#4026,#4027));
#866=EDGE_LOOP('',(#4028,#4029,#4030,#4031));
#867=EDGE_LOOP('',(#4032,#4033,#4034,#4035));
#868=EDGE_LOOP('',(#4036,#4037,#4038,#4039));
#869=EDGE_LOOP('',(#4040,#4041,#4042,#4043));
#870=EDGE_LOOP('',(#4044,#4045,#4046,#4047));
#871=EDGE_LOOP('',(#4048,#4049,#4050,#4051));
#872=EDGE_LOOP('',(#4052,#4053,#4054,#4055));
#873=EDGE_LOOP('',(#4056,#4057,#4058,#4059));
#874=EDGE_LOOP('',(#4060,#4061,#4062,#4063));
#875=EDGE_LOOP('',(#4064,#4065,#4066,#4067));
#876=EDGE_LOOP('',(#4068,#4069,#4070,#4071));
#877=EDGE_LOOP('',(#4072,#4073,#4074));
#878=EDGE_LOOP('',(#4075,#4076,#4077));
#879=EDGE_LOOP('',(#4078,#4079,#4080));
#880=EDGE_LOOP('',(#4081,#4082,#4083));
#881=EDGE_LOOP('',(#4084,#4085,#4086,#4087,#4088,#4089,#4090));
#882=EDGE_LOOP('',(#4091,#4092,#4093,#4094));
#883=EDGE_LOOP('',(#4095,#4096,#4097,#4098));
#884=EDGE_LOOP('',(#4099,#4100,#4101,#4102));
#885=EDGE_LOOP('',(#4103));
#886=EDGE_LOOP('',(#4104,#4105,#4106));
#887=EDGE_LOOP('',(#4107,#4108,#4109));
#888=EDGE_LOOP('',(#4110,#4111,#4112));
#889=EDGE_LOOP('',(#4113,#4114,#4115));
#890=EDGE_LOOP('',(#4116,#4117,#4118));
#891=EDGE_LOOP('',(#4119,#4120,#4121,#4122));
#892=EDGE_LOOP('',(#4123,#4124,#4125,#4126,#4127,#4128,#4129,#4130,#4131,
#4132));
#893=EDGE_LOOP('',(#4133,#4134,#4135,#4136));
#894=EDGE_LOOP('',(#4137,#4138,#4139,#4140,#4141));
#895=EDGE_LOOP('',(#4142,#4143,#4144,#4145,#4146));
#896=EDGE_LOOP('',(#4147,#4148,#4149,#4150));
#897=EDGE_LOOP('',(#4151,#4152,#4153,#4154));
#898=EDGE_LOOP('',(#4155,#4156,#4157,#4158));
#899=EDGE_LOOP('',(#4159,#4160,#4161,#4162));
#900=EDGE_LOOP('',(#4163,#4164,#4165,#4166,#4167,#4168,#4169,#4170,#4171,
#4172));
#901=EDGE_LOOP('',(#4173,#4174,#4175,#4176));
#902=EDGE_LOOP('',(#4177,#4178,#4179,#4180));
#903=EDGE_LOOP('',(#4181,#4182,#4183,#4184));
#904=EDGE_LOOP('',(#4185,#4186,#4187,#4188,#4189,#4190,#4191,#4192));
#905=EDGE_LOOP('',(#4193,#4194,#4195,#4196));
#906=EDGE_LOOP('',(#4197,#4198,#4199,#4200));
#907=EDGE_LOOP('',(#4201,#4202,#4203));
#908=EDGE_LOOP('',(#4204,#4205,#4206,#4207));
#909=EDGE_LOOP('',(#4208,#4209,#4210,#4211));
#910=EDGE_LOOP('',(#4212,#4213,#4214,#4215));
#911=EDGE_LOOP('',(#4216,#4217,#4218,#4219));
#912=EDGE_LOOP('',(#4220,#4221,#4222,#4223));
#913=EDGE_LOOP('',(#4224,#4225,#4226,#4227,#4228,#4229,#4230,#4231,#4232,
#4233));
#914=EDGE_LOOP('',(#4234,#4235,#4236,#4237));
#915=EDGE_LOOP('',(#4238,#4239,#4240,#4241));
#916=EDGE_LOOP('',(#4242,#4243,#4244,#4245));
#917=EDGE_LOOP('',(#4246,#4247,#4248,#4249,#4250,#4251,#4252));
#918=EDGE_LOOP('',(#4253,#4254,#4255,#4256));
#919=EDGE_LOOP('',(#4257,#4258,#4259));
#920=EDGE_LOOP('',(#4260,#4261,#4262,#4263,#4264));
#921=EDGE_LOOP('',(#4265,#4266,#4267,#4268,#4269));
#922=EDGE_LOOP('',(#4270,#4271,#4272,#4273,#4274));
#923=EDGE_LOOP('',(#4275,#4276,#4277,#4278));
#924=EDGE_LOOP('',(#4279,#4280,#4281,#4282,#4283));
#925=EDGE_LOOP('',(#4284,#4285,#4286,#4287,#4288,#4289,#4290,#4291));
#926=EDGE_LOOP('',(#4292,#4293,#4294,#4295,#4296));
#927=EDGE_LOOP('',(#4297,#4298,#4299,#4300,#4301,#4302));
#928=EDGE_LOOP('',(#4303,#4304,#4305));
#929=EDGE_LOOP('',(#4306,#4307,#4308));
#930=EDGE_LOOP('',(#4309,#4310,#4311,#4312));
#931=EDGE_LOOP('',(#4313,#4314,#4315));
#932=EDGE_LOOP('',(#4316,#4317,#4318,#4319));
#933=EDGE_LOOP('',(#4320,#4321,#4322,#4323));
#934=EDGE_LOOP('',(#4324,#4325,#4326,#4327));
#935=EDGE_LOOP('',(#4328,#4329,#4330,#4331));
#936=EDGE_LOOP('',(#4332,#4333,#4334,#4335));
#937=EDGE_LOOP('',(#4336,#4337,#4338,#4339));
#938=EDGE_LOOP('',(#4340,#4341,#4342,#4343));
#939=EDGE_LOOP('',(#4344,#4345,#4346,#4347));
#940=EDGE_LOOP('',(#4348,#4349,#4350,#4351));
#941=EDGE_LOOP('',(#4352,#4353,#4354,#4355));
#942=EDGE_LOOP('',(#4356,#4357,#4358,#4359));
#943=EDGE_LOOP('',(#4360,#4361,#4362,#4363,#4364));
#944=EDGE_LOOP('',(#4365,#4366,#4367,#4368,#4369));
#945=EDGE_LOOP('',(#4370,#4371,#4372,#4373));
#946=EDGE_LOOP('',(#4374,#4375,#4376,#4377,#4378,#4379,#4380));
#947=EDGE_LOOP('',(#4381,#4382,#4383,#4384));
#948=EDGE_LOOP('',(#4385,#4386,#4387,#4388,#4389,#4390,#4391,#4392,#4393,
#4394,#4395,#4396,#4397,#4398,#4399,#4400,#4401,#4402));
#949=EDGE_LOOP('',(#4403,#4404,#4405));
#950=EDGE_LOOP('',(#4406,#4407,#4408));
#951=EDGE_LOOP('',(#4409,#4410,#4411));
#952=EDGE_LOOP('',(#4412,#4413,#4414));
#953=EDGE_LOOP('',(#4415,#4416,#4417));
#954=EDGE_LOOP('',(#4418,#4419,#4420,#4421,#4422,#4423,#4424));
#955=EDGE_LOOP('',(#4425,#4426,#4427,#4428,#4429,#4430));
#956=EDGE_LOOP('',(#4431,#4432,#4433));
#957=EDGE_LOOP('',(#4434,#4435,#4436,#4437,#4438,#4439,#4440));
#958=EDGE_LOOP('',(#4441,#4442,#4443,#4444));
#959=EDGE_LOOP('',(#4445,#4446,#4447,#4448,#4449,#4450,#4451,#4452,#4453,
#4454,#4455,#4456,#4457,#4458));
#960=EDGE_LOOP('',(#4459,#4460,#4461));
#961=EDGE_LOOP('',(#4462,#4463,#4464));
#962=EDGE_LOOP('',(#4465,#4466,#4467,#4468));
#963=EDGE_LOOP('',(#4469,#4470,#4471,#4472));
#964=EDGE_LOOP('',(#4473,#4474,#4475));
#965=EDGE_LOOP('',(#4476,#4477,#4478));
#966=EDGE_LOOP('',(#4479,#4480,#4481,#4482));
#967=EDGE_LOOP('',(#4483,#4484,#4485));
#968=EDGE_LOOP('',(#4486,#4487,#4488));
#969=EDGE_LOOP('',(#4489,#4490,#4491,#4492,#4493,#4494,#4495,#4496,#4497,
#4498,#4499,#4500,#4501,#4502));
#970=EDGE_LOOP('',(#4503,#4504,#4505));
#971=EDGE_LOOP('',(#4506,#4507,#4508));
#972=EDGE_LOOP('',(#4509,#4510,#4511));
#973=EDGE_LOOP('',(#4512,#4513,#4514,#4515,#4516,#4517));
#974=EDGE_LOOP('',(#4518,#4519,#4520,#4521,#4522));
#975=EDGE_LOOP('',(#4523,#4524,#4525,#4526));
#976=EDGE_LOOP('',(#4527,#4528,#4529,#4530));
#977=EDGE_LOOP('',(#4531,#4532,#4533,#4534,#4535,#4536,#4537,#4538,#4539));
#978=EDGE_LOOP('',(#4540,#4541,#4542,#4543,#4544,#4545,#4546,#4547));
#979=EDGE_LOOP('',(#4548));
#980=EDGE_LOOP('',(#4549,#4550));
#981=EDGE_LOOP('',(#4551));
#982=EDGE_LOOP('',(#4552,#4553,#4554,#4555));
#983=EDGE_LOOP('',(#4556,#4557,#4558,#4559,#4560));
#984=LINE('',#6686,#1424);
#985=LINE('',#6697,#1425);
#986=LINE('',#6699,#1426);
#987=LINE('',#6701,#1427);
#988=LINE('',#6703,#1428);
#989=LINE('',#6705,#1429);
#990=LINE('',#6706,#1430);
#991=LINE('',#6710,#1431);
#992=LINE('',#6714,#1432);
#993=LINE('',#6716,#1433);
#994=LINE('',#6717,#1434);
#995=LINE('',#6720,#1435);
#996=LINE('',#6721,#1436);
#997=LINE('',#6724,#1437);
#998=LINE('',#6725,#1438);
#999=LINE('',#6728,#1439);
#1000=LINE('',#6729,#1440);
#1001=LINE('',#6732,#1441);
#1002=LINE('',#6733,#1442);
#1003=LINE('',#6735,#1443);
#1004=LINE('',#6737,#1444);
#1005=LINE('',#6738,#1445);
#1006=LINE('',#6740,#1446);
#1007=LINE('',#6742,#1447);
#1008=LINE('',#6744,#1448);
#1009=LINE('',#6746,#1449);
#1010=LINE('',#6750,#1450);
#1011=LINE('',#6798,#1451);
#1012=LINE('',#6799,#1452);
#1013=LINE('',#6802,#1453);
#1014=LINE('',#6804,#1454);
#1015=LINE('',#6806,#1455);
#1016=LINE('',#6808,#1456);
#1017=LINE('',#6810,#1457);
#1018=LINE('',#6811,#1458);
#1019=LINE('',#6814,#1459);
#1020=LINE('',#6862,#1460);
#1021=LINE('',#6863,#1461);
#1022=LINE('',#6866,#1462);
#1023=LINE('',#6868,#1463);
#1024=LINE('',#6870,#1464);
#1025=LINE('',#6872,#1465);
#1026=LINE('',#6873,#1466);
#1027=LINE('',#6879,#1467);
#1028=LINE('',#6882,#1468);
#1029=LINE('',#6889,#1469);
#1030=LINE('',#6893,#1470);
#1031=LINE('',#6900,#1471);
#1032=LINE('',#6903,#1472);
#1033=LINE('',#6908,#1473);
#1034=LINE('',#6912,#1474);
#1035=LINE('',#6920,#1475);
#1036=LINE('',#6924,#1476);
#1037=LINE('',#6926,#1477);
#1038=LINE('',#6927,#1478);
#1039=LINE('',#6932,#1479);
#1040=LINE('',#6936,#1480);
#1041=LINE('',#6938,#1481);
#1042=LINE('',#6939,#1482);
#1043=LINE('',#6942,#1483);
#1044=LINE('',#6944,#1484);
#1045=LINE('',#6950,#1485);
#1046=LINE('',#6954,#1486);
#1047=LINE('',#6955,#1487);
#1048=LINE('',#6957,#1488);
#1049=LINE('',#6958,#1489);
#1050=LINE('',#6964,#1490);
#1051=LINE('',#6967,#1491);
#1052=LINE('',#6970,#1492);
#1053=LINE('',#6972,#1493);
#1054=LINE('',#6973,#1494);
#1055=LINE('',#6974,#1495);
#1056=LINE('',#6980,#1496);
#1057=LINE('',#6983,#1497);
#1058=LINE('',#6985,#1498);
#1059=LINE('',#6986,#1499);
#1060=LINE('',#6987,#1500);
#1061=LINE('',#6991,#1501);
#1062=LINE('',#6992,#1502);
#1063=LINE('',#6996,#1503);
#1064=LINE('',#6998,#1504);
#1065=LINE('',#7000,#1505);
#1066=LINE('',#7002,#1506);
#1067=LINE('',#7004,#1507);
#1068=LINE('',#7006,#1508);
#1069=LINE('',#7007,#1509);
#1070=LINE('',#7008,#1510);
#1071=LINE('',#7011,#1511);
#1072=LINE('',#7013,#1512);
#1073=LINE('',#7017,#1513);
#1074=LINE('',#7019,#1514);
#1075=LINE('',#7023,#1515);
#1076=LINE('',#7024,#1516);
#1077=LINE('',#7028,#1517);
#1078=LINE('',#7030,#1518);
#1079=LINE('',#7032,#1519);
#1080=LINE('',#7034,#1520);
#1081=LINE('',#7035,#1521);
#1082=LINE('',#7037,#1522);
#1083=LINE('',#7038,#1523);
#1084=LINE('',#7114,#1524);
#1085=LINE('',#7115,#1525);
#1086=LINE('',#7118,#1526);
#1087=LINE('',#7123,#1527);
#1088=LINE('',#7126,#1528);
#1089=LINE('',#7133,#1529);
#1090=LINE('',#7136,#1530);
#1091=LINE('',#7142,#1531);
#1092=LINE('',#7145,#1532);
#1093=LINE('',#7151,#1533);
#1094=LINE('',#7154,#1534);
#1095=LINE('',#7160,#1535);
#1096=LINE('',#7172,#1536);
#1097=LINE('',#7175,#1537);
#1098=LINE('',#7177,#1538);
#1099=LINE('',#7178,#1539);
#1100=LINE('',#7180,#1540);
#1101=LINE('',#7181,#1541);
#1102=LINE('',#7184,#1542);
#1103=LINE('',#7186,#1543);
#1104=LINE('',#7187,#1544);
#1105=LINE('',#7189,#1545);
#1106=LINE('',#7190,#1546);
#1107=LINE('',#7193,#1547);
#1108=LINE('',#7195,#1548);
#1109=LINE('',#7196,#1549);
#1110=LINE('',#7198,#1550);
#1111=LINE('',#7199,#1551);
#1112=LINE('',#7202,#1552);
#1113=LINE('',#7204,#1553);
#1114=LINE('',#7205,#1554);
#1115=LINE('',#7207,#1555);
#1116=LINE('',#7208,#1556);
#1117=LINE('',#7211,#1557);
#1118=LINE('',#7213,#1558);
#1119=LINE('',#7215,#1559);
#1120=LINE('',#7217,#1560);
#1121=LINE('',#7219,#1561);
#1122=LINE('',#7221,#1562);
#1123=LINE('',#7222,#1563);
#1124=LINE('',#7224,#1564);
#1125=LINE('',#7225,#1565);
#1126=LINE('',#7228,#1566);
#1127=LINE('',#7230,#1567);
#1128=LINE('',#7232,#1568);
#1129=LINE('',#7233,#1569);
#1130=LINE('',#7236,#1570);
#1131=LINE('',#7238,#1571);
#1132=LINE('',#7239,#1572);
#1133=LINE('',#7243,#1573);
#1134=LINE('',#7244,#1574);
#1135=LINE('',#7245,#1575);
#1136=LINE('',#7246,#1576);
#1137=LINE('',#7250,#1577);
#1138=LINE('',#7251,#1578);
#1139=LINE('',#7254,#1579);
#1140=LINE('',#7256,#1580);
#1141=LINE('',#7258,#1581);
#1142=LINE('',#7259,#1582);
#1143=LINE('',#7264,#1583);
#1144=LINE('',#7266,#1584);
#1145=LINE('',#7268,#1585);
#1146=LINE('',#7269,#1586);
#1147=LINE('',#7272,#1587);
#1148=LINE('',#7274,#1588);
#1149=LINE('',#7275,#1589);
#1150=LINE('',#7279,#1590);
#1151=LINE('',#7281,#1591);
#1152=LINE('',#7283,#1592);
#1153=LINE('',#7284,#1593);
#1154=LINE('',#7287,#1594);
#1155=LINE('',#7289,#1595);
#1156=LINE('',#7290,#1596);
#1157=LINE('',#7293,#1597);
#1158=LINE('',#7294,#1598);
#1159=LINE('',#7296,#1599);
#1160=LINE('',#7297,#1600);
#1161=LINE('',#7298,#1601);
#1162=LINE('',#7301,#1602);
#1163=LINE('',#7304,#1603);
#1164=LINE('',#7306,#1604);
#1165=LINE('',#7308,#1605);
#1166=LINE('',#7313,#1606);
#1167=LINE('',#7314,#1607);
#1168=LINE('',#7321,#1608);
#1169=LINE('',#7325,#1609);
#1170=LINE('',#7329,#1610);
#1171=LINE('',#7332,#1611);
#1172=LINE('',#7335,#1612);
#1173=LINE('',#7336,#1613);
#1174=LINE('',#7340,#1614);
#1175=LINE('',#7346,#1615);
#1176=LINE('',#7349,#1616);
#1177=LINE('',#7354,#1617);
#1178=LINE('',#7355,#1618);
#1179=LINE('',#7360,#1619);
#1180=LINE('',#7361,#1620);
#1181=LINE('',#7367,#1621);
#1182=LINE('',#7379,#1622);
#1183=LINE('',#7382,#1623);
#1184=LINE('',#7384,#1624);
#1185=LINE('',#7385,#1625);
#1186=LINE('',#7387,#1626);
#1187=LINE('',#7388,#1627);
#1188=LINE('',#7391,#1628);
#1189=LINE('',#7393,#1629);
#1190=LINE('',#7394,#1630);
#1191=LINE('',#7396,#1631);
#1192=LINE('',#7397,#1632);
#1193=LINE('',#7400,#1633);
#1194=LINE('',#7401,#1634);
#1195=LINE('',#7403,#1635);
#1196=LINE('',#7406,#1636);
#1197=LINE('',#7407,#1637);
#1198=LINE('',#7409,#1638);
#1199=LINE('',#7412,#1639);
#1200=LINE('',#7414,#1640);
#1201=LINE('',#7415,#1641);
#1202=LINE('',#7417,#1642);
#1203=LINE('',#7418,#1643);
#1204=LINE('',#7422,#1644);
#1205=LINE('',#7423,#1645);
#1206=LINE('',#7427,#1646);
#1207=LINE('',#7429,#1647);
#1208=LINE('',#7431,#1648);
#1209=LINE('',#7432,#1649);
#1210=LINE('',#7437,#1650);
#1211=LINE('',#7439,#1651);
#1212=LINE('',#7441,#1652);
#1213=LINE('',#7442,#1653);
#1214=LINE('',#7445,#1654);
#1215=LINE('',#7447,#1655);
#1216=LINE('',#7448,#1656);
#1217=LINE('',#7452,#1657);
#1218=LINE('',#7454,#1658);
#1219=LINE('',#7456,#1659);
#1220=LINE('',#7457,#1660);
#1221=LINE('',#7460,#1661);
#1222=LINE('',#7462,#1662);
#1223=LINE('',#7463,#1663);
#1224=LINE('',#7466,#1664);
#1225=LINE('',#7468,#1665);
#1226=LINE('',#7472,#1666);
#1227=LINE('',#7474,#1667);
#1228=LINE('',#7477,#1668);
#1229=LINE('',#7482,#1669);
#1230=LINE('',#7484,#1670);
#1231=LINE('',#7487,#1671);
#1232=LINE('',#7489,#1672);
#1233=LINE('',#7491,#1673);
#1234=LINE('',#7492,#1674);
#1235=LINE('',#7493,#1675);
#1236=LINE('',#7495,#1676);
#1237=LINE('',#7497,#1677);
#1238=LINE('',#7500,#1678);
#1239=LINE('',#7507,#1679);
#1240=LINE('',#7509,#1680);
#1241=LINE('',#7511,#1681);
#1242=LINE('',#7515,#1682);
#1243=LINE('',#7517,#1683);
#1244=LINE('',#7519,#1684);
#1245=LINE('',#7530,#1685);
#1246=LINE('',#7541,#1686);
#1247=LINE('',#7545,#1687);
#1248=LINE('',#7547,#1688);
#1249=LINE('',#7553,#1689);
#1250=LINE('',#7559,#1690);
#1251=LINE('',#7565,#1691);
#1252=LINE('',#7567,#1692);
#1253=LINE('',#7571,#1693);
#1254=LINE('',#7582,#1694);
#1255=LINE('',#7592,#1695);
#1256=LINE('',#7597,#1696);
#1257=LINE('',#7598,#1697);
#1258=LINE('',#7601,#1698);
#1259=LINE('',#7604,#1699);
#1260=LINE('',#7607,#1700);
#1261=LINE('',#7610,#1701);
#1262=LINE('',#7613,#1702);
#1263=LINE('',#7615,#1703);
#1264=LINE('',#7616,#1704);
#1265=LINE('',#7619,#1705);
#1266=LINE('',#7622,#1706);
#1267=LINE('',#7625,#1707);
#1268=LINE('',#7627,#1708);
#1269=LINE('',#7628,#1709);
#1270=LINE('',#7631,#1710);
#1271=LINE('',#7634,#1711);
#1272=LINE('',#7640,#1712);
#1273=LINE('',#7643,#1713);
#1274=LINE('',#7649,#1714);
#1275=LINE('',#7652,#1715);
#1276=LINE('',#7656,#1716);
#1277=LINE('',#7658,#1717);
#1278=LINE('',#7660,#1718);
#1279=LINE('',#7661,#1719);
#1280=LINE('',#7664,#1720);
#1281=LINE('',#7666,#1721);
#1282=LINE('',#7667,#1722);
#1283=LINE('',#7671,#1723);
#1284=LINE('',#7673,#1724);
#1285=LINE('',#7675,#1725);
#1286=LINE('',#7676,#1726);
#1287=LINE('',#7679,#1727);
#1288=LINE('',#7681,#1728);
#1289=LINE('',#7682,#1729);
#1290=LINE('',#7686,#1730);
#1291=LINE('',#7688,#1731);
#1292=LINE('',#7690,#1732);
#1293=LINE('',#7691,#1733);
#1294=LINE('',#7697,#1734);
#1295=LINE('',#7701,#1735);
#1296=LINE('',#7705,#1736);
#1297=LINE('',#7709,#1737);
#1298=LINE('',#7713,#1738);
#1299=LINE('',#7717,#1739);
#1300=LINE('',#7720,#1740);
#1301=LINE('',#7723,#1741);
#1302=LINE('',#7726,#1742);
#1303=LINE('',#7729,#1743);
#1304=LINE('',#7732,#1744);
#1305=LINE('',#7735,#1745);
#1306=LINE('',#7737,#1746);
#1307=LINE('',#7738,#1747);
#1308=LINE('',#7740,#1748);
#1309=LINE('',#7741,#1749);
#1310=LINE('',#7745,#1750);
#1311=LINE('',#7746,#1751);
#1312=LINE('',#7750,#1752);
#1313=LINE('',#7751,#1753);
#1314=LINE('',#7753,#1754);
#1315=LINE('',#7756,#1755);
#1316=LINE('',#7761,#1756);
#1317=LINE('',#7763,#1757);
#1318=LINE('',#7764,#1758);
#1319=LINE('',#7777,#1759);
#1320=LINE('',#7778,#1760);
#1321=LINE('',#7788,#1761);
#1322=LINE('',#7792,#1762);
#1323=LINE('',#7798,#1763);
#1324=LINE('',#7804,#1764);
#1325=LINE('',#7807,#1765);
#1326=LINE('',#7812,#1766);
#1327=LINE('',#7813,#1767);
#1328=LINE('',#7818,#1768);
#1329=LINE('',#7819,#1769);
#1330=LINE('',#7823,#1770);
#1331=LINE('',#7827,#1771);
#1332=LINE('',#7832,#1772);
#1333=LINE('',#7836,#1773);
#1334=LINE('',#7840,#1774);
#1335=LINE('',#7842,#1775);
#1336=LINE('',#7843,#1776);
#1337=LINE('',#7846,#1777);
#1338=LINE('',#7848,#1778);
#1339=LINE('',#7849,#1779);
#1340=LINE('',#7852,#1780);
#1341=LINE('',#7853,#1781);
#1342=LINE('',#7855,#1782);
#1343=LINE('',#7857,#1783);
#1344=LINE('',#7858,#1784);
#1345=LINE('',#7860,#1785);
#1346=LINE('',#7862,#1786);
#1347=LINE('',#7863,#1787);
#1348=LINE('',#7865,#1788);
#1349=LINE('',#7868,#1789);
#1350=LINE('',#7873,#1790);
#1351=LINE('',#7874,#1791);
#1352=LINE('',#7875,#1792);
#1353=LINE('',#7877,#1793);
#1354=LINE('',#7885,#1794);
#1355=LINE('',#7887,#1795);
#1356=LINE('',#7895,#1796);
#1357=LINE('',#7898,#1797);
#1358=LINE('',#7905,#1798);
#1359=LINE('',#7920,#1799);
#1360=LINE('',#7923,#1800);
#1361=LINE('',#7934,#1801);
#1362=LINE('',#7941,#1802);
#1363=LINE('',#7971,#1803);
#1364=LINE('',#7972,#1804);
#1365=LINE('',#7977,#1805);
#1366=LINE('',#7979,#1806);
#1367=LINE('',#7989,#1807);
#1368=LINE('',#7992,#1808);
#1369=LINE('',#7995,#1809);
#1370=LINE('',#8022,#1810);
#1371=LINE('',#8033,#1811);
#1372=LINE('',#8037,#1812);
#1373=LINE('',#8041,#1813);
#1374=LINE('',#8070,#1814);
#1375=LINE('',#8148,#1815);
#1376=LINE('',#8150,#1816);
#1377=LINE('',#8154,#1817);
#1378=LINE('',#8219,#1818);
#1379=LINE('',#8220,#1819);
#1380=LINE('',#8221,#1820);
#1381=LINE('',#8464,#1821);
#1382=LINE('',#8466,#1822);
#1383=LINE('',#8599,#1823);
#1384=LINE('',#8652,#1824);
#1385=LINE('',#8653,#1825);
#1386=LINE('',#8654,#1826);
#1387=LINE('',#8657,#1827);
#1388=LINE('',#8733,#1828);
#1389=LINE('',#8741,#1829);
#1390=LINE('',#8745,#1830);
#1391=LINE('',#8746,#1831);
#1392=LINE('',#8747,#1832);
#1393=LINE('',#8754,#1833);
#1394=LINE('',#8774,#1834);
#1395=LINE('',#8775,#1835);
#1396=LINE('',#8777,#1836);
#1397=LINE('',#8783,#1837);
#1398=LINE('',#8790,#1838);
#1399=LINE('',#8839,#1839);
#1400=LINE('',#8841,#1840);
#1401=LINE('',#8844,#1841);
#1402=LINE('',#8846,#1842);
#1403=LINE('',#8847,#1843);
#1404=LINE('',#8850,#1844);
#1405=LINE('',#8853,#1845);
#1406=LINE('',#8858,#1846);
#1407=LINE('',#8868,#1847);
#1408=LINE('',#8870,#1848);
#1409=LINE('',#8871,#1849);
#1410=LINE('',#8874,#1850);
#1411=LINE('',#8877,#1851);
#1412=LINE('',#8881,#1852);
#1413=LINE('',#8883,#1853);
#1414=LINE('',#8886,#1854);
#1415=LINE('',#8887,#1855);
#1416=LINE('',#8920,#1856);
#1417=LINE('',#8922,#1857);
#1418=LINE('',#8924,#1858);
#1419=LINE('',#8935,#1859);
#1420=LINE('',#8977,#1860);
#1421=LINE('',#9014,#1861);
#1422=LINE('',#9017,#1862);
#1423=LINE('',#9019,#1863);
#1424=VECTOR('',#5314,1.36163749999999);
#1425=VECTOR('',#5327,10.);
#1426=VECTOR('',#5328,10.);
#1427=VECTOR('',#5329,10.);
#1428=VECTOR('',#5330,10.);
#1429=VECTOR('',#5331,10.);
#1430=VECTOR('',#5332,10.);
#1431=VECTOR('',#5337,2.74999999999998);
#1432=VECTOR('',#5340,9.99999999999999);
#1433=VECTOR('',#5341,10.);
#1434=VECTOR('',#5342,10.);
#1435=VECTOR('',#5345,10.);
#1436=VECTOR('',#5346,10.);
#1437=VECTOR('',#5349,10.);
#1438=VECTOR('',#5350,9.99999999999999);
#1439=VECTOR('',#5353,10.);
#1440=VECTOR('',#5354,10.);
#1441=VECTOR('',#5357,10.);
#1442=VECTOR('',#5358,10.);
#1443=VECTOR('',#5361,10.);
#1444=VECTOR('',#5364,10.);
#1445=VECTOR('',#5365,10.);
#1446=VECTOR('',#5368,10.);
#1447=VECTOR('',#5371,10.);
#1448=VECTOR('',#5374,10.);
#1449=VECTOR('',#5377,10.);
#1450=VECTOR('',#5382,1.4635);
#1451=VECTOR('',#5399,10.);
#1452=VECTOR('',#5400,10.);
#1453=VECTOR('',#5403,1000.);
#1454=VECTOR('',#5404,999.999999999999);
#1455=VECTOR('',#5405,1000.);
#1456=VECTOR('',#5406,1000.);
#1457=VECTOR('',#5407,1000.);
#1458=VECTOR('',#5408,1000.);
#1459=VECTOR('',#5411,1000.);
#1460=VECTOR('',#5426,10.);
#1461=VECTOR('',#5427,10.);
#1462=VECTOR('',#5430,1000.);
#1463=VECTOR('',#5431,1000.);
#1464=VECTOR('',#5432,10.);
#1465=VECTOR('',#5433,1000.);
#1466=VECTOR('',#5434,1000.);
#1467=VECTOR('',#5439,10.);
#1468=VECTOR('',#5442,10.);
#1469=VECTOR('',#5449,10.);
#1470=VECTOR('',#5452,10.);
#1471=VECTOR('',#5459,10.);
#1472=VECTOR('',#5462,10.);
#1473=VECTOR('',#5467,10.);
#1474=VECTOR('',#5470,10.);
#1475=VECTOR('',#5479,10.);
#1476=VECTOR('',#5484,1000.);
#1477=VECTOR('',#5485,10.);
#1478=VECTOR('',#5486,1000.);
#1479=VECTOR('',#5491,10.);
#1480=VECTOR('',#5496,1000.);
#1481=VECTOR('',#5497,10.);
#1482=VECTOR('',#5498,1000.);
#1483=VECTOR('',#5501,1000.);
#1484=VECTOR('',#5502,1000.);
#1485=VECTOR('',#5509,10.);
#1486=VECTOR('',#5514,1000.);
#1487=VECTOR('',#5515,10.);
#1488=VECTOR('',#5516,1000.);
#1489=VECTOR('',#5517,1000.);
#1490=VECTOR('',#5522,10.);
#1491=VECTOR('',#5525,10.);
#1492=VECTOR('',#5528,1000.);
#1493=VECTOR('',#5529,1000.);
#1494=VECTOR('',#5530,1000.);
#1495=VECTOR('',#5531,1000.);
#1496=VECTOR('',#5538,10.);
#1497=VECTOR('',#5541,1000.);
#1498=VECTOR('',#5542,1000.);
#1499=VECTOR('',#5543,1000.);
#1500=VECTOR('',#5544,1000.);
#1501=VECTOR('',#5551,1000.);
#1502=VECTOR('',#5552,1000.);
#1503=VECTOR('',#5557,1000.);
#1504=VECTOR('',#5558,10.);
#1505=VECTOR('',#5559,1000.);
#1506=VECTOR('',#5560,10.);
#1507=VECTOR('',#5561,10.);
#1508=VECTOR('',#5562,1000.);
#1509=VECTOR('',#5563,1000.);
#1510=VECTOR('',#5564,1000.);
#1511=VECTOR('',#5565,1000.);
#1512=VECTOR('',#5566,1000.);
#1513=VECTOR('',#5569,1000.);
#1514=VECTOR('',#5570,1000.);
#1515=VECTOR('',#5575,1000.);
#1516=VECTOR('',#5576,10.);
#1517=VECTOR('',#5579,1000.);
#1518=VECTOR('',#5580,1000.);
#1519=VECTOR('',#5581,10.);
#1520=VECTOR('',#5582,10.);
#1521=VECTOR('',#5583,10.);
#1522=VECTOR('',#5584,10.);
#1523=VECTOR('',#5585,1000.);
#1524=VECTOR('',#5612,10.);
#1525=VECTOR('',#5613,10.);
#1526=VECTOR('',#5616,1000.);
#1527=VECTOR('',#5621,1000.);
#1528=VECTOR('',#5624,0.750000000000015);
#1529=VECTOR('',#5631,1000.);
#1530=VECTOR('',#5634,1000.);
#1531=VECTOR('',#5639,1000.);
#1532=VECTOR('',#5642,1000.);
#1533=VECTOR('',#5647,1000.);
#1534=VECTOR('',#5650,1000.);
#1535=VECTOR('',#5655,1000.);
#1536=VECTOR('',#5660,1000.);
#1537=VECTOR('',#5663,1000.);
#1538=VECTOR('',#5664,1000.);
#1539=VECTOR('',#5665,1000.);
#1540=VECTOR('',#5668,1000.);
#1541=VECTOR('',#5669,1000.);
#1542=VECTOR('',#5672,1000.);
#1543=VECTOR('',#5673,1000.);
#1544=VECTOR('',#5674,1000.);
#1545=VECTOR('',#5677,1000.);
#1546=VECTOR('',#5678,1000.);
#1547=VECTOR('',#5681,1000.);
#1548=VECTOR('',#5682,1000.);
#1549=VECTOR('',#5683,1000.);
#1550=VECTOR('',#5686,1000.);
#1551=VECTOR('',#5687,1000.);
#1552=VECTOR('',#5690,1000.);
#1553=VECTOR('',#5691,1000.);
#1554=VECTOR('',#5692,1000.);
#1555=VECTOR('',#5695,1000.);
#1556=VECTOR('',#5696,1000.);
#1557=VECTOR('',#5699,1000.);
#1558=VECTOR('',#5700,1000.);
#1559=VECTOR('',#5701,1000.);
#1560=VECTOR('',#5702,1000.);
#1561=VECTOR('',#5703,1000.);
#1562=VECTOR('',#5704,1000.);
#1563=VECTOR('',#5705,1000.);
#1564=VECTOR('',#5706,10.);
#1565=VECTOR('',#5707,1000.);
#1566=VECTOR('',#5710,1000.);
#1567=VECTOR('',#5711,1000.);
#1568=VECTOR('',#5712,1000.);
#1569=VECTOR('',#5713,1000.);
#1570=VECTOR('',#5716,999.999999999999);
#1571=VECTOR('',#5717,1000.);
#1572=VECTOR('',#5718,1000.);
#1573=VECTOR('',#5721,1000.);
#1574=VECTOR('',#5722,1000.);
#1575=VECTOR('',#5723,1000.);
#1576=VECTOR('',#5724,1000.);
#1577=VECTOR('',#5729,1000.);
#1578=VECTOR('',#5730,1000.);
#1579=VECTOR('',#5733,1000.);
#1580=VECTOR('',#5734,1000.);
#1581=VECTOR('',#5735,1000.);
#1582=VECTOR('',#5736,1000.);
#1583=VECTOR('',#5741,1000.);
#1584=VECTOR('',#5742,1000.);
#1585=VECTOR('',#5743,1000.);
#1586=VECTOR('',#5744,1000.);
#1587=VECTOR('',#5747,1000.);
#1588=VECTOR('',#5748,1000.);
#1589=VECTOR('',#5749,1000.);
#1590=VECTOR('',#5752,1000.);
#1591=VECTOR('',#5753,1000.);
#1592=VECTOR('',#5754,1000.);
#1593=VECTOR('',#5755,1000.);
#1594=VECTOR('',#5758,1000.);
#1595=VECTOR('',#5759,1000.);
#1596=VECTOR('',#5760,1000.);
#1597=VECTOR('',#5763,1000.);
#1598=VECTOR('',#5764,999.999999999999);
#1599=VECTOR('',#5765,1000.);
#1600=VECTOR('',#5766,1000.);
#1601=VECTOR('',#5767,1000.);
#1602=VECTOR('',#5770,1000.);
#1603=VECTOR('',#5775,1000.);
#1604=VECTOR('',#5778,1000.);
#1605=VECTOR('',#5781,1000.);
#1606=VECTOR('',#5788,10.);
#1607=VECTOR('',#5789,1000.);
#1608=VECTOR('',#5800,1000.);
#1609=VECTOR('',#5803,1000.);
#1610=VECTOR('',#5808,10.);
#1611=VECTOR('',#5811,10.);
#1612=VECTOR('',#5814,1000.);
#1613=VECTOR('',#5815,1000.);
#1614=VECTOR('',#5820,0.750000000000015);
#1615=VECTOR('',#5825,1000.);
#1616=VECTOR('',#5828,1000.);
#1617=VECTOR('',#5833,1000.);
#1618=VECTOR('',#5834,1000.);
#1619=VECTOR('',#5839,1000.);
#1620=VECTOR('',#5840,1000.);
#1621=VECTOR('',#5845,1000.);
#1622=VECTOR('',#5850,1000.);
#1623=VECTOR('',#5853,1000.);
#1624=VECTOR('',#5854,1000.);
#1625=VECTOR('',#5855,1000.);
#1626=VECTOR('',#5856,999.999999999999);
#1627=VECTOR('',#5857,1000.);
#1628=VECTOR('',#5860,1000.);
#1629=VECTOR('',#5861,1000.);
#1630=VECTOR('',#5862,1000.);
#1631=VECTOR('',#5865,1000.);
#1632=VECTOR('',#5866,1000.);
#1633=VECTOR('',#5869,1000.);
#1634=VECTOR('',#5870,1000.);
#1635=VECTOR('',#5873,1000.);
#1636=VECTOR('',#5876,1000.);
#1637=VECTOR('',#5877,1000.);
#1638=VECTOR('',#5880,1000.);
#1639=VECTOR('',#5883,1000.);
#1640=VECTOR('',#5884,1000.);
#1641=VECTOR('',#5885,1000.);
#1642=VECTOR('',#5888,1000.);
#1643=VECTOR('',#5889,1000.);
#1644=VECTOR('',#5894,1000.);
#1645=VECTOR('',#5895,1000.);
#1646=VECTOR('',#5898,10.);
#1647=VECTOR('',#5899,1000.);
#1648=VECTOR('',#5900,1000.);
#1649=VECTOR('',#5901,1000.);
#1650=VECTOR('',#5906,1000.);
#1651=VECTOR('',#5907,1000.);
#1652=VECTOR('',#5908,1000.);
#1653=VECTOR('',#5909,1000.);
#1654=VECTOR('',#5912,1000.);
#1655=VECTOR('',#5913,1000.);
#1656=VECTOR('',#5914,1000.);
#1657=VECTOR('',#5917,1000.);
#1658=VECTOR('',#5918,1000.);
#1659=VECTOR('',#5919,1000.);
#1660=VECTOR('',#5920,1000.);
#1661=VECTOR('',#5923,1000.);
#1662=VECTOR('',#5924,1000.);
#1663=VECTOR('',#5925,1000.);
#1664=VECTOR('',#5928,1000.);
#1665=VECTOR('',#5929,1000.);
#1666=VECTOR('',#5932,1000.);
#1667=VECTOR('',#5933,1000.);
#1668=VECTOR('',#5936,999.999999999999);
#1669=VECTOR('',#5945,1000.);
#1670=VECTOR('',#5948,1000.);
#1671=VECTOR('',#5951,10.);
#1672=VECTOR('',#5952,10.);
#1673=VECTOR('',#5953,10.);
#1674=VECTOR('',#5954,10.);
#1675=VECTOR('',#5955,1000.);
#1676=VECTOR('',#5958,1000.);
#1677=VECTOR('',#5961,1000.);
#1678=VECTOR('',#5966,1000.);
#1679=VECTOR('',#5979,10.);
#1680=VECTOR('',#5982,10.);
#1681=VECTOR('',#5985,10.);
#1682=VECTOR('',#5990,10.);
#1683=VECTOR('',#5991,10.);
#1684=VECTOR('',#5992,10.);
#1685=VECTOR('',#5993,10.);
#1686=VECTOR('',#5996,10.);
#1687=VECTOR('',#5999,10.);
#1688=VECTOR('',#6000,10.);
#1689=VECTOR('',#6005,10.);
#1690=VECTOR('',#6010,10.);
#1691=VECTOR('',#6015,10.);
#1692=VECTOR('',#6016,10.);
#1693=VECTOR('',#6019,10.);
#1694=VECTOR('',#6022,10.);
#1695=VECTOR('',#6023,10.);
#1696=VECTOR('',#6026,10.);
#1697=VECTOR('',#6027,10.);
#1698=VECTOR('',#6028,10.);
#1699=VECTOR('',#6031,10.);
#1700=VECTOR('',#6032,10.);
#1701=VECTOR('',#6035,10.);
#1702=VECTOR('',#6038,10.);
#1703=VECTOR('',#6039,10.);
#1704=VECTOR('',#6040,10.);
#1705=VECTOR('',#6043,10.);
#1706=VECTOR('',#6048,10.);
#1707=VECTOR('',#6051,10.);
#1708=VECTOR('',#6052,10.);
#1709=VECTOR('',#6053,10.);
#1710=VECTOR('',#6056,10.);
#1711=VECTOR('',#6061,10.);
#1712=VECTOR('',#6066,1000.);
#1713=VECTOR('',#6069,1000.);
#1714=VECTOR('',#6074,1000.);
#1715=VECTOR('',#6077,1000.);
#1716=VECTOR('',#6080,1000.);
#1717=VECTOR('',#6081,999.999999999999);
#1718=VECTOR('',#6082,1000.);
#1719=VECTOR('',#6083,999.999999999999);
#1720=VECTOR('',#6086,999.999999999999);
#1721=VECTOR('',#6087,1000.);
#1722=VECTOR('',#6088,999.999999999999);
#1723=VECTOR('',#6091,1000.);
#1724=VECTOR('',#6092,1000.);
#1725=VECTOR('',#6093,1000.);
#1726=VECTOR('',#6094,1000.);
#1727=VECTOR('',#6097,1000.);
#1728=VECTOR('',#6098,1000.);
#1729=VECTOR('',#6099,1000.);
#1730=VECTOR('',#6102,1000.);
#1731=VECTOR('',#6103,1000.);
#1732=VECTOR('',#6104,1000.);
#1733=VECTOR('',#6105,1000.);
#1734=VECTOR('',#6110,1000.);
#1735=VECTOR('',#6113,1000.);
#1736=VECTOR('',#6116,1000.);
#1737=VECTOR('',#6119,1000.);
#1738=VECTOR('',#6122,1000.);
#1739=VECTOR('',#6125,1000.);
#1740=VECTOR('',#6128,999.999999999999);
#1741=VECTOR('',#6131,1000.);
#1742=VECTOR('',#6132,1000.);
#1743=VECTOR('',#6135,999.999999999999);
#1744=VECTOR('',#6136,1000.);
#1745=VECTOR('',#6139,1000.);
#1746=VECTOR('',#6140,1000.);
#1747=VECTOR('',#6141,1000.);
#1748=VECTOR('',#6142,1000.);
#1749=VECTOR('',#6143,999.999999999999);
#1750=VECTOR('',#6148,1000.);
#1751=VECTOR('',#6149,999.999999999999);
#1752=VECTOR('',#6154,999.999999999999);
#1753=VECTOR('',#6155,1000.);
#1754=VECTOR('',#6158,1000.);
#1755=VECTOR('',#6163,1000.);
#1756=VECTOR('',#6168,10.);
#1757=VECTOR('',#6169,10.);
#1758=VECTOR('',#6170,1000.);
#1759=VECTOR('',#6177,1000.);
#1760=VECTOR('',#6178,1000.);
#1761=VECTOR('',#6191,1000.);
#1762=VECTOR('',#6194,1000.);
#1763=VECTOR('',#6201,1000.);
#1764=VECTOR('',#6208,1000.);
#1765=VECTOR('',#6211,1000.);
#1766=VECTOR('',#6216,1000.);
#1767=VECTOR('',#6217,1000.);
#1768=VECTOR('',#6222,1000.);
#1769=VECTOR('',#6223,1000.);
#1770=VECTOR('',#6226,1000.);
#1771=VECTOR('',#6229,1000.);
#1772=VECTOR('',#6234,1000.);
#1773=VECTOR('',#6237,1000.);
#1774=VECTOR('',#6242,999.999999999999);
#1775=VECTOR('',#6243,1000.);
#1776=VECTOR('',#6244,999.999999999999);
#1777=VECTOR('',#6247,1000.);
#1778=VECTOR('',#6248,1000.);
#1779=VECTOR('',#6249,1000.);
#1780=VECTOR('',#6252,1000.);
#1781=VECTOR('',#6253,1000.);
#1782=VECTOR('',#6256,1000.);
#1783=VECTOR('',#6257,1000.);
#1784=VECTOR('',#6258,999.999999999999);
#1785=VECTOR('',#6261,999.999999999999);
#1786=VECTOR('',#6262,999.999999999999);
#1787=VECTOR('',#6263,1000.);
#1788=VECTOR('',#6266,1000.);
#1789=VECTOR('',#6271,1000.);
#1790=VECTOR('',#6276,10.);
#1791=VECTOR('',#6277,10.);
#1792=VECTOR('',#6278,10.);
#1793=VECTOR('',#6281,1000.);
#1794=VECTOR('',#6296,999.999999999999);
#1795=VECTOR('',#6299,1000.);
#1796=VECTOR('',#6308,1000.);
#1797=VECTOR('',#6311,1000.);
#1798=VECTOR('',#6322,1000.);
#1799=VECTOR('',#6341,1000.);
#1800=VECTOR('',#6344,1000.);
#1801=VECTOR('',#6355,10.);
#1802=VECTOR('',#6358,11.2426406871193);
#1803=VECTOR('',#6363,10.);
#1804=VECTOR('',#6364,10.);
#1805=VECTOR('',#6369,10.);
#1806=VECTOR('',#6370,10.);
#1807=VECTOR('',#6375,10.);
#1808=VECTOR('',#6380,10.);
#1809=VECTOR('',#6383,10.);
#1810=VECTOR('',#6392,10.);
#1811=VECTOR('',#6395,10.);
#1812=VECTOR('',#6398,10.);
#1813=VECTOR('',#6401,10.);
#1814=VECTOR('',#6414,10.);
#1815=VECTOR('',#6417,10.);
#1816=VECTOR('',#6418,1000.);
#1817=VECTOR('',#6421,10.);
#1818=VECTOR('',#6424,10.);
#1819=VECTOR('',#6425,10.);
#1820=VECTOR('',#6426,10.);
#1821=VECTOR('',#6455,10.);
#1822=VECTOR('',#6458,10.);
#1823=VECTOR('',#6471,10.);
#1824=VECTOR('',#6476,10.);
#1825=VECTOR('',#6477,1000.);
#1826=VECTOR('',#6478,1000.);
#1827=VECTOR('',#6481,10.);
#1828=VECTOR('',#6490,10.);
#1829=VECTOR('',#6501,10.);
#1830=VECTOR('',#6504,10.);
#1831=VECTOR('',#6505,10.);
#1832=VECTOR('',#6506,10.);
#1833=VECTOR('',#6515,10.);
#1834=VECTOR('',#6524,10.);
#1835=VECTOR('',#6525,10.);
#1836=VECTOR('',#6528,10.);
#1837=VECTOR('',#6537,10.);
#1838=VECTOR('',#6546,10.);
#1839=VECTOR('',#6577,10.);
#1840=VECTOR('',#6580,10.);
#1841=VECTOR('',#6583,10.);
#1842=VECTOR('',#6584,10.);
#1843=VECTOR('',#6585,10.);
#1844=VECTOR('',#6588,10.);
#1845=VECTOR('',#6593,10.);
#1846=VECTOR('',#6600,10.);
#1847=VECTOR('',#6605,10.);
#1848=VECTOR('',#6606,10.);
#1849=VECTOR('',#6607,10.);
#1850=VECTOR('',#6610,10.);
#1851=VECTOR('',#6615,10.);
#1852=VECTOR('',#6618,10.);
#1853=VECTOR('',#6619,10.);
#1854=VECTOR('',#6624,10.);
#1855=VECTOR('',#6625,10.);
#1856=VECTOR('',#6632,1000.);
#1857=VECTOR('',#6635,10.);
#1858=VECTOR('',#6638,1000.);
#1859=VECTOR('',#6659,1000.);
#1860=VECTOR('',#6664,10.);
#1861=VECTOR('',#6667,10.);
#1862=VECTOR('',#6672,10.);
#1863=VECTOR('',#6675,10.);
#1864=CIRCLE('',#4842,1.4635);
#1865=CIRCLE('',#4843,1.193275);
#1866=CIRCLE('',#4845,2.74999999999998);
#1867=CIRCLE('',#4846,0.3);
#1868=CIRCLE('',#4847,2.44999999999998);
#1869=CIRCLE('',#4850,2.74999999999998);
#1870=CIRCLE('',#4864,1.4635);
#1871=CIRCLE('',#4867,1.);
#1872=CIRCLE('',#4876,1.);
#1873=CIRCLE('',#4883,1.);
#1874=CIRCLE('',#4887,11.);
#1875=CIRCLE('',#4888,11.);
#1876=CIRCLE('',#4889,11.);
#1877=CIRCLE('',#4892,1.);
#1878=CIRCLE('',#4894,11.);
#1879=CIRCLE('',#4895,11.);
#1880=CIRCLE('',#4896,11.);
#1881=CIRCLE('',#4899,1.);
#1882=CIRCLE('',#4900,1.);
#1883=CIRCLE('',#4903,1.);
#1884=CIRCLE('',#4904,1.);
#1885=CIRCLE('',#4907,1.);
#1886=CIRCLE('',#4909,1.);
#1887=CIRCLE('',#4910,1.);
#1888=CIRCLE('',#4913,1.);
#1889=CIRCLE('',#4914,1.);
#1890=CIRCLE('',#4917,1.);
#1891=CIRCLE('',#4918,1.);
#1892=CIRCLE('',#4921,1.);
#1893=CIRCLE('',#4925,1.);
#1894=CIRCLE('',#4926,0.999999999999999);
#1895=CIRCLE('',#4929,7.5);
#1896=CIRCLE('',#4930,7.5);
#1897=CIRCLE('',#4931,0.750000000000015);
#1898=CIRCLE('',#4932,0.750000000000015);
#1899=CIRCLE('',#4933,2.);
#1900=CIRCLE('',#4935,2.);
#1901=CIRCLE('',#4937,2.00000000000001);
#1902=CIRCLE('',#4939,2.);
#1903=CIRCLE('',#4946,0.750000000000015);
#1904=CIRCLE('',#4948,0.999999999999994);
#1905=CIRCLE('',#4949,0.999999999999994);
#1906=CIRCLE('',#4951,0.999999999999999);
#1907=CIRCLE('',#4952,0.999999999999999);
#1908=CIRCLE('',#4954,1.);
#1909=CIRCLE('',#4955,1.);
#1910=CIRCLE('',#4957,2.);
#1911=CIRCLE('',#4982,3.);
#1912=CIRCLE('',#4990,3.);
#1913=CIRCLE('',#4992,3.);
#1914=CIRCLE('',#4994,3.);
#1915=CIRCLE('',#4997,7.5);
#1916=CIRCLE('',#5000,0.750000000000015);
#1917=CIRCLE('',#5002,0.999999999999994);
#1918=CIRCLE('',#5003,0.999999999999994);
#1919=CIRCLE('',#5005,0.999999999999999);
#1920=CIRCLE('',#5007,1.);
#1921=CIRCLE('',#5009,2.);
#1922=CIRCLE('',#5034,3.);
#1923=CIRCLE('',#5043,3.);
#1924=CIRCLE('',#5046,7.5);
#1925=CIRCLE('',#5052,15.);
#1926=CIRCLE('',#5053,1.25);
#1927=CIRCLE('',#5054,1.25);
#1928=CIRCLE('',#5056,13.2426406871193);
#1929=CIRCLE('',#5057,13.2426406871193);
#1930=CIRCLE('',#5059,1.25);
#1931=CIRCLE('',#5060,1.25);
#1932=CIRCLE('',#5061,15.);
#1933=CIRCLE('',#5062,1.25);
#1934=CIRCLE('',#5063,1.25);
#1935=CIRCLE('',#5064,1.25);
#1936=CIRCLE('',#5067,1.25);
#1937=CIRCLE('',#5071,1.25);
#1938=CIRCLE('',#5074,1.6);
#1939=CIRCLE('',#5075,1.6);
#1940=CIRCLE('',#5077,1.6);
#1941=CIRCLE('',#5078,1.6);
#1942=CIRCLE('',#5085,1.);
#1943=CIRCLE('',#5086,10.);
#1944=CIRCLE('',#5087,10.2);
#1945=CIRCLE('',#5088,10.);
#1946=CIRCLE('',#5089,1.);
#1947=CIRCLE('',#5090,1.);
#1948=CIRCLE('',#5091,1.);
#1949=CIRCLE('',#5092,2.7);
#1950=CIRCLE('',#5093,1.6);
#1951=CIRCLE('',#5094,1.6);
#1952=CIRCLE('',#5096,3.);
#1953=CIRCLE('',#5098,3.);
#1954=CIRCLE('',#5105,11.2);
#1955=CIRCLE('',#5109,10.);
#1956=CIRCLE('',#5119,12.);
#1957=CIRCLE('',#5120,10.);
#1958=CIRCLE('',#5122,1.6);
#1959=CIRCLE('',#5124,1.6);
#1960=CIRCLE('',#5126,3.);
#1961=CIRCLE('',#5127,3.);
#1962=CIRCLE('',#5129,3.);
#1963=CIRCLE('',#5130,3.);
#1964=CIRCLE('',#5145,3.);
#1965=CIRCLE('',#5147,3.);
#1966=CIRCLE('',#5151,2.7);
#1967=CIRCLE('',#5156,2.);
#1968=CIRCLE('',#5158,2.);
#1969=CIRCLE('',#5160,3.);
#1970=CIRCLE('',#5161,1.);
#1971=CIRCLE('',#5162,0.5);
#1972=CIRCLE('',#5164,2.);
#1973=CIRCLE('',#5166,2.);
#1974=CIRCLE('',#5171,11.2426406871193);
#1975=CIRCLE('',#5173,3.);
#1976=CIRCLE('',#5174,0.500023913073754);
#1977=CIRCLE('',#5176,12.2426406871193);
#1978=CIRCLE('',#5185,1.);
#1979=CIRCLE('',#5187,1.);
#1980=CIRCLE('',#5191,15.);
#1981=CIRCLE('',#5192,15.);
#1982=CIRCLE('',#5194,1.);
#1983=CIRCLE('',#5196,1.);
#1984=CIRCLE('',#5199,3.);
#1985=CIRCLE('',#5202,2.);
#1986=CIRCLE('',#5203,13.);
#1987=CIRCLE('',#5204,1.99999999999999);
#1988=CIRCLE('',#5205,15.);
#1989=CIRCLE('',#5206,2.);
#1990=CIRCLE('',#5208,13.);
#1991=CIRCLE('',#5209,2.);
#1992=CIRCLE('',#5210,15.);
#1993=CIRCLE('',#5211,2.);
#1994=CIRCLE('',#5213,2.);
#1995=CIRCLE('',#5215,2.);
#1996=CIRCLE('',#5217,2.);
#1997=CIRCLE('',#5219,0.500000000000001);
#1998=CIRCLE('',#5221,0.5);
#1999=CIRCLE('',#5222,0.5);
#2000=CIRCLE('',#5225,0.5);
#2001=CIRCLE('',#5226,0.499999999999998);
#2002=CIRCLE('',#5228,1.);
#2003=CIRCLE('',#5233,1.);
#2004=CIRCLE('',#5236,1.);
#2005=CIRCLE('',#5238,12.);
#2006=CIRCLE('',#5239,12.);
#2007=CIRCLE('',#5241,1.);
#2008=CIRCLE('',#5245,1.);
#2009=CIRCLE('',#5246,1.);
#2010=CIRCLE('',#5249,1.);
#2011=CIRCLE('',#5250,1.);
#2012=CIRCLE('',#5252,1.);
#2013=CIRCLE('',#5254,2.);
#2014=CIRCLE('',#5255,1.);
#2015=CIRCLE('',#5257,13.);
#2016=CIRCLE('',#5258,0.999999999999999);
#2017=CIRCLE('',#5259,1.);
#2018=CIRCLE('',#5261,13.);
#2019=CIRCLE('',#5262,1.);
#2020=CIRCLE('',#5264,2.);
#2021=CIRCLE('',#5265,1.);
#2022=CIRCLE('',#5270,1.25);
#2023=CIRCLE('',#5278,1.25);
#2024=CIRCLE('',#5281,1.25);
#2025=CIRCLE('',#5284,1.);
#2026=CIRCLE('',#5288,2.);
#2027=CIRCLE('',#5289,2.);
#2028=CIRCLE('',#5292,2.);
#2029=CIRCLE('',#5295,2.);
#2030=VERTEX_POINT('',#6683);
#2031=VERTEX_POINT('',#6685);
#2032=VERTEX_POINT('',#6689);
#2033=VERTEX_POINT('',#6691);
#2034=VERTEX_POINT('',#6695);
#2035=VERTEX_POINT('',#6696);
#2036=VERTEX_POINT('',#6698);
#2037=VERTEX_POINT('',#6700);
#2038=VERTEX_POINT('',#6702);
#2039=VERTEX_POINT('',#6704);
#2040=VERTEX_POINT('',#6708);
#2041=VERTEX_POINT('',#6712);
#2042=VERTEX_POINT('',#6713);
#2043=VERTEX_POINT('',#6715);
#2044=VERTEX_POINT('',#6719);
#2045=VERTEX_POINT('',#6723);
#2046=VERTEX_POINT('',#6727);
#2047=VERTEX_POINT('',#6731);
#2048=VERTEX_POINT('',#6749);
#2049=VERTEX_POINT('',#6779);
#2050=VERTEX_POINT('',#6780);
#2051=VERTEX_POINT('',#6782);
#2052=VERTEX_POINT('',#6784);
#2053=VERTEX_POINT('',#6795);
#2054=VERTEX_POINT('',#6796);
#2055=VERTEX_POINT('',#6801);
#2056=VERTEX_POINT('',#6803);
#2057=VERTEX_POINT('',#6805);
#2058=VERTEX_POINT('',#6807);
#2059=VERTEX_POINT('',#6809);
#2060=VERTEX_POINT('',#6813);
#2061=VERTEX_POINT('',#6815);
#2062=VERTEX_POINT('',#6843);
#2063=VERTEX_POINT('',#6844);
#2064=VERTEX_POINT('',#6846);
#2065=VERTEX_POINT('',#6848);
#2066=VERTEX_POINT('',#6859);
#2067=VERTEX_POINT('',#6860);
#2068=VERTEX_POINT('',#6865);
#2069=VERTEX_POINT('',#6867);
#2070=VERTEX_POINT('',#6869);
#2071=VERTEX_POINT('',#6871);
#2072=VERTEX_POINT('',#6875);
#2073=VERTEX_POINT('',#6876);
#2074=VERTEX_POINT('',#6878);
#2075=VERTEX_POINT('',#6880);
#2076=VERTEX_POINT('',#6884);
#2077=VERTEX_POINT('',#6886);
#2078=VERTEX_POINT('',#6888);
#2079=VERTEX_POINT('',#6890);
#2080=VERTEX_POINT('',#6892);
#2081=VERTEX_POINT('',#6896);
#2082=VERTEX_POINT('',#6897);
#2083=VERTEX_POINT('',#6899);
#2084=VERTEX_POINT('',#6901);
#2085=VERTEX_POINT('',#6905);
#2086=VERTEX_POINT('',#6907);
#2087=VERTEX_POINT('',#6909);
#2088=VERTEX_POINT('',#6911);
#2089=VERTEX_POINT('',#6913);
#2090=VERTEX_POINT('',#6917);
#2091=VERTEX_POINT('',#6919);
#2092=VERTEX_POINT('',#6923);
#2093=VERTEX_POINT('',#6925);
#2094=VERTEX_POINT('',#6929);
#2095=VERTEX_POINT('',#6931);
#2096=VERTEX_POINT('',#6935);
#2097=VERTEX_POINT('',#6937);
#2098=VERTEX_POINT('',#6941);
#2099=VERTEX_POINT('',#6943);
#2100=VERTEX_POINT('',#6947);
#2101=VERTEX_POINT('',#6949);
#2102=VERTEX_POINT('',#6953);
#2103=VERTEX_POINT('',#6956);
#2104=VERTEX_POINT('',#6960);
#2105=VERTEX_POINT('',#6961);
#2106=VERTEX_POINT('',#6963);
#2107=VERTEX_POINT('',#6965);
#2108=VERTEX_POINT('',#6969);
#2109=VERTEX_POINT('',#6971);
#2110=VERTEX_POINT('',#6976);
#2111=VERTEX_POINT('',#6978);
#2112=VERTEX_POINT('',#6982);
#2113=VERTEX_POINT('',#6984);
#2114=VERTEX_POINT('',#6995);
#2115=VERTEX_POINT('',#6997);
#2116=VERTEX_POINT('',#6999);
#2117=VERTEX_POINT('',#7001);
#2118=VERTEX_POINT('',#7003);
#2119=VERTEX_POINT('',#7005);
#2120=VERTEX_POINT('',#7009);
#2121=VERTEX_POINT('',#7010);
#2122=VERTEX_POINT('',#7012);
#2123=VERTEX_POINT('',#7015);
#2124=VERTEX_POINT('',#7016);
#2125=VERTEX_POINT('',#7018);
#2126=VERTEX_POINT('',#7022);
#2127=VERTEX_POINT('',#7026);
#2128=VERTEX_POINT('',#7027);
#2129=VERTEX_POINT('',#7029);
#2130=VERTEX_POINT('',#7031);
#2131=VERTEX_POINT('',#7033);
#2132=VERTEX_POINT('',#7036);
#2133=VERTEX_POINT('',#7039);
#2134=VERTEX_POINT('',#7040);
#2135=VERTEX_POINT('',#7043);
#2136=VERTEX_POINT('',#7045);
#2137=VERTEX_POINT('',#7072);
#2138=VERTEX_POINT('',#7073);
#2139=VERTEX_POINT('',#7075);
#2140=VERTEX_POINT('',#7077);
#2141=VERTEX_POINT('',#7105);
#2142=VERTEX_POINT('',#7106);
#2143=VERTEX_POINT('',#7108);
#2144=VERTEX_POINT('',#7110);
#2145=VERTEX_POINT('',#7117);
#2146=VERTEX_POINT('',#7119);
#2147=VERTEX_POINT('',#7121);
#2148=VERTEX_POINT('',#7125);
#2149=VERTEX_POINT('',#7129);
#2150=VERTEX_POINT('',#7130);
#2151=VERTEX_POINT('',#7132);
#2152=VERTEX_POINT('',#7134);
#2153=VERTEX_POINT('',#7138);
#2154=VERTEX_POINT('',#7139);
#2155=VERTEX_POINT('',#7141);
#2156=VERTEX_POINT('',#7143);
#2157=VERTEX_POINT('',#7147);
#2158=VERTEX_POINT('',#7148);
#2159=VERTEX_POINT('',#7150);
#2160=VERTEX_POINT('',#7152);
#2161=VERTEX_POINT('',#7156);
#2162=VERTEX_POINT('',#7157);
#2163=VERTEX_POINT('',#7159);
#2164=VERTEX_POINT('',#7161);
#2165=VERTEX_POINT('',#7163);
#2166=VERTEX_POINT('',#7170);
#2167=VERTEX_POINT('',#7174);
#2168=VERTEX_POINT('',#7176);
#2169=VERTEX_POINT('',#7183);
#2170=VERTEX_POINT('',#7185);
#2171=VERTEX_POINT('',#7192);
#2172=VERTEX_POINT('',#7194);
#2173=VERTEX_POINT('',#7201);
#2174=VERTEX_POINT('',#7203);
#2175=VERTEX_POINT('',#7210);
#2176=VERTEX_POINT('',#7212);
#2177=VERTEX_POINT('',#7214);
#2178=VERTEX_POINT('',#7216);
#2179=VERTEX_POINT('',#7218);
#2180=VERTEX_POINT('',#7220);
#2181=VERTEX_POINT('',#7223);
#2182=VERTEX_POINT('',#7227);
#2183=VERTEX_POINT('',#7229);
#2184=VERTEX_POINT('',#7231);
#2185=VERTEX_POINT('',#7235);
#2186=VERTEX_POINT('',#7237);
#2187=VERTEX_POINT('',#7241);
#2188=VERTEX_POINT('',#7242);
#2189=VERTEX_POINT('',#7249);
#2190=VERTEX_POINT('',#7253);
#2191=VERTEX_POINT('',#7255);
#2192=VERTEX_POINT('',#7257);
#2193=VERTEX_POINT('',#7262);
#2194=VERTEX_POINT('',#7263);
#2195=VERTEX_POINT('',#7265);
#2196=VERTEX_POINT('',#7267);
#2197=VERTEX_POINT('',#7271);
#2198=VERTEX_POINT('',#7273);
#2199=VERTEX_POINT('',#7277);
#2200=VERTEX_POINT('',#7278);
#2201=VERTEX_POINT('',#7280);
#2202=VERTEX_POINT('',#7282);
#2203=VERTEX_POINT('',#7286);
#2204=VERTEX_POINT('',#7288);
#2205=VERTEX_POINT('',#7292);
#2206=VERTEX_POINT('',#7295);
#2207=VERTEX_POINT('',#7300);
#2208=VERTEX_POINT('',#7312);
#2209=VERTEX_POINT('',#7320);
#2210=VERTEX_POINT('',#7322);
#2211=VERTEX_POINT('',#7324);
#2212=VERTEX_POINT('',#7328);
#2213=VERTEX_POINT('',#7330);
#2214=VERTEX_POINT('',#7334);
#2215=VERTEX_POINT('',#7338);
#2216=VERTEX_POINT('',#7342);
#2217=VERTEX_POINT('',#7343);
#2218=VERTEX_POINT('',#7345);
#2219=VERTEX_POINT('',#7347);
#2220=VERTEX_POINT('',#7351);
#2221=VERTEX_POINT('',#7352);
#2222=VERTEX_POINT('',#7357);
#2223=VERTEX_POINT('',#7358);
#2224=VERTEX_POINT('',#7363);
#2225=VERTEX_POINT('',#7364);
#2226=VERTEX_POINT('',#7366);
#2227=VERTEX_POINT('',#7368);
#2228=VERTEX_POINT('',#7370);
#2229=VERTEX_POINT('',#7377);
#2230=VERTEX_POINT('',#7381);
#2231=VERTEX_POINT('',#7383);
#2232=VERTEX_POINT('',#7386);
#2233=VERTEX_POINT('',#7390);
#2234=VERTEX_POINT('',#7392);
#2235=VERTEX_POINT('',#7399);
#2236=VERTEX_POINT('',#7405);
#2237=VERTEX_POINT('',#7411);
#2238=VERTEX_POINT('',#7413);
#2239=VERTEX_POINT('',#7421);
#2240=VERTEX_POINT('',#7425);
#2241=VERTEX_POINT('',#7426);
#2242=VERTEX_POINT('',#7428);
#2243=VERTEX_POINT('',#7430);
#2244=VERTEX_POINT('',#7435);
#2245=VERTEX_POINT('',#7436);
#2246=VERTEX_POINT('',#7438);
#2247=VERTEX_POINT('',#7440);
#2248=VERTEX_POINT('',#7444);
#2249=VERTEX_POINT('',#7446);
#2250=VERTEX_POINT('',#7450);
#2251=VERTEX_POINT('',#7451);
#2252=VERTEX_POINT('',#7453);
#2253=VERTEX_POINT('',#7455);
#2254=VERTEX_POINT('',#7459);
#2255=VERTEX_POINT('',#7461);
#2256=VERTEX_POINT('',#7465);
#2257=VERTEX_POINT('',#7467);
#2258=VERTEX_POINT('',#7469);
#2259=VERTEX_POINT('',#7471);
#2260=VERTEX_POINT('',#7473);
#2261=VERTEX_POINT('',#7475);
#2262=VERTEX_POINT('',#7486);
#2263=VERTEX_POINT('',#7488);
#2264=VERTEX_POINT('',#7490);
#2265=VERTEX_POINT('',#7514);
#2266=VERTEX_POINT('',#7516);
#2267=VERTEX_POINT('',#7518);
#2268=VERTEX_POINT('',#7520);
#2269=VERTEX_POINT('',#7529);
#2270=VERTEX_POINT('',#7531);
#2271=VERTEX_POINT('',#7538);
#2272=VERTEX_POINT('',#7540);
#2273=VERTEX_POINT('',#7542);
#2274=VERTEX_POINT('',#7544);
#2275=VERTEX_POINT('',#7546);
#2276=VERTEX_POINT('',#7548);
#2277=VERTEX_POINT('',#7550);
#2278=VERTEX_POINT('',#7552);
#2279=VERTEX_POINT('',#7554);
#2280=VERTEX_POINT('',#7556);
#2281=VERTEX_POINT('',#7558);
#2282=VERTEX_POINT('',#7560);
#2283=VERTEX_POINT('',#7562);
#2284=VERTEX_POINT('',#7564);
#2285=VERTEX_POINT('',#7566);
#2286=VERTEX_POINT('',#7568);
#2287=VERTEX_POINT('',#7570);
#2288=VERTEX_POINT('',#7572);
#2289=VERTEX_POINT('',#7574);
#2290=VERTEX_POINT('',#7581);
#2291=VERTEX_POINT('',#7583);
#2292=VERTEX_POINT('',#7593);
#2293=VERTEX_POINT('',#7594);
#2294=VERTEX_POINT('',#7596);
#2295=VERTEX_POINT('',#7599);
#2296=VERTEX_POINT('',#7600);
#2297=VERTEX_POINT('',#7602);
#2298=VERTEX_POINT('',#7605);
#2299=VERTEX_POINT('',#7606);
#2300=VERTEX_POINT('',#7608);
#2301=VERTEX_POINT('',#7612);
#2302=VERTEX_POINT('',#7614);
#2303=VERTEX_POINT('',#7618);
#2304=VERTEX_POINT('',#7624);
#2305=VERTEX_POINT('',#7626);
#2306=VERTEX_POINT('',#7630);
#2307=VERTEX_POINT('',#7636);
#2308=VERTEX_POINT('',#7637);
#2309=VERTEX_POINT('',#7639);
#2310=VERTEX_POINT('',#7641);
#2311=VERTEX_POINT('',#7645);
#2312=VERTEX_POINT('',#7646);
#2313=VERTEX_POINT('',#7648);
#2314=VERTEX_POINT('',#7650);
#2315=VERTEX_POINT('',#7654);
#2316=VERTEX_POINT('',#7655);
#2317=VERTEX_POINT('',#7657);
#2318=VERTEX_POINT('',#7659);
#2319=VERTEX_POINT('',#7663);
#2320=VERTEX_POINT('',#7665);
#2321=VERTEX_POINT('',#7669);
#2322=VERTEX_POINT('',#7670);
#2323=VERTEX_POINT('',#7672);
#2324=VERTEX_POINT('',#7674);
#2325=VERTEX_POINT('',#7678);
#2326=VERTEX_POINT('',#7680);
#2327=VERTEX_POINT('',#7684);
#2328=VERTEX_POINT('',#7685);
#2329=VERTEX_POINT('',#7687);
#2330=VERTEX_POINT('',#7689);
#2331=VERTEX_POINT('',#7693);
#2332=VERTEX_POINT('',#7694);
#2333=VERTEX_POINT('',#7696);
#2334=VERTEX_POINT('',#7698);
#2335=VERTEX_POINT('',#7700);
#2336=VERTEX_POINT('',#7702);
#2337=VERTEX_POINT('',#7704);
#2338=VERTEX_POINT('',#7706);
#2339=VERTEX_POINT('',#7708);
#2340=VERTEX_POINT('',#7710);
#2341=VERTEX_POINT('',#7712);
#2342=VERTEX_POINT('',#7714);
#2343=VERTEX_POINT('',#7716);
#2344=VERTEX_POINT('',#7718);
#2345=VERTEX_POINT('',#7721);
#2346=VERTEX_POINT('',#7724);
#2347=VERTEX_POINT('',#7725);
#2348=VERTEX_POINT('',#7727);
#2349=VERTEX_POINT('',#7730);
#2350=VERTEX_POINT('',#7731);
#2351=VERTEX_POINT('',#7733);
#2352=VERTEX_POINT('',#7736);
#2353=VERTEX_POINT('',#7739);
#2354=VERTEX_POINT('',#7744);
#2355=VERTEX_POINT('',#7749);
#2356=VERTEX_POINT('',#7759);
#2357=VERTEX_POINT('',#7760);
#2358=VERTEX_POINT('',#7762);
#2359=VERTEX_POINT('',#7766);
#2360=VERTEX_POINT('',#7770);
#2361=VERTEX_POINT('',#7776);
#2362=VERTEX_POINT('',#7780);
#2363=VERTEX_POINT('',#7784);
#2364=VERTEX_POINT('',#7786);
#2365=VERTEX_POINT('',#7790);
#2366=VERTEX_POINT('',#7791);
#2367=VERTEX_POINT('',#7795);
#2368=VERTEX_POINT('',#7797);
#2369=VERTEX_POINT('',#7801);
#2370=VERTEX_POINT('',#7803);
#2371=VERTEX_POINT('',#7805);
#2372=VERTEX_POINT('',#7809);
#2373=VERTEX_POINT('',#7810);
#2374=VERTEX_POINT('',#7815);
#2375=VERTEX_POINT('',#7816);
#2376=VERTEX_POINT('',#7821);
#2377=VERTEX_POINT('',#7822);
#2378=VERTEX_POINT('',#7824);
#2379=VERTEX_POINT('',#7826);
#2380=VERTEX_POINT('',#7830);
#2381=VERTEX_POINT('',#7831);
#2382=VERTEX_POINT('',#7833);
#2383=VERTEX_POINT('',#7835);
#2384=VERTEX_POINT('',#7839);
#2385=VERTEX_POINT('',#7841);
#2386=VERTEX_POINT('',#7845);
#2387=VERTEX_POINT('',#7847);
#2388=VERTEX_POINT('',#7851);
#2389=VERTEX_POINT('',#7856);
#2390=VERTEX_POINT('',#7861);
#2391=VERTEX_POINT('',#7871);
#2392=VERTEX_POINT('',#7872);
#2393=VERTEX_POINT('',#7891);
#2394=VERTEX_POINT('',#7892);
#2395=VERTEX_POINT('',#7894);
#2396=VERTEX_POINT('',#7896);
#2397=VERTEX_POINT('',#7904);
#2398=VERTEX_POINT('',#7906);
#2399=VERTEX_POINT('',#7908);
#2400=VERTEX_POINT('',#7916);
#2401=VERTEX_POINT('',#7917);
#2402=VERTEX_POINT('',#7919);
#2403=VERTEX_POINT('',#7921);
#2404=VERTEX_POINT('',#7925);
#2405=VERTEX_POINT('',#7928);
#2406=VERTEX_POINT('',#7929);
#2407=VERTEX_POINT('',#7931);
#2408=VERTEX_POINT('',#7933);
#2409=VERTEX_POINT('',#7942);
#2410=VERTEX_POINT('',#7946);
#2411=VERTEX_POINT('',#7955);
#2412=VERTEX_POINT('',#7957);
#2413=VERTEX_POINT('',#7970);
#2414=VERTEX_POINT('',#7974);
#2415=VERTEX_POINT('',#7976);
#2416=VERTEX_POINT('',#7978);
#2417=VERTEX_POINT('',#7988);
#2418=VERTEX_POINT('',#7994);
#2419=VERTEX_POINT('',#8017);
#2420=VERTEX_POINT('',#8021);
#2421=VERTEX_POINT('',#8032);
#2422=VERTEX_POINT('',#8034);
#2423=VERTEX_POINT('',#8036);
#2424=VERTEX_POINT('',#8038);
#2425=VERTEX_POINT('',#8040);
#2426=VERTEX_POINT('',#8065);
#2427=VERTEX_POINT('',#8069);
#2428=VERTEX_POINT('',#8080);
#2429=VERTEX_POINT('',#8149);
#2430=VERTEX_POINT('',#8151);
#2431=VERTEX_POINT('',#8153);
#2432=VERTEX_POINT('',#8217);
#2433=VERTEX_POINT('',#8218);
#2434=VERTEX_POINT('',#8223);
#2435=VERTEX_POINT('',#8226);
#2436=VERTEX_POINT('',#8289);
#2437=VERTEX_POINT('',#8290);
#2438=VERTEX_POINT('',#8325);
#2439=VERTEX_POINT('',#8392);
#2440=VERTEX_POINT('',#8457);
#2441=VERTEX_POINT('',#8459);
#2442=VERTEX_POINT('',#8463);
#2443=VERTEX_POINT('',#8497);
#2444=VERTEX_POINT('',#8501);
#2445=VERTEX_POINT('',#8596);
#2446=VERTEX_POINT('',#8598);
#2447=VERTEX_POINT('',#8602);
#2448=VERTEX_POINT('',#8656);
#2449=VERTEX_POINT('',#8691);
#2450=VERTEX_POINT('',#8731);
#2451=VERTEX_POINT('',#8735);
#2452=VERTEX_POINT('',#8739);
#2453=VERTEX_POINT('',#8743);
#2454=VERTEX_POINT('',#8744);
#2455=VERTEX_POINT('',#8751);
#2456=VERTEX_POINT('',#8753);
#2457=VERTEX_POINT('',#8755);
#2458=VERTEX_POINT('',#8766);
#2459=VERTEX_POINT('',#8767);
#2460=VERTEX_POINT('',#8779);
#2461=VERTEX_POINT('',#8785);
#2462=VERTEX_POINT('',#8789);
#2463=VERTEX_POINT('',#8793);
#2464=VERTEX_POINT('',#8831);
#2465=VERTEX_POINT('',#8835);
#2466=VERTEX_POINT('',#8843);
#2467=VERTEX_POINT('',#8845);
#2468=VERTEX_POINT('',#8849);
#2469=VERTEX_POINT('',#8855);
#2470=VERTEX_POINT('',#8867);
#2471=VERTEX_POINT('',#8869);
#2472=VERTEX_POINT('',#8873);
#2473=VERTEX_POINT('',#8879);
#2474=VERTEX_POINT('',#8880);
#2475=VERTEX_POINT('',#8882);
#2476=EDGE_CURVE('',#2030,#2030,#1864,.T.);
#2477=EDGE_CURVE('',#2030,#2031,#984,.T.);
#2478=EDGE_CURVE('',#2031,#2031,#1865,.T.);
#2479=EDGE_CURVE('',#2032,#2032,#1866,.T.);
#2480=EDGE_CURVE('',#2032,#2033,#1867,.T.);
#2481=EDGE_CURVE('',#2033,#2033,#1868,.T.);
#2482=EDGE_CURVE('',#2034,#2035,#985,.T.);
#2483=EDGE_CURVE('',#2035,#2036,#986,.T.);
#2484=EDGE_CURVE('',#2036,#2037,#987,.T.);
#2485=EDGE_CURVE('',#2037,#2038,#988,.T.);
#2486=EDGE_CURVE('',#2038,#2039,#989,.T.);
#2487=EDGE_CURVE('',#2039,#2034,#990,.T.);
#2488=EDGE_CURVE('',#2040,#2040,#1869,.T.);
#2489=EDGE_CURVE('',#2040,#2032,#991,.T.);
#2490=EDGE_CURVE('',#2041,#2042,#992,.T.);
#2491=EDGE_CURVE('',#2043,#2041,#993,.T.);
#2492=EDGE_CURVE('',#2043,#2042,#994,.T.);
#2493=EDGE_CURVE('',#2044,#2043,#995,.T.);
#2494=EDGE_CURVE('',#2044,#2042,#996,.T.);
#2495=EDGE_CURVE('',#2045,#2044,#997,.T.);
#2496=EDGE_CURVE('',#2045,#2042,#998,.T.);
#2497=EDGE_CURVE('',#2046,#2045,#999,.T.);
#2498=EDGE_CURVE('',#2046,#2042,#1000,.T.);
#2499=EDGE_CURVE('',#2047,#2046,#1001,.T.);
#2500=EDGE_CURVE('',#2047,#2042,#1002,.T.);
#2501=EDGE_CURVE('',#2041,#2047,#1003,.T.);
#2502=EDGE_CURVE('',#2034,#2043,#1004,.T.);
#2503=EDGE_CURVE('',#2035,#2041,#1005,.T.);
#2504=EDGE_CURVE('',#2039,#2044,#1006,.T.);
#2505=EDGE_CURVE('',#2038,#2045,#1007,.T.);
#2506=EDGE_CURVE('',#2037,#2046,#1008,.T.);
#2507=EDGE_CURVE('',#2036,#2047,#1009,.T.);
#2508=EDGE_CURVE('',#2030,#2048,#1010,.T.);
#2509=EDGE_CURVE('',#2048,#2048,#1870,.F.);
#2510=EDGE_CURVE('',#2049,#2050,#1871,.T.);
#2511=EDGE_CURVE('',#2050,#2051,#54,.T.);
#2512=EDGE_CURVE('',#2051,#2052,#23,.T.);
#2513=EDGE_CURVE('',#2052,#2049,#55,.T.);
#2514=EDGE_CURVE('',#2053,#2054,#56,.T.);
#2515=EDGE_CURVE('',#2054,#2050,#1011,.T.);
#2516=EDGE_CURVE('',#2049,#2053,#1012,.T.);
#2517=EDGE_CURVE('',#2049,#2055,#1013,.T.);
#2518=EDGE_CURVE('',#2055,#2056,#1014,.T.);
#2519=EDGE_CURVE('',#2056,#2057,#1015,.T.);
#2520=EDGE_CURVE('',#2057,#2058,#1016,.T.);
#2521=EDGE_CURVE('',#2058,#2059,#1017,.T.);
#2522=EDGE_CURVE('',#2059,#2053,#1018,.T.);
#2523=EDGE_CURVE('',#2060,#2052,#1019,.T.);
#2524=EDGE_CURVE('',#2061,#2060,#57,.T.);
#2525=EDGE_CURVE('',#2055,#2061,#58,.T.);
#2526=EDGE_CURVE('',#2062,#2063,#1872,.T.);
#2527=EDGE_CURVE('',#2063,#2064,#59,.T.);
#2528=EDGE_CURVE('',#2064,#2065,#24,.T.);
#2529=EDGE_CURVE('',#2065,#2062,#60,.T.);
#2530=EDGE_CURVE('',#2066,#2067,#61,.T.);
#2531=EDGE_CURVE('',#2067,#2063,#1020,.T.);
#2532=EDGE_CURVE('',#2062,#2066,#1021,.T.);
#2533=EDGE_CURVE('',#2066,#2068,#1022,.T.);
#2534=EDGE_CURVE('',#2065,#2069,#1023,.T.);
#2535=EDGE_CURVE('',#2070,#2069,#1024,.T.);
#2536=EDGE_CURVE('',#2071,#2070,#1025,.T.);
#2537=EDGE_CURVE('',#2068,#2071,#1026,.T.);
#2538=EDGE_CURVE('',#2072,#2073,#1873,.T.);
#2539=EDGE_CURVE('',#2073,#2074,#1027,.T.);
#2540=EDGE_CURVE('',#2074,#2075,#62,.T.);
#2541=EDGE_CURVE('',#2075,#2072,#1028,.T.);
#2542=EDGE_CURVE('',#2076,#2075,#63,.T.);
#2543=EDGE_CURVE('',#2077,#2076,#1874,.T.);
#2544=EDGE_CURVE('',#2078,#2077,#1029,.T.);
#2545=EDGE_CURVE('',#2079,#2078,#1875,.T.);
#2546=EDGE_CURVE('',#2080,#2079,#1030,.T.);
#2547=EDGE_CURVE('',#2072,#2080,#1876,.T.);
#2548=EDGE_CURVE('',#2081,#2082,#64,.T.);
#2549=EDGE_CURVE('',#2082,#2083,#1031,.T.);
#2550=EDGE_CURVE('',#2083,#2084,#1877,.T.);
#2551=EDGE_CURVE('',#2084,#2081,#1032,.T.);
#2552=EDGE_CURVE('',#2085,#2084,#1878,.T.);
#2553=EDGE_CURVE('',#2086,#2085,#1033,.T.);
#2554=EDGE_CURVE('',#2087,#2086,#1879,.T.);
#2555=EDGE_CURVE('',#2088,#2087,#1034,.T.);
#2556=EDGE_CURVE('',#2089,#2088,#1880,.T.);
#2557=EDGE_CURVE('',#2081,#2089,#65,.T.);
#2558=EDGE_CURVE('',#2085,#2090,#1881,.T.);
#2559=EDGE_CURVE('',#2090,#2091,#1035,.T.);
#2560=EDGE_CURVE('',#2091,#2086,#1882,.T.);
#2561=EDGE_CURVE('',#2092,#2090,#1036,.T.);
#2562=EDGE_CURVE('',#2093,#2092,#1037,.T.);
#2563=EDGE_CURVE('',#2093,#2091,#1038,.T.);
#2564=EDGE_CURVE('',#2079,#2094,#1883,.T.);
#2565=EDGE_CURVE('',#2094,#2095,#1039,.T.);
#2566=EDGE_CURVE('',#2095,#2080,#1884,.T.);
#2567=EDGE_CURVE('',#2096,#2094,#1040,.T.);
#2568=EDGE_CURVE('',#2097,#2096,#1041,.T.);
#2569=EDGE_CURVE('',#2097,#2095,#1042,.T.);
#2570=EDGE_CURVE('',#2078,#2098,#1043,.T.);
#2571=EDGE_CURVE('',#2098,#2099,#1044,.T.);
#2572=EDGE_CURVE('',#2096,#2099,#1885,.T.);
#2573=EDGE_CURVE('',#2069,#2100,#1886,.T.);
#2574=EDGE_CURVE('',#2100,#2101,#1045,.T.);
#2575=EDGE_CURVE('',#2101,#2070,#1887,.T.);
#2576=EDGE_CURVE('',#2100,#2102,#1046,.T.);
#2577=EDGE_CURVE('',#2099,#2102,#1047,.T.);
#2578=EDGE_CURVE('',#2103,#2098,#1048,.T.);
#2579=EDGE_CURVE('',#2101,#2103,#1049,.T.);
#2580=EDGE_CURVE('',#2104,#2105,#1888,.T.);
#2581=EDGE_CURVE('',#2105,#2106,#1050,.T.);
#2582=EDGE_CURVE('',#2106,#2107,#1889,.T.);
#2583=EDGE_CURVE('',#2107,#2104,#1051,.T.);
#2584=EDGE_CURVE('',#2054,#2108,#1052,.T.);
#2585=EDGE_CURVE('',#2108,#2109,#1053,.T.);
#2586=EDGE_CURVE('',#2109,#2106,#1054,.T.);
#2587=EDGE_CURVE('',#2051,#2105,#1055,.T.);
#2588=EDGE_CURVE('',#2110,#2093,#1890,.T.);
#2589=EDGE_CURVE('',#2092,#2111,#1891,.T.);
#2590=EDGE_CURVE('',#2111,#2110,#1056,.T.);
#2591=EDGE_CURVE('',#2107,#2112,#1057,.T.);
#2592=EDGE_CURVE('',#2112,#2113,#1058,.T.);
#2593=EDGE_CURVE('',#2113,#2110,#1059,.T.);
#2594=EDGE_CURVE('',#2104,#2111,#1060,.T.);
#2595=EDGE_CURVE('',#2102,#2097,#1892,.T.);
#2596=EDGE_CURVE('',#2087,#2113,#1061,.T.);
#2597=EDGE_CURVE('',#2088,#2112,#1062,.T.);
#2598=EDGE_CURVE('',#2114,#2076,#1063,.T.);
#2599=EDGE_CURVE('',#2115,#2114,#1064,.T.);
#2600=EDGE_CURVE('',#2116,#2115,#1065,.T.);
#2601=EDGE_CURVE('',#2116,#2117,#1066,.T.);
#2602=EDGE_CURVE('',#2117,#2118,#1067,.T.);
#2603=EDGE_CURVE('',#2119,#2118,#1068,.T.);
#2604=EDGE_CURVE('',#2071,#2119,#1069,.T.);
#2605=EDGE_CURVE('',#2077,#2103,#1070,.T.);
#2606=EDGE_CURVE('',#2120,#2121,#1071,.T.);
#2607=EDGE_CURVE('',#2121,#2122,#1072,.T.);
#2608=EDGE_CURVE('',#2122,#2120,#1893,.T.);
#2609=EDGE_CURVE('',#2123,#2124,#1073,.T.);
#2610=EDGE_CURVE('',#2124,#2125,#1074,.T.);
#2611=EDGE_CURVE('',#2125,#2123,#1894,.T.);
#2612=EDGE_CURVE('',#2074,#2126,#1075,.T.);
#2613=EDGE_CURVE('',#2114,#2126,#1076,.T.);
#2614=EDGE_CURVE('',#2127,#2128,#1077,.T.);
#2615=EDGE_CURVE('',#2127,#2129,#1078,.T.);
#2616=EDGE_CURVE('',#2130,#2129,#1079,.T.);
#2617=EDGE_CURVE('',#2131,#2130,#1080,.T.);
#2618=EDGE_CURVE('',#2116,#2131,#1081,.T.);
#2619=EDGE_CURVE('',#2132,#2115,#1082,.T.);
#2620=EDGE_CURVE('',#2128,#2132,#1083,.T.);
#2621=EDGE_CURVE('',#2133,#2134,#1895,.T.);
#2622=EDGE_CURVE('',#2133,#2134,#1896,.T.);
#2623=EDGE_CURVE('',#2135,#2135,#1897,.T.);
#2624=EDGE_CURVE('',#2136,#2136,#1898,.T.);
#2625=EDGE_CURVE('',#2137,#2138,#1899,.T.);
#2626=EDGE_CURVE('',#2138,#2139,#66,.T.);
#2627=EDGE_CURVE('',#2139,#2140,#1900,.T.);
#2628=EDGE_CURVE('',#2140,#2137,#67,.T.);
#2629=EDGE_CURVE('',#2141,#2142,#1901,.T.);
#2630=EDGE_CURVE('',#2142,#2143,#68,.T.);
#2631=EDGE_CURVE('',#2144,#2143,#1902,.T.);
#2632=EDGE_CURVE('',#2144,#2141,#69,.T.);
#2633=EDGE_CURVE('',#2139,#2142,#1084,.T.);
#2634=EDGE_CURVE('',#2141,#2140,#1085,.T.);
#2635=EDGE_CURVE('',#2145,#2140,#1086,.T.);
#2636=EDGE_CURVE('',#2145,#2146,#70,.T.);
#2637=EDGE_CURVE('',#2147,#2146,#71,.T.);
#2638=EDGE_CURVE('',#2137,#2147,#1087,.T.);
#2639=EDGE_CURVE('',#2136,#2148,#1088,.T.);
#2640=EDGE_CURVE('',#2148,#2148,#1903,.T.);
#2641=EDGE_CURVE('',#2149,#2150,#1904,.T.);
#2642=EDGE_CURVE('',#2149,#2151,#1089,.T.);
#2643=EDGE_CURVE('',#2151,#2152,#1905,.T.);
#2644=EDGE_CURVE('',#2150,#2152,#1090,.T.);
#2645=EDGE_CURVE('',#2153,#2154,#1906,.T.);
#2646=EDGE_CURVE('',#2153,#2155,#1091,.T.);
#2647=EDGE_CURVE('',#2155,#2156,#1907,.T.);
#2648=EDGE_CURVE('',#2154,#2156,#1092,.T.);
#2649=EDGE_CURVE('',#2157,#2158,#1908,.T.);
#2650=EDGE_CURVE('',#2157,#2159,#1093,.T.);
#2651=EDGE_CURVE('',#2159,#2160,#1909,.T.);
#2652=EDGE_CURVE('',#2158,#2160,#1094,.T.);
#2653=EDGE_CURVE('',#2161,#2162,#1910,.T.);
#2654=EDGE_CURVE('',#2162,#2163,#1095,.T.);
#2655=EDGE_CURVE('',#2164,#2163,#72,.T.);
#2656=EDGE_CURVE('',#2164,#2165,#25,.T.);
#2657=EDGE_CURVE('',#2166,#2165,#73,.T.);
#2658=EDGE_CURVE('',#2161,#2166,#1096,.T.);
#2659=EDGE_CURVE('',#2163,#2167,#1097,.T.);
#2660=EDGE_CURVE('',#2162,#2168,#1098,.T.);
#2661=EDGE_CURVE('',#2168,#2167,#1099,.T.);
#2662=EDGE_CURVE('',#2167,#2166,#1100,.T.);
#2663=EDGE_CURVE('',#2168,#2161,#1101,.T.);
#2664=EDGE_CURVE('',#2169,#2157,#1102,.T.);
#2665=EDGE_CURVE('',#2169,#2170,#1103,.T.);
#2666=EDGE_CURVE('',#2170,#2159,#1104,.T.);
#2667=EDGE_CURVE('',#2158,#2169,#1105,.T.);
#2668=EDGE_CURVE('',#2160,#2170,#1106,.T.);
#2669=EDGE_CURVE('',#2171,#2153,#1107,.T.);
#2670=EDGE_CURVE('',#2171,#2172,#1108,.T.);
#2671=EDGE_CURVE('',#2172,#2155,#1109,.T.);
#2672=EDGE_CURVE('',#2154,#2171,#1110,.T.);
#2673=EDGE_CURVE('',#2156,#2172,#1111,.T.);
#2674=EDGE_CURVE('',#2173,#2149,#1112,.T.);
#2675=EDGE_CURVE('',#2173,#2174,#1113,.T.);
#2676=EDGE_CURVE('',#2174,#2151,#1114,.T.);
#2677=EDGE_CURVE('',#2150,#2173,#1115,.T.);
#2678=EDGE_CURVE('',#2152,#2174,#1116,.T.);
#2679=EDGE_CURVE('',#2109,#2175,#1117,.T.);
#2680=EDGE_CURVE('',#2175,#2176,#1118,.T.);
#2681=EDGE_CURVE('',#2177,#2176,#1119,.T.);
#2682=EDGE_CURVE('',#2178,#2177,#1120,.T.);
#2683=EDGE_CURVE('',#2178,#2179,#1121,.T.);
#2684=EDGE_CURVE('',#2180,#2179,#1122,.T.);
#2685=EDGE_CURVE('',#2128,#2180,#1123,.T.);
#2686=EDGE_CURVE('',#2181,#2132,#1124,.T.);
#2687=EDGE_CURVE('',#2181,#2089,#1125,.T.);
#2688=EDGE_CURVE('',#2175,#2182,#1126,.T.);
#2689=EDGE_CURVE('',#2182,#2183,#1127,.T.);
#2690=EDGE_CURVE('',#2183,#2184,#1128,.T.);
#2691=EDGE_CURVE('',#2176,#2184,#1129,.T.);
#2692=EDGE_CURVE('',#2183,#2185,#1130,.T.);
#2693=EDGE_CURVE('',#2185,#2186,#1131,.T.);
#2694=EDGE_CURVE('',#2184,#2186,#1132,.T.);
#2695=EDGE_CURVE('',#2187,#2188,#1133,.T.);
#2696=EDGE_CURVE('',#2188,#2178,#1134,.T.);
#2697=EDGE_CURVE('',#2186,#2177,#1135,.T.);
#2698=EDGE_CURVE('',#2185,#2187,#1136,.T.);
#2699=EDGE_CURVE('',#2189,#2180,#1137,.T.);
#2700=EDGE_CURVE('',#2127,#2189,#1138,.T.);
#2701=EDGE_CURVE('',#2179,#2190,#1139,.T.);
#2702=EDGE_CURVE('',#2190,#2191,#1140,.T.);
#2703=EDGE_CURVE('',#2192,#2191,#1141,.T.);
#2704=EDGE_CURVE('',#2189,#2192,#1142,.T.);
#2705=EDGE_CURVE('',#2193,#2194,#1143,.T.);
#2706=EDGE_CURVE('',#2194,#2195,#1144,.T.);
#2707=EDGE_CURVE('',#2195,#2196,#1145,.T.);
#2708=EDGE_CURVE('',#2193,#2196,#1146,.T.);
#2709=EDGE_CURVE('',#2194,#2197,#1147,.T.);
#2710=EDGE_CURVE('',#2197,#2198,#1148,.T.);
#2711=EDGE_CURVE('',#2198,#2195,#1149,.T.);
#2712=EDGE_CURVE('',#2199,#2200,#1150,.T.);
#2713=EDGE_CURVE('',#2200,#2201,#1151,.T.);
#2714=EDGE_CURVE('',#2201,#2202,#1152,.T.);
#2715=EDGE_CURVE('',#2199,#2202,#1153,.T.);
#2716=EDGE_CURVE('',#2200,#2203,#1154,.T.);
#2717=EDGE_CURVE('',#2203,#2204,#1155,.T.);
#2718=EDGE_CURVE('',#2204,#2201,#1156,.T.);
#2719=EDGE_CURVE('',#2165,#2205,#1157,.T.);
#2720=EDGE_CURVE('',#2205,#2061,#1158,.T.);
#2721=EDGE_CURVE('',#2060,#2206,#1159,.T.);
#2722=EDGE_CURVE('',#2206,#2147,#1160,.T.);
#2723=EDGE_CURVE('',#2146,#2164,#1161,.T.);
#2724=EDGE_CURVE('',#2207,#2145,#1162,.T.);
#2725=EDGE_CURVE('',#2207,#2205,#1911,.T.);
#2726=EDGE_CURVE('',#2182,#2108,#1163,.T.);
#2727=EDGE_CURVE('',#2187,#2059,#1164,.T.);
#2728=EDGE_CURVE('',#2188,#2058,#1165,.T.);
#2729=EDGE_CURVE('',#2057,#2190,#74,.T.);
#2730=EDGE_CURVE('',#2208,#2181,#1166,.T.);
#2731=EDGE_CURVE('',#2082,#2208,#1167,.T.);
#2732=EDGE_CURVE('',#2056,#2205,#1912,.T.);
#2733=EDGE_CURVE('',#2056,#2207,#1913,.T.);
#2734=EDGE_CURVE('',#2209,#2207,#1168,.T.);
#2735=EDGE_CURVE('',#2210,#2209,#1914,.T.);
#2736=EDGE_CURVE('',#2210,#2211,#1169,.T.);
#2737=EDGE_CURVE('',#2211,#2191,#75,.T.);
#2738=EDGE_CURVE('',#2134,#2212,#1170,.T.);
#2739=EDGE_CURVE('',#2212,#2213,#1915,.T.);
#2740=EDGE_CURVE('',#2213,#2133,#1171,.T.);
#2741=EDGE_CURVE('',#2214,#2141,#1172,.T.);
#2742=EDGE_CURVE('',#2209,#2214,#1173,.T.);
#2743=EDGE_CURVE('',#2215,#2215,#1916,.T.);
#2744=EDGE_CURVE('',#2215,#2135,#1174,.T.);
#2745=EDGE_CURVE('',#2216,#2217,#1917,.T.);
#2746=EDGE_CURVE('',#2217,#2218,#1175,.T.);
#2747=EDGE_CURVE('',#2219,#2218,#1918,.T.);
#2748=EDGE_CURVE('',#2216,#2219,#1176,.T.);
#2749=EDGE_CURVE('',#2220,#2221,#1919,.T.);
#2750=EDGE_CURVE('',#2221,#2123,#1177,.T.);
#2751=EDGE_CURVE('',#2220,#2125,#1178,.T.);
#2752=EDGE_CURVE('',#2222,#2223,#1920,.T.);
#2753=EDGE_CURVE('',#2223,#2120,#1179,.T.);
#2754=EDGE_CURVE('',#2222,#2122,#1180,.T.);
#2755=EDGE_CURVE('',#2224,#2225,#1921,.T.);
#2756=EDGE_CURVE('',#2224,#2226,#1181,.T.);
#2757=EDGE_CURVE('',#2226,#2227,#76,.T.);
#2758=EDGE_CURVE('',#2228,#2227,#26,.T.);
#2759=EDGE_CURVE('',#2228,#2229,#77,.T.);
#2760=EDGE_CURVE('',#2225,#2229,#1182,.T.);
#2761=EDGE_CURVE('',#2230,#2067,#1183,.T.);
#2762=EDGE_CURVE('',#2231,#2230,#1184,.T.);
#2763=EDGE_CURVE('',#2211,#2231,#1185,.T.);
#2764=EDGE_CURVE('',#2232,#2210,#1186,.T.);
#2765=EDGE_CURVE('',#2063,#2232,#1187,.T.);
#2766=EDGE_CURVE('',#2229,#2233,#1188,.T.);
#2767=EDGE_CURVE('',#2234,#2233,#1189,.T.);
#2768=EDGE_CURVE('',#2225,#2234,#1190,.T.);
#2769=EDGE_CURVE('',#2233,#2226,#1191,.T.);
#2770=EDGE_CURVE('',#2234,#2224,#1192,.T.);
#2771=EDGE_CURVE('',#2235,#2222,#1193,.T.);
#2772=EDGE_CURVE('',#2235,#2121,#1194,.T.);
#2773=EDGE_CURVE('',#2223,#2235,#1195,.T.);
#2774=EDGE_CURVE('',#2236,#2220,#1196,.T.);
#2775=EDGE_CURVE('',#2236,#2124,#1197,.T.);
#2776=EDGE_CURVE('',#2221,#2236,#1198,.T.);
#2777=EDGE_CURVE('',#2237,#2216,#1199,.T.);
#2778=EDGE_CURVE('',#2238,#2219,#1200,.T.);
#2779=EDGE_CURVE('',#2237,#2238,#1201,.T.);
#2780=EDGE_CURVE('',#2217,#2237,#1202,.T.);
#2781=EDGE_CURVE('',#2218,#2238,#1203,.T.);
#2782=EDGE_CURVE('',#2239,#2118,#1204,.T.);
#2783=EDGE_CURVE('',#2119,#2239,#1205,.T.);
#2784=EDGE_CURVE('',#2240,#2241,#1206,.T.);
#2785=EDGE_CURVE('',#2242,#2241,#1207,.T.);
#2786=EDGE_CURVE('',#2243,#2242,#1208,.T.);
#2787=EDGE_CURVE('',#2240,#2243,#1209,.T.);
#2788=EDGE_CURVE('',#2244,#2245,#1210,.T.);
#2789=EDGE_CURVE('',#2244,#2246,#1211,.T.);
#2790=EDGE_CURVE('',#2247,#2246,#1212,.T.);
#2791=EDGE_CURVE('',#2245,#2247,#1213,.T.);
#2792=EDGE_CURVE('',#2245,#2248,#1214,.T.);
#2793=EDGE_CURVE('',#2249,#2247,#1215,.T.);
#2794=EDGE_CURVE('',#2248,#2249,#1216,.T.);
#2795=EDGE_CURVE('',#2250,#2251,#1217,.T.);
#2796=EDGE_CURVE('',#2250,#2252,#1218,.T.);
#2797=EDGE_CURVE('',#2253,#2252,#1219,.T.);
#2798=EDGE_CURVE('',#2251,#2253,#1220,.T.);
#2799=EDGE_CURVE('',#2251,#2254,#1221,.T.);
#2800=EDGE_CURVE('',#2255,#2253,#1222,.T.);
#2801=EDGE_CURVE('',#2254,#2255,#1223,.T.);
#2802=EDGE_CURVE('',#2227,#2256,#1224,.T.);
#2803=EDGE_CURVE('',#2257,#2228,#1225,.T.);
#2804=EDGE_CURVE('',#2258,#2257,#78,.T.);
#2805=EDGE_CURVE('',#2259,#2258,#1226,.T.);
#2806=EDGE_CURVE('',#2260,#2259,#1227,.T.);
#2807=EDGE_CURVE('',#2261,#2260,#79,.T.);
#2808=EDGE_CURVE('',#2256,#2261,#1228,.T.);
#2809=EDGE_CURVE('',#2214,#2257,#80,.T.);
#2810=EDGE_CURVE('',#2209,#2256,#1922,.T.);
#2811=EDGE_CURVE('',#2144,#2258,#1229,.T.);
#2812=EDGE_CURVE('',#2239,#2068,#1230,.T.);
#2813=EDGE_CURVE('',#2262,#2117,#1231,.T.);
#2814=EDGE_CURVE('',#2263,#2262,#1232,.T.);
#2815=EDGE_CURVE('',#2264,#2263,#1233,.T.);
#2816=EDGE_CURVE('',#2241,#2264,#1234,.T.);
#2817=EDGE_CURVE('',#2240,#2230,#1235,.T.);
#2818=EDGE_CURVE('',#2243,#2231,#1236,.T.);
#2819=EDGE_CURVE('',#2242,#2192,#1237,.T.);
#2820=EDGE_CURVE('',#2232,#2261,#81,.T.);
#2821=EDGE_CURVE('',#2260,#2064,#1238,.T.);
#2822=EDGE_CURVE('',#2210,#2256,#1923,.T.);
#2823=EDGE_CURVE('',#2212,#2213,#1924,.T.);
#2824=EDGE_CURVE('',#2262,#2131,#1239,.T.);
#2825=EDGE_CURVE('',#2263,#2130,#1240,.T.);
#2826=EDGE_CURVE('',#2264,#2129,#1241,.T.);
#2827=EDGE_CURVE('',#2265,#2208,#1242,.T.);
#2828=EDGE_CURVE('',#2126,#2266,#1243,.T.);
#2829=EDGE_CURVE('',#2267,#2266,#1244,.T.);
#2830=EDGE_CURVE('',#2267,#2268,#27,.T.);
#2831=EDGE_CURVE('',#2268,#2269,#1245,.T.);
#2832=EDGE_CURVE('',#2269,#2270,#28,.T.);
#2833=EDGE_CURVE('',#2270,#2271,#1925,.T.);
#2834=EDGE_CURVE('',#2271,#2272,#1246,.T.);
#2835=EDGE_CURVE('',#2273,#2272,#1926,.T.);
#2836=EDGE_CURVE('',#2273,#2274,#1247,.T.);
#2837=EDGE_CURVE('',#2274,#2275,#1248,.T.);
#2838=EDGE_CURVE('',#2276,#2275,#1927,.T.);
#2839=EDGE_CURVE('',#2277,#2276,#82,.T.);
#2840=EDGE_CURVE('',#2277,#2278,#1249,.T.);
#2841=EDGE_CURVE('',#2278,#2279,#1928,.T.);
#2842=EDGE_CURVE('',#2279,#2280,#1929,.T.);
#2843=EDGE_CURVE('',#2280,#2281,#1250,.T.);
#2844=EDGE_CURVE('',#2282,#2281,#83,.T.);
#2845=EDGE_CURVE('',#2283,#2282,#1930,.T.);
#2846=EDGE_CURVE('',#2283,#2284,#1251,.T.);
#2847=EDGE_CURVE('',#2284,#2285,#1252,.T.);
#2848=EDGE_CURVE('',#2286,#2285,#1931,.T.);
#2849=EDGE_CURVE('',#2286,#2287,#1253,.T.);
#2850=EDGE_CURVE('',#2287,#2288,#1932,.T.);
#2851=EDGE_CURVE('',#2288,#2289,#29,.T.);
#2852=EDGE_CURVE('',#2289,#2290,#1254,.T.);
#2853=EDGE_CURVE('',#2290,#2291,#30,.T.);
#2854=EDGE_CURVE('',#2265,#2291,#1255,.T.);
#2855=EDGE_CURVE('',#2292,#2293,#1933,.T.);
#2856=EDGE_CURVE('',#2293,#2294,#1256,.T.);
#2857=EDGE_CURVE('',#2294,#2292,#1257,.T.);
#2858=EDGE_CURVE('',#2295,#2296,#1258,.T.);
#2859=EDGE_CURVE('',#2296,#2297,#1934,.T.);
#2860=EDGE_CURVE('',#2297,#2295,#1259,.T.);
#2861=EDGE_CURVE('',#2298,#2299,#1260,.T.);
#2862=EDGE_CURVE('',#2299,#2300,#1935,.T.);
#2863=EDGE_CURVE('',#2300,#2298,#1261,.T.);
#2864=EDGE_CURVE('',#2301,#2300,#1262,.T.);
#2865=EDGE_CURVE('',#2302,#2301,#1263,.T.);
#2866=EDGE_CURVE('',#2302,#2298,#1264,.T.);
#2867=EDGE_CURVE('',#2303,#2299,#1265,.T.);
#2868=EDGE_CURVE('',#2301,#2303,#1936,.T.);
#2869=EDGE_CURVE('',#2303,#2302,#1266,.T.);
#2870=EDGE_CURVE('',#2304,#2297,#1267,.T.);
#2871=EDGE_CURVE('',#2305,#2304,#1268,.T.);
#2872=EDGE_CURVE('',#2305,#2295,#1269,.T.);
#2873=EDGE_CURVE('',#2306,#2296,#1270,.T.);
#2874=EDGE_CURVE('',#2304,#2306,#1937,.T.);
#2875=EDGE_CURVE('',#2306,#2305,#1271,.T.);
#2876=EDGE_CURVE('',#2307,#2308,#1938,.T.);
#2877=EDGE_CURVE('',#2308,#2309,#1272,.T.);
#2878=EDGE_CURVE('',#2310,#2309,#1939,.T.);
#2879=EDGE_CURVE('',#2307,#2310,#1273,.T.);
#2880=EDGE_CURVE('',#2311,#2312,#1940,.T.);
#2881=EDGE_CURVE('',#2312,#2313,#1274,.T.);
#2882=EDGE_CURVE('',#2314,#2313,#1941,.T.);
#2883=EDGE_CURVE('',#2311,#2314,#1275,.T.);
#2884=EDGE_CURVE('',#2315,#2316,#1276,.T.);
#2885=EDGE_CURVE('',#2315,#2317,#1277,.T.);
#2886=EDGE_CURVE('',#2317,#2318,#1278,.T.);
#2887=EDGE_CURVE('',#2316,#2318,#1279,.T.);
#2888=EDGE_CURVE('',#2317,#2319,#1280,.T.);
#2889=EDGE_CURVE('',#2319,#2320,#1281,.T.);
#2890=EDGE_CURVE('',#2318,#2320,#1282,.T.);
#2891=EDGE_CURVE('',#2321,#2322,#1283,.T.);
#2892=EDGE_CURVE('',#2321,#2323,#1284,.T.);
#2893=EDGE_CURVE('',#2323,#2324,#1285,.T.);
#2894=EDGE_CURVE('',#2322,#2324,#1286,.T.);
#2895=EDGE_CURVE('',#2323,#2325,#1287,.T.);
#2896=EDGE_CURVE('',#2325,#2326,#1288,.T.);
#2897=EDGE_CURVE('',#2324,#2326,#1289,.T.);
#2898=EDGE_CURVE('',#2327,#2328,#1290,.T.);
#2899=EDGE_CURVE('',#2328,#2329,#1291,.T.);
#2900=EDGE_CURVE('',#2330,#2329,#1292,.T.);
#2901=EDGE_CURVE('',#2330,#2327,#1293,.T.);
#2902=EDGE_CURVE('',#2331,#2332,#1942,.T.);
#2903=EDGE_CURVE('',#2333,#2331,#1294,.T.);
#2904=EDGE_CURVE('',#2334,#2333,#1943,.T.);
#2905=EDGE_CURVE('',#2335,#2334,#1295,.T.);
#2906=EDGE_CURVE('',#2336,#2335,#1944,.T.);
#2907=EDGE_CURVE('',#2336,#2337,#1296,.T.);
#2908=EDGE_CURVE('',#2337,#2338,#1945,.T.);
#2909=EDGE_CURVE('',#2338,#2339,#1297,.T.);
#2910=EDGE_CURVE('',#2340,#2339,#1946,.T.);
#2911=EDGE_CURVE('',#2340,#2341,#1298,.T.);
#2912=EDGE_CURVE('',#2341,#2342,#1947,.F.);
#2913=EDGE_CURVE('',#2342,#2343,#1299,.T.);
#2914=EDGE_CURVE('',#2344,#2343,#1948,.T.);
#2915=EDGE_CURVE('',#2332,#2344,#1300,.T.);
#2916=EDGE_CURVE('',#2328,#2345,#1949,.T.);
#2917=EDGE_CURVE('',#2345,#2329,#1301,.T.);
#2918=EDGE_CURVE('',#2346,#2347,#1302,.T.);
#2919=EDGE_CURVE('',#2348,#2347,#1950,.T.);
#2920=EDGE_CURVE('',#2348,#2346,#1303,.T.);
#2921=EDGE_CURVE('',#2349,#2350,#1304,.T.);
#2922=EDGE_CURVE('',#2351,#2350,#1951,.T.);
#2923=EDGE_CURVE('',#2351,#2349,#1305,.T.);
#2924=EDGE_CURVE('',#2352,#2313,#1306,.T.);
#2925=EDGE_CURVE('',#2314,#2352,#1307,.T.);
#2926=EDGE_CURVE('',#2353,#2309,#1308,.T.);
#2927=EDGE_CURVE('',#2310,#2353,#1309,.T.);
#2928=EDGE_CURVE('',#2325,#2321,#1952,.T.);
#2929=EDGE_CURVE('',#2311,#2354,#1310,.T.);
#2930=EDGE_CURVE('',#2354,#2312,#1311,.T.);
#2931=EDGE_CURVE('',#2319,#2315,#1953,.T.);
#2932=EDGE_CURVE('',#2307,#2355,#1312,.T.);
#2933=EDGE_CURVE('',#2355,#2308,#1313,.T.);
#2934=EDGE_CURVE('',#2355,#2353,#1314,.T.);
#2935=EDGE_CURVE('',#2354,#2352,#1315,.T.);
#2936=EDGE_CURVE('',#2356,#2357,#1316,.T.);
#2937=EDGE_CURVE('',#2358,#2356,#1317,.T.);
#2938=EDGE_CURVE('',#2358,#2357,#1318,.T.);
#2939=EDGE_CURVE('',#2359,#2335,#15,.T.);
#2940=EDGE_CURVE('',#2360,#2359,#1954,.T.);
#2941=EDGE_CURVE('',#2360,#2336,#16,.T.);
#2942=EDGE_CURVE('',#2359,#2361,#1319,.T.);
#2943=EDGE_CURVE('',#2334,#2361,#1320,.T.);
#2944=EDGE_CURVE('',#2333,#2362,#84,.T.);
#2945=EDGE_CURVE('',#2361,#2362,#1955,.T.);
#2946=EDGE_CURVE('',#2363,#2331,#85,.T.);
#2947=EDGE_CURVE('',#2364,#2363,#86,.T.);
#2948=EDGE_CURVE('',#2362,#2364,#1321,.T.);
#2949=EDGE_CURVE('',#2365,#2366,#1322,.T.);
#2950=EDGE_CURVE('',#2357,#2365,#87,.T.);
#2951=EDGE_CURVE('',#2358,#2343,#88,.F.);
#2952=EDGE_CURVE('',#2367,#2342,#89,.T.);
#2953=EDGE_CURVE('',#2367,#2368,#1323,.T.);
#2954=EDGE_CURVE('',#2366,#2368,#90,.T.);
#2955=EDGE_CURVE('',#2364,#2369,#1956,.T.);
#2956=EDGE_CURVE('',#2370,#2369,#1324,.T.);
#2957=EDGE_CURVE('',#2371,#2370,#1957,.T.);
#2958=EDGE_CURVE('',#2360,#2371,#1325,.T.);
#2959=EDGE_CURVE('',#2372,#2373,#1958,.T.);
#2960=EDGE_CURVE('',#2372,#2348,#1326,.T.);
#2961=EDGE_CURVE('',#2373,#2347,#1327,.T.);
#2962=EDGE_CURVE('',#2374,#2375,#1959,.T.);
#2963=EDGE_CURVE('',#2374,#2351,#1328,.T.);
#2964=EDGE_CURVE('',#2375,#2350,#1329,.T.);
#2965=EDGE_CURVE('',#2376,#2377,#1330,.T.);
#2966=EDGE_CURVE('',#2378,#2376,#1960,.T.);
#2967=EDGE_CURVE('',#2378,#2379,#1331,.T.);
#2968=EDGE_CURVE('',#2379,#2377,#1961,.T.);
#2969=EDGE_CURVE('',#2380,#2381,#1332,.T.);
#2970=EDGE_CURVE('',#2382,#2380,#1962,.T.);
#2971=EDGE_CURVE('',#2382,#2383,#1333,.T.);
#2972=EDGE_CURVE('',#2383,#2381,#1963,.T.);
#2973=EDGE_CURVE('',#2384,#2378,#1334,.T.);
#2974=EDGE_CURVE('',#2384,#2385,#1335,.T.);
#2975=EDGE_CURVE('',#2385,#2379,#1336,.T.);
#2976=EDGE_CURVE('',#2386,#2382,#1337,.T.);
#2977=EDGE_CURVE('',#2386,#2387,#1338,.T.);
#2978=EDGE_CURVE('',#2387,#2383,#1339,.T.);
#2979=EDGE_CURVE('',#2388,#2345,#1340,.T.);
#2980=EDGE_CURVE('',#2330,#2388,#1341,.T.);
#2981=EDGE_CURVE('',#2380,#2386,#1342,.T.);
#2982=EDGE_CURVE('',#2374,#2389,#1343,.T.);
#2983=EDGE_CURVE('',#2389,#2375,#1344,.T.);
#2984=EDGE_CURVE('',#2376,#2384,#1345,.T.);
#2985=EDGE_CURVE('',#2372,#2390,#1346,.T.);
#2986=EDGE_CURVE('',#2390,#2373,#1347,.T.);
#2987=EDGE_CURVE('',#2390,#2346,#1348,.T.);
#2988=EDGE_CURVE('',#2389,#2349,#1349,.T.);
#2989=EDGE_CURVE('',#2391,#2392,#1350,.T.);
#2990=EDGE_CURVE('',#2341,#2391,#1351,.T.);
#2991=EDGE_CURVE('',#2392,#2340,#1352,.T.);
#2992=EDGE_CURVE('',#2337,#2371,#1353,.T.);
#2993=EDGE_CURVE('',#2338,#2370,#91,.T.);
#2994=EDGE_CURVE('',#2320,#2316,#1964,.T.);
#2995=EDGE_CURVE('',#2326,#2322,#1965,.T.);
#2996=EDGE_CURVE('',#2377,#2385,#1354,.T.);
#2997=EDGE_CURVE('',#2381,#2387,#1355,.T.);
#2998=EDGE_CURVE('',#2327,#2388,#1966,.T.);
#2999=EDGE_CURVE('',#2393,#2394,#92,.T.);
#3000=EDGE_CURVE('',#2393,#2395,#1356,.T.);
#3001=EDGE_CURVE('',#2395,#2396,#93,.T.);
#3002=EDGE_CURVE('',#2396,#2394,#1357,.T.);
#3003=EDGE_CURVE('',#2254,#2250,#1967,.T.);
#3004=EDGE_CURVE('',#2248,#2244,#1968,.T.);
#3005=EDGE_CURVE('',#2073,#2397,#1358,.T.);
#3006=EDGE_CURVE('',#2398,#2397,#1969,.T.);
#3007=EDGE_CURVE('',#2398,#2399,#1970,.T.);
#3008=EDGE_CURVE('',#2266,#2399,#1971,.F.);
#3009=EDGE_CURVE('',#2246,#2249,#1972,.T.);
#3010=EDGE_CURVE('',#2252,#2255,#1973,.T.);
#3011=EDGE_CURVE('',#2400,#2401,#94,.T.);
#3012=EDGE_CURVE('',#2402,#2400,#1359,.T.);
#3013=EDGE_CURVE('',#2403,#2402,#95,.T.);
#3014=EDGE_CURVE('',#2401,#2403,#1360,.T.);
#3015=EDGE_CURVE('',#2404,#2404,#1974,.T.);
#3016=EDGE_CURVE('',#2405,#2406,#1975,.T.);
#3017=EDGE_CURVE('',#2407,#2405,#1976,.F.);
#3018=EDGE_CURVE('',#2408,#2407,#1361,.T.);
#3019=EDGE_CURVE('',#2406,#2408,#31,.F.);
#3020=EDGE_CURVE('',#2404,#2279,#1362,.T.);
#3021=EDGE_CURVE('',#2278,#2409,#17,.F.);
#3022=EDGE_CURVE('',#2410,#2409,#32,.T.);
#3023=EDGE_CURVE('',#2410,#2411,#1977,.T.);
#3024=EDGE_CURVE('',#2412,#2411,#33,.T.);
#3025=EDGE_CURVE('',#2412,#2280,#18,.F.);
#3026=EDGE_CURVE('',#2409,#2413,#1363,.T.);
#3027=EDGE_CURVE('',#2413,#2277,#1364,.T.);
#3028=EDGE_CURVE('',#2414,#2286,#96,.T.);
#3029=EDGE_CURVE('',#2415,#2414,#1365,.T.);
#3030=EDGE_CURVE('',#2416,#2415,#1366,.T.);
#3031=EDGE_CURVE('',#2287,#2416,#97,.F.);
#3032=EDGE_CURVE('',#2282,#2414,#34,.T.);
#3033=EDGE_CURVE('',#2281,#2417,#1367,.T.);
#3034=EDGE_CURVE('',#2415,#2417,#98,.T.);
#3035=EDGE_CURVE('',#2417,#2412,#1368,.T.);
#3036=EDGE_CURVE('',#2411,#2418,#1369,.T.);
#3037=EDGE_CURVE('',#2417,#2418,#1978,.T.);
#3038=EDGE_CURVE('',#2418,#2419,#99,.T.);
#3039=EDGE_CURVE('',#2415,#2419,#1979,.T.);
#3040=EDGE_CURVE('',#2419,#2420,#1370,.T.);
#3041=EDGE_CURVE('',#2420,#2416,#35,.T.);
#3042=EDGE_CURVE('',#2421,#2410,#1371,.T.);
#3043=EDGE_CURVE('',#2422,#2421,#100,.T.);
#3044=EDGE_CURVE('',#2423,#2422,#1372,.T.);
#3045=EDGE_CURVE('',#2424,#2423,#1980,.T.);
#3046=EDGE_CURVE('',#2425,#2424,#1373,.T.);
#3047=EDGE_CURVE('',#2420,#2425,#1981,.T.);
#3048=EDGE_CURVE('',#2421,#2413,#1982,.T.);
#3049=EDGE_CURVE('',#2413,#2426,#101,.T.);
#3050=EDGE_CURVE('',#2422,#2426,#1983,.T.);
#3051=EDGE_CURVE('',#2426,#2427,#1374,.T.);
#3052=EDGE_CURVE('',#2427,#2423,#36,.T.);
#3053=EDGE_CURVE('',#2428,#2406,#37,.T.);
#3054=EDGE_CURVE('',#2403,#2428,#1375,.T.);
#3055=EDGE_CURVE('',#2429,#2402,#1376,.T.);
#3056=EDGE_CURVE('',#2430,#2429,#1984,.T.);
#3057=EDGE_CURVE('',#2431,#2430,#1377,.T.);
#3058=EDGE_CURVE('',#2405,#2431,#38,.T.);
#3059=EDGE_CURVE('',#2432,#2433,#1378,.T.);
#3060=EDGE_CURVE('',#2425,#2432,#1379,.T.);
#3061=EDGE_CURVE('',#2424,#2433,#1380,.T.);
#3062=EDGE_CURVE('',#2434,#2432,#1985,.T.);
#3063=EDGE_CURVE('',#2434,#2428,#1986,.T.);
#3064=EDGE_CURVE('',#2435,#2428,#1987,.T.);
#3065=EDGE_CURVE('',#2435,#2432,#1988,.T.);
#3066=EDGE_CURVE('',#2436,#2437,#39,.T.);
#3067=EDGE_CURVE('',#2437,#2438,#40,.T.);
#3068=EDGE_CURVE('',#2436,#2438,#1989,.T.);
#3069=EDGE_CURVE('',#2438,#2439,#1990,.T.);
#3070=EDGE_CURVE('',#2433,#2439,#1991,.T.);
#3071=EDGE_CURVE('',#2433,#2436,#1992,.T.);
#3072=EDGE_CURVE('',#2408,#2435,#41,.T.);
#3073=EDGE_CURVE('',#2394,#2440,#1993,.T.);
#3074=EDGE_CURVE('',#2440,#2441,#102,.T.);
#3075=EDGE_CURVE('',#2393,#2441,#1994,.T.);
#3076=EDGE_CURVE('',#2441,#2442,#1381,.T.);
#3077=EDGE_CURVE('',#2401,#2442,#1995,.T.);
#3078=EDGE_CURVE('',#2401,#2393,#1382,.T.);
#3079=EDGE_CURVE('',#2442,#2443,#103,.T.);
#3080=EDGE_CURVE('',#2400,#2443,#1996,.T.);
#3081=EDGE_CURVE('',#2444,#2407,#42,.T.);
#3082=EDGE_CURVE('',#2288,#2444,#43,.T.);
#3083=EDGE_CURVE('',#2444,#2431,#1997,.T.);
#3084=EDGE_CURVE('',#2431,#2289,#44,.T.);
#3085=EDGE_CURVE('',#2291,#2445,#1998,.T.);
#3086=EDGE_CURVE('',#2445,#2446,#1383,.T.);
#3087=EDGE_CURVE('',#2446,#2265,#1999,.F.);
#3088=EDGE_CURVE('',#2447,#2437,#45,.T.);
#3089=EDGE_CURVE('',#2398,#2447,#1384,.T.);
#3090=EDGE_CURVE('',#2397,#2396,#1385,.T.);
#3091=EDGE_CURVE('',#2395,#2438,#1386,.T.);
#3092=EDGE_CURVE('',#2399,#2448,#1387,.T.);
#3093=EDGE_CURVE('',#2267,#2448,#2000,.T.);
#3094=EDGE_CURVE('',#2449,#2447,#2001,.T.);
#3095=EDGE_CURVE('',#2437,#2449,#46,.T.);
#3096=EDGE_CURVE('',#2450,#2391,#2002,.T.);
#3097=EDGE_CURVE('',#2450,#2367,#1388,.T.);
#3098=EDGE_CURVE('',#2339,#2451,#104,.T.);
#3099=EDGE_CURVE('',#2369,#2451,#105,.T.);
#3100=EDGE_CURVE('',#2392,#2452,#2003,.T.);
#3101=EDGE_CURVE('',#2451,#2452,#1389,.T.);
#3102=EDGE_CURVE('',#2453,#2454,#1390,.T.);
#3103=EDGE_CURVE('',#2332,#2453,#1391,.T.);
#3104=EDGE_CURVE('',#2454,#2344,#1392,.T.);
#3105=EDGE_CURVE('',#2454,#2356,#2004,.T.);
#3106=EDGE_CURVE('',#2452,#2455,#2005,.T.);
#3107=EDGE_CURVE('',#2456,#2363,#1393,.T.);
#3108=EDGE_CURVE('',#2457,#2456,#2006,.T.);
#3109=EDGE_CURVE('',#2455,#2457,#47,.T.);
#3110=EDGE_CURVE('',#2456,#2453,#2007,.T.);
#3111=EDGE_CURVE('',#2458,#2459,#48,.T.);
#3112=EDGE_CURVE('',#2458,#2434,#1394,.T.);
#3113=EDGE_CURVE('',#2439,#2459,#1395,.T.);
#3114=EDGE_CURVE('',#2368,#2450,#1396,.T.);
#3115=EDGE_CURVE('',#2460,#2356,#2008,.T.);
#3116=EDGE_CURVE('',#2454,#2460,#2009,.T.);
#3117=EDGE_CURVE('',#2365,#2460,#1397,.T.);
#3118=EDGE_CURVE('',#2461,#2391,#2010,.T.);
#3119=EDGE_CURVE('',#2450,#2461,#2011,.T.);
#3120=EDGE_CURVE('',#2460,#2462,#1398,.T.);
#3121=EDGE_CURVE('',#2453,#2462,#2012,.T.);
#3122=EDGE_CURVE('',#2462,#2463,#2013,.T.);
#3123=EDGE_CURVE('',#2456,#2463,#2014,.T.);
#3124=EDGE_CURVE('',#2463,#2458,#2015,.T.);
#3125=EDGE_CURVE('',#2457,#2458,#2016,.T.);
#3126=EDGE_CURVE('',#2455,#2459,#2017,.T.);
#3127=EDGE_CURVE('',#2459,#2464,#2018,.T.);
#3128=EDGE_CURVE('',#2452,#2464,#2019,.T.);
#3129=EDGE_CURVE('',#2464,#2465,#2020,.T.);
#3130=EDGE_CURVE('',#2392,#2465,#2021,.T.);
#3131=EDGE_CURVE('',#2465,#2461,#1399,.T.);
#3132=EDGE_CURVE('',#2461,#2366,#1400,.T.);
#3133=EDGE_CURVE('',#2466,#2293,#1401,.T.);
#3134=EDGE_CURVE('',#2467,#2466,#1402,.T.);
#3135=EDGE_CURVE('',#2467,#2294,#1403,.T.);
#3136=EDGE_CURVE('',#2468,#2292,#1404,.T.);
#3137=EDGE_CURVE('',#2466,#2468,#2022,.T.);
#3138=EDGE_CURVE('',#2468,#2467,#1405,.T.);
#3139=EDGE_CURVE('',#2272,#2469,#106,.T.);
#3140=EDGE_CURVE('',#2427,#2271,#107,.F.);
#3141=EDGE_CURVE('',#2469,#2426,#1406,.T.);
#3142=EDGE_CURVE('',#2469,#2276,#49,.T.);
#3143=EDGE_CURVE('',#2470,#2273,#1407,.T.);
#3144=EDGE_CURVE('',#2470,#2471,#1408,.T.);
#3145=EDGE_CURVE('',#2471,#2274,#1409,.T.);
#3146=EDGE_CURVE('',#2472,#2275,#1410,.T.);
#3147=EDGE_CURVE('',#2472,#2470,#2023,.T.);
#3148=EDGE_CURVE('',#2471,#2472,#1411,.T.);
#3149=EDGE_CURVE('',#2473,#2474,#1412,.T.);
#3150=EDGE_CURVE('',#2475,#2473,#1413,.T.);
#3151=EDGE_CURVE('',#2474,#2475,#2024,.T.);
#3152=EDGE_CURVE('',#2474,#2285,#1414,.T.);
#3153=EDGE_CURVE('',#2475,#2283,#1415,.T.);
#3154=EDGE_CURVE('',#2446,#2430,#2025,.T.);
#3155=EDGE_CURVE('',#2290,#2445,#50,.T.);
#3156=EDGE_CURVE('',#2083,#2429,#1416,.T.);
#3157=EDGE_CURVE('',#2473,#2284,#1417,.T.);
#3158=EDGE_CURVE('',#2206,#2402,#1418,.T.);
#3159=EDGE_CURVE('',#2196,#2198,#2026,.T.);
#3160=EDGE_CURVE('',#2202,#2204,#2027,.T.);
#3161=EDGE_CURVE('',#2203,#2199,#2028,.T.);
#3162=EDGE_CURVE('',#2197,#2193,#2029,.T.);
#3163=EDGE_CURVE('',#2259,#2396,#1419,.T.);
#3164=EDGE_CURVE('',#2448,#2268,#51,.T.);
#3165=EDGE_CURVE('',#2269,#2447,#52,.T.);
#3166=EDGE_CURVE('',#2137,#2400,#1420,.T.);
#3167=EDGE_CURVE('',#2449,#2270,#53,.T.);
#3168=EDGE_CURVE('',#2443,#2138,#1421,.T.);
#3169=EDGE_CURVE('',#2143,#2440,#1422,.T.);
#3170=EDGE_CURVE('',#2394,#2144,#1423,.T.);
#3171=ORIENTED_EDGE('',*,*,#2476,.F.);
#3172=ORIENTED_EDGE('',*,*,#2477,.T.);
#3173=ORIENTED_EDGE('',*,*,#2478,.F.);
#3174=ORIENTED_EDGE('',*,*,#2477,.F.);
#3175=ORIENTED_EDGE('',*,*,#2479,.T.);
#3176=ORIENTED_EDGE('',*,*,#2480,.T.);
#3177=ORIENTED_EDGE('',*,*,#2481,.T.);
#3178=ORIENTED_EDGE('',*,*,#2480,.F.);
#3179=ORIENTED_EDGE('',*,*,#2481,.F.);
#3180=ORIENTED_EDGE('',*,*,#2482,.T.);
#3181=ORIENTED_EDGE('',*,*,#2483,.T.);
#3182=ORIENTED_EDGE('',*,*,#2484,.T.);
#3183=ORIENTED_EDGE('',*,*,#2485,.T.);
#3184=ORIENTED_EDGE('',*,*,#2486,.T.);
#3185=ORIENTED_EDGE('',*,*,#2487,.T.);
#3186=ORIENTED_EDGE('',*,*,#2488,.F.);
#3187=ORIENTED_EDGE('',*,*,#2489,.T.);
#3188=ORIENTED_EDGE('',*,*,#2479,.F.);
#3189=ORIENTED_EDGE('',*,*,#2489,.F.);
#3190=ORIENTED_EDGE('',*,*,#2490,.F.);
#3191=ORIENTED_EDGE('',*,*,#2491,.F.);
#3192=ORIENTED_EDGE('',*,*,#2492,.T.);
#3193=ORIENTED_EDGE('',*,*,#2492,.F.);
#3194=ORIENTED_EDGE('',*,*,#2493,.F.);
#3195=ORIENTED_EDGE('',*,*,#2494,.T.);
#3196=ORIENTED_EDGE('',*,*,#2494,.F.);
#3197=ORIENTED_EDGE('',*,*,#2495,.F.);
#3198=ORIENTED_EDGE('',*,*,#2496,.T.);
#3199=ORIENTED_EDGE('',*,*,#2496,.F.);
#3200=ORIENTED_EDGE('',*,*,#2497,.F.);
#3201=ORIENTED_EDGE('',*,*,#2498,.T.);
#3202=ORIENTED_EDGE('',*,*,#2498,.F.);
#3203=ORIENTED_EDGE('',*,*,#2499,.F.);
#3204=ORIENTED_EDGE('',*,*,#2500,.T.);
#3205=ORIENTED_EDGE('',*,*,#2500,.F.);
#3206=ORIENTED_EDGE('',*,*,#2501,.F.);
#3207=ORIENTED_EDGE('',*,*,#2490,.T.);
#3208=ORIENTED_EDGE('',*,*,#2482,.F.);
#3209=ORIENTED_EDGE('',*,*,#2502,.T.);
#3210=ORIENTED_EDGE('',*,*,#2491,.T.);
#3211=ORIENTED_EDGE('',*,*,#2503,.F.);
#3212=ORIENTED_EDGE('',*,*,#2487,.F.);
#3213=ORIENTED_EDGE('',*,*,#2504,.T.);
#3214=ORIENTED_EDGE('',*,*,#2493,.T.);
#3215=ORIENTED_EDGE('',*,*,#2502,.F.);
#3216=ORIENTED_EDGE('',*,*,#2486,.F.);
#3217=ORIENTED_EDGE('',*,*,#2505,.T.);
#3218=ORIENTED_EDGE('',*,*,#2495,.T.);
#3219=ORIENTED_EDGE('',*,*,#2504,.F.);
#3220=ORIENTED_EDGE('',*,*,#2485,.F.);
#3221=ORIENTED_EDGE('',*,*,#2506,.T.);
#3222=ORIENTED_EDGE('',*,*,#2497,.T.);
#3223=ORIENTED_EDGE('',*,*,#2505,.F.);
#3224=ORIENTED_EDGE('',*,*,#2484,.F.);
#3225=ORIENTED_EDGE('',*,*,#2507,.T.);
#3226=ORIENTED_EDGE('',*,*,#2499,.T.);
#3227=ORIENTED_EDGE('',*,*,#2506,.F.);
#3228=ORIENTED_EDGE('',*,*,#2483,.F.);
#3229=ORIENTED_EDGE('',*,*,#2503,.T.);
#3230=ORIENTED_EDGE('',*,*,#2501,.T.);
#3231=ORIENTED_EDGE('',*,*,#2507,.F.);
#3232=ORIENTED_EDGE('',*,*,#2476,.T.);
#3233=ORIENTED_EDGE('',*,*,#2508,.T.);
#3234=ORIENTED_EDGE('',*,*,#2509,.T.);
#3235=ORIENTED_EDGE('',*,*,#2508,.F.);
#3236=ORIENTED_EDGE('',*,*,#2478,.T.);
#3237=ORIENTED_EDGE('',*,*,#2488,.T.);
#3238=ORIENTED_EDGE('',*,*,#2509,.F.);
#3239=ORIENTED_EDGE('',*,*,#2510,.T.);
#3240=ORIENTED_EDGE('',*,*,#2511,.T.);
#3241=ORIENTED_EDGE('',*,*,#2512,.T.);
#3242=ORIENTED_EDGE('',*,*,#2513,.T.);
#3243=ORIENTED_EDGE('',*,*,#2514,.T.);
#3244=ORIENTED_EDGE('',*,*,#2515,.T.);
#3245=ORIENTED_EDGE('',*,*,#2510,.F.);
#3246=ORIENTED_EDGE('',*,*,#2516,.T.);
#3247=ORIENTED_EDGE('',*,*,#2516,.F.);
#3248=ORIENTED_EDGE('',*,*,#2517,.T.);
#3249=ORIENTED_EDGE('',*,*,#2518,.T.);
#3250=ORIENTED_EDGE('',*,*,#2519,.T.);
#3251=ORIENTED_EDGE('',*,*,#2520,.T.);
#3252=ORIENTED_EDGE('',*,*,#2521,.T.);
#3253=ORIENTED_EDGE('',*,*,#2522,.T.);
#3254=ORIENTED_EDGE('',*,*,#2513,.F.);
#3255=ORIENTED_EDGE('',*,*,#2523,.F.);
#3256=ORIENTED_EDGE('',*,*,#2524,.F.);
#3257=ORIENTED_EDGE('',*,*,#2525,.F.);
#3258=ORIENTED_EDGE('',*,*,#2517,.F.);
#3259=ORIENTED_EDGE('',*,*,#2526,.T.);
#3260=ORIENTED_EDGE('',*,*,#2527,.T.);
#3261=ORIENTED_EDGE('',*,*,#2528,.T.);
#3262=ORIENTED_EDGE('',*,*,#2529,.T.);
#3263=ORIENTED_EDGE('',*,*,#2530,.T.);
#3264=ORIENTED_EDGE('',*,*,#2531,.T.);
#3265=ORIENTED_EDGE('',*,*,#2526,.F.);
#3266=ORIENTED_EDGE('',*,*,#2532,.T.);
#3267=ORIENTED_EDGE('',*,*,#2533,.F.);
#3268=ORIENTED_EDGE('',*,*,#2532,.F.);
#3269=ORIENTED_EDGE('',*,*,#2529,.F.);
#3270=ORIENTED_EDGE('',*,*,#2534,.T.);
#3271=ORIENTED_EDGE('',*,*,#2535,.F.);
#3272=ORIENTED_EDGE('',*,*,#2536,.F.);
#3273=ORIENTED_EDGE('',*,*,#2537,.F.);
#3274=ORIENTED_EDGE('',*,*,#2538,.T.);
#3275=ORIENTED_EDGE('',*,*,#2539,.T.);
#3276=ORIENTED_EDGE('',*,*,#2540,.T.);
#3277=ORIENTED_EDGE('',*,*,#2541,.T.);
#3278=ORIENTED_EDGE('',*,*,#2541,.F.);
#3279=ORIENTED_EDGE('',*,*,#2542,.F.);
#3280=ORIENTED_EDGE('',*,*,#2543,.F.);
#3281=ORIENTED_EDGE('',*,*,#2544,.F.);
#3282=ORIENTED_EDGE('',*,*,#2545,.F.);
#3283=ORIENTED_EDGE('',*,*,#2546,.F.);
#3284=ORIENTED_EDGE('',*,*,#2547,.F.);
#3285=ORIENTED_EDGE('',*,*,#2548,.T.);
#3286=ORIENTED_EDGE('',*,*,#2549,.T.);
#3287=ORIENTED_EDGE('',*,*,#2550,.T.);
#3288=ORIENTED_EDGE('',*,*,#2551,.T.);
#3289=ORIENTED_EDGE('',*,*,#2551,.F.);
#3290=ORIENTED_EDGE('',*,*,#2552,.F.);
#3291=ORIENTED_EDGE('',*,*,#2553,.F.);
#3292=ORIENTED_EDGE('',*,*,#2554,.F.);
#3293=ORIENTED_EDGE('',*,*,#2555,.F.);
#3294=ORIENTED_EDGE('',*,*,#2556,.F.);
#3295=ORIENTED_EDGE('',*,*,#2557,.F.);
#3296=ORIENTED_EDGE('',*,*,#2558,.T.);
#3297=ORIENTED_EDGE('',*,*,#2559,.T.);
#3298=ORIENTED_EDGE('',*,*,#2560,.T.);
#3299=ORIENTED_EDGE('',*,*,#2553,.T.);
#3300=ORIENTED_EDGE('',*,*,#2559,.F.);
#3301=ORIENTED_EDGE('',*,*,#2561,.F.);
#3302=ORIENTED_EDGE('',*,*,#2562,.F.);
#3303=ORIENTED_EDGE('',*,*,#2563,.T.);
#3304=ORIENTED_EDGE('',*,*,#2564,.T.);
#3305=ORIENTED_EDGE('',*,*,#2565,.T.);
#3306=ORIENTED_EDGE('',*,*,#2566,.T.);
#3307=ORIENTED_EDGE('',*,*,#2546,.T.);
#3308=ORIENTED_EDGE('',*,*,#2565,.F.);
#3309=ORIENTED_EDGE('',*,*,#2567,.F.);
#3310=ORIENTED_EDGE('',*,*,#2568,.F.);
#3311=ORIENTED_EDGE('',*,*,#2569,.T.);
#3312=ORIENTED_EDGE('',*,*,#2564,.F.);
#3313=ORIENTED_EDGE('',*,*,#2545,.T.);
#3314=ORIENTED_EDGE('',*,*,#2570,.T.);
#3315=ORIENTED_EDGE('',*,*,#2571,.T.);
#3316=ORIENTED_EDGE('',*,*,#2572,.F.);
#3317=ORIENTED_EDGE('',*,*,#2567,.T.);
#3318=ORIENTED_EDGE('',*,*,#2573,.T.);
#3319=ORIENTED_EDGE('',*,*,#2574,.T.);
#3320=ORIENTED_EDGE('',*,*,#2575,.T.);
#3321=ORIENTED_EDGE('',*,*,#2535,.T.);
#3322=ORIENTED_EDGE('',*,*,#2574,.F.);
#3323=ORIENTED_EDGE('',*,*,#2576,.T.);
#3324=ORIENTED_EDGE('',*,*,#2577,.F.);
#3325=ORIENTED_EDGE('',*,*,#2571,.F.);
#3326=ORIENTED_EDGE('',*,*,#2578,.F.);
#3327=ORIENTED_EDGE('',*,*,#2579,.F.);
#3328=ORIENTED_EDGE('',*,*,#2580,.T.);
#3329=ORIENTED_EDGE('',*,*,#2581,.T.);
#3330=ORIENTED_EDGE('',*,*,#2582,.T.);
#3331=ORIENTED_EDGE('',*,*,#2583,.T.);
#3332=ORIENTED_EDGE('',*,*,#2584,.T.);
#3333=ORIENTED_EDGE('',*,*,#2585,.T.);
#3334=ORIENTED_EDGE('',*,*,#2586,.T.);
#3335=ORIENTED_EDGE('',*,*,#2581,.F.);
#3336=ORIENTED_EDGE('',*,*,#2587,.F.);
#3337=ORIENTED_EDGE('',*,*,#2511,.F.);
#3338=ORIENTED_EDGE('',*,*,#2515,.F.);
#3339=ORIENTED_EDGE('',*,*,#2588,.T.);
#3340=ORIENTED_EDGE('',*,*,#2562,.T.);
#3341=ORIENTED_EDGE('',*,*,#2589,.T.);
#3342=ORIENTED_EDGE('',*,*,#2590,.T.);
#3343=ORIENTED_EDGE('',*,*,#2583,.F.);
#3344=ORIENTED_EDGE('',*,*,#2591,.T.);
#3345=ORIENTED_EDGE('',*,*,#2592,.T.);
#3346=ORIENTED_EDGE('',*,*,#2593,.T.);
#3347=ORIENTED_EDGE('',*,*,#2590,.F.);
#3348=ORIENTED_EDGE('',*,*,#2594,.F.);
#3349=ORIENTED_EDGE('',*,*,#2572,.T.);
#3350=ORIENTED_EDGE('',*,*,#2577,.T.);
#3351=ORIENTED_EDGE('',*,*,#2595,.T.);
#3352=ORIENTED_EDGE('',*,*,#2568,.T.);
#3353=ORIENTED_EDGE('',*,*,#2555,.T.);
#3354=ORIENTED_EDGE('',*,*,#2596,.T.);
#3355=ORIENTED_EDGE('',*,*,#2592,.F.);
#3356=ORIENTED_EDGE('',*,*,#2597,.F.);
#3357=ORIENTED_EDGE('',*,*,#2560,.F.);
#3358=ORIENTED_EDGE('',*,*,#2563,.F.);
#3359=ORIENTED_EDGE('',*,*,#2588,.F.);
#3360=ORIENTED_EDGE('',*,*,#2593,.F.);
#3361=ORIENTED_EDGE('',*,*,#2596,.F.);
#3362=ORIENTED_EDGE('',*,*,#2554,.T.);
#3363=ORIENTED_EDGE('',*,*,#2543,.T.);
#3364=ORIENTED_EDGE('',*,*,#2598,.F.);
#3365=ORIENTED_EDGE('',*,*,#2599,.F.);
#3366=ORIENTED_EDGE('',*,*,#2600,.F.);
#3367=ORIENTED_EDGE('',*,*,#2601,.T.);
#3368=ORIENTED_EDGE('',*,*,#2602,.T.);
#3369=ORIENTED_EDGE('',*,*,#2603,.F.);
#3370=ORIENTED_EDGE('',*,*,#2604,.F.);
#3371=ORIENTED_EDGE('',*,*,#2536,.T.);
#3372=ORIENTED_EDGE('',*,*,#2575,.F.);
#3373=ORIENTED_EDGE('',*,*,#2579,.T.);
#3374=ORIENTED_EDGE('',*,*,#2605,.F.);
#3375=ORIENTED_EDGE('',*,*,#2606,.T.);
#3376=ORIENTED_EDGE('',*,*,#2607,.T.);
#3377=ORIENTED_EDGE('',*,*,#2608,.T.);
#3378=ORIENTED_EDGE('',*,*,#2609,.T.);
#3379=ORIENTED_EDGE('',*,*,#2610,.T.);
#3380=ORIENTED_EDGE('',*,*,#2611,.T.);
#3381=ORIENTED_EDGE('',*,*,#2540,.F.);
#3382=ORIENTED_EDGE('',*,*,#2612,.T.);
#3383=ORIENTED_EDGE('',*,*,#2613,.F.);
#3384=ORIENTED_EDGE('',*,*,#2598,.T.);
#3385=ORIENTED_EDGE('',*,*,#2542,.T.);
#3386=ORIENTED_EDGE('',*,*,#2614,.F.);
#3387=ORIENTED_EDGE('',*,*,#2615,.T.);
#3388=ORIENTED_EDGE('',*,*,#2616,.F.);
#3389=ORIENTED_EDGE('',*,*,#2617,.F.);
#3390=ORIENTED_EDGE('',*,*,#2618,.F.);
#3391=ORIENTED_EDGE('',*,*,#2600,.T.);
#3392=ORIENTED_EDGE('',*,*,#2619,.F.);
#3393=ORIENTED_EDGE('',*,*,#2620,.F.);
#3394=ORIENTED_EDGE('',*,*,#2621,.F.);
#3395=ORIENTED_EDGE('',*,*,#2622,.T.);
#3396=ORIENTED_EDGE('',*,*,#2623,.F.);
#3397=ORIENTED_EDGE('',*,*,#2624,.T.);
#3398=ORIENTED_EDGE('',*,*,#2625,.T.);
#3399=ORIENTED_EDGE('',*,*,#2626,.T.);
#3400=ORIENTED_EDGE('',*,*,#2627,.T.);
#3401=ORIENTED_EDGE('',*,*,#2628,.T.);
#3402=ORIENTED_EDGE('',*,*,#2629,.T.);
#3403=ORIENTED_EDGE('',*,*,#2630,.T.);
#3404=ORIENTED_EDGE('',*,*,#2631,.F.);
#3405=ORIENTED_EDGE('',*,*,#2632,.T.);
#3406=ORIENTED_EDGE('',*,*,#2627,.F.);
#3407=ORIENTED_EDGE('',*,*,#2633,.T.);
#3408=ORIENTED_EDGE('',*,*,#2629,.F.);
#3409=ORIENTED_EDGE('',*,*,#2634,.T.);
#3410=ORIENTED_EDGE('',*,*,#2628,.F.);
#3411=ORIENTED_EDGE('',*,*,#2635,.F.);
#3412=ORIENTED_EDGE('',*,*,#2636,.T.);
#3413=ORIENTED_EDGE('',*,*,#2637,.F.);
#3414=ORIENTED_EDGE('',*,*,#2638,.F.);
#3415=ORIENTED_EDGE('',*,*,#2624,.F.);
#3416=ORIENTED_EDGE('',*,*,#2639,.T.);
#3417=ORIENTED_EDGE('',*,*,#2640,.T.);
#3418=ORIENTED_EDGE('',*,*,#2639,.F.);
#3419=ORIENTED_EDGE('',*,*,#2641,.F.);
#3420=ORIENTED_EDGE('',*,*,#2642,.T.);
#3421=ORIENTED_EDGE('',*,*,#2643,.T.);
#3422=ORIENTED_EDGE('',*,*,#2644,.F.);
#3423=ORIENTED_EDGE('',*,*,#2645,.F.);
#3424=ORIENTED_EDGE('',*,*,#2646,.T.);
#3425=ORIENTED_EDGE('',*,*,#2647,.T.);
#3426=ORIENTED_EDGE('',*,*,#2648,.F.);
#3427=ORIENTED_EDGE('',*,*,#2649,.F.);
#3428=ORIENTED_EDGE('',*,*,#2650,.T.);
#3429=ORIENTED_EDGE('',*,*,#2651,.T.);
#3430=ORIENTED_EDGE('',*,*,#2652,.F.);
#3431=ORIENTED_EDGE('',*,*,#2653,.T.);
#3432=ORIENTED_EDGE('',*,*,#2654,.T.);
#3433=ORIENTED_EDGE('',*,*,#2655,.F.);
#3434=ORIENTED_EDGE('',*,*,#2656,.T.);
#3435=ORIENTED_EDGE('',*,*,#2657,.F.);
#3436=ORIENTED_EDGE('',*,*,#2658,.F.);
#3437=ORIENTED_EDGE('',*,*,#2659,.F.);
#3438=ORIENTED_EDGE('',*,*,#2654,.F.);
#3439=ORIENTED_EDGE('',*,*,#2660,.T.);
#3440=ORIENTED_EDGE('',*,*,#2661,.T.);
#3441=ORIENTED_EDGE('',*,*,#2662,.F.);
#3442=ORIENTED_EDGE('',*,*,#2661,.F.);
#3443=ORIENTED_EDGE('',*,*,#2663,.T.);
#3444=ORIENTED_EDGE('',*,*,#2658,.T.);
#3445=ORIENTED_EDGE('',*,*,#2664,.F.);
#3446=ORIENTED_EDGE('',*,*,#2665,.T.);
#3447=ORIENTED_EDGE('',*,*,#2666,.T.);
#3448=ORIENTED_EDGE('',*,*,#2650,.F.);
#3449=ORIENTED_EDGE('',*,*,#2667,.F.);
#3450=ORIENTED_EDGE('',*,*,#2652,.T.);
#3451=ORIENTED_EDGE('',*,*,#2668,.T.);
#3452=ORIENTED_EDGE('',*,*,#2665,.F.);
#3453=ORIENTED_EDGE('',*,*,#2669,.F.);
#3454=ORIENTED_EDGE('',*,*,#2670,.T.);
#3455=ORIENTED_EDGE('',*,*,#2671,.T.);
#3456=ORIENTED_EDGE('',*,*,#2646,.F.);
#3457=ORIENTED_EDGE('',*,*,#2672,.F.);
#3458=ORIENTED_EDGE('',*,*,#2648,.T.);
#3459=ORIENTED_EDGE('',*,*,#2673,.T.);
#3460=ORIENTED_EDGE('',*,*,#2670,.F.);
#3461=ORIENTED_EDGE('',*,*,#2674,.F.);
#3462=ORIENTED_EDGE('',*,*,#2675,.T.);
#3463=ORIENTED_EDGE('',*,*,#2676,.T.);
#3464=ORIENTED_EDGE('',*,*,#2642,.F.);
#3465=ORIENTED_EDGE('',*,*,#2677,.F.);
#3466=ORIENTED_EDGE('',*,*,#2644,.T.);
#3467=ORIENTED_EDGE('',*,*,#2678,.T.);
#3468=ORIENTED_EDGE('',*,*,#2675,.F.);
#3469=ORIENTED_EDGE('',*,*,#2556,.T.);
#3470=ORIENTED_EDGE('',*,*,#2597,.T.);
#3471=ORIENTED_EDGE('',*,*,#2591,.F.);
#3472=ORIENTED_EDGE('',*,*,#2582,.F.);
#3473=ORIENTED_EDGE('',*,*,#2586,.F.);
#3474=ORIENTED_EDGE('',*,*,#2679,.T.);
#3475=ORIENTED_EDGE('',*,*,#2680,.T.);
#3476=ORIENTED_EDGE('',*,*,#2681,.F.);
#3477=ORIENTED_EDGE('',*,*,#2682,.F.);
#3478=ORIENTED_EDGE('',*,*,#2683,.T.);
#3479=ORIENTED_EDGE('',*,*,#2684,.F.);
#3480=ORIENTED_EDGE('',*,*,#2685,.F.);
#3481=ORIENTED_EDGE('',*,*,#2620,.T.);
#3482=ORIENTED_EDGE('',*,*,#2686,.F.);
#3483=ORIENTED_EDGE('',*,*,#2687,.T.);
#3484=ORIENTED_EDGE('',*,*,#2668,.F.);
#3485=ORIENTED_EDGE('',*,*,#2651,.F.);
#3486=ORIENTED_EDGE('',*,*,#2666,.F.);
#3487=ORIENTED_EDGE('',*,*,#2673,.F.);
#3488=ORIENTED_EDGE('',*,*,#2647,.F.);
#3489=ORIENTED_EDGE('',*,*,#2671,.F.);
#3490=ORIENTED_EDGE('',*,*,#2678,.F.);
#3491=ORIENTED_EDGE('',*,*,#2643,.F.);
#3492=ORIENTED_EDGE('',*,*,#2676,.F.);
#3493=ORIENTED_EDGE('',*,*,#2680,.F.);
#3494=ORIENTED_EDGE('',*,*,#2688,.T.);
#3495=ORIENTED_EDGE('',*,*,#2689,.T.);
#3496=ORIENTED_EDGE('',*,*,#2690,.T.);
#3497=ORIENTED_EDGE('',*,*,#2691,.F.);
#3498=ORIENTED_EDGE('',*,*,#2690,.F.);
#3499=ORIENTED_EDGE('',*,*,#2692,.T.);
#3500=ORIENTED_EDGE('',*,*,#2693,.T.);
#3501=ORIENTED_EDGE('',*,*,#2694,.F.);
#3502=ORIENTED_EDGE('',*,*,#2695,.T.);
#3503=ORIENTED_EDGE('',*,*,#2696,.T.);
#3504=ORIENTED_EDGE('',*,*,#2682,.T.);
#3505=ORIENTED_EDGE('',*,*,#2697,.F.);
#3506=ORIENTED_EDGE('',*,*,#2693,.F.);
#3507=ORIENTED_EDGE('',*,*,#2698,.T.);
#3508=ORIENTED_EDGE('',*,*,#2691,.T.);
#3509=ORIENTED_EDGE('',*,*,#2694,.T.);
#3510=ORIENTED_EDGE('',*,*,#2697,.T.);
#3511=ORIENTED_EDGE('',*,*,#2681,.T.);
#3512=ORIENTED_EDGE('',*,*,#2614,.T.);
#3513=ORIENTED_EDGE('',*,*,#2685,.T.);
#3514=ORIENTED_EDGE('',*,*,#2699,.F.);
#3515=ORIENTED_EDGE('',*,*,#2700,.F.);
#3516=ORIENTED_EDGE('',*,*,#2699,.T.);
#3517=ORIENTED_EDGE('',*,*,#2684,.T.);
#3518=ORIENTED_EDGE('',*,*,#2701,.T.);
#3519=ORIENTED_EDGE('',*,*,#2702,.T.);
#3520=ORIENTED_EDGE('',*,*,#2703,.F.);
#3521=ORIENTED_EDGE('',*,*,#2704,.F.);
#3522=ORIENTED_EDGE('',*,*,#2653,.F.);
#3523=ORIENTED_EDGE('',*,*,#2663,.F.);
#3524=ORIENTED_EDGE('',*,*,#2660,.F.);
#3525=ORIENTED_EDGE('',*,*,#2641,.T.);
#3526=ORIENTED_EDGE('',*,*,#2677,.T.);
#3527=ORIENTED_EDGE('',*,*,#2674,.T.);
#3528=ORIENTED_EDGE('',*,*,#2705,.T.);
#3529=ORIENTED_EDGE('',*,*,#2706,.T.);
#3530=ORIENTED_EDGE('',*,*,#2707,.T.);
#3531=ORIENTED_EDGE('',*,*,#2708,.F.);
#3532=ORIENTED_EDGE('',*,*,#2709,.T.);
#3533=ORIENTED_EDGE('',*,*,#2710,.T.);
#3534=ORIENTED_EDGE('',*,*,#2711,.T.);
#3535=ORIENTED_EDGE('',*,*,#2706,.F.);
#3536=ORIENTED_EDGE('',*,*,#2712,.T.);
#3537=ORIENTED_EDGE('',*,*,#2713,.T.);
#3538=ORIENTED_EDGE('',*,*,#2714,.T.);
#3539=ORIENTED_EDGE('',*,*,#2715,.F.);
#3540=ORIENTED_EDGE('',*,*,#2716,.T.);
#3541=ORIENTED_EDGE('',*,*,#2717,.T.);
#3542=ORIENTED_EDGE('',*,*,#2718,.T.);
#3543=ORIENTED_EDGE('',*,*,#2713,.F.);
#3544=ORIENTED_EDGE('',*,*,#2719,.T.);
#3545=ORIENTED_EDGE('',*,*,#2720,.T.);
#3546=ORIENTED_EDGE('',*,*,#2524,.T.);
#3547=ORIENTED_EDGE('',*,*,#2721,.T.);
#3548=ORIENTED_EDGE('',*,*,#2722,.T.);
#3549=ORIENTED_EDGE('',*,*,#2637,.T.);
#3550=ORIENTED_EDGE('',*,*,#2723,.T.);
#3551=ORIENTED_EDGE('',*,*,#2655,.T.);
#3552=ORIENTED_EDGE('',*,*,#2659,.T.);
#3553=ORIENTED_EDGE('',*,*,#2662,.T.);
#3554=ORIENTED_EDGE('',*,*,#2657,.T.);
#3555=ORIENTED_EDGE('',*,*,#2724,.F.);
#3556=ORIENTED_EDGE('',*,*,#2725,.T.);
#3557=ORIENTED_EDGE('',*,*,#2719,.F.);
#3558=ORIENTED_EDGE('',*,*,#2656,.F.);
#3559=ORIENTED_EDGE('',*,*,#2723,.F.);
#3560=ORIENTED_EDGE('',*,*,#2636,.F.);
#3561=ORIENTED_EDGE('',*,*,#2679,.F.);
#3562=ORIENTED_EDGE('',*,*,#2585,.F.);
#3563=ORIENTED_EDGE('',*,*,#2726,.F.);
#3564=ORIENTED_EDGE('',*,*,#2688,.F.);
#3565=ORIENTED_EDGE('',*,*,#2584,.F.);
#3566=ORIENTED_EDGE('',*,*,#2514,.F.);
#3567=ORIENTED_EDGE('',*,*,#2522,.F.);
#3568=ORIENTED_EDGE('',*,*,#2727,.F.);
#3569=ORIENTED_EDGE('',*,*,#2698,.F.);
#3570=ORIENTED_EDGE('',*,*,#2692,.F.);
#3571=ORIENTED_EDGE('',*,*,#2689,.F.);
#3572=ORIENTED_EDGE('',*,*,#2726,.T.);
#3573=ORIENTED_EDGE('',*,*,#2727,.T.);
#3574=ORIENTED_EDGE('',*,*,#2521,.F.);
#3575=ORIENTED_EDGE('',*,*,#2728,.F.);
#3576=ORIENTED_EDGE('',*,*,#2695,.F.);
#3577=ORIENTED_EDGE('',*,*,#2520,.F.);
#3578=ORIENTED_EDGE('',*,*,#2729,.T.);
#3579=ORIENTED_EDGE('',*,*,#2701,.F.);
#3580=ORIENTED_EDGE('',*,*,#2683,.F.);
#3581=ORIENTED_EDGE('',*,*,#2696,.F.);
#3582=ORIENTED_EDGE('',*,*,#2728,.T.);
#3583=ORIENTED_EDGE('',*,*,#2548,.F.);
#3584=ORIENTED_EDGE('',*,*,#2557,.T.);
#3585=ORIENTED_EDGE('',*,*,#2687,.F.);
#3586=ORIENTED_EDGE('',*,*,#2730,.F.);
#3587=ORIENTED_EDGE('',*,*,#2731,.F.);
#3588=ORIENTED_EDGE('',*,*,#2525,.T.);
#3589=ORIENTED_EDGE('',*,*,#2720,.F.);
#3590=ORIENTED_EDGE('',*,*,#2732,.F.);
#3591=ORIENTED_EDGE('',*,*,#2518,.F.);
#3592=ORIENTED_EDGE('',*,*,#2732,.T.);
#3593=ORIENTED_EDGE('',*,*,#2725,.F.);
#3594=ORIENTED_EDGE('',*,*,#2733,.F.);
#3595=ORIENTED_EDGE('',*,*,#2702,.F.);
#3596=ORIENTED_EDGE('',*,*,#2729,.F.);
#3597=ORIENTED_EDGE('',*,*,#2519,.F.);
#3598=ORIENTED_EDGE('',*,*,#2733,.T.);
#3599=ORIENTED_EDGE('',*,*,#2734,.F.);
#3600=ORIENTED_EDGE('',*,*,#2735,.F.);
#3601=ORIENTED_EDGE('',*,*,#2736,.T.);
#3602=ORIENTED_EDGE('',*,*,#2737,.T.);
#3603=ORIENTED_EDGE('',*,*,#2738,.T.);
#3604=ORIENTED_EDGE('',*,*,#2739,.T.);
#3605=ORIENTED_EDGE('',*,*,#2740,.T.);
#3606=ORIENTED_EDGE('',*,*,#2621,.T.);
#3607=ORIENTED_EDGE('',*,*,#2634,.F.);
#3608=ORIENTED_EDGE('',*,*,#2741,.F.);
#3609=ORIENTED_EDGE('',*,*,#2742,.F.);
#3610=ORIENTED_EDGE('',*,*,#2734,.T.);
#3611=ORIENTED_EDGE('',*,*,#2724,.T.);
#3612=ORIENTED_EDGE('',*,*,#2635,.T.);
#3613=ORIENTED_EDGE('',*,*,#2743,.F.);
#3614=ORIENTED_EDGE('',*,*,#2744,.T.);
#3615=ORIENTED_EDGE('',*,*,#2623,.T.);
#3616=ORIENTED_EDGE('',*,*,#2744,.F.);
#3617=ORIENTED_EDGE('',*,*,#2745,.T.);
#3618=ORIENTED_EDGE('',*,*,#2746,.T.);
#3619=ORIENTED_EDGE('',*,*,#2747,.F.);
#3620=ORIENTED_EDGE('',*,*,#2748,.F.);
#3621=ORIENTED_EDGE('',*,*,#2749,.T.);
#3622=ORIENTED_EDGE('',*,*,#2750,.T.);
#3623=ORIENTED_EDGE('',*,*,#2611,.F.);
#3624=ORIENTED_EDGE('',*,*,#2751,.F.);
#3625=ORIENTED_EDGE('',*,*,#2752,.T.);
#3626=ORIENTED_EDGE('',*,*,#2753,.T.);
#3627=ORIENTED_EDGE('',*,*,#2608,.F.);
#3628=ORIENTED_EDGE('',*,*,#2754,.F.);
#3629=ORIENTED_EDGE('',*,*,#2755,.F.);
#3630=ORIENTED_EDGE('',*,*,#2756,.T.);
#3631=ORIENTED_EDGE('',*,*,#2757,.T.);
#3632=ORIENTED_EDGE('',*,*,#2758,.F.);
#3633=ORIENTED_EDGE('',*,*,#2759,.T.);
#3634=ORIENTED_EDGE('',*,*,#2760,.F.);
#3635=ORIENTED_EDGE('',*,*,#2531,.F.);
#3636=ORIENTED_EDGE('',*,*,#2761,.F.);
#3637=ORIENTED_EDGE('',*,*,#2762,.F.);
#3638=ORIENTED_EDGE('',*,*,#2763,.F.);
#3639=ORIENTED_EDGE('',*,*,#2736,.F.);
#3640=ORIENTED_EDGE('',*,*,#2764,.F.);
#3641=ORIENTED_EDGE('',*,*,#2765,.F.);
#3642=ORIENTED_EDGE('',*,*,#2766,.T.);
#3643=ORIENTED_EDGE('',*,*,#2767,.F.);
#3644=ORIENTED_EDGE('',*,*,#2768,.F.);
#3645=ORIENTED_EDGE('',*,*,#2760,.T.);
#3646=ORIENTED_EDGE('',*,*,#2769,.T.);
#3647=ORIENTED_EDGE('',*,*,#2756,.F.);
#3648=ORIENTED_EDGE('',*,*,#2770,.F.);
#3649=ORIENTED_EDGE('',*,*,#2767,.T.);
#3650=ORIENTED_EDGE('',*,*,#2771,.T.);
#3651=ORIENTED_EDGE('',*,*,#2754,.T.);
#3652=ORIENTED_EDGE('',*,*,#2607,.F.);
#3653=ORIENTED_EDGE('',*,*,#2772,.F.);
#3654=ORIENTED_EDGE('',*,*,#2773,.T.);
#3655=ORIENTED_EDGE('',*,*,#2772,.T.);
#3656=ORIENTED_EDGE('',*,*,#2606,.F.);
#3657=ORIENTED_EDGE('',*,*,#2753,.F.);
#3658=ORIENTED_EDGE('',*,*,#2774,.T.);
#3659=ORIENTED_EDGE('',*,*,#2751,.T.);
#3660=ORIENTED_EDGE('',*,*,#2610,.F.);
#3661=ORIENTED_EDGE('',*,*,#2775,.F.);
#3662=ORIENTED_EDGE('',*,*,#2776,.T.);
#3663=ORIENTED_EDGE('',*,*,#2775,.T.);
#3664=ORIENTED_EDGE('',*,*,#2609,.F.);
#3665=ORIENTED_EDGE('',*,*,#2750,.F.);
#3666=ORIENTED_EDGE('',*,*,#2777,.T.);
#3667=ORIENTED_EDGE('',*,*,#2748,.T.);
#3668=ORIENTED_EDGE('',*,*,#2778,.F.);
#3669=ORIENTED_EDGE('',*,*,#2779,.F.);
#3670=ORIENTED_EDGE('',*,*,#2780,.T.);
#3671=ORIENTED_EDGE('',*,*,#2779,.T.);
#3672=ORIENTED_EDGE('',*,*,#2781,.F.);
#3673=ORIENTED_EDGE('',*,*,#2746,.F.);
#3674=ORIENTED_EDGE('',*,*,#2544,.T.);
#3675=ORIENTED_EDGE('',*,*,#2605,.T.);
#3676=ORIENTED_EDGE('',*,*,#2578,.T.);
#3677=ORIENTED_EDGE('',*,*,#2570,.F.);
#3678=ORIENTED_EDGE('',*,*,#2782,.F.);
#3679=ORIENTED_EDGE('',*,*,#2783,.F.);
#3680=ORIENTED_EDGE('',*,*,#2603,.T.);
#3681=ORIENTED_EDGE('',*,*,#2784,.T.);
#3682=ORIENTED_EDGE('',*,*,#2785,.F.);
#3683=ORIENTED_EDGE('',*,*,#2786,.F.);
#3684=ORIENTED_EDGE('',*,*,#2787,.F.);
#3685=ORIENTED_EDGE('',*,*,#2755,.T.);
#3686=ORIENTED_EDGE('',*,*,#2768,.T.);
#3687=ORIENTED_EDGE('',*,*,#2770,.T.);
#3688=ORIENTED_EDGE('',*,*,#2745,.F.);
#3689=ORIENTED_EDGE('',*,*,#2777,.F.);
#3690=ORIENTED_EDGE('',*,*,#2780,.F.);
#3691=ORIENTED_EDGE('',*,*,#2788,.F.);
#3692=ORIENTED_EDGE('',*,*,#2789,.T.);
#3693=ORIENTED_EDGE('',*,*,#2790,.F.);
#3694=ORIENTED_EDGE('',*,*,#2791,.F.);
#3695=ORIENTED_EDGE('',*,*,#2792,.F.);
#3696=ORIENTED_EDGE('',*,*,#2791,.T.);
#3697=ORIENTED_EDGE('',*,*,#2793,.F.);
#3698=ORIENTED_EDGE('',*,*,#2794,.F.);
#3699=ORIENTED_EDGE('',*,*,#2795,.F.);
#3700=ORIENTED_EDGE('',*,*,#2796,.T.);
#3701=ORIENTED_EDGE('',*,*,#2797,.F.);
#3702=ORIENTED_EDGE('',*,*,#2798,.F.);
#3703=ORIENTED_EDGE('',*,*,#2799,.F.);
#3704=ORIENTED_EDGE('',*,*,#2798,.T.);
#3705=ORIENTED_EDGE('',*,*,#2800,.F.);
#3706=ORIENTED_EDGE('',*,*,#2801,.F.);
#3707=ORIENTED_EDGE('',*,*,#2802,.F.);
#3708=ORIENTED_EDGE('',*,*,#2757,.F.);
#3709=ORIENTED_EDGE('',*,*,#2769,.F.);
#3710=ORIENTED_EDGE('',*,*,#2766,.F.);
#3711=ORIENTED_EDGE('',*,*,#2759,.F.);
#3712=ORIENTED_EDGE('',*,*,#2803,.F.);
#3713=ORIENTED_EDGE('',*,*,#2804,.F.);
#3714=ORIENTED_EDGE('',*,*,#2805,.F.);
#3715=ORIENTED_EDGE('',*,*,#2806,.F.);
#3716=ORIENTED_EDGE('',*,*,#2807,.F.);
#3717=ORIENTED_EDGE('',*,*,#2808,.F.);
#3718=ORIENTED_EDGE('',*,*,#2742,.T.);
#3719=ORIENTED_EDGE('',*,*,#2809,.T.);
#3720=ORIENTED_EDGE('',*,*,#2803,.T.);
#3721=ORIENTED_EDGE('',*,*,#2758,.T.);
#3722=ORIENTED_EDGE('',*,*,#2802,.T.);
#3723=ORIENTED_EDGE('',*,*,#2810,.F.);
#3724=ORIENTED_EDGE('',*,*,#2632,.F.);
#3725=ORIENTED_EDGE('',*,*,#2811,.T.);
#3726=ORIENTED_EDGE('',*,*,#2804,.T.);
#3727=ORIENTED_EDGE('',*,*,#2809,.F.);
#3728=ORIENTED_EDGE('',*,*,#2741,.T.);
#3729=ORIENTED_EDGE('',*,*,#2604,.T.);
#3730=ORIENTED_EDGE('',*,*,#2783,.T.);
#3731=ORIENTED_EDGE('',*,*,#2812,.T.);
#3732=ORIENTED_EDGE('',*,*,#2537,.T.);
#3733=ORIENTED_EDGE('',*,*,#2533,.T.);
#3734=ORIENTED_EDGE('',*,*,#2812,.F.);
#3735=ORIENTED_EDGE('',*,*,#2782,.T.);
#3736=ORIENTED_EDGE('',*,*,#2602,.F.);
#3737=ORIENTED_EDGE('',*,*,#2813,.F.);
#3738=ORIENTED_EDGE('',*,*,#2814,.F.);
#3739=ORIENTED_EDGE('',*,*,#2815,.F.);
#3740=ORIENTED_EDGE('',*,*,#2816,.F.);
#3741=ORIENTED_EDGE('',*,*,#2784,.F.);
#3742=ORIENTED_EDGE('',*,*,#2817,.T.);
#3743=ORIENTED_EDGE('',*,*,#2761,.T.);
#3744=ORIENTED_EDGE('',*,*,#2530,.F.);
#3745=ORIENTED_EDGE('',*,*,#2817,.F.);
#3746=ORIENTED_EDGE('',*,*,#2787,.T.);
#3747=ORIENTED_EDGE('',*,*,#2818,.T.);
#3748=ORIENTED_EDGE('',*,*,#2762,.T.);
#3749=ORIENTED_EDGE('',*,*,#2763,.T.);
#3750=ORIENTED_EDGE('',*,*,#2818,.F.);
#3751=ORIENTED_EDGE('',*,*,#2786,.T.);
#3752=ORIENTED_EDGE('',*,*,#2819,.T.);
#3753=ORIENTED_EDGE('',*,*,#2703,.T.);
#3754=ORIENTED_EDGE('',*,*,#2737,.F.);
#3755=ORIENTED_EDGE('',*,*,#2527,.F.);
#3756=ORIENTED_EDGE('',*,*,#2765,.T.);
#3757=ORIENTED_EDGE('',*,*,#2820,.T.);
#3758=ORIENTED_EDGE('',*,*,#2807,.T.);
#3759=ORIENTED_EDGE('',*,*,#2821,.T.);
#3760=ORIENTED_EDGE('',*,*,#2820,.F.);
#3761=ORIENTED_EDGE('',*,*,#2764,.T.);
#3762=ORIENTED_EDGE('',*,*,#2822,.T.);
#3763=ORIENTED_EDGE('',*,*,#2808,.T.);
#3764=ORIENTED_EDGE('',*,*,#2822,.F.);
#3765=ORIENTED_EDGE('',*,*,#2735,.T.);
#3766=ORIENTED_EDGE('',*,*,#2810,.T.);
#3767=ORIENTED_EDGE('',*,*,#2738,.F.);
#3768=ORIENTED_EDGE('',*,*,#2622,.F.);
#3769=ORIENTED_EDGE('',*,*,#2740,.F.);
#3770=ORIENTED_EDGE('',*,*,#2823,.F.);
#3771=ORIENTED_EDGE('',*,*,#2813,.T.);
#3772=ORIENTED_EDGE('',*,*,#2601,.F.);
#3773=ORIENTED_EDGE('',*,*,#2618,.T.);
#3774=ORIENTED_EDGE('',*,*,#2824,.F.);
#3775=ORIENTED_EDGE('',*,*,#2814,.T.);
#3776=ORIENTED_EDGE('',*,*,#2824,.T.);
#3777=ORIENTED_EDGE('',*,*,#2617,.T.);
#3778=ORIENTED_EDGE('',*,*,#2825,.F.);
#3779=ORIENTED_EDGE('',*,*,#2815,.T.);
#3780=ORIENTED_EDGE('',*,*,#2825,.T.);
#3781=ORIENTED_EDGE('',*,*,#2616,.T.);
#3782=ORIENTED_EDGE('',*,*,#2826,.F.);
#3783=ORIENTED_EDGE('',*,*,#2826,.T.);
#3784=ORIENTED_EDGE('',*,*,#2615,.F.);
#3785=ORIENTED_EDGE('',*,*,#2700,.T.);
#3786=ORIENTED_EDGE('',*,*,#2704,.T.);
#3787=ORIENTED_EDGE('',*,*,#2819,.F.);
#3788=ORIENTED_EDGE('',*,*,#2785,.T.);
#3789=ORIENTED_EDGE('',*,*,#2816,.T.);
#3790=ORIENTED_EDGE('',*,*,#2781,.T.);
#3791=ORIENTED_EDGE('',*,*,#2778,.T.);
#3792=ORIENTED_EDGE('',*,*,#2747,.T.);
#3793=ORIENTED_EDGE('',*,*,#2827,.T.);
#3794=ORIENTED_EDGE('',*,*,#2730,.T.);
#3795=ORIENTED_EDGE('',*,*,#2686,.T.);
#3796=ORIENTED_EDGE('',*,*,#2619,.T.);
#3797=ORIENTED_EDGE('',*,*,#2599,.T.);
#3798=ORIENTED_EDGE('',*,*,#2613,.T.);
#3799=ORIENTED_EDGE('',*,*,#2828,.T.);
#3800=ORIENTED_EDGE('',*,*,#2829,.F.);
#3801=ORIENTED_EDGE('',*,*,#2830,.T.);
#3802=ORIENTED_EDGE('',*,*,#2831,.T.);
#3803=ORIENTED_EDGE('',*,*,#2832,.T.);
#3804=ORIENTED_EDGE('',*,*,#2833,.T.);
#3805=ORIENTED_EDGE('',*,*,#2834,.T.);
#3806=ORIENTED_EDGE('',*,*,#2835,.F.);
#3807=ORIENTED_EDGE('',*,*,#2836,.T.);
#3808=ORIENTED_EDGE('',*,*,#2837,.T.);
#3809=ORIENTED_EDGE('',*,*,#2838,.F.);
#3810=ORIENTED_EDGE('',*,*,#2839,.F.);
#3811=ORIENTED_EDGE('',*,*,#2840,.T.);
#3812=ORIENTED_EDGE('',*,*,#2841,.T.);
#3813=ORIENTED_EDGE('',*,*,#2842,.T.);
#3814=ORIENTED_EDGE('',*,*,#2843,.T.);
#3815=ORIENTED_EDGE('',*,*,#2844,.F.);
#3816=ORIENTED_EDGE('',*,*,#2845,.F.);
#3817=ORIENTED_EDGE('',*,*,#2846,.T.);
#3818=ORIENTED_EDGE('',*,*,#2847,.T.);
#3819=ORIENTED_EDGE('',*,*,#2848,.F.);
#3820=ORIENTED_EDGE('',*,*,#2849,.T.);
#3821=ORIENTED_EDGE('',*,*,#2850,.T.);
#3822=ORIENTED_EDGE('',*,*,#2851,.T.);
#3823=ORIENTED_EDGE('',*,*,#2852,.T.);
#3824=ORIENTED_EDGE('',*,*,#2853,.T.);
#3825=ORIENTED_EDGE('',*,*,#2854,.F.);
#3826=ORIENTED_EDGE('',*,*,#2855,.T.);
#3827=ORIENTED_EDGE('',*,*,#2856,.T.);
#3828=ORIENTED_EDGE('',*,*,#2857,.T.);
#3829=ORIENTED_EDGE('',*,*,#2858,.T.);
#3830=ORIENTED_EDGE('',*,*,#2859,.T.);
#3831=ORIENTED_EDGE('',*,*,#2860,.T.);
#3832=ORIENTED_EDGE('',*,*,#2861,.T.);
#3833=ORIENTED_EDGE('',*,*,#2862,.T.);
#3834=ORIENTED_EDGE('',*,*,#2863,.T.);
#3835=ORIENTED_EDGE('',*,*,#2863,.F.);
#3836=ORIENTED_EDGE('',*,*,#2864,.F.);
#3837=ORIENTED_EDGE('',*,*,#2865,.F.);
#3838=ORIENTED_EDGE('',*,*,#2866,.T.);
#3839=ORIENTED_EDGE('',*,*,#2862,.F.);
#3840=ORIENTED_EDGE('',*,*,#2867,.F.);
#3841=ORIENTED_EDGE('',*,*,#2868,.F.);
#3842=ORIENTED_EDGE('',*,*,#2864,.T.);
#3843=ORIENTED_EDGE('',*,*,#2861,.F.);
#3844=ORIENTED_EDGE('',*,*,#2866,.F.);
#3845=ORIENTED_EDGE('',*,*,#2869,.F.);
#3846=ORIENTED_EDGE('',*,*,#2867,.T.);
#3847=ORIENTED_EDGE('',*,*,#2860,.F.);
#3848=ORIENTED_EDGE('',*,*,#2870,.F.);
#3849=ORIENTED_EDGE('',*,*,#2871,.F.);
#3850=ORIENTED_EDGE('',*,*,#2872,.T.);
#3851=ORIENTED_EDGE('',*,*,#2859,.F.);
#3852=ORIENTED_EDGE('',*,*,#2873,.F.);
#3853=ORIENTED_EDGE('',*,*,#2874,.F.);
#3854=ORIENTED_EDGE('',*,*,#2870,.T.);
#3855=ORIENTED_EDGE('',*,*,#2858,.F.);
#3856=ORIENTED_EDGE('',*,*,#2872,.F.);
#3857=ORIENTED_EDGE('',*,*,#2875,.F.);
#3858=ORIENTED_EDGE('',*,*,#2873,.T.);
#3859=ORIENTED_EDGE('',*,*,#2876,.T.);
#3860=ORIENTED_EDGE('',*,*,#2877,.T.);
#3861=ORIENTED_EDGE('',*,*,#2878,.F.);
#3862=ORIENTED_EDGE('',*,*,#2879,.F.);
#3863=ORIENTED_EDGE('',*,*,#2880,.T.);
#3864=ORIENTED_EDGE('',*,*,#2881,.T.);
#3865=ORIENTED_EDGE('',*,*,#2882,.F.);
#3866=ORIENTED_EDGE('',*,*,#2883,.F.);
#3867=ORIENTED_EDGE('',*,*,#2884,.F.);
#3868=ORIENTED_EDGE('',*,*,#2885,.T.);
#3869=ORIENTED_EDGE('',*,*,#2886,.T.);
#3870=ORIENTED_EDGE('',*,*,#2887,.F.);
#3871=ORIENTED_EDGE('',*,*,#2886,.F.);
#3872=ORIENTED_EDGE('',*,*,#2888,.T.);
#3873=ORIENTED_EDGE('',*,*,#2889,.T.);
#3874=ORIENTED_EDGE('',*,*,#2890,.F.);
#3875=ORIENTED_EDGE('',*,*,#2891,.F.);
#3876=ORIENTED_EDGE('',*,*,#2892,.T.);
#3877=ORIENTED_EDGE('',*,*,#2893,.T.);
#3878=ORIENTED_EDGE('',*,*,#2894,.F.);
#3879=ORIENTED_EDGE('',*,*,#2893,.F.);
#3880=ORIENTED_EDGE('',*,*,#2895,.T.);
#3881=ORIENTED_EDGE('',*,*,#2896,.T.);
#3882=ORIENTED_EDGE('',*,*,#2897,.F.);
#3883=ORIENTED_EDGE('',*,*,#2898,.T.);
#3884=ORIENTED_EDGE('',*,*,#2899,.T.);
#3885=ORIENTED_EDGE('',*,*,#2900,.F.);
#3886=ORIENTED_EDGE('',*,*,#2901,.T.);
#3887=ORIENTED_EDGE('',*,*,#2902,.F.);
#3888=ORIENTED_EDGE('',*,*,#2903,.F.);
#3889=ORIENTED_EDGE('',*,*,#2904,.F.);
#3890=ORIENTED_EDGE('',*,*,#2905,.F.);
#3891=ORIENTED_EDGE('',*,*,#2906,.F.);
#3892=ORIENTED_EDGE('',*,*,#2907,.T.);
#3893=ORIENTED_EDGE('',*,*,#2908,.T.);
#3894=ORIENTED_EDGE('',*,*,#2909,.T.);
#3895=ORIENTED_EDGE('',*,*,#2910,.F.);
#3896=ORIENTED_EDGE('',*,*,#2911,.T.);
#3897=ORIENTED_EDGE('',*,*,#2912,.T.);
#3898=ORIENTED_EDGE('',*,*,#2913,.T.);
#3899=ORIENTED_EDGE('',*,*,#2914,.F.);
#3900=ORIENTED_EDGE('',*,*,#2915,.F.);
#3901=ORIENTED_EDGE('',*,*,#2899,.F.);
#3902=ORIENTED_EDGE('',*,*,#2916,.T.);
#3903=ORIENTED_EDGE('',*,*,#2917,.T.);
#3904=ORIENTED_EDGE('',*,*,#2918,.T.);
#3905=ORIENTED_EDGE('',*,*,#2919,.F.);
#3906=ORIENTED_EDGE('',*,*,#2920,.T.);
#3907=ORIENTED_EDGE('',*,*,#2921,.T.);
#3908=ORIENTED_EDGE('',*,*,#2922,.F.);
#3909=ORIENTED_EDGE('',*,*,#2923,.T.);
#3910=ORIENTED_EDGE('',*,*,#2924,.F.);
#3911=ORIENTED_EDGE('',*,*,#2925,.F.);
#3912=ORIENTED_EDGE('',*,*,#2882,.T.);
#3913=ORIENTED_EDGE('',*,*,#2926,.F.);
#3914=ORIENTED_EDGE('',*,*,#2927,.F.);
#3915=ORIENTED_EDGE('',*,*,#2878,.T.);
#3916=ORIENTED_EDGE('',*,*,#2928,.F.);
#3917=ORIENTED_EDGE('',*,*,#2895,.F.);
#3918=ORIENTED_EDGE('',*,*,#2892,.F.);
#3919=ORIENTED_EDGE('',*,*,#2929,.T.);
#3920=ORIENTED_EDGE('',*,*,#2930,.T.);
#3921=ORIENTED_EDGE('',*,*,#2880,.F.);
#3922=ORIENTED_EDGE('',*,*,#2931,.F.);
#3923=ORIENTED_EDGE('',*,*,#2888,.F.);
#3924=ORIENTED_EDGE('',*,*,#2885,.F.);
#3925=ORIENTED_EDGE('',*,*,#2932,.T.);
#3926=ORIENTED_EDGE('',*,*,#2933,.T.);
#3927=ORIENTED_EDGE('',*,*,#2876,.F.);
#3928=ORIENTED_EDGE('',*,*,#2934,.T.);
#3929=ORIENTED_EDGE('',*,*,#2926,.T.);
#3930=ORIENTED_EDGE('',*,*,#2877,.F.);
#3931=ORIENTED_EDGE('',*,*,#2933,.F.);
#3932=ORIENTED_EDGE('',*,*,#2879,.T.);
#3933=ORIENTED_EDGE('',*,*,#2927,.T.);
#3934=ORIENTED_EDGE('',*,*,#2934,.F.);
#3935=ORIENTED_EDGE('',*,*,#2932,.F.);
#3936=ORIENTED_EDGE('',*,*,#2935,.T.);
#3937=ORIENTED_EDGE('',*,*,#2924,.T.);
#3938=ORIENTED_EDGE('',*,*,#2881,.F.);
#3939=ORIENTED_EDGE('',*,*,#2930,.F.);
#3940=ORIENTED_EDGE('',*,*,#2883,.T.);
#3941=ORIENTED_EDGE('',*,*,#2925,.T.);
#3942=ORIENTED_EDGE('',*,*,#2935,.F.);
#3943=ORIENTED_EDGE('',*,*,#2929,.F.);
#3944=ORIENTED_EDGE('',*,*,#2936,.F.);
#3945=ORIENTED_EDGE('',*,*,#2937,.F.);
#3946=ORIENTED_EDGE('',*,*,#2938,.T.);
#3947=ORIENTED_EDGE('',*,*,#2906,.T.);
#3948=ORIENTED_EDGE('',*,*,#2939,.F.);
#3949=ORIENTED_EDGE('',*,*,#2940,.F.);
#3950=ORIENTED_EDGE('',*,*,#2941,.T.);
#3951=ORIENTED_EDGE('',*,*,#2942,.F.);
#3952=ORIENTED_EDGE('',*,*,#2939,.T.);
#3953=ORIENTED_EDGE('',*,*,#2905,.T.);
#3954=ORIENTED_EDGE('',*,*,#2943,.T.);
#3955=ORIENTED_EDGE('',*,*,#2904,.T.);
#3956=ORIENTED_EDGE('',*,*,#2944,.T.);
#3957=ORIENTED_EDGE('',*,*,#2945,.F.);
#3958=ORIENTED_EDGE('',*,*,#2943,.F.);
#3959=ORIENTED_EDGE('',*,*,#2946,.F.);
#3960=ORIENTED_EDGE('',*,*,#2947,.F.);
#3961=ORIENTED_EDGE('',*,*,#2948,.F.);
#3962=ORIENTED_EDGE('',*,*,#2944,.F.);
#3963=ORIENTED_EDGE('',*,*,#2903,.T.);
#3964=ORIENTED_EDGE('',*,*,#2949,.F.);
#3965=ORIENTED_EDGE('',*,*,#2950,.F.);
#3966=ORIENTED_EDGE('',*,*,#2938,.F.);
#3967=ORIENTED_EDGE('',*,*,#2951,.T.);
#3968=ORIENTED_EDGE('',*,*,#2913,.F.);
#3969=ORIENTED_EDGE('',*,*,#2952,.F.);
#3970=ORIENTED_EDGE('',*,*,#2953,.T.);
#3971=ORIENTED_EDGE('',*,*,#2954,.F.);
#3972=ORIENTED_EDGE('',*,*,#2940,.T.);
#3973=ORIENTED_EDGE('',*,*,#2942,.T.);
#3974=ORIENTED_EDGE('',*,*,#2945,.T.);
#3975=ORIENTED_EDGE('',*,*,#2948,.T.);
#3976=ORIENTED_EDGE('',*,*,#2955,.T.);
#3977=ORIENTED_EDGE('',*,*,#2956,.F.);
#3978=ORIENTED_EDGE('',*,*,#2957,.F.);
#3979=ORIENTED_EDGE('',*,*,#2958,.F.);
#3980=ORIENTED_EDGE('',*,*,#2959,.F.);
#3981=ORIENTED_EDGE('',*,*,#2960,.T.);
#3982=ORIENTED_EDGE('',*,*,#2919,.T.);
#3983=ORIENTED_EDGE('',*,*,#2961,.F.);
#3984=ORIENTED_EDGE('',*,*,#2962,.F.);
#3985=ORIENTED_EDGE('',*,*,#2963,.T.);
#3986=ORIENTED_EDGE('',*,*,#2922,.T.);
#3987=ORIENTED_EDGE('',*,*,#2964,.F.);
#3988=ORIENTED_EDGE('',*,*,#2965,.F.);
#3989=ORIENTED_EDGE('',*,*,#2966,.F.);
#3990=ORIENTED_EDGE('',*,*,#2967,.T.);
#3991=ORIENTED_EDGE('',*,*,#2968,.T.);
#3992=ORIENTED_EDGE('',*,*,#2969,.F.);
#3993=ORIENTED_EDGE('',*,*,#2970,.F.);
#3994=ORIENTED_EDGE('',*,*,#2971,.T.);
#3995=ORIENTED_EDGE('',*,*,#2972,.T.);
#3996=ORIENTED_EDGE('',*,*,#2967,.F.);
#3997=ORIENTED_EDGE('',*,*,#2973,.F.);
#3998=ORIENTED_EDGE('',*,*,#2974,.T.);
#3999=ORIENTED_EDGE('',*,*,#2975,.T.);
#4000=ORIENTED_EDGE('',*,*,#2971,.F.);
#4001=ORIENTED_EDGE('',*,*,#2976,.F.);
#4002=ORIENTED_EDGE('',*,*,#2977,.T.);
#4003=ORIENTED_EDGE('',*,*,#2978,.T.);
#4004=ORIENTED_EDGE('',*,*,#2900,.T.);
#4005=ORIENTED_EDGE('',*,*,#2917,.F.);
#4006=ORIENTED_EDGE('',*,*,#2979,.F.);
#4007=ORIENTED_EDGE('',*,*,#2980,.F.);
#4008=ORIENTED_EDGE('',*,*,#2970,.T.);
#4009=ORIENTED_EDGE('',*,*,#2981,.T.);
#4010=ORIENTED_EDGE('',*,*,#2976,.T.);
#4011=ORIENTED_EDGE('',*,*,#2982,.F.);
#4012=ORIENTED_EDGE('',*,*,#2962,.T.);
#4013=ORIENTED_EDGE('',*,*,#2983,.F.);
#4014=ORIENTED_EDGE('',*,*,#2966,.T.);
#4015=ORIENTED_EDGE('',*,*,#2984,.T.);
#4016=ORIENTED_EDGE('',*,*,#2973,.T.);
#4017=ORIENTED_EDGE('',*,*,#2985,.F.);
#4018=ORIENTED_EDGE('',*,*,#2959,.T.);
#4019=ORIENTED_EDGE('',*,*,#2986,.F.);
#4020=ORIENTED_EDGE('',*,*,#2987,.F.);
#4021=ORIENTED_EDGE('',*,*,#2986,.T.);
#4022=ORIENTED_EDGE('',*,*,#2961,.T.);
#4023=ORIENTED_EDGE('',*,*,#2918,.F.);
#4024=ORIENTED_EDGE('',*,*,#2960,.F.);
#4025=ORIENTED_EDGE('',*,*,#2985,.T.);
#4026=ORIENTED_EDGE('',*,*,#2987,.T.);
#4027=ORIENTED_EDGE('',*,*,#2920,.F.);
#4028=ORIENTED_EDGE('',*,*,#2988,.F.);
#4029=ORIENTED_EDGE('',*,*,#2983,.T.);
#4030=ORIENTED_EDGE('',*,*,#2964,.T.);
#4031=ORIENTED_EDGE('',*,*,#2921,.F.);
#4032=ORIENTED_EDGE('',*,*,#2963,.F.);
#4033=ORIENTED_EDGE('',*,*,#2982,.T.);
#4034=ORIENTED_EDGE('',*,*,#2988,.T.);
#4035=ORIENTED_EDGE('',*,*,#2923,.F.);
#4036=ORIENTED_EDGE('',*,*,#2989,.F.);
#4037=ORIENTED_EDGE('',*,*,#2990,.F.);
#4038=ORIENTED_EDGE('',*,*,#2911,.F.);
#4039=ORIENTED_EDGE('',*,*,#2991,.F.);
#4040=ORIENTED_EDGE('',*,*,#2958,.T.);
#4041=ORIENTED_EDGE('',*,*,#2992,.F.);
#4042=ORIENTED_EDGE('',*,*,#2907,.F.);
#4043=ORIENTED_EDGE('',*,*,#2941,.F.);
#4044=ORIENTED_EDGE('',*,*,#2908,.F.);
#4045=ORIENTED_EDGE('',*,*,#2992,.T.);
#4046=ORIENTED_EDGE('',*,*,#2957,.T.);
#4047=ORIENTED_EDGE('',*,*,#2993,.F.);
#4048=ORIENTED_EDGE('',*,*,#2889,.F.);
#4049=ORIENTED_EDGE('',*,*,#2931,.T.);
#4050=ORIENTED_EDGE('',*,*,#2884,.T.);
#4051=ORIENTED_EDGE('',*,*,#2994,.F.);
#4052=ORIENTED_EDGE('',*,*,#2896,.F.);
#4053=ORIENTED_EDGE('',*,*,#2928,.T.);
#4054=ORIENTED_EDGE('',*,*,#2891,.T.);
#4055=ORIENTED_EDGE('',*,*,#2995,.F.);
#4056=ORIENTED_EDGE('',*,*,#2974,.F.);
#4057=ORIENTED_EDGE('',*,*,#2984,.F.);
#4058=ORIENTED_EDGE('',*,*,#2965,.T.);
#4059=ORIENTED_EDGE('',*,*,#2996,.T.);
#4060=ORIENTED_EDGE('',*,*,#2977,.F.);
#4061=ORIENTED_EDGE('',*,*,#2981,.F.);
#4062=ORIENTED_EDGE('',*,*,#2969,.T.);
#4063=ORIENTED_EDGE('',*,*,#2997,.T.);
#4064=ORIENTED_EDGE('',*,*,#2979,.T.);
#4065=ORIENTED_EDGE('',*,*,#2916,.F.);
#4066=ORIENTED_EDGE('',*,*,#2898,.F.);
#4067=ORIENTED_EDGE('',*,*,#2998,.T.);
#4068=ORIENTED_EDGE('',*,*,#2999,.F.);
#4069=ORIENTED_EDGE('',*,*,#3000,.T.);
#4070=ORIENTED_EDGE('',*,*,#3001,.T.);
#4071=ORIENTED_EDGE('',*,*,#3002,.T.);
#4072=ORIENTED_EDGE('',*,*,#3003,.T.);
#4073=ORIENTED_EDGE('',*,*,#2795,.T.);
#4074=ORIENTED_EDGE('',*,*,#2799,.T.);
#4075=ORIENTED_EDGE('',*,*,#2752,.F.);
#4076=ORIENTED_EDGE('',*,*,#2771,.F.);
#4077=ORIENTED_EDGE('',*,*,#2773,.F.);
#4078=ORIENTED_EDGE('',*,*,#3004,.T.);
#4079=ORIENTED_EDGE('',*,*,#2788,.T.);
#4080=ORIENTED_EDGE('',*,*,#2792,.T.);
#4081=ORIENTED_EDGE('',*,*,#2749,.F.);
#4082=ORIENTED_EDGE('',*,*,#2774,.F.);
#4083=ORIENTED_EDGE('',*,*,#2776,.F.);
#4084=ORIENTED_EDGE('',*,*,#3005,.T.);
#4085=ORIENTED_EDGE('',*,*,#3006,.F.);
#4086=ORIENTED_EDGE('',*,*,#3007,.T.);
#4087=ORIENTED_EDGE('',*,*,#3008,.F.);
#4088=ORIENTED_EDGE('',*,*,#2828,.F.);
#4089=ORIENTED_EDGE('',*,*,#2612,.F.);
#4090=ORIENTED_EDGE('',*,*,#2539,.F.);
#4091=ORIENTED_EDGE('',*,*,#3009,.F.);
#4092=ORIENTED_EDGE('',*,*,#2789,.F.);
#4093=ORIENTED_EDGE('',*,*,#3004,.F.);
#4094=ORIENTED_EDGE('',*,*,#2794,.T.);
#4095=ORIENTED_EDGE('',*,*,#3010,.F.);
#4096=ORIENTED_EDGE('',*,*,#2796,.F.);
#4097=ORIENTED_EDGE('',*,*,#3003,.F.);
#4098=ORIENTED_EDGE('',*,*,#2801,.T.);
#4099=ORIENTED_EDGE('',*,*,#3011,.F.);
#4100=ORIENTED_EDGE('',*,*,#3012,.F.);
#4101=ORIENTED_EDGE('',*,*,#3013,.F.);
#4102=ORIENTED_EDGE('',*,*,#3014,.F.);
#4103=ORIENTED_EDGE('',*,*,#3015,.F.);
#4104=ORIENTED_EDGE('',*,*,#2972,.F.);
#4105=ORIENTED_EDGE('',*,*,#2978,.F.);
#4106=ORIENTED_EDGE('',*,*,#2997,.F.);
#4107=ORIENTED_EDGE('',*,*,#2968,.F.);
#4108=ORIENTED_EDGE('',*,*,#2975,.F.);
#4109=ORIENTED_EDGE('',*,*,#2996,.F.);
#4110=ORIENTED_EDGE('',*,*,#2980,.T.);
#4111=ORIENTED_EDGE('',*,*,#2998,.F.);
#4112=ORIENTED_EDGE('',*,*,#2901,.F.);
#4113=ORIENTED_EDGE('',*,*,#2994,.T.);
#4114=ORIENTED_EDGE('',*,*,#2887,.T.);
#4115=ORIENTED_EDGE('',*,*,#2890,.T.);
#4116=ORIENTED_EDGE('',*,*,#2995,.T.);
#4117=ORIENTED_EDGE('',*,*,#2894,.T.);
#4118=ORIENTED_EDGE('',*,*,#2897,.T.);
#4119=ORIENTED_EDGE('',*,*,#3016,.F.);
#4120=ORIENTED_EDGE('',*,*,#3017,.F.);
#4121=ORIENTED_EDGE('',*,*,#3018,.F.);
#4122=ORIENTED_EDGE('',*,*,#3019,.F.);
#4123=ORIENTED_EDGE('',*,*,#3015,.T.);
#4124=ORIENTED_EDGE('',*,*,#3020,.T.);
#4125=ORIENTED_EDGE('',*,*,#2841,.F.);
#4126=ORIENTED_EDGE('',*,*,#3021,.T.);
#4127=ORIENTED_EDGE('',*,*,#3022,.F.);
#4128=ORIENTED_EDGE('',*,*,#3023,.T.);
#4129=ORIENTED_EDGE('',*,*,#3024,.F.);
#4130=ORIENTED_EDGE('',*,*,#3025,.T.);
#4131=ORIENTED_EDGE('',*,*,#2842,.F.);
#4132=ORIENTED_EDGE('',*,*,#3020,.F.);
#4133=ORIENTED_EDGE('',*,*,#3026,.F.);
#4134=ORIENTED_EDGE('',*,*,#3021,.F.);
#4135=ORIENTED_EDGE('',*,*,#2840,.F.);
#4136=ORIENTED_EDGE('',*,*,#3027,.F.);
#4137=ORIENTED_EDGE('',*,*,#3028,.F.);
#4138=ORIENTED_EDGE('',*,*,#3029,.F.);
#4139=ORIENTED_EDGE('',*,*,#3030,.F.);
#4140=ORIENTED_EDGE('',*,*,#3031,.F.);
#4141=ORIENTED_EDGE('',*,*,#2849,.F.);
#4142=ORIENTED_EDGE('',*,*,#3032,.F.);
#4143=ORIENTED_EDGE('',*,*,#2844,.T.);
#4144=ORIENTED_EDGE('',*,*,#3033,.T.);
#4145=ORIENTED_EDGE('',*,*,#3034,.F.);
#4146=ORIENTED_EDGE('',*,*,#3029,.T.);
#4147=ORIENTED_EDGE('',*,*,#3035,.F.);
#4148=ORIENTED_EDGE('',*,*,#3033,.F.);
#4149=ORIENTED_EDGE('',*,*,#2843,.F.);
#4150=ORIENTED_EDGE('',*,*,#3025,.F.);
#4151=ORIENTED_EDGE('',*,*,#3024,.T.);
#4152=ORIENTED_EDGE('',*,*,#3036,.T.);
#4153=ORIENTED_EDGE('',*,*,#3037,.F.);
#4154=ORIENTED_EDGE('',*,*,#3035,.T.);
#4155=ORIENTED_EDGE('',*,*,#3037,.T.);
#4156=ORIENTED_EDGE('',*,*,#3038,.T.);
#4157=ORIENTED_EDGE('',*,*,#3039,.F.);
#4158=ORIENTED_EDGE('',*,*,#3034,.T.);
#4159=ORIENTED_EDGE('',*,*,#3039,.T.);
#4160=ORIENTED_EDGE('',*,*,#3040,.T.);
#4161=ORIENTED_EDGE('',*,*,#3041,.T.);
#4162=ORIENTED_EDGE('',*,*,#3030,.T.);
#4163=ORIENTED_EDGE('',*,*,#3042,.F.);
#4164=ORIENTED_EDGE('',*,*,#3043,.F.);
#4165=ORIENTED_EDGE('',*,*,#3044,.F.);
#4166=ORIENTED_EDGE('',*,*,#3045,.F.);
#4167=ORIENTED_EDGE('',*,*,#3046,.F.);
#4168=ORIENTED_EDGE('',*,*,#3047,.F.);
#4169=ORIENTED_EDGE('',*,*,#3040,.F.);
#4170=ORIENTED_EDGE('',*,*,#3038,.F.);
#4171=ORIENTED_EDGE('',*,*,#3036,.F.);
#4172=ORIENTED_EDGE('',*,*,#3023,.F.);
#4173=ORIENTED_EDGE('',*,*,#3022,.T.);
#4174=ORIENTED_EDGE('',*,*,#3026,.T.);
#4175=ORIENTED_EDGE('',*,*,#3048,.F.);
#4176=ORIENTED_EDGE('',*,*,#3042,.T.);
#4177=ORIENTED_EDGE('',*,*,#3048,.T.);
#4178=ORIENTED_EDGE('',*,*,#3049,.T.);
#4179=ORIENTED_EDGE('',*,*,#3050,.F.);
#4180=ORIENTED_EDGE('',*,*,#3043,.T.);
#4181=ORIENTED_EDGE('',*,*,#3050,.T.);
#4182=ORIENTED_EDGE('',*,*,#3051,.T.);
#4183=ORIENTED_EDGE('',*,*,#3052,.T.);
#4184=ORIENTED_EDGE('',*,*,#3044,.T.);
#4185=ORIENTED_EDGE('',*,*,#3016,.T.);
#4186=ORIENTED_EDGE('',*,*,#3053,.F.);
#4187=ORIENTED_EDGE('',*,*,#3054,.F.);
#4188=ORIENTED_EDGE('',*,*,#3013,.T.);
#4189=ORIENTED_EDGE('',*,*,#3055,.F.);
#4190=ORIENTED_EDGE('',*,*,#3056,.F.);
#4191=ORIENTED_EDGE('',*,*,#3057,.F.);
#4192=ORIENTED_EDGE('',*,*,#3058,.F.);
#4193=ORIENTED_EDGE('',*,*,#3059,.F.);
#4194=ORIENTED_EDGE('',*,*,#3060,.F.);
#4195=ORIENTED_EDGE('',*,*,#3046,.T.);
#4196=ORIENTED_EDGE('',*,*,#3061,.T.);
#4197=ORIENTED_EDGE('',*,*,#3062,.F.);
#4198=ORIENTED_EDGE('',*,*,#3063,.T.);
#4199=ORIENTED_EDGE('',*,*,#3064,.F.);
#4200=ORIENTED_EDGE('',*,*,#3065,.T.);
#4201=ORIENTED_EDGE('',*,*,#3066,.T.);
#4202=ORIENTED_EDGE('',*,*,#3067,.T.);
#4203=ORIENTED_EDGE('',*,*,#3068,.F.);
#4204=ORIENTED_EDGE('',*,*,#3068,.T.);
#4205=ORIENTED_EDGE('',*,*,#3069,.T.);
#4206=ORIENTED_EDGE('',*,*,#3070,.F.);
#4207=ORIENTED_EDGE('',*,*,#3071,.T.);
#4208=ORIENTED_EDGE('',*,*,#3064,.T.);
#4209=ORIENTED_EDGE('',*,*,#3053,.T.);
#4210=ORIENTED_EDGE('',*,*,#3019,.T.);
#4211=ORIENTED_EDGE('',*,*,#3072,.T.);
#4212=ORIENTED_EDGE('',*,*,#3073,.T.);
#4213=ORIENTED_EDGE('',*,*,#3074,.T.);
#4214=ORIENTED_EDGE('',*,*,#3075,.F.);
#4215=ORIENTED_EDGE('',*,*,#2999,.T.);
#4216=ORIENTED_EDGE('',*,*,#3075,.T.);
#4217=ORIENTED_EDGE('',*,*,#3076,.T.);
#4218=ORIENTED_EDGE('',*,*,#3077,.F.);
#4219=ORIENTED_EDGE('',*,*,#3078,.T.);
#4220=ORIENTED_EDGE('',*,*,#3077,.T.);
#4221=ORIENTED_EDGE('',*,*,#3079,.T.);
#4222=ORIENTED_EDGE('',*,*,#3080,.F.);
#4223=ORIENTED_EDGE('',*,*,#3011,.T.);
#4224=ORIENTED_EDGE('',*,*,#2850,.F.);
#4225=ORIENTED_EDGE('',*,*,#3031,.T.);
#4226=ORIENTED_EDGE('',*,*,#3041,.F.);
#4227=ORIENTED_EDGE('',*,*,#3047,.T.);
#4228=ORIENTED_EDGE('',*,*,#3060,.T.);
#4229=ORIENTED_EDGE('',*,*,#3065,.F.);
#4230=ORIENTED_EDGE('',*,*,#3072,.F.);
#4231=ORIENTED_EDGE('',*,*,#3018,.T.);
#4232=ORIENTED_EDGE('',*,*,#3081,.F.);
#4233=ORIENTED_EDGE('',*,*,#3082,.F.);
#4234=ORIENTED_EDGE('',*,*,#3017,.T.);
#4235=ORIENTED_EDGE('',*,*,#3058,.T.);
#4236=ORIENTED_EDGE('',*,*,#3083,.F.);
#4237=ORIENTED_EDGE('',*,*,#3081,.T.);
#4238=ORIENTED_EDGE('',*,*,#2851,.F.);
#4239=ORIENTED_EDGE('',*,*,#3082,.T.);
#4240=ORIENTED_EDGE('',*,*,#3083,.T.);
#4241=ORIENTED_EDGE('',*,*,#3084,.T.);
#4242=ORIENTED_EDGE('',*,*,#3085,.T.);
#4243=ORIENTED_EDGE('',*,*,#3086,.T.);
#4244=ORIENTED_EDGE('',*,*,#3087,.T.);
#4245=ORIENTED_EDGE('',*,*,#2854,.T.);
#4246=ORIENTED_EDGE('',*,*,#3088,.F.);
#4247=ORIENTED_EDGE('',*,*,#3089,.F.);
#4248=ORIENTED_EDGE('',*,*,#3006,.T.);
#4249=ORIENTED_EDGE('',*,*,#3090,.T.);
#4250=ORIENTED_EDGE('',*,*,#3001,.F.);
#4251=ORIENTED_EDGE('',*,*,#3091,.T.);
#4252=ORIENTED_EDGE('',*,*,#3067,.F.);
#4253=ORIENTED_EDGE('',*,*,#3008,.T.);
#4254=ORIENTED_EDGE('',*,*,#3092,.T.);
#4255=ORIENTED_EDGE('',*,*,#3093,.F.);
#4256=ORIENTED_EDGE('',*,*,#2829,.T.);
#4257=ORIENTED_EDGE('',*,*,#3094,.T.);
#4258=ORIENTED_EDGE('',*,*,#3088,.T.);
#4259=ORIENTED_EDGE('',*,*,#3095,.T.);
#4260=ORIENTED_EDGE('',*,*,#3096,.F.);
#4261=ORIENTED_EDGE('',*,*,#3097,.T.);
#4262=ORIENTED_EDGE('',*,*,#2952,.T.);
#4263=ORIENTED_EDGE('',*,*,#2912,.F.);
#4264=ORIENTED_EDGE('',*,*,#2990,.T.);
#4265=ORIENTED_EDGE('',*,*,#3098,.F.);
#4266=ORIENTED_EDGE('',*,*,#2909,.F.);
#4267=ORIENTED_EDGE('',*,*,#2993,.T.);
#4268=ORIENTED_EDGE('',*,*,#2956,.T.);
#4269=ORIENTED_EDGE('',*,*,#3099,.T.);
#4270=ORIENTED_EDGE('',*,*,#3100,.F.);
#4271=ORIENTED_EDGE('',*,*,#2991,.T.);
#4272=ORIENTED_EDGE('',*,*,#2910,.T.);
#4273=ORIENTED_EDGE('',*,*,#3098,.T.);
#4274=ORIENTED_EDGE('',*,*,#3101,.T.);
#4275=ORIENTED_EDGE('',*,*,#3102,.F.);
#4276=ORIENTED_EDGE('',*,*,#3103,.F.);
#4277=ORIENTED_EDGE('',*,*,#2915,.T.);
#4278=ORIENTED_EDGE('',*,*,#3104,.F.);
#4279=ORIENTED_EDGE('',*,*,#3105,.F.);
#4280=ORIENTED_EDGE('',*,*,#3104,.T.);
#4281=ORIENTED_EDGE('',*,*,#2914,.T.);
#4282=ORIENTED_EDGE('',*,*,#2951,.F.);
#4283=ORIENTED_EDGE('',*,*,#2937,.T.);
#4284=ORIENTED_EDGE('',*,*,#3106,.F.);
#4285=ORIENTED_EDGE('',*,*,#3101,.F.);
#4286=ORIENTED_EDGE('',*,*,#3099,.F.);
#4287=ORIENTED_EDGE('',*,*,#2955,.F.);
#4288=ORIENTED_EDGE('',*,*,#2947,.T.);
#4289=ORIENTED_EDGE('',*,*,#3107,.F.);
#4290=ORIENTED_EDGE('',*,*,#3108,.F.);
#4291=ORIENTED_EDGE('',*,*,#3109,.F.);
#4292=ORIENTED_EDGE('',*,*,#3110,.F.);
#4293=ORIENTED_EDGE('',*,*,#3107,.T.);
#4294=ORIENTED_EDGE('',*,*,#2946,.T.);
#4295=ORIENTED_EDGE('',*,*,#2902,.T.);
#4296=ORIENTED_EDGE('',*,*,#3103,.T.);
#4297=ORIENTED_EDGE('',*,*,#3111,.F.);
#4298=ORIENTED_EDGE('',*,*,#3112,.T.);
#4299=ORIENTED_EDGE('',*,*,#3062,.T.);
#4300=ORIENTED_EDGE('',*,*,#3059,.T.);
#4301=ORIENTED_EDGE('',*,*,#3070,.T.);
#4302=ORIENTED_EDGE('',*,*,#3113,.T.);
#4303=ORIENTED_EDGE('',*,*,#3114,.F.);
#4304=ORIENTED_EDGE('',*,*,#2953,.F.);
#4305=ORIENTED_EDGE('',*,*,#3097,.F.);
#4306=ORIENTED_EDGE('',*,*,#3115,.F.);
#4307=ORIENTED_EDGE('',*,*,#3116,.F.);
#4308=ORIENTED_EDGE('',*,*,#3105,.T.);
#4309=ORIENTED_EDGE('',*,*,#3115,.T.);
#4310=ORIENTED_EDGE('',*,*,#2936,.T.);
#4311=ORIENTED_EDGE('',*,*,#2950,.T.);
#4312=ORIENTED_EDGE('',*,*,#3117,.T.);
#4313=ORIENTED_EDGE('',*,*,#3118,.F.);
#4314=ORIENTED_EDGE('',*,*,#3119,.F.);
#4315=ORIENTED_EDGE('',*,*,#3096,.T.);
#4316=ORIENTED_EDGE('',*,*,#3116,.T.);
#4317=ORIENTED_EDGE('',*,*,#3120,.T.);
#4318=ORIENTED_EDGE('',*,*,#3121,.F.);
#4319=ORIENTED_EDGE('',*,*,#3102,.T.);
#4320=ORIENTED_EDGE('',*,*,#3121,.T.);
#4321=ORIENTED_EDGE('',*,*,#3122,.T.);
#4322=ORIENTED_EDGE('',*,*,#3123,.F.);
#4323=ORIENTED_EDGE('',*,*,#3110,.T.);
#4324=ORIENTED_EDGE('',*,*,#3123,.T.);
#4325=ORIENTED_EDGE('',*,*,#3124,.T.);
#4326=ORIENTED_EDGE('',*,*,#3125,.F.);
#4327=ORIENTED_EDGE('',*,*,#3108,.T.);
#4328=ORIENTED_EDGE('',*,*,#3126,.F.);
#4329=ORIENTED_EDGE('',*,*,#3109,.T.);
#4330=ORIENTED_EDGE('',*,*,#3125,.T.);
#4331=ORIENTED_EDGE('',*,*,#3111,.T.);
#4332=ORIENTED_EDGE('',*,*,#3126,.T.);
#4333=ORIENTED_EDGE('',*,*,#3127,.T.);
#4334=ORIENTED_EDGE('',*,*,#3128,.F.);
#4335=ORIENTED_EDGE('',*,*,#3106,.T.);
#4336=ORIENTED_EDGE('',*,*,#3128,.T.);
#4337=ORIENTED_EDGE('',*,*,#3129,.T.);
#4338=ORIENTED_EDGE('',*,*,#3130,.F.);
#4339=ORIENTED_EDGE('',*,*,#3100,.T.);
#4340=ORIENTED_EDGE('',*,*,#3130,.T.);
#4341=ORIENTED_EDGE('',*,*,#3131,.T.);
#4342=ORIENTED_EDGE('',*,*,#3118,.T.);
#4343=ORIENTED_EDGE('',*,*,#2989,.T.);
#4344=ORIENTED_EDGE('',*,*,#3119,.T.);
#4345=ORIENTED_EDGE('',*,*,#3132,.T.);
#4346=ORIENTED_EDGE('',*,*,#2954,.T.);
#4347=ORIENTED_EDGE('',*,*,#3114,.T.);
#4348=ORIENTED_EDGE('',*,*,#2856,.F.);
#4349=ORIENTED_EDGE('',*,*,#3133,.F.);
#4350=ORIENTED_EDGE('',*,*,#3134,.F.);
#4351=ORIENTED_EDGE('',*,*,#3135,.T.);
#4352=ORIENTED_EDGE('',*,*,#2855,.F.);
#4353=ORIENTED_EDGE('',*,*,#3136,.F.);
#4354=ORIENTED_EDGE('',*,*,#3137,.F.);
#4355=ORIENTED_EDGE('',*,*,#3133,.T.);
#4356=ORIENTED_EDGE('',*,*,#2857,.F.);
#4357=ORIENTED_EDGE('',*,*,#3135,.F.);
#4358=ORIENTED_EDGE('',*,*,#3138,.F.);
#4359=ORIENTED_EDGE('',*,*,#3136,.T.);
#4360=ORIENTED_EDGE('',*,*,#3139,.F.);
#4361=ORIENTED_EDGE('',*,*,#2834,.F.);
#4362=ORIENTED_EDGE('',*,*,#3140,.F.);
#4363=ORIENTED_EDGE('',*,*,#3051,.F.);
#4364=ORIENTED_EDGE('',*,*,#3141,.F.);
#4365=ORIENTED_EDGE('',*,*,#3142,.F.);
#4366=ORIENTED_EDGE('',*,*,#3141,.T.);
#4367=ORIENTED_EDGE('',*,*,#3049,.F.);
#4368=ORIENTED_EDGE('',*,*,#3027,.T.);
#4369=ORIENTED_EDGE('',*,*,#2839,.T.);
#4370=ORIENTED_EDGE('',*,*,#2836,.F.);
#4371=ORIENTED_EDGE('',*,*,#3143,.F.);
#4372=ORIENTED_EDGE('',*,*,#3144,.T.);
#4373=ORIENTED_EDGE('',*,*,#3145,.T.);
#4374=ORIENTED_EDGE('',*,*,#3142,.T.);
#4375=ORIENTED_EDGE('',*,*,#2838,.T.);
#4376=ORIENTED_EDGE('',*,*,#3146,.F.);
#4377=ORIENTED_EDGE('',*,*,#3147,.T.);
#4378=ORIENTED_EDGE('',*,*,#3143,.T.);
#4379=ORIENTED_EDGE('',*,*,#2835,.T.);
#4380=ORIENTED_EDGE('',*,*,#3139,.T.);
#4381=ORIENTED_EDGE('',*,*,#2837,.F.);
#4382=ORIENTED_EDGE('',*,*,#3145,.F.);
#4383=ORIENTED_EDGE('',*,*,#3148,.T.);
#4384=ORIENTED_EDGE('',*,*,#3146,.T.);
#4385=ORIENTED_EDGE('',*,*,#2949,.T.);
#4386=ORIENTED_EDGE('',*,*,#3132,.F.);
#4387=ORIENTED_EDGE('',*,*,#3131,.F.);
#4388=ORIENTED_EDGE('',*,*,#3129,.F.);
#4389=ORIENTED_EDGE('',*,*,#3127,.F.);
#4390=ORIENTED_EDGE('',*,*,#3113,.F.);
#4391=ORIENTED_EDGE('',*,*,#3069,.F.);
#4392=ORIENTED_EDGE('',*,*,#3091,.F.);
#4393=ORIENTED_EDGE('',*,*,#3000,.F.);
#4394=ORIENTED_EDGE('',*,*,#3078,.F.);
#4395=ORIENTED_EDGE('',*,*,#3014,.T.);
#4396=ORIENTED_EDGE('',*,*,#3054,.T.);
#4397=ORIENTED_EDGE('',*,*,#3063,.F.);
#4398=ORIENTED_EDGE('',*,*,#3112,.F.);
#4399=ORIENTED_EDGE('',*,*,#3124,.F.);
#4400=ORIENTED_EDGE('',*,*,#3122,.F.);
#4401=ORIENTED_EDGE('',*,*,#3120,.F.);
#4402=ORIENTED_EDGE('',*,*,#3117,.F.);
#4403=ORIENTED_EDGE('',*,*,#3148,.F.);
#4404=ORIENTED_EDGE('',*,*,#3144,.F.);
#4405=ORIENTED_EDGE('',*,*,#3147,.F.);
#4406=ORIENTED_EDGE('',*,*,#2869,.T.);
#4407=ORIENTED_EDGE('',*,*,#2865,.T.);
#4408=ORIENTED_EDGE('',*,*,#2868,.T.);
#4409=ORIENTED_EDGE('',*,*,#2875,.T.);
#4410=ORIENTED_EDGE('',*,*,#2871,.T.);
#4411=ORIENTED_EDGE('',*,*,#2874,.T.);
#4412=ORIENTED_EDGE('',*,*,#3137,.T.);
#4413=ORIENTED_EDGE('',*,*,#3138,.T.);
#4414=ORIENTED_EDGE('',*,*,#3134,.T.);
#4415=ORIENTED_EDGE('',*,*,#3149,.F.);
#4416=ORIENTED_EDGE('',*,*,#3150,.F.);
#4417=ORIENTED_EDGE('',*,*,#3151,.F.);
#4418=ORIENTED_EDGE('',*,*,#3032,.T.);
#4419=ORIENTED_EDGE('',*,*,#3028,.T.);
#4420=ORIENTED_EDGE('',*,*,#2848,.T.);
#4421=ORIENTED_EDGE('',*,*,#3152,.F.);
#4422=ORIENTED_EDGE('',*,*,#3151,.T.);
#4423=ORIENTED_EDGE('',*,*,#3153,.T.);
#4424=ORIENTED_EDGE('',*,*,#2845,.T.);
#4425=ORIENTED_EDGE('',*,*,#2852,.F.);
#4426=ORIENTED_EDGE('',*,*,#3084,.F.);
#4427=ORIENTED_EDGE('',*,*,#3057,.T.);
#4428=ORIENTED_EDGE('',*,*,#3154,.F.);
#4429=ORIENTED_EDGE('',*,*,#3086,.F.);
#4430=ORIENTED_EDGE('',*,*,#3155,.F.);
#4431=ORIENTED_EDGE('',*,*,#2853,.F.);
#4432=ORIENTED_EDGE('',*,*,#3155,.T.);
#4433=ORIENTED_EDGE('',*,*,#3085,.F.);
#4434=ORIENTED_EDGE('',*,*,#3087,.F.);
#4435=ORIENTED_EDGE('',*,*,#3154,.T.);
#4436=ORIENTED_EDGE('',*,*,#3056,.T.);
#4437=ORIENTED_EDGE('',*,*,#3156,.F.);
#4438=ORIENTED_EDGE('',*,*,#2549,.F.);
#4439=ORIENTED_EDGE('',*,*,#2731,.T.);
#4440=ORIENTED_EDGE('',*,*,#2827,.F.);
#4441=ORIENTED_EDGE('',*,*,#2846,.F.);
#4442=ORIENTED_EDGE('',*,*,#3153,.F.);
#4443=ORIENTED_EDGE('',*,*,#3150,.T.);
#4444=ORIENTED_EDGE('',*,*,#3157,.T.);
#4445=ORIENTED_EDGE('',*,*,#3158,.F.);
#4446=ORIENTED_EDGE('',*,*,#2721,.F.);
#4447=ORIENTED_EDGE('',*,*,#2523,.T.);
#4448=ORIENTED_EDGE('',*,*,#2512,.F.);
#4449=ORIENTED_EDGE('',*,*,#2587,.T.);
#4450=ORIENTED_EDGE('',*,*,#2580,.F.);
#4451=ORIENTED_EDGE('',*,*,#2594,.T.);
#4452=ORIENTED_EDGE('',*,*,#2589,.F.);
#4453=ORIENTED_EDGE('',*,*,#2561,.T.);
#4454=ORIENTED_EDGE('',*,*,#2558,.F.);
#4455=ORIENTED_EDGE('',*,*,#2552,.T.);
#4456=ORIENTED_EDGE('',*,*,#2550,.F.);
#4457=ORIENTED_EDGE('',*,*,#3156,.T.);
#4458=ORIENTED_EDGE('',*,*,#3055,.T.);
#4459=ORIENTED_EDGE('',*,*,#3159,.F.);
#4460=ORIENTED_EDGE('',*,*,#2707,.F.);
#4461=ORIENTED_EDGE('',*,*,#2711,.F.);
#4462=ORIENTED_EDGE('',*,*,#3160,.F.);
#4463=ORIENTED_EDGE('',*,*,#2714,.F.);
#4464=ORIENTED_EDGE('',*,*,#2718,.F.);
#4465=ORIENTED_EDGE('',*,*,#2847,.F.);
#4466=ORIENTED_EDGE('',*,*,#3157,.F.);
#4467=ORIENTED_EDGE('',*,*,#3149,.T.);
#4468=ORIENTED_EDGE('',*,*,#3152,.T.);
#4469=ORIENTED_EDGE('',*,*,#3161,.T.);
#4470=ORIENTED_EDGE('',*,*,#2715,.T.);
#4471=ORIENTED_EDGE('',*,*,#3160,.T.);
#4472=ORIENTED_EDGE('',*,*,#2717,.F.);
#4473=ORIENTED_EDGE('',*,*,#3161,.F.);
#4474=ORIENTED_EDGE('',*,*,#2716,.F.);
#4475=ORIENTED_EDGE('',*,*,#2712,.F.);
#4476=ORIENTED_EDGE('',*,*,#2649,.T.);
#4477=ORIENTED_EDGE('',*,*,#2667,.T.);
#4478=ORIENTED_EDGE('',*,*,#2664,.T.);
#4479=ORIENTED_EDGE('',*,*,#3162,.T.);
#4480=ORIENTED_EDGE('',*,*,#2708,.T.);
#4481=ORIENTED_EDGE('',*,*,#3159,.T.);
#4482=ORIENTED_EDGE('',*,*,#2710,.F.);
#4483=ORIENTED_EDGE('',*,*,#3162,.F.);
#4484=ORIENTED_EDGE('',*,*,#2709,.F.);
#4485=ORIENTED_EDGE('',*,*,#2705,.F.);
#4486=ORIENTED_EDGE('',*,*,#2645,.T.);
#4487=ORIENTED_EDGE('',*,*,#2672,.T.);
#4488=ORIENTED_EDGE('',*,*,#2669,.T.);
#4489=ORIENTED_EDGE('',*,*,#3163,.T.);
#4490=ORIENTED_EDGE('',*,*,#3090,.F.);
#4491=ORIENTED_EDGE('',*,*,#3005,.F.);
#4492=ORIENTED_EDGE('',*,*,#2538,.F.);
#4493=ORIENTED_EDGE('',*,*,#2547,.T.);
#4494=ORIENTED_EDGE('',*,*,#2566,.F.);
#4495=ORIENTED_EDGE('',*,*,#2569,.F.);
#4496=ORIENTED_EDGE('',*,*,#2595,.F.);
#4497=ORIENTED_EDGE('',*,*,#2576,.F.);
#4498=ORIENTED_EDGE('',*,*,#2573,.F.);
#4499=ORIENTED_EDGE('',*,*,#2534,.F.);
#4500=ORIENTED_EDGE('',*,*,#2528,.F.);
#4501=ORIENTED_EDGE('',*,*,#2821,.F.);
#4502=ORIENTED_EDGE('',*,*,#2806,.T.);
#4503=ORIENTED_EDGE('',*,*,#3009,.T.);
#4504=ORIENTED_EDGE('',*,*,#2793,.T.);
#4505=ORIENTED_EDGE('',*,*,#2790,.T.);
#4506=ORIENTED_EDGE('',*,*,#3010,.T.);
#4507=ORIENTED_EDGE('',*,*,#2800,.T.);
#4508=ORIENTED_EDGE('',*,*,#2797,.T.);
#4509=ORIENTED_EDGE('',*,*,#2830,.F.);
#4510=ORIENTED_EDGE('',*,*,#3093,.T.);
#4511=ORIENTED_EDGE('',*,*,#3164,.T.);
#4512=ORIENTED_EDGE('',*,*,#2831,.F.);
#4513=ORIENTED_EDGE('',*,*,#3164,.F.);
#4514=ORIENTED_EDGE('',*,*,#3092,.F.);
#4515=ORIENTED_EDGE('',*,*,#3007,.F.);
#4516=ORIENTED_EDGE('',*,*,#3089,.T.);
#4517=ORIENTED_EDGE('',*,*,#3165,.F.);
#4518=ORIENTED_EDGE('',*,*,#3158,.T.);
#4519=ORIENTED_EDGE('',*,*,#3012,.T.);
#4520=ORIENTED_EDGE('',*,*,#3166,.F.);
#4521=ORIENTED_EDGE('',*,*,#2638,.T.);
#4522=ORIENTED_EDGE('',*,*,#2722,.F.);
#4523=ORIENTED_EDGE('',*,*,#2832,.F.);
#4524=ORIENTED_EDGE('',*,*,#3165,.T.);
#4525=ORIENTED_EDGE('',*,*,#3094,.F.);
#4526=ORIENTED_EDGE('',*,*,#3167,.T.);
#4527=ORIENTED_EDGE('',*,*,#3166,.T.);
#4528=ORIENTED_EDGE('',*,*,#3080,.T.);
#4529=ORIENTED_EDGE('',*,*,#3168,.T.);
#4530=ORIENTED_EDGE('',*,*,#2625,.F.);
#4531=ORIENTED_EDGE('',*,*,#2833,.F.);
#4532=ORIENTED_EDGE('',*,*,#3167,.F.);
#4533=ORIENTED_EDGE('',*,*,#3095,.F.);
#4534=ORIENTED_EDGE('',*,*,#3066,.F.);
#4535=ORIENTED_EDGE('',*,*,#3071,.F.);
#4536=ORIENTED_EDGE('',*,*,#3061,.F.);
#4537=ORIENTED_EDGE('',*,*,#3045,.T.);
#4538=ORIENTED_EDGE('',*,*,#3052,.F.);
#4539=ORIENTED_EDGE('',*,*,#3140,.T.);
#4540=ORIENTED_EDGE('',*,*,#3168,.F.);
#4541=ORIENTED_EDGE('',*,*,#3079,.F.);
#4542=ORIENTED_EDGE('',*,*,#3076,.F.);
#4543=ORIENTED_EDGE('',*,*,#3074,.F.);
#4544=ORIENTED_EDGE('',*,*,#3169,.F.);
#4545=ORIENTED_EDGE('',*,*,#2630,.F.);
#4546=ORIENTED_EDGE('',*,*,#2633,.F.);
#4547=ORIENTED_EDGE('',*,*,#2626,.F.);
#4548=ORIENTED_EDGE('',*,*,#2640,.F.);
#4549=ORIENTED_EDGE('',*,*,#2823,.T.);
#4550=ORIENTED_EDGE('',*,*,#2739,.F.);
#4551=ORIENTED_EDGE('',*,*,#2743,.T.);
#4552=ORIENTED_EDGE('',*,*,#3169,.T.);
#4553=ORIENTED_EDGE('',*,*,#3073,.F.);
#4554=ORIENTED_EDGE('',*,*,#3170,.T.);
#4555=ORIENTED_EDGE('',*,*,#2631,.T.);
#4556=ORIENTED_EDGE('',*,*,#3170,.F.);
#4557=ORIENTED_EDGE('',*,*,#3002,.F.);
#4558=ORIENTED_EDGE('',*,*,#3163,.F.);
#4559=ORIENTED_EDGE('',*,*,#2805,.T.);
#4560=ORIENTED_EDGE('',*,*,#2811,.F.);
#4561=CONICAL_SURFACE('',#4841,1.36163749999999,0.831988093683009);
#4562=CONICAL_SURFACE('',#5104,11.2,0.785398163397446);
#4563=CONICAL_SURFACE('',#5175,11.2426406871193,0.785398163397449);
#4564=ADVANCED_FACE('',(#416),#4561,.T.);
#4565=ADVANCED_FACE('',(#417),#409,.T.);
#4566=ADVANCED_FACE('',(#418,#218),#264,.T.);
#4567=ADVANCED_FACE('',(#419),#133,.T.);
#4568=ADVANCED_FACE('',(#420),#265,.F.);
#4569=ADVANCED_FACE('',(#421),#266,.F.);
#4570=ADVANCED_FACE('',(#422),#267,.F.);
#4571=ADVANCED_FACE('',(#423),#268,.F.);
#4572=ADVANCED_FACE('',(#424),#269,.F.);
#4573=ADVANCED_FACE('',(#425),#270,.F.);
#4574=ADVANCED_FACE('',(#426),#271,.F.);
#4575=ADVANCED_FACE('',(#427),#272,.F.);
#4576=ADVANCED_FACE('',(#428),#273,.F.);
#4577=ADVANCED_FACE('',(#429),#274,.F.);
#4578=ADVANCED_FACE('',(#430),#275,.F.);
#4579=ADVANCED_FACE('',(#431),#276,.F.);
#4580=ADVANCED_FACE('',(#432),#134,.T.);
#4581=ADVANCED_FACE('',(#433),#277,.T.);
#4582=ADVANCED_FACE('',(#434,#219),#278,.T.);
#4583=ADVANCED_FACE('',(#435),#108,.T.);
#4584=ADVANCED_FACE('',(#436),#135,.F.);
#4585=ADVANCED_FACE('',(#437),#279,.F.);
#4586=ADVANCED_FACE('',(#438),#136,.T.);
#4587=ADVANCED_FACE('',(#439),#109,.T.);
#4588=ADVANCED_FACE('',(#440),#137,.F.);
#4589=ADVANCED_FACE('',(#441),#280,.T.);
#4590=ADVANCED_FACE('',(#442),#138,.T.);
#4591=ADVANCED_FACE('',(#443),#139,.F.);
#4592=ADVANCED_FACE('',(#444),#140,.T.);
#4593=ADVANCED_FACE('',(#445),#141,.F.);
#4594=ADVANCED_FACE('',(#446),#142,.T.);
#4595=ADVANCED_FACE('',(#447),#281,.F.);
#4596=ADVANCED_FACE('',(#448),#143,.T.);
#4597=ADVANCED_FACE('',(#449),#282,.T.);
#4598=ADVANCED_FACE('',(#450),#283,.F.);
#4599=ADVANCED_FACE('',(#451),#144,.F.);
#4600=ADVANCED_FACE('',(#452),#284,.T.);
#4601=ADVANCED_FACE('',(#453),#145,.F.);
#4602=ADVANCED_FACE('',(#454),#285,.F.);
#4603=ADVANCED_FACE('',(#455),#146,.T.);
#4604=ADVANCED_FACE('',(#456),#286,.F.);
#4605=ADVANCED_FACE('',(#457),#147,.T.);
#4606=ADVANCED_FACE('',(#458),#287,.T.);
#4607=ADVANCED_FACE('',(#459),#288,.T.);
#4608=ADVANCED_FACE('',(#460,#220,#221),#289,.T.);
#4609=ADVANCED_FACE('',(#461),#290,.T.);
#4610=ADVANCED_FACE('',(#462,#222,#223,#224),#291,.F.);
#4611=ADVANCED_FACE('',(#463),#110,.F.);
#4612=ADVANCED_FACE('',(#464),#111,.F.);
#4613=ADVANCED_FACE('',(#465),#148,.T.);
#4614=ADVANCED_FACE('',(#466),#149,.T.);
#4615=ADVANCED_FACE('',(#467),#150,.F.);
#4616=ADVANCED_FACE('',(#468),#151,.F.);
#4617=ADVANCED_FACE('',(#469),#152,.F.);
#4618=ADVANCED_FACE('',(#470),#153,.F.);
#4619=ADVANCED_FACE('',(#471),#154,.F.);
#4620=ADVANCED_FACE('',(#472),#292,.F.);
#4621=ADVANCED_FACE('',(#473),#293,.F.);
#4622=ADVANCED_FACE('',(#474),#294,.F.);
#4623=ADVANCED_FACE('',(#475),#295,.F.);
#4624=ADVANCED_FACE('',(#476),#296,.F.);
#4625=ADVANCED_FACE('',(#477),#297,.F.);
#4626=ADVANCED_FACE('',(#478),#298,.F.);
#4627=ADVANCED_FACE('',(#479),#299,.F.);
#4628=ADVANCED_FACE('',(#480,#225,#226,#227),#300,.F.);
#4629=ADVANCED_FACE('',(#481),#301,.T.);
#4630=ADVANCED_FACE('',(#482),#302,.T.);
#4631=ADVANCED_FACE('',(#483),#303,.T.);
#4632=ADVANCED_FACE('',(#484),#304,.F.);
#4633=ADVANCED_FACE('',(#485),#305,.F.);
#4634=ADVANCED_FACE('',(#486),#306,.F.);
#4635=ADVANCED_FACE('',(#487,#228),#307,.T.);
#4636=ADVANCED_FACE('',(#488),#308,.F.);
#4637=ADVANCED_FACE('',(#489),#309,.F.);
#4638=ADVANCED_FACE('',(#490),#310,.F.);
#4639=ADVANCED_FACE('',(#491),#311,.F.);
#4640=ADVANCED_FACE('',(#492),#312,.T.);
#4641=ADVANCED_FACE('',(#493),#155,.T.);
#4642=ADVANCED_FACE('',(#494),#313,.T.);
#4643=ADVANCED_FACE('',(#495),#314,.T.);
#4644=ADVANCED_FACE('',(#496),#315,.T.);
#4645=ADVANCED_FACE('',(#497),#316,.F.);
#4646=ADVANCED_FACE('',(#498),#317,.F.);
#4647=ADVANCED_FACE('',(#499),#156,.T.);
#4648=ADVANCED_FACE('',(#500),#19,.T.);
#4649=ADVANCED_FACE('',(#501),#157,.T.);
#4650=ADVANCED_FACE('',(#502),#158,.F.);
#4651=ADVANCED_FACE('',(#503),#318,.T.);
#4652=ADVANCED_FACE('',(#504),#159,.F.);
#4653=ADVANCED_FACE('',(#505),#160,.F.);
#4654=ADVANCED_FACE('',(#506),#161,.F.);
#4655=ADVANCED_FACE('',(#507),#162,.F.);
#4656=ADVANCED_FACE('',(#508),#163,.F.);
#4657=ADVANCED_FACE('',(#509),#319,.T.);
#4658=ADVANCED_FACE('',(#510),#320,.T.);
#4659=ADVANCED_FACE('',(#511),#321,.T.);
#4660=ADVANCED_FACE('',(#512),#322,.T.);
#4661=ADVANCED_FACE('',(#513),#323,.T.);
#4662=ADVANCED_FACE('',(#514),#324,.T.);
#4663=ADVANCED_FACE('',(#515),#325,.T.);
#4664=ADVANCED_FACE('',(#516),#326,.T.);
#4665=ADVANCED_FACE('',(#517),#327,.T.);
#4666=ADVANCED_FACE('',(#518),#328,.F.);
#4667=ADVANCED_FACE('',(#519),#329,.F.);
#4668=ADVANCED_FACE('',(#520),#330,.F.);
#4669=ADVANCED_FACE('',(#521,#229),#331,.F.);
#4670=ADVANCED_FACE('',(#522),#332,.T.);
#4671=ADVANCED_FACE('',(#523),#333,.T.);
#4672=ADVANCED_FACE('',(#524),#334,.T.);
#4673=ADVANCED_FACE('',(#525),#335,.T.);
#4674=ADVANCED_FACE('',(#526),#336,.F.);
#4675=ADVANCED_FACE('',(#527),#164,.T.);
#4676=ADVANCED_FACE('',(#528),#165,.T.);
#4677=ADVANCED_FACE('',(#529),#337,.F.);
#4678=ADVANCED_FACE('',(#530),#338,.F.);
#4679=ADVANCED_FACE('',(#531),#339,.F.);
#4680=ADVANCED_FACE('',(#532),#340,.T.);
#4681=ADVANCED_FACE('',(#533),#166,.T.);
#4682=ADVANCED_FACE('',(#534),#167,.T.);
#4683=ADVANCED_FACE('',(#535),#20,.T.);
#4684=ADVANCED_FACE('',(#536),#168,.F.);
#4685=ADVANCED_FACE('',(#537),#341,.T.);
#4686=ADVANCED_FACE('',(#538),#342,.T.);
#4687=ADVANCED_FACE('',(#539),#343,.T.);
#4688=ADVANCED_FACE('',(#540,#230),#344,.T.);
#4689=ADVANCED_FACE('',(#541,#231,#232,#233),#345,.T.);
#4690=ADVANCED_FACE('',(#542),#346,.F.);
#4691=ADVANCED_FACE('',(#543),#169,.F.);
#4692=ADVANCED_FACE('',(#544),#347,.F.);
#4693=ADVANCED_FACE('',(#545),#348,.F.);
#4694=ADVANCED_FACE('',(#546),#170,.F.);
#4695=ADVANCED_FACE('',(#547),#349,.F.);
#4696=ADVANCED_FACE('',(#548),#171,.F.);
#4697=ADVANCED_FACE('',(#549),#172,.F.);
#4698=ADVANCED_FACE('',(#550),#350,.F.);
#4699=ADVANCED_FACE('',(#551),#351,.F.);
#4700=ADVANCED_FACE('',(#552),#352,.F.);
#4701=ADVANCED_FACE('',(#553),#353,.F.);
#4702=ADVANCED_FACE('',(#554),#354,.T.);
#4703=ADVANCED_FACE('',(#555,#234,#235,#236,#237,#238),#355,.F.);
#4704=ADVANCED_FACE('',(#556,#239),#356,.T.);
#4705=ADVANCED_FACE('',(#557,#240),#357,.T.);
#4706=ADVANCED_FACE('',(#558),#358,.T.);
#4707=ADVANCED_FACE('',(#559),#359,.T.);
#4708=ADVANCED_FACE('',(#560),#360,.T.);
#4709=ADVANCED_FACE('',(#561),#361,.T.);
#4710=ADVANCED_FACE('',(#562),#362,.T.);
#4711=ADVANCED_FACE('',(#563),#4562,.F.);
#4712=ADVANCED_FACE('',(#564),#363,.T.);
#4713=ADVANCED_FACE('',(#565),#173,.F.);
#4714=ADVANCED_FACE('',(#566),#364,.T.);
#4715=ADVANCED_FACE('',(#567),#365,.F.);
#4716=ADVANCED_FACE('',(#568),#366,.T.);
#4717=ADVANCED_FACE('',(#569),#174,.F.);
#4718=ADVANCED_FACE('',(#570),#175,.F.);
#4719=ADVANCED_FACE('',(#571),#176,.F.);
#4720=ADVANCED_FACE('',(#572),#177,.F.);
#4721=ADVANCED_FACE('',(#573),#367,.T.);
#4722=ADVANCED_FACE('',(#574),#368,.T.);
#4723=ADVANCED_FACE('',(#575),#369,.F.);
#4724=ADVANCED_FACE('',(#576,#241),#370,.F.);
#4725=ADVANCED_FACE('',(#577,#242),#371,.F.);
#4726=ADVANCED_FACE('',(#578),#372,.F.);
#4727=ADVANCED_FACE('',(#579),#373,.F.);
#4728=ADVANCED_FACE('',(#580),#374,.F.);
#4729=ADVANCED_FACE('',(#581),#375,.F.);
#4730=ADVANCED_FACE('',(#582),#376,.T.);
#4731=ADVANCED_FACE('',(#583),#377,.F.);
#4732=ADVANCED_FACE('',(#584),#178,.F.);
#4733=ADVANCED_FACE('',(#585),#179,.F.);
#4734=ADVANCED_FACE('',(#586),#180,.F.);
#4735=ADVANCED_FACE('',(#587),#378,.T.);
#4736=ADVANCED_FACE('',(#588),#379,.T.);
#4737=ADVANCED_FACE('',(#589),#181,.F.);
#4738=ADVANCED_FACE('',(#590),#182,.T.);
#4739=ADVANCED_FACE('',(#591,#243),#380,.F.);
#4740=ADVANCED_FACE('',(#592,#244),#381,.F.);
#4741=ADVANCED_FACE('',(#593),#382,.T.);
#4742=ADVANCED_FACE('',(#594),#183,.F.);
#4743=ADVANCED_FACE('',(#595),#184,.F.);
#4744=ADVANCED_FACE('',(#596),#185,.T.);
#4745=ADVANCED_FACE('',(#597,#245,#246,#247,#248,#249),#383,.T.);
#4746=ADVANCED_FACE('',(#598),#384,.F.);
#4747=ADVANCED_FACE('',(#599),#4563,.F.);
#4748=ADVANCED_FACE('',(#600),#385,.F.);
#4749=ADVANCED_FACE('',(#601),#386,.F.);
#4750=ADVANCED_FACE('',(#602),#186,.F.);
#4751=ADVANCED_FACE('',(#603),#387,.F.);
#4752=ADVANCED_FACE('',(#604),#187,.F.);
#4753=ADVANCED_FACE('',(#605),#112,.T.);
#4754=ADVANCED_FACE('',(#606),#188,.F.);
#4755=ADVANCED_FACE('',(#607),#388,.F.);
#4756=ADVANCED_FACE('',(#608),#189,.F.);
#4757=ADVANCED_FACE('',(#609),#113,.T.);
#4758=ADVANCED_FACE('',(#610),#190,.F.);
#4759=ADVANCED_FACE('',(#611),#191,.T.);
#4760=ADVANCED_FACE('',(#612),#389,.F.);
#4761=ADVANCED_FACE('',(#613),#410,.T.);
#4762=ADVANCED_FACE('',(#614),#114,.F.);
#4763=ADVANCED_FACE('',(#615),#411,.T.);
#4764=ADVANCED_FACE('',(#616),#115,.F.);
#4765=ADVANCED_FACE('',(#617),#116,.F.);
#4766=ADVANCED_FACE('',(#618),#192,.T.);
#4767=ADVANCED_FACE('',(#619),#117,.F.);
#4768=ADVANCED_FACE('',(#620),#193,.T.);
#4769=ADVANCED_FACE('',(#621),#118,.F.);
#4770=ADVANCED_FACE('',(#622),#119,.F.);
#4771=ADVANCED_FACE('',(#623),#194,.T.);
#4772=ADVANCED_FACE('',(#624),#195,.T.);
#4773=ADVANCED_FACE('',(#625),#196,.T.);
#4774=ADVANCED_FACE('',(#626),#120,.F.);
#4775=ADVANCED_FACE('',(#627),#197,.F.);
#4776=ADVANCED_FACE('',(#628),#390,.F.);
#4777=ADVANCED_FACE('',(#629),#198,.T.);
#4778=ADVANCED_FACE('',(#630),#391,.F.);
#4779=ADVANCED_FACE('',(#631),#199,.F.);
#4780=ADVANCED_FACE('',(#632),#200,.T.);
#4781=ADVANCED_FACE('',(#633),#201,.T.);
#4782=ADVANCED_FACE('',(#634),#202,.T.);
#4783=ADVANCED_FACE('',(#635),#392,.F.);
#4784=ADVANCED_FACE('',(#636),#21,.F.);
#4785=ADVANCED_FACE('',(#637),#203,.F.);
#4786=ADVANCED_FACE('',(#638),#22,.F.);
#4787=ADVANCED_FACE('',(#639),#204,.F.);
#4788=ADVANCED_FACE('',(#640),#412,.F.);
#4789=ADVANCED_FACE('',(#641),#413,.F.);
#4790=ADVANCED_FACE('',(#642),#121,.T.);
#4791=ADVANCED_FACE('',(#643),#414,.F.);
#4792=ADVANCED_FACE('',(#644),#415,.F.);
#4793=ADVANCED_FACE('',(#645),#205,.F.);
#4794=ADVANCED_FACE('',(#646),#206,.F.);
#4795=ADVANCED_FACE('',(#647),#393,.F.);
#4796=ADVANCED_FACE('',(#648),#207,.F.);
#4797=ADVANCED_FACE('',(#649),#394,.F.);
#4798=ADVANCED_FACE('',(#650),#395,.F.);
#4799=ADVANCED_FACE('',(#651),#208,.F.);
#4800=ADVANCED_FACE('',(#652),#396,.F.);
#4801=ADVANCED_FACE('',(#653),#209,.F.);
#4802=ADVANCED_FACE('',(#654),#397,.F.);
#4803=ADVANCED_FACE('',(#655,#250,#251,#252,#253,#254),#398,.F.);
#4804=ADVANCED_FACE('',(#656),#210,.F.);
#4805=ADVANCED_FACE('',(#657),#211,.F.);
#4806=ADVANCED_FACE('',(#658),#122,.F.);
#4807=ADVANCED_FACE('',(#659),#399,.F.);
#4808=ADVANCED_FACE('',(#660),#400,.F.);
#4809=ADVANCED_FACE('',(#661,#255,#256),#401,.F.);
#4810=ADVANCED_FACE('',(#662),#402,.F.);
#4811=ADVANCED_FACE('',(#663),#212,.F.);
#4812=ADVANCED_FACE('',(#664,#257),#403,.T.);
#4813=ADVANCED_FACE('',(#665),#213,.F.);
#4814=ADVANCED_FACE('',(#666,#258),#404,.T.);
#4815=ADVANCED_FACE('',(#667,#259,#260),#405,.T.);
#4816=ADVANCED_FACE('',(#668),#123,.F.);
#4817=ADVANCED_FACE('',(#669),#214,.F.);
#4818=ADVANCED_FACE('',(#670),#406,.F.);
#4819=ADVANCED_FACE('',(#671),#124,.F.);
#4820=ADVANCED_FACE('',(#672),#215,.T.);
#4821=ADVANCED_FACE('',(#673),#216,.T.);
#4822=ADVANCED_FACE('',(#674,#261,#262,#263),#407,.F.);
#4823=ADVANCED_FACE('',(#675),#217,.T.);
#4824=ADVANCED_FACE('',(#676),#408,.T.);
#4825=CLOSED_SHELL('',(#4564,#4565,#4566,#4567,#4568,#4569,#4570,#4571,
#4572,#4573,#4574,#4575,#4576,#4577,#4578,#4579,#4580,#4581,#4582));
#4826=CLOSED_SHELL('',(#4583,#4584,#4585,#4586,#4587,#4588,#4589,#4590,
#4591,#4592,#4593,#4594,#4595,#4596,#4597,#4598,#4599,#4600,#4601,#4602,
#4603,#4604,#4605,#4606,#4607,#4608,#4609,#4610,#4611,#4612,#4613,#4614,
#4615,#4616,#4617,#4618,#4619,#4620,#4621,#4622,#4623,#4624,#4625,#4626,
#4627,#4628,#4629,#4630,#4631,#4632,#4633,#4634,#4635,#4636,#4637,#4638,
#4639,#4640,#4641,#4642,#4643,#4644,#4645,#4646,#4647,#4648,#4649,#4650,
#4651,#4652,#4653,#4654,#4655,#4656,#4657,#4658,#4659,#4660,#4661,#4662,
#4663,#4664,#4665,#4666,#4667,#4668,#4669,#4670,#4671,#4672,#4673,#4674,
#4675,#4676,#4677,#4678,#4679,#4680,#4681,#4682,#4683,#4684,#4685,#4686,
#4687,#4688,#4689,#4690,#4691,#4692,#4693,#4694,#4695,#4696,#4697,#4698,
#4699,#4700,#4701,#4702,#4703,#4704,#4705,#4706,#4707,#4708,#4709,#4710,
#4711,#4712,#4713,#4714,#4715,#4716,#4717,#4718,#4719,#4720,#4721,#4722,
#4723,#4724,#4725,#4726,#4727,#4728,#4729,#4730,#4731,#4732,#4733,#4734,
#4735,#4736,#4737,#4738,#4739,#4740,#4741,#4742,#4743,#4744,#4745,#4746,
#4747,#4748,#4749,#4750,#4751,#4752,#4753,#4754,#4755,#4756,#4757,#4758,
#4759,#4760,#4761,#4762,#4763,#4764,#4765,#4766,#4767,#4768,#4769,#4770,
#4771,#4772,#4773,#4774,#4775,#4776,#4777,#4778,#4779,#4780,#4781,#4782,
#4783,#4784,#4785,#4786,#4787,#4788,#4789,#4790,#4791,#4792,#4793,#4794,
#4795,#4796,#4797,#4798,#4799,#4800,#4801,#4802,#4803,#4804,#4805,#4806,
#4807,#4808,#4809,#4810,#4811,#4812,#4813,#4814,#4815,#4816,#4817,#4818,
#4819,#4820,#4821,#4822,#4823,#4824));
#4827=DERIVED_UNIT_ELEMENT(#4829,1.);
#4828=DERIVED_UNIT_ELEMENT(#9029,-3.);
#4829=(
MASS_UNIT()
NAMED_UNIT(*)
SI_UNIT(.KILO.,.GRAM.)
);
#4830=DERIVED_UNIT((#4827,#4828));
#4831=MEASURE_REPRESENTATION_ITEM('density measure',
POSITIVE_RATIO_MEASURE(7750.),#4830);
#4832=PROPERTY_DEFINITION_REPRESENTATION(#4837,#4834);
#4833=PROPERTY_DEFINITION_REPRESENTATION(#4838,#4835);
#4834=REPRESENTATION('material name',(#4836),#9026);
#4835=REPRESENTATION('density',(#4831),#9026);
#4836=DESCRIPTIVE_REPRESENTATION_ITEM('Steel Grade 2, Plain',
'Steel Grade 2, Plain');
#4837=PROPERTY_DEFINITION('material property','material name',#9041);
#4838=PROPERTY_DEFINITION('material property','density of part',#9041);
#4839=AXIS2_PLACEMENT_3D('',#6680,#5306,#5307);
#4840=AXIS2_PLACEMENT_3D('',#6681,#5308,#5309);
#4841=AXIS2_PLACEMENT_3D('',#6682,#5310,#5311);
#4842=AXIS2_PLACEMENT_3D('',#6684,#5312,#5313);
#4843=AXIS2_PLACEMENT_3D('',#6687,#5315,#5316);
#4844=AXIS2_PLACEMENT_3D('',#6688,#5317,#5318);
#4845=AXIS2_PLACEMENT_3D('',#6690,#5319,#5320);
#4846=AXIS2_PLACEMENT_3D('',#6692,#5321,#5322);
#4847=AXIS2_PLACEMENT_3D('',#6693,#5323,#5324);
#4848=AXIS2_PLACEMENT_3D('',#6694,#5325,#5326);
#4849=AXIS2_PLACEMENT_3D('',#6707,#5333,#5334);
#4850=AXIS2_PLACEMENT_3D('',#6709,#5335,#5336);
#4851=AXIS2_PLACEMENT_3D('',#6711,#5338,#5339);
#4852=AXIS2_PLACEMENT_3D('',#6718,#5343,#5344);
#4853=AXIS2_PLACEMENT_3D('',#6722,#5347,#5348);
#4854=AXIS2_PLACEMENT_3D('',#6726,#5351,#5352);
#4855=AXIS2_PLACEMENT_3D('',#6730,#5355,#5356);
#4856=AXIS2_PLACEMENT_3D('',#6734,#5359,#5360);
#4857=AXIS2_PLACEMENT_3D('',#6736,#5362,#5363);
#4858=AXIS2_PLACEMENT_3D('',#6739,#5366,#5367);
#4859=AXIS2_PLACEMENT_3D('',#6741,#5369,#5370);
#4860=AXIS2_PLACEMENT_3D('',#6743,#5372,#5373);
#4861=AXIS2_PLACEMENT_3D('',#6745,#5375,#5376);
#4862=AXIS2_PLACEMENT_3D('',#6747,#5378,#5379);
#4863=AXIS2_PLACEMENT_3D('',#6748,#5380,#5381);
#4864=AXIS2_PLACEMENT_3D('',#6751,#5383,#5384);
#4865=AXIS2_PLACEMENT_3D('',#6752,#5385,#5386);
#4866=AXIS2_PLACEMENT_3D('',#6753,#5387,#5388);
#4867=AXIS2_PLACEMENT_3D('',#6781,#5389,#5390);
#4868=AXIS2_PLACEMENT_3D('',#6783,#5391,#5392);
#4869=AXIS2_PLACEMENT_3D('',#6793,#5393,#5394);
#4870=AXIS2_PLACEMENT_3D('',#6794,#5395,#5396);
#4871=AXIS2_PLACEMENT_3D('',#6797,#5397,#5398);
#4872=AXIS2_PLACEMENT_3D('',#6800,#5401,#5402);
#4873=AXIS2_PLACEMENT_3D('',#6812,#5409,#5410);
#4874=AXIS2_PLACEMENT_3D('',#6816,#5412,#5413);
#4875=AXIS2_PLACEMENT_3D('',#6817,#5414,#5415);
#4876=AXIS2_PLACEMENT_3D('',#6845,#5416,#5417);
#4877=AXIS2_PLACEMENT_3D('',#6847,#5418,#5419);
#4878=AXIS2_PLACEMENT_3D('',#6857,#5420,#5421);
#4879=AXIS2_PLACEMENT_3D('',#6858,#5422,#5423);
#4880=AXIS2_PLACEMENT_3D('',#6861,#5424,#5425);
#4881=AXIS2_PLACEMENT_3D('',#6864,#5428,#5429);
#4882=AXIS2_PLACEMENT_3D('',#6874,#5435,#5436);
#4883=AXIS2_PLACEMENT_3D('',#6877,#5437,#5438);
#4884=AXIS2_PLACEMENT_3D('',#6881,#5440,#5441);
#4885=AXIS2_PLACEMENT_3D('',#6883,#5443,#5444);
#4886=AXIS2_PLACEMENT_3D('',#6885,#5445,#5446);
#4887=AXIS2_PLACEMENT_3D('',#6887,#5447,#5448);
#4888=AXIS2_PLACEMENT_3D('',#6891,#5450,#5451);
#4889=AXIS2_PLACEMENT_3D('',#6894,#5453,#5454);
#4890=AXIS2_PLACEMENT_3D('',#6895,#5455,#5456);
#4891=AXIS2_PLACEMENT_3D('',#6898,#5457,#5458);
#4892=AXIS2_PLACEMENT_3D('',#6902,#5460,#5461);
#4893=AXIS2_PLACEMENT_3D('',#6904,#5463,#5464);
#4894=AXIS2_PLACEMENT_3D('',#6906,#5465,#5466);
#4895=AXIS2_PLACEMENT_3D('',#6910,#5468,#5469);
#4896=AXIS2_PLACEMENT_3D('',#6914,#5471,#5472);
#4897=AXIS2_PLACEMENT_3D('',#6915,#5473,#5474);
#4898=AXIS2_PLACEMENT_3D('',#6916,#5475,#5476);
#4899=AXIS2_PLACEMENT_3D('',#6918,#5477,#5478);
#4900=AXIS2_PLACEMENT_3D('',#6921,#5480,#5481);
#4901=AXIS2_PLACEMENT_3D('',#6922,#5482,#5483);
#4902=AXIS2_PLACEMENT_3D('',#6928,#5487,#5488);
#4903=AXIS2_PLACEMENT_3D('',#6930,#5489,#5490);
#4904=AXIS2_PLACEMENT_3D('',#6933,#5492,#5493);
#4905=AXIS2_PLACEMENT_3D('',#6934,#5494,#5495);
#4906=AXIS2_PLACEMENT_3D('',#6940,#5499,#5500);
#4907=AXIS2_PLACEMENT_3D('',#6945,#5503,#5504);
#4908=AXIS2_PLACEMENT_3D('',#6946,#5505,#5506);
#4909=AXIS2_PLACEMENT_3D('',#6948,#5507,#5508);
#4910=AXIS2_PLACEMENT_3D('',#6951,#5510,#5511);
#4911=AXIS2_PLACEMENT_3D('',#6952,#5512,#5513);
#4912=AXIS2_PLACEMENT_3D('',#6959,#5518,#5519);
#4913=AXIS2_PLACEMENT_3D('',#6962,#5520,#5521);
#4914=AXIS2_PLACEMENT_3D('',#6966,#5523,#5524);
#4915=AXIS2_PLACEMENT_3D('',#6968,#5526,#5527);
#4916=AXIS2_PLACEMENT_3D('',#6975,#5532,#5533);
#4917=AXIS2_PLACEMENT_3D('',#6977,#5534,#5535);
#4918=AXIS2_PLACEMENT_3D('',#6979,#5536,#5537);
#4919=AXIS2_PLACEMENT_3D('',#6981,#5539,#5540);
#4920=AXIS2_PLACEMENT_3D('',#6988,#5545,#5546);
#4921=AXIS2_PLACEMENT_3D('',#6989,#5547,#5548);
#4922=AXIS2_PLACEMENT_3D('',#6990,#5549,#5550);
#4923=AXIS2_PLACEMENT_3D('',#6993,#5553,#5554);
#4924=AXIS2_PLACEMENT_3D('',#6994,#5555,#5556);
#4925=AXIS2_PLACEMENT_3D('',#7014,#5567,#5568);
#4926=AXIS2_PLACEMENT_3D('',#7020,#5571,#5572);
#4927=AXIS2_PLACEMENT_3D('',#7021,#5573,#5574);
#4928=AXIS2_PLACEMENT_3D('',#7025,#5577,#5578);
#4929=AXIS2_PLACEMENT_3D('',#7041,#5586,#5587);
#4930=AXIS2_PLACEMENT_3D('',#7042,#5588,#5589);
#4931=AXIS2_PLACEMENT_3D('',#7044,#5590,#5591);
#4932=AXIS2_PLACEMENT_3D('',#7046,#5592,#5593);
#4933=AXIS2_PLACEMENT_3D('',#7074,#5594,#5595);
#4934=AXIS2_PLACEMENT_3D('',#7076,#5596,#5597);
#4935=AXIS2_PLACEMENT_3D('',#7078,#5598,#5599);
#4936=AXIS2_PLACEMENT_3D('',#7079,#5600,#5601);
#4937=AXIS2_PLACEMENT_3D('',#7107,#5602,#5603);
#4938=AXIS2_PLACEMENT_3D('',#7109,#5604,#5605);
#4939=AXIS2_PLACEMENT_3D('',#7111,#5606,#5607);
#4940=AXIS2_PLACEMENT_3D('',#7112,#5608,#5609);
#4941=AXIS2_PLACEMENT_3D('',#7113,#5610,#5611);
#4942=AXIS2_PLACEMENT_3D('',#7116,#5614,#5615);
#4943=AXIS2_PLACEMENT_3D('',#7120,#5617,#5618);
#4944=AXIS2_PLACEMENT_3D('',#7122,#5619,#5620);
#4945=AXIS2_PLACEMENT_3D('',#7124,#5622,#5623);
#4946=AXIS2_PLACEMENT_3D('',#7127,#5625,#5626);
#4947=AXIS2_PLACEMENT_3D('',#7128,#5627,#5628);
#4948=AXIS2_PLACEMENT_3D('',#7131,#5629,#5630);
#4949=AXIS2_PLACEMENT_3D('',#7135,#5632,#5633);
#4950=AXIS2_PLACEMENT_3D('',#7137,#5635,#5636);
#4951=AXIS2_PLACEMENT_3D('',#7140,#5637,#5638);
#4952=AXIS2_PLACEMENT_3D('',#7144,#5640,#5641);
#4953=AXIS2_PLACEMENT_3D('',#7146,#5643,#5644);
#4954=AXIS2_PLACEMENT_3D('',#7149,#5645,#5646);
#4955=AXIS2_PLACEMENT_3D('',#7153,#5648,#5649);
#4956=AXIS2_PLACEMENT_3D('',#7155,#5651,#5652);
#4957=AXIS2_PLACEMENT_3D('',#7158,#5653,#5654);
#4958=AXIS2_PLACEMENT_3D('',#7162,#5656,#5657);
#4959=AXIS2_PLACEMENT_3D('',#7171,#5658,#5659);
#4960=AXIS2_PLACEMENT_3D('',#7173,#5661,#5662);
#4961=AXIS2_PLACEMENT_3D('',#7179,#5666,#5667);
#4962=AXIS2_PLACEMENT_3D('',#7182,#5670,#5671);
#4963=AXIS2_PLACEMENT_3D('',#7188,#5675,#5676);
#4964=AXIS2_PLACEMENT_3D('',#7191,#5679,#5680);
#4965=AXIS2_PLACEMENT_3D('',#7197,#5684,#5685);
#4966=AXIS2_PLACEMENT_3D('',#7200,#5688,#5689);
#4967=AXIS2_PLACEMENT_3D('',#7206,#5693,#5694);
#4968=AXIS2_PLACEMENT_3D('',#7209,#5697,#5698);
#4969=AXIS2_PLACEMENT_3D('',#7226,#5708,#5709);
#4970=AXIS2_PLACEMENT_3D('',#7234,#5714,#5715);
#4971=AXIS2_PLACEMENT_3D('',#7240,#5719,#5720);
#4972=AXIS2_PLACEMENT_3D('',#7247,#5725,#5726);
#4973=AXIS2_PLACEMENT_3D('',#7248,#5727,#5728);
#4974=AXIS2_PLACEMENT_3D('',#7252,#5731,#5732);
#4975=AXIS2_PLACEMENT_3D('',#7260,#5737,#5738);
#4976=AXIS2_PLACEMENT_3D('',#7261,#5739,#5740);
#4977=AXIS2_PLACEMENT_3D('',#7270,#5745,#5746);
#4978=AXIS2_PLACEMENT_3D('',#7276,#5750,#5751);
#4979=AXIS2_PLACEMENT_3D('',#7285,#5756,#5757);
#4980=AXIS2_PLACEMENT_3D('',#7291,#5761,#5762);
#4981=AXIS2_PLACEMENT_3D('',#7299,#5768,#5769);
#4982=AXIS2_PLACEMENT_3D('',#7302,#5771,#5772);
#4983=AXIS2_PLACEMENT_3D('',#7303,#5773,#5774);
#4984=AXIS2_PLACEMENT_3D('',#7305,#5776,#5777);
#4985=AXIS2_PLACEMENT_3D('',#7307,#5779,#5780);
#4986=AXIS2_PLACEMENT_3D('',#7309,#5782,#5783);
#4987=AXIS2_PLACEMENT_3D('',#7310,#5784,#5785);
#4988=AXIS2_PLACEMENT_3D('',#7311,#5786,#5787);
#4989=AXIS2_PLACEMENT_3D('',#7315,#5790,#5791);
#4990=AXIS2_PLACEMENT_3D('',#7316,#5792,#5793);
#4991=AXIS2_PLACEMENT_3D('',#7317,#5794,#5795);
#4992=AXIS2_PLACEMENT_3D('',#7318,#5796,#5797);
#4993=AXIS2_PLACEMENT_3D('',#7319,#5798,#5799);
#4994=AXIS2_PLACEMENT_3D('',#7323,#5801,#5802);
#4995=AXIS2_PLACEMENT_3D('',#7326,#5804,#5805);
#4996=AXIS2_PLACEMENT_3D('',#7327,#5806,#5807);
#4997=AXIS2_PLACEMENT_3D('',#7331,#5809,#5810);
#4998=AXIS2_PLACEMENT_3D('',#7333,#5812,#5813);
#4999=AXIS2_PLACEMENT_3D('',#7337,#5816,#5817);
#5000=AXIS2_PLACEMENT_3D('',#7339,#5818,#5819);
#5001=AXIS2_PLACEMENT_3D('',#7341,#5821,#5822);
#5002=AXIS2_PLACEMENT_3D('',#7344,#5823,#5824);
#5003=AXIS2_PLACEMENT_3D('',#7348,#5826,#5827);
#5004=AXIS2_PLACEMENT_3D('',#7350,#5829,#5830);
#5005=AXIS2_PLACEMENT_3D('',#7353,#5831,#5832);
#5006=AXIS2_PLACEMENT_3D('',#7356,#5835,#5836);
#5007=AXIS2_PLACEMENT_3D('',#7359,#5837,#5838);
#5008=AXIS2_PLACEMENT_3D('',#7362,#5841,#5842);
#5009=AXIS2_PLACEMENT_3D('',#7365,#5843,#5844);
#5010=AXIS2_PLACEMENT_3D('',#7369,#5846,#5847);
#5011=AXIS2_PLACEMENT_3D('',#7378,#5848,#5849);
#5012=AXIS2_PLACEMENT_3D('',#7380,#5851,#5852);
#5013=AXIS2_PLACEMENT_3D('',#7389,#5858,#5859);
#5014=AXIS2_PLACEMENT_3D('',#7395,#5863,#5864);
#5015=AXIS2_PLACEMENT_3D('',#7398,#5867,#5868);
#5016=AXIS2_PLACEMENT_3D('',#7402,#5871,#5872);
#5017=AXIS2_PLACEMENT_3D('',#7404,#5874,#5875);
#5018=AXIS2_PLACEMENT_3D('',#7408,#5878,#5879);
#5019=AXIS2_PLACEMENT_3D('',#7410,#5881,#5882);
#5020=AXIS2_PLACEMENT_3D('',#7416,#5886,#5887);
#5021=AXIS2_PLACEMENT_3D('',#7419,#5890,#5891);
#5022=AXIS2_PLACEMENT_3D('',#7420,#5892,#5893);
#5023=AXIS2_PLACEMENT_3D('',#7424,#5896,#5897);
#5024=AXIS2_PLACEMENT_3D('',#7433,#5902,#5903);
#5025=AXIS2_PLACEMENT_3D('',#7434,#5904,#5905);
#5026=AXIS2_PLACEMENT_3D('',#7443,#5910,#5911);
#5027=AXIS2_PLACEMENT_3D('',#7449,#5915,#5916);
#5028=AXIS2_PLACEMENT_3D('',#7458,#5921,#5922);
#5029=AXIS2_PLACEMENT_3D('',#7464,#5926,#5927);
#5030=AXIS2_PLACEMENT_3D('',#7470,#5930,#5931);
#5031=AXIS2_PLACEMENT_3D('',#7476,#5934,#5935);
#5032=AXIS2_PLACEMENT_3D('',#7478,#5937,#5938);
#5033=AXIS2_PLACEMENT_3D('',#7479,#5939,#5940);
#5034=AXIS2_PLACEMENT_3D('',#7480,#5941,#5942);
#5035=AXIS2_PLACEMENT_3D('',#7481,#5943,#5944);
#5036=AXIS2_PLACEMENT_3D('',#7483,#5946,#5947);
#5037=AXIS2_PLACEMENT_3D('',#7485,#5949,#5950);
#5038=AXIS2_PLACEMENT_3D('',#7494,#5956,#5957);
#5039=AXIS2_PLACEMENT_3D('',#7496,#5959,#5960);
#5040=AXIS2_PLACEMENT_3D('',#7498,#5962,#5963);
#5041=AXIS2_PLACEMENT_3D('',#7499,#5964,#5965);
#5042=AXIS2_PLACEMENT_3D('',#7501,#5967,#5968);
#5043=AXIS2_PLACEMENT_3D('',#7502,#5969,#5970);
#5044=AXIS2_PLACEMENT_3D('',#7503,#5971,#5972);
#5045=AXIS2_PLACEMENT_3D('',#7504,#5973,#5974);
#5046=AXIS2_PLACEMENT_3D('',#7505,#5975,#5976);
#5047=AXIS2_PLACEMENT_3D('',#7506,#5977,#5978);
#5048=AXIS2_PLACEMENT_3D('',#7508,#5980,#5981);
#5049=AXIS2_PLACEMENT_3D('',#7510,#5983,#5984);
#5050=AXIS2_PLACEMENT_3D('',#7512,#5986,#5987);
#5051=AXIS2_PLACEMENT_3D('',#7513,#5988,#5989);
#5052=AXIS2_PLACEMENT_3D('',#7539,#5994,#5995);
#5053=AXIS2_PLACEMENT_3D('',#7543,#5997,#5998);
#5054=AXIS2_PLACEMENT_3D('',#7549,#6001,#6002);
#5055=AXIS2_PLACEMENT_3D('',#7551,#6003,#6004);
#5056=AXIS2_PLACEMENT_3D('',#7555,#6006,#6007);
#5057=AXIS2_PLACEMENT_3D('',#7557,#6008,#6009);
#5058=AXIS2_PLACEMENT_3D('',#7561,#6011,#6012);
#5059=AXIS2_PLACEMENT_3D('',#7563,#6013,#6014);
#5060=AXIS2_PLACEMENT_3D('',#7569,#6017,#6018);
#5061=AXIS2_PLACEMENT_3D('',#7573,#6020,#6021);
#5062=AXIS2_PLACEMENT_3D('',#7595,#6024,#6025);
#5063=AXIS2_PLACEMENT_3D('',#7603,#6029,#6030);
#5064=AXIS2_PLACEMENT_3D('',#7609,#6033,#6034);
#5065=AXIS2_PLACEMENT_3D('',#7611,#6036,#6037);
#5066=AXIS2_PLACEMENT_3D('',#7617,#6041,#6042);
#5067=AXIS2_PLACEMENT_3D('',#7620,#6044,#6045);
#5068=AXIS2_PLACEMENT_3D('',#7621,#6046,#6047);
#5069=AXIS2_PLACEMENT_3D('',#7623,#6049,#6050);
#5070=AXIS2_PLACEMENT_3D('',#7629,#6054,#6055);
#5071=AXIS2_PLACEMENT_3D('',#7632,#6057,#6058);
#5072=AXIS2_PLACEMENT_3D('',#7633,#6059,#6060);
#5073=AXIS2_PLACEMENT_3D('',#7635,#6062,#6063);
#5074=AXIS2_PLACEMENT_3D('',#7638,#6064,#6065);
#5075=AXIS2_PLACEMENT_3D('',#7642,#6067,#6068);
#5076=AXIS2_PLACEMENT_3D('',#7644,#6070,#6071);
#5077=AXIS2_PLACEMENT_3D('',#7647,#6072,#6073);
#5078=AXIS2_PLACEMENT_3D('',#7651,#6075,#6076);
#5079=AXIS2_PLACEMENT_3D('',#7653,#6078,#6079);
#5080=AXIS2_PLACEMENT_3D('',#7662,#6084,#6085);
#5081=AXIS2_PLACEMENT_3D('',#7668,#6089,#6090);
#5082=AXIS2_PLACEMENT_3D('',#7677,#6095,#6096);
#5083=AXIS2_PLACEMENT_3D('',#7683,#6100,#6101);
#5084=AXIS2_PLACEMENT_3D('',#7692,#6106,#6107);
#5085=AXIS2_PLACEMENT_3D('',#7695,#6108,#6109);
#5086=AXIS2_PLACEMENT_3D('',#7699,#6111,#6112);
#5087=AXIS2_PLACEMENT_3D('',#7703,#6114,#6115);
#5088=AXIS2_PLACEMENT_3D('',#7707,#6117,#6118);
#5089=AXIS2_PLACEMENT_3D('',#7711,#6120,#6121);
#5090=AXIS2_PLACEMENT_3D('',#7715,#6123,#6124);
#5091=AXIS2_PLACEMENT_3D('',#7719,#6126,#6127);
#5092=AXIS2_PLACEMENT_3D('',#7722,#6129,#6130);
#5093=AXIS2_PLACEMENT_3D('',#7728,#6133,#6134);
#5094=AXIS2_PLACEMENT_3D('',#7734,#6137,#6138);
#5095=AXIS2_PLACEMENT_3D('',#7742,#6144,#6145);
#5096=AXIS2_PLACEMENT_3D('',#7743,#6146,#6147);
#5097=AXIS2_PLACEMENT_3D('',#7747,#6150,#6151);
#5098=AXIS2_PLACEMENT_3D('',#7748,#6152,#6153);
#5099=AXIS2_PLACEMENT_3D('',#7752,#6156,#6157);
#5100=AXIS2_PLACEMENT_3D('',#7754,#6159,#6160);
#5101=AXIS2_PLACEMENT_3D('',#7755,#6161,#6162);
#5102=AXIS2_PLACEMENT_3D('',#7757,#6164,#6165);
#5103=AXIS2_PLACEMENT_3D('',#7758,#6166,#6167);
#5104=AXIS2_PLACEMENT_3D('',#7765,#6171,#6172);
#5105=AXIS2_PLACEMENT_3D('',#7771,#6173,#6174);
#5106=AXIS2_PLACEMENT_3D('',#7775,#6175,#6176);
#5107=AXIS2_PLACEMENT_3D('',#7779,#6179,#6180);
#5108=AXIS2_PLACEMENT_3D('',#7781,#6181,#6182);
#5109=AXIS2_PLACEMENT_3D('',#7782,#6183,#6184);
#5110=AXIS2_PLACEMENT_3D('',#7783,#6185,#6186);
#5111=AXIS2_PLACEMENT_3D('',#7785,#6187,#6188);
#5112=AXIS2_PLACEMENT_3D('',#7787,#6189,#6190);
#5113=AXIS2_PLACEMENT_3D('',#7789,#6192,#6193);
#5114=AXIS2_PLACEMENT_3D('',#7793,#6195,#6196);
#5115=AXIS2_PLACEMENT_3D('',#7794,#6197,#6198);
#5116=AXIS2_PLACEMENT_3D('',#7796,#6199,#6200);
#5117=AXIS2_PLACEMENT_3D('',#7799,#6202,#6203);
#5118=AXIS2_PLACEMENT_3D('',#7800,#6204,#6205);
#5119=AXIS2_PLACEMENT_3D('',#7802,#6206,#6207);
#5120=AXIS2_PLACEMENT_3D('',#7806,#6209,#6210);
#5121=AXIS2_PLACEMENT_3D('',#7808,#6212,#6213);
#5122=AXIS2_PLACEMENT_3D('',#7811,#6214,#6215);
#5123=AXIS2_PLACEMENT_3D('',#7814,#6218,#6219);
#5124=AXIS2_PLACEMENT_3D('',#7817,#6220,#6221);
#5125=AXIS2_PLACEMENT_3D('',#7820,#6224,#6225);
#5126=AXIS2_PLACEMENT_3D('',#7825,#6227,#6228);
#5127=AXIS2_PLACEMENT_3D('',#7828,#6230,#6231);
#5128=AXIS2_PLACEMENT_3D('',#7829,#6232,#6233);
#5129=AXIS2_PLACEMENT_3D('',#7834,#6235,#6236);
#5130=AXIS2_PLACEMENT_3D('',#7837,#6238,#6239);
#5131=AXIS2_PLACEMENT_3D('',#7838,#6240,#6241);
#5132=AXIS2_PLACEMENT_3D('',#7844,#6245,#6246);
#5133=AXIS2_PLACEMENT_3D('',#7850,#6250,#6251);
#5134=AXIS2_PLACEMENT_3D('',#7854,#6254,#6255);
#5135=AXIS2_PLACEMENT_3D('',#7859,#6259,#6260);
#5136=AXIS2_PLACEMENT_3D('',#7864,#6264,#6265);
#5137=AXIS2_PLACEMENT_3D('',#7866,#6267,#6268);
#5138=AXIS2_PLACEMENT_3D('',#7867,#6269,#6270);
#5139=AXIS2_PLACEMENT_3D('',#7869,#6272,#6273);
#5140=AXIS2_PLACEMENT_3D('',#7870,#6274,#6275);
#5141=AXIS2_PLACEMENT_3D('',#7876,#6279,#6280);
#5142=AXIS2_PLACEMENT_3D('',#7878,#6282,#6283);
#5143=AXIS2_PLACEMENT_3D('',#7879,#6284,#6285);
#5144=AXIS2_PLACEMENT_3D('',#7880,#6286,#6287);
#5145=AXIS2_PLACEMENT_3D('',#7881,#6288,#6289);
#5146=AXIS2_PLACEMENT_3D('',#7882,#6290,#6291);
#5147=AXIS2_PLACEMENT_3D('',#7883,#6292,#6293);
#5148=AXIS2_PLACEMENT_3D('',#7884,#6294,#6295);
#5149=AXIS2_PLACEMENT_3D('',#7886,#6297,#6298);
#5150=AXIS2_PLACEMENT_3D('',#7888,#6300,#6301);
#5151=AXIS2_PLACEMENT_3D('',#7889,#6302,#6303);
#5152=AXIS2_PLACEMENT_3D('',#7890,#6304,#6305);
#5153=AXIS2_PLACEMENT_3D('',#7893,#6306,#6307);
#5154=AXIS2_PLACEMENT_3D('',#7897,#6309,#6310);
#5155=AXIS2_PLACEMENT_3D('',#7899,#6312,#6313);
#5156=AXIS2_PLACEMENT_3D('',#7900,#6314,#6315);
#5157=AXIS2_PLACEMENT_3D('',#7901,#6316,#6317);
#5158=AXIS2_PLACEMENT_3D('',#7902,#6318,#6319);
#5159=AXIS2_PLACEMENT_3D('',#7903,#6320,#6321);
#5160=AXIS2_PLACEMENT_3D('',#7907,#6323,#6324);
#5161=AXIS2_PLACEMENT_3D('',#7909,#6325,#6326);
#5162=AXIS2_PLACEMENT_3D('',#7910,#6327,#6328);
#5163=AXIS2_PLACEMENT_3D('',#7911,#6329,#6330);
#5164=AXIS2_PLACEMENT_3D('',#7912,#6331,#6332);
#5165=AXIS2_PLACEMENT_3D('',#7913,#6333,#6334);
#5166=AXIS2_PLACEMENT_3D('',#7914,#6335,#6336);
#5167=AXIS2_PLACEMENT_3D('',#7915,#6337,#6338);
#5168=AXIS2_PLACEMENT_3D('',#7918,#6339,#6340);
#5169=AXIS2_PLACEMENT_3D('',#7922,#6342,#6343);
#5170=AXIS2_PLACEMENT_3D('',#7924,#6345,#6346);
#5171=AXIS2_PLACEMENT_3D('',#7926,#6347,#6348);
#5172=AXIS2_PLACEMENT_3D('',#7927,#6349,#6350);
#5173=AXIS2_PLACEMENT_3D('',#7930,#6351,#6352);
#5174=AXIS2_PLACEMENT_3D('',#7932,#6353,#6354);
#5175=AXIS2_PLACEMENT_3D('',#7940,#6356,#6357);
#5176=AXIS2_PLACEMENT_3D('',#7956,#6359,#6360);
#5177=AXIS2_PLACEMENT_3D('',#7969,#6361,#6362);
#5178=AXIS2_PLACEMENT_3D('',#7973,#6365,#6366);
#5179=AXIS2_PLACEMENT_3D('',#7975,#6367,#6368);
#5180=AXIS2_PLACEMENT_3D('',#7980,#6371,#6372);
#5181=AXIS2_PLACEMENT_3D('',#7981,#6373,#6374);
#5182=AXIS2_PLACEMENT_3D('',#7990,#6376,#6377);
#5183=AXIS2_PLACEMENT_3D('',#7991,#6378,#6379);
#5184=AXIS2_PLACEMENT_3D('',#7993,#6381,#6382);
#5185=AXIS2_PLACEMENT_3D('',#7996,#6384,#6385);
#5186=AXIS2_PLACEMENT_3D('',#8018,#6386,#6387);
#5187=AXIS2_PLACEMENT_3D('',#8019,#6388,#6389);
#5188=AXIS2_PLACEMENT_3D('',#8020,#6390,#6391);
#5189=AXIS2_PLACEMENT_3D('',#8031,#6393,#6394);
#5190=AXIS2_PLACEMENT_3D('',#8035,#6396,#6397);
#5191=AXIS2_PLACEMENT_3D('',#8039,#6399,#6400);
#5192=AXIS2_PLACEMENT_3D('',#8042,#6402,#6403);
#5193=AXIS2_PLACEMENT_3D('',#8043,#6404,#6405);
#5194=AXIS2_PLACEMENT_3D('',#8044,#6406,#6407);
#5195=AXIS2_PLACEMENT_3D('',#8066,#6408,#6409);
#5196=AXIS2_PLACEMENT_3D('',#8067,#6410,#6411);
#5197=AXIS2_PLACEMENT_3D('',#8068,#6412,#6413);
#5198=AXIS2_PLACEMENT_3D('',#8079,#6415,#6416);
#5199=AXIS2_PLACEMENT_3D('',#8152,#6419,#6420);
#5200=AXIS2_PLACEMENT_3D('',#8216,#6422,#6423);
#5201=AXIS2_PLACEMENT_3D('',#8222,#6427,#6428);
#5202=AXIS2_PLACEMENT_3D('',#8224,#6429,#6430);
#5203=AXIS2_PLACEMENT_3D('',#8225,#6431,#6432);
#5204=AXIS2_PLACEMENT_3D('',#8227,#6433,#6434);
#5205=AXIS2_PLACEMENT_3D('',#8228,#6435,#6436);
#5206=AXIS2_PLACEMENT_3D('',#8390,#6437,#6438);
#5207=AXIS2_PLACEMENT_3D('',#8391,#6439,#6440);
#5208=AXIS2_PLACEMENT_3D('',#8393,#6441,#6442);
#5209=AXIS2_PLACEMENT_3D('',#8394,#6443,#6444);
#5210=AXIS2_PLACEMENT_3D('',#8395,#6445,#6446);
#5211=AXIS2_PLACEMENT_3D('',#8458,#6447,#6448);
#5212=AXIS2_PLACEMENT_3D('',#8460,#6449,#6450);
#5213=AXIS2_PLACEMENT_3D('',#8461,#6451,#6452);
#5214=AXIS2_PLACEMENT_3D('',#8462,#6453,#6454);
#5215=AXIS2_PLACEMENT_3D('',#8465,#6456,#6457);
#5216=AXIS2_PLACEMENT_3D('',#8498,#6459,#6460);
#5217=AXIS2_PLACEMENT_3D('',#8499,#6461,#6462);
#5218=AXIS2_PLACEMENT_3D('',#8500,#6463,#6464);
#5219=AXIS2_PLACEMENT_3D('',#8560,#6465,#6466);
#5220=AXIS2_PLACEMENT_3D('',#8595,#6467,#6468);
#5221=AXIS2_PLACEMENT_3D('',#8597,#6469,#6470);
#5222=AXIS2_PLACEMENT_3D('',#8600,#6472,#6473);
#5223=AXIS2_PLACEMENT_3D('',#8601,#6474,#6475);
#5224=AXIS2_PLACEMENT_3D('',#8655,#6479,#6480);
#5225=AXIS2_PLACEMENT_3D('',#8658,#6482,#6483);
#5226=AXIS2_PLACEMENT_3D('',#8692,#6484,#6485);
#5227=AXIS2_PLACEMENT_3D('',#8730,#6486,#6487);
#5228=AXIS2_PLACEMENT_3D('',#8732,#6488,#6489);
#5229=AXIS2_PLACEMENT_3D('',#8734,#6491,#6492);
#5230=AXIS2_PLACEMENT_3D('',#8736,#6493,#6494);
#5231=AXIS2_PLACEMENT_3D('',#8737,#6495,#6496);
#5232=AXIS2_PLACEMENT_3D('',#8738,#6497,#6498);
#5233=AXIS2_PLACEMENT_3D('',#8740,#6499,#6500);
#5234=AXIS2_PLACEMENT_3D('',#8742,#6502,#6503);
#5235=AXIS2_PLACEMENT_3D('',#8748,#6507,#6508);
#5236=AXIS2_PLACEMENT_3D('',#8749,#6509,#6510);
#5237=AXIS2_PLACEMENT_3D('',#8750,#6511,#6512);
#5238=AXIS2_PLACEMENT_3D('',#8752,#6513,#6514);
#5239=AXIS2_PLACEMENT_3D('',#8756,#6516,#6517);
#5240=AXIS2_PLACEMENT_3D('',#8763,#6518,#6519);
#5241=AXIS2_PLACEMENT_3D('',#8764,#6520,#6521);
#5242=AXIS2_PLACEMENT_3D('',#8765,#6522,#6523);
#5243=AXIS2_PLACEMENT_3D('',#8776,#6526,#6527);
#5244=AXIS2_PLACEMENT_3D('',#8778,#6529,#6530);
#5245=AXIS2_PLACEMENT_3D('',#8780,#6531,#6532);
#5246=AXIS2_PLACEMENT_3D('',#8781,#6533,#6534);
#5247=AXIS2_PLACEMENT_3D('',#8782,#6535,#6536);
#5248=AXIS2_PLACEMENT_3D('',#8784,#6538,#6539);
#5249=AXIS2_PLACEMENT_3D('',#8786,#6540,#6541);
#5250=AXIS2_PLACEMENT_3D('',#8787,#6542,#6543);
#5251=AXIS2_PLACEMENT_3D('',#8788,#6544,#6545);
#5252=AXIS2_PLACEMENT_3D('',#8791,#6547,#6548);
#5253=AXIS2_PLACEMENT_3D('',#8792,#6549,#6550);
#5254=AXIS2_PLACEMENT_3D('',#8794,#6551,#6552);
#5255=AXIS2_PLACEMENT_3D('',#8795,#6553,#6554);
#5256=AXIS2_PLACEMENT_3D('',#8796,#6555,#6556);
#5257=AXIS2_PLACEMENT_3D('',#8797,#6557,#6558);
#5258=AXIS2_PLACEMENT_3D('',#8798,#6559,#6560);
#5259=AXIS2_PLACEMENT_3D('',#8829,#6561,#6562);
#5260=AXIS2_PLACEMENT_3D('',#8830,#6563,#6564);
#5261=AXIS2_PLACEMENT_3D('',#8832,#6565,#6566);
#5262=AXIS2_PLACEMENT_3D('',#8833,#6567,#6568);
#5263=AXIS2_PLACEMENT_3D('',#8834,#6569,#6570);
#5264=AXIS2_PLACEMENT_3D('',#8836,#6571,#6572);
#5265=AXIS2_PLACEMENT_3D('',#8837,#6573,#6574);
#5266=AXIS2_PLACEMENT_3D('',#8838,#6575,#6576);
#5267=AXIS2_PLACEMENT_3D('',#8840,#6578,#6579);
#5268=AXIS2_PLACEMENT_3D('',#8842,#6581,#6582);
#5269=AXIS2_PLACEMENT_3D('',#8848,#6586,#6587);
#5270=AXIS2_PLACEMENT_3D('',#8851,#6589,#6590);
#5271=AXIS2_PLACEMENT_3D('',#8852,#6591,#6592);
#5272=AXIS2_PLACEMENT_3D('',#8854,#6594,#6595);
#5273=AXIS2_PLACEMENT_3D('',#8856,#6596,#6597);
#5274=AXIS2_PLACEMENT_3D('',#8857,#6598,#6599);
#5275=AXIS2_PLACEMENT_3D('',#8859,#6601,#6602);
#5276=AXIS2_PLACEMENT_3D('',#8866,#6603,#6604);
#5277=AXIS2_PLACEMENT_3D('',#8872,#6608,#6609);
#5278=AXIS2_PLACEMENT_3D('',#8875,#6611,#6612);
#5279=AXIS2_PLACEMENT_3D('',#8876,#6613,#6614);
#5280=AXIS2_PLACEMENT_3D('',#8878,#6616,#6617);
#5281=AXIS2_PLACEMENT_3D('',#8884,#6620,#6621);
#5282=AXIS2_PLACEMENT_3D('',#8885,#6622,#6623);
#5283=AXIS2_PLACEMENT_3D('',#8888,#6626,#6627);
#5284=AXIS2_PLACEMENT_3D('',#8889,#6628,#6629);
#5285=AXIS2_PLACEMENT_3D('',#8919,#6630,#6631);
#5286=AXIS2_PLACEMENT_3D('',#8921,#6633,#6634);
#5287=AXIS2_PLACEMENT_3D('',#8923,#6636,#6637);
#5288=AXIS2_PLACEMENT_3D('',#8925,#6639,#6640);
#5289=AXIS2_PLACEMENT_3D('',#8926,#6641,#6642);
#5290=AXIS2_PLACEMENT_3D('',#8927,#6643,#6644);
#5291=AXIS2_PLACEMENT_3D('',#8928,#6645,#6646);
#5292=AXIS2_PLACEMENT_3D('',#8929,#6647,#6648);
#5293=AXIS2_PLACEMENT_3D('',#8930,#6649,#6650);
#5294=AXIS2_PLACEMENT_3D('',#8931,#6651,#6652);
#5295=AXIS2_PLACEMENT_3D('',#8932,#6653,#6654);
#5296=AXIS2_PLACEMENT_3D('',#8933,#6655,#6656);
#5297=AXIS2_PLACEMENT_3D('',#8934,#6657,#6658);
#5298=AXIS2_PLACEMENT_3D('',#8965,#6660,#6661);
#5299=AXIS2_PLACEMENT_3D('',#8976,#6662,#6663);
#5300=AXIS2_PLACEMENT_3D('',#9013,#6665,#6666);
#5301=AXIS2_PLACEMENT_3D('',#9015,#6668,#6669);
#5302=AXIS2_PLACEMENT_3D('',#9016,#6670,#6671);
#5303=AXIS2_PLACEMENT_3D('',#9018,#6673,#6674);
#5304=AXIS2_PLACEMENT_3D('',#9020,#6676,#6677);
#5305=AXIS2_PLACEMENT_3D('',#9021,#6678,#6679);
#5306=DIRECTION('axis',(0.,0.,1.));
#5307=DIRECTION('refdir',(1.,0.,0.));
#5308=DIRECTION('axis',(0.,0.,1.));
#5309=DIRECTION('refdir',(1.,0.,0.));
#5310=DIRECTION('center_axis',(0.,0.,1.));
#5311=DIRECTION('ref_axis',(-1.,0.,0.));
#5312=DIRECTION('center_axis',(-2.70566014448976E-15,0.,1.));
#5313=DIRECTION('ref_axis',(-1.,0.,-2.70566014448976E-15));
#5314=DIRECTION('',(-0.73927162811904,-9.05346633076435E-17,-0.673407350611963));
#5315=DIRECTION('center_axis',(2.70566014448976E-15,0.,-1.));
#5316=DIRECTION('ref_axis',(-1.,0.,-2.70566014448976E-15));
#5317=DIRECTION('center_axis',(2.70566014448976E-15,0.,-1.));
#5318=DIRECTION('ref_axis',(-1.,0.,-2.74527875180041E-15));
#5319=DIRECTION('center_axis',(-2.70566014448976E-15,0.,1.));
#5320=DIRECTION('ref_axis',(1.,0.,2.70566014448976E-15));
#5321=DIRECTION('center_axis',(-1.22464679914735E-16,-1.,-3.31347803552995E-31));
#5322=DIRECTION('ref_axis',(1.,-1.22464679914735E-16,2.62416351275039E-15));
#5323=DIRECTION('center_axis',(2.70566014448976E-15,0.,-1.));
#5324=DIRECTION('ref_axis',(1.,0.,2.70566014448976E-15));
#5325=DIRECTION('center_axis',(-2.70566014448976E-15,0.,1.));
#5326=DIRECTION('ref_axis',(1.,0.,2.70566014448976E-15));
#5327=DIRECTION('',(-0.866025403784439,-0.5,-2.34317041913521E-15));
#5328=DIRECTION('',(-0.866025403784439,0.5,-2.34317041913521E-15));
#5329=DIRECTION('',(7.69185074553426E-16,1.,2.08115339995559E-30));
#5330=DIRECTION('',(0.866025403784439,0.5,2.34317041913521E-15));
#5331=DIRECTION('',(0.866025403784439,-0.5,2.34317041913521E-15));
#5332=DIRECTION('',(0.,-1.,0.));
#5333=DIRECTION('center_axis',(2.70566014448976E-15,0.,-1.));
#5334=DIRECTION('ref_axis',(-1.,0.,-2.70566014448976E-15));
#5335=DIRECTION('center_axis',(2.70566014448976E-15,0.,-1.));
#5336=DIRECTION('ref_axis',(1.,0.,2.70566014448976E-15));
#5337=DIRECTION('',(-2.70566014448976E-15,0.,1.));
#5338=DIRECTION('center_axis',(0.0435778713738291,-0.0754790873051733,-0.996194698091746));
#5339=DIRECTION('ref_axis',(-0.866025403784439,-0.5,-3.46944695195361E-17));
#5340=DIRECTION('',(-1.59381164582915E-16,0.997141949694316,-0.0755508581011305));
#5341=DIRECTION('',(-0.866025403784439,-0.5,0.));
#5342=DIRECTION('',(-0.863550259614423,0.498570974847158,-0.0755508581011305));
#5343=DIRECTION('center_axis',(0.0871557427476581,0.,-0.996194698091746));
#5344=DIRECTION('ref_axis',(0.,-1.,0.));
#5345=DIRECTION('',(0.,-1.,0.));
#5346=DIRECTION('',(-0.863550259614423,-0.498570974847158,-0.0755508581011305));
#5347=DIRECTION('center_axis',(0.0435778713738291,0.0754790873051733,-0.996194698091746));
#5348=DIRECTION('ref_axis',(0.866025403784439,-0.5,3.46944695195361E-17));
#5349=DIRECTION('',(0.866025403784439,-0.5,0.));
#5350=DIRECTION('',(0.,-0.997141949694316,-0.0755508581011305));
#5351=DIRECTION('center_axis',(-0.043577871373829,0.0754790873051733,-0.996194698091746));
#5352=DIRECTION('ref_axis',(0.866025403784439,0.5,4.85722573273506E-17));
#5353=DIRECTION('',(0.866025403784439,0.5,0.));
#5354=DIRECTION('',(0.863550259614423,-0.498570974847159,-0.0755508581011305));
#5355=DIRECTION('center_axis',(-0.0871557427476581,6.70388964831166E-17,
-0.996194698091746));
#5356=DIRECTION('ref_axis',(7.69185074553426E-16,1.,-1.23259516440783E-32));
#5357=DIRECTION('',(7.69185074553426E-16,1.,0.));
#5358=DIRECTION('',(0.863550259614423,0.498570974847158,-0.0755508581011305));
#5359=DIRECTION('center_axis',(-0.0435778713738291,-0.0754790873051733,
-0.996194698091746));
#5360=DIRECTION('ref_axis',(-0.866025403784439,0.5,3.46944695195361E-17));
#5361=DIRECTION('',(-0.866025403784439,0.5,0.));
#5362=DIRECTION('center_axis',(0.5,-0.866025403784439,0.));
#5363=DIRECTION('ref_axis',(-0.866025403784439,-0.5,0.));
#5364=DIRECTION('',(0.,0.,-1.));
#5365=DIRECTION('',(0.,0.,-1.));
#5366=DIRECTION('center_axis',(1.,0.,0.));
#5367=DIRECTION('ref_axis',(0.,-1.,0.));
#5368=DIRECTION('',(0.,0.,-1.));
#5369=DIRECTION('center_axis',(0.5,0.866025403784439,0.));
#5370=DIRECTION('ref_axis',(0.866025403784439,-0.5,0.));
#5371=DIRECTION('',(0.,0.,-1.));
#5372=DIRECTION('center_axis',(-0.5,0.866025403784439,0.));
#5373=DIRECTION('ref_axis',(0.866025403784439,0.5,0.));
#5374=DIRECTION('',(0.,0.,-1.));
#5375=DIRECTION('center_axis',(-1.,7.69185074553426E-16,0.));
#5376=DIRECTION('ref_axis',(7.69185074553426E-16,1.,0.));
#5377=DIRECTION('',(0.,0.,-1.));
#5378=DIRECTION('center_axis',(-0.5,-0.866025403784439,0.));
#5379=DIRECTION('ref_axis',(-0.866025403784439,0.5,0.));
#5380=DIRECTION('center_axis',(2.70566014448976E-15,0.,-1.));
#5381=DIRECTION('ref_axis',(-1.,0.,-2.70566014448976E-15));
#5382=DIRECTION('',(-2.70566014448976E-15,0.,1.));
#5383=DIRECTION('center_axis',(-2.70566014448976E-15,0.,1.));
#5384=DIRECTION('ref_axis',(-1.,0.,-2.70566014448976E-15));
#5385=DIRECTION('center_axis',(2.70566014448976E-15,0.,-1.));
#5386=DIRECTION('ref_axis',(-1.,0.,-2.70566014448976E-15));
#5387=DIRECTION('center_axis',(2.70566014448976E-15,0.,-1.));
#5388=DIRECTION('ref_axis',(-1.,0.,-2.70566014448976E-15));
#5389=DIRECTION('center_axis',(0.,-1.,0.));
#5390=DIRECTION('ref_axis',(-0.939692620785911,0.,-0.342020143325661));
#5391=DIRECTION('center_axis',(0.,0.,1.));
#5392=DIRECTION('ref_axis',(1.,-6.24381841318045E-18,0.));
#5393=DIRECTION('center_axis',(-0.102566919268878,-8.3031779933359E-18,
-0.994726106559837));
#5394=DIRECTION('ref_axis',(0.994726106559837,9.62964972193617E-35,-0.102566919268878));
#5395=DIRECTION('center_axis',(0.,-1.,0.));
#5396=DIRECTION('ref_axis',(-0.573576436351046,0.,-0.819152044288992));
#5397=DIRECTION('center_axis',(0.664463024388674,-0.707106781186549,0.241844762647973));
#5398=DIRECTION('ref_axis',(-0.664463024388677,-0.707106781186546,-0.241844762647974));
#5399=DIRECTION('',(0.,1.,0.));
#5400=DIRECTION('',(0.,-1.,0.));
#5401=DIRECTION('center_axis',(-0.939692620785909,0.,-0.342020143325666));
#5402=DIRECTION('ref_axis',(-0.342020143325666,0.,0.939692620785909));
#5403=DIRECTION('',(-0.342020143325666,1.82557037502765E-17,0.939692620785909));
#5404=DIRECTION('',(-0.331668125174636,-0.24416888505968,0.911250684670171));
#5405=DIRECTION('',(0.,-1.,0.));
#5406=DIRECTION('',(0.342020143325666,0.,-0.939692620785909));
#5407=DIRECTION('',(0.,1.,0.));
#5408=DIRECTION('',(0.342020143325666,1.77185527117336E-16,-0.939692620785909));
#5409=DIRECTION('center_axis',(0.342020143325666,-1.82557037502765E-17,
-0.939692620785909));
#5410=DIRECTION('ref_axis',(-0.939692620785909,-7.70371977754895E-33,-0.342020143325666));
#5411=DIRECTION('',(0.342020143325666,-1.82557037502765E-17,-0.939692620785909));
#5412=DIRECTION('center_axis',(2.14716580331579E-14,0.965925826289112,0.258819045102359));
#5413=DIRECTION('ref_axis',(-0.352607693444124,-0.242195418897286,0.903885608685736));
#5414=DIRECTION('center_axis',(-0.339422272508253,-0.123018852662025,0.932555029376311));
#5415=DIRECTION('ref_axis',(0.0420749256208281,-0.992404333872902,-0.11559990806347));
#5416=DIRECTION('center_axis',(0.,1.,0.));
#5417=DIRECTION('ref_axis',(0.,0.,-1.));
#5418=DIRECTION('center_axis',(-0.102566919268878,8.3031779933359E-18,-0.994726106559837));
#5419=DIRECTION('ref_axis',(0.994726106559837,-9.62964972193617E-35,-0.102566919268878));
#5420=DIRECTION('center_axis',(0.,0.,1.));
#5421=DIRECTION('ref_axis',(1.,6.24381841318045E-18,0.));
#5422=DIRECTION('center_axis',(0.,1.,0.));
#5423=DIRECTION('ref_axis',(-0.573576436351047,0.,-0.819152044288991));
#5424=DIRECTION('center_axis',(0.664463024388674,0.707106781186549,0.241844762647973));
#5425=DIRECTION('ref_axis',(-0.664463024388677,0.707106781186546,-0.241844762647974));
#5426=DIRECTION('',(0.,-1.,0.));
#5427=DIRECTION('',(0.,1.,0.));
#5428=DIRECTION('center_axis',(0.,0.,1.));
#5429=DIRECTION('ref_axis',(-1.,0.,0.));
#5430=DIRECTION('',(-0.728739444818684,0.684791078771735,0.));
#5431=DIRECTION('',(1.,5.33761069531325E-17,0.));
#5432=DIRECTION('',(0.,-1.,0.));
#5433=DIRECTION('',(1.,0.,0.));
#5434=DIRECTION('',(0.,1.,0.));
#5435=DIRECTION('center_axis',(0.,-1.,0.));
#5436=DIRECTION('ref_axis',(0.846561673280017,0.,0.532290647422381));
#5437=DIRECTION('center_axis',(-5.33761069531325E-17,1.,0.));
#5438=DIRECTION('ref_axis',(0.846561673280017,4.5186166415417E-17,0.532290647422381));
#5439=DIRECTION('',(0.,1.,0.));
#5440=DIRECTION('center_axis',(-0.707106781186549,-0.707106781186546,0.));
#5441=DIRECTION('ref_axis',(0.707106781186546,-0.707106781186549,-4.90653893338679E-17));
#5442=DIRECTION('',(0.,-1.,0.));
#5443=DIRECTION('center_axis',(0.,1.,0.));
#5444=DIRECTION('ref_axis',(1.,0.,0.));
#5445=DIRECTION('center_axis',(-0.707106781186549,-0.707106781186546,0.));
#5446=DIRECTION('ref_axis',(0.707106781186546,-0.707106781186549,0.));
#5447=DIRECTION('center_axis',(0.,-1.,0.));
#5448=DIRECTION('ref_axis',(1.,0.,0.));
#5449=DIRECTION('',(0.,1.,0.));
#5450=DIRECTION('center_axis',(0.,-1.,1.88556899562697E-16));
#5451=DIRECTION('ref_axis',(1.,0.,0.));
#5452=DIRECTION('',(0.,1.,0.));
#5453=DIRECTION('center_axis',(-5.33761069531325E-17,1.,0.));
#5454=DIRECTION('ref_axis',(1.,5.33761069531325E-17,0.));
#5455=DIRECTION('center_axis',(0.,-1.,0.));
#5456=DIRECTION('ref_axis',(0.846561673280017,0.,0.532290647422381));
#5457=DIRECTION('center_axis',(-0.707106781186549,0.707106781186546,0.));
#5458=DIRECTION('ref_axis',(0.707106781186546,0.707106781186549,-4.90653893338679E-17));
#5459=DIRECTION('',(0.,1.,0.));
#5460=DIRECTION('center_axis',(-5.33761069531325E-17,-1.,0.));
#5461=DIRECTION('ref_axis',(0.846561673280017,-4.5186166415417E-17,0.532290647422381));
#5462=DIRECTION('',(0.,-1.,0.));
#5463=DIRECTION('center_axis',(0.,1.,0.));
#5464=DIRECTION('ref_axis',(1.,0.,0.));
#5465=DIRECTION('center_axis',(-5.33761069531325E-17,-1.,0.));
#5466=DIRECTION('ref_axis',(1.,-5.33761069531325E-17,0.));
#5467=DIRECTION('',(0.,1.,0.));
#5468=DIRECTION('center_axis',(0.,1.,1.88556899562697E-16));
#5469=DIRECTION('ref_axis',(1.,0.,0.));
#5470=DIRECTION('',(0.,1.,0.));
#5471=DIRECTION('center_axis',(0.,1.,0.));
#5472=DIRECTION('ref_axis',(1.,0.,0.));
#5473=DIRECTION('center_axis',(-0.707106781186549,0.707106781186546,0.));
#5474=DIRECTION('ref_axis',(0.707106781186546,0.707106781186549,0.));
#5475=DIRECTION('center_axis',(0.,1.,0.));
#5476=DIRECTION('ref_axis',(0.381881307912991,0.,0.924211375534116));
#5477=DIRECTION('center_axis',(-5.33761069531325E-17,-1.,0.));
#5478=DIRECTION('ref_axis',(0.381881307912991,-2.03833375345659E-17,0.924211375534116));
#5479=DIRECTION('',(0.,-1.,0.));
#5480=DIRECTION('center_axis',(0.,1.,1.88556899562697E-16));
#5481=DIRECTION('ref_axis',(0.381881307912991,-1.74266431511288E-16,0.924211375534116));
#5482=DIRECTION('center_axis',(0.,0.,-1.));
#5483=DIRECTION('ref_axis',(-1.,0.,0.));
#5484=DIRECTION('',(1.,-5.33761069531325E-17,0.));
#5485=DIRECTION('',(0.,1.,0.));
#5486=DIRECTION('',(1.,0.,0.));
#5487=DIRECTION('center_axis',(0.,1.,0.));
#5488=DIRECTION('ref_axis',(0.381881307912991,0.,0.924211375534116));
#5489=DIRECTION('center_axis',(0.,-1.,1.88556899562697E-16));
#5490=DIRECTION('ref_axis',(0.381881307912991,1.74266431511288E-16,0.924211375534116));
#5491=DIRECTION('',(0.,-1.,0.));
#5492=DIRECTION('center_axis',(-5.33761069531325E-17,1.,0.));
#5493=DIRECTION('ref_axis',(0.381881307912991,2.03833375345659E-17,0.924211375534116));
#5494=DIRECTION('center_axis',(0.,0.,1.));
#5495=DIRECTION('ref_axis',(-1.,0.,0.));
#5496=DIRECTION('',(1.,0.,0.));
#5497=DIRECTION('',(0.,1.,0.));
#5498=DIRECTION('',(1.,5.33761069531325E-17,0.));
#5499=DIRECTION('center_axis',(0.,-1.,1.88556899562697E-16));
#5500=DIRECTION('ref_axis',(0.,-1.88556899562697E-16,-1.));
#5501=DIRECTION('',(-1.,0.,0.));
#5502=DIRECTION('',(0.743144825477392,1.26169192537534E-16,0.66913060635886));
#5503=DIRECTION('center_axis',(0.,-1.,1.88556899562697E-16));
#5504=DIRECTION('ref_axis',(-0.358367949545302,1.76033030712733E-16,0.933580426497201));
#5505=DIRECTION('center_axis',(0.,1.,0.));
#5506=DIRECTION('ref_axis',(0.358367949545302,0.,-0.933580426497201));
#5507=DIRECTION('center_axis',(5.33761069531325E-17,-1.,0.));
#5508=DIRECTION('ref_axis',(0.358367949545302,1.91282860035048E-17,-0.933580426497201));
#5509=DIRECTION('',(0.,1.,0.));
#5510=DIRECTION('center_axis',(0.,1.,0.));
#5511=DIRECTION('ref_axis',(0.358367949545302,0.,-0.933580426497201));
#5512=DIRECTION('center_axis',(-0.66913060635886,0.,0.743144825477392));
#5513=DIRECTION('ref_axis',(-0.743144825477392,0.,-0.66913060635886));
#5514=DIRECTION('',(0.743144825477392,3.96661776863483E-17,0.66913060635886));
#5515=DIRECTION('',(0.,-1.,0.));
#5516=DIRECTION('',(0.,-1.,0.));
#5517=DIRECTION('',(0.743144825477392,0.,0.66913060635886));
#5518=DIRECTION('center_axis',(0.,-1.,0.));
#5519=DIRECTION('ref_axis',(0.358367949545302,0.,-0.933580426497201));
#5520=DIRECTION('center_axis',(5.33761069531325E-17,1.,0.));
#5521=DIRECTION('ref_axis',(0.358367949545302,-1.91282860035048E-17,-0.933580426497201));
#5522=DIRECTION('',(0.,-1.,0.));
#5523=DIRECTION('center_axis',(0.,-1.,0.));
#5524=DIRECTION('ref_axis',(0.358367949545302,0.,-0.933580426497201));
#5525=DIRECTION('',(0.,1.,0.));
#5526=DIRECTION('center_axis',(0.,0.,-1.));
#5527=DIRECTION('ref_axis',(-1.,0.,0.));
#5528=DIRECTION('',(-0.728739444818684,-0.684791078771735,0.));
#5529=DIRECTION('',(0.,-1.,0.));
#5530=DIRECTION('',(1.,0.,0.));
#5531=DIRECTION('',(1.,-5.33761069531325E-17,0.));
#5532=DIRECTION('center_axis',(0.,-1.,0.));
#5533=DIRECTION('ref_axis',(-0.358367949545302,0.,0.933580426497201));
#5534=DIRECTION('center_axis',(0.,1.,1.88556899562697E-16));
#5535=DIRECTION('ref_axis',(-0.358367949545302,-1.76033030712733E-16,0.933580426497201));
#5536=DIRECTION('center_axis',(-5.33761069531325E-17,-1.,0.));
#5537=DIRECTION('ref_axis',(-0.358367949545302,1.91282860035048E-17,0.933580426497201));
#5538=DIRECTION('',(0.,-1.,0.));
#5539=DIRECTION('center_axis',(0.66913060635886,0.,-0.743144825477392));
#5540=DIRECTION('ref_axis',(-0.743144825477392,0.,-0.66913060635886));
#5541=DIRECTION('',(0.743144825477392,0.,0.66913060635886));
#5542=DIRECTION('',(0.,1.,0.));
#5543=DIRECTION('',(0.743144825477392,-1.26169192537534E-16,0.66913060635886));
#5544=DIRECTION('',(0.743144825477392,-3.96661776863483E-17,0.66913060635886));
#5545=DIRECTION('center_axis',(0.,1.,0.));
#5546=DIRECTION('ref_axis',(-0.358367949545302,0.,0.933580426497201));
#5547=DIRECTION('center_axis',(-5.33761069531325E-17,1.,0.));
#5548=DIRECTION('ref_axis',(-0.358367949545302,-1.91282860035048E-17,0.933580426497201));
#5549=DIRECTION('center_axis',(0.,0.,1.));
#5550=DIRECTION('ref_axis',(1.,0.,0.));
#5551=DIRECTION('',(-1.,0.,0.));
#5552=DIRECTION('',(-1.,0.,0.));
#5553=DIRECTION('center_axis',(0.,-1.,-1.88556899562697E-16));
#5554=DIRECTION('ref_axis',(0.,1.88556899562697E-16,-1.));
#5555=DIRECTION('center_axis',(0.,1.,0.));
#5556=DIRECTION('ref_axis',(0.,0.,1.));
#5557=DIRECTION('',(0.,0.,1.));
#5558=DIRECTION('',(1.,0.,0.));
#5559=DIRECTION('',(0.,0.,-1.));
#5560=DIRECTION('',(1.,0.,0.));
#5561=DIRECTION('',(0.342020143325666,0.,-0.939692620785909));
#5562=DIRECTION('',(-1.,0.,0.));
#5563=DIRECTION('',(-0.707106781186544,0.,0.707106781186551));
#5564=DIRECTION('',(-1.,0.,0.));
#5565=DIRECTION('',(0.714472679632804,0.,0.699663340513365));
#5566=DIRECTION('',(-0.714472679632805,0.,0.699663340513364));
#5567=DIRECTION('center_axis',(0.,-1.,0.));
#5568=DIRECTION('ref_axis',(0.,0.,-1.));
#5569=DIRECTION('',(0.714472679632804,0.,0.699663340513365));
#5570=DIRECTION('',(-0.714472679632805,0.,0.699663340513364));
#5571=DIRECTION('center_axis',(0.,-1.,0.));
#5572=DIRECTION('ref_axis',(0.,0.,-1.));
#5573=DIRECTION('center_axis',(0.707106781186549,0.707106781186546,0.));
#5574=DIRECTION('ref_axis',(0.,0.,-1.));
#5575=DIRECTION('',(0.,0.,-1.));
#5576=DIRECTION('',(0.707106781186546,-0.707106781186549,0.));
#5577=DIRECTION('center_axis',(-1.,0.,0.));
#5578=DIRECTION('ref_axis',(0.,0.,1.));
#5579=DIRECTION('',(0.,1.,0.));
#5580=DIRECTION('',(0.,0.,-1.));
#5581=DIRECTION('',(0.,1.,0.));
#5582=DIRECTION('',(0.,0.,1.));
#5583=DIRECTION('',(0.,-1.,0.));
#5584=DIRECTION('',(0.,-1.,0.));
#5585=DIRECTION('',(0.,0.,-1.));
#5586=DIRECTION('center_axis',(1.,0.,0.));
#5587=DIRECTION('ref_axis',(0.,0.,-1.));
#5588=DIRECTION('center_axis',(-1.,0.,0.));
#5589=DIRECTION('ref_axis',(0.,0.,-1.));
#5590=DIRECTION('center_axis',(1.,0.,0.));
#5591=DIRECTION('ref_axis',(0.,0.,1.));
#5592=DIRECTION('center_axis',(-1.,0.,0.));
#5593=DIRECTION('ref_axis',(0.,0.,1.));
#5594=DIRECTION('center_axis',(0.,0.,1.));
#5595=DIRECTION('ref_axis',(-0.669130606358853,0.743144825477399,0.));
#5596=DIRECTION('center_axis',(1.,0.,0.));
#5597=DIRECTION('ref_axis',(0.,1.,0.));
#5598=DIRECTION('center_axis',(0.,1.,0.));
#5599=DIRECTION('ref_axis',(-1.,0.,2.22044604925031E-15));
#5600=DIRECTION('center_axis',(-0.904129709830581,-0.427258081025589,-6.69190414067715E-16));
#5601=DIRECTION('ref_axis',(-0.427258081025589,0.904129709830581,0.));
#5602=DIRECTION('center_axis',(0.,-1.,0.));
#5603=DIRECTION('ref_axis',(0.,0.,1.));
#5604=DIRECTION('center_axis',(1.,0.,0.));
#5605=DIRECTION('ref_axis',(0.,-1.,0.));
#5606=DIRECTION('center_axis',(0.,0.,-1.));
#5607=DIRECTION('ref_axis',(-0.669130606358855,-0.743144825477397,0.));
#5608=DIRECTION('center_axis',(-0.904129709830581,0.427258081025589,-6.69190414067715E-16));
#5609=DIRECTION('ref_axis',(-0.427258081025589,-0.904129709830581,0.));
#5610=DIRECTION('center_axis',(0.,1.,0.));
#5611=DIRECTION('ref_axis',(-0.707106781186547,0.,0.707106781186548));
#5612=DIRECTION('',(0.,-1.,0.));
#5613=DIRECTION('',(0.,1.,0.));
#5614=DIRECTION('center_axis',(0.743144825477398,0.669130606358854,0.));
#5615=DIRECTION('ref_axis',(-0.669130606358854,0.743144825477398,0.));
#5616=DIRECTION('',(-0.743144825477398,-0.669130606358854,0.));
#5617=DIRECTION('center_axis',(-0.933580426497204,-0.358367949545295,3.49543824061214E-15));
#5618=DIRECTION('ref_axis',(0.358367949545295,-0.933580426497204,1.41974731150105E-12));
#5619=DIRECTION('center_axis',(-6.93797061543845E-14,0.965925826289071,
0.258819045102512));
#5620=DIRECTION('ref_axis',(0.973904019445175,0.0587416385046034,-0.219226779418771));
#5621=DIRECTION('',(0.743144825477398,0.669130606358854,0.));
#5622=DIRECTION('center_axis',(-1.,0.,2.31296463463574E-16));
#5623=DIRECTION('ref_axis',(2.31296463463574E-16,0.,1.));
#5624=DIRECTION('',(-1.,0.,2.31296463463574E-16));
#5625=DIRECTION('center_axis',(-1.,0.,0.));
#5626=DIRECTION('ref_axis',(0.,0.,1.));
#5627=DIRECTION('center_axis',(0.,-1.,0.));
#5628=DIRECTION('ref_axis',(-1.,0.,-1.59265981952815E-15));
#5629=DIRECTION('center_axis',(0.,-1.,0.));
#5630=DIRECTION('ref_axis',(0.,0.,1.));
#5631=DIRECTION('',(0.,-1.,0.));
#5632=DIRECTION('center_axis',(0.,-1.,0.));
#5633=DIRECTION('ref_axis',(0.,0.,-1.));
#5634=DIRECTION('',(0.,-1.,0.));
#5635=DIRECTION('center_axis',(0.,-1.,0.));
#5636=DIRECTION('ref_axis',(-1.,0.,1.83697019872103E-16));
#5637=DIRECTION('center_axis',(0.,-1.,0.));
#5638=DIRECTION('ref_axis',(0.,0.,1.));
#5639=DIRECTION('',(0.,-1.,0.));
#5640=DIRECTION('center_axis',(0.,-1.,0.));
#5641=DIRECTION('ref_axis',(0.,0.,-1.));
#5642=DIRECTION('',(0.,-1.,0.));
#5643=DIRECTION('center_axis',(0.,-1.,0.));
#5644=DIRECTION('ref_axis',(-1.,0.,-7.04481399828022E-16));
#5645=DIRECTION('center_axis',(0.,-1.,0.));
#5646=DIRECTION('ref_axis',(0.,0.,1.));
#5647=DIRECTION('',(0.,-1.,0.));
#5648=DIRECTION('center_axis',(0.,-1.,0.));
#5649=DIRECTION('ref_axis',(0.,0.,-1.));
#5650=DIRECTION('',(0.,-1.,0.));
#5651=DIRECTION('center_axis',(0.,1.,0.));
#5652=DIRECTION('ref_axis',(-1.,0.,-3.17263392852817E-13));
#5653=DIRECTION('center_axis',(0.,-1.,0.));
#5654=DIRECTION('ref_axis',(0.,0.,1.));
#5655=DIRECTION('',(0.,1.,0.));
#5656=DIRECTION('center_axis',(-3.12511369670194E-15,-0.965925826289068,
-0.258819045102524));
#5657=DIRECTION('ref_axis',(7.6994879839032E-14,0.258819045102524,-0.965925826289067));
#5658=DIRECTION('center_axis',(-4.47847663050377E-14,-0.965925826289048,
-0.258819045102596));
#5659=DIRECTION('ref_axis',(1.05362177537864E-11,0.258819045102596,-0.965925826289048));
#5660=DIRECTION('',(0.,1.,0.));
#5661=DIRECTION('center_axis',(0.699663340513364,0.,-0.714472679632805));
#5662=DIRECTION('ref_axis',(-0.714472679632805,0.,-0.699663340513364));
#5663=DIRECTION('',(0.702238603182091,-0.184264063692231,0.687682847708514));
#5664=DIRECTION('',(0.714472679632805,0.,0.699663340513364));
#5665=DIRECTION('',(0.,1.,0.));
#5666=DIRECTION('center_axis',(0.699663340513364,0.,0.714472679632805));
#5667=DIRECTION('ref_axis',(0.714472679632805,0.,-0.699663340513364));
#5668=DIRECTION('',(-0.702238603182091,-0.184264063692231,0.687682847708514));
#5669=DIRECTION('',(-0.714472679632805,0.,0.699663340513364));
#5670=DIRECTION('center_axis',(0.699663340513364,0.,0.714472679632805));
#5671=DIRECTION('ref_axis',(0.714472679632805,0.,-0.699663340513364));
#5672=DIRECTION('',(-0.714472679632805,0.,0.699663340513364));
#5673=DIRECTION('',(0.,-1.,0.));
#5674=DIRECTION('',(-0.714472679632805,0.,0.699663340513364));
#5675=DIRECTION('center_axis',(0.699663340513365,0.,-0.714472679632804));
#5676=DIRECTION('ref_axis',(-0.714472679632804,0.,-0.699663340513365));
#5677=DIRECTION('',(0.714472679632804,0.,0.699663340513365));
#5678=DIRECTION('',(0.714472679632804,0.,0.699663340513365));
#5679=DIRECTION('center_axis',(0.699663340513364,0.,0.714472679632805));
#5680=DIRECTION('ref_axis',(0.714472679632805,0.,-0.699663340513364));
#5681=DIRECTION('',(-0.714472679632805,0.,0.699663340513364));
#5682=DIRECTION('',(0.,-1.,0.));
#5683=DIRECTION('',(-0.714472679632805,0.,0.699663340513364));
#5684=DIRECTION('center_axis',(0.699663340513365,0.,-0.714472679632804));
#5685=DIRECTION('ref_axis',(-0.714472679632804,0.,-0.699663340513365));
#5686=DIRECTION('',(0.714472679632804,0.,0.699663340513365));
#5687=DIRECTION('',(0.714472679632804,0.,0.699663340513365));
#5688=DIRECTION('center_axis',(0.699663340513364,0.,0.714472679632805));
#5689=DIRECTION('ref_axis',(0.714472679632805,0.,-0.699663340513364));
#5690=DIRECTION('',(-0.714472679632805,0.,0.699663340513364));
#5691=DIRECTION('',(0.,-1.,0.));
#5692=DIRECTION('',(-0.714472679632805,0.,0.699663340513364));
#5693=DIRECTION('center_axis',(0.699663340513364,0.,-0.714472679632805));
#5694=DIRECTION('ref_axis',(-0.714472679632805,0.,-0.699663340513364));
#5695=DIRECTION('',(0.714472679632805,0.,0.699663340513364));
#5696=DIRECTION('',(0.714472679632805,0.,0.699663340513364));
#5697=DIRECTION('center_axis',(0.,1.,0.));
#5698=DIRECTION('ref_axis',(0.,0.,1.));
#5699=DIRECTION('',(-0.707106781186544,0.,0.707106781186551));
#5700=DIRECTION('',(-1.,0.,0.));
#5701=DIRECTION('',(0.,0.,-1.));
#5702=DIRECTION('',(-1.,0.,0.));
#5703=DIRECTION('',(-0.342020143325666,0.,0.939692620785909));
#5704=DIRECTION('',(0.707106781186546,0.,0.707106781186549));
#5705=DIRECTION('',(1.,0.,0.));
#5706=DIRECTION('',(-1.,0.,0.));
#5707=DIRECTION('',(0.,0.,1.));
#5708=DIRECTION('center_axis',(0.,0.,1.));
#5709=DIRECTION('ref_axis',(1.,0.,0.));
#5710=DIRECTION('',(0.,1.,0.));
#5711=DIRECTION('',(-0.728739444818684,-0.684791078771735,0.));
#5712=DIRECTION('',(-1.,0.,0.));
#5713=DIRECTION('',(0.,1.,0.));
#5714=DIRECTION('center_axis',(0.,-1.,-1.88556899562697E-16));
#5715=DIRECTION('ref_axis',(0.,1.88556899562697E-16,-1.));
#5716=DIRECTION('',(-0.342020143325666,-1.77185527117336E-16,0.939692620785909));
#5717=DIRECTION('',(-1.,0.,0.));
#5718=DIRECTION('',(0.,0.,1.));
#5719=DIRECTION('center_axis',(0.,0.,-1.));
#5720=DIRECTION('ref_axis',(-1.,0.,0.));
#5721=DIRECTION('',(0.,-1.,0.));
#5722=DIRECTION('',(-0.728739444818685,-0.684791078771734,0.));
#5723=DIRECTION('',(0.,-1.,0.));
#5724=DIRECTION('',(0.728739444818684,0.684791078771735,0.));
#5725=DIRECTION('center_axis',(-1.,0.,0.));
#5726=DIRECTION('ref_axis',(0.,0.,1.));
#5727=DIRECTION('center_axis',(0.,0.,1.));
#5728=DIRECTION('ref_axis',(1.,0.,0.));
#5729=DIRECTION('',(0.,1.,0.));
#5730=DIRECTION('',(1.,0.,0.));
#5731=DIRECTION('center_axis',(-0.707106781186549,0.,0.707106781186546));
#5732=DIRECTION('ref_axis',(0.707106781186546,0.,0.707106781186549));
#5733=DIRECTION('',(0.52394183239901,0.671542934237814,0.523941832399012));
#5734=DIRECTION('',(0.,-1.,0.));
#5735=DIRECTION('',(0.52394183239901,-0.671542934237814,0.523941832399012));
#5736=DIRECTION('',(0.707106781186546,0.,0.707106781186549));
#5737=DIRECTION('center_axis',(0.,1.,0.));
#5738=DIRECTION('ref_axis',(0.,0.,1.));
#5739=DIRECTION('center_axis',(0.699663340513365,0.,-0.714472679632804));
#5740=DIRECTION('ref_axis',(-0.714472679632804,0.,-0.699663340513365));
#5741=DIRECTION('',(0.714472679632804,0.,0.699663340513365));
#5742=DIRECTION('',(0.,1.,0.));
#5743=DIRECTION('',(-0.714472679632804,0.,-0.699663340513365));
#5744=DIRECTION('',(0.,1.,0.));
#5745=DIRECTION('center_axis',(0.699663340513366,0.,0.714472679632802));
#5746=DIRECTION('ref_axis',(0.714472679632803,0.,-0.699663340513366));
#5747=DIRECTION('',(-0.714472679632802,0.,0.699663340513366));
#5748=DIRECTION('',(0.,1.,0.));
#5749=DIRECTION('',(0.714472679632802,0.,-0.699663340513366));
#5750=DIRECTION('center_axis',(0.699663340513365,0.,-0.714472679632804));
#5751=DIRECTION('ref_axis',(-0.714472679632804,0.,-0.699663340513365));
#5752=DIRECTION('',(0.714472679632804,0.,0.699663340513365));
#5753=DIRECTION('',(0.,1.,0.));
#5754=DIRECTION('',(-0.714472679632804,0.,-0.699663340513365));
#5755=DIRECTION('',(0.,1.,0.));
#5756=DIRECTION('center_axis',(0.699663340513365,0.,0.714472679632804));
#5757=DIRECTION('ref_axis',(0.714472679632804,0.,-0.699663340513365));
#5758=DIRECTION('',(-0.714472679632804,0.,0.699663340513365));
#5759=DIRECTION('',(0.,1.,0.));
#5760=DIRECTION('',(0.714472679632804,0.,-0.699663340513365));
#5761=DIRECTION('center_axis',(0.,0.965925826289068,0.258819045102521));
#5762=DIRECTION('ref_axis',(0.,-0.258819045102521,0.965925826289068));
#5763=DIRECTION('',(1.,0.,0.));
#5764=DIRECTION('',(0.331668125174636,0.24416888505968,-0.911250684670171));
#5765=DIRECTION('',(-1.,5.33761069531325E-17,-1.9920234305932E-16));
#5766=DIRECTION('',(-0.276260971298657,-0.248746495838958,0.928334560675709));
#5767=DIRECTION('',(1.,0.,0.));
#5768=DIRECTION('center_axis',(-1.,0.,0.));
#5769=DIRECTION('ref_axis',(0.,0.,1.));
#5770=DIRECTION('',(-1.,0.,0.));
#5771=DIRECTION('center_axis',(-1.,0.,0.));
#5772=DIRECTION('ref_axis',(0.,0.,1.));
#5773=DIRECTION('center_axis',(0.707106781186551,0.,0.707106781186544));
#5774=DIRECTION('ref_axis',(0.,1.,0.));
#5775=DIRECTION('',(0.651329340593437,0.389281620635022,-0.651329340593443));
#5776=DIRECTION('center_axis',(0.664463024388674,-0.707106781186549,0.241844762647973));
#5777=DIRECTION('ref_axis',(-0.342020143325666,2.77555756156289E-17,0.939692620785909));
#5778=DIRECTION('',(0.523941832399015,0.671542934237818,0.523941832399002));
#5779=DIRECTION('center_axis',(0.707106781186538,0.,-0.707106781186557));
#5780=DIRECTION('ref_axis',(0.,-1.,0.));
#5781=DIRECTION('',(0.523941832399016,0.671542934237817,0.523941832399002));
#5782=DIRECTION('center_axis',(-0.664463024388673,0.70710678118655,-0.241844762647973));
#5783=DIRECTION('ref_axis',(0.342020143325666,-2.77555756156289E-16,-0.939692620785909));
#5784=DIRECTION('center_axis',(0.664463024388659,-0.707106781186566,0.241844762647964));
#5785=DIRECTION('ref_axis',(0.664463024393635,0.707106781186529,0.241844762634401));
#5786=DIRECTION('center_axis',(-0.707106781186549,0.707106781186546,0.));
#5787=DIRECTION('ref_axis',(0.,0.,-1.));
#5788=DIRECTION('',(-0.707106781186546,-0.707106781186549,0.));
#5789=DIRECTION('',(0.,0.,-1.));
#5790=DIRECTION('center_axis',(-0.331668125174636,-0.24416888505968,0.911250684670171));
#5791=DIRECTION('ref_axis',(0.939692620785909,5.55111512312579E-17,0.342020143325666));
#5792=DIRECTION('center_axis',(-0.331668125174637,-0.244168885059681,0.91125068467017));
#5793=DIRECTION('ref_axis',(0.939692620785909,9.71445146547012E-17,0.342020143325667));
#5794=DIRECTION('center_axis',(0.,1.,0.));
#5795=DIRECTION('ref_axis',(-0.342020143325666,0.,0.939692620785909));
#5796=DIRECTION('center_axis',(0.,-1.,0.));
#5797=DIRECTION('ref_axis',(0.,0.,-1.));
#5798=DIRECTION('center_axis',(0.,1.,0.));
#5799=DIRECTION('ref_axis',(0.,0.,1.));
#5800=DIRECTION('',(0.,1.,0.));
#5801=DIRECTION('center_axis',(0.,-1.,0.));
#5802=DIRECTION('ref_axis',(0.,0.,-1.));
#5803=DIRECTION('',(0.,1.,0.));
#5804=DIRECTION('center_axis',(-0.664463024388659,-0.707106781186566,-0.241844762647964));
#5805=DIRECTION('ref_axis',(0.664463024393635,-0.707106781186529,0.241844762634401));
#5806=DIRECTION('center_axis',(1.,0.,0.));
#5807=DIRECTION('ref_axis',(0.,1.,1.83697019872103E-16));
#5808=DIRECTION('',(-1.,0.,0.));
#5809=DIRECTION('center_axis',(-1.,0.,0.));
#5810=DIRECTION('ref_axis',(0.,0.,-1.));
#5811=DIRECTION('',(1.,0.,0.));
#5812=DIRECTION('center_axis',(0.,0.,1.));
#5813=DIRECTION('ref_axis',(1.,0.,0.));
#5814=DIRECTION('',(-0.743144825477398,0.669130606358854,0.));
#5815=DIRECTION('',(-1.,0.,0.));
#5816=DIRECTION('center_axis',(1.,0.,-2.31296463463574E-16));
#5817=DIRECTION('ref_axis',(2.31296463463574E-16,0.,1.));
#5818=DIRECTION('center_axis',(1.,0.,0.));
#5819=DIRECTION('ref_axis',(0.,0.,1.));
#5820=DIRECTION('',(1.,0.,-2.31296463463574E-16));
#5821=DIRECTION('center_axis',(0.,-1.,0.));
#5822=DIRECTION('ref_axis',(-1.,0.,-1.59265981952815E-15));
#5823=DIRECTION('center_axis',(0.,-1.,0.));
#5824=DIRECTION('ref_axis',(0.,0.,1.));
#5825=DIRECTION('',(0.,1.,0.));
#5826=DIRECTION('center_axis',(0.,-1.,0.));
#5827=DIRECTION('ref_axis',(0.,0.,-1.));
#5828=DIRECTION('',(0.,1.,0.));
#5829=DIRECTION('center_axis',(0.,-1.,0.));
#5830=DIRECTION('ref_axis',(-1.,0.,1.83697019872103E-16));
#5831=DIRECTION('center_axis',(0.,-1.,0.));
#5832=DIRECTION('ref_axis',(0.,0.,1.));
#5833=DIRECTION('',(0.,1.,0.));
#5834=DIRECTION('',(0.,1.,0.));
#5835=DIRECTION('center_axis',(0.,-1.,0.));
#5836=DIRECTION('ref_axis',(-1.,0.,-7.04481399828022E-16));
#5837=DIRECTION('center_axis',(0.,-1.,0.));
#5838=DIRECTION('ref_axis',(0.,0.,1.));
#5839=DIRECTION('',(0.,1.,0.));
#5840=DIRECTION('',(0.,1.,0.));
#5841=DIRECTION('center_axis',(0.,1.,0.));
#5842=DIRECTION('ref_axis',(-1.,0.,-3.17263392852817E-13));
#5843=DIRECTION('center_axis',(0.,-1.,0.));
#5844=DIRECTION('ref_axis',(0.,0.,1.));
#5845=DIRECTION('',(0.,-1.,0.));
#5846=DIRECTION('center_axis',(4.47847663050377E-14,-0.965925826289048,
0.258819045102596));
#5847=DIRECTION('ref_axis',(1.05362177537864E-11,-0.258819045102596,-0.965925826289048));
#5848=DIRECTION('center_axis',(3.12511369670194E-15,-0.965925826289068,
0.258819045102524));
#5849=DIRECTION('ref_axis',(7.6994879839032E-14,-0.258819045102524,-0.965925826289067));
#5850=DIRECTION('',(0.,-1.,0.));
#5851=DIRECTION('center_axis',(0.939692620785909,0.,0.342020143325666));
#5852=DIRECTION('ref_axis',(-0.342020143325666,0.,0.939692620785909));
#5853=DIRECTION('',(0.342020143325666,-1.77185527117336E-16,-0.939692620785909));
#5854=DIRECTION('',(0.,-1.,0.));
#5855=DIRECTION('',(0.342020143325666,0.,-0.939692620785909));
#5856=DIRECTION('',(-0.331668125174636,0.24416888505968,0.911250684670171));
#5857=DIRECTION('',(-0.342020143325666,-1.82557037502765E-17,0.939692620785909));
#5858=DIRECTION('center_axis',(-0.699663340513364,0.,0.714472679632805));
#5859=DIRECTION('ref_axis',(-0.714472679632805,0.,-0.699663340513364));
#5860=DIRECTION('',(0.702238603182091,0.184264063692231,0.687682847708514));
#5861=DIRECTION('',(0.,-1.,0.));
#5862=DIRECTION('',(0.714472679632805,0.,0.699663340513364));
#5863=DIRECTION('center_axis',(-0.699663340513364,0.,-0.714472679632805));
#5864=DIRECTION('ref_axis',(0.714472679632805,0.,-0.699663340513364));
#5865=DIRECTION('',(-0.702238603182091,0.184264063692231,0.687682847708514));
#5866=DIRECTION('',(-0.714472679632805,0.,0.699663340513364));
#5867=DIRECTION('center_axis',(-0.699663340513364,0.,-0.714472679632805));
#5868=DIRECTION('ref_axis',(0.714472679632805,0.,-0.699663340513364));
#5869=DIRECTION('',(-0.714472679632805,0.,0.699663340513364));
#5870=DIRECTION('',(0.,1.,0.));
#5871=DIRECTION('center_axis',(-0.699663340513365,0.,0.714472679632804));
#5872=DIRECTION('ref_axis',(-0.714472679632804,0.,-0.699663340513365));
#5873=DIRECTION('',(0.714472679632804,0.,0.699663340513365));
#5874=DIRECTION('center_axis',(-0.699663340513364,0.,-0.714472679632805));
#5875=DIRECTION('ref_axis',(0.714472679632805,0.,-0.699663340513364));
#5876=DIRECTION('',(-0.714472679632805,0.,0.699663340513364));
#5877=DIRECTION('',(0.,1.,0.));
#5878=DIRECTION('center_axis',(-0.699663340513365,0.,0.714472679632804));
#5879=DIRECTION('ref_axis',(-0.714472679632804,0.,-0.699663340513365));
#5880=DIRECTION('',(0.714472679632804,0.,0.699663340513365));
#5881=DIRECTION('center_axis',(-0.699663340513364,0.,-0.714472679632805));
#5882=DIRECTION('ref_axis',(0.714472679632805,0.,-0.699663340513364));
#5883=DIRECTION('',(-0.714472679632805,0.,0.699663340513364));
#5884=DIRECTION('',(-0.714472679632805,0.,0.699663340513364));
#5885=DIRECTION('',(0.,1.,0.));
#5886=DIRECTION('center_axis',(-0.699663340513364,0.,0.714472679632805));
#5887=DIRECTION('ref_axis',(-0.714472679632805,0.,-0.699663340513364));
#5888=DIRECTION('',(0.714472679632805,0.,0.699663340513364));
#5889=DIRECTION('',(0.714472679632805,0.,0.699663340513364));
#5890=DIRECTION('center_axis',(0.,0.,-1.));
#5891=DIRECTION('ref_axis',(1.,0.,0.));
#5892=DIRECTION('center_axis',(0.,0.,-1.));
#5893=DIRECTION('ref_axis',(1.,0.,0.));
#5894=DIRECTION('',(-0.728739444818684,0.684791078771735,0.));
#5895=DIRECTION('',(0.,-1.,0.));
#5896=DIRECTION('center_axis',(0.,0.,1.));
#5897=DIRECTION('ref_axis',(-1.,0.,0.));
#5898=DIRECTION('',(-0.728739444818684,0.684791078771735,0.));
#5899=DIRECTION('',(-1.,0.,0.));
#5900=DIRECTION('',(-0.728739444818685,0.684791078771734,0.));
#5901=DIRECTION('',(0.,1.,0.));
#5902=DIRECTION('center_axis',(0.,1.,0.));
#5903=DIRECTION('ref_axis',(0.,0.,1.));
#5904=DIRECTION('center_axis',(-0.699663340513365,0.,0.714472679632804));
#5905=DIRECTION('ref_axis',(-0.714472679632804,0.,-0.699663340513365));
#5906=DIRECTION('',(0.714472679632804,0.,0.699663340513365));
#5907=DIRECTION('',(0.,-1.,0.));
#5908=DIRECTION('',(-0.714472679632804,0.,-0.699663340513365));
#5909=DIRECTION('',(0.,-1.,0.));
#5910=DIRECTION('center_axis',(-0.699663340513366,0.,-0.714472679632802));
#5911=DIRECTION('ref_axis',(0.714472679632803,0.,-0.699663340513366));
#5912=DIRECTION('',(-0.714472679632802,0.,0.699663340513366));
#5913=DIRECTION('',(0.714472679632802,0.,-0.699663340513366));
#5914=DIRECTION('',(0.,-1.,0.));
#5915=DIRECTION('center_axis',(-0.699663340513365,0.,0.714472679632804));
#5916=DIRECTION('ref_axis',(-0.714472679632804,0.,-0.699663340513365));
#5917=DIRECTION('',(0.714472679632804,0.,0.699663340513365));
#5918=DIRECTION('',(0.,-1.,0.));
#5919=DIRECTION('',(-0.714472679632804,0.,-0.699663340513365));
#5920=DIRECTION('',(0.,-1.,0.));
#5921=DIRECTION('center_axis',(-0.699663340513365,0.,-0.714472679632804));
#5922=DIRECTION('ref_axis',(0.714472679632804,0.,-0.699663340513365));
#5923=DIRECTION('',(-0.714472679632804,0.,0.699663340513365));
#5924=DIRECTION('',(0.714472679632804,0.,-0.699663340513365));
#5925=DIRECTION('',(0.,-1.,0.));
#5926=DIRECTION('center_axis',(0.,0.965925826289068,-0.258819045102521));
#5927=DIRECTION('ref_axis',(0.,0.258819045102521,0.965925826289068));
#5928=DIRECTION('',(1.,0.,0.));
#5929=DIRECTION('',(1.,0.,0.));
#5930=DIRECTION('center_axis',(6.93797061543845E-14,0.965925826289071,-0.258819045102512));
#5931=DIRECTION('ref_axis',(0.973904019445175,-0.0587416385046034,-0.219226779418771));
#5932=DIRECTION('',(-0.276260971298657,0.248746495838958,0.928334560675709));
#5933=DIRECTION('',(-1.,-5.33761069531325E-17,-1.9920234305932E-16));
#5934=DIRECTION('center_axis',(-2.14716580331579E-14,0.965925826289112,
-0.258819045102359));
#5935=DIRECTION('ref_axis',(-0.352607693444124,0.242195418897286,0.903885608685736));
#5936=DIRECTION('',(0.331668125174636,-0.24416888505968,-0.911250684670171));
#5937=DIRECTION('center_axis',(1.,0.,0.));
#5938=DIRECTION('ref_axis',(0.,0.,1.));
#5939=DIRECTION('center_axis',(0.933580426497204,-0.358367949545295,-3.49543824061214E-15));
#5940=DIRECTION('ref_axis',(0.358367949545295,0.933580426497204,1.41974731150105E-12));
#5941=DIRECTION('center_axis',(1.,0.,0.));
#5942=DIRECTION('ref_axis',(0.,0.,1.));
#5943=DIRECTION('center_axis',(-0.743144825477398,0.669130606358854,0.));
#5944=DIRECTION('ref_axis',(-0.669130606358854,-0.743144825477398,0.));
#5945=DIRECTION('',(0.743144825477398,-0.669130606358854,0.));
#5946=DIRECTION('center_axis',(-0.707106781186551,0.,-0.707106781186544));
#5947=DIRECTION('ref_axis',(0.,-1.,0.));
#5948=DIRECTION('',(0.651329340593437,-0.389281620635022,-0.651329340593443));
#5949=DIRECTION('center_axis',(-0.664463024388674,-0.707106781186549,-0.241844762647973));
#5950=DIRECTION('ref_axis',(-0.342020143325666,-2.77555756156289E-17,0.939692620785909));
#5951=DIRECTION('',(-0.728739444818684,0.684791078771735,0.));
#5952=DIRECTION('',(0.342020143325666,0.,-0.939692620785909));
#5953=DIRECTION('',(0.728739444818684,-0.684791078771735,0.));
#5954=DIRECTION('',(0.342020143325666,0.,-0.939692620785909));
#5955=DIRECTION('',(0.523941832399015,-0.671542934237818,0.523941832399002));
#5956=DIRECTION('center_axis',(-0.707106781186538,0.,0.707106781186557));
#5957=DIRECTION('ref_axis',(0.,1.,0.));
#5958=DIRECTION('',(0.523941832399016,-0.671542934237817,0.523941832399002));
#5959=DIRECTION('center_axis',(0.664463024388673,0.70710678118655,0.241844762647973));
#5960=DIRECTION('ref_axis',(0.342020143325666,2.77555756156289E-16,-0.939692620785909));
#5961=DIRECTION('',(-0.342020143325666,0.,0.939692620785909));
#5962=DIRECTION('center_axis',(-0.342020143325666,-1.82557037502765E-17,
0.939692620785909));
#5963=DIRECTION('ref_axis',(-0.939692620785909,7.70371977754895E-33,-0.342020143325666));
#5964=DIRECTION('center_axis',(0.339422272508253,-0.123018852662025,-0.932555029376311));
#5965=DIRECTION('ref_axis',(0.0420749256208281,0.992404333872902,-0.11559990806347));
#5966=DIRECTION('',(0.342020143325666,1.82557037502765E-17,-0.939692620785909));
#5967=DIRECTION('center_axis',(0.331668125174636,-0.24416888505968,-0.911250684670171));
#5968=DIRECTION('ref_axis',(0.939692620785909,-5.55111512312579E-17,0.342020143325666));
#5969=DIRECTION('center_axis',(0.331668125174637,-0.244168885059681,-0.91125068467017));
#5970=DIRECTION('ref_axis',(0.939692620785909,-9.71445146547012E-17,0.342020143325667));
#5971=DIRECTION('center_axis',(0.,-1.,0.));
#5972=DIRECTION('ref_axis',(-0.342020143325666,0.,0.939692620785909));
#5973=DIRECTION('center_axis',(-1.,0.,0.));
#5974=DIRECTION('ref_axis',(0.,-1.,1.83697019872103E-16));
#5975=DIRECTION('center_axis',(1.,0.,0.));
#5976=DIRECTION('ref_axis',(0.,0.,-1.));
#5977=DIRECTION('center_axis',(0.,0.,1.));
#5978=DIRECTION('ref_axis',(0.,-1.,0.));
#5979=DIRECTION('',(-1.,0.,0.));
#5980=DIRECTION('center_axis',(0.,1.,0.));
#5981=DIRECTION('ref_axis',(-3.24413909758622E-16,0.,1.));
#5982=DIRECTION('',(-1.,0.,0.));
#5983=DIRECTION('center_axis',(0.,0.,-1.));
#5984=DIRECTION('ref_axis',(0.,1.,0.));
#5985=DIRECTION('',(-1.,0.,0.));
#5986=DIRECTION('center_axis',(0.,1.,0.));
#5987=DIRECTION('ref_axis',(0.,0.,1.));
#5988=DIRECTION('center_axis',(0.,0.,1.));
#5989=DIRECTION('ref_axis',(1.,0.,0.));
#5990=DIRECTION('',(0.,-1.,0.));
#5991=DIRECTION('',(0.,-1.,0.));
#5992=DIRECTION('',(-1.,-5.33761069531325E-17,0.));
#5993=DIRECTION('',(1.,5.33761069531325E-17,0.));
#5994=DIRECTION('center_axis',(0.,0.,1.));
#5995=DIRECTION('ref_axis',(1.,0.,0.));
#5996=DIRECTION('',(-1.,0.,0.));
#5997=DIRECTION('center_axis',(0.,0.,1.));
#5998=DIRECTION('ref_axis',(0.707106781186548,-0.707106781186547,0.));
#5999=DIRECTION('',(0.707106781186548,-0.707106781186547,0.));
#6000=DIRECTION('',(-0.707106781186548,-0.707106781186547,0.));
#6001=DIRECTION('center_axis',(0.,0.,1.));
#6002=DIRECTION('ref_axis',(0.707106781186548,-0.707106781186547,0.));
#6003=DIRECTION('center_axis',(0.,0.,1.));
#6004=DIRECTION('ref_axis',(-0.707106781186547,-0.707106781186548,0.));
#6005=DIRECTION('',(0.,1.,0.));
#6006=DIRECTION('center_axis',(0.,0.,-1.));
#6007=DIRECTION('ref_axis',(1.,0.,0.));
#6008=DIRECTION('center_axis',(0.,0.,-1.));
#6009=DIRECTION('ref_axis',(1.,0.,0.));
#6010=DIRECTION('',(0.,1.,0.));
#6011=DIRECTION('center_axis',(0.,0.,1.));
#6012=DIRECTION('ref_axis',(-0.707106781186547,0.707106781186548,0.));
#6013=DIRECTION('center_axis',(0.,0.,1.));
#6014=DIRECTION('ref_axis',(0.707106781186548,-0.707106781186547,0.));
#6015=DIRECTION('',(0.707106781186548,-0.707106781186547,0.));
#6016=DIRECTION('',(-0.707106781186548,-0.707106781186547,0.));
#6017=DIRECTION('center_axis',(0.,0.,1.));
#6018=DIRECTION('ref_axis',(0.707106781186548,-0.707106781186547,0.));
#6019=DIRECTION('',(1.,0.,0.));
#6020=DIRECTION('center_axis',(0.,0.,1.));
#6021=DIRECTION('ref_axis',(0.,1.,0.));
#6022=DIRECTION('',(-1.,5.33761069531325E-17,0.));
#6023=DIRECTION('',(1.,-5.33761069531325E-17,0.));
#6024=DIRECTION('center_axis',(0.,0.,-1.));
#6025=DIRECTION('ref_axis',(0.707106781186548,-0.707106781186547,0.));
#6026=DIRECTION('',(0.707106781186548,-0.707106781186547,0.));
#6027=DIRECTION('',(-0.707106781186548,-0.707106781186547,0.));
#6028=DIRECTION('',(-0.707106781186548,-0.707106781186547,0.));
#6029=DIRECTION('center_axis',(0.,0.,-1.));
#6030=DIRECTION('ref_axis',(0.707106781186548,-0.707106781186547,0.));
#6031=DIRECTION('',(0.707106781186548,-0.707106781186547,0.));
#6032=DIRECTION('',(-0.707106781186548,-0.707106781186547,0.));
#6033=DIRECTION('center_axis',(0.,0.,-1.));
#6034=DIRECTION('ref_axis',(0.707106781186548,-0.707106781186547,0.));
#6035=DIRECTION('',(0.707106781186548,-0.707106781186547,0.));
#6036=DIRECTION('center_axis',(0.707106781186547,0.707106781186548,0.));
#6037=DIRECTION('ref_axis',(-0.707106781186548,0.707106781186547,0.));
#6038=DIRECTION('',(0.,0.,1.));
#6039=DIRECTION('',(-0.707106781186548,0.707106781186547,0.));
#6040=DIRECTION('',(0.,0.,1.));
#6041=DIRECTION('center_axis',(0.,0.,1.));
#6042=DIRECTION('ref_axis',(-1.,-1.11022302462516E-16,0.));
#6043=DIRECTION('',(0.,0.,1.));
#6044=DIRECTION('center_axis',(0.,0.,1.));
#6045=DIRECTION('ref_axis',(0.707106781186548,-0.707106781186547,0.));
#6046=DIRECTION('center_axis',(0.707106781186547,-0.707106781186548,0.));
#6047=DIRECTION('ref_axis',(0.707106781186548,0.707106781186547,0.));
#6048=DIRECTION('',(0.707106781186548,0.707106781186547,0.));
#6049=DIRECTION('center_axis',(0.707106781186547,0.707106781186548,0.));
#6050=DIRECTION('ref_axis',(-0.707106781186548,0.707106781186547,0.));
#6051=DIRECTION('',(0.,0.,1.));
#6052=DIRECTION('',(-0.707106781186548,0.707106781186547,0.));
#6053=DIRECTION('',(0.,0.,1.));
#6054=DIRECTION('center_axis',(0.,0.,1.));
#6055=DIRECTION('ref_axis',(-1.,-1.11022302462516E-16,0.));
#6056=DIRECTION('',(0.,0.,1.));
#6057=DIRECTION('center_axis',(0.,0.,1.));
#6058=DIRECTION('ref_axis',(0.707106781186548,-0.707106781186547,0.));
#6059=DIRECTION('center_axis',(0.707106781186547,-0.707106781186548,0.));
#6060=DIRECTION('ref_axis',(0.707106781186548,0.707106781186547,0.));
#6061=DIRECTION('',(0.707106781186548,0.707106781186547,0.));
#6062=DIRECTION('center_axis',(0.,0.,-1.));
#6063=DIRECTION('ref_axis',(-1.,0.,0.));
#6064=DIRECTION('center_axis',(0.,0.,1.));
#6065=DIRECTION('ref_axis',(1.,0.,0.));
#6066=DIRECTION('',(0.,0.,-1.));
#6067=DIRECTION('center_axis',(0.,0.,1.));
#6068=DIRECTION('ref_axis',(1.02999206386123E-14,1.,0.));
#6069=DIRECTION('',(0.,0.,-1.));
#6070=DIRECTION('center_axis',(0.,0.,-1.));
#6071=DIRECTION('ref_axis',(-1.,0.,0.));
#6072=DIRECTION('center_axis',(0.,0.,1.));
#6073=DIRECTION('ref_axis',(1.,0.,0.));
#6074=DIRECTION('',(0.,0.,-1.));
#6075=DIRECTION('center_axis',(0.,0.,1.));
#6076=DIRECTION('ref_axis',(1.,0.,0.));
#6077=DIRECTION('',(0.,0.,-1.));
#6078=DIRECTION('center_axis',(0.699663340513364,0.714472679632805,0.));
#6079=DIRECTION('ref_axis',(-0.714472679632805,0.699663340513364,0.));
#6080=DIRECTION('',(0.,0.,1.));
#6081=DIRECTION('',(0.714472679632804,-0.699663340513364,0.));
#6082=DIRECTION('',(0.,0.,1.));
#6083=DIRECTION('',(0.714472679632804,-0.699663340513364,0.));
#6084=DIRECTION('center_axis',(0.699663340513364,-0.714472679632804,0.));
#6085=DIRECTION('ref_axis',(0.714472679632804,0.699663340513364,0.));
#6086=DIRECTION('',(-0.714472679632804,-0.699663340513364,0.));
#6087=DIRECTION('',(0.,0.,1.));
#6088=DIRECTION('',(-0.714472679632804,-0.699663340513364,0.));
#6089=DIRECTION('center_axis',(0.699663340513364,0.714472679632805,0.));
#6090=DIRECTION('ref_axis',(-0.714472679632805,0.699663340513364,0.));
#6091=DIRECTION('',(0.,0.,1.));
#6092=DIRECTION('',(0.714472679632805,-0.699663340513364,0.));
#6093=DIRECTION('',(0.,0.,1.));
#6094=DIRECTION('',(0.714472679632805,-0.699663340513364,0.));
#6095=DIRECTION('center_axis',(0.699663340513364,-0.714472679632805,0.));
#6096=DIRECTION('ref_axis',(0.714472679632805,0.699663340513364,0.));
#6097=DIRECTION('',(-0.714472679632805,-0.699663340513364,0.));
#6098=DIRECTION('',(0.,0.,1.));
#6099=DIRECTION('',(-0.714472679632805,-0.699663340513364,0.));
#6100=DIRECTION('center_axis',(-0.699663340513364,-0.714472679632805,0.));
#6101=DIRECTION('ref_axis',(0.714472679632805,-0.699663340513364,0.));
#6102=DIRECTION('',(0.,0.,-1.));
#6103=DIRECTION('',(0.714472679632805,-0.699663340513364,0.));
#6104=DIRECTION('',(0.,0.,-1.));
#6105=DIRECTION('',(-0.714472679632805,0.699663340513364,0.));
#6106=DIRECTION('center_axis',(0.,0.,1.));
#6107=DIRECTION('ref_axis',(1.,0.,0.));
#6108=DIRECTION('center_axis',(0.,0.,1.));
#6109=DIRECTION('ref_axis',(-0.531215411848536,0.847236794653413,0.));
#6110=DIRECTION('',(0.,1.,0.));
#6111=DIRECTION('center_axis',(0.,0.,1.));
#6112=DIRECTION('ref_axis',(1.,0.,0.));
#6113=DIRECTION('',(-1.,3.22158106378362E-16,0.));
#6114=DIRECTION('center_axis',(0.,0.,1.));
#6115=DIRECTION('ref_axis',(-1.,0.,0.));
#6116=DIRECTION('',(-1.,-3.22158106378362E-16,0.));
#6117=DIRECTION('center_axis',(0.,0.,-1.));
#6118=DIRECTION('ref_axis',(1.,0.,0.));
#6119=DIRECTION('',(0.,-1.,0.));
#6120=DIRECTION('center_axis',(0.,0.,1.));
#6121=DIRECTION('ref_axis',(-0.531215411848538,-0.847236794653412,0.));
#6122=DIRECTION('',(-0.714472679632805,0.699663340513364,0.));
#6123=DIRECTION('center_axis',(0.,0.,-1.));
#6124=DIRECTION('ref_axis',(0.377840786818467,0.925870584809995,0.));
#6125=DIRECTION('',(0.,1.,0.));
#6126=DIRECTION('center_axis',(0.,0.,-1.));
#6127=DIRECTION('ref_axis',(0.377840786818466,-0.925870584809995,0.));
#6128=DIRECTION('',(-0.714472679632804,-0.699663340513364,0.));
#6129=DIRECTION('center_axis',(0.,0.,1.));
#6130=DIRECTION('ref_axis',(1.,-8.88178419700125E-16,0.));
#6131=DIRECTION('',(0.714472679632805,0.699663340513364,0.));
#6132=DIRECTION('',(-0.714472679632805,0.699663340513364,0.));
#6133=DIRECTION('center_axis',(0.,0.,-1.));
#6134=DIRECTION('ref_axis',(1.02999206386123E-14,-1.,0.));
#6135=DIRECTION('',(0.714472679632804,0.699663340513364,0.));
#6136=DIRECTION('',(-0.714472679632804,0.699663340513365,0.));
#6137=DIRECTION('center_axis',(0.,0.,-1.));
#6138=DIRECTION('ref_axis',(1.,0.,0.));
#6139=DIRECTION('',(0.714472679632805,0.699663340513364,0.));
#6140=DIRECTION('',(-0.714472679632804,-0.699663340513365,0.));
#6141=DIRECTION('',(0.714472679632805,-0.699663340513364,0.));
#6142=DIRECTION('',(-0.714472679632805,-0.699663340513364,0.));
#6143=DIRECTION('',(0.714472679632804,-0.699663340513364,0.));
#6144=DIRECTION('center_axis',(0.,0.,1.));
#6145=DIRECTION('ref_axis',(1.,0.,0.));
#6146=DIRECTION('center_axis',(0.,0.,-1.));
#6147=DIRECTION('ref_axis',(1.,0.,0.));
#6148=DIRECTION('',(0.714472679632805,-0.699663340513364,0.));
#6149=DIRECTION('',(-0.714472679632804,-0.699663340513364,0.));
#6150=DIRECTION('center_axis',(0.,0.,1.));
#6151=DIRECTION('ref_axis',(1.,0.,0.));
#6152=DIRECTION('center_axis',(0.,0.,-1.));
#6153=DIRECTION('ref_axis',(1.,0.,0.));
#6154=DIRECTION('',(0.714472679632804,-0.699663340513364,0.));
#6155=DIRECTION('',(-0.714472679632805,-0.699663340513364,0.));
#6156=DIRECTION('center_axis',(-0.699663340513364,0.714472679632805,0.));
#6157=DIRECTION('ref_axis',(-0.714472679632805,-0.699663340513364,0.));
#6158=DIRECTION('',(0.,0.,-1.));
#6159=DIRECTION('center_axis',(-0.699663340513364,-0.714472679632805,0.));
#6160=DIRECTION('ref_axis',(0.714472679632805,-0.699663340513364,0.));
#6161=DIRECTION('center_axis',(-0.699663340513364,0.714472679632804,0.));
#6162=DIRECTION('ref_axis',(-0.714472679632804,-0.699663340513364,0.));
#6163=DIRECTION('',(0.,0.,-1.));
#6164=DIRECTION('center_axis',(-0.699663340513364,-0.714472679632805,0.));
#6165=DIRECTION('ref_axis',(0.714472679632805,-0.699663340513364,0.));
#6166=DIRECTION('center_axis',(0.,1.,0.));
#6167=DIRECTION('ref_axis',(0.,0.,1.));
#6168=DIRECTION('',(-1.,0.,0.));
#6169=DIRECTION('',(0.,0.,1.));
#6170=DIRECTION('',(-0.743144825477398,0.,0.669130606358854));
#6171=DIRECTION('center_axis',(0.,0.,-1.));
#6172=DIRECTION('ref_axis',(1.,1.22464679914735E-16,0.));
#6173=DIRECTION('center_axis',(0.,0.,1.));
#6174=DIRECTION('ref_axis',(-1.,0.,0.));
#6175=DIRECTION('center_axis',(-3.22158106378362E-16,-1.,0.));
#6176=DIRECTION('ref_axis',(1.,-3.22158106378362E-16,0.));
#6177=DIRECTION('',(-1.,3.22158106378362E-16,0.));
#6178=DIRECTION('',(0.,0.,-1.));
#6179=DIRECTION('center_axis',(0.,0.,-1.));
#6180=DIRECTION('ref_axis',(-1.,0.,0.));
#6181=DIRECTION('center_axis',(-0.642787609686534,-3.60767038141653E-14,
-0.766044443118982));
#6182=DIRECTION('ref_axis',(0.766044443118982,-4.39862597247658E-10,-0.642787609686534));
#6183=DIRECTION('center_axis',(0.,0.,1.));
#6184=DIRECTION('ref_axis',(-1.,0.,0.));
#6185=DIRECTION('center_axis',(-0.642787609686543,0.,-0.766044443118975));
#6186=DIRECTION('ref_axis',(0.,-1.,0.));
#6187=DIRECTION('center_axis',(0.642787609686543,0.,0.766044443118975));
#6188=DIRECTION('ref_axis',(-0.766044443118975,0.,0.642787609686543));
#6189=DIRECTION('center_axis',(0.642787609686543,-4.16342779981038E-15,
0.766044443118975));
#6190=DIRECTION('ref_axis',(0.766044443118975,6.51202881286638E-11,-0.642787609686543));
#6191=DIRECTION('',(0.,1.,0.));
#6192=DIRECTION('center_axis',(0.669130606358854,0.,0.743144825477398));
#6193=DIRECTION('ref_axis',(0.743144825477398,0.,-0.669130606358854));
#6194=DIRECTION('',(0.,-1.,0.));
#6195=DIRECTION('center_axis',(-0.669130606358854,0.,-0.743144825477398));
#6196=DIRECTION('ref_axis',(-0.743144825477398,0.,0.669130606358854));
#6197=DIRECTION('center_axis',(-0.669130606358854,0.,-0.743144825477398));
#6198=DIRECTION('ref_axis',(0.743144825477398,-5.15660309922532E-17,-0.669130606358854));
#6199=DIRECTION('center_axis',(-0.669130606358854,0.,-0.743144825477398));
#6200=DIRECTION('ref_axis',(0.743144825477398,-1.03132061984506E-16,-0.669130606358854));
#6201=DIRECTION('',(-0.743144825477398,0.,0.669130606358854));
#6202=DIRECTION('center_axis',(-0.669130606358854,0.,-0.743144825477398));
#6203=DIRECTION('ref_axis',(-0.743144825477398,0.,0.669130606358854));
#6204=DIRECTION('center_axis',(0.,0.,-1.));
#6205=DIRECTION('ref_axis',(-1.,0.,0.));
#6206=DIRECTION('center_axis',(0.,0.,-1.));
#6207=DIRECTION('ref_axis',(-1.,0.,0.));
#6208=DIRECTION('',(0.,-1.,0.));
#6209=DIRECTION('center_axis',(0.,0.,-1.));
#6210=DIRECTION('ref_axis',(-1.,0.,0.));
#6211=DIRECTION('',(-1.,-3.22158106378362E-16,0.));
#6212=DIRECTION('center_axis',(0.,0.,1.));
#6213=DIRECTION('ref_axis',(-1.,0.,0.));
#6214=DIRECTION('center_axis',(0.,0.,-1.));
#6215=DIRECTION('ref_axis',(1.,0.,0.));
#6216=DIRECTION('',(0.,0.,-1.));
#6217=DIRECTION('',(0.,0.,-1.));
#6218=DIRECTION('center_axis',(0.,0.,1.));
#6219=DIRECTION('ref_axis',(-1.,0.,0.));
#6220=DIRECTION('center_axis',(0.,0.,-1.));
#6221=DIRECTION('ref_axis',(1.,0.,0.));
#6222=DIRECTION('',(0.,0.,-1.));
#6223=DIRECTION('',(0.,0.,-1.));
#6224=DIRECTION('center_axis',(0.,0.,-1.));
#6225=DIRECTION('ref_axis',(-1.,-1.22464679914735E-16,0.));
#6226=DIRECTION('',(0.,0.,1.));
#6227=DIRECTION('center_axis',(0.,0.,1.));
#6228=DIRECTION('ref_axis',(1.,0.,0.));
#6229=DIRECTION('',(0.,0.,1.));
#6230=DIRECTION('center_axis',(0.,0.,1.));
#6231=DIRECTION('ref_axis',(1.,0.,0.));
#6232=DIRECTION('center_axis',(0.,0.,-1.));
#6233=DIRECTION('ref_axis',(-1.,7.6571373978539E-16,0.));
#6234=DIRECTION('',(0.,0.,1.));
#6235=DIRECTION('center_axis',(0.,0.,1.));
#6236=DIRECTION('ref_axis',(1.,0.,0.));
#6237=DIRECTION('',(0.,0.,1.));
#6238=DIRECTION('center_axis',(0.,0.,1.));
#6239=DIRECTION('ref_axis',(1.,0.,0.));
#6240=DIRECTION('center_axis',(-0.699663340513364,-0.714472679632804,0.));
#6241=DIRECTION('ref_axis',(0.714472679632804,-0.699663340513364,0.));
#6242=DIRECTION('',(-0.714472679632804,0.699663340513364,0.));
#6243=DIRECTION('',(0.,0.,1.));
#6244=DIRECTION('',(-0.714472679632804,0.699663340513364,0.));
#6245=DIRECTION('center_axis',(-0.699663340513364,-0.714472679632805,0.));
#6246=DIRECTION('ref_axis',(0.714472679632805,-0.699663340513364,0.));
#6247=DIRECTION('',(-0.714472679632805,0.699663340513364,0.));
#6248=DIRECTION('',(0.,0.,1.));
#6249=DIRECTION('',(-0.714472679632805,0.699663340513364,0.));
#6250=DIRECTION('center_axis',(0.699663340513364,-0.714472679632805,0.));
#6251=DIRECTION('ref_axis',(0.714472679632805,0.699663340513364,0.));
#6252=DIRECTION('',(0.,0.,-1.));
#6253=DIRECTION('',(-0.714472679632805,-0.699663340513364,0.));
#6254=DIRECTION('center_axis',(0.,0.,-1.));
#6255=DIRECTION('ref_axis',(1.,0.,0.));
#6256=DIRECTION('',(0.714472679632805,0.699663340513364,0.));
#6257=DIRECTION('',(0.714472679632805,0.699663340513364,0.));
#6258=DIRECTION('',(-0.714472679632804,0.699663340513364,0.));
#6259=DIRECTION('center_axis',(0.,0.,-1.));
#6260=DIRECTION('ref_axis',(1.,0.,0.));
#6261=DIRECTION('',(0.714472679632804,0.699663340513364,0.));
#6262=DIRECTION('',(0.714472679632804,0.699663340513364,0.));
#6263=DIRECTION('',(-0.714472679632805,0.699663340513364,0.));
#6264=DIRECTION('center_axis',(0.699663340513364,0.714472679632805,0.));
#6265=DIRECTION('ref_axis',(-0.714472679632805,0.699663340513364,0.));
#6266=DIRECTION('',(0.,0.,-1.));
#6267=DIRECTION('center_axis',(0.699663340513364,-0.714472679632805,0.));
#6268=DIRECTION('ref_axis',(0.714472679632805,0.699663340513364,0.));
#6269=DIRECTION('center_axis',(0.699663340513364,0.714472679632804,0.));
#6270=DIRECTION('ref_axis',(-0.714472679632804,0.699663340513364,0.));
#6271=DIRECTION('',(0.,0.,-1.));
#6272=DIRECTION('center_axis',(0.699663340513364,-0.714472679632805,0.));
#6273=DIRECTION('ref_axis',(0.714472679632805,0.699663340513364,0.));
#6274=DIRECTION('center_axis',(-0.699663340513364,-0.714472679632805,0.));
#6275=DIRECTION('ref_axis',(0.714472679632805,-0.699663340513364,0.));
#6276=DIRECTION('',(0.714472679632805,-0.699663340513364,0.));
#6277=DIRECTION('',(0.,0.,1.));
#6278=DIRECTION('',(0.,0.,-1.));
#6279=DIRECTION('center_axis',(3.22158106378362E-16,-1.,0.));
#6280=DIRECTION('ref_axis',(1.,3.22158106378362E-16,0.));
#6281=DIRECTION('',(0.,0.,-1.));
#6282=DIRECTION('center_axis',(0.,0.,1.));
#6283=DIRECTION('ref_axis',(-1.,0.,0.));
#6284=DIRECTION('center_axis',(0.642787609686534,-3.60767038141653E-14,
0.766044443118982));
#6285=DIRECTION('ref_axis',(0.766044443118982,4.39862597247658E-10,-0.642787609686534));
#6286=DIRECTION('center_axis',(0.,0.,1.));
#6287=DIRECTION('ref_axis',(-1.,-1.22464679914735E-16,0.));
#6288=DIRECTION('center_axis',(0.,0.,-1.));
#6289=DIRECTION('ref_axis',(1.,0.,0.));
#6290=DIRECTION('center_axis',(0.,0.,1.));
#6291=DIRECTION('ref_axis',(-1.,-1.01064309961486E-15,0.));
#6292=DIRECTION('center_axis',(0.,0.,-1.));
#6293=DIRECTION('ref_axis',(1.,0.,0.));
#6294=DIRECTION('center_axis',(-0.699663340513364,0.714472679632805,0.));
#6295=DIRECTION('ref_axis',(-0.714472679632805,-0.699663340513364,0.));
#6296=DIRECTION('',(0.714472679632804,0.699663340513364,0.));
#6297=DIRECTION('center_axis',(-0.699663340513364,0.714472679632805,0.));
#6298=DIRECTION('ref_axis',(-0.714472679632805,-0.699663340513364,0.));
#6299=DIRECTION('',(0.714472679632805,0.699663340513364,0.));
#6300=DIRECTION('center_axis',(0.,0.,-1.));
#6301=DIRECTION('ref_axis',(-1.,0.,0.));
#6302=DIRECTION('center_axis',(0.,0.,1.));
#6303=DIRECTION('ref_axis',(1.,0.,0.));
#6304=DIRECTION('center_axis',(-0.743144825477398,0.669130606358854,0.));
#6305=DIRECTION('ref_axis',(-0.669130606358854,-0.743144825477398,0.));
#6306=DIRECTION('center_axis',(-0.904129709830581,0.427258081025589,-6.69190414067715E-16));
#6307=DIRECTION('ref_axis',(-0.427258081025589,-0.904129709830581,0.));
#6308=DIRECTION('',(0.743144825477398,-0.669130606358854,0.));
#6309=DIRECTION('center_axis',(-0.933580426497203,0.358367949545296,-3.36124888957774E-15));
#6310=DIRECTION('ref_axis',(0.358367949545296,0.933580426497203,-4.82744408372815E-13));
#6311=DIRECTION('',(-0.743144825477398,0.669130606358854,0.));
#6312=DIRECTION('center_axis',(0.,1.,0.));
#6313=DIRECTION('ref_axis',(0.,0.,1.));
#6314=DIRECTION('center_axis',(0.,-1.,0.));
#6315=DIRECTION('ref_axis',(0.,0.,1.));
#6316=DIRECTION('center_axis',(0.,1.,0.));
#6317=DIRECTION('ref_axis',(0.,0.,1.));
#6318=DIRECTION('center_axis',(0.,-1.,0.));
#6319=DIRECTION('ref_axis',(0.,0.,1.));
#6320=DIRECTION('center_axis',(1.,0.,0.));
#6321=DIRECTION('ref_axis',(0.,0.,1.));
#6322=DIRECTION('',(0.,0.,-1.));
#6323=DIRECTION('center_axis',(1.,0.,0.));
#6324=DIRECTION('ref_axis',(0.,0.,1.));
#6325=DIRECTION('center_axis',(1.,0.,0.));
#6326=DIRECTION('ref_axis',(0.,0.790569415042095,-0.612372435695794));
#6327=DIRECTION('center_axis',(-1.,0.,0.));
#6328=DIRECTION('ref_axis',(0.,-0.205764147988724,0.97860161220104));
#6329=DIRECTION('center_axis',(0.,1.,0.));
#6330=DIRECTION('ref_axis',(-1.,0.,-1.83697019872103E-16));
#6331=DIRECTION('center_axis',(0.,1.,0.));
#6332=DIRECTION('ref_axis',(0.,0.,1.));
#6333=DIRECTION('center_axis',(0.,1.,0.));
#6334=DIRECTION('ref_axis',(-1.,0.,7.04481399828022E-16));
#6335=DIRECTION('center_axis',(0.,1.,0.));
#6336=DIRECTION('ref_axis',(0.,0.,1.));
#6337=DIRECTION('center_axis',(0.743144825477398,0.669130606358854,0.));
#6338=DIRECTION('ref_axis',(-0.669130606358854,0.743144825477398,0.));
#6339=DIRECTION('center_axis',(-0.904129709830581,-0.427258081025589,-6.69190414067715E-16));
#6340=DIRECTION('ref_axis',(-0.427258081025589,0.904129709830581,0.));
#6341=DIRECTION('',(-0.743144825477398,-0.669130606358854,0.));
#6342=DIRECTION('center_axis',(0.933580426497203,0.358367949545296,3.36124888957774E-15));
#6343=DIRECTION('ref_axis',(0.358367949545296,-0.933580426497203,-4.82744408372815E-13));
#6344=DIRECTION('',(0.743144825477398,0.669130606358854,0.));
#6345=DIRECTION('center_axis',(0.,0.,1.));
#6346=DIRECTION('ref_axis',(1.,0.,0.));
#6347=DIRECTION('center_axis',(0.,0.,-1.));
#6348=DIRECTION('ref_axis',(1.,0.,0.));
#6349=DIRECTION('center_axis',(-1.,0.,0.));
#6350=DIRECTION('ref_axis',(0.,-1.,0.));
#6351=DIRECTION('center_axis',(-1.,0.,0.));
#6352=DIRECTION('ref_axis',(0.,-1.,0.));
#6353=DIRECTION('center_axis',(-1.,0.,0.));
#6354=DIRECTION('ref_axis',(0.,0.999999999976662,6.83197674472737E-6));
#6355=DIRECTION('',(0.,0.,1.));
#6356=DIRECTION('center_axis',(0.,0.,1.));
#6357=DIRECTION('ref_axis',(1.,0.,0.));
#6358=DIRECTION('',(-0.707106781186548,-8.65956056235494E-17,0.707106781186547));
#6359=DIRECTION('center_axis',(0.,0.,1.));
#6360=DIRECTION('ref_axis',(1.,0.,0.));
#6361=DIRECTION('center_axis',(-0.766044443118978,0.,-0.642787609686539));
#6362=DIRECTION('ref_axis',(-0.642787609686539,0.,0.766044443118978));
#6363=DIRECTION('',(0.,-1.,0.));
#6364=DIRECTION('',(-0.540716203060937,-0.540716203060937,0.644400477571772));
#6365=DIRECTION('center_axis',(0.,0.766044443118977,-0.642787609686541));
#6366=DIRECTION('ref_axis',(0.,-0.642787609686541,-0.766044443118977));
#6367=DIRECTION('center_axis',(0.,-0.766044443118977,0.642787609686541));
#6368=DIRECTION('ref_axis',(-1.42727520843553E-16,-0.642787609686541,-0.766044443118977));
#6369=DIRECTION('',(-0.540716203060936,0.540716203060939,0.644400477571771));
#6370=DIRECTION('',(-1.,0.,0.));
#6371=DIRECTION('center_axis',(0.,-0.766044443118977,0.642787609686541));
#6372=DIRECTION('ref_axis',(0.,0.642787609686541,0.766044443118977));
#6373=DIRECTION('center_axis',(0.540716203060936,-0.540716203060939,-0.644400477571771));
#6374=DIRECTION('ref_axis',(-0.45565994749085,0.455659947490847,-0.764688187763662));
#6375=DIRECTION('',(0.540716203060936,-0.540716203060939,-0.644400477571771));
#6376=DIRECTION('center_axis',(-0.23251124423102,0.23251124423102,0.94439241981937));
#6377=DIRECTION('ref_axis',(-0.667786284155451,0.667786284155448,-0.328820554995752));
#6378=DIRECTION('center_axis',(-0.766044443118978,0.,-0.642787609686539));
#6379=DIRECTION('ref_axis',(-0.642787609686539,0.,0.766044443118978));
#6380=DIRECTION('',(0.,-1.,0.));
#6381=DIRECTION('center_axis',(0.,-1.,0.));
#6382=DIRECTION('ref_axis',(-0.422618261740701,0.,-0.906307787036649));
#6383=DIRECTION('',(0.,1.,0.));
#6384=DIRECTION('center_axis',(5.79717291652085E-15,-1.,0.));
#6385=DIRECTION('ref_axis',(-0.766044443118976,-4.44089209850062E-15,-0.642787609686542));
#6386=DIRECTION('center_axis',(0.,0.,-1.));
#6387=DIRECTION('ref_axis',(-0.707106781186547,0.707106781186548,0.));
#6388=DIRECTION('center_axis',(-1.,0.,0.));
#6389=DIRECTION('ref_axis',(0.,0.766044443118976,-0.642787609686542));
#6390=DIRECTION('center_axis',(-1.,0.,0.));
#6391=DIRECTION('ref_axis',(0.,0.422618261740698,-0.906307787036651));
#6392=DIRECTION('',(1.,0.,0.));
#6393=DIRECTION('center_axis',(0.,0.,-1.));
#6394=DIRECTION('ref_axis',(0.,-1.,0.));
#6395=DIRECTION('',(0.,1.,0.));
#6396=DIRECTION('center_axis',(0.,0.,-1.));
#6397=DIRECTION('ref_axis',(-0.707106781186547,-0.707106781186548,0.));
#6398=DIRECTION('',(-1.,0.,0.));
#6399=DIRECTION('center_axis',(0.,0.,-1.));
#6400=DIRECTION('ref_axis',(1.,0.,0.));
#6401=DIRECTION('',(0.,-1.,0.));
#6402=DIRECTION('center_axis',(0.,0.,-1.));
#6403=DIRECTION('ref_axis',(0.,1.,0.));
#6404=DIRECTION('center_axis',(0.,-1.,0.));
#6405=DIRECTION('ref_axis',(-0.422618261740701,0.,-0.906307787036649));
#6406=DIRECTION('center_axis',(4.76176191923541E-15,1.,-2.22044604925031E-15));
#6407=DIRECTION('ref_axis',(0.,-2.22044604925031E-15,-1.));
#6408=DIRECTION('center_axis',(-0.232511244231019,-0.23251124423102,0.944392419819371));
#6409=DIRECTION('ref_axis',(-0.667786284155449,-0.667786284155451,-0.328820554995751));
#6410=DIRECTION('center_axis',(-1.,0.,0.));
#6411=DIRECTION('ref_axis',(0.,0.,-1.));
#6412=DIRECTION('center_axis',(-1.,0.,0.));
#6413=DIRECTION('ref_axis',(0.,-0.422618261740701,-0.906307787036649));
#6414=DIRECTION('',(1.,0.,0.));
#6415=DIRECTION('center_axis',(-1.,5.33761069531325E-17,0.));
#6416=DIRECTION('ref_axis',(5.29506831686398E-17,0.992029696267167,-0.126004292482728));
#6417=DIRECTION('',(1.,0.,0.));
#6418=DIRECTION('',(-1.,5.33761069531325E-17,0.));
#6419=DIRECTION('center_axis',(-1.,0.,0.));
#6420=DIRECTION('ref_axis',(0.,0.,1.));
#6421=DIRECTION('',(-1.,5.33761069531325E-17,0.));
#6422=DIRECTION('center_axis',(-1.,0.,0.));
#6423=DIRECTION('ref_axis',(0.,-1.,0.));
#6424=DIRECTION('',(0.,-1.,0.));
#6425=DIRECTION('',(0.,0.,-1.));
#6426=DIRECTION('',(0.,0.,-1.));
#6427=DIRECTION('center_axis',(0.,0.,-1.));
#6428=DIRECTION('ref_axis',(-1.,0.,0.));
#6429=DIRECTION('center_axis',(0.,-1.,0.));
#6430=DIRECTION('ref_axis',(0.,0.,-1.));
#6431=DIRECTION('center_axis',(0.,0.,1.));
#6432=DIRECTION('ref_axis',(0.891909937759747,0.452213072483983,0.));
#6433=DIRECTION('center_axis',(-0.930769230769246,0.365607219640457,1.4761704345675E-13));
#6434=DIRECTION('ref_axis',(0.365607219640457,0.930769230769246,6.3108872417681E-30));
#6435=DIRECTION('center_axis',(0.,0.,-1.));
#6436=DIRECTION('ref_axis',(0.891909937759747,0.452213072483983,0.));
#6437=DIRECTION('center_axis',(0.923076923076923,0.384615384615385,8.54017711250121E-16));
#6438=DIRECTION('ref_axis',(0.384615384615385,-0.923076923076923,0.));
#6439=DIRECTION('center_axis',(0.,0.,-1.));
#6440=DIRECTION('ref_axis',(-1.,0.,0.));
#6441=DIRECTION('center_axis',(0.,0.,1.));
#6442=DIRECTION('ref_axis',(0.894427190999916,-0.447213595499958,0.));
#6443=DIRECTION('center_axis',(0.,1.,0.));
#6444=DIRECTION('ref_axis',(1.,0.,0.));
#6445=DIRECTION('center_axis',(0.,0.,-1.));
#6446=DIRECTION('ref_axis',(0.894427190999916,-0.447213595499958,0.));
#6447=DIRECTION('center_axis',(0.,0.,-1.));
#6448=DIRECTION('ref_axis',(-0.669130606358854,-0.743144825477398,0.));
#6449=DIRECTION('center_axis',(1.,0.,0.));
#6450=DIRECTION('ref_axis',(0.,-1.,0.));
#6451=DIRECTION('center_axis',(0.,1.,0.));
#6452=DIRECTION('ref_axis',(0.,0.,-1.));
#6453=DIRECTION('center_axis',(0.,1.,0.));
#6454=DIRECTION('ref_axis',(-0.707106781186547,0.,-0.707106781186548));
#6455=DIRECTION('',(0.,1.,0.));
#6456=DIRECTION('center_axis',(0.,1.,0.));
#6457=DIRECTION('ref_axis',(2.22044604925031E-15,0.,-1.));
#6458=DIRECTION('',(0.,-1.,0.));
#6459=DIRECTION('center_axis',(1.,0.,0.));
#6460=DIRECTION('ref_axis',(0.,1.,0.));
#6461=DIRECTION('center_axis',(0.,-1.49395243909819E-15,1.));
#6462=DIRECTION('ref_axis',(-0.669130606358854,0.743144825477398,1.11022302462516E-15));
#6463=DIRECTION('center_axis',(0.,0.,1.));
#6464=DIRECTION('ref_axis',(0.,1.,0.));
#6465=DIRECTION('center_axis',(0.870938949082845,-0.47578751852885,0.122847809026574));
#6466=DIRECTION('ref_axis',(0.479418866402489,0.877586206897848,5.55111512312578E-17));
#6467=DIRECTION('center_axis',(-1.,5.33761069531325E-17,0.));
#6468=DIRECTION('ref_axis',(1.09828891701663E-17,0.205764147988724,0.97860161220104));
#6469=DIRECTION('center_axis',(-1.,0.,0.));
#6470=DIRECTION('ref_axis',(0.,8.88178419700124E-15,1.));
#6471=DIRECTION('',(-1.,5.33761069531325E-17,0.));
#6472=DIRECTION('center_axis',(-1.,0.,0.));
#6473=DIRECTION('ref_axis',(0.,0.205764147988724,0.97860161220104));
#6474=DIRECTION('center_axis',(1.,5.33761069531325E-17,0.));
#6475=DIRECTION('ref_axis',(5.29506831686398E-17,-0.992029696267167,-0.126004292482728));
#6476=DIRECTION('',(1.,5.33761069531325E-17,0.));
#6477=DIRECTION('',(-1.,-5.33761069531325E-17,0.));
#6478=DIRECTION('',(1.,5.33761069531325E-17,0.));
#6479=DIRECTION('center_axis',(-1.,-5.33761069531325E-17,0.));
#6480=DIRECTION('ref_axis',(1.09828891701663E-17,-0.205764147988724,0.97860161220104));
#6481=DIRECTION('',(1.,5.33761069531325E-17,0.));
#6482=DIRECTION('center_axis',(1.,2.01868519700588E-14,8.88178419700124E-15));
#6483=DIRECTION('ref_axis',(-8.88178419700124E-15,0.,1.));
#6484=DIRECTION('center_axis',(-0.863752797334839,-0.48791434804525,-0.125978942954045));
#6485=DIRECTION('ref_axis',(0.491832821571443,-0.870689655172883,-5.55111512312578E-17));
#6486=DIRECTION('center_axis',(0.,0.,-1.));
#6487=DIRECTION('ref_axis',(0.377840786818467,0.925870584809995,0.));
#6488=DIRECTION('center_axis',(0.,0.,-1.));
#6489=DIRECTION('ref_axis',(0.377840786818467,0.925870584809995,0.));
#6490=DIRECTION('',(0.,0.,-1.));
#6491=DIRECTION('center_axis',(0.642787609686543,0.,0.766044443118975));
#6492=DIRECTION('ref_axis',(0.,1.,0.));
#6493=DIRECTION('center_axis',(0.642787609686543,0.,0.766044443118975));
#6494=DIRECTION('ref_axis',(-0.766044443118975,-1.06310022329605E-16,0.642787609686543));
#6495=DIRECTION('center_axis',(-0.642787609686543,-4.16342779981038E-15,
-0.766044443118975));
#6496=DIRECTION('ref_axis',(0.766044443118975,-6.51202881286638E-11,-0.642787609686543));
#6497=DIRECTION('center_axis',(0.,0.,-1.));
#6498=DIRECTION('ref_axis',(-0.531215411848538,-0.847236794653412,0.));
#6499=DIRECTION('center_axis',(0.,0.,1.));
#6500=DIRECTION('ref_axis',(-0.531215411848538,-0.847236794653412,0.));
#6501=DIRECTION('',(0.,0.,1.));
#6502=DIRECTION('center_axis',(0.699663340513364,-0.714472679632805,0.));
#6503=DIRECTION('ref_axis',(0.714472679632805,0.699663340513364,0.));
#6504=DIRECTION('',(-0.714472679632805,-0.699663340513364,0.));
#6505=DIRECTION('',(0.,0.,1.));
#6506=DIRECTION('',(0.,0.,-1.));
#6507=DIRECTION('center_axis',(0.,0.,-1.));
#6508=DIRECTION('ref_axis',(0.377840786818466,-0.925870584809995,0.));
#6509=DIRECTION('center_axis',(0.,0.,-1.));
#6510=DIRECTION('ref_axis',(0.377840786818466,-0.925870584809995,0.));
#6511=DIRECTION('center_axis',(0.,0.,-1.));
#6512=DIRECTION('ref_axis',(1.,-1.22464679914735E-16,0.));
#6513=DIRECTION('center_axis',(0.,0.,1.));
#6514=DIRECTION('ref_axis',(0.521179271832962,-0.853447225440251,0.));
#6515=DIRECTION('',(0.,0.,-1.));
#6516=DIRECTION('center_axis',(0.,0.,1.));
#6517=DIRECTION('ref_axis',(0.521179271832962,0.853447225440251,0.));
#6518=DIRECTION('center_axis',(0.,0.,-1.));
#6519=DIRECTION('ref_axis',(-0.531215411848536,0.847236794653413,0.));
#6520=DIRECTION('center_axis',(0.,0.,1.));
#6521=DIRECTION('ref_axis',(-0.531215411848535,0.847236794653414,0.));
#6522=DIRECTION('center_axis',(0.,-1.,0.));
#6523=DIRECTION('ref_axis',(0.707106781186548,0.,-0.707106781186547));
#6524=DIRECTION('',(0.,1.,0.));
#6525=DIRECTION('',(0.,1.,0.));
#6526=DIRECTION('center_axis',(0.,1.,0.));
#6527=DIRECTION('ref_axis',(0.,0.,1.));
#6528=DIRECTION('',(1.,0.,0.));
#6529=DIRECTION('center_axis',(-0.943117476040579,-0.287179591521897,0.167503159970683));
#6530=DIRECTION('ref_axis',(0.332459661292687,-0.814667531313082,0.475170902978498));
#6531=DIRECTION('center_axis',(1.,0.,0.));
#6532=DIRECTION('ref_axis',(0.,0.,1.));
#6533=DIRECTION('center_axis',(-0.714472679632805,-0.699663340513364,0.));
#6534=DIRECTION('ref_axis',(0.699663340513364,-0.714472679632805,0.));
#6535=DIRECTION('center_axis',(1.,0.,0.));
#6536=DIRECTION('ref_axis',(0.,-0.707106781186548,0.707106781186547));
#6537=DIRECTION('',(1.,0.,0.));
#6538=DIRECTION('center_axis',(-0.943117476040579,0.287179591521898,0.167503159970682));
#6539=DIRECTION('ref_axis',(0.332459661292687,0.814667531313083,0.475170902978496));
#6540=DIRECTION('center_axis',(-0.714472679632805,0.699663340513364,0.));
#6541=DIRECTION('ref_axis',(0.,0.,1.));
#6542=DIRECTION('center_axis',(1.,0.,0.));
#6543=DIRECTION('ref_axis',(0.,1.,0.));
#6544=DIRECTION('center_axis',(-0.714472679632805,-0.699663340513364,0.));
#6545=DIRECTION('ref_axis',(0.494736692624632,-0.50520847674088,0.707106781186548));
#6546=DIRECTION('',(0.714472679632805,0.699663340513364,0.));
#6547=DIRECTION('center_axis',(-0.714472679632804,-0.699663340513365,0.));
#6548=DIRECTION('ref_axis',(0.699663340513365,-0.714472679632804,0.));
#6549=DIRECTION('center_axis',(0.,0.,-1.));
#6550=DIRECTION('ref_axis',(-1.,0.,0.));
#6551=DIRECTION('center_axis',(0.,0.,-1.));
#6552=DIRECTION('ref_axis',(-0.531215411848535,0.847236794653414,0.));
#6553=DIRECTION('center_axis',(-0.94102715725199,-0.338331035103549,0.));
#6554=DIRECTION('ref_axis',(0.338331035103549,-0.94102715725199,0.));
#6555=DIRECTION('center_axis',(0.,0.,-1.));
#6556=DIRECTION('ref_axis',(-1.,0.,0.));
#6557=DIRECTION('center_axis',(0.,0.,-1.));
#6558=DIRECTION('ref_axis',(0.521179271832962,0.853447225440252,0.));
#6559=DIRECTION('center_axis',(-0.402580434097341,0.915384615384155,1.60647529045325E-12));
#6560=DIRECTION('ref_axis',(-0.915384615384155,-0.402580434097341,1.11022302462516E-15));
#6561=DIRECTION('center_axis',(0.402580434096291,0.915384615384616,7.71535192401528E-16));
#6562=DIRECTION('ref_axis',(-0.915384615384616,0.402580434096291,0.));
#6563=DIRECTION('center_axis',(0.,0.,-1.));
#6564=DIRECTION('ref_axis',(-1.,0.,0.));
#6565=DIRECTION('center_axis',(0.,0.,-1.));
#6566=DIRECTION('ref_axis',(0.521179271832962,-0.853447225440252,0.));
#6567=DIRECTION('center_axis',(0.94102715725199,-0.338331035103547,0.));
#6568=DIRECTION('ref_axis',(0.338331035103547,0.94102715725199,0.));
#6569=DIRECTION('center_axis',(0.,0.,-1.));
#6570=DIRECTION('ref_axis',(-1.,0.,0.));
#6571=DIRECTION('center_axis',(0.,0.,-1.));
#6572=DIRECTION('ref_axis',(-0.531215411848538,-0.847236794653412,0.));
#6573=DIRECTION('center_axis',(0.714472679632807,-0.699663340513361,0.));
#6574=DIRECTION('ref_axis',(0.699663340513361,0.714472679632807,0.));
#6575=DIRECTION('center_axis',(-0.714472679632805,0.699663340513364,0.));
#6576=DIRECTION('ref_axis',(0.494736692624632,0.50520847674088,0.707106781186548));
#6577=DIRECTION('',(-0.714472679632805,0.699663340513364,0.));
#6578=DIRECTION('center_axis',(1.,0.,0.));
#6579=DIRECTION('ref_axis',(0.,0.707106781186548,0.707106781186547));
#6580=DIRECTION('',(-1.,0.,0.));
#6581=DIRECTION('center_axis',(0.707106781186547,0.707106781186548,0.));
#6582=DIRECTION('ref_axis',(-0.707106781186548,0.707106781186547,0.));
#6583=DIRECTION('',(0.,0.,1.));
#6584=DIRECTION('',(-0.707106781186548,0.707106781186547,0.));
#6585=DIRECTION('',(0.,0.,1.));
#6586=DIRECTION('center_axis',(0.,0.,1.));
#6587=DIRECTION('ref_axis',(-1.,-4.44089209850063E-16,0.));
#6588=DIRECTION('',(0.,0.,1.));
#6589=DIRECTION('center_axis',(0.,0.,1.));
#6590=DIRECTION('ref_axis',(0.707106781186548,-0.707106781186547,0.));
#6591=DIRECTION('center_axis',(0.707106781186547,-0.707106781186548,0.));
#6592=DIRECTION('ref_axis',(0.707106781186548,0.707106781186547,0.));
#6593=DIRECTION('',(0.707106781186548,0.707106781186547,0.));
#6594=DIRECTION('center_axis',(0.,-0.766044443118978,-0.642787609686539));
#6595=DIRECTION('ref_axis',(0.,-0.642787609686539,0.766044443118978));
#6596=DIRECTION('center_axis',(0.,0.766044443118978,0.642787609686539));
#6597=DIRECTION('ref_axis',(7.13637604217764E-17,-0.642787609686539,0.766044443118978));
#6598=DIRECTION('center_axis',(0.,0.766044443118978,0.642787609686539));
#6599=DIRECTION('ref_axis',(0.,0.642787609686539,-0.766044443118978));
#6600=DIRECTION('',(0.540716203060937,0.540716203060937,-0.644400477571772));
#6601=DIRECTION('center_axis',(-0.540716203060937,-0.540716203060937,0.644400477571772));
#6602=DIRECTION('ref_axis',(-0.455659947490848,-0.455659947490851,-0.764688187763661));
#6603=DIRECTION('center_axis',(0.707106781186547,0.707106781186548,0.));
#6604=DIRECTION('ref_axis',(-0.707106781186548,0.707106781186547,0.));
#6605=DIRECTION('',(0.,0.,1.));
#6606=DIRECTION('',(0.707106781186548,-0.707106781186547,0.));
#6607=DIRECTION('',(0.,0.,1.));
#6608=DIRECTION('center_axis',(0.,0.,1.));
#6609=DIRECTION('ref_axis',(-1.,-4.44089209850063E-16,0.));
#6610=DIRECTION('',(0.,0.,1.));
#6611=DIRECTION('center_axis',(0.,0.,-1.));
#6612=DIRECTION('ref_axis',(0.707106781186548,-0.707106781186547,0.));
#6613=DIRECTION('center_axis',(0.707106781186547,-0.707106781186548,0.));
#6614=DIRECTION('ref_axis',(0.707106781186548,0.707106781186547,0.));
#6615=DIRECTION('',(-0.707106781186548,-0.707106781186547,0.));
#6616=DIRECTION('center_axis',(0.,0.,1.));
#6617=DIRECTION('ref_axis',(1.,0.,0.));
#6618=DIRECTION('',(-0.707106781186548,-0.707106781186547,0.));
#6619=DIRECTION('',(0.707106781186548,-0.707106781186547,0.));
#6620=DIRECTION('center_axis',(0.,0.,-1.));
#6621=DIRECTION('ref_axis',(0.707106781186548,-0.707106781186547,0.));
#6622=DIRECTION('center_axis',(0.,0.,1.));
#6623=DIRECTION('ref_axis',(-1.,-3.38618022510673E-15,0.));
#6624=DIRECTION('',(0.,0.,1.));
#6625=DIRECTION('',(0.,0.,1.));
#6626=DIRECTION('center_axis',(-1.,5.33761069531325E-17,0.));
#6627=DIRECTION('ref_axis',(-4.21975176511623E-17,-0.790569415042095,-0.612372435695794));
#6628=DIRECTION('center_axis',(1.,0.,0.));
#6629=DIRECTION('ref_axis',(0.,-0.790569415042095,-0.612372435695794));
#6630=DIRECTION('center_axis',(-1.,0.,0.));
#6631=DIRECTION('ref_axis',(0.,0.,1.));
#6632=DIRECTION('',(0.,0.,-1.));
#6633=DIRECTION('center_axis',(0.707106781186547,0.707106781186548,0.));
#6634=DIRECTION('ref_axis',(-0.707106781186548,0.707106781186547,0.));
#6635=DIRECTION('',(0.,0.,1.));
#6636=DIRECTION('center_axis',(-5.33761069531325E-17,-1.,0.));
#6637=DIRECTION('ref_axis',(1.,-5.33761069531325E-17,0.));
#6638=DIRECTION('',(0.,0.,-1.));
#6639=DIRECTION('center_axis',(0.,1.,0.));
#6640=DIRECTION('ref_axis',(0.,0.,1.));
#6641=DIRECTION('center_axis',(0.,1.,0.));
#6642=DIRECTION('ref_axis',(0.,0.,1.));
#6643=DIRECTION('center_axis',(0.707106781186547,-0.707106781186548,0.));
#6644=DIRECTION('ref_axis',(0.707106781186548,0.707106781186547,0.));
#6645=DIRECTION('center_axis',(0.,1.,0.));
#6646=DIRECTION('ref_axis',(-1.,0.,7.04481399828022E-16));
#6647=DIRECTION('center_axis',(0.,-1.,0.));
#6648=DIRECTION('ref_axis',(0.,0.,1.));
#6649=DIRECTION('center_axis',(0.,1.,0.));
#6650=DIRECTION('ref_axis',(0.,0.,1.));
#6651=DIRECTION('center_axis',(0.,1.,0.));
#6652=DIRECTION('ref_axis',(-1.,0.,-1.83697019872103E-16));
#6653=DIRECTION('center_axis',(0.,-1.,0.));
#6654=DIRECTION('ref_axis',(0.,0.,1.));
#6655=DIRECTION('center_axis',(0.,1.,0.));
#6656=DIRECTION('ref_axis',(0.,0.,1.));
#6657=DIRECTION('center_axis',(5.33761069531325E-17,-1.,0.));
#6658=DIRECTION('ref_axis',(1.,5.33761069531325E-17,0.));
#6659=DIRECTION('',(0.,0.,-1.));
#6660=DIRECTION('center_axis',(-1.,-5.33761069531325E-17,0.));
#6661=DIRECTION('ref_axis',(-4.21975176511623E-17,0.790569415042095,-0.612372435695794));
#6662=DIRECTION('center_axis',(0.669130606358854,-0.743144825477398,0.));
#6663=DIRECTION('ref_axis',(0.743144825477398,0.669130606358854,0.));
#6664=DIRECTION('',(0.,0.,-1.));
#6665=DIRECTION('center_axis',(0.,0.,1.));
#6666=DIRECTION('ref_axis',(-0.9135454576426,0.406736643075802,0.));
#6667=DIRECTION('',(0.,0.,1.));
#6668=DIRECTION('center_axis',(0.,0.,1.));
#6669=DIRECTION('ref_axis',(1.,0.,0.));
#6670=DIRECTION('center_axis',(1.,0.,0.));
#6671=DIRECTION('ref_axis',(0.,0.,-1.));
#6672=DIRECTION('',(0.,0.,-1.));
#6673=DIRECTION('center_axis',(0.,0.,1.));
#6674=DIRECTION('ref_axis',(-0.9135454576426,-0.406736643075802,0.));
#6675=DIRECTION('',(0.,0.,1.));
#6676=DIRECTION('center_axis',(-0.669130606358854,-0.743144825477398,0.));
#6677=DIRECTION('ref_axis',(0.743144825477398,-0.669130606358854,0.));
#6678=DIRECTION('',(0.,-1.22464679914735E-16,-1.));
#6679=DIRECTION('',(1.,0.,0.));
#6680=CARTESIAN_POINT('',(0.,0.,0.));
#6681=CARTESIAN_POINT('',(0.,0.,0.));
#6682=CARTESIAN_POINT('Origin',(0.,0.,-5.84663750000001));
#6683=CARTESIAN_POINT('',(1.46350000000001,1.79227059055215E-16,-5.75385028398544));
#6684=CARTESIAN_POINT('Origin',(5.71726158808489E-15,0.,-5.75385028398545));
#6685=CARTESIAN_POINT('',(1.193275,-1.46134040925256E-16,-6.));
#6686=CARTESIAN_POINT('',(1.36163749999999,1.66752500597399E-16,-5.84663750000001));
#6687=CARTESIAN_POINT('Origin',(0.,0.,-6.));
#6688=CARTESIAN_POINT('Origin',(-1.7155984192777E-14,0.,2.69999999999965));
#6689=CARTESIAN_POINT('',(2.74999999999996,-3.3677786976552E-16,2.69999999999966));
#6690=CARTESIAN_POINT('Origin',(-1.7155984192777E-14,0.,2.69999999999965));
#6691=CARTESIAN_POINT('',(2.44999999999996,-3.00038465791099E-16,2.99999999999965));
#6692=CARTESIAN_POINT('Origin',(2.44999999999996,-3.00038465791099E-16,
2.69999999999966));
#6693=CARTESIAN_POINT('Origin',(-1.79676822361239E-14,0.,2.99999999999965));
#6694=CARTESIAN_POINT('Origin',(-2.74999999999999,0.,2.99999999999964));
#6695=CARTESIAN_POINT('',(1.25,-0.721687836487032,3.));
#6696=CARTESIAN_POINT('',(2.77555756156289E-16,-1.44337567297406,3.));
#6697=CARTESIAN_POINT('',(-0.0937499999999976,-1.49750226071059,2.99999999999965));
#6698=CARTESIAN_POINT('',(-1.25,-0.721687836487032,3.));
#6699=CARTESIAN_POINT('',(-1.34375,-0.667561248750506,2.99999999999964));
#6700=CARTESIAN_POINT('',(-1.25,0.721687836487033,3.));
#6701=CARTESIAN_POINT('',(-1.25,-0.360843918243516,2.99999999999964));
#6702=CARTESIAN_POINT('',(1.73472347597681E-17,1.44337567297406,3.));
#6703=CARTESIAN_POINT('',(-1.96875,0.30671733050699,2.99999999999964));
#6704=CARTESIAN_POINT('',(1.25,0.721687836487032,3.));
#6705=CARTESIAN_POINT('',(-0.718749999999998,1.85834617895411,2.99999999999965));
#6706=CARTESIAN_POINT('',(1.25,0.360843918243516,2.99999999999965));
#6707=CARTESIAN_POINT('Origin',(-1.39091920193893E-14,0.,1.49999999999965));
#6708=CARTESIAN_POINT('',(2.74999999999997,-3.3677786976552E-16,-3.44446693389955E-13));
#6709=CARTESIAN_POINT('Origin',(-9.85070180265467E-15,0.,-3.51861487142683E-13));
#6710=CARTESIAN_POINT('',(2.74999999999997,-3.3677786976552E-16,1.49999999999966));
#6711=CARTESIAN_POINT('Origin',(2.77555756156289E-16,-1.44337567297406,
1.5));
#6712=CARTESIAN_POINT('',(2.77555756156289E-16,-1.44337567297406,1.5));
#6713=CARTESIAN_POINT('',(-1.14480405982759E-15,4.16333634234434E-16,1.3906391705926));
#6714=CARTESIAN_POINT('',(-9.71445146547012E-16,-1.08459142733616,1.47281584869695));
#6715=CARTESIAN_POINT('',(1.25,-0.721687836487032,1.5));
#6716=CARTESIAN_POINT('',(1.43077580832115E-16,-1.44337567297406,1.5));
#6717=CARTESIAN_POINT('',(0.939283728799943,-0.542295713668083,1.47281584869695));
#6718=CARTESIAN_POINT('Origin',(1.25,-0.721687836487032,1.5));
#6719=CARTESIAN_POINT('',(1.25,0.721687836487032,1.5));
#6720=CARTESIAN_POINT('',(1.25,-0.721687836487032,1.5));
#6721=CARTESIAN_POINT('',(0.939283728799944,0.542295713668082,1.47281584869695));
#6722=CARTESIAN_POINT('Origin',(1.25,0.721687836487032,1.5));
#6723=CARTESIAN_POINT('',(0.,1.44337567297406,1.5));
#6724=CARTESIAN_POINT('',(1.25,0.721687836487032,1.5));
#6725=CARTESIAN_POINT('',(6.93889390390723E-16,1.08459142733616,1.47281584869695));
#6726=CARTESIAN_POINT('Origin',(0.,1.44337567297406,1.5));
#6727=CARTESIAN_POINT('',(-1.25,0.721687836487033,1.5));
#6728=CARTESIAN_POINT('',(1.73472347597681E-17,1.44337567297406,1.5));
#6729=CARTESIAN_POINT('',(-0.939283728799943,0.542295713668083,1.47281584869695));
#6730=CARTESIAN_POINT('Origin',(-1.25,0.721687836487033,1.5));
#6731=CARTESIAN_POINT('',(-1.25,-0.721687836487032,1.5));
#6732=CARTESIAN_POINT('',(-1.25,0.721687836487033,1.5));
#6733=CARTESIAN_POINT('',(-0.939283728799944,-0.542295713668081,1.47281584869695));
#6734=CARTESIAN_POINT('Origin',(-1.25,-0.721687836487032,1.5));
#6735=CARTESIAN_POINT('',(-1.25,-0.721687836487032,1.5));
#6736=CARTESIAN_POINT('Origin',(1.25,-0.721687836487032,3.));
#6737=CARTESIAN_POINT('',(1.25,-0.721687836487032,3.));
#6738=CARTESIAN_POINT('',(2.77555756156289E-16,-1.44337567297406,3.));
#6739=CARTESIAN_POINT('Origin',(1.25,0.721687836487032,3.));
#6740=CARTESIAN_POINT('',(1.25,0.721687836487032,3.));
#6741=CARTESIAN_POINT('Origin',(0.,1.44337567297406,3.));
#6742=CARTESIAN_POINT('',(1.73472347597681E-17,1.44337567297406,3.));
#6743=CARTESIAN_POINT('Origin',(-1.25,0.721687836487033,3.));
#6744=CARTESIAN_POINT('',(-1.25,0.721687836487033,3.));
#6745=CARTESIAN_POINT('Origin',(-1.25,-0.721687836487032,3.));
#6746=CARTESIAN_POINT('',(-1.25,-0.721687836487032,3.));
#6747=CARTESIAN_POINT('Origin',(2.77555756156289E-16,-1.44337567297406,
3.));
#6748=CARTESIAN_POINT('Origin',(-1.73372136918609E-15,0.,-3.00000000000009));
#6749=CARTESIAN_POINT('',(1.46349999999999,1.79227059055215E-16,-1.85871465492569E-13));
#6750=CARTESIAN_POINT('',(1.4635,-1.79227059055215E-16,-3.00000000000009));
#6751=CARTESIAN_POINT('Origin',(-9.8507018026551E-15,0.,-1.89848137210902E-13));
#6752=CARTESIAN_POINT('Origin',(6.38378239159465E-15,0.,-6.));
#6753=CARTESIAN_POINT('Origin',(-1.49999999999999,0.,-1.93470335983093E-13));
#6754=CARTESIAN_POINT('Ctrl Pts',(0.0103771453494969,25.0001318616973,13.2000000144665));
#6755=CARTESIAN_POINT('Ctrl Pts',(0.969140822156031,25.0024585533755,13.1999997182611));
#6756=CARTESIAN_POINT('Ctrl Pts',(3.21136792421941,24.2718026579755,13.1999998110493));
#6757=CARTESIAN_POINT('Ctrl Pts',(4.28123610949436,22.190233729336,13.2000000072273));
#6758=CARTESIAN_POINT('Ctrl Pts',(4.277825319207,20.9900025320368,13.2000000066027));
#6759=CARTESIAN_POINT('Ctrl Pts',(0.0110834081092343,24.7007177105038,13.1999469295105));
#6760=CARTESIAN_POINT('Ctrl Pts',(0.906159171313548,24.7178938658379,13.2005616615212));
#6761=CARTESIAN_POINT('Ctrl Pts',(3.024295395439,24.0674902418035,13.2003749091394));
#6762=CARTESIAN_POINT('Ctrl Pts',(4.04834218341818,22.1164227257149,13.1999714120096));
#6763=CARTESIAN_POINT('Ctrl Pts',(4.04507754488132,20.9906225328204,13.1999726967109));
#6764=CARTESIAN_POINT('Ctrl Pts',(0.0122995043675557,24.1811033027162,13.4520205415406));
#6765=CARTESIAN_POINT('Ctrl Pts',(0.797718744054006,24.2219460313604,13.4256523750129));
#6766=CARTESIAN_POINT('Ctrl Pts',(2.6983427865935,23.7096871418738,13.3706374280221));
#6767=CARTESIAN_POINT('Ctrl Pts',(3.64137749798735,21.9878204709201,13.3484732789676));
#6768=CARTESIAN_POINT('Ctrl Pts',(3.63837125049915,20.9917027957448,13.3485439609818));
#6769=CARTESIAN_POINT('Ctrl Pts',(0.0127305455748056,23.9988859624187,13.978960410129));
#6770=CARTESIAN_POINT('Ctrl Pts',(0.759359122132462,24.0180062527025,13.9125564806137));
#6771=CARTESIAN_POINT('Ctrl Pts',(2.53463307517243,23.5019219296653,13.7630737919119));
#6772=CARTESIAN_POINT('Ctrl Pts',(3.39926619527748,21.9110888115901,13.6954874972407));
#6773=CARTESIAN_POINT('Ctrl Pts',(3.39650979720716,20.9923472673476,13.6957029853586));
#6774=CARTESIAN_POINT('Ctrl Pts',(0.0127259066764185,24.0000016862263,14.2047825961526));
#6775=CARTESIAN_POINT('Ctrl Pts',(0.759819534001662,24.0014454824111,14.1275610999368));
#6776=CARTESIAN_POINT('Ctrl Pts',(2.50651617997868,23.4529215488538,13.9468625611026));
#6777=CARTESIAN_POINT('Ctrl Pts',(3.33963947499015,21.8923206531825,13.8605767644914));
#6778=CARTESIAN_POINT('Ctrl Pts',(3.33698343697455,20.9925048772918,13.8608518473333));
#6779=CARTESIAN_POINT('',(3.33803433514939,21.,13.8579798566743));
#6780=CARTESIAN_POINT('',(4.2777269559353,21.,13.2));
#6781=CARTESIAN_POINT('Origin',(4.2777269559353,21.,14.2));
#6782=CARTESIAN_POINT('',(2.83656560302264,24.0000000001682,13.2000001350625));
#6783=CARTESIAN_POINT('Origin',(0.021015866031654,21.,13.2));
#6784=CARTESIAN_POINT('',(0.0210158660316534,24.,14.2));
#6785=CARTESIAN_POINT('Ctrl Pts',(2.83656560316372,24.,13.2000002704964));
#6786=CARTESIAN_POINT('Ctrl Pts',(2.3419213668721,24.,13.200515560524));
#6787=CARTESIAN_POINT('Ctrl Pts',(1.81980324807513,24.,13.358266442094));
#6788=CARTESIAN_POINT('Ctrl Pts',(0.933333031472321,24.,13.7101748521232));
#6789=CARTESIAN_POINT('Ctrl Pts',(0.467373352420714,24.,13.9615244886536));
#6790=CARTESIAN_POINT('Ctrl Pts',(0.0265033191890474,24.,14.1970685166514));
#6791=CARTESIAN_POINT('Ctrl Pts',(0.0237595824809474,24.,14.1985343199425));
#6792=CARTESIAN_POINT('Ctrl Pts',(0.021015866031652,24.,14.2));
#6793=CARTESIAN_POINT('Origin',(0.0210158660316537,21.,14.2));
#6794=CARTESIAN_POINT('Origin',(4.2777269559353,41.,14.2));
#6795=CARTESIAN_POINT('',(3.33803433514939,18.9,13.8579798566743));
#6796=CARTESIAN_POINT('',(4.2777269559353,19.5579798566743,13.2));
#6797=CARTESIAN_POINT('Origin',(4.2777269559353,19.9,14.2));
#6798=CARTESIAN_POINT('',(4.2777269559353,41.,13.2));
#6799=CARTESIAN_POINT('',(3.33803433514939,41.,13.8579798566743));
#6800=CARTESIAN_POINT('Origin',(-5.44894239207616,41.,38.));
#6801=CARTESIAN_POINT('',(-2.15189466571127,21.,28.9414358209482));
#6802=CARTESIAN_POINT('',(-5.44894239207616,21.,38.));
#6803=CARTESIAN_POINT('',(-4.73048714434756,19.1016805573331,36.026060429977));
#6804=CARTESIAN_POINT('',(-4.410384382408,19.3373352029103,35.146585319643));
#6805=CARTESIAN_POINT('',(-4.73048714434756,17.,36.026060429977));
#6806=CARTESIAN_POINT('',(-4.73048714434756,0.496032545496322,36.026060429977));
#6807=CARTESIAN_POINT('',(-3.75034929796116,17.,33.3331538290775));
#6808=CARTESIAN_POINT('',(-5.44894239207616,17.,38.));
#6809=CARTESIAN_POINT('',(-3.75034929796116,18.9,33.3331538290775));
#6810=CARTESIAN_POINT('',(-3.75034929796116,17.9,33.3331538290775));
#6811=CARTESIAN_POINT('',(3.21354918345939,18.9,14.2));
#6812=CARTESIAN_POINT('Origin',(-3.0472045932081,21.,22.62986642967));
#6813=CARTESIAN_POINT('',(-5.11472529923484,24.,28.3103328837334));
#6814=CARTESIAN_POINT('',(-3.0472045932081,24.,22.62986642967));
#6815=CARTESIAN_POINT('',(-4.84811557579374,23.9882228451293,28.3542858240795));
#6816=CARTESIAN_POINT('Origin',(-9.18979151061258,21.0000000062576,39.5064852830943));
#6817=CARTESIAN_POINT('Origin',(-4.97097252806889,21.0000000000001,27.9153753909711));
#6818=CARTESIAN_POINT('Ctrl Pts',(0.0127258402956987,-24.0000020018129,
14.2047828608605));
#6819=CARTESIAN_POINT('Ctrl Pts',(0.759825477660334,-24.0014392616542,14.1275575706712));
#6820=CARTESIAN_POINT('Ctrl Pts',(2.50651862715597,-23.4529165103497,13.9468599337419));
#6821=CARTESIAN_POINT('Ctrl Pts',(3.33963954115415,-21.8923233819955,13.8605768711543));
#6822=CARTESIAN_POINT('Ctrl Pts',(3.33698351072555,-20.9925048545377,13.8608519452921));
#6823=CARTESIAN_POINT('Ctrl Pts',(0.0127371739115048,-23.9984735659338,
13.9040855778974));
#6824=CARTESIAN_POINT('Ctrl Pts',(0.75875070629238,-24.0239531372494,13.8415576267975));
#6825=CARTESIAN_POINT('Ctrl Pts',(2.54375836559089,-23.5185388467147,13.702356547176));
#6826=CARTESIAN_POINT('Ctrl Pts',(3.41901587305951,-21.9170993338354,13.640761191987));
#6827=CARTESIAN_POINT('Ctrl Pts',(3.41622563564185,-20.992296780303,13.6409575864594));
#6828=CARTESIAN_POINT('Ctrl Pts',(0.0121380871412883,-24.2494430926306,
13.3834414626886));
#6829=CARTESIAN_POINT('Ctrl Pts',(0.812110491801323,-24.2880985498018,13.3646217842596));
#6830=CARTESIAN_POINT('Ctrl Pts',(2.74284840060108,-23.7590674548202,13.3250905446988));
#6831=CARTESIAN_POINT('Ctrl Pts',(3.69766890281046,-22.0056731683122,13.3090050751724));
#6832=CARTESIAN_POINT('Ctrl Pts',(3.6946250679722,-20.991552836412,13.3090563711284));
#6833=CARTESIAN_POINT('Ctrl Pts',(0.0109034914661942,-24.7755638097995,
13.1999640704932));
#6834=CARTESIAN_POINT('Ctrl Pts',(0.922204642606798,-24.7886913902999,13.2001679209597));
#6835=CARTESIAN_POINT('Ctrl Pts',(3.07117587915723,-24.1182970551077,13.2000999151061));
#6836=CARTESIAN_POINT('Ctrl Pts',(4.10655615664417,-22.1350099274254,13.1999795743397));
#6837=CARTESIAN_POINT('Ctrl Pts',(4.10325536849332,-20.99046641182,13.1999799575258));
#6838=CARTESIAN_POINT('Ctrl Pts',(0.0103771476259078,-25.0001318175745,
13.2000000122982));
#6839=CARTESIAN_POINT('Ctrl Pts',(0.969140618358528,-25.0024587284441,13.19999988196));
#6840=CARTESIAN_POINT('Ctrl Pts',(3.2113678211167,-24.2718027994217,13.1999999281564));
#6841=CARTESIAN_POINT('Ctrl Pts',(4.2812360774302,-22.1902336305234,13.2000000067117));
#6842=CARTESIAN_POINT('Ctrl Pts',(4.27782528691649,-20.9900025328613,13.2000000064616));
#6843=CARTESIAN_POINT('',(4.2777269559353,-21.,13.2));
#6844=CARTESIAN_POINT('',(3.33803433514939,-21.,13.8579798566743));
#6845=CARTESIAN_POINT('Origin',(4.2777269559353,-21.,14.2));
#6846=CARTESIAN_POINT('',(0.0210158660316534,-24.,14.2));
#6847=CARTESIAN_POINT('Origin',(0.0210158660316537,-21.,14.2));
#6848=CARTESIAN_POINT('',(2.83656560281903,-24.0000000000366,13.2000000609661));
#6849=CARTESIAN_POINT('Ctrl Pts',(0.0210158660316528,-24.,14.2));
#6850=CARTESIAN_POINT('Ctrl Pts',(0.0237477406100609,-24.,14.1985593577044));
#6851=CARTESIAN_POINT('Ctrl Pts',(0.0264795717676802,-24.,14.1971185769017));
#6852=CARTESIAN_POINT('Ctrl Pts',(0.462130694271052,-24.,13.9673308483623));
#6853=CARTESIAN_POINT('Ctrl Pts',(0.918828978368053,-24.0000000035212,13.7227891718505));
#6854=CARTESIAN_POINT('Ctrl Pts',(1.68758643882274,-24.0000000035212,13.4090853617499));
#6855=CARTESIAN_POINT('Ctrl Pts',(2.26184768003494,-24.,13.2002890064927));
#6856=CARTESIAN_POINT('Ctrl Pts',(2.83656560284993,-24.,13.2000001224361));
#6857=CARTESIAN_POINT('Origin',(0.021015866031654,-21.,13.2));
#6858=CARTESIAN_POINT('Origin',(4.2777269559353,-41.,14.2));
#6859=CARTESIAN_POINT('',(4.2777269559353,-19.5579798566743,13.2));
#6860=CARTESIAN_POINT('',(3.33803433514939,-18.9,13.8579798566743));
#6861=CARTESIAN_POINT('Origin',(4.2777269559353,-19.9,14.2));
#6862=CARTESIAN_POINT('',(3.33803433514939,-41.,13.8579798566743));
#6863=CARTESIAN_POINT('',(4.2777269559353,-41.,13.2));
#6864=CARTESIAN_POINT('Origin',(3.57751941772559,-41.,13.2));
#6865=CARTESIAN_POINT('',(3.21354918345938,-18.5579798566743,13.2));
#6866=CARTESIAN_POINT('',(14.6061767971215,-29.2635479565944,13.2));
#6867=CARTESIAN_POINT('',(7.39365538269017,-24.,13.2));
#6868=CARTESIAN_POINT('',(-35.,-24.,13.2));
#6869=CARTESIAN_POINT('',(7.39365538269017,-16.,13.2));
#6870=CARTESIAN_POINT('',(7.39365538269017,-41.,13.2));
#6871=CARTESIAN_POINT('',(3.21354918345938,-16.,13.2));
#6872=CARTESIAN_POINT('',(3.57751941772559,-16.,13.2));
#6873=CARTESIAN_POINT('',(3.21354918345938,-41.,13.2));
#6874=CARTESIAN_POINT('Origin',(15.,-24.,12.5601953323233));
#6875=CARTESIAN_POINT('',(15.4333333333333,-24.,13.4614290546297));
#6876=CARTESIAN_POINT('',(16.,-24.,12.5601953323233));
#6877=CARTESIAN_POINT('Origin',(15.,-24.,12.5601953323233));
#6878=CARTESIAN_POINT('',(16.,-17.,12.5601953323233));
#6879=CARTESIAN_POINT('',(16.,-24.,12.5601953323233));
#6880=CARTESIAN_POINT('',(15.4333333333333,-16.4333333333333,13.4614290546297));
#6881=CARTESIAN_POINT('Origin',(15.,-16.,12.5601953323233));
#6882=CARTESIAN_POINT('',(15.4333333333333,-24.,13.4614290546297));
#6883=CARTESIAN_POINT('Origin',(20.2,-24.,23.375));
#6884=CARTESIAN_POINT('',(15.,-16.,13.6817033471579));
#6885=CARTESIAN_POINT('Origin',(20.2,-21.2,23.375));
#6886=CARTESIAN_POINT('',(14.132102917814,-16.,14.2));
#6887=CARTESIAN_POINT('Origin',(20.2,-16.,23.375));
#6888=CARTESIAN_POINT('',(14.132102917814,-17.9,14.2));
#6889=CARTESIAN_POINT('',(14.132102917814,-24.,14.2));
#6890=CARTESIAN_POINT('',(12.4353409247052,-17.9,15.5833333333334));
#6891=CARTESIAN_POINT('Origin',(20.2,-17.9,23.375));
#6892=CARTESIAN_POINT('',(12.4353409247052,-24.,15.5833333333334));
#6893=CARTESIAN_POINT('',(12.4353409247052,-24.,15.5833333333334));
#6894=CARTESIAN_POINT('Origin',(20.2,-24.,23.375));
#6895=CARTESIAN_POINT('Origin',(15.,-24.,12.5601953323233));
#6896=CARTESIAN_POINT('',(15.4333333333333,16.4333333333333,13.4614290546297));
#6897=CARTESIAN_POINT('',(16.,17.,12.5601953323233));
#6898=CARTESIAN_POINT('Origin',(15.,16.,12.5601953323233));
#6899=CARTESIAN_POINT('',(16.,24.,12.5601953323233));
#6900=CARTESIAN_POINT('',(16.,-24.,12.5601953323233));
#6901=CARTESIAN_POINT('',(15.4333333333333,24.,13.4614290546297));
#6902=CARTESIAN_POINT('Origin',(15.,24.,12.5601953323233));
#6903=CARTESIAN_POINT('',(15.4333333333333,-24.,13.4614290546297));
#6904=CARTESIAN_POINT('Origin',(20.2,-24.,23.375));
#6905=CARTESIAN_POINT('',(12.4353409247052,24.,15.5833333333334));
#6906=CARTESIAN_POINT('Origin',(20.2,24.,23.375));
#6907=CARTESIAN_POINT('',(12.4353409247052,17.9,15.5833333333334));
#6908=CARTESIAN_POINT('',(12.4353409247052,-24.,15.5833333333334));
#6909=CARTESIAN_POINT('',(14.132102917814,17.9,14.2));
#6910=CARTESIAN_POINT('Origin',(20.2,17.9,23.375));
#6911=CARTESIAN_POINT('',(14.132102917814,16.,14.2));
#6912=CARTESIAN_POINT('',(14.132102917814,-24.,14.2));
#6913=CARTESIAN_POINT('',(15.,16.,13.6817033471579));
#6914=CARTESIAN_POINT('Origin',(20.2,16.,23.375));
#6915=CARTESIAN_POINT('Origin',(20.2,21.2,23.375));
#6916=CARTESIAN_POINT('Origin',(11.7294628269512,-24.,14.8750000000001));
#6917=CARTESIAN_POINT('',(11.7294628269512,24.,15.8750000000001));
#6918=CARTESIAN_POINT('Origin',(11.7294628269512,24.,14.8750000000001));
#6919=CARTESIAN_POINT('',(11.7294628269512,17.9,15.8750000000001));
#6920=CARTESIAN_POINT('',(11.7294628269512,-24.,15.8750000000001));
#6921=CARTESIAN_POINT('Origin',(11.7294628269512,17.9,14.8750000000001));
#6922=CARTESIAN_POINT('Origin',(10.7484078948937,41.,15.8750000000001));
#6923=CARTESIAN_POINT('',(11.1322719299292,24.,15.8750000000001));
#6924=CARTESIAN_POINT('',(-35.,24.,15.8750000000001));
#6925=CARTESIAN_POINT('',(11.1322719299292,17.9,15.8750000000001));
#6926=CARTESIAN_POINT('',(11.1322719299291,41.,15.8750000000001));
#6927=CARTESIAN_POINT('',(58.9773195999937,17.9,15.8750000000001));
#6928=CARTESIAN_POINT('Origin',(11.7294628269512,-24.,14.8750000000001));
#6929=CARTESIAN_POINT('',(11.7294628269512,-17.9,15.8750000000001));
#6930=CARTESIAN_POINT('Origin',(11.7294628269512,-17.9,14.8750000000001));
#6931=CARTESIAN_POINT('',(11.7294628269512,-24.,15.8750000000001));
#6932=CARTESIAN_POINT('',(11.7294628269512,-24.,15.8750000000001));
#6933=CARTESIAN_POINT('Origin',(11.7294628269512,-24.,14.8750000000001));
#6934=CARTESIAN_POINT('Origin',(10.7484078948937,-41.,15.8750000000001));
#6935=CARTESIAN_POINT('',(11.1322719299292,-17.9,15.8750000000001));
#6936=CARTESIAN_POINT('',(58.9773195999937,-17.9,15.8750000000001));
#6937=CARTESIAN_POINT('',(11.1322719299292,-24.,15.8750000000001));
#6938=CARTESIAN_POINT('',(11.1322719299292,-41.,15.8750000000001));
#6939=CARTESIAN_POINT('',(-35.,-24.,15.8750000000001));
#6940=CARTESIAN_POINT('Origin',(58.9773195999937,-17.9,32.6));
#6941=CARTESIAN_POINT('',(8.88813193255478,-17.9,14.2));
#6942=CARTESIAN_POINT('',(58.9773195999937,-17.9,14.2));
#6943=CARTESIAN_POINT('',(10.4631413235703,-17.9,15.6181448254775));
#6944=CARTESIAN_POINT('',(45.7002001102635,-17.9,47.3457350661769));
#6945=CARTESIAN_POINT('Origin',(11.1322719299292,-17.9,14.8750000000001));
#6946=CARTESIAN_POINT('Origin',(7.39365538269017,-41.,14.2));
#6947=CARTESIAN_POINT('',(8.06278598904903,-24.,13.4568551745226));
#6948=CARTESIAN_POINT('Origin',(7.39365538269017,-24.,14.2));
#6949=CARTESIAN_POINT('',(8.06278598904903,-16.,13.4568551745226));
#6950=CARTESIAN_POINT('',(8.06278598904903,-41.,13.4568551745226));
#6951=CARTESIAN_POINT('Origin',(7.39365538269017,-16.,14.2));
#6952=CARTESIAN_POINT('Origin',(7.77751941772559,-41.,13.2));
#6953=CARTESIAN_POINT('',(10.4631413235703,-24.,15.6181448254775));
#6954=CARTESIAN_POINT('',(-16.9409485596107,-24.,-9.05660853564038));
#6955=CARTESIAN_POINT('',(10.4631413235703,-41.,15.6181448254775));
#6956=CARTESIAN_POINT('',(8.8881319325548,-16.,14.2));
#6957=CARTESIAN_POINT('',(8.88813193255479,-17.9,14.2));
#6958=CARTESIAN_POINT('',(7.77751941772559,-16.,13.2));
#6959=CARTESIAN_POINT('Origin',(7.39365538269017,41.,14.2));
#6960=CARTESIAN_POINT('',(8.06278598904903,24.,13.4568551745226));
#6961=CARTESIAN_POINT('',(7.39365538269017,24.,13.2));
#6962=CARTESIAN_POINT('Origin',(7.39365538269017,24.,14.2));
#6963=CARTESIAN_POINT('',(7.39365538269017,16.,13.2));
#6964=CARTESIAN_POINT('',(7.39365538269017,41.,13.2));
#6965=CARTESIAN_POINT('',(8.06278598904903,16.,13.4568551745226));
#6966=CARTESIAN_POINT('Origin',(7.39365538269017,16.,14.2));
#6967=CARTESIAN_POINT('',(8.06278598904903,41.,13.4568551745226));
#6968=CARTESIAN_POINT('Origin',(3.57751941772559,41.,13.2));
#6969=CARTESIAN_POINT('',(3.21354918345938,18.5579798566743,13.2));
#6970=CARTESIAN_POINT('',(14.6061767971215,29.2635479565944,13.2));
#6971=CARTESIAN_POINT('',(3.21354918345938,16.,13.2));
#6972=CARTESIAN_POINT('',(3.21354918345938,41.,13.2));
#6973=CARTESIAN_POINT('',(3.57751941772559,16.,13.2));
#6974=CARTESIAN_POINT('',(-35.,24.,13.2));
#6975=CARTESIAN_POINT('Origin',(11.1322719299291,41.,14.8750000000001));
#6976=CARTESIAN_POINT('',(10.4631413235703,17.9,15.6181448254775));
#6977=CARTESIAN_POINT('Origin',(11.1322719299291,17.9,14.8750000000001));
#6978=CARTESIAN_POINT('',(10.4631413235703,24.,15.6181448254775));
#6979=CARTESIAN_POINT('Origin',(11.1322719299291,24.,14.8750000000001));
#6980=CARTESIAN_POINT('',(10.4631413235703,41.,15.6181448254775));
#6981=CARTESIAN_POINT('Origin',(7.77751941772559,41.,13.2));
#6982=CARTESIAN_POINT('',(8.8881319325548,16.,14.2));
#6983=CARTESIAN_POINT('',(7.77751941772559,16.,13.2));
#6984=CARTESIAN_POINT('',(8.88813193255478,17.9,14.2));
#6985=CARTESIAN_POINT('',(8.88813193255479,17.9,14.2));
#6986=CARTESIAN_POINT('',(45.7002001102635,17.9,47.3457350661769));
#6987=CARTESIAN_POINT('',(-16.9409485596107,24.,-9.05660853564038));
#6988=CARTESIAN_POINT('Origin',(11.1322719299292,-41.,14.8750000000001));
#6989=CARTESIAN_POINT('Origin',(11.1322719299292,-24.,14.8750000000001));
#6990=CARTESIAN_POINT('Origin',(58.9773195999937,17.9,14.2));
#6991=CARTESIAN_POINT('',(58.9773195999937,17.9,14.2));
#6992=CARTESIAN_POINT('',(58.9773195999937,16.,14.2));
#6993=CARTESIAN_POINT('Origin',(58.9773195999937,17.9,32.6));
#6994=CARTESIAN_POINT('Origin',(-25.3849001186336,-16.,38.));
#6995=CARTESIAN_POINT('',(15.,-16.,11.));
#6996=CARTESIAN_POINT('',(15.,-16.,38.));
#6997=CARTESIAN_POINT('',(-15.,-16.,11.));
#6998=CARTESIAN_POINT('',(-12.6924500593168,-16.,11.));
#6999=CARTESIAN_POINT('',(-15.,-16.,16.4));
#7000=CARTESIAN_POINT('',(-15.,-16.,46.0656654467775));
#7001=CARTESIAN_POINT('',(-0.673300872106375,-16.,16.4));
#7002=CARTESIAN_POINT('',(-10.,-16.,16.4));
#7003=CARTESIAN_POINT('',(0.127433643279254,-16.,14.2));
#7004=CARTESIAN_POINT('',(-2.08004133173975,-16.,20.2649876478759));
#7005=CARTESIAN_POINT('',(2.21354918345937,-16.,14.2));
#7006=CARTESIAN_POINT('',(58.9773195999937,-16.,14.2));
#7007=CARTESIAN_POINT('',(3.78580264371417,-16.,12.6277465397452));
#7008=CARTESIAN_POINT('',(58.9773195999937,-16.,14.2));
#7009=CARTESIAN_POINT('',(12.5996633405134,-16.,12.1605273203672));
#7010=CARTESIAN_POINT('',(13.3292588193434,-16.,12.8750000000001));
#7011=CARTESIAN_POINT('',(13.3292588193434,-16.,12.8750000000001));
#7012=CARTESIAN_POINT('',(12.5996633405133,-16.,13.5894726796329));
#7013=CARTESIAN_POINT('',(12.5996633405133,-16.,13.5894726796329));
#7014=CARTESIAN_POINT('Origin',(11.9,-16.,12.8750000000001));
#7015=CARTESIAN_POINT('',(-12.3003366594867,-16.,12.1605273203672));
#7016=CARTESIAN_POINT('',(-11.5707411806566,-16.,12.8750000000001));
#7017=CARTESIAN_POINT('',(-11.5707411806566,-16.,12.8750000000001));
#7018=CARTESIAN_POINT('',(-12.3003366594867,-16.,13.5894726796329));
#7019=CARTESIAN_POINT('',(-12.3003366594867,-16.,13.5894726796329));
#7020=CARTESIAN_POINT('Origin',(-13.,-16.,12.8750000000001));
#7021=CARTESIAN_POINT('Origin',(16.,-17.,38.));
#7022=CARTESIAN_POINT('',(16.,-17.,11.));
#7023=CARTESIAN_POINT('',(16.,-17.,38.));
#7024=CARTESIAN_POINT('',(7.75000000000002,-8.74999999999998,11.));
#7025=CARTESIAN_POINT('Origin',(-15.,16.,46.0656654467775));
#7026=CARTESIAN_POINT('',(-15.,-16.,35.75));
#7027=CARTESIAN_POINT('',(-15.,16.,35.75));
#7028=CARTESIAN_POINT('',(-15.,-26.2679082596664,35.75));
#7029=CARTESIAN_POINT('',(-15.,-16.,30.4));
#7030=CARTESIAN_POINT('',(-15.,-16.,46.0656654467775));
#7031=CARTESIAN_POINT('',(-15.,-17.2,30.4));
#7032=CARTESIAN_POINT('',(-15.,-16.9,30.4));
#7033=CARTESIAN_POINT('',(-15.,-17.2,16.4));
#7034=CARTESIAN_POINT('',(-15.,-17.2,19.9));
#7035=CARTESIAN_POINT('',(-15.,-16.3,16.4));
#7036=CARTESIAN_POINT('',(-15.,16.,11.));
#7037=CARTESIAN_POINT('',(-15.,8.,11.));
#7038=CARTESIAN_POINT('',(-15.,16.,46.0656654467775));
#7039=CARTESIAN_POINT('',(-15.,0.,15.9081711178111));
#7040=CARTESIAN_POINT('',(-15.,0.,30.8918288821889));
#7041=CARTESIAN_POINT('Origin',(-15.,0.349999999999996,23.4));
#7042=CARTESIAN_POINT('Origin',(-15.,-0.349999999999996,23.4));
#7043=CARTESIAN_POINT('',(-15.,-13.05,32.175));
#7044=CARTESIAN_POINT('Origin',(-15.,-13.05,32.925));
#7045=CARTESIAN_POINT('',(-15.,13.05,32.175));
#7046=CARTESIAN_POINT('Origin',(-15.,13.05,32.925));
#7047=CARTESIAN_POINT('Ctrl Pts',(-19.9999986932158,19.9558636869846,34.9986531876399));
#7048=CARTESIAN_POINT('Ctrl Pts',(-19.9999986842391,19.9562871640786,35.2228160967632));
#7049=CARTESIAN_POINT('Ctrl Pts',(-20.0000038919379,19.7105998131843,35.7468614734124));
#7050=CARTESIAN_POINT('Ctrl Pts',(-20.0000192412655,19.0129626117951,35.9967381740471));
#7051=CARTESIAN_POINT('Ctrl Pts',(-19.9999950804402,18.6106821379632,35.9957523425762));
#7052=CARTESIAN_POINT('Ctrl Pts',(-20.0003680879527,20.2757649977159,34.9980714313635));
#7053=CARTESIAN_POINT('Ctrl Pts',(-20.0003692319409,20.2762591573704,35.3190633029698));
#7054=CARTESIAN_POINT('Ctrl Pts',(-19.9997055440364,19.9895765162278,36.0674875195255));
#7055=CARTESIAN_POINT('Ctrl Pts',(-19.9977834884369,19.1466876084114,36.5187412914568));
#7056=CARTESIAN_POINT('Ctrl Pts',(-20.0013713647237,18.6100768741988,36.5959471715283));
#7057=CARTESIAN_POINT('Ctrl Pts',(-19.8640334080901,20.8349272509215,34.9970552510307));
#7058=CARTESIAN_POINT('Ctrl Pts',(-19.8641223683558,20.8355445958005,35.4871812249407));
#7059=CARTESIAN_POINT('Ctrl Pts',(-19.8125238045478,20.4774177054344,36.629261406103));
#7060=CARTESIAN_POINT('Ctrl Pts',(-19.635197679224,19.3763970644868,37.4336165524125));
#7061=CARTESIAN_POINT('Ctrl Pts',(-19.4986347760114,18.6090371337373,37.6353883186418));
#7062=CARTESIAN_POINT('Ctrl Pts',(-19.5158466820232,21.2846306265644,34.9962375067174));
#7063=CARTESIAN_POINT('Ctrl Pts',(-19.5161576252766,21.2854283085322,35.6224668327973));
#7064=CARTESIAN_POINT('Ctrl Pts',(-19.3357725334653,20.8226615024789,37.0847275664993));
#7065=CARTESIAN_POINT('Ctrl Pts',(-18.7912812817329,19.4578724950918,37.9111787656037));
#7066=CARTESIAN_POINT('Ctrl Pts',(-18.4463614682454,18.6086676800187,38.0007135459632));
#7067=CARTESIAN_POINT('Ctrl Pts',(-19.337736173707,21.4448868816096,34.9959463575115));
#7068=CARTESIAN_POINT('Ctrl Pts',(-19.3381581548693,21.445779432707,35.6706330191816));
#7069=CARTESIAN_POINT('Ctrl Pts',(-19.0933387404531,20.9279510385775,37.2478703091215));
#7070=CARTESIAN_POINT('Ctrl Pts',(-18.3980575865958,19.4572792307053,38.0015613039318));
#7071=CARTESIAN_POINT('Ctrl Pts',(-17.9968700284422,18.6086699513081,37.9999954151793));
#7072=CARTESIAN_POINT('',(-19.3382612127177,21.4444181252953,35.));
#7073=CARTESIAN_POINT('',(-20.,19.9581284743405,35.));
#7074=CARTESIAN_POINT('Origin',(-18.,19.9581284743405,35.));
#7075=CARTESIAN_POINT('',(-20.,18.6124957447341,36.));
#7076=CARTESIAN_POINT('Origin',(-20.,18.6124957447341,35.));
#7077=CARTESIAN_POINT('',(-18.,18.6124957447341,38.));
#7078=CARTESIAN_POINT('Origin',(-18.,18.6124957447341,36.));
#7079=CARTESIAN_POINT('Origin',(-18.,18.6124957447341,35.));
#7080=CARTESIAN_POINT('Ctrl Pts',(-19.337732408542,-21.4448902863395,34.9959564152543));
#7081=CARTESIAN_POINT('Ctrl Pts',(-19.3381533401458,-21.4457806184939,35.6706406156156));
#7082=CARTESIAN_POINT('Ctrl Pts',(-19.093333825826,-20.927951417576,37.2478734265819));
#7083=CARTESIAN_POINT('Ctrl Pts',(-18.3980558364362,-19.4572832742964,38.0015659544758));
#7084=CARTESIAN_POINT('Ctrl Pts',(-17.9968649749112,-18.6086794589011,37.9999953767685));
#7085=CARTESIAN_POINT('Ctrl Pts',(-19.57515796708,-21.2312677258658,34.9963431629791));
#7086=CARTESIAN_POINT('Ctrl Pts',(-19.5754321651639,-21.2320320506719,35.6064999791492));
#7087=CARTESIAN_POINT('Ctrl Pts',(-19.4159730577631,-20.7875186926786,37.0297637691989));
#7088=CARTESIAN_POINT('Ctrl Pts',(-18.9206057040873,-19.4590723882892,37.878408610805));
#7089=CARTESIAN_POINT('Ctrl Pts',(-18.5960613870544,-18.6086719385998,38.0009788326392));
#7090=CARTESIAN_POINT('Ctrl Pts',(-19.8992652455193,-20.7557214005147,34.9972062704504));
#7091=CARTESIAN_POINT('Ctrl Pts',(-19.8993308446402,-20.7563195627649,35.4633512834488));
#7092=CARTESIAN_POINT('Ctrl Pts',(-19.8611861016222,-20.4084522655576,36.5496317216495));
#7093=CARTESIAN_POINT('Ctrl Pts',(-19.7327936066507,-19.3459066969412,37.3084179808026));
#7094=CARTESIAN_POINT('Ctrl Pts',(-19.6353381985917,-18.6091834253699,37.4986691495237));
#7095=CARTESIAN_POINT('Ctrl Pts',(-20.0002721512625,-20.1959807184405,34.9982212210461));
#7096=CARTESIAN_POINT('Ctrl Pts',(-20.0002722806209,-20.1964559622247,35.2950165405024));
#7097=CARTESIAN_POINT('Ctrl Pts',(-20.000197164156,-19.9200573678148,35.9879665419323));
#7098=CARTESIAN_POINT('Ctrl Pts',(-19.9997033253506,-19.1126384339882,36.3904317058393));
#7099=CARTESIAN_POINT('Ctrl Pts',(-20.000989544026,-18.6102366195127,36.4462221490948));
#7100=CARTESIAN_POINT('Ctrl Pts',(-19.9999987144126,-19.9558693186847,34.9986565182874));
#7101=CARTESIAN_POINT('Ctrl Pts',(-19.9999987123526,-19.9562917443888,35.2228204524515));
#7102=CARTESIAN_POINT('Ctrl Pts',(-19.9999999092505,-19.710603190809,35.7468623238646));
#7103=CARTESIAN_POINT('Ctrl Pts',(-20.0000062151578,-19.012974542995,35.9967284518913));
#7104=CARTESIAN_POINT('Ctrl Pts',(-19.9999953042633,-18.6106865998702,35.9957631089079));
#7105=CARTESIAN_POINT('',(-18.,-18.6124957447341,38.));
#7106=CARTESIAN_POINT('',(-20.,-18.6124957447341,36.));
#7107=CARTESIAN_POINT('Origin',(-18.,-18.6124957447341,36.));
#7108=CARTESIAN_POINT('',(-20.,-19.9581284743405,35.));
#7109=CARTESIAN_POINT('Origin',(-20.,-18.6124957447341,35.));
#7110=CARTESIAN_POINT('',(-19.3382612127177,-21.4444181252953,35.));
#7111=CARTESIAN_POINT('Origin',(-18.,-19.9581284743405,35.));
#7112=CARTESIAN_POINT('Origin',(-18.,-18.6124957447341,35.));
#7113=CARTESIAN_POINT('Origin',(-18.,-0.00123558134216828,36.));
#7114=CARTESIAN_POINT('',(-20.,-0.00123558134216828,36.));
#7115=CARTESIAN_POINT('',(-18.,-0.00123558134216828,38.));
#7116=CARTESIAN_POINT('Origin',(-17.3145111033845,19.229712719568,35.));
#7117=CARTESIAN_POINT('',(-17.4567052250633,19.1016805573331,38.));
#7118=CARTESIAN_POINT('',(-20.5248425863227,16.3391172687938,38.));
#7119=CARTESIAN_POINT('',(-18.569057780736,21.9994580362003,35.7764571353076));
#7120=CARTESIAN_POINT('Origin',(-17.4567052250635,19.1016805573337,35.0000000000009));
#7121=CARTESIAN_POINT('',(-18.4907628278531,22.2075090985633,35.));
#7122=CARTESIAN_POINT('Origin',(-14.0073331773106,22.2075090985856,34.9999999999181));
#7123=CARTESIAN_POINT('',(-19.3835260072102,21.40366152127,35.));
#7124=CARTESIAN_POINT('Origin',(30.,13.05,32.925));
#7125=CARTESIAN_POINT('',(-20.,13.05,32.175));
#7126=CARTESIAN_POINT('',(30.,13.05,32.175));
#7127=CARTESIAN_POINT('Origin',(-20.,13.05,32.925));
#7128=CARTESIAN_POINT('Origin',(-13.,41.,33.8750000000001));
#7129=CARTESIAN_POINT('',(-12.3003366594867,18.2,34.5894726796329));
#7130=CARTESIAN_POINT('',(-12.3003366594867,18.2,33.1605273203673));
#7131=CARTESIAN_POINT('Origin',(-13.,18.2,33.8750000000001));
#7132=CARTESIAN_POINT('',(-12.3003366594867,16.,34.5894726796329));
#7133=CARTESIAN_POINT('',(-12.3003366594867,41.,34.5894726796329));
#7134=CARTESIAN_POINT('',(-12.3003366594867,16.,33.1605273203673));
#7135=CARTESIAN_POINT('Origin',(-13.,16.,33.8750000000001));
#7136=CARTESIAN_POINT('',(-12.3003366594867,41.,33.1605273203673));
#7137=CARTESIAN_POINT('Origin',(-13.,41.,12.8750000000001));
#7138=CARTESIAN_POINT('',(-12.3003366594867,18.2,13.5894726796329));
#7139=CARTESIAN_POINT('',(-12.3003366594867,18.2,12.1605273203673));
#7140=CARTESIAN_POINT('Origin',(-13.,18.2,12.8750000000001));
#7141=CARTESIAN_POINT('',(-12.3003366594867,16.,13.5894726796329));
#7142=CARTESIAN_POINT('',(-12.3003366594867,41.,13.5894726796329));
#7143=CARTESIAN_POINT('',(-12.3003366594867,16.,12.1605273203672));
#7144=CARTESIAN_POINT('Origin',(-13.,16.,12.8750000000001));
#7145=CARTESIAN_POINT('',(-12.3003366594867,41.,12.1605273203673));
#7146=CARTESIAN_POINT('Origin',(11.9,41.,12.8750000000001));
#7147=CARTESIAN_POINT('',(12.5996633405133,18.2,13.5894726796329));
#7148=CARTESIAN_POINT('',(12.5996633405133,18.2,12.1605273203673));
#7149=CARTESIAN_POINT('Origin',(11.9,18.2,12.8750000000001));
#7150=CARTESIAN_POINT('',(12.5996633405133,16.,13.5894726796329));
#7151=CARTESIAN_POINT('',(12.5996633405133,41.,13.5894726796329));
#7152=CARTESIAN_POINT('',(12.5996633405134,16.,12.1605273203672));
#7153=CARTESIAN_POINT('Origin',(11.9,16.,12.8750000000001));
#7154=CARTESIAN_POINT('',(12.5996633405133,41.,12.1605273203673));
#7155=CARTESIAN_POINT('Origin',(-13.,9.70673426229027,33.8750000000001));
#7156=CARTESIAN_POINT('',(-11.6006733189733,18.2,35.3039453592657));
#7157=CARTESIAN_POINT('',(-11.6006733189733,18.2,32.4460546407345));
#7158=CARTESIAN_POINT('Origin',(-13.,18.2,33.8750000000001));
#7159=CARTESIAN_POINT('',(-11.6006733189733,22.8918366950917,32.4460546407345));
#7160=CARTESIAN_POINT('',(-11.6006733189733,9.70673426229027,32.4460546407345));
#7161=CARTESIAN_POINT('',(-13.6200490001509,21.9994580362003,35.7764571353076));
#7162=CARTESIAN_POINT('Origin',(-13.,22.5089519400483,33.8750000000001));
#7163=CARTESIAN_POINT('',(-12.3799509998491,21.9994580362003,35.7764571353076));
#7164=CARTESIAN_POINT('Ctrl Pts',(-13.6200490001509,21.9994580362003,35.7764571353076));
#7165=CARTESIAN_POINT('Ctrl Pts',(-13.4161097250708,21.9816386477319,35.8429599984313));
#7166=CARTESIAN_POINT('Ctrl Pts',(-13.2016830186165,21.9712406281453,35.8750000000001));
#7167=CARTESIAN_POINT('Ctrl Pts',(-12.7983169813835,21.9712406281453,35.8750000000001));
#7168=CARTESIAN_POINT('Ctrl Pts',(-12.5838902749292,21.9816386477319,35.8429599984313));
#7169=CARTESIAN_POINT('Ctrl Pts',(-12.3799509998491,21.9994580362003,35.7764571353076));
#7170=CARTESIAN_POINT('',(-11.6006733189733,22.1260671850049,35.3039453592657));
#7171=CARTESIAN_POINT('Origin',(-12.9999999999983,22.5089519400481,33.8750000000014));
#7172=CARTESIAN_POINT('',(-11.6006733189733,9.70673426229027,35.3039453592657));
#7173=CARTESIAN_POINT('Origin',(-10.1414823613132,9.70673426229027,33.8750000000001));
#7174=CARTESIAN_POINT('',(-10.1414823613132,22.5089519400483,33.8750000000001));
#7175=CARTESIAN_POINT('',(-8.48490946430342,22.0742751045365,35.4972360350034));
#7176=CARTESIAN_POINT('',(-10.1414823613132,18.2,33.8750000000001));
#7177=CARTESIAN_POINT('',(-10.1414823613132,18.2,33.8750000000001));
#7178=CARTESIAN_POINT('',(-10.1414823613132,9.70673426229027,33.8750000000001));
#7179=CARTESIAN_POINT('Origin',(-11.6006733189733,9.70673426229027,35.3039453592657));
#7180=CARTESIAN_POINT('',(-13.2077019476501,21.7043905294523,36.8776640621537));
#7181=CARTESIAN_POINT('',(-11.6006733189733,18.2,35.3039453592657));
#7182=CARTESIAN_POINT('Origin',(12.5996633405133,41.,13.5894726796329));
#7183=CARTESIAN_POINT('',(13.3292588193434,18.2,12.8750000000001));
#7184=CARTESIAN_POINT('',(12.5996633405133,18.2,13.5894726796329));
#7185=CARTESIAN_POINT('',(13.3292588193434,16.,12.8750000000001));
#7186=CARTESIAN_POINT('',(13.3292588193434,41.,12.8750000000001));
#7187=CARTESIAN_POINT('',(12.5996633405133,16.,13.5894726796329));
#7188=CARTESIAN_POINT('Origin',(13.3292588193434,41.,12.8750000000001));
#7189=CARTESIAN_POINT('',(13.3292588193434,18.2,12.8750000000001));
#7190=CARTESIAN_POINT('',(13.3292588193434,16.,12.8750000000001));
#7191=CARTESIAN_POINT('Origin',(-12.3003366594867,41.,13.5894726796329));
#7192=CARTESIAN_POINT('',(-11.5707411806566,18.2,12.8750000000001));
#7193=CARTESIAN_POINT('',(-12.3003366594867,18.2,13.5894726796329));
#7194=CARTESIAN_POINT('',(-11.5707411806566,16.,12.8750000000001));
#7195=CARTESIAN_POINT('',(-11.5707411806566,41.,12.8750000000001));
#7196=CARTESIAN_POINT('',(-12.3003366594867,16.,13.5894726796329));
#7197=CARTESIAN_POINT('Origin',(-11.5707411806566,41.,12.8750000000001));
#7198=CARTESIAN_POINT('',(-11.5707411806566,18.2,12.8750000000001));
#7199=CARTESIAN_POINT('',(-11.5707411806566,16.,12.8750000000001));
#7200=CARTESIAN_POINT('Origin',(-12.3003366594867,41.,34.5894726796329));
#7201=CARTESIAN_POINT('',(-11.5707411806566,18.2,33.8750000000001));
#7202=CARTESIAN_POINT('',(-12.3003366594867,18.2,34.5894726796329));
#7203=CARTESIAN_POINT('',(-11.5707411806566,16.,33.8750000000001));
#7204=CARTESIAN_POINT('',(-11.5707411806566,41.,33.8750000000001));
#7205=CARTESIAN_POINT('',(-12.3003366594867,16.,34.5894726796329));
#7206=CARTESIAN_POINT('Origin',(-11.5707411806566,41.,33.8750000000001));
#7207=CARTESIAN_POINT('',(-11.5707411806566,18.2,33.8750000000001));
#7208=CARTESIAN_POINT('',(-11.5707411806566,16.,33.8750000000001));
#7209=CARTESIAN_POINT('Origin',(-25.3849001186336,16.,38.));
#7210=CARTESIAN_POINT('',(2.21354918345937,16.,14.2));
#7211=CARTESIAN_POINT('',(3.78580264371417,16.,12.6277465397452));
#7212=CARTESIAN_POINT('',(-10.,16.,14.2));
#7213=CARTESIAN_POINT('',(58.9773195999937,16.,14.2));
#7214=CARTESIAN_POINT('',(-10.,16.,32.6));
#7215=CARTESIAN_POINT('',(-10.,16.,14.2));
#7216=CARTESIAN_POINT('',(-4.54768089951459,16.,32.6));
#7217=CARTESIAN_POINT('',(58.9773195999937,16.,32.6));
#7218=CARTESIAN_POINT('',(-5.76185085285091,16.,35.9359045301719));
#7219=CARTESIAN_POINT('',(-8.72069905879866,16.,44.0652731636072));
#7220=CARTESIAN_POINT('',(-5.94775538302277,16.,35.75));
#7221=CARTESIAN_POINT('',(-5.94775538302277,16.,35.75));
#7222=CARTESIAN_POINT('',(-15.,16.,35.75));
#7223=CARTESIAN_POINT('',(15.,16.,11.));
#7224=CARTESIAN_POINT('',(-12.6924500593168,16.,11.));
#7225=CARTESIAN_POINT('',(15.,16.,38.));
#7226=CARTESIAN_POINT('Origin',(58.9773195999937,17.9,14.2));
#7227=CARTESIAN_POINT('',(2.21354918345937,17.9603073792141,14.2));
#7228=CARTESIAN_POINT('',(2.21354918345937,17.9,14.2));
#7229=CARTESIAN_POINT('',(2.14937141098349,17.9,14.2));
#7230=CARTESIAN_POINT('',(-1.38676380082469,14.5771198353626,14.2));
#7231=CARTESIAN_POINT('',(-10.,17.9,14.2));
#7232=CARTESIAN_POINT('',(58.9773195999937,17.9,14.2));
#7233=CARTESIAN_POINT('',(-10.,17.9,14.2));
#7234=CARTESIAN_POINT('Origin',(58.9773195999937,17.9,32.6));
#7235=CARTESIAN_POINT('',(-4.54768089951457,17.9,32.6));
#7236=CARTESIAN_POINT('',(-4.42319574782457,17.9,32.2579798566743));
#7237=CARTESIAN_POINT('',(-10.,17.9,32.6));
#7238=CARTESIAN_POINT('',(58.9773195999937,17.9,32.6));
#7239=CARTESIAN_POINT('',(-10.,17.9,14.2));
#7240=CARTESIAN_POINT('Origin',(58.9773195999937,16.,32.6));
#7241=CARTESIAN_POINT('',(-4.48350312703864,17.9603073792141,32.6));
#7242=CARTESIAN_POINT('',(-4.48350312703864,16.0603073792141,32.6));
#7243=CARTESIAN_POINT('',(-4.48350312703864,16.,32.6));
#7244=CARTESIAN_POINT('',(29.1879807258157,47.701152286653,32.6));
#7245=CARTESIAN_POINT('',(-10.,17.9,32.6));
#7246=CARTESIAN_POINT('',(-4.5272716192712,17.9191784500402,32.6));
#7247=CARTESIAN_POINT('Origin',(-10.,0.,0.));
#7248=CARTESIAN_POINT('Origin',(-15.,-26.2679082596664,35.75));
#7249=CARTESIAN_POINT('',(-5.94775538302277,-16.,35.75));
#7250=CARTESIAN_POINT('',(-5.94775538302277,-26.2679082596664,35.75));
#7251=CARTESIAN_POINT('',(-15.,-16.,35.75));
#7252=CARTESIAN_POINT('Origin',(-5.94775538302277,-26.2679082596664,35.75));
#7253=CARTESIAN_POINT('',(-5.04553481576622,16.9181114078693,36.6522205672566));
#7254=CARTESIAN_POINT('',(-20.7358576942075,-3.19237569846065,20.9618976888152));
#7255=CARTESIAN_POINT('',(-5.04553481576622,-16.9181114078693,36.6522205672566));
#7256=CARTESIAN_POINT('',(-5.04553481576621,16.9181114078693,36.6522205672566));
#7257=CARTESIAN_POINT('',(-5.76185085285091,-16.,35.9359045301719));
#7258=CARTESIAN_POINT('',(-20.7358576942075,3.19237569846065,20.9618976888152));
#7259=CARTESIAN_POINT('',(-5.94775538302277,-16.,35.75));
#7260=CARTESIAN_POINT('Origin',(-25.3849001186336,18.2,38.));
#7261=CARTESIAN_POINT('Origin',(-11.6006733189733,9.70673426229027,11.4460546407345));
#7262=CARTESIAN_POINT('',(-11.6006733189733,18.2,11.4460546407345));
#7263=CARTESIAN_POINT('',(-10.1414823613132,18.2,12.8750000000001));
#7264=CARTESIAN_POINT('',(-11.6006733189733,18.2,11.4460546407345));
#7265=CARTESIAN_POINT('',(-10.1414823613132,24.,12.8750000000001));
#7266=CARTESIAN_POINT('',(-10.1414823613132,9.70673426229027,12.8750000000001));
#7267=CARTESIAN_POINT('',(-11.6006733189733,24.,11.4460546407345));
#7268=CARTESIAN_POINT('',(-11.6006733189733,24.,11.4460546407345));
#7269=CARTESIAN_POINT('',(-11.6006733189733,9.70673426229027,11.4460546407345));
#7270=CARTESIAN_POINT('Origin',(-10.1414823613132,9.70673426229027,12.8750000000001));
#7271=CARTESIAN_POINT('',(-11.6006733189733,18.2,14.3039453592657));
#7272=CARTESIAN_POINT('',(-10.1414823613132,18.2,12.8750000000001));
#7273=CARTESIAN_POINT('',(-11.6006733189733,24.,14.3039453592657));
#7274=CARTESIAN_POINT('',(-11.6006733189733,9.70673426229027,14.3039453592657));
#7275=CARTESIAN_POINT('',(-10.1414823613132,24.,12.8750000000001));
#7276=CARTESIAN_POINT('Origin',(14.7585176386868,9.70673426229027,12.8750000000001));
#7277=CARTESIAN_POINT('',(13.2993266810267,18.2,11.4460546407344));
#7278=CARTESIAN_POINT('',(14.7585176386868,18.2,12.8750000000001));
#7279=CARTESIAN_POINT('',(14.7585176386868,18.2,12.8750000000001));
#7280=CARTESIAN_POINT('',(14.7585176386868,24.,12.8750000000001));
#7281=CARTESIAN_POINT('',(14.7585176386868,9.70673426229027,12.8750000000001));
#7282=CARTESIAN_POINT('',(13.2993266810267,24.,11.4460546407344));
#7283=CARTESIAN_POINT('',(14.7585176386868,24.,12.8750000000001));
#7284=CARTESIAN_POINT('',(13.2993266810267,9.70673426229027,11.4460546407344));
#7285=CARTESIAN_POINT('Origin',(13.2993266810267,9.70673426229027,14.3039453592657));
#7286=CARTESIAN_POINT('',(13.2993266810267,18.2,14.3039453592657));
#7287=CARTESIAN_POINT('',(13.2993266810267,18.2,14.3039453592657));
#7288=CARTESIAN_POINT('',(13.2993266810267,24.,14.3039453592657));
#7289=CARTESIAN_POINT('',(13.2993266810267,9.70673426229027,14.3039453592657));
#7290=CARTESIAN_POINT('',(13.2993266810267,24.,14.3039453592657));
#7291=CARTESIAN_POINT('Origin',(30.,29.4698880663466,7.89643270841318));
#7292=CARTESIAN_POINT('',(-7.54956500670529,21.9994580362003,35.7764571353076));
#7293=CARTESIAN_POINT('',(30.,21.9994580362003,35.7764571353076));
#7294=CARTESIAN_POINT('',(-4.51201525185972,24.2356546455773,27.4308577733993));
#7295=CARTESIAN_POINT('',(-16.5,24.,28.3103328837334));
#7296=CARTESIAN_POINT('',(-35.,24.,28.3103328837334));
#7297=CARTESIAN_POINT('',(-18.9850372936927,21.7624623705282,36.6609370007694));
#7298=CARTESIAN_POINT('',(30.,21.9994580362003,35.7764571353076));
#7299=CARTESIAN_POINT('Origin',(0.,19.1016805573331,35.));
#7300=CARTESIAN_POINT('',(-7.54956500670529,19.1016805573331,38.));
#7301=CARTESIAN_POINT('',(0.,19.1016805573331,38.));
#7302=CARTESIAN_POINT('Origin',(-7.54956500670529,19.1016805573331,35.));
#7303=CARTESIAN_POINT('Origin',(3.78580264371417,41.,12.6277465397452));
#7304=CARTESIAN_POINT('',(-10.8955212107914,10.1253767994815,27.3090703942509));
#7305=CARTESIAN_POINT('Origin',(-5.44894239207615,18.9,38.));
#7306=CARTESIAN_POINT('',(4.02552322657059,28.8664350667967,41.109026353609));
#7307=CARTESIAN_POINT('Origin',(-3.75034929796116,41.,33.3331538290775));
#7308=CARTESIAN_POINT('',(4.69403715401901,27.8232779005937,41.7775402810574));
#7309=CARTESIAN_POINT('Origin',(-5.44894239207616,17.,38.));
#7310=CARTESIAN_POINT('Origin',(-7.54956500651324,14.0000000002157,35.0000000001027));
#7311=CARTESIAN_POINT('Origin',(16.,17.,38.));
#7312=CARTESIAN_POINT('',(16.,17.,11.));
#7313=CARTESIAN_POINT('',(7.75000000000002,8.74999999999998,11.));
#7314=CARTESIAN_POINT('',(16.,17.,38.));
#7315=CARTESIAN_POINT('Origin',(5.61226390139151,28.7912130927376,-1.16182772372135));
#7316=CARTESIAN_POINT('Origin',(-7.54956500670529,19.1016805573331,35.));
#7317=CARTESIAN_POINT('Origin',(-7.54956500670529,19.1016805573331,35.));
#7318=CARTESIAN_POINT('Origin',(-7.54956500670529,19.1016805573331,35.));
#7319=CARTESIAN_POINT('Origin',(-7.54956500670529,41.,35.));
#7320=CARTESIAN_POINT('',(-7.54956500670529,-19.1016805573331,38.));
#7321=CARTESIAN_POINT('',(-7.54956500670529,19.1016805573331,38.));
#7322=CARTESIAN_POINT('',(-4.73048714434756,-19.1016805573331,36.026060429977));
#7323=CARTESIAN_POINT('Origin',(-7.54956500670529,-19.1016805573331,35.));
#7324=CARTESIAN_POINT('',(-4.73048714434756,-17.,36.026060429977));
#7325=CARTESIAN_POINT('',(-4.73048714434756,-0.496032545496322,36.026060429977));
#7326=CARTESIAN_POINT('Origin',(-7.54956500651324,-14.0000000002157,35.0000000001027));
#7327=CARTESIAN_POINT('Origin',(-35.2,0.349999999999996,23.4));
#7328=CARTESIAN_POINT('',(-20.,0.,30.8918288821889));
#7329=CARTESIAN_POINT('',(-35.2,0.,30.8918288821889));
#7330=CARTESIAN_POINT('',(-20.,0.,15.9081711178111));
#7331=CARTESIAN_POINT('Origin',(-20.,0.349999999999996,23.4));
#7332=CARTESIAN_POINT('',(-35.2,0.,15.9081711178111));
#7333=CARTESIAN_POINT('Origin',(0.,0.,38.));
#7334=CARTESIAN_POINT('',(-17.4567052250633,-19.1016805573331,38.));
#7335=CARTESIAN_POINT('',(-20.5248425863227,-16.3391172687938,38.));
#7336=CARTESIAN_POINT('',(0.,-19.1016805573331,38.));
#7337=CARTESIAN_POINT('Origin',(30.,-13.05,32.925));
#7338=CARTESIAN_POINT('',(-20.,-13.05,32.175));
#7339=CARTESIAN_POINT('Origin',(-20.,-13.05,32.925));
#7340=CARTESIAN_POINT('',(30.,-13.05,32.175));
#7341=CARTESIAN_POINT('Origin',(-13.,-41.,33.8750000000001));
#7342=CARTESIAN_POINT('',(-12.3003366594867,-18.2,34.5894726796329));
#7343=CARTESIAN_POINT('',(-12.3003366594867,-18.2,33.1605273203673));
#7344=CARTESIAN_POINT('Origin',(-13.,-18.2,33.8750000000001));
#7345=CARTESIAN_POINT('',(-12.3003366594867,-16.,33.1605273203673));
#7346=CARTESIAN_POINT('',(-12.3003366594867,-41.,33.1605273203673));
#7347=CARTESIAN_POINT('',(-12.3003366594867,-16.,34.5894726796329));
#7348=CARTESIAN_POINT('Origin',(-13.,-16.,33.8750000000001));
#7349=CARTESIAN_POINT('',(-12.3003366594867,-41.,34.5894726796329));
#7350=CARTESIAN_POINT('Origin',(-13.,-41.,12.8750000000001));
#7351=CARTESIAN_POINT('',(-12.3003366594867,-18.2,13.5894726796329));
#7352=CARTESIAN_POINT('',(-12.3003366594867,-18.2,12.1605273203673));
#7353=CARTESIAN_POINT('Origin',(-13.,-18.2,12.8750000000001));
#7354=CARTESIAN_POINT('',(-12.3003366594867,-41.,12.1605273203673));
#7355=CARTESIAN_POINT('',(-12.3003366594867,-41.,13.5894726796329));
#7356=CARTESIAN_POINT('Origin',(11.9,-41.,12.8750000000001));
#7357=CARTESIAN_POINT('',(12.5996633405133,-18.2,13.5894726796329));
#7358=CARTESIAN_POINT('',(12.5996633405133,-18.2,12.1605273203673));
#7359=CARTESIAN_POINT('Origin',(11.9,-18.2,12.8750000000001));
#7360=CARTESIAN_POINT('',(12.5996633405133,-41.,12.1605273203673));
#7361=CARTESIAN_POINT('',(12.5996633405133,-41.,13.5894726796329));
#7362=CARTESIAN_POINT('Origin',(-13.,-9.70673426229027,33.8750000000001));
#7363=CARTESIAN_POINT('',(-11.6006733189733,-18.2,35.3039453592657));
#7364=CARTESIAN_POINT('',(-11.6006733189733,-18.2,32.4460546407345));
#7365=CARTESIAN_POINT('Origin',(-13.,-18.2,33.8750000000001));
#7366=CARTESIAN_POINT('',(-11.6006733189733,-22.1260671850049,35.3039453592657));
#7367=CARTESIAN_POINT('',(-11.6006733189733,-9.70673426229027,35.3039453592657));
#7368=CARTESIAN_POINT('',(-12.3799509998491,-21.9994580362003,35.7764571353076));
#7369=CARTESIAN_POINT('Origin',(-12.9999999999983,-22.5089519400481,33.8750000000014));
#7370=CARTESIAN_POINT('',(-13.6200490001509,-21.9994580362003,35.7764571353076));
#7371=CARTESIAN_POINT('Ctrl Pts',(-13.6200490001509,-21.9994580362003,35.7764571353076));
#7372=CARTESIAN_POINT('Ctrl Pts',(-13.4161097250708,-21.9816386477319,35.8429599984313));
#7373=CARTESIAN_POINT('Ctrl Pts',(-13.2016830186165,-21.9712406281453,35.8750000000001));
#7374=CARTESIAN_POINT('Ctrl Pts',(-12.7983169813835,-21.9712406281453,35.8750000000001));
#7375=CARTESIAN_POINT('Ctrl Pts',(-12.5838902749292,-21.9816386477319,35.8429599984313));
#7376=CARTESIAN_POINT('Ctrl Pts',(-12.3799509998491,-21.9994580362003,35.7764571353076));
#7377=CARTESIAN_POINT('',(-11.6006733189733,-22.8918366950917,32.4460546407345));
#7378=CARTESIAN_POINT('Origin',(-13.,-22.5089519400483,33.8750000000001));
#7379=CARTESIAN_POINT('',(-11.6006733189733,-9.70673426229027,32.4460546407345));
#7380=CARTESIAN_POINT('Origin',(-5.44894239207616,-41.,38.));
#7381=CARTESIAN_POINT('',(-3.75034929796116,-18.9,33.3331538290775));
#7382=CARTESIAN_POINT('',(3.21354918345939,-18.9,14.2));
#7383=CARTESIAN_POINT('',(-3.75034929796116,-17.,33.3331538290775));
#7384=CARTESIAN_POINT('',(-3.75034929796116,-17.9,33.3331538290775));
#7385=CARTESIAN_POINT('',(-5.44894239207616,-17.,38.));
#7386=CARTESIAN_POINT('',(-2.15189466571127,-21.,28.9414358209482));
#7387=CARTESIAN_POINT('',(-4.410384382408,-19.3373352029103,35.146585319643));
#7388=CARTESIAN_POINT('',(-5.44894239207616,-21.,38.));
#7389=CARTESIAN_POINT('Origin',(-10.1414823613132,-9.70673426229027,33.8750000000001));
#7390=CARTESIAN_POINT('',(-10.1414823613132,-22.5089519400483,33.8750000000001));
#7391=CARTESIAN_POINT('',(-8.48490946430342,-22.0742751045365,35.4972360350034));
#7392=CARTESIAN_POINT('',(-10.1414823613132,-18.2,33.8750000000001));
#7393=CARTESIAN_POINT('',(-10.1414823613132,-9.70673426229027,33.8750000000001));
#7394=CARTESIAN_POINT('',(-10.1414823613132,-18.2,33.8750000000001));
#7395=CARTESIAN_POINT('Origin',(-11.6006733189733,-9.70673426229027,35.3039453592657));
#7396=CARTESIAN_POINT('',(-13.2077019476501,-21.7043905294523,36.8776640621537));
#7397=CARTESIAN_POINT('',(-11.6006733189733,-18.2,35.3039453592657));
#7398=CARTESIAN_POINT('Origin',(12.5996633405133,-41.,13.5894726796329));
#7399=CARTESIAN_POINT('',(13.3292588193434,-18.2,12.8750000000001));
#7400=CARTESIAN_POINT('',(12.5996633405133,-18.2,13.5894726796329));
#7401=CARTESIAN_POINT('',(13.3292588193434,-41.,12.8750000000001));
#7402=CARTESIAN_POINT('Origin',(13.3292588193434,-41.,12.8750000000001));
#7403=CARTESIAN_POINT('',(13.3292588193434,-18.2,12.8750000000001));
#7404=CARTESIAN_POINT('Origin',(-12.3003366594867,-41.,13.5894726796329));
#7405=CARTESIAN_POINT('',(-11.5707411806566,-18.2,12.8750000000001));
#7406=CARTESIAN_POINT('',(-12.3003366594867,-18.2,13.5894726796329));
#7407=CARTESIAN_POINT('',(-11.5707411806566,-41.,12.8750000000001));
#7408=CARTESIAN_POINT('Origin',(-11.5707411806566,-41.,12.8750000000001));
#7409=CARTESIAN_POINT('',(-11.5707411806566,-18.2,12.8750000000001));
#7410=CARTESIAN_POINT('Origin',(-12.3003366594867,-41.,34.5894726796329));
#7411=CARTESIAN_POINT('',(-11.5707411806566,-18.2,33.8750000000001));
#7412=CARTESIAN_POINT('',(-12.3003366594867,-18.2,34.5894726796329));
#7413=CARTESIAN_POINT('',(-11.5707411806566,-16.,33.8750000000001));
#7414=CARTESIAN_POINT('',(-12.3003366594867,-16.,34.5894726796329));
#7415=CARTESIAN_POINT('',(-11.5707411806566,-41.,33.8750000000001));
#7416=CARTESIAN_POINT('Origin',(-11.5707411806566,-41.,33.8750000000001));
#7417=CARTESIAN_POINT('',(-11.5707411806566,-18.2,33.8750000000001));
#7418=CARTESIAN_POINT('',(-11.5707411806566,-16.,33.8750000000001));
#7419=CARTESIAN_POINT('Origin',(58.9773195999937,-17.9,14.2));
#7420=CARTESIAN_POINT('Origin',(58.9773195999937,-17.9,14.2));
#7421=CARTESIAN_POINT('',(2.21354918345937,-17.9603073792141,14.2));
#7422=CARTESIAN_POINT('',(-1.38676380082469,-14.5771198353626,14.2));
#7423=CARTESIAN_POINT('',(2.21354918345937,-17.9,14.2));
#7424=CARTESIAN_POINT('Origin',(58.9773195999937,-16.,32.6));
#7425=CARTESIAN_POINT('',(-4.48350312703864,-17.9603073792141,32.6));
#7426=CARTESIAN_POINT('',(-6.56961866721881,-16.,32.6));
#7427=CARTESIAN_POINT('',(12.2297190372045,-33.6655989165088,32.6));
#7428=CARTESIAN_POINT('',(-4.54768089951459,-16.,32.6));
#7429=CARTESIAN_POINT('',(58.9773195999937,-16.,32.6));
#7430=CARTESIAN_POINT('',(-4.48350312703864,-16.0603073792141,32.6));
#7431=CARTESIAN_POINT('',(29.1879807258157,-47.701152286653,32.6));
#7432=CARTESIAN_POINT('',(-4.48350312703864,-16.,32.6));
#7433=CARTESIAN_POINT('Origin',(-25.3849001186336,-18.2,38.));
#7434=CARTESIAN_POINT('Origin',(-11.6006733189733,-9.70673426229027,11.4460546407345));
#7435=CARTESIAN_POINT('',(-11.6006733189733,-18.2,11.4460546407345));
#7436=CARTESIAN_POINT('',(-10.1414823613132,-18.2,12.8750000000001));
#7437=CARTESIAN_POINT('',(-11.6006733189733,-18.2,11.4460546407345));
#7438=CARTESIAN_POINT('',(-11.6006733189733,-24.,11.4460546407345));
#7439=CARTESIAN_POINT('',(-11.6006733189733,-9.70673426229027,11.4460546407345));
#7440=CARTESIAN_POINT('',(-10.1414823613132,-24.,12.8750000000001));
#7441=CARTESIAN_POINT('',(-11.6006733189733,-24.,11.4460546407345));
#7442=CARTESIAN_POINT('',(-10.1414823613132,-9.70673426229027,12.8750000000001));
#7443=CARTESIAN_POINT('Origin',(-10.1414823613132,-9.70673426229027,12.8750000000001));
#7444=CARTESIAN_POINT('',(-11.6006733189733,-18.2,14.3039453592657));
#7445=CARTESIAN_POINT('',(-10.1414823613132,-18.2,12.8750000000001));
#7446=CARTESIAN_POINT('',(-11.6006733189733,-24.,14.3039453592657));
#7447=CARTESIAN_POINT('',(-10.1414823613132,-24.,12.8750000000001));
#7448=CARTESIAN_POINT('',(-11.6006733189733,-9.70673426229027,14.3039453592657));
#7449=CARTESIAN_POINT('Origin',(14.7585176386868,-9.70673426229027,12.8750000000001));
#7450=CARTESIAN_POINT('',(13.2993266810267,-18.2,11.4460546407344));
#7451=CARTESIAN_POINT('',(14.7585176386868,-18.2,12.8750000000001));
#7452=CARTESIAN_POINT('',(14.7585176386868,-18.2,12.8750000000001));
#7453=CARTESIAN_POINT('',(13.2993266810267,-24.,11.4460546407344));
#7454=CARTESIAN_POINT('',(13.2993266810267,-9.70673426229027,11.4460546407344));
#7455=CARTESIAN_POINT('',(14.7585176386868,-24.,12.8750000000001));
#7456=CARTESIAN_POINT('',(14.7585176386868,-24.,12.8750000000001));
#7457=CARTESIAN_POINT('',(14.7585176386868,-9.70673426229027,12.8750000000001));
#7458=CARTESIAN_POINT('Origin',(13.2993266810267,-9.70673426229027,14.3039453592657));
#7459=CARTESIAN_POINT('',(13.2993266810267,-18.2,14.3039453592657));
#7460=CARTESIAN_POINT('',(13.2993266810267,-18.2,14.3039453592657));
#7461=CARTESIAN_POINT('',(13.2993266810267,-24.,14.3039453592657));
#7462=CARTESIAN_POINT('',(13.2993266810267,-24.,14.3039453592657));
#7463=CARTESIAN_POINT('',(13.2993266810267,-9.70673426229027,14.3039453592657));
#7464=CARTESIAN_POINT('Origin',(30.,-29.4698880663466,7.89643270841318));
#7465=CARTESIAN_POINT('',(-7.54956500670529,-21.9994580362003,35.7764571353076));
#7466=CARTESIAN_POINT('',(30.,-21.9994580362003,35.7764571353076));
#7467=CARTESIAN_POINT('',(-18.569057780736,-21.9994580362003,35.7764571353076));
#7468=CARTESIAN_POINT('',(30.,-21.9994580362003,35.7764571353076));
#7469=CARTESIAN_POINT('',(-18.4907628278531,-22.2075090985633,35.));
#7470=CARTESIAN_POINT('Origin',(-14.0073331773106,-22.2075090985856,34.9999999999181));
#7471=CARTESIAN_POINT('',(-16.5,-24.,28.3103328837334));
#7472=CARTESIAN_POINT('',(-18.9850372936927,-21.7624623705282,36.6609370007694));
#7473=CARTESIAN_POINT('',(-5.11472529923484,-24.,28.3103328837334));
#7474=CARTESIAN_POINT('',(-35.,-24.,28.3103328837334));
#7475=CARTESIAN_POINT('',(-4.84811557579374,-23.9882228451293,28.3542858240795));
#7476=CARTESIAN_POINT('Origin',(-9.18979151061258,-21.0000000062576,39.5064852830943));
#7477=CARTESIAN_POINT('',(-4.51201525185972,-24.2356546455773,27.4308577733993));
#7478=CARTESIAN_POINT('Origin',(0.,-19.1016805573331,35.));
#7479=CARTESIAN_POINT('Origin',(-17.4567052250635,-19.1016805573337,35.0000000000009));
#7480=CARTESIAN_POINT('Origin',(-7.54956500670529,-19.1016805573331,35.));
#7481=CARTESIAN_POINT('Origin',(-17.3145111033845,-19.229712719568,35.));
#7482=CARTESIAN_POINT('',(-19.3835260072102,-21.40366152127,35.));
#7483=CARTESIAN_POINT('Origin',(3.78580264371417,-41.,12.6277465397452));
#7484=CARTESIAN_POINT('',(-10.8955212107914,-10.1253767994815,27.3090703942509));
#7485=CARTESIAN_POINT('Origin',(-5.44894239207615,-18.9,38.));
#7486=CARTESIAN_POINT('',(0.603712454864722,-17.2,16.4));
#7487=CARTESIAN_POINT('',(-3.32085696039849,-13.5121110807151,16.4));
#7488=CARTESIAN_POINT('',(-4.49187082486207,-17.2,30.4));
#7489=CARTESIAN_POINT('',(-1.30594337212424,-17.2,21.6467362635822));
#7490=CARTESIAN_POINT('',(-5.76888415183316,-16.,30.4));
#7491=CARTESIAN_POINT('',(-5.41095321644516,-16.3363450587351,30.4));
#7492=CARTESIAN_POINT('',(-4.68333115097021,-16.,27.4174676425078));
#7493=CARTESIAN_POINT('',(4.02552322657059,-28.8664350667967,41.109026353609));
#7494=CARTESIAN_POINT('Origin',(-3.75034929796116,-41.,33.3331538290775));
#7495=CARTESIAN_POINT('',(4.69403715401901,-27.8232779005937,41.7775402810574));
#7496=CARTESIAN_POINT('Origin',(-5.44894239207616,-17.,38.));
#7497=CARTESIAN_POINT('',(-8.72069905879866,-16.,44.0652731636072));
#7498=CARTESIAN_POINT('Origin',(-3.0472045932081,-21.,22.62986642967));
#7499=CARTESIAN_POINT('Origin',(-4.97097252806889,-21.0000000000001,27.9153753909711));
#7500=CARTESIAN_POINT('',(-3.0472045932081,-24.,22.62986642967));
#7501=CARTESIAN_POINT('Origin',(5.61226390139151,-28.7912130927376,-1.16182772372135));
#7502=CARTESIAN_POINT('Origin',(-7.54956500670529,-19.1016805573331,35.));
#7503=CARTESIAN_POINT('Origin',(-7.54956500670529,-19.1016805573331,35.));
#7504=CARTESIAN_POINT('Origin',(-35.2,-0.349999999999996,23.4));
#7505=CARTESIAN_POINT('Origin',(-20.,-0.349999999999996,23.4));
#7506=CARTESIAN_POINT('Origin',(-10.,-16.,16.4));
#7507=CARTESIAN_POINT('',(-10.,-17.2,16.4));
#7508=CARTESIAN_POINT('Origin',(-10.,-17.2,16.4));
#7509=CARTESIAN_POINT('',(-10.,-17.2,30.4));
#7510=CARTESIAN_POINT('Origin',(-10.,-17.2,30.4));
#7511=CARTESIAN_POINT('',(-17.6924500593168,-16.,30.4));
#7512=CARTESIAN_POINT('Origin',(-25.3849001186336,-16.,38.));
#7513=CARTESIAN_POINT('Origin',(0.,0.,11.));
#7514=CARTESIAN_POINT('',(16.,21.3959166191352,11.));
#7515=CARTESIAN_POINT('',(16.,12.,11.));
#7516=CARTESIAN_POINT('',(16.,-21.3959166191352,11.));
#7517=CARTESIAN_POINT('',(16.,-12.,11.));
#7518=CARTESIAN_POINT('',(21.2759001296373,-21.3959166191351,11.));
#7519=CARTESIAN_POINT('',(-35.,-21.3959166191352,11.));
#7520=CARTESIAN_POINT('',(21.84296893775,-21.5124264103703,11.0009007007485));
#7521=CARTESIAN_POINT('Ctrl Pts',(21.2759001296373,-21.3959166191351,11.));
#7522=CARTESIAN_POINT('Ctrl Pts',(21.2765281424596,-21.3962250980474,11.));
#7523=CARTESIAN_POINT('Ctrl Pts',(21.2771564592795,-21.3965329559388,11.));
#7524=CARTESIAN_POINT('Ctrl Pts',(21.3613339910271,-21.437674526627,11.));
#7525=CARTESIAN_POINT('Ctrl Pts',(21.4486064915646,-21.4667595035949,11.));
#7526=CARTESIAN_POINT('Ctrl Pts',(21.6373144450671,-21.5058830349479,11.));
#7527=CARTESIAN_POINT('Ctrl Pts',(21.7376059492748,-21.5140913434318,11.));
#7528=CARTESIAN_POINT('Ctrl Pts',(21.8371534468219,-21.5140278881826,11.));
#7529=CARTESIAN_POINT('',(26.7319075551073,-21.5122499848852,11.));
#7530=CARTESIAN_POINT('',(-35.,-21.5122499848852,11.));
#7531=CARTESIAN_POINT('',(27.7439936187178,-21.187849271363,11.0000003026424));
#7532=CARTESIAN_POINT('Ctrl Pts',(26.7353187016536,-21.5103612963075,11.));
#7533=CARTESIAN_POINT('Ctrl Pts',(26.9080353335362,-21.5095248013801,11.));
#7534=CARTESIAN_POINT('Ctrl Pts',(27.160716801836,-21.4620509716383,11.));
#7535=CARTESIAN_POINT('Ctrl Pts',(27.5140367862082,-21.3263985924292,11.));
#7536=CARTESIAN_POINT('Ctrl Pts',(27.6365097833624,-21.2648786028279,11.));
#7537=CARTESIAN_POINT('Ctrl Pts',(27.7439933031175,-21.1878494980155,11.));
#7538=CARTESIAN_POINT('',(31.1190064654707,-17.8390996311773,11.));
#7539=CARTESIAN_POINT('Origin',(19.,-9.,11.));
#7540=CARTESIAN_POINT('',(20.5633461491972,-17.8390996311773,11.));
#7541=CARTESIAN_POINT('',(17.,-17.8390996311773,11.));
#7542=CARTESIAN_POINT('',(20.9837532673802,-18.1161165230706,11.));
#7543=CARTESIAN_POINT('Origin',(20.099869790897,-18.9999999995538,11.));
#7544=CARTESIAN_POINT('',(21.8676367438633,-18.9999999995538,11.));
#7545=CARTESIAN_POINT('',(13.3995728632792,-10.5319361189697,11.));
#7546=CARTESIAN_POINT('',(20.9837532673802,-19.883883476037,11.));
#7547=CARTESIAN_POINT('',(22.4576311248145,-18.4100056186027,11.));
#7548=CARTESIAN_POINT('',(19.638155224503,-17.8383978046611,11.));
#7549=CARTESIAN_POINT('Origin',(20.099869790897,-18.9999999995538,11.));
#7550=CARTESIAN_POINT('',(18.1609003688227,-16.3070107449393,11.));
#7551=CARTESIAN_POINT('Origin',(20.7717149474873,-15.2282850525127,11.));
#7552=CARTESIAN_POINT('',(18.1609003688227,-13.0999017167502,11.));
#7553=CARTESIAN_POINT('',(18.1609003688227,-1.66533453693773E-14,11.));
#7554=CARTESIAN_POINT('',(6.8573593128807,-1.62175575297392E-15,11.));
#7555=CARTESIAN_POINT('Origin',(20.1,0.,11.));
#7556=CARTESIAN_POINT('',(18.1609003688227,13.0999017167502,11.));
#7557=CARTESIAN_POINT('Origin',(20.1,0.,11.));
#7558=CARTESIAN_POINT('',(18.1609003688227,16.3070107449393,11.));
#7559=CARTESIAN_POINT('',(18.1609003688227,-1.66533453693773E-14,11.));
#7560=CARTESIAN_POINT('',(19.6381552245031,17.838397804661,11.));
#7561=CARTESIAN_POINT('Origin',(20.7717149474873,15.2282850525127,11.));
#7562=CARTESIAN_POINT('',(20.9837532673801,19.883883476037,11.));
#7563=CARTESIAN_POINT('Origin',(20.099869790897,18.9999999995538,11.));
#7564=CARTESIAN_POINT('',(21.8676367438633,18.9999999995538,11.));
#7565=CARTESIAN_POINT('',(22.8995728630561,17.968063880361,11.));
#7566=CARTESIAN_POINT('',(20.9837532673802,18.1161165230707,11.));
#7567=CARTESIAN_POINT('',(12.9576311250376,10.0899943807281,11.));
#7568=CARTESIAN_POINT('',(20.563346149197,17.8390996311772,11.));
#7569=CARTESIAN_POINT('Origin',(20.099869790897,18.9999999995538,11.));
#7570=CARTESIAN_POINT('',(31.0454347278912,17.8390996311772,11.));
#7571=CARTESIAN_POINT('',(17.,17.8390996311772,11.));
#7572=CARTESIAN_POINT('',(27.5976845975246,21.1914531102506,11.));
#7573=CARTESIAN_POINT('Origin',(19.,8.9,11.));
#7574=CARTESIAN_POINT('',(26.567893516387,21.5123292278488,11.0005857343079));
#7575=CARTESIAN_POINT('Ctrl Pts',(27.5977228860849,21.1915149578338,11.));
#7576=CARTESIAN_POINT('Ctrl Pts',(27.4163685101787,21.3179825501197,11.));
#7577=CARTESIAN_POINT('Ctrl Pts',(27.1809256232801,21.4097730560468,11.));
#7578=CARTESIAN_POINT('Ctrl Pts',(26.815577723812,21.495039537765,11.));
#7579=CARTESIAN_POINT('Ctrl Pts',(26.6782576682498,21.5134916755319,11.));
#7580=CARTESIAN_POINT('Ctrl Pts',(26.5678923700078,21.5133701262171,11.));
#7581=CARTESIAN_POINT('',(21.8429929528191,21.5124252054829,11.000898896742));
#7582=CARTESIAN_POINT('',(-35.,21.5122499848852,11.));
#7583=CARTESIAN_POINT('',(21.2759001296373,21.3959166191352,11.));
#7584=CARTESIAN_POINT('Ctrl Pts',(21.8371886934526,21.5140235213041,11.));
#7585=CARTESIAN_POINT('Ctrl Pts',(21.7377341987219,21.5139893880919,11.));
#7586=CARTESIAN_POINT('Ctrl Pts',(21.6373762062458,21.5057599370969,11.));
#7587=CARTESIAN_POINT('Ctrl Pts',(21.447987386274,21.4666691550823,11.));
#7588=CARTESIAN_POINT('Ctrl Pts',(21.3614648167969,21.4378008296941,11.));
#7589=CARTESIAN_POINT('Ctrl Pts',(21.2771547517681,21.3965330214999,11.));
#7590=CARTESIAN_POINT('Ctrl Pts',(21.2765272901052,21.3962251288975,11.));
#7591=CARTESIAN_POINT('Ctrl Pts',(21.2759001296373,21.3959166191351,11.));
#7592=CARTESIAN_POINT('',(-35.,21.3959166191352,11.));
#7593=CARTESIAN_POINT('',(1.98388347648319,-0.883883476483184,11.));
#7594=CARTESIAN_POINT('',(1.98388347648318,0.883883476483185,11.));
#7595=CARTESIAN_POINT('Origin',(1.1,0.,11.));
#7596=CARTESIAN_POINT('',(2.86776695296637,4.16333634234434E-16,11.));
#7597=CARTESIAN_POINT('',(2.15082521472478,0.716941738241593,11.));
#7598=CARTESIAN_POINT('',(1.70888347648318,-1.15888347648318,11.));
#7599=CARTESIAN_POINT('',(8.43269207463098,-13.4349828065957,11.));
#7600=CARTESIAN_POINT('',(7.5488085981478,-14.3188662830789,11.));
#7601=CARTESIAN_POINT('',(7.2738085981478,-14.5938662830789,11.));
#7602=CARTESIAN_POINT('',(7.5488085981478,-12.5510993301125,11.));
#7603=CARTESIAN_POINT('Origin',(6.66492512166461,-13.4349828065957,11.));
#7604=CARTESIAN_POINT('',(7.71575033638939,-12.7180410683541,11.));
#7605=CARTESIAN_POINT('',(8.43269207463097,13.4349828065957,11.));
#7606=CARTESIAN_POINT('',(7.54880859814779,12.5510993301125,11.));
#7607=CARTESIAN_POINT('',(7.27380859814779,12.2760993301125,11.));
#7608=CARTESIAN_POINT('',(7.54880859814779,14.3188662830789,11.));
#7609=CARTESIAN_POINT('Origin',(6.6649251216646,13.4349828065957,11.));
#7610=CARTESIAN_POINT('',(7.71575033638938,14.1519245448373,11.));
#7611=CARTESIAN_POINT('Origin',(8.43269207463097,13.4349828065957,5.));
#7612=CARTESIAN_POINT('',(7.54880859814779,14.3188662830789,5.));
#7613=CARTESIAN_POINT('',(7.54880859814779,14.3188662830789,5.));
#7614=CARTESIAN_POINT('',(8.43269207463097,13.4349828065957,5.));
#7615=CARTESIAN_POINT('',(7.71575033638938,14.1519245448373,5.));
#7616=CARTESIAN_POINT('',(8.43269207463097,13.4349828065957,5.));
#7617=CARTESIAN_POINT('Origin',(6.6649251216646,13.4349828065957,5.));
#7618=CARTESIAN_POINT('',(7.54880859814779,12.5510993301125,5.));
#7619=CARTESIAN_POINT('',(7.54880859814779,12.5510993301125,5.));
#7620=CARTESIAN_POINT('Origin',(6.6649251216646,13.4349828065957,5.));
#7621=CARTESIAN_POINT('Origin',(7.54880859814779,12.5510993301125,5.));
#7622=CARTESIAN_POINT('',(7.27380859814779,12.2760993301125,5.));
#7623=CARTESIAN_POINT('Origin',(8.43269207463098,-13.4349828065957,5.));
#7624=CARTESIAN_POINT('',(7.5488085981478,-12.5510993301125,5.));
#7625=CARTESIAN_POINT('',(7.5488085981478,-12.5510993301125,5.));
#7626=CARTESIAN_POINT('',(8.43269207463098,-13.4349828065957,5.));
#7627=CARTESIAN_POINT('',(7.71575033638939,-12.7180410683541,5.));
#7628=CARTESIAN_POINT('',(8.43269207463098,-13.4349828065957,5.));
#7629=CARTESIAN_POINT('Origin',(6.66492512166461,-13.4349828065957,5.));
#7630=CARTESIAN_POINT('',(7.5488085981478,-14.3188662830789,5.));
#7631=CARTESIAN_POINT('',(7.5488085981478,-14.3188662830789,5.));
#7632=CARTESIAN_POINT('Origin',(6.66492512166461,-13.4349828065957,5.));
#7633=CARTESIAN_POINT('Origin',(7.5488085981478,-14.3188662830789,5.));
#7634=CARTESIAN_POINT('',(7.2738085981478,-14.5938662830789,5.));
#7635=CARTESIAN_POINT('Origin',(15.1502525316942,4.94974746830589,5.));
#7636=CARTESIAN_POINT('',(16.2697138765156,6.09290375571837,3.));
#7637=CARTESIAN_POINT('',(16.2697138765156,3.8065911808934,3.));
#7638=CARTESIAN_POINT('Origin',(15.1502525316942,4.94974746830589,3.));
#7639=CARTESIAN_POINT('',(16.2697138765156,3.8065911808934,0.));
#7640=CARTESIAN_POINT('',(16.2697138765156,3.8065911808934,19.4959087459081));
#7641=CARTESIAN_POINT('',(16.2697138765156,6.09290375571837,0.));
#7642=CARTESIAN_POINT('Origin',(15.1502525316942,4.94974746830589,0.));
#7643=CARTESIAN_POINT('',(16.2697138765156,6.09290375571837,19.4959087459081));
#7644=CARTESIAN_POINT('Origin',(25.0497474683058,4.94974746830583,5.));
#7645=CARTESIAN_POINT('',(26.1692088131272,6.09290375571832,3.));
#7646=CARTESIAN_POINT('',(26.1692088131272,3.80659118089334,3.));
#7647=CARTESIAN_POINT('Origin',(25.0497474683058,4.94974746830583,3.));
#7648=CARTESIAN_POINT('',(26.1692088131272,3.80659118089334,0.));
#7649=CARTESIAN_POINT('',(26.1692088131272,3.80659118089334,19.4959087459081));
#7650=CARTESIAN_POINT('',(26.1692088131272,6.09290375571832,0.));
#7651=CARTESIAN_POINT('Origin',(25.0497474683058,4.94974746830583,0.));
#7652=CARTESIAN_POINT('',(26.1692088131272,6.09290375571832,19.4959087459081));
#7653=CARTESIAN_POINT('Origin',(17.2492425532343,7.0931655072043,-1.81328885716045));
#7654=CARTESIAN_POINT('',(17.2492425532343,7.0931655072043,3.));
#7655=CARTESIAN_POINT('',(17.2492425532343,7.0931655072043,9.));
#7656=CARTESIAN_POINT('',(17.2492425532343,7.0931655072043,-1.81328885716045));
#7657=CARTESIAN_POINT('',(19.4380289897245,4.94974746830589,3.));
#7658=CARTESIAN_POINT('',(17.2492425532343,7.0931655072043,3.));
#7659=CARTESIAN_POINT('',(19.4380289897245,4.94974746830589,9.));
#7660=CARTESIAN_POINT('',(19.4380289897245,4.94974746830589,-1.81328885716045));
#7661=CARTESIAN_POINT('',(17.2492425532343,7.0931655072043,9.));
#7662=CARTESIAN_POINT('Origin',(19.4380289897245,4.94974746830589,-1.81328885716045));
#7663=CARTESIAN_POINT('',(17.2492425532343,2.80632942940747,3.));
#7664=CARTESIAN_POINT('',(19.4380289897245,4.94974746830589,3.));
#7665=CARTESIAN_POINT('',(17.2492425532343,2.80632942940747,9.));
#7666=CARTESIAN_POINT('',(17.2492425532343,2.80632942940747,-1.81328885716045));
#7667=CARTESIAN_POINT('',(19.4380289897245,4.94974746830589,9.));
#7668=CARTESIAN_POINT('Origin',(27.1487374898459,7.09316550720425,-1.81328885716045));
#7669=CARTESIAN_POINT('',(27.1487374898459,7.09316550720425,3.));
#7670=CARTESIAN_POINT('',(27.1487374898459,7.09316550720425,9.));
#7671=CARTESIAN_POINT('',(27.1487374898459,7.09316550720425,-1.81328885716045));
#7672=CARTESIAN_POINT('',(29.3375239263361,4.94974746830583,3.));
#7673=CARTESIAN_POINT('',(27.1487374898459,7.09316550720425,3.));
#7674=CARTESIAN_POINT('',(29.3375239263361,4.94974746830583,9.));
#7675=CARTESIAN_POINT('',(29.3375239263361,4.94974746830583,-1.81328885716045));
#7676=CARTESIAN_POINT('',(27.1487374898459,7.09316550720425,9.));
#7677=CARTESIAN_POINT('Origin',(29.3375239263361,4.94974746830583,-1.81328885716045));
#7678=CARTESIAN_POINT('',(27.1487374898459,2.80632942940742,3.));
#7679=CARTESIAN_POINT('',(29.3375239263361,4.94974746830583,3.));
#7680=CARTESIAN_POINT('',(27.1487374898459,2.80632942940742,9.));
#7681=CARTESIAN_POINT('',(27.1487374898459,2.80632942940742,-1.81328885716045));
#7682=CARTESIAN_POINT('',(29.3375239263361,4.94974746830583,9.));
#7683=CARTESIAN_POINT('Origin',(23.9589988122272,3.3881317890172E-17,19.4959087459081));
#7684=CARTESIAN_POINT('',(21.9890910193861,1.92907623500857,9.));
#7685=CARTESIAN_POINT('',(21.9890910193861,1.92907623500857,0.));
#7686=CARTESIAN_POINT('',(21.9890910193861,1.92907623500857,19.4959087459081));
#7687=CARTESIAN_POINT('',(23.9589988122272,3.3881317890172E-17,-3.46944695195361E-15));
#7688=CARTESIAN_POINT('',(23.9589988122272,3.3881317890172E-17,0.));
#7689=CARTESIAN_POINT('',(23.9589988122272,-1.00027067924786E-16,9.));
#7690=CARTESIAN_POINT('',(23.9589988122272,3.3881317890172E-17,19.4959087459081));
#7691=CARTESIAN_POINT('',(23.9589988122272,3.3881317890172E-17,9.));
#7692=CARTESIAN_POINT('Origin',(20.1,0.,0.));
#7693=CARTESIAN_POINT('',(15.8310913044488,11.1882566092669,0.));
#7694=CARTESIAN_POINT('',(15.6786952733476,11.0657714094047,0.));
#7695=CARTESIAN_POINT('Origin',(16.378358613861,10.3512987297719,0.));
#7696=CARTESIAN_POINT('',(15.8310913044488,9.04303149110115,0.));
#7697=CARTESIAN_POINT('',(15.8310913044488,9.26371515910582,0.));
#7698=CARTESIAN_POINT('',(26.9251321848603,7.30873249333863,0.));
#7699=CARTESIAN_POINT('Origin',(20.1,0.,0.));
#7700=CARTESIAN_POINT('',(27.214944085572,7.30873249333863,0.));
#7701=CARTESIAN_POINT('',(26.9251321848603,7.30873249333863,0.));
#7702=CARTESIAN_POINT('',(27.214944085572,-7.30873249333863,0.));
#7703=CARTESIAN_POINT('Origin',(20.1,0.,0.));
#7704=CARTESIAN_POINT('',(26.9251321848603,-7.30873249333863,0.));
#7705=CARTESIAN_POINT('',(26.9251321848603,-7.30873249333863,0.));
#7706=CARTESIAN_POINT('',(15.8310913044488,-9.04303149110115,0.));
#7707=CARTESIAN_POINT('Origin',(20.1,0.,0.));
#7708=CARTESIAN_POINT('',(15.8310913044488,-11.1882566092669,0.));
#7709=CARTESIAN_POINT('',(15.8310913044488,-9.26371515910582,0.));
#7710=CARTESIAN_POINT('',(15.6786952733476,-11.0657714094047,0.));
#7711=CARTESIAN_POINT('Origin',(16.378358613861,-10.3512987297719,0.));
#7712=CARTESIAN_POINT('',(9.26842318576071,-4.78836919340162,0.));
#7713=CARTESIAN_POINT('',(12.4039717952472,-7.85892525102841,0.));
#7714=CARTESIAN_POINT('',(8.97685228604565,-4.58990126173307,9.71445146547012E-16));
#7715=CARTESIAN_POINT('Origin',(8.56875984524735,-5.50284187303442,0.));
#7716=CARTESIAN_POINT('',(8.97685228604565,4.58990126173307,9.0205620750794E-16));
#7717=CARTESIAN_POINT('',(8.97685228604565,0.,0.));
#7718=CARTESIAN_POINT('',(9.26842318576071,4.78836919340162,0.));
#7719=CARTESIAN_POINT('Origin',(8.56875984524735,5.50284187303442,0.));
#7720=CARTESIAN_POINT('',(12.4039717952472,7.85892525102841,0.));
#7721=CARTESIAN_POINT('',(21.9890910193861,-1.92907623500857,0.));
#7722=CARTESIAN_POINT('Origin',(20.1,0.,0.));
#7723=CARTESIAN_POINT('',(23.9589988122272,-3.3881317890172E-17,0.));
#7724=CARTESIAN_POINT('',(17.4370666426437,-4.94974746830589,-3.46944695195361E-15));
#7725=CARTESIAN_POINT('',(16.2697138765156,-3.8065911808934,0.));
#7726=CARTESIAN_POINT('',(17.4370666426437,-4.94974746830589,0.));
#7727=CARTESIAN_POINT('',(16.2697138765156,-6.09290375571837,0.));
#7728=CARTESIAN_POINT('Origin',(15.1502525316942,-4.94974746830589,0.));
#7729=CARTESIAN_POINT('',(16.2697138765156,-6.09290375571837,0.));
#7730=CARTESIAN_POINT('',(27.3365615792553,-4.94974746830583,-3.46944695195361E-15));
#7731=CARTESIAN_POINT('',(26.1692088131272,-3.80659118089334,0.));
#7732=CARTESIAN_POINT('',(27.3365615792553,-4.94974746830583,0.));
#7733=CARTESIAN_POINT('',(26.1692088131272,-6.09290375571832,0.));
#7734=CARTESIAN_POINT('Origin',(25.0497474683058,-4.94974746830583,0.));
#7735=CARTESIAN_POINT('',(26.1692088131272,-6.09290375571832,0.));
#7736=CARTESIAN_POINT('',(27.3365615792553,4.94974746830583,-3.46944695195361E-15));
#7737=CARTESIAN_POINT('',(27.3365615792553,4.94974746830583,0.));
#7738=CARTESIAN_POINT('',(26.1692088131272,6.09290375571832,0.));
#7739=CARTESIAN_POINT('',(17.4370666426437,4.94974746830589,-3.46944695195361E-15));
#7740=CARTESIAN_POINT('',(17.4370666426437,4.94974746830589,0.));
#7741=CARTESIAN_POINT('',(16.2697138765156,6.09290375571837,0.));
#7742=CARTESIAN_POINT('Origin',(20.1,0.,3.));
#7743=CARTESIAN_POINT('Origin',(25.0497474683058,4.94974746830583,3.));
#7744=CARTESIAN_POINT('',(27.3365615792553,4.94974746830583,3.));
#7745=CARTESIAN_POINT('',(26.1168361875207,6.14419081990968,3.));
#7746=CARTESIAN_POINT('',(21.16817428063,-1.09078366180599,3.));
#7747=CARTESIAN_POINT('Origin',(20.1,0.,3.));
#7748=CARTESIAN_POINT('Origin',(15.1502525316942,4.94974746830589,3.));
#7749=CARTESIAN_POINT('',(17.4370666426437,4.94974746830589,3.));
#7750=CARTESIAN_POINT('',(21.2707484090128,1.19552891301904,3.));
#7751=CARTESIAN_POINT('',(16.3220865021221,3.85787824508471,3.));
#7752=CARTESIAN_POINT('Origin',(17.4370666426437,4.94974746830589,19.4959087459081));
#7753=CARTESIAN_POINT('',(17.4370666426437,4.94974746830589,19.4959087459081));
#7754=CARTESIAN_POINT('Origin',(16.2697138765156,6.09290375571837,19.4959087459081));
#7755=CARTESIAN_POINT('Origin',(27.3365615792553,4.94974746830583,19.4959087459081));
#7756=CARTESIAN_POINT('',(27.3365615792553,4.94974746830583,19.4959087459081));
#7757=CARTESIAN_POINT('Origin',(26.1692088131272,6.09290375571832,19.4959087459081));
#7758=CARTESIAN_POINT('Origin',(20.1,4.50284187303442,0.));
#7759=CARTESIAN_POINT('',(8.56875984524735,4.50284187303442,4.));
#7760=CARTESIAN_POINT('',(4.53440222672883,4.50284187303442,4.));
#7761=CARTESIAN_POINT('',(10.05,4.50284187303442,4.));
#7762=CARTESIAN_POINT('',(8.56875984524735,4.50284187303442,0.367448084142161));
#7763=CARTESIAN_POINT('',(8.56875984524735,4.50284187303442,7.29671176644976));
#7764=CARTESIAN_POINT('',(8.97685228604565,4.50284187303442,0.));
#7765=CARTESIAN_POINT('Origin',(20.1,0.,-1.));
#7766=CARTESIAN_POINT('',(28.5866029329064,7.30873249333863,-1.));
#7767=CARTESIAN_POINT('Ctrl Pts',(28.5866029329064,7.30873249333863,-0.999999999999999));
#7768=CARTESIAN_POINT('Ctrl Pts',(27.8687254053295,7.30873249333863,-0.456040934731991));
#7769=CARTESIAN_POINT('Ctrl Pts',(27.214944085572,7.30873249333863,2.03475101433468E-15));
#7770=CARTESIAN_POINT('',(28.5866029329064,-7.30873249333863,-1.));
#7771=CARTESIAN_POINT('Origin',(20.1,0.,-1.));
#7772=CARTESIAN_POINT('Ctrl Pts',(28.5866029329064,-7.30873249333863,-0.999999999999999));
#7773=CARTESIAN_POINT('Ctrl Pts',(27.8687254053295,-7.30873249333863,-0.456040934731991));
#7774=CARTESIAN_POINT('Ctrl Pts',(27.214944085572,-7.30873249333863,2.03475101433468E-15));
#7775=CARTESIAN_POINT('Origin',(26.9251321848603,7.30873249333863,14.5627095546957));
#7776=CARTESIAN_POINT('',(26.9251321848603,7.30873249333863,-1.));
#7777=CARTESIAN_POINT('',(26.9251321848603,7.30873249333863,-1.));
#7778=CARTESIAN_POINT('',(26.9251321848603,7.30873249333863,14.5627095546957));
#7779=CARTESIAN_POINT('Origin',(20.1,0.,14.5627095546957));
#7780=CARTESIAN_POINT('',(17.022844897043,9.5147841001436,-1.));
#7781=CARTESIAN_POINT('Origin',(20.100000002549,-6.44141184835689E-9,-3.58203971410491));
#7782=CARTESIAN_POINT('Origin',(20.1,0.,-1.));
#7783=CARTESIAN_POINT('Origin',(17.022844897043,0.,-1.));
#7784=CARTESIAN_POINT('',(16.0400275787574,11.2923258870239,-0.175318350711955));
#7785=CARTESIAN_POINT('Origin',(16.378358613861,10.3512987297719,-0.45921179748317));
#7786=CARTESIAN_POINT('',(17.022844897043,11.5987549535433,-1.));
#7787=CARTESIAN_POINT('Origin',(20.099999999552,1.18547838212635E-9,-3.58203971159071));
#7788=CARTESIAN_POINT('',(17.022844897043,11.2150086290224,-1.));
#7789=CARTESIAN_POINT('Origin',(8.97685228604565,4.50284187303442,0.));
#7790=CARTESIAN_POINT('',(3.42378971189962,5.50284187303442,5.));
#7791=CARTESIAN_POINT('',(3.42378971189962,-5.50284187303442,5.));
#7792=CARTESIAN_POINT('',(3.42378971189962,4.50284187303442,5.));
#7793=CARTESIAN_POINT('Origin',(4.53440222672883,5.50284187303442,4.));
#7794=CARTESIAN_POINT('Origin',(8.56875984524735,5.50284187303442,0.367448084142161));
#7795=CARTESIAN_POINT('',(8.56875984524735,-4.50284187303442,0.367448084142165));
#7796=CARTESIAN_POINT('Origin',(8.56875984524735,-5.50284187303442,0.367448084142166));
#7797=CARTESIAN_POINT('',(4.53440222672883,-4.50284187303442,4.));
#7798=CARTESIAN_POINT('',(8.97685228604565,-4.50284187303442,0.));
#7799=CARTESIAN_POINT('Origin',(4.53440222672883,-5.50284187303442,4.));
#7800=CARTESIAN_POINT('Origin',(20.1,0.,-1.));
#7801=CARTESIAN_POINT('',(17.022844897043,-11.5987549535433,-1.));
#7802=CARTESIAN_POINT('Origin',(20.1,0.,-1.));
#7803=CARTESIAN_POINT('',(17.022844897043,-9.5147841001436,-1.));
#7804=CARTESIAN_POINT('',(17.022844897043,-11.2150086290224,-1.));
#7805=CARTESIAN_POINT('',(26.9251321848603,-7.30873249333863,-1.));
#7806=CARTESIAN_POINT('Origin',(20.1,0.,-1.));
#7807=CARTESIAN_POINT('',(26.9251321848603,-7.30873249333863,-1.));
#7808=CARTESIAN_POINT('Origin',(15.1502525316942,-4.94974746830589,5.));
#7809=CARTESIAN_POINT('',(16.2697138765156,-6.09290375571837,3.));
#7810=CARTESIAN_POINT('',(16.2697138765156,-3.8065911808934,3.));
#7811=CARTESIAN_POINT('Origin',(15.1502525316942,-4.94974746830589,3.));
#7812=CARTESIAN_POINT('',(16.2697138765156,-6.09290375571837,19.4959087459081));
#7813=CARTESIAN_POINT('',(16.2697138765156,-3.8065911808934,19.4959087459081));
#7814=CARTESIAN_POINT('Origin',(25.0497474683058,-4.94974746830583,5.));
#7815=CARTESIAN_POINT('',(26.1692088131272,-6.09290375571832,3.));
#7816=CARTESIAN_POINT('',(26.1692088131272,-3.80659118089334,3.));
#7817=CARTESIAN_POINT('Origin',(25.0497474683058,-4.94974746830583,3.));
#7818=CARTESIAN_POINT('',(26.1692088131272,-6.09290375571832,19.4959087459081));
#7819=CARTESIAN_POINT('',(26.1692088131272,-3.80659118089334,19.4959087459081));
#7820=CARTESIAN_POINT('Origin',(15.1502525316942,-4.94974746830589,-8.48528137423857));
#7821=CARTESIAN_POINT('',(17.2492425532343,-7.0931655072043,3.));
#7822=CARTESIAN_POINT('',(17.2492425532343,-7.0931655072043,9.));
#7823=CARTESIAN_POINT('',(17.2492425532343,-7.0931655072043,-1.81328885716045));
#7824=CARTESIAN_POINT('',(17.2492425532343,-2.80632942940747,3.));
#7825=CARTESIAN_POINT('Origin',(15.1502525316942,-4.94974746830589,3.));
#7826=CARTESIAN_POINT('',(17.2492425532343,-2.80632942940747,9.));
#7827=CARTESIAN_POINT('',(17.2492425532343,-2.80632942940747,-1.81328885716045));
#7828=CARTESIAN_POINT('Origin',(15.1502525316942,-4.94974746830589,9.));
#7829=CARTESIAN_POINT('Origin',(25.0497474683058,-4.94974746830583,-8.48528137423857));
#7830=CARTESIAN_POINT('',(27.1487374898459,-7.09316550720425,3.));
#7831=CARTESIAN_POINT('',(27.1487374898459,-7.09316550720425,9.));
#7832=CARTESIAN_POINT('',(27.1487374898459,-7.09316550720425,-1.81328885716045));
#7833=CARTESIAN_POINT('',(27.1487374898459,-2.80632942940742,3.));
#7834=CARTESIAN_POINT('Origin',(25.0497474683058,-4.94974746830583,3.));
#7835=CARTESIAN_POINT('',(27.1487374898459,-2.80632942940742,9.));
#7836=CARTESIAN_POINT('',(27.1487374898459,-2.80632942940742,-1.81328885716045));
#7837=CARTESIAN_POINT('Origin',(25.0497474683058,-4.94974746830583,9.));
#7838=CARTESIAN_POINT('Origin',(19.4380289897245,-4.94974746830589,-1.81328885716045));
#7839=CARTESIAN_POINT('',(19.4380289897245,-4.94974746830589,3.));
#7840=CARTESIAN_POINT('',(19.4380289897245,-4.94974746830589,3.));
#7841=CARTESIAN_POINT('',(19.4380289897245,-4.94974746830589,9.));
#7842=CARTESIAN_POINT('',(19.4380289897245,-4.94974746830589,-1.81328885716045));
#7843=CARTESIAN_POINT('',(19.4380289897245,-4.94974746830589,9.));
#7844=CARTESIAN_POINT('Origin',(29.3375239263361,-4.94974746830583,-1.81328885716045));
#7845=CARTESIAN_POINT('',(29.3375239263361,-4.94974746830583,3.));
#7846=CARTESIAN_POINT('',(29.3375239263361,-4.94974746830583,3.));
#7847=CARTESIAN_POINT('',(29.3375239263361,-4.94974746830583,9.));
#7848=CARTESIAN_POINT('',(29.3375239263361,-4.94974746830583,-1.81328885716045));
#7849=CARTESIAN_POINT('',(29.3375239263361,-4.94974746830583,9.));
#7850=CARTESIAN_POINT('Origin',(23.9589988122272,-3.3881317890172E-17,19.4959087459081));
#7851=CARTESIAN_POINT('',(21.9890910193861,-1.92907623500857,9.));
#7852=CARTESIAN_POINT('',(21.9890910193861,-1.92907623500857,19.4959087459081));
#7853=CARTESIAN_POINT('',(23.9589988122272,-3.3881317890172E-17,9.));
#7854=CARTESIAN_POINT('Origin',(20.1,0.,3.));
#7855=CARTESIAN_POINT('',(27.1487374898459,-7.09316550720425,3.));
#7856=CARTESIAN_POINT('',(27.3365615792553,-4.94974746830583,3.));
#7857=CARTESIAN_POINT('',(26.1168361875207,-6.14419081990968,3.));
#7858=CARTESIAN_POINT('',(21.16817428063,1.09078366180599,3.));
#7859=CARTESIAN_POINT('Origin',(20.1,0.,3.));
#7860=CARTESIAN_POINT('',(17.2492425532343,-7.0931655072043,3.));
#7861=CARTESIAN_POINT('',(17.4370666426437,-4.94974746830589,3.));
#7862=CARTESIAN_POINT('',(21.2707484090128,-1.19552891301904,3.));
#7863=CARTESIAN_POINT('',(16.3220865021221,-3.85787824508471,3.));
#7864=CARTESIAN_POINT('Origin',(17.4370666426437,-4.94974746830589,19.4959087459081));
#7865=CARTESIAN_POINT('',(17.4370666426437,-4.94974746830589,19.4959087459081));
#7866=CARTESIAN_POINT('Origin',(16.2697138765156,-6.09290375571837,19.4959087459081));
#7867=CARTESIAN_POINT('Origin',(27.3365615792553,-4.94974746830583,19.4959087459081));
#7868=CARTESIAN_POINT('',(27.3365615792553,-4.94974746830583,19.4959087459081));
#7869=CARTESIAN_POINT('Origin',(26.1692088131272,-6.09290375571832,19.4959087459081));
#7870=CARTESIAN_POINT('Origin',(12.4039717952472,-7.85892525102841,14.5934235328995));
#7871=CARTESIAN_POINT('',(9.26842318576071,-4.78836919340162,4.));
#7872=CARTESIAN_POINT('',(15.6786952733476,-11.0657714094047,4.));
#7873=CARTESIAN_POINT('',(7.27373613533333,-2.83502731656731,4.));
#7874=CARTESIAN_POINT('',(9.26842318576071,-4.78836919340162,7.29671176644976));
#7875=CARTESIAN_POINT('',(15.6786952733476,-11.0657714094047,5.));
#7876=CARTESIAN_POINT('Origin',(26.9251321848603,-7.30873249333863,14.5627095546957));
#7877=CARTESIAN_POINT('',(26.9251321848603,-7.30873249333863,14.5627095546957));
#7878=CARTESIAN_POINT('Origin',(20.1,0.,14.5627095546957));
#7879=CARTESIAN_POINT('Origin',(20.100000002549,6.44141184835689E-9,-3.58203971410491));
#7880=CARTESIAN_POINT('Origin',(15.1502525316942,4.94974746830589,-8.48528137423857));
#7881=CARTESIAN_POINT('Origin',(15.1502525316942,4.94974746830589,9.));
#7882=CARTESIAN_POINT('Origin',(25.0497474683058,4.94974746830583,-8.48528137423857));
#7883=CARTESIAN_POINT('Origin',(25.0497474683058,4.94974746830583,9.));
#7884=CARTESIAN_POINT('Origin',(17.2492425532343,-7.0931655072043,-1.81328885716045));
#7885=CARTESIAN_POINT('',(17.2492425532343,-7.0931655072043,9.));
#7886=CARTESIAN_POINT('Origin',(27.1487374898459,-7.09316550720425,-1.81328885716045));
#7887=CARTESIAN_POINT('',(27.1487374898459,-7.09316550720425,9.));
#7888=CARTESIAN_POINT('Origin',(20.1,0.,19.4959087459081));
#7889=CARTESIAN_POINT('Origin',(20.1,0.,9.));
#7890=CARTESIAN_POINT('Origin',(-17.3145111033845,-19.229712719568,8.));
#7891=CARTESIAN_POINT('',(-18.,-18.6124957447341,5.));
#7892=CARTESIAN_POINT('',(-19.3382612127177,-21.4444181252953,8.));
#7893=CARTESIAN_POINT('Origin',(-18.,-18.6124957447341,8.));
#7894=CARTESIAN_POINT('',(-15.3484078948938,-21.,5.));
#7895=CARTESIAN_POINT('',(-17.3145111033845,-19.229712719568,5.));
#7896=CARTESIAN_POINT('',(-16.5,-24.,8.));
#7897=CARTESIAN_POINT('Origin',(-15.3484078948938,-21.0000000000002,7.99999999999975));
#7898=CARTESIAN_POINT('',(-16.5,-24.,8.));
#7899=CARTESIAN_POINT('Origin',(-25.3849001186336,-18.2,38.));
#7900=CARTESIAN_POINT('Origin',(11.9,-18.2,12.8750000000001));
#7901=CARTESIAN_POINT('Origin',(-25.3849001186336,-18.2,38.));
#7902=CARTESIAN_POINT('Origin',(-13.,-18.2,12.8750000000001));
#7903=CARTESIAN_POINT('Origin',(16.,-24.,38.));
#7904=CARTESIAN_POINT('',(16.,-24.,8.));
#7905=CARTESIAN_POINT('',(16.,-24.,38.));
#7906=CARTESIAN_POINT('',(16.,-21.75,10.9047375096556));
#7907=CARTESIAN_POINT('Origin',(16.,-21.,8.));
#7908=CARTESIAN_POINT('',(16.,-21.5972777460901,10.9576611154025));
#7909=CARTESIAN_POINT('Origin',(16.,-22.,11.8729833462074));
#7910=CARTESIAN_POINT('Origin',(16.,-21.3959166191352,10.5));
#7911=CARTESIAN_POINT('Origin',(-13.,-9.70673426229027,12.8750000000001));
#7912=CARTESIAN_POINT('Origin',(-13.,-24.,12.8750000000001));
#7913=CARTESIAN_POINT('Origin',(11.9,-9.70673426229027,12.8750000000001));
#7914=CARTESIAN_POINT('Origin',(11.9,-24.,12.8750000000001));
#7915=CARTESIAN_POINT('Origin',(-17.3145111033845,19.229712719568,8.));
#7916=CARTESIAN_POINT('',(-19.3382612127177,21.4444181252953,8.));
#7917=CARTESIAN_POINT('',(-18.,18.6124957447341,5.));
#7918=CARTESIAN_POINT('Origin',(-18.,18.6124957447341,8.));
#7919=CARTESIAN_POINT('',(-16.5,24.,8.));
#7920=CARTESIAN_POINT('',(-16.5,24.,8.));
#7921=CARTESIAN_POINT('',(-15.3484078948938,21.,5.));
#7922=CARTESIAN_POINT('Origin',(-15.3484078948938,21.0000000000002,7.99999999999975));
#7923=CARTESIAN_POINT('',(-17.3145111033845,19.229712719568,5.));
#7924=CARTESIAN_POINT('Origin',(20.1,0.,9.));
#7925=CARTESIAN_POINT('',(8.85735931288073,-1.37682639314444E-15,9.));
#7926=CARTESIAN_POINT('Origin',(20.1,0.,9.));
#7927=CARTESIAN_POINT('Origin',(19.,28.9,5.));
#7928=CARTESIAN_POINT('',(19.,23.88,8.83999999999997));
#7929=CARTESIAN_POINT('',(19.,23.7,6.69233031693782));
#7930=CARTESIAN_POINT('Origin',(19.,21.,8.));
#7931=CARTESIAN_POINT('',(19.,23.9,8.69999999999998));
#7932=CARTESIAN_POINT('Origin',(19.,23.3999760869379,8.69999658384823));
#7933=CARTESIAN_POINT('',(19.,23.9,7.56411010564595));
#7934=CARTESIAN_POINT('',(19.,23.9,5.));
#7935=CARTESIAN_POINT('Ctrl Pts',(19.,23.9,7.56411010564594));
#7936=CARTESIAN_POINT('Ctrl Pts',(19.,23.9,7.3922903678188));
#7937=CARTESIAN_POINT('Ctrl Pts',(19.,23.8610246129524,7.09162726436413));
#7938=CARTESIAN_POINT('Ctrl Pts',(19.,23.7561708655271,6.80830863997114));
#7939=CARTESIAN_POINT('Ctrl Pts',(19.,23.7,6.69233031693782));
#7940=CARTESIAN_POINT('Origin',(20.1,0.,9.));
#7941=CARTESIAN_POINT('',(8.8573593128807,-1.37682639314445E-15,9.));
#7942=CARTESIAN_POINT('',(18.7002632150524,-12.5218622619012,10.3572123903272));
#7943=CARTESIAN_POINT('Ctrl Pts',(18.7002632150525,-12.5218622619012,10.3572123903272));
#7944=CARTESIAN_POINT('Ctrl Pts',(18.4366659359989,-12.8084960561916,10.6713553946374));
#7945=CARTESIAN_POINT('Ctrl Pts',(18.1609003688507,-13.0999017167511,11.));
#7946=CARTESIAN_POINT('',(19.466307658155,-12.2262293864378,10.));
#7947=CARTESIAN_POINT('Ctrl Pts',(19.466307658155,-12.2262293864378,10.));
#7948=CARTESIAN_POINT('Ctrl Pts',(19.3659432286192,-12.221027441637,10.));
#7949=CARTESIAN_POINT('Ctrl Pts',(19.2613612026455,-12.2302383259661,10.0159492195535));
#7950=CARTESIAN_POINT('Ctrl Pts',(19.0517844085553,-12.2808145996923,10.0823351410979));
#7951=CARTESIAN_POINT('Ctrl Pts',(18.9492516609205,-12.32725999706,10.1379801006519));
#7952=CARTESIAN_POINT('Ctrl Pts',(18.8049536793384,-12.4213219706613,10.2458740180965));
#7953=CARTESIAN_POINT('Ctrl Pts',(18.7488202736557,-12.4690616639391,10.299344341257));
#7954=CARTESIAN_POINT('Ctrl Pts',(18.7002632150322,-12.5218622618928,10.357212390318));
#7955=CARTESIAN_POINT('',(19.466307658155,12.2262293864378,10.));
#7956=CARTESIAN_POINT('Origin',(20.1,0.,10.));
#7957=CARTESIAN_POINT('',(18.7002632150524,12.5218622619013,10.3572123903272));
#7958=CARTESIAN_POINT('Ctrl Pts',(18.7002632150322,12.5218622618928,10.357212390318));
#7959=CARTESIAN_POINT('Ctrl Pts',(18.7488202736557,12.4690616639391,10.299344341257));
#7960=CARTESIAN_POINT('Ctrl Pts',(18.8049536793384,12.4213219706613,10.2458740180965));
#7961=CARTESIAN_POINT('Ctrl Pts',(18.9492516609205,12.32725999706,10.1379801006519));
#7962=CARTESIAN_POINT('Ctrl Pts',(19.0517844085553,12.2808145996923,10.0823351410979));
#7963=CARTESIAN_POINT('Ctrl Pts',(19.2613612026455,12.2302383259661,10.0159492195535));
#7964=CARTESIAN_POINT('Ctrl Pts',(19.3659432286192,12.221027441637,10.));
#7965=CARTESIAN_POINT('Ctrl Pts',(19.466307658155,12.2262293864378,10.));
#7966=CARTESIAN_POINT('Ctrl Pts',(18.1609003688507,13.0999017167512,11.));
#7967=CARTESIAN_POINT('Ctrl Pts',(18.4366659359989,12.8084960561916,10.6713553946373));
#7968=CARTESIAN_POINT('Ctrl Pts',(18.7002632150525,12.5218622619012,10.3572123903272));
#7969=CARTESIAN_POINT('Origin',(18.6786061951567,-3.33066907387547E-14,
10.3830222215595));
#7970=CARTESIAN_POINT('',(18.700263215036,-15.767647898726,10.3572123903135));
#7971=CARTESIAN_POINT('',(18.700263215036,8.49999999999995,10.3572123903135));
#7972=CARTESIAN_POINT('',(23.1163279169411,-11.351583196821,5.09435141668965));
#7973=CARTESIAN_POINT('Origin',(34.,17.6427876096865,10.766044443119));
#7974=CARTESIAN_POINT('',(19.7243489741656,17.8077399120723,10.962626942094));
#7975=CARTESIAN_POINT('Origin',(20.099869790897,18.9999999995538,12.3835071846568));
#7976=CARTESIAN_POINT('',(20.232352101274,17.2997367849639,10.3572123903135));
#7977=CARTESIAN_POINT('',(24.4209901945709,13.111098691667,5.36538789454987));
#7978=CARTESIAN_POINT('',(31.4275670162476,17.2997367849639,10.3572123903135));
#7979=CARTESIAN_POINT('',(34.,17.2997367849639,10.3572123903135));
#7980=CARTESIAN_POINT('Origin',(19.,8.9,0.346795899987007));
#7981=CARTESIAN_POINT('Origin',(24.4209901945709,11.579009805429,6.65096311392295));
#7982=CARTESIAN_POINT('Ctrl Pts',(19.6381552245031,17.838397804661,11.));
#7983=CARTESIAN_POINT('Ctrl Pts',(19.6639343728489,17.8281510882268,10.9873239653793));
#7984=CARTESIAN_POINT('Ctrl Pts',(19.6902830421252,17.8186749939009,10.9757169111351));
#7985=CARTESIAN_POINT('Ctrl Pts',(19.7195431474372,17.8092613400499,10.9644421323584));
#7986=CARTESIAN_POINT('Ctrl Pts',(19.721944112604,17.8084973605412,10.963529634028));
#7987=CARTESIAN_POINT('Ctrl Pts',(19.7243489741656,17.8077399120723,10.962626942094));
#7988=CARTESIAN_POINT('',(18.700263215036,15.767647898726,10.3572123903135));
#7989=CARTESIAN_POINT('',(22.888901308333,11.579009805429,5.36538789454987));
#7990=CARTESIAN_POINT('Origin',(20.7717149474873,15.2282850525127,11.));
#7991=CARTESIAN_POINT('Origin',(18.6786061951567,-3.33066907387547E-14,
10.3830222215595));
#7992=CARTESIAN_POINT('',(18.700263215036,8.49999999999995,10.3572123903135));
#7993=CARTESIAN_POINT('Origin',(19.466307658155,8.49999999999995,11.));
#7994=CARTESIAN_POINT('',(19.466307658155,15.767647898726,10.));
#7995=CARTESIAN_POINT('',(19.466307658155,8.49999999999995,10.));
#7996=CARTESIAN_POINT('Origin',(19.466307658155,15.767647898726,11.));
#7997=CARTESIAN_POINT('Ctrl Pts',(20.2335984724746,16.5327754943126,10.0000004569075));
#7998=CARTESIAN_POINT('Ctrl Pts',(20.006434550134,16.5331542263102,9.99999805197161));
#7999=CARTESIAN_POINT('Ctrl Pts',(19.6132457525128,16.3867542474871,9.99999879894652));
#8000=CARTESIAN_POINT('Ctrl Pts',(19.4668457736897,15.9935654498658,9.99999805197161));
#8001=CARTESIAN_POINT('Ctrl Pts',(19.4672245056873,15.7664015275254,10.0000004569075));
#8002=CARTESIAN_POINT('Ctrl Pts',(20.2339347074992,16.8241656532152,9.99971377366618));
#8003=CARTESIAN_POINT('Ctrl Pts',(19.9454926152086,16.7897193371511,10.0005123688038));
#8004=CARTESIAN_POINT('Ctrl Pts',(19.4417590091692,16.5582409908307,10.000309098896));
#8005=CARTESIAN_POINT('Ctrl Pts',(19.2102806628489,16.0545073847913,10.0005123688038));
#8006=CARTESIAN_POINT('Ctrl Pts',(19.1758343467847,15.7660652925008,9.99971377366618));
#8007=CARTESIAN_POINT('Ctrl Pts',(20.234267462478,17.1129325090278,10.1343252580103));
#8008=CARTESIAN_POINT('Ctrl Pts',(19.8851827366315,17.0454566367611,10.1015080859945));
#8009=CARTESIAN_POINT('Ctrl Pts',(19.2706232276769,16.729376772323,10.0690603681101));
#8010=CARTESIAN_POINT('Ctrl Pts',(18.9545433632388,16.1148172633684,10.1015080859945));
#8011=CARTESIAN_POINT('Ctrl Pts',(18.8870674909722,15.765732537522,10.1343252580104));
#8012=CARTESIAN_POINT('Ctrl Pts',(20.2344820262495,17.3001002390098,10.3576472988802));
#8013=CARTESIAN_POINT('Ctrl Pts',(19.8463207501266,17.234086862233,10.278333861657));
#8014=CARTESIAN_POINT('Ctrl Pts',(19.1314261041776,16.8685738958224,10.1923154149646));
#8015=CARTESIAN_POINT('Ctrl Pts',(18.765913137767,16.1536792498733,10.278333861657));
#8016=CARTESIAN_POINT('Ctrl Pts',(18.6998997609901,15.7655179737504,10.3576472988803));
#8017=CARTESIAN_POINT('',(20.232352101274,16.5336923418449,10.));
#8018=CARTESIAN_POINT('Origin',(20.7717149474873,15.2282850525127,10.));
#8019=CARTESIAN_POINT('Origin',(20.232352101274,16.5336923418449,11.));
#8020=CARTESIAN_POINT('Origin',(34.,16.5336923418449,11.));
#8021=CARTESIAN_POINT('',(31.9122709555701,16.5336923418449,10.));
#8022=CARTESIAN_POINT('',(34.,16.5336923418449,10.));
#8023=CARTESIAN_POINT('Ctrl Pts',(31.9122709555701,16.5336923418449,10.));
#8024=CARTESIAN_POINT('Ctrl Pts',(31.8359482382922,16.6627910219365,10.));
#8025=CARTESIAN_POINT('Ctrl Pts',(31.7518263984524,16.8002259786709,10.0263036250898));
#8026=CARTESIAN_POINT('Ctrl Pts',(31.590755716704,17.0544783704151,10.1351840022348));
#8027=CARTESIAN_POINT('Ctrl Pts',(31.5138794075677,17.1713596777753,10.2177188774299));
#8028=CARTESIAN_POINT('Ctrl Pts',(31.4433418832255,17.2763625585192,10.3301142558546));
#8029=CARTESIAN_POINT('Ctrl Pts',(31.4353925892224,17.2881587039983,10.3434141707274));
#8030=CARTESIAN_POINT('Ctrl Pts',(31.4275670162476,17.2997367849639,10.3572123903135));
#8031=CARTESIAN_POINT('Origin',(34.,16.9999999999999,10.));
#8032=CARTESIAN_POINT('',(19.466307658155,-15.767647898726,10.));
#8033=CARTESIAN_POINT('',(19.466307658155,8.49999999999995,10.));
#8034=CARTESIAN_POINT('',(20.232352101274,-16.533692341845,10.));
#8035=CARTESIAN_POINT('Origin',(20.7717149474873,-15.2282850525127,10.));
#8036=CARTESIAN_POINT('',(31.9708704294826,-16.533692341845,10.));
#8037=CARTESIAN_POINT('',(34.,-16.533692341845,10.));
#8038=CARTESIAN_POINT('',(34.,-9.,10.));
#8039=CARTESIAN_POINT('Origin',(19.,-9.,10.));
#8040=CARTESIAN_POINT('',(34.,8.9,10.));
#8041=CARTESIAN_POINT('',(34.,8.49999999999997,10.));
#8042=CARTESIAN_POINT('Origin',(19.,8.9,10.));
#8043=CARTESIAN_POINT('Origin',(19.466307658155,8.49999999999995,11.));
#8044=CARTESIAN_POINT('Origin',(19.466307658155,-15.767647898726,11.));
#8045=CARTESIAN_POINT('Ctrl Pts',(19.4672245056872,-15.7664015275255,10.0000004569075));
#8046=CARTESIAN_POINT('Ctrl Pts',(19.4668457736897,-15.993565449866,9.99999805197161));
#8047=CARTESIAN_POINT('Ctrl Pts',(19.6132457525128,-16.3867542474872,9.99999879894652));
#8048=CARTESIAN_POINT('Ctrl Pts',(20.006434550134,-16.5331542263103,9.99999805197161));
#8049=CARTESIAN_POINT('Ctrl Pts',(20.2335984724746,-16.5327754943128,10.0000004569075));
#8050=CARTESIAN_POINT('Ctrl Pts',(19.1758343467847,-15.7660652925009,9.9997137736662));
#8051=CARTESIAN_POINT('Ctrl Pts',(19.2102806628489,-16.0545073847915,10.0005123688038));
#8052=CARTESIAN_POINT('Ctrl Pts',(19.4417590091692,-16.5582409908308,10.000309098896));
#8053=CARTESIAN_POINT('Ctrl Pts',(19.9454926152085,-16.7897193371511,10.0005123688038));
#8054=CARTESIAN_POINT('Ctrl Pts',(20.2339347074991,-16.8241656532153,9.9997137736662));
#8055=CARTESIAN_POINT('Ctrl Pts',(18.8870674909722,-15.7657325375221,10.1343252580104));
#8056=CARTESIAN_POINT('Ctrl Pts',(18.9545433632389,-16.1148172633686,10.1015080859945));
#8057=CARTESIAN_POINT('Ctrl Pts',(19.2706232276769,-16.7293767723231,10.0690603681102));
#8058=CARTESIAN_POINT('Ctrl Pts',(19.8851827366314,-17.0454566367611,10.1015080859945));
#8059=CARTESIAN_POINT('Ctrl Pts',(20.2342674624779,-17.1129325090279,10.1343252580104));
#8060=CARTESIAN_POINT('Ctrl Pts',(18.6998997609901,-15.7655179737506,10.3576472988802));
#8061=CARTESIAN_POINT('Ctrl Pts',(18.7659131377671,-16.1536792498734,10.278333861657));
#8062=CARTESIAN_POINT('Ctrl Pts',(19.1314261041776,-16.8685738958224,10.1923154149646));
#8063=CARTESIAN_POINT('Ctrl Pts',(19.8463207501266,-17.2340868622329,10.278333861657));
#8064=CARTESIAN_POINT('Ctrl Pts',(20.2344820262494,-17.3001002390099,10.3576472988802));
#8065=CARTESIAN_POINT('',(20.232352101274,-17.299736784964,10.3572123903135));
#8066=CARTESIAN_POINT('Origin',(20.7717149474873,-15.2282850525127,11.));
#8067=CARTESIAN_POINT('Origin',(20.232352101274,-16.533692341845,11.));
#8068=CARTESIAN_POINT('Origin',(34.,-16.533692341845,11.));
#8069=CARTESIAN_POINT('',(31.4945735941774,-17.299736784964,10.3572123903135));
#8070=CARTESIAN_POINT('',(34.,-17.299736784964,10.3572123903135));
#8071=CARTESIAN_POINT('Ctrl Pts',(31.4945735941774,-17.299736784964,10.3572123903135));
#8072=CARTESIAN_POINT('Ctrl Pts',(31.5024075036623,-17.2879434761972,10.343157672222));
#8073=CARTESIAN_POINT('Ctrl Pts',(31.5103692537522,-17.2759213345698,10.3296169127426));
#8074=CARTESIAN_POINT('Ctrl Pts',(31.5797541789142,-17.1708130038476,10.2173311485648));
#8075=CARTESIAN_POINT('Ctrl Pts',(31.6552148729208,-17.0540623400933,10.1349563727056));
#8076=CARTESIAN_POINT('Ctrl Pts',(31.8133454351842,-16.8000360521969,10.0262718794419));
#8077=CARTESIAN_POINT('Ctrl Pts',(31.8959416235326,-16.6626983842096,10.));
#8078=CARTESIAN_POINT('Ctrl Pts',(31.9708704294826,-16.533692341845,10.));
#8079=CARTESIAN_POINT('Origin',(-35.,21.,8.));
#8080=CARTESIAN_POINT('',(23.7528938553257,21.0000000000004,5.));
#8081=CARTESIAN_POINT('Ctrl Pts',(23.7528938553259,21.0000000000006,5.));
#8082=CARTESIAN_POINT('Ctrl Pts',(23.688013258536,21.0764555181359,5.00000000000002));
#8083=CARTESIAN_POINT('Ctrl Pts',(23.6229297566524,21.1514328213246,5.00292052959895));
#8084=CARTESIAN_POINT('Ctrl Pts',(23.5576637771927,21.2248278201638,5.00843645374523));
#8085=CARTESIAN_POINT('Ctrl Pts',(23.4907539767087,21.3000713815032,5.01409130466708));
#8086=CARTESIAN_POINT('Ctrl Pts',(23.4236523909524,21.3736523521919,5.02247364535772));
#8087=CARTESIAN_POINT('Ctrl Pts',(23.3563810301357,21.4455053288681,5.03326357727045));
#8088=CARTESIAN_POINT('Ctrl Pts',(23.2873984132472,21.5191861092504,5.04432798462527));
#8089=CARTESIAN_POINT('Ctrl Pts',(23.2182372739249,21.5910503170748,5.05792379892521));
#8090=CARTESIAN_POINT('Ctrl Pts',(23.1489213451655,21.6610691973233,5.07374172084036));
#8091=CARTESIAN_POINT('Ctrl Pts',(23.0769489907429,21.7337714427625,5.09016584012552));
#8092=CARTESIAN_POINT('Ctrl Pts',(23.0048097554149,21.8044846351318,5.10898538621477));
#8093=CARTESIAN_POINT('Ctrl Pts',(22.9325302066739,21.8732143222169,5.12989603890812));
#8094=CARTESIAN_POINT('Ctrl Pts',(22.8586551812059,21.9434611274648,5.15126826697513));
#8095=CARTESIAN_POINT('Ctrl Pts',(22.7846335794866,22.0116364334141,5.17482485110088));
#8096=CARTESIAN_POINT('Ctrl Pts',(22.7104937674573,22.0777772295189,5.20028639973111));
#8097=CARTESIAN_POINT('Ctrl Pts',(22.6340298184995,22.1459914091742,5.22654611770931));
#8098=CARTESIAN_POINT('Ctrl Pts',(22.5574401317464,22.2120420420529,5.25483201350965));
#8099=CARTESIAN_POINT('Ctrl Pts',(22.4807558252876,22.2759942463437,5.28488698517026));
#8100=CARTESIAN_POINT('Ctrl Pts',(22.4629340919493,22.2908569892424,5.29187187836625));
#8101=CARTESIAN_POINT('Ctrl Pts',(22.4451072480511,22.3056064753573,5.29895252938682));
#8102=CARTESIAN_POINT('Ctrl Pts',(22.4272756842029,22.3202436585791,5.30612608276078));
#8103=CARTESIAN_POINT('Ctrl Pts',(22.3420147855523,22.3902307559435,5.34042613700105));
#8104=CARTESIAN_POINT('Ctrl Pts',(22.2566459777332,22.4575324500356,5.37679292976905));
#8105=CARTESIAN_POINT('Ctrl Pts',(22.1711560614034,22.5221113424087,5.41481585543489));
#8106=CARTESIAN_POINT('Ctrl Pts',(22.0805067648317,22.5905876191244,5.45513349303683));
#8107=CARTESIAN_POINT('Ctrl Pts',(21.9897213006684,22.6560025283534,5.49731262736099));
#8108=CARTESIAN_POINT('Ctrl Pts',(21.8987839326751,22.7183670961184,5.54089151866424));
#8109=CARTESIAN_POINT('Ctrl Pts',(21.8090807640985,22.7798852537128,5.58387895847277));
#8110=CARTESIAN_POINT('Ctrl Pts',(21.7192297869805,22.8384359497334,5.62822827219818));
#8111=CARTESIAN_POINT('Ctrl Pts',(21.6292158971417,22.8940763790517,5.67352741896266));
#8112=CARTESIAN_POINT('Ctrl Pts',(21.5366642819113,22.9512854566144,5.720103666352));
#8113=CARTESIAN_POINT('Ctrl Pts',(21.4439404386077,23.0054182213105,5.76768374947438));
#8114=CARTESIAN_POINT('Ctrl Pts',(21.3510279492194,23.0565792346371,5.81585672364213));
#8115=CARTESIAN_POINT('Ctrl Pts',(21.2594807899701,23.1069884472759,5.86332180574984));
#8116=CARTESIAN_POINT('Ctrl Pts',(21.1677504881321,23.1545132058703,5.91136251658512));
#8117=CARTESIAN_POINT('Ctrl Pts',(21.0758213388882,23.1992864131902,5.95962276214495));
#8118=CARTESIAN_POINT('Ctrl Pts',(21.0093542678279,23.2316585604037,5.99451612510327));
#8119=CARTESIAN_POINT('Ctrl Pts',(20.9427832462799,23.2626399695516,6.02958228150637));
#8120=CARTESIAN_POINT('Ctrl Pts',(20.8761112743418,23.2921041866875,6.06447464564022));
#8121=CARTESIAN_POINT('Ctrl Pts',(20.8074494444828,23.3224477779314,6.1004083896093));
#8122=CARTESIAN_POINT('Ctrl Pts',(20.7386805484833,23.3511822327611,6.13615730866678));
#8123=CARTESIAN_POINT('Ctrl Pts',(20.6698078631558,23.3782199756435,6.17132021735622));
#8124=CARTESIAN_POINT('Ctrl Pts',(20.5954725661328,23.4074022071543,6.20927205921036));
#8125=CARTESIAN_POINT('Ctrl Pts',(20.5210163628381,23.4346077446178,6.24654064986579));
#8126=CARTESIAN_POINT('Ctrl Pts',(20.4464433732579,23.4597868657632,6.28260412978875));
#8127=CARTESIAN_POINT('Ctrl Pts',(20.3656115042122,23.4870792598938,6.32169440232413));
#8128=CARTESIAN_POINT('Ctrl Pts',(20.284642422571,23.5119912542386,6.3593677828704));
#8129=CARTESIAN_POINT('Ctrl Pts',(20.2035413751886,23.5345263619737,6.39495292266541));
#8130=CARTESIAN_POINT('Ctrl Pts',(20.1115015789438,23.5601009604682,6.43533771573262));
#8131=CARTESIAN_POINT('Ctrl Pts',(20.0192918176698,23.5826160278038,6.47303101682716));
#8132=CARTESIAN_POINT('Ctrl Pts',(19.9269197605044,23.6021438697698,6.50706755644496));
#8133=CARTESIAN_POINT('Ctrl Pts',(19.844016646186,23.6196699373338,6.53761505339944));
#8134=CARTESIAN_POINT('Ctrl Pts',(19.7609828040578,23.6347931643819,6.56521649978593));
#8135=CARTESIAN_POINT('Ctrl Pts',(19.6778237782985,23.6475746331342,6.58920286292311));
#8136=CARTESIAN_POINT('Ctrl Pts',(19.6043196775689,23.6588721484437,6.61040436253274));
#8137=CARTESIAN_POINT('Ctrl Pts',(19.5307177739024,23.6683416333237,6.62878151155767));
#8138=CARTESIAN_POINT('Ctrl Pts',(19.4570218959321,23.6760024415687,6.64389862741812));
#8139=CARTESIAN_POINT('Ctrl Pts',(19.3892316011466,23.6830493546868,6.65780434058299));
#8140=CARTESIAN_POINT('Ctrl Pts',(19.3213617897675,23.6885667052288,6.66895154624298));
#8141=CARTESIAN_POINT('Ctrl Pts',(19.2534154417979,23.6925335405274,6.67702489322921));
#8142=CARTESIAN_POINT('Ctrl Pts',(19.1910516050065,23.6961744583475,6.68443492936588));
#8143=CARTESIAN_POINT('Ctrl Pts',(19.1286232915561,23.6985095404454,6.68925546331825));
#8144=CARTESIAN_POINT('Ctrl Pts',(19.066132805629,23.6994830929637,6.69126357473965));
#8145=CARTESIAN_POINT('Ctrl Pts',(19.0440962348094,23.6998264053687,6.6919717127689));
#8146=CARTESIAN_POINT('Ctrl Pts',(19.0220519325853,23.7,6.69233031693782));
#8147=CARTESIAN_POINT('Ctrl Pts',(19.,23.7,6.69233031693782));
#8148=CARTESIAN_POINT('',(34.,21.,5.));
#8149=CARTESIAN_POINT('',(16.,24.,8.));
#8150=CARTESIAN_POINT('',(-35.,24.,8.));
#8151=CARTESIAN_POINT('',(16.,21.75,10.9047375096556));
#8152=CARTESIAN_POINT('Origin',(16.,21.,8.));
#8153=CARTESIAN_POINT('',(25.9515735628361,21.7500000000063,10.9047375096539));
#8154=CARTESIAN_POINT('',(-35.,21.75,10.9047375096556));
#8155=CARTESIAN_POINT('Ctrl Pts',(19.,23.88,8.83999999999997));
#8156=CARTESIAN_POINT('Ctrl Pts',(19.0841274510636,23.88,8.83999999999997));
#8157=CARTESIAN_POINT('Ctrl Pts',(19.1680219449472,23.8791003347778,8.8431008193281));
#8158=CARTESIAN_POINT('Ctrl Pts',(19.2516790510631,23.8773620472646,8.8489921371612));
#8159=CARTESIAN_POINT('Ctrl Pts',(19.3501222772541,23.8753165231149,8.85592472616569));
#8160=CARTESIAN_POINT('Ctrl Pts',(19.4482367848003,23.8721093946093,8.86672152570523));
#8161=CARTESIAN_POINT('Ctrl Pts',(19.5460153541485,23.867768434981,8.88085424635781));
#8162=CARTESIAN_POINT('Ctrl Pts',(19.6715652811546,23.8621945431958,8.89900098401369));
#8163=CARTESIAN_POINT('Ctrl Pts',(19.7965613418365,23.8547488847575,8.9226481426323));
#8164=CARTESIAN_POINT('Ctrl Pts',(19.9209882524878,23.8453980579903,8.95063657176917));
#8165=CARTESIAN_POINT('Ctrl Pts',(20.0350561437156,23.8368257235573,8.9762948564096));
#8166=CARTESIAN_POINT('Ctrl Pts',(20.1486457078813,23.8266471861335,9.00560021610957));
#8167=CARTESIAN_POINT('Ctrl Pts',(20.2617451695768,23.8148359462992,9.03764087979494));
#8168=CARTESIAN_POINT('Ctrl Pts',(20.3609052590883,23.8044804275227,9.06573257034252));
#8169=CARTESIAN_POINT('Ctrl Pts',(20.4596886104193,23.7928685543059,9.09592607691205));
#8170=CARTESIAN_POINT('Ctrl Pts',(20.5580872875073,23.780018860991,9.1276059296289));
#8171=CARTESIAN_POINT('Ctrl Pts',(20.648231277312,23.7682471313555,9.15662815233388));
#8172=CARTESIAN_POINT('Ctrl Pts',(20.7380524265203,23.755436262542,9.18689737018409));
#8173=CARTESIAN_POINT('Ctrl Pts',(20.8275446334774,23.7416426287153,9.21794732907908));
#8174=CARTESIAN_POINT('Ctrl Pts',(20.9126569290763,23.7285240804131,9.24747764651854));
#8175=CARTESIAN_POINT('Ctrl Pts',(20.997471692572,23.714516538459,9.27771383443585));
#8176=CARTESIAN_POINT('Ctrl Pts',(21.0819836750574,23.6997108220085,9.30826659268301));
#8177=CARTESIAN_POINT('Ctrl Pts',(21.2222591071538,23.6751358657536,9.3589789442196));
#8178=CARTESIAN_POINT('Ctrl Pts',(21.3617003678709,23.6483327806324,9.41064087442109));
#8179=CARTESIAN_POINT('Ctrl Pts',(21.5005479972767,23.6191811039349,9.46283640397353));
#8180=CARTESIAN_POINT('Ctrl Pts',(21.6355046953938,23.5908463455491,9.51356925663376));
#8181=CARTESIAN_POINT('Ctrl Pts',(21.7699005667228,23.5602925685564,9.56480569629282));
#8182=CARTESIAN_POINT('Ctrl Pts',(21.9039564907352,23.5274576761187,9.61615522009143));
#8183=CARTESIAN_POINT('Ctrl Pts',(21.9640811022045,23.5127310971554,9.6391856843568));
#8184=CARTESIAN_POINT('Ctrl Pts',(22.0241373313017,23.4975463386026,9.66223882708352));
#8185=CARTESIAN_POINT('Ctrl Pts',(22.0841451055888,23.4819012361803,9.6852792806673));
#8186=CARTESIAN_POINT('Ctrl Pts',(22.2498731377602,23.4386929674458,9.74891185291547));
#8187=CARTESIAN_POINT('Ctrl Pts',(22.4152315853839,23.3922020040352,9.81211525476232));
#8188=CARTESIAN_POINT('Ctrl Pts',(22.5801441123627,23.3422451240765,9.87453668375416));
#8189=CARTESIAN_POINT('Ctrl Pts',(22.7347605196045,23.2954072431844,9.93306090421471));
#8190=CARTESIAN_POINT('Ctrl Pts',(22.8889849490731,23.2455224193391,9.99089740488597));
#8191=CARTESIAN_POINT('Ctrl Pts',(23.0427544884421,23.1924598215516,10.0477109002206));
#8192=CARTESIAN_POINT('Ctrl Pts',(23.1931099364343,23.14057535409,10.103262985361));
#8193=CARTESIAN_POINT('Ctrl Pts',(23.3430304696173,23.0856522457208,10.1578369107035));
#8194=CARTESIAN_POINT('Ctrl Pts',(23.4924572737753,23.027593389621,10.2110778019702));
#8195=CARTESIAN_POINT('Ctrl Pts',(23.6386220852251,22.9708019605153,10.2631564425947));
#8196=CARTESIAN_POINT('Ctrl Pts',(23.7843144886092,22.9110097953234,10.3139594862735));
#8197=CARTESIAN_POINT('Ctrl Pts',(23.9294794379893,22.8481563239684,10.3631162058129));
#8198=CARTESIAN_POINT('Ctrl Pts',(24.0715296121119,22.7866514869652,10.4112181794621));
#8199=CARTESIAN_POINT('Ctrl Pts',(24.2130747243435,22.722214920867,10.4577435429669));
#8200=CARTESIAN_POINT('Ctrl Pts',(24.3540631965903,22.6548249689524,10.5023097973936));
#8201=CARTESIAN_POINT('Ctrl Pts',(24.4904827012475,22.5896189013032,10.5454318077));
#8202=CARTESIAN_POINT('Ctrl Pts',(24.6263810590428,22.5216474917213,10.5867193521508));
#8203=CARTESIAN_POINT('Ctrl Pts',(24.7617115455602,22.4509289979847,10.6257960779175));
#8204=CARTESIAN_POINT('Ctrl Pts',(24.8946547637306,22.3814579986303,10.6641834791061));
#8205=CARTESIAN_POINT('Ctrl Pts',(25.0270499687355,22.3093356385874,10.7004371278397));
#8206=CARTESIAN_POINT('Ctrl Pts',(25.1588528654926,22.2346210075368,10.7341746410478));
#8207=CARTESIAN_POINT('Ctrl Pts',(25.2922476113668,22.1590040107385,10.7683196189773));
#8208=CARTESIAN_POINT('Ctrl Pts',(25.4250356553932,22.0807311501873,10.7998871087083));
#8209=CARTESIAN_POINT('Ctrl Pts',(25.5571710781068,21.9999142209509,10.8284574507565));
#8210=CARTESIAN_POINT('Ctrl Pts',(25.68246499624,21.9232817063113,10.8555485215997));
#8211=CARTESIAN_POINT('Ctrl Pts',(25.8071721243559,21.8443617560735,10.8799443343384));
#8212=CARTESIAN_POINT('Ctrl Pts',(25.9312533127025,21.7632982042574,10.901271419805));
#8213=CARTESIAN_POINT('Ctrl Pts',(25.9380285978166,21.7588718388814,10.9024359564009));
#8214=CARTESIAN_POINT('Ctrl Pts',(25.944802016655,21.7544390948512,10.9035913402935));
#8215=CARTESIAN_POINT('Ctrl Pts',(25.9515735628439,21.7500000000174,10.9047375096511));
#8216=CARTESIAN_POINT('Origin',(34.,0.,8.));
#8217=CARTESIAN_POINT('',(34.,8.9,7.));
#8218=CARTESIAN_POINT('',(34.,-9.,7.));
#8219=CARTESIAN_POINT('',(34.,0.,7.));
#8220=CARTESIAN_POINT('',(34.,8.9,5.));
#8221=CARTESIAN_POINT('',(34.,-9.,5.));
#8222=CARTESIAN_POINT('Origin',(19.,8.9,7.));
#8223=CARTESIAN_POINT('',(32.,8.9,5.));
#8224=CARTESIAN_POINT('Origin',(32.,8.9,7.));
#8225=CARTESIAN_POINT('Origin',(19.,8.9,5.));
#8226=CARTESIAN_POINT('',(24.4841082946069,22.8615384615387,7.));
#8227=CARTESIAN_POINT('Origin',(23.752893855326,21.0000000000002,7.));
#8228=CARTESIAN_POINT('Origin',(19.,8.9,7.));
#8229=CARTESIAN_POINT('Ctrl Pts',(24.7702132936122,-22.8457444200295,7.00000006105711));
#8230=CARTESIAN_POINT('Ctrl Pts',(24.399556585364,-23.0002156239591,6.9999539901462));
#8231=CARTESIAN_POINT('Ctrl Pts',(23.6456224082993,-23.2794503989458,7.05198945174295));
#8232=CARTESIAN_POINT('Ctrl Pts',(22.4927846121268,-23.6037282808423,7.22438542996396));
#8233=CARTESIAN_POINT('Ctrl Pts',(21.532969607523,-23.7935436768893,7.41495313220192));
#8234=CARTESIAN_POINT('Ctrl Pts',(20.7595449763887,-23.9002733574047,7.58491212807098));
#8235=CARTESIAN_POINT('Ctrl Pts',(20.178796976894,-23.9573757435218,7.71865129343091));
#8236=CARTESIAN_POINT('Ctrl Pts',(19.5975561767709,-23.9918537325818,7.85637652475391));
#8237=CARTESIAN_POINT('Ctrl Pts',(19.2104871025043,-23.9997677095402,7.94940555970865));
#8238=CARTESIAN_POINT('Ctrl Pts',(19.0114533200933,-23.9999967403927,7.99724696241272));
#8239=CARTESIAN_POINT('Ctrl Pts',(19.005726686941,-24.,7.99862347577541));
#8240=CARTESIAN_POINT('Ctrl Pts',(19.,-24.,8.));
#8241=CARTESIAN_POINT('Ctrl Pts',(24.7702914753159,-22.8457174989303,6.40147390892645));
#8242=CARTESIAN_POINT('Ctrl Pts',(24.3701278258529,-23.0103503788471,6.44954900471352));
#8243=CARTESIAN_POINT('Ctrl Pts',(23.5854627844465,-23.297337271616,6.59389213865451));
#8244=CARTESIAN_POINT('Ctrl Pts',(22.4246881879455,-23.617763150798,6.89220406789928));
#8245=CARTESIAN_POINT('Ctrl Pts',(21.4759608974102,-23.801460170522,7.17868090646121));
#8246=CARTESIAN_POINT('Ctrl Pts',(20.7170503397734,-23.9041601617549,7.42254130517852));
#8247=CARTESIAN_POINT('Ctrl Pts',(20.1492541313297,-23.9588737913212,7.61055812263758));
#8248=CARTESIAN_POINT('Ctrl Pts',(19.5822437864445,-23.9919408753341,7.8017961600747));
#8249=CARTESIAN_POINT('Ctrl Pts',(19.2051261564999,-23.9997426129715,7.93014698758829));
#8250=CARTESIAN_POINT('Ctrl Pts',(19.0111627170456,-23.9999975685092,7.99619790520097));
#8251=CARTESIAN_POINT('Ctrl Pts',(19.0055812472731,-24.,7.99809908559448));
#8252=CARTESIAN_POINT('Ctrl Pts',(19.,-24.,8.));
#8253=CARTESIAN_POINT('Ctrl Pts',(24.5772677736336,-22.3821883389003,5.3649408947979));
#8254=CARTESIAN_POINT('Ctrl Pts',(24.1737909675884,-22.6416304824356,5.48959091537771));
#8255=CARTESIAN_POINT('Ctrl Pts',(23.4001221793286,-23.0624424753272,5.79073233855673));
#8256=CARTESIAN_POINT('Ctrl Pts',(22.2767563723114,-23.5032081040392,6.30811201845072));
#8257=CARTESIAN_POINT('Ctrl Pts',(21.366328048506,-23.7451216753991,6.76314548408017));
#8258=CARTESIAN_POINT('Ctrl Pts',(20.640004580542,-23.8781335048199,7.13703651927979));
#8259=CARTESIAN_POINT('Ctrl Pts',(20.0973553674335,-23.9482459957919,7.42049366219538));
#8260=CARTESIAN_POINT('Ctrl Pts',(19.5558536321081,-23.990223511096,7.70580818052931));
#8261=CARTESIAN_POINT('Ctrl Pts',(19.1957894791276,-23.9997296550096,7.89638993637621));
#8262=CARTESIAN_POINT('Ctrl Pts',(19.0106532897175,-23.9999958203382,7.9943628090758));
#8263=CARTESIAN_POINT('Ctrl Pts',(19.005326704375,-24.,7.99718131812204));
#8264=CARTESIAN_POINT('Ctrl Pts',(19.,-24.,8.));
#8265=CARTESIAN_POINT('Ctrl Pts',(24.1734569532902,-21.4131053343579,4.9997844911494));
#8266=CARTESIAN_POINT('Ctrl Pts',(23.8277250998938,-21.7873500068568,5.05560384253191));
#8267=CARTESIAN_POINT('Ctrl Pts',(23.1383645754894,-22.434816153478,5.2891862081822));
#8268=CARTESIAN_POINT('Ctrl Pts',(22.1020165715606,-23.1534739626866,5.84027336192369));
#8269=CARTESIAN_POINT('Ctrl Pts',(21.2465945873066,-23.5621349070687,6.39158534258093));
#8270=CARTESIAN_POINT('Ctrl Pts',(20.5594770207296,-23.7894735362739,6.86657535701666));
#8271=CARTESIAN_POINT('Ctrl Pts',(20.0443558183842,-23.9102737499821,7.23468546808794));
#8272=CARTESIAN_POINT('Ctrl Pts',(19.5292801919592,-23.9829222071737,7.61021152017589));
#8273=CARTESIAN_POINT('Ctrl Pts',(19.1864320903778,-23.9995171801998,7.86267444927415));
#8274=CARTESIAN_POINT('Ctrl Pts',(19.0101442329816,-23.9999930291718,7.99252697501554));
#8275=CARTESIAN_POINT('Ctrl Pts',(19.0050721614769,-24.,7.99626355064959));
#8276=CARTESIAN_POINT('Ctrl Pts',(19.,-24.,8.));
#8277=CARTESIAN_POINT('Ctrl Pts',(24.0007400136666,-20.9986679279016,5.0000003007244));
#8278=CARTESIAN_POINT('Ctrl Pts',(23.679520024937,-21.4003107496085,4.99982594169284));
#8279=CARTESIAN_POINT('Ctrl Pts',(23.0261336300175,-22.1263719087093,5.15588228181963));
#8280=CARTESIAN_POINT('Ctrl Pts',(22.027031586293,-22.9695748081739,5.6730483234662));
#8281=CARTESIAN_POINT('Ctrl Pts',(21.1952071503962,-23.4631496571125,6.24476460625644));
#8282=CARTESIAN_POINT('Ctrl Pts',(20.5249166671073,-23.7406792287632,6.75466413288936));
#8283=CARTESIAN_POINT('Ctrl Pts',(20.0216093613543,-23.889163304759,7.15590301760416));
#8284=CARTESIAN_POINT('Ctrl Pts',(19.517874656367,-23.9788170545295,7.56910303431873));
#8285=CARTESIAN_POINT('Ctrl Pts',(19.1824195649862,-23.9993959665521,7.84820733904804));
#8286=CARTESIAN_POINT('Ctrl Pts',(19.0099260698997,-23.9999915240492,7.9917403794058));
#8287=CARTESIAN_POINT('Ctrl Pts',(19.0049630582467,-24.,7.99587017335807));
#8288=CARTESIAN_POINT('Ctrl Pts',(19.,-24.,8.));
#8289=CARTESIAN_POINT('',(24.7692307692308,-22.8461538461538,7.));
#8290=CARTESIAN_POINT('',(19.,-24.,8.));
#8291=CARTESIAN_POINT('Ctrl Pts',(24.7692307692308,-22.8461538461538,7.));
#8292=CARTESIAN_POINT('Ctrl Pts',(24.5709789176077,-22.9287587843301,7.));
#8293=CARTESIAN_POINT('Ctrl Pts',(24.3708753714441,-23.0071334176968,7.007456605994));
#8294=CARTESIAN_POINT('Ctrl Pts',(24.1693434913783,-23.0811181327388,7.02078879693953));
#8295=CARTESIAN_POINT('Ctrl Pts',(23.9944075373594,-23.1453391716358,7.03236155426932));
#8296=CARTESIAN_POINT('Ctrl Pts',(23.8183958160834,-23.2062532091807,7.04836143627471));
#8297=CARTESIAN_POINT('Ctrl Pts',(23.6415952203077,-23.2637860966441,7.06775438801411));
#8298=CARTESIAN_POINT('Ctrl Pts',(23.4513549185645,-23.3256924144547,7.08862151786969));
#8299=CARTESIAN_POINT('Ctrl Pts',(23.260197690612,-23.3836832603541,7.11341718057732));
#8300=CARTESIAN_POINT('Ctrl Pts',(23.068591333517,-23.4376786416941,7.14135077782196));
#8301=CARTESIAN_POINT('Ctrl Pts',(22.8769849764221,-23.4916740230342,7.16928437506659));
#8302=CARTESIAN_POINT('Ctrl Pts',(22.6849298386231,-23.5416739262458,7.20035590684825));
#8303=CARTESIAN_POINT('Ctrl Pts',(22.4929027936317,-23.587653343641,7.23377477485188));
#8304=CARTESIAN_POINT('Ctrl Pts',(22.3008757486402,-23.6336327610362,7.26719364285551));
#8305=CARTESIAN_POINT('Ctrl Pts',(22.1088792484439,-23.6756010242946,7.30295984708112));
#8306=CARTESIAN_POINT('Ctrl Pts',(21.9166712480554,-23.7137020776814,7.34062908750434));
#8307=CARTESIAN_POINT('Ctrl Pts',(21.724463247667,-23.7518031310682,7.37829832792755));
#8308=CARTESIAN_POINT('Ctrl Pts',(21.5320433284272,-23.7860370179125,7.41787060454837));
#8309=CARTESIAN_POINT('Ctrl Pts',(21.3391528096868,-23.8164896022281,7.45890161734241));
#8310=CARTESIAN_POINT('Ctrl Pts',(21.1462622909465,-23.8469421865437,7.49993263013645));
#8311=CARTESIAN_POINT('Ctrl Pts',(20.9529028732589,-23.873604919978,7.54242237910371));
#8312=CARTESIAN_POINT('Ctrl Pts',(20.7594325075163,-23.8964558621,7.58595711448067));
#8313=CARTESIAN_POINT('Ctrl Pts',(20.5659621417738,-23.9193068042221,7.62949184985762));
#8314=CARTESIAN_POINT('Ctrl Pts',(20.372380473504,-23.93835034122,7.67407157164427));
#8315=CARTESIAN_POINT('Ctrl Pts',(20.178715703925,-23.9536159269028,7.71931563775809));
#8316=CARTESIAN_POINT('Ctrl Pts',(19.985050934346,-23.9688815125856,7.76455970387191));
#8317=CARTESIAN_POINT('Ctrl Pts',(19.7913033813854,-23.9803669974864,7.81046811431291));
#8318=CARTESIAN_POINT('Ctrl Pts',(19.5976624823119,-23.9880885891843,7.85667957827209));
#8319=CARTESIAN_POINT('Ctrl Pts',(19.4040215832383,-23.9958101808822,7.90289104223128));
#8320=CARTESIAN_POINT('Ctrl Pts',(19.2104871038477,-23.9997687591577,7.94940555970865));
#8321=CARTESIAN_POINT('Ctrl Pts',(19.0171800939646,-23.9999901614758,7.995870427781));
#8322=CARTESIAN_POINT('Ctrl Pts',(19.0114533200664,-23.999996720581,7.99724696241272));
#8323=CARTESIAN_POINT('Ctrl Pts',(19.005726686941,-24.,7.99862347577541));
#8324=CARTESIAN_POINT('Ctrl Pts',(19.,-24.,8.));
#8325=CARTESIAN_POINT('',(24.,-21.,5.));
#8326=CARTESIAN_POINT('Ctrl Pts',(19.,-24.,8.));
#8327=CARTESIAN_POINT('Ctrl Pts',(19.0049631286846,-24.,7.99587042732554));
#8328=CARTESIAN_POINT('Ctrl Pts',(19.0099262107475,-23.999991473485,7.9917408874902));
#8329=CARTESIAN_POINT('Ctrl Pts',(19.0148894147584,-23.9999744198404,7.98761128322531));
#8330=CARTESIAN_POINT('Ctrl Pts',(19.1824221555039,-23.99939877479,7.848216666528));
#8331=CARTESIAN_POINT('Ctrl Pts',(19.3501520876861,-23.989105545392,7.70867372972602));
#8332=CARTESIAN_POINT('Ctrl Pts',(19.5179740582394,-23.969028901237,7.57003792769632));
#8333=CARTESIAN_POINT('Ctrl Pts',(19.6690020025889,-23.9509613366256,7.44527547779323));
#8334=CARTESIAN_POINT('Ctrl Pts',(19.8201044863422,-23.9249704629022,7.32124627772462));
#8335=CARTESIAN_POINT('Ctrl Pts',(19.9711625495749,-23.8910193931799,7.1987466890817));
#8336=CARTESIAN_POINT('Ctrl Pts',(19.9879599249424,-23.8872440974423,7.18512496291387));
#8337=CARTESIAN_POINT('Ctrl Pts',(20.004756751049,-23.8833703898111,7.17152220196485));
#8338=CARTESIAN_POINT('Ctrl Pts',(20.0215528643286,-23.8793982331861,7.15793954212009));
#8339=CARTESIAN_POINT('Ctrl Pts',(20.1541678963779,-23.8480357584655,7.05069658414295));
#8340=CARTESIAN_POINT('Ctrl Pts',(20.2867384906798,-23.8105377883351,6.94470835229734));
#8341=CARTESIAN_POINT('Ctrl Pts',(20.4192513434739,-23.7668738487509,6.84051343039339));
#8342=CARTESIAN_POINT('Ctrl Pts',(20.4544519951869,-23.7552749804351,6.81283514048511));
#8343=CARTESIAN_POINT('Ctrl Pts',(20.4896485724074,-23.7432410136132,6.78528367330052));
#8344=CARTESIAN_POINT('Ctrl Pts',(20.5248408257606,-23.7307714096263,6.75786976996461));
#8345=CARTESIAN_POINT('Ctrl Pts',(20.6478028447932,-23.6872025120233,6.66208536906509));
#8346=CARTESIAN_POINT('Ctrl Pts',(20.770712077653,-23.6383113425302,6.56797292975787));
#8347=CARTESIAN_POINT('Ctrl Pts',(20.8934485077363,-23.5841015257009,6.47605141003037));
#8348=CARTESIAN_POINT('Ctrl Pts',(20.9380779505315,-23.5643897423495,6.44262689048432));
#8349=CARTESIAN_POINT('Ctrl Pts',(20.9826845454067,-23.543974981289,6.40949246428594));
#8350=CARTESIAN_POINT('Ctrl Pts',(21.0272625222361,-23.5228583892495,6.37667454039752));
#8351=CARTESIAN_POINT('Ctrl Pts',(21.1261127724381,-23.4760330159377,6.30390183472068));
#8352=CARTESIAN_POINT('Ctrl Pts',(21.2248223029693,-23.4257799470789,6.23271540954472));
#8353=CARTESIAN_POINT('Ctrl Pts',(21.3234354058736,-23.3720461710317,6.16331903627929));
#8354=CARTESIAN_POINT('Ctrl Pts',(21.4196045952037,-23.3196440710073,6.09564250280829));
#8355=CARTESIAN_POINT('Ctrl Pts',(21.5156820771845,-23.2639309872353,6.02966800808511));
#8356=CARTESIAN_POINT('Ctrl Pts',(21.6117089317479,-23.2048460110506,5.9656317768029));
#8357=CARTESIAN_POINT('Ctrl Pts',(21.7041201259945,-23.1479857375773,5.90400667583767));
#8358=CARTESIAN_POINT('Ctrl Pts',(21.7964844335556,-23.0880020722842,5.84417647629663));
#8359=CARTESIAN_POINT('Ctrl Pts',(21.8888384665913,-23.02483912745,5.78639965035518));
#8360=CARTESIAN_POINT('Ctrl Pts',(21.9349546882867,-22.9932992339426,5.75754927071936));
#8361=CARTESIAN_POINT('Ctrl Pts',(21.9810683481099,-22.9609666436225,5.72921165960756));
#8362=CARTESIAN_POINT('Ctrl Pts',(22.0271840045288,-22.927835023436,5.70142389240347));
#8363=CARTESIAN_POINT('Ctrl Pts',(22.1156380620362,-22.8642855379711,5.64812440695435));
#8364=CARTESIAN_POINT('Ctrl Pts',(22.2040994651703,-22.7978162544876,5.59686274240018));
#8365=CARTESIAN_POINT('Ctrl Pts',(22.2925063817454,-22.72840379982,5.54793550150741));
#8366=CARTESIAN_POINT('Ctrl Pts',(22.3786936544423,-22.6607340926209,5.50023668317392));
#8367=CARTESIAN_POINT('Ctrl Pts',(22.4648291422358,-22.5902665977348,5.45475654818324));
#8368=CARTESIAN_POINT('Ctrl Pts',(22.5508555542733,-22.5170002340326,5.41181332011289));
#8369=CARTESIAN_POINT('Ctrl Pts',(22.6335202272916,-22.4465969723454,5.37054822695479));
#8370=CARTESIAN_POINT('Ctrl Pts',(22.7160841829076,-22.3736088769657,5.33162582034854));
#8371=CARTESIAN_POINT('Ctrl Pts',(22.7984965876568,-22.2980612534604,5.29536749589437));
#8372=CARTESIAN_POINT('Ctrl Pts',(22.8733759870365,-22.2294191517058,5.262423407369));
#8373=CARTESIAN_POINT('Ctrl Pts',(22.9481302747074,-22.1586639967093,5.23167909639011));
#8374=CARTESIAN_POINT('Ctrl Pts',(23.0227213213543,-22.0858397390639,5.20340348618724));
#8375=CARTESIAN_POINT('Ctrl Pts',(23.0929941919955,-22.0172313756327,5.17676478908605));
#8376=CARTESIAN_POINT('Ctrl Pts',(23.1631221750102,-21.9468308578678,5.15233206274211));
#8377=CARTESIAN_POINT('Ctrl Pts',(23.2330819360451,-21.874603559373,5.13031907454295));
#8378=CARTESIAN_POINT('Ctrl Pts',(23.3003305418916,-21.8051752900938,5.1091591571131));
#8379=CARTESIAN_POINT('Ctrl Pts',(23.3674237113572,-21.7340585900136,5.09023522790054));
#8380=CARTESIAN_POINT('Ctrl Pts',(23.4343407191492,-21.6612417559377,5.07378070879771));
#8381=CARTESIAN_POINT('Ctrl Pts',(23.499763108974,-21.5900513147941,5.05769370791937));
#8382=CARTESIAN_POINT('Ctrl Pts',(23.5650171185254,-21.5172353179403,5.04396713472528));
#8383=CARTESIAN_POINT('Ctrl Pts',(23.6300833804467,-21.4428088164487,5.03285990353079));
#8384=CARTESIAN_POINT('Ctrl Pts',(23.6927652033486,-21.3711097723059,5.02215971147881));
#8385=CARTESIAN_POINT('Ctrl Pts',(23.7552727870035,-21.2979156990097,5.01389064059134));
#8386=CARTESIAN_POINT('Ctrl Pts',(23.8175888162066,-21.223270964183,5.0083198572453));
#8387=CARTESIAN_POINT('Ctrl Pts',(23.878581460796,-21.1502114345569,5.00286737875695));
#8388=CARTESIAN_POINT('Ctrl Pts',(23.9393906004986,-21.0757617493767,5.));
#8389=CARTESIAN_POINT('Ctrl Pts',(24.,-21.,5.));
#8390=CARTESIAN_POINT('Origin',(24.,-21.,7.));
#8391=CARTESIAN_POINT('Origin',(19.,-9.,7.));
#8392=CARTESIAN_POINT('',(32.,-9.,5.));
#8393=CARTESIAN_POINT('Origin',(19.,-9.,5.));
#8394=CARTESIAN_POINT('Origin',(32.,-9.,7.));
#8395=CARTESIAN_POINT('Origin',(19.,-9.,7.));
#8396=CARTESIAN_POINT('Ctrl Pts',(18.9816407525621,23.8999887738168,7.56408865950613));
#8397=CARTESIAN_POINT('Ctrl Pts',(19.796424976749,23.9009851927446,7.56599454851162));
#8398=CARTESIAN_POINT('Ctrl Pts',(21.1353698821767,23.7924079834669,7.3575309098338));
#8399=CARTESIAN_POINT('Ctrl Pts',(22.9638620958681,23.3964796365608,7.0837331585656));
#8400=CARTESIAN_POINT('Ctrl Pts',(23.9940348431694,23.0547540866185,6.99904168156253));
#8401=CARTESIAN_POINT('Ctrl Pts',(24.501191019636,22.8548161172374,7.00001639387081));
#8402=CARTESIAN_POINT('Ctrl Pts',(18.9820747470691,23.8999891327984,7.39226025801561));
#8403=CARTESIAN_POINT('Ctrl Pts',(19.7776061676003,23.9009536848913,7.39493580001915));
#8404=CARTESIAN_POINT('Ctrl Pts',(21.0831247428404,23.795850305794,7.10237961679406));
#8405=CARTESIAN_POINT('Ctrl Pts',(22.9010869874759,23.411731105466,6.6618235345859));
#8406=CARTESIAN_POINT('Ctrl Pts',(23.9582602413049,23.0661602166786,6.46124466398583));
#8407=CARTESIAN_POINT('Ctrl Pts',(24.5024285778425,22.8544224756937,6.39950763607619));
#8408=CARTESIAN_POINT('Ctrl Pts',(18.9828836895674,23.8609491973206,7.09110319622231));
#8409=CARTESIAN_POINT('Ctrl Pts',(19.7425107850393,23.86213884108,7.09516487416997));
#8410=CARTESIAN_POINT('Ctrl Pts',(20.989775367256,23.7325812510981,6.65114323230387));
#8411=CARTESIAN_POINT('Ctrl Pts',(22.7379895798932,23.2137129274449,5.91999203247279));
#8412=CARTESIAN_POINT('Ctrl Pts',(23.7718385472841,22.7168953238223,5.51978203069333));
#8413=CARTESIAN_POINT('Ctrl Pts',(24.3187486129482,22.3824717632607,5.35826251465163));
#8414=CARTESIAN_POINT('Ctrl Pts',(18.9837294842406,23.7558135084568,6.80734800490569));
#8415=CARTESIAN_POINT('Ctrl Pts',(19.705816617314,23.7579031747386,6.81260489795358));
#8416=CARTESIAN_POINT('Ctrl Pts',(20.8922142517243,23.5302535293584,6.2377369982644));
#8417=CARTESIAN_POINT('Ctrl Pts',(22.5255941557735,22.6654279409712,5.40594492940887));
#8418=CARTESIAN_POINT('Ctrl Pts',(23.4603328541927,21.8829681397695,5.06669645659476));
#8419=CARTESIAN_POINT('Ctrl Pts',(23.9316271866206,21.3983332676844,4.99643520625252));
#8420=CARTESIAN_POINT('Ctrl Pts',(18.9840926822035,23.6993447083919,6.69097449302721));
#8421=CARTESIAN_POINT('Ctrl Pts',(19.6900601487213,23.7019410142596,6.69669733204231));
#8422=CARTESIAN_POINT('Ctrl Pts',(20.8501875825179,23.4190276122288,6.07073931957667));
#8423=CARTESIAN_POINT('Ctrl Pts',(22.4343345512279,22.3877679202553,5.24946051476479));
#8424=CARTESIAN_POINT('Ctrl Pts',(23.3266805437753,21.498091197727,4.99633927700205));
#8425=CARTESIAN_POINT('Ctrl Pts',(23.7658595364866,20.9778562806276,5.00008313300272));
#8426=CARTESIAN_POINT('Ctrl Pts',(19.,23.9,7.56411010564594));
#8427=CARTESIAN_POINT('Ctrl Pts',(19.8085296176639,23.9,7.56411010564594));
#8428=CARTESIAN_POINT('Ctrl Pts',(21.1412625190224,23.7911320349298,7.35664854856078));
#8429=CARTESIAN_POINT('Ctrl Pts',(22.9579694590224,23.3977555850979,7.08461551983862));
#8430=CARTESIAN_POINT('Ctrl Pts',(23.9824053399134,23.0586079566264,7.00000000000004));
#8431=CARTESIAN_POINT('Ctrl Pts',(24.4841082946069,22.8615384615387,7.));
#8432=CARTESIAN_POINT('Ctrl Pts',(-17.9968659244531,-18.60750439719,5.00000593402285));
#8433=CARTESIAN_POINT('Ctrl Pts',(-18.2980283123395,-19.244641042621,4.99865208065975));
#8434=CARTESIAN_POINT('Ctrl Pts',(-19.0022907291411,-20.7345782650791,5.5465587932077));
#8435=CARTESIAN_POINT('Ctrl Pts',(-19.3387078511719,-21.4462891586906,7.10578098026285));
#8436=CARTESIAN_POINT('Ctrl Pts',(-19.3379518912888,-21.4446898795213,8.00528839205361));
#8437=CARTESIAN_POINT('Ctrl Pts',(-18.5959792241809,-18.6074945402329,4.99902916679065));
#8438=CARTESIAN_POINT('Ctrl Pts',(-18.8396180403972,-19.2460168153401,5.09084062060916));
#8439=CARTESIAN_POINT('Ctrl Pts',(-19.357535799013,-20.6252907018923,5.77492587436732));
#8440=CARTESIAN_POINT('Ctrl Pts',(-19.5757623117258,-21.232462463094,7.19132174115871));
#8441=CARTESIAN_POINT('Ctrl Pts',(-19.5752718600391,-21.2310979567389,8.00478254815752));
#8442=CARTESIAN_POINT('Ctrl Pts',(-19.6358353265887,-18.6081636632234,5.50129726122335));
#8443=CARTESIAN_POINT('Ctrl Pts',(-19.7089402689533,-19.161335380891,5.64397941200174));
#8444=CARTESIAN_POINT('Ctrl Pts',(-19.8482721404058,-20.2857607761127,6.29661682112346));
#8445=CARTESIAN_POINT('Ctrl Pts',(-19.8995490694332,-20.7564904836641,7.38226730880824));
#8446=CARTESIAN_POINT('Ctrl Pts',(-19.8994338052567,-20.7554325362839,8.00365331494285));
#8447=CARTESIAN_POINT('Ctrl Pts',(-20.0012937705569,-18.6095420467313,6.55457340443329));
#8448=CARTESIAN_POINT('Ctrl Pts',(-20.0002651421991,-18.9866320386985,6.59626761642477));
#8449=CARTESIAN_POINT('Ctrl Pts',(-20.0001283023427,-19.8186641018441,6.91841085306678));
#8450=CARTESIAN_POINT('Ctrl Pts',(-20.0003562447748,-20.1963646601531,7.60678993055263));
#8451=CARTESIAN_POINT('Ctrl Pts',(-20.0003557333401,-20.1955158806051,8.00232545429035));
#8452=CARTESIAN_POINT('Ctrl Pts',(-19.9999919663746,-18.6101312609779,7.00554285793094));
#8453=CARTESIAN_POINT('Ctrl Pts',(-20.0000030885039,-18.9119527977202,7.0046079203441));
#8454=CARTESIAN_POINT('Ctrl Pts',(-20.000001733117,-19.6183077608939,7.18556741056317));
#8455=CARTESIAN_POINT('Ctrl Pts',(-19.9999977922508,-19.955931749274,7.70314787839308));
#8456=CARTESIAN_POINT('Ctrl Pts',(-19.9999978010976,-19.9551730779985,8.00175557685347));
#8457=CARTESIAN_POINT('',(-20.,-19.9581284743405,8.));
#8458=CARTESIAN_POINT('Origin',(-18.,-19.9581284743405,8.));
#8459=CARTESIAN_POINT('',(-20.,-18.6124957447341,7.));
#8460=CARTESIAN_POINT('Origin',(-20.,-18.6124957447341,8.));
#8461=CARTESIAN_POINT('Origin',(-18.,-18.6124957447341,7.));
#8462=CARTESIAN_POINT('Origin',(-18.,-0.00123558134216828,7.));
#8463=CARTESIAN_POINT('',(-20.,18.6124957447341,7.));
#8464=CARTESIAN_POINT('',(-20.,-0.00123558134216828,7.));
#8465=CARTESIAN_POINT('Origin',(-18.,18.6124957447341,7.));
#8466=CARTESIAN_POINT('',(-18.,-0.00123558134216828,5.));
#8467=CARTESIAN_POINT('Ctrl Pts',(-19.9999994746534,18.6119017385793,7.00138824654201));
#8468=CARTESIAN_POINT('Ctrl Pts',(-20.0000051522904,18.9138277908784,7.00114945319843));
#8469=CARTESIAN_POINT('Ctrl Pts',(-20.0000002977863,19.4153513070066,7.1317027743867));
#8470=CARTESIAN_POINT('Ctrl Pts',(-20.0000021933409,19.865593705456,7.55216821303773));
#8471=CARTESIAN_POINT('Ctrl Pts',(-19.999999857983,19.9574787199538,7.85084324959006));
#8472=CARTESIAN_POINT('Ctrl Pts',(-19.9999998602832,19.9573881445159,8.00044133219164));
#8473=CARTESIAN_POINT('Ctrl Pts',(-20.0004481474437,18.6117042113376,6.40240229296142));
#8474=CARTESIAN_POINT('Ctrl Pts',(-19.997955708993,19.0140498646281,6.46070306756255));
#8475=CARTESIAN_POINT('Ctrl Pts',(-19.9999872112099,19.6342872163162,6.72399701240401));
#8476=CARTESIAN_POINT('Ctrl Pts',(-19.999123584738,20.1693959426891,7.35955988739522));
#8477=CARTESIAN_POINT('Ctrl Pts',(-20.0001214212521,20.2768871307946,7.78665047331349));
#8478=CARTESIAN_POINT('Ctrl Pts',(-20.0001204384341,20.2767811704447,8.00063126869806));
#8479=CARTESIAN_POINT('Ctrl Pts',(-19.4984453261673,18.6113649606606,5.36514161431893));
#8480=CARTESIAN_POINT('Ctrl Pts',(-19.6008298660559,19.186177847179,5.51662086754742));
#8481=CARTESIAN_POINT('Ctrl Pts',(-19.7385855662499,20.0159722595752,6.0115466086361));
#8482=CARTESIAN_POINT('Ctrl Pts',(-19.8440055910495,20.7002583018876,7.02146881474595));
#8483=CARTESIAN_POINT('Ctrl Pts',(-19.8638051405966,20.8352693526504,7.67450735793718));
#8484=CARTESIAN_POINT('Ctrl Pts',(-19.8637856220731,20.8351362626752,8.00096308519005));
#8485=CARTESIAN_POINT('Ctrl Pts',(-18.4481885655171,18.6112441178334,4.99983086844756));
#8486=CARTESIAN_POINT('Ctrl Pts',(-18.7064904294221,19.2474534898771,5.06757187927424));
#8487=CARTESIAN_POINT('Ctrl Pts',(-19.1069806580132,20.2464337947963,5.53217883331924));
#8488=CARTESIAN_POINT('Ctrl Pts',(-19.4481146150529,21.1105650368935,6.7514907292172));
#8489=CARTESIAN_POINT('Ctrl Pts',(-19.5161730815563,21.284470306227,7.58423502174216));
#8490=CARTESIAN_POINT('Ctrl Pts',(-19.5161059920234,21.2842988778548,8.0012301857901));
#8491=CARTESIAN_POINT('Ctrl Pts',(-17.9992557492591,18.6112446786838,5.00000035606843));
#8492=CARTESIAN_POINT('Ctrl Pts',(-18.2997736569376,19.2471463118487,4.99966774038665));
#8493=CARTESIAN_POINT('Ctrl Pts',(-18.7988570014573,20.3032152919348,5.39222602583166));
#8494=CARTESIAN_POINT('Ctrl Pts',(-19.2468649604438,21.2512057397861,6.6551326707122));
#8495=CARTESIAN_POINT('Ctrl Pts',(-19.3382905546387,21.4446631493851,7.55207248240827));
#8496=CARTESIAN_POINT('Ctrl Pts',(-19.3382004320711,21.4444724491917,8.00132534955538));
#8497=CARTESIAN_POINT('',(-20.,19.9581284743405,8.));
#8498=CARTESIAN_POINT('Origin',(-20.,18.6124957447341,8.));
#8499=CARTESIAN_POINT('Origin',(-18.,19.9581284743405,8.));
#8500=CARTESIAN_POINT('Origin',(19.,8.9,5.));
#8501=CARTESIAN_POINT('',(26.1912829960374,22.0637931034677,10.4206145913748));
#8502=CARTESIAN_POINT('Ctrl Pts',(26.191282996046,22.063793103463,10.420614591376));
#8503=CARTESIAN_POINT('Ctrl Pts',(24.9091105613205,22.7642344394343,10.2457898552669));
#8504=CARTESIAN_POINT('Ctrl Pts',(23.2252689497045,23.3809551691712,9.72318044957647));
#8505=CARTESIAN_POINT('Ctrl Pts',(20.8143646554944,23.8187092912492,8.97953145795428));
#8506=CARTESIAN_POINT('Ctrl Pts',(19.7360899061595,23.9,8.69999999999998));
#8507=CARTESIAN_POINT('Ctrl Pts',(19.,23.9,8.69999999999998));
#8508=CARTESIAN_POINT('Ctrl Pts',(27.5976845975246,21.1914531102506,11.));
#8509=CARTESIAN_POINT('Ctrl Pts',(27.5443219158772,21.2287794948502,10.9494719877185));
#8510=CARTESIAN_POINT('Ctrl Pts',(27.4875939497138,21.2679372567517,10.9034074741848));
#8511=CARTESIAN_POINT('Ctrl Pts',(27.4283860147393,21.3081549469108,10.8612080604834));
#8512=CARTESIAN_POINT('Ctrl Pts',(27.3722588580175,21.3462799820015,10.8212044172654));
#8513=CARTESIAN_POINT('Ctrl Pts',(27.3139030577968,21.385357235668,10.7846741114427));
#8514=CARTESIAN_POINT('Ctrl Pts',(27.2541018623198,21.4247675605757,10.7511073778174));
#8515=CARTESIAN_POINT('Ctrl Pts',(27.2361153476372,21.43662107591,10.7410114500958));
#8516=CARTESIAN_POINT('Ctrl Pts',(27.2179982857202,21.4485050074738,10.7311836180523));
#8517=CARTESIAN_POINT('Ctrl Pts',(27.1997725351775,21.4604032726401,10.7216100115218));
#8518=CARTESIAN_POINT('Ctrl Pts',(27.108839777228,21.5197666477641,10.6738449308298));
#8519=CARTESIAN_POINT('Ctrl Pts',(27.0151942004573,21.5794877649137,10.6324081786401));
#8520=CARTESIAN_POINT('Ctrl Pts',(26.9193050850959,21.6390975727943,10.5964740751505));
#8521=CARTESIAN_POINT('Ctrl Pts',(26.8248165804187,21.6978366860869,10.5610648455121));
#8522=CARTESIAN_POINT('Ctrl Pts',(26.728149660444,21.7564674670637,10.5309986889717));
#8523=CARTESIAN_POINT('Ctrl Pts',(26.6297841946629,21.8145806413864,10.5054855808588));
#8524=CARTESIAN_POINT('Ctrl Pts',(26.532700389268,21.8719366256439,10.4803048977463));
#8525=CARTESIAN_POINT('Ctrl Pts',(26.4339621382815,21.9287882374839,10.4595593874438));
#8526=CARTESIAN_POINT('Ctrl Pts',(26.3340596803214,21.9847838578054,10.4424895057225));
#8527=CARTESIAN_POINT('Ctrl Pts',(26.2867104412096,22.0113232450232,10.4343991551172));
#8528=CARTESIAN_POINT('Ctrl Pts',(26.2391000935493,22.0376709760874,10.4271344721856));
#8529=CARTESIAN_POINT('Ctrl Pts',(26.1912829960374,22.0637931034677,10.4206145913748));
#8530=CARTESIAN_POINT('Ctrl Pts',(26.287910257373,22.0105454901543,10.4333411435541));
#8531=CARTESIAN_POINT('Ctrl Pts',(24.9768606953006,22.7392916221876,10.2668186179772));
#8532=CARTESIAN_POINT('Ctrl Pts',(23.259921091599,23.374663290232,9.73386898268799));
#8533=CARTESIAN_POINT('Ctrl Pts',(20.7797125135999,23.8250011701884,8.96884292484276));
#8534=CARTESIAN_POINT('Ctrl Pts',(19.6637146106873,23.9053329459569,8.68129465308465));
#8535=CARTESIAN_POINT('Ctrl Pts',(18.8887806661217,23.8995876756501,8.70143631409805));
#8536=CARTESIAN_POINT('Ctrl Pts',(26.2765843142316,22.0168836421371,10.5466855185617));
#8537=CARTESIAN_POINT('Ctrl Pts',(24.9543559683667,22.7497186475122,10.3566247564803));
#8538=CARTESIAN_POINT('Ctrl Pts',(23.2400078642345,23.3795096885112,9.79646380237255));
#8539=CARTESIAN_POINT('Ctrl Pts',(20.7698995593277,23.8259349974275,9.001694964261));
#8540=CARTESIAN_POINT('Ctrl Pts',(19.6601384122151,23.9052673649514,8.70430215357374));
#8541=CARTESIAN_POINT('Ctrl Pts',(18.8893810267395,23.8995927263512,8.72513516308793));
#8542=CARTESIAN_POINT('Ctrl Pts',(26.2136995921444,21.9576271666792,10.775121079528));
#8543=CARTESIAN_POINT('Ctrl Pts',(24.8929691865311,22.7247942413143,10.5385669432249));
#8544=CARTESIAN_POINT('Ctrl Pts',(23.1943420092602,23.3661616213062,9.9230186933822));
#8545=CARTESIAN_POINT('Ctrl Pts',(20.7499547260433,23.8219008121828,9.06822363803425));
#8546=CARTESIAN_POINT('Ctrl Pts',(19.6527409152876,23.9019172410427,8.75080296964807));
#8547=CARTESIAN_POINT('Ctrl Pts',(18.890621156869,23.8961909386891,8.77304222602197));
#8548=CARTESIAN_POINT('Ctrl Pts',(26.0991274541637,21.7809179394337,10.8999879309544));
#8549=CARTESIAN_POINT('Ctrl Pts',(24.8145470353351,22.606153880692,10.6753362203583));
#8550=CARTESIAN_POINT('Ctrl Pts',(23.1424540430736,23.3075898223696,10.034477920195));
#8551=CARTESIAN_POINT('Ctrl Pts',(20.7298664569777,23.8043731521968,9.13282039361693));
#8552=CARTESIAN_POINT('Ctrl Pts',(19.6451744114698,23.8922411272044,8.79640454442884));
#8553=CARTESIAN_POINT('Ctrl Pts',(18.891888116197,23.8859547740386,8.81997250318257));
#8554=CARTESIAN_POINT('Ctrl Pts',(26.0413345292835,21.6820067422005,10.9214161063075));
#8555=CARTESIAN_POINT('Ctrl Pts',(24.7751464992713,22.5287170914777,10.7232314515385));
#8556=CARTESIAN_POINT('Ctrl Pts',(23.1162722299965,23.2681337574756,10.0837606674909));
#8557=CARTESIAN_POINT('Ctrl Pts',(20.7197506476007,23.7922404127981,9.16461832737857));
#8558=CARTESIAN_POINT('Ctrl Pts',(19.641349532692,23.8857808066836,8.81897806241884));
#8559=CARTESIAN_POINT('Ctrl Pts',(18.8925283615714,23.8790910048278,8.84318862707552));
#8560=CARTESIAN_POINT('Origin',(25.9515735628361,21.6250000000188,10.4206145913748));
#8561=CARTESIAN_POINT('Ctrl Pts',(28.,20.9,11.8729833462074));
#8562=CARTESIAN_POINT('Ctrl Pts',(28.,20.9,11.6105518153722));
#8563=CARTESIAN_POINT('Ctrl Pts',(27.7928449565582,21.0574233898035,11.1139693554743));
#8564=CARTESIAN_POINT('Ctrl Pts',(27.1178086734887,21.5260518003053,10.6178615553033));
#8565=CARTESIAN_POINT('Ctrl Pts',(26.5459479227692,21.8700422721647,10.4689732992512));
#8566=CARTESIAN_POINT('Ctrl Pts',(26.1912829960374,22.0637931034677,10.4206145913748));
#8567=CARTESIAN_POINT('Ctrl Pts',(27.9570999260805,20.9321750554397,11.8729833462074));
#8568=CARTESIAN_POINT('Ctrl Pts',(27.9570999260805,20.9321750554397,11.6261889640424));
#8569=CARTESIAN_POINT('Ctrl Pts',(27.7535003320597,21.0854733921379,11.159570103043));
#8570=CARTESIAN_POINT('Ctrl Pts',(27.0902215137998,21.5432276565515,10.7005740501005));
#8571=CARTESIAN_POINT('Ctrl Pts',(26.527952967772,21.8800863395025,10.5705515617691));
#8572=CARTESIAN_POINT('Ctrl Pts',(26.1791580123792,22.0704168925323,10.5322294162146));
#8573=CARTESIAN_POINT('Ctrl Pts',(27.8608611903517,20.9825835710549,11.8729833462074));
#8574=CARTESIAN_POINT('Ctrl Pts',(27.8608611903517,20.9825835710549,11.6574565505319));
#8575=CARTESIAN_POINT('Ctrl Pts',(27.6610290068951,21.1229710376108,11.2508920896081));
#8576=CARTESIAN_POINT('Ctrl Pts',(27.01005961187,21.539755404127,10.86597341317));
#8577=CARTESIAN_POINT('Ctrl Pts',(26.4588807654083,21.8439657254856,10.7735252738961));
#8578=CARTESIAN_POINT('Ctrl Pts',(26.1170691453035,22.0142432050076,10.7548534374483));
#8579=CARTESIAN_POINT('Ctrl Pts',(27.7536250923995,21.,11.8729833462074));
#8580=CARTESIAN_POINT('Ctrl Pts',(27.7536250923995,21.,11.6855241637884));
#8581=CARTESIAN_POINT('Ctrl Pts',(27.5534971087745,21.116031433621,11.3314333657937));
#8582=CARTESIAN_POINT('Ctrl Pts',(26.9015160119198,21.4590267603063,10.9912812311299));
#8583=CARTESIAN_POINT('Ctrl Pts',(26.3492815172523,21.7069175850536,10.9026134472782));
#8584=CARTESIAN_POINT('Ctrl Pts',(26.0068387142865,21.8448412586842,10.8802496019624));
#8585=CARTESIAN_POINT('Ctrl Pts',(27.7,21.,11.8729833462074));
#8586=CARTESIAN_POINT('Ctrl Pts',(27.7,21.,11.6980289923174));
#8587=CARTESIAN_POINT('Ctrl Pts',(27.4997501246729,21.1014506289844,11.3669740190521));
#8588=CARTESIAN_POINT('Ctrl Pts',(26.8472150510391,21.4034556046412,11.0362354856047));
#8589=CARTESIAN_POINT('Ctrl Pts',(26.2944163253436,21.6251383531728,10.9369766482366));
#8590=CARTESIAN_POINT('Ctrl Pts',(25.9515735628361,21.7500000000125,10.9047375096523));
#8591=CARTESIAN_POINT('Ctrl Pts',(25.9515735628361,21.7500000000125,10.9047375096523));
#8592=CARTESIAN_POINT('Ctrl Pts',(26.1628148805034,21.6730669517206,10.9246015373051));
#8593=CARTESIAN_POINT('Ctrl Pts',(26.3698181177393,21.5930406257633,10.9548357730902));
#8594=CARTESIAN_POINT('Ctrl Pts',(26.567893516387,21.5123292278488,11.0005857343079));
#8595=CARTESIAN_POINT('Origin',(-35.,21.3959166191352,10.5));
#8596=CARTESIAN_POINT('',(21.2759001296373,21.5972777460901,10.9576611154025));
#8597=CARTESIAN_POINT('Origin',(21.2759001296373,21.3959166191352,10.5));
#8598=CARTESIAN_POINT('',(16.,21.5972777460901,10.9576611154025));
#8599=CARTESIAN_POINT('',(-35.,21.5972777460901,10.9576611154025));
#8600=CARTESIAN_POINT('Origin',(16.,21.3959166191352,10.5));
#8601=CARTESIAN_POINT('Origin',(-35.,-21.,8.));
#8602=CARTESIAN_POINT('',(26.1315759127858,-21.7500000000041,10.9047375096545));
#8603=CARTESIAN_POINT('Ctrl Pts',(26.1315759127858,-21.7500000000082,10.9047375096534));
#8604=CARTESIAN_POINT('Ctrl Pts',(26.0103326183441,-21.8321851017803,10.8835174076219));
#8605=CARTESIAN_POINT('Ctrl Pts',(25.8882762069759,-21.9122141851721,10.8591351149061));
#8606=CARTESIAN_POINT('Ctrl Pts',(25.765504643177,-21.98999008849,10.8319462609117));
#8607=CARTESIAN_POINT('Ctrl Pts',(25.639454177189,-22.0698431794869,10.8040312648846));
#8608=CARTESIAN_POINT('Ctrl Pts',(25.5126498490231,-22.1473216078469,10.773158053796));
#8609=CARTESIAN_POINT('Ctrl Pts',(25.3851976837842,-22.222364416678,10.7396761182372));
#8610=CARTESIAN_POINT('Ctrl Pts',(25.2542559397625,-22.2994618614034,10.7052774634394));
#8611=CARTESIAN_POINT('Ctrl Pts',(25.1226303980917,-22.3739890033968,10.6681254732338));
#8612=CARTESIAN_POINT('Ctrl Pts',(24.9904360332426,-22.4459180894541,10.6285587074648));
#8613=CARTESIAN_POINT('Ctrl Pts',(24.85229187725,-22.521084552836,10.5872111245421));
#8614=CARTESIAN_POINT('Ctrl Pts',(24.7135265427308,-22.5934143233102,10.5432267646736));
#8615=CARTESIAN_POINT('Ctrl Pts',(24.5742712376334,-22.6629092887606,10.4969446724655));
#8616=CARTESIAN_POINT('Ctrl Pts',(24.4315510177115,-22.7341334101369,10.4495110010964));
#8617=CARTESIAN_POINT('Ctrl Pts',(24.2883161412253,-22.8023805370302,10.3996638511836));
#8618=CARTESIAN_POINT('Ctrl Pts',(24.1447078558848,-22.8676782273375,10.3477176233801));
#8619=CARTESIAN_POINT('Ctrl Pts',(23.995151313766,-22.9356805487046,10.2936197822424));
#8620=CARTESIAN_POINT('Ctrl Pts',(23.8451897889685,-23.0004846792028,10.2372454372309));
#8621=CARTESIAN_POINT('Ctrl Pts',(23.6949828176658,-23.0621392191387,10.1788946373999));
#8622=CARTESIAN_POINT('Ctrl Pts',(23.5751857668195,-23.1113115843862,10.1323571586553));
#8623=CARTESIAN_POINT('Ctrl Pts',(23.4552325922399,-23.1584810161225,10.0845613312476));
#8624=CARTESIAN_POINT('Ctrl Pts',(23.3352042272337,-23.2036756023074,10.0356359791955));
#8625=CARTESIAN_POINT('Ctrl Pts',(23.1859682317038,-23.2598678120531,9.97480516124867));
#8626=CARTESIAN_POINT('Ctrl Pts',(23.0366159998295,-23.3128843912294,9.91236387361734));
#8627=CARTESIAN_POINT('Ctrl Pts',(22.8870954860468,-23.3628279912292,9.84852478583977));
#8628=CARTESIAN_POINT('Ctrl Pts',(22.7343282521884,-23.4138560771277,9.78329948260151));
#8629=CARTESIAN_POINT('Ctrl Pts',(22.5813853488575,-23.4616769174899,9.71661461145596));
#8630=CARTESIAN_POINT('Ctrl Pts',(22.4282112659524,-23.5063865207089,9.64864386961189));
#8631=CARTESIAN_POINT('Ctrl Pts',(22.2709070371737,-23.552301661965,9.57884038247807));
#8632=CARTESIAN_POINT('Ctrl Pts',(22.1133589938123,-23.5949361651359,9.50768027417625));
#8633=CARTESIAN_POINT('Ctrl Pts',(21.9555070133239,-23.6343700382703,9.43530293020797));
#8634=CARTESIAN_POINT('Ctrl Pts',(21.9385608872155,-23.63860344342,9.42753289403559));
#8635=CARTESIAN_POINT('Ctrl Pts',(21.9216112582329,-23.642799933802,9.41974878831114));
#8636=CARTESIAN_POINT('Ctrl Pts',(21.9046580519886,-23.6469595878778,9.41195075698184));
#8637=CARTESIAN_POINT('Ctrl Pts',(21.6928237268182,-23.6989354502256,9.31451250957876));
#8638=CARTESIAN_POINT('Ctrl Pts',(21.4804308804377,-23.745166138404,9.2148863257356));
#8639=CARTESIAN_POINT('Ctrl Pts',(21.2676764792825,-23.7856372607528,9.11365391909049));
#8640=CARTESIAN_POINT('Ctrl Pts',(21.038858682387,-23.8291640362435,9.00477825711972));
#8641=CARTESIAN_POINT('Ctrl Pts',(20.8096226733904,-23.8660290669968,8.89404475396814));
#8642=CARTESIAN_POINT('Ctrl Pts',(20.5802134860761,-23.8962518539217,8.78212863306177));
#8643=CARTESIAN_POINT('Ctrl Pts',(20.3382052197402,-23.9281344666155,8.66406611467414));
#8644=CARTESIAN_POINT('Ctrl Pts',(20.0960042309559,-23.9526257488823,8.54468717590116));
#8645=CARTESIAN_POINT('Ctrl Pts',(19.8538981828176,-23.9697812252176,8.42473459282827));
#8646=CARTESIAN_POINT('Ctrl Pts',(19.5735641235315,-23.9896455134377,8.28584176138825));
#8647=CARTESIAN_POINT('Ctrl Pts',(19.2933573537617,-23.9996745739109,8.14617971047224));
#8648=CARTESIAN_POINT('Ctrl Pts',(19.0137244489421,-23.9999922056729,8.00683855994064));
#8649=CARTESIAN_POINT('Ctrl Pts',(19.0091499383695,-23.9999974018062,8.00455908011077));
#8650=CARTESIAN_POINT('Ctrl Pts',(19.0045748507977,-24.,8.00227952407445));
#8651=CARTESIAN_POINT('Ctrl Pts',(19.,-24.,8.));
#8652=CARTESIAN_POINT('',(-35.,-21.75,10.9047375096556));
#8653=CARTESIAN_POINT('',(-35.,-24.,8.));
#8654=CARTESIAN_POINT('',(1.12089824601578E-15,-21.,5.));
#8655=CARTESIAN_POINT('Origin',(-35.,-21.3959166191352,10.5));
#8656=CARTESIAN_POINT('',(21.2759001296373,-21.5972777460901,10.9576611154025));
#8657=CARTESIAN_POINT('',(-35.,-21.5972777460901,10.9576611154025));
#8658=CARTESIAN_POINT('Origin',(21.2759001296373,-21.3959166191351,10.5));
#8659=CARTESIAN_POINT('Ctrl Pts',(19.,-24.,8.));
#8660=CARTESIAN_POINT('Ctrl Pts',(19.0047331477339,-24.,8.00189829221348));
#8661=CARTESIAN_POINT('Ctrl Pts',(19.0094665485377,-23.9999976030204,8.00379659905467));
#8662=CARTESIAN_POINT('Ctrl Pts',(20.0104359074279,-23.9990956091143,8.40527043636366));
#8663=CARTESIAN_POINT('Ctrl Pts',(21.5153531004592,-23.8477192300897,9.01033854283094));
#8664=CARTESIAN_POINT('Ctrl Pts',(24.1344534925663,-23.17451801051,9.93801465322851));
#8665=CARTESIAN_POINT('Ctrl Pts',(25.7545095625595,-22.4516650438713,10.37097092226));
#8666=CARTESIAN_POINT('Ctrl Pts',(26.8147279578728,-21.8032748401466,10.4695904315071));
#8667=CARTESIAN_POINT('Ctrl Pts',(19.,-24.,8.));
#8668=CARTESIAN_POINT('Ctrl Pts',(19.0046780484108,-24.,8.0020312292832));
#8669=CARTESIAN_POINT('Ctrl Pts',(19.0093555221137,-23.9999987867604,8.00406365670399));
#8670=CARTESIAN_POINT('Ctrl Pts',(19.9986631469839,-23.9989516377409,8.43369825823781));
#8671=CARTESIAN_POINT('Ctrl Pts',(21.4858386902616,-23.8517932988996,9.08124126850094));
#8672=CARTESIAN_POINT('Ctrl Pts',(24.0879407524497,-23.1908606765962,10.0898920864898));
#8673=CARTESIAN_POINT('Ctrl Pts',(25.7136971712079,-22.4745014849745,10.580918730261));
#8674=CARTESIAN_POINT('Ctrl Pts',(26.7981201896975,-21.8155476570457,10.7222116416816));
#8675=CARTESIAN_POINT('Ctrl Pts',(19.,-24.,8.));
#8676=CARTESIAN_POINT('Ctrl Pts',(19.0046226134626,-24.,8.00216448394846));
#8677=CARTESIAN_POINT('Ctrl Pts',(19.0092448823025,-24.0000000460884,8.00433036590865));
#8678=CARTESIAN_POINT('Ctrl Pts',(19.9868327012675,-23.9986854869881,8.4621676460279));
#8679=CARTESIAN_POINT('Ctrl Pts',(21.4564369720013,-23.8431786832771,9.15245326216031));
#8680=CARTESIAN_POINT('Ctrl Pts',(24.0203821438574,-23.1370529024899,10.2411199572069));
#8681=CARTESIAN_POINT('Ctrl Pts',(25.6140800439765,-22.363800534844,10.7869666655139));
#8682=CARTESIAN_POINT('Ctrl Pts',(26.6686120428913,-21.6395367757964,10.9581386912207));
#8683=CARTESIAN_POINT('Ctrl Pts',(19.,-24.,8.));
#8684=CARTESIAN_POINT('Ctrl Pts',(19.004567041531,-24.,8.00229833138269));
#8685=CARTESIAN_POINT('Ctrl Pts',(19.0091344114418,-23.9999968069644,8.00459648434669));
#8686=CARTESIAN_POINT('Ctrl Pts',(19.9749763178351,-23.9989881126112,8.49066601372446));
#8687=CARTESIAN_POINT('Ctrl Pts',(21.4271035722512,-23.8202754940117,9.22318997384528));
#8688=CARTESIAN_POINT('Ctrl Pts',(23.9534525914041,-23.0276119712285,10.341906917964));
#8689=CARTESIAN_POINT('Ctrl Pts',(25.5150530565901,-22.1786644778454,10.8585871721011));
#8690=CARTESIAN_POINT('Ctrl Pts',(26.53538715464,-21.421593045152,10.9695597336477));
#8691=CARTESIAN_POINT('',(26.3774923235716,-22.0603448275933,10.4206145913779));
#8692=CARTESIAN_POINT('Origin',(26.1315759127858,-21.6250000000068,10.4206145913779));
#8693=CARTESIAN_POINT('Ctrl Pts',(19.,-24.,8.));
#8694=CARTESIAN_POINT('Ctrl Pts',(19.004732604273,-24.,8.00189960339521));
#8695=CARTESIAN_POINT('Ctrl Pts',(19.0094654536429,-23.9999977599804,8.00379923305928));
#8696=CARTESIAN_POINT('Ctrl Pts',(19.0141977057433,-23.9999932808369,8.0056988000879));
#8697=CARTESIAN_POINT('Ctrl Pts',(19.3692480358789,-23.9996572206789,8.14821908140759));
#8698=CARTESIAN_POINT('Ctrl Pts',(19.7251870690581,-23.9867105744137,8.29122289396383));
#8699=CARTESIAN_POINT('Ctrl Pts',(20.0811762496325,-23.9609845236612,8.43289863107976));
#8700=CARTESIAN_POINT('Ctrl Pts',(20.4324505717172,-23.9355991986819,8.57269795989908));
#8701=CARTESIAN_POINT('Ctrl Pts',(20.7837736089975,-23.8977706327186,8.71120415940565));
#8702=CARTESIAN_POINT('Ctrl Pts',(21.1343145151166,-23.847380292515,8.84667665464903));
#8703=CARTESIAN_POINT('Ctrl Pts',(21.4251984714063,-23.8055656533064,8.95909370697289));
#8704=CARTESIAN_POINT('Ctrl Pts',(21.715543389488,-23.755101789507,9.06942177406959));
#8705=CARTESIAN_POINT('Ctrl Pts',(22.0048619246336,-23.6959451827328,9.1766662846469));
#8706=CARTESIAN_POINT('Ctrl Pts',(22.210490059385,-23.6539006496956,9.25288846191335));
#8707=CARTESIAN_POINT('Ctrl Pts',(22.4155986256119,-23.6074705292891,9.32755300858066));
#8708=CARTESIAN_POINT('Ctrl Pts',(22.6203337236157,-23.5565512306195,9.40036035574463));
#8709=CARTESIAN_POINT('Ctrl Pts',(22.8235219949272,-23.5060166404396,9.47261762454355));
#8710=CARTESIAN_POINT('Ctrl Pts',(23.0263427845521,-23.4510603241086,9.54304565107311));
#8711=CARTESIAN_POINT('Ctrl Pts',(23.2289193984264,-23.3915336473085,9.61135160522042));
#8712=CARTESIAN_POINT('Ctrl Pts',(23.314239356393,-23.3664625718998,9.64012028204474));
#8713=CARTESIAN_POINT('Ctrl Pts',(23.3995157306294,-23.3405802041299,9.66851253006849));
#8714=CARTESIAN_POINT('Ctrl Pts',(23.4847564440544,-23.3138729782513,9.69650647168998));
#8715=CARTESIAN_POINT('Ctrl Pts',(23.7116113088648,-23.2427958617805,9.77100798143677));
#8716=CARTESIAN_POINT('Ctrl Pts',(23.938196249635,-23.1658766552798,9.8426883856726));
#8717=CARTESIAN_POINT('Ctrl Pts',(24.1640014982793,-23.0830780913041,9.91049667651125));
#8718=CARTESIAN_POINT('Ctrl Pts',(24.3889067988949,-23.0006095214488,9.97803471704334));
#8719=CARTESIAN_POINT('Ctrl Pts',(24.6130382631178,-22.9123083551445,10.04173144733));
#8720=CARTESIAN_POINT('Ctrl Pts',(24.8358923594703,-22.8181894750606,10.1005483758608));
#8721=CARTESIAN_POINT('Ctrl Pts',(25.0582939119578,-22.7242617196742,10.1592458664249));
#8722=CARTESIAN_POINT('Ctrl Pts',(25.2794229301198,-22.6245398709635,10.2130833536769));
#8723=CARTESIAN_POINT('Ctrl Pts',(25.4987843163269,-22.5190902952034,10.261028659779));
#8724=CARTESIAN_POINT('Ctrl Pts',(25.7176624400474,-22.4138730293548,10.3088683403276));
#8725=CARTESIAN_POINT('Ctrl Pts',(25.9347803660805,-22.3029533066992,10.3508417725819));
#8726=CARTESIAN_POINT('Ctrl Pts',(26.1496568166379,-22.1864478690928,10.3859235854816));
#8727=CARTESIAN_POINT('Ctrl Pts',(26.2258910136133,-22.1451138910969,10.3983699649146));
#8728=CARTESIAN_POINT('Ctrl Pts',(26.3018431979083,-22.103077301447,10.4099488966494));
#8729=CARTESIAN_POINT('Ctrl Pts',(26.3774923235716,-22.0603448275933,10.4206145913779));
#8730=CARTESIAN_POINT('Origin',(8.56875984524735,-5.50284187303442,7.29671176644976));
#8731=CARTESIAN_POINT('',(8.56875984524735,-4.50284187303442,4.));
#8732=CARTESIAN_POINT('Origin',(8.56875984524735,-5.50284187303442,4.));
#8733=CARTESIAN_POINT('',(8.56875984524735,-4.50284187303442,7.29671176644976));
#8734=CARTESIAN_POINT('Origin',(17.022844897043,0.,-1.));
#8735=CARTESIAN_POINT('',(16.0400275787574,-11.2923258870239,-0.175318350711956));
#8736=CARTESIAN_POINT('Origin',(16.378358613861,-10.3512987297719,-0.459211797483172));
#8737=CARTESIAN_POINT('Origin',(20.099999999552,-1.18547838212635E-9,-3.58203971159071));
#8738=CARTESIAN_POINT('Origin',(16.378358613861,-10.3512987297719,5.));
#8739=CARTESIAN_POINT('',(16.0400275787574,-11.2923258870239,4.));
#8740=CARTESIAN_POINT('Origin',(16.378358613861,-10.3512987297719,4.));
#8741=CARTESIAN_POINT('',(16.0400275787574,-11.2923258870239,5.));
#8742=CARTESIAN_POINT('Origin',(12.4039717952472,7.85892525102841,14.5934235328995));
#8743=CARTESIAN_POINT('',(15.6786952733476,11.0657714094047,4.));
#8744=CARTESIAN_POINT('',(9.26842318576072,4.78836919340162,4.));
#8745=CARTESIAN_POINT('',(7.27373613533333,2.83502731656731,4.));
#8746=CARTESIAN_POINT('',(15.6786952733476,11.0657714094047,5.));
#8747=CARTESIAN_POINT('',(9.26842318576072,4.78836919340162,7.29671176644976));
#8748=CARTESIAN_POINT('Origin',(8.56875984524735,5.50284187303442,7.29671176644976));
#8749=CARTESIAN_POINT('Origin',(8.56875984524735,5.50284187303442,4.));
#8750=CARTESIAN_POINT('Origin',(20.1,0.,5.));
#8751=CARTESIAN_POINT('',(31.0846153846154,-4.83096520915552,4.));
#8752=CARTESIAN_POINT('Origin',(20.1,0.,4.));
#8753=CARTESIAN_POINT('',(16.0400275787574,11.2923258870239,4.));
#8754=CARTESIAN_POINT('',(16.0400275787574,11.2923258870239,5.));
#8755=CARTESIAN_POINT('',(31.0846153846099,4.83096520916809,4.));
#8756=CARTESIAN_POINT('Origin',(20.1,0.,4.));
#8757=CARTESIAN_POINT('Ctrl Pts',(31.0846153846154,-4.83096520915552,4.));
#8758=CARTESIAN_POINT('Ctrl Pts',(31.4662428470941,-3.96322331617088,4.));
#8759=CARTESIAN_POINT('Ctrl Pts',(32.0215945857249,-2.14272662362123,4.15932900572672));
#8760=CARTESIAN_POINT('Ctrl Pts',(32.2199697624512,1.19476322508219,4.27197940595967));
#8761=CARTESIAN_POINT('Ctrl Pts',(31.6570565783294,3.52935236969178,3.99999999999876));
#8762=CARTESIAN_POINT('Ctrl Pts',(31.0846153846099,4.83096520916809,4.));
#8763=CARTESIAN_POINT('Origin',(16.378358613861,10.3512987297719,5.));
#8764=CARTESIAN_POINT('Origin',(16.378358613861,10.3512987297719,4.));
#8765=CARTESIAN_POINT('Origin',(32.,0.,7.));
#8766=CARTESIAN_POINT('',(31.999999999998,5.23354564326542,5.));
#8767=CARTESIAN_POINT('',(32.,-5.23354564325182,5.));
#8768=CARTESIAN_POINT('Ctrl Pts',(31.999999999996,5.23354564326542,5.));
#8769=CARTESIAN_POINT('Ctrl Pts',(32.4134297510155,3.8234650671665,4.99999999999917));
#8770=CARTESIAN_POINT('Ctrl Pts',(32.8199781617704,1.29432682717233,5.18131960397311));
#8771=CARTESIAN_POINT('Ctrl Pts',(32.6767072008013,-2.32128717558956,5.10621933715115));
#8772=CARTESIAN_POINT('Ctrl Pts',(32.2756198340124,-4.29349192585178,5.));
#8773=CARTESIAN_POINT('Ctrl Pts',(32.,-5.23354564325182,5.));
#8774=CARTESIAN_POINT('',(32.,0.,5.));
#8775=CARTESIAN_POINT('',(32.,0.,5.));
#8776=CARTESIAN_POINT('Origin',(20.1,-4.50284187303442,0.));
#8777=CARTESIAN_POINT('',(10.05,-4.50284187303442,4.));
#8778=CARTESIAN_POINT('Origin',(8.56875984524735,5.50284187303442,4.));
#8779=CARTESIAN_POINT('',(8.56875984524735,5.50284187303442,5.));
#8780=CARTESIAN_POINT('Origin',(8.56875984524735,5.50284187303442,4.));
#8781=CARTESIAN_POINT('Origin',(8.56875984524735,5.50284187303442,4.));
#8782=CARTESIAN_POINT('Origin',(10.05,5.50284187303442,4.));
#8783=CARTESIAN_POINT('',(10.05,5.50284187303442,5.));
#8784=CARTESIAN_POINT('Origin',(8.56875984524735,-5.50284187303442,4.));
#8785=CARTESIAN_POINT('',(8.56875984524735,-5.50284187303442,5.));
#8786=CARTESIAN_POINT('Origin',(8.56875984524735,-5.50284187303442,4.));
#8787=CARTESIAN_POINT('Origin',(8.56875984524735,-5.50284187303442,4.));
#8788=CARTESIAN_POINT('Origin',(6.57407279481996,3.54949999620012,4.));
#8789=CARTESIAN_POINT('',(14.9790319328342,11.7802440890375,5.));
#8790=CARTESIAN_POINT('',(6.57407279481996,3.54949999620012,5.));
#8791=CARTESIAN_POINT('Origin',(14.9790319328342,11.7802440890375,4.));
#8792=CARTESIAN_POINT('Origin',(16.378358613861,10.3512987297719,4.));
#8793=CARTESIAN_POINT('',(15.7016965436539,12.2333530442759,5.));
#8794=CARTESIAN_POINT('Origin',(16.378358613861,10.3512987297719,5.));
#8795=CARTESIAN_POINT('Origin',(15.7016965436539,12.2333530442759,4.));
#8796=CARTESIAN_POINT('Origin',(20.1,0.,4.));
#8797=CARTESIAN_POINT('Origin',(20.1,0.,5.));
#8798=CARTESIAN_POINT('Origin',(31.999999999994,5.23354564326543,4.));
#8799=CARTESIAN_POINT('Ctrl Pts',(31.0846153846099,4.83096520916809,4.));
#8800=CARTESIAN_POINT('Ctrl Pts',(31.6570565783294,3.52935236969178,3.99999999999876));
#8801=CARTESIAN_POINT('Ctrl Pts',(32.2199697624512,1.19476322508219,4.27197940595967));
#8802=CARTESIAN_POINT('Ctrl Pts',(32.0215945857249,-2.14272662362123,4.15932900572672));
#8803=CARTESIAN_POINT('Ctrl Pts',(31.4662428470941,-3.96322331617088,4.));
#8804=CARTESIAN_POINT('Ctrl Pts',(31.0846153846154,-4.83096520915552,4.));
#8805=CARTESIAN_POINT('Ctrl Pts',(31.08461538461,4.83096520916787,4.29919930034223));
#8806=CARTESIAN_POINT('Ctrl Pts',(31.6481963306942,3.55318801685496,4.26237552001721));
#8807=CARTESIAN_POINT('Ctrl Pts',(32.2239980275919,1.20506730872971,4.48940367930023));
#8808=CARTESIAN_POINT('Ctrl Pts',(32.0202096750519,-2.16061645483124,4.39302033454769));
#8809=CARTESIAN_POINT('Ctrl Pts',(31.4603360153373,-3.97911374761292,4.27465011345939));
#8810=CARTESIAN_POINT('Ctrl Pts',(31.0846153846154,-4.83096520915552,4.29919930034188));
#8811=CARTESIAN_POINT('Ctrl Pts',(31.3145207735869,4.93207616268373,4.81716637237335));
#8812=CARTESIAN_POINT('Ctrl Pts',(31.8125257500865,3.63934255079157,4.72172537601059));
#8813=CARTESIAN_POINT('Ctrl Pts',(32.3575629054273,1.23548770068664,4.87059791341642));
#8814=CARTESIAN_POINT('Ctrl Pts',(32.1634037963927,-2.21423121088073,4.80260631711008));
#8815=CARTESIAN_POINT('Ctrl Pts',(31.6465240912576,-4.07025375474224,4.7535390414648));
#8816=CARTESIAN_POINT('Ctrl Pts',(31.3145207735917,-4.93207616267125,4.81716637237243));
#8817=CARTESIAN_POINT('Ctrl Pts',(31.7945881726458,5.14320680510538,5.00000000000041));
#8818=CARTESIAN_POINT('Ctrl Pts',(32.2216974187111,3.76820478455308,4.95713725343473));
#8819=CARTESIAN_POINT('Ctrl Pts',(32.6698886425748,1.27669974695225,5.11363016488535));
#8820=CARTESIAN_POINT('Ctrl Pts',(32.5107481095198,-2.2891792243708,5.04587381911184));
#8821=CARTESIAN_POINT('Ctrl Pts',(32.0793276700263,-4.22653879138976,4.97142483562355));
#8822=CARTESIAN_POINT('Ctrl Pts',(31.7945881726499,-5.14320680509211,5.));
#8823=CARTESIAN_POINT('Ctrl Pts',(31.999999999996,5.23354564326542,5.));
#8824=CARTESIAN_POINT('Ctrl Pts',(32.4134297510155,3.8234650671665,4.99999999999917));
#8825=CARTESIAN_POINT('Ctrl Pts',(32.8199781617704,1.29432682717233,5.18131960397311));
#8826=CARTESIAN_POINT('Ctrl Pts',(32.6767072008013,-2.32128717558956,5.10621933715115));
#8827=CARTESIAN_POINT('Ctrl Pts',(32.2756198340124,-4.29349192585178,5.));
#8828=CARTESIAN_POINT('Ctrl Pts',(32.,-5.23354564325182,5.));
#8829=CARTESIAN_POINT('Origin',(32.,-5.23354564325182,4.));
#8830=CARTESIAN_POINT('Origin',(20.1,0.,4.));
#8831=CARTESIAN_POINT('',(15.7016965436539,-12.2333530442759,5.));
#8832=CARTESIAN_POINT('Origin',(20.1,0.,5.));
#8833=CARTESIAN_POINT('Origin',(15.7016965436539,-12.2333530442759,4.));
#8834=CARTESIAN_POINT('Origin',(16.378358613861,-10.3512987297719,4.));
#8835=CARTESIAN_POINT('',(14.9790319328343,-11.7802440890375,5.));
#8836=CARTESIAN_POINT('Origin',(16.378358613861,-10.3512987297719,5.));
#8837=CARTESIAN_POINT('Origin',(14.9790319328343,-11.7802440890375,4.));
#8838=CARTESIAN_POINT('Origin',(6.57407279481996,-3.54949999620012,4.));
#8839=CARTESIAN_POINT('',(6.57407279481996,-3.54949999620012,5.));
#8840=CARTESIAN_POINT('Origin',(10.05,-5.50284187303442,4.));
#8841=CARTESIAN_POINT('',(10.05,-5.50284187303442,5.));
#8842=CARTESIAN_POINT('Origin',(2.86776695296637,4.16333634234434E-16,5.));
#8843=CARTESIAN_POINT('',(1.98388347648318,0.883883476483185,5.));
#8844=CARTESIAN_POINT('',(1.98388347648318,0.883883476483185,5.));
#8845=CARTESIAN_POINT('',(2.86776695296637,4.16333634234434E-16,5.));
#8846=CARTESIAN_POINT('',(2.15082521472478,0.716941738241593,5.));
#8847=CARTESIAN_POINT('',(2.86776695296637,4.16333634234434E-16,5.));
#8848=CARTESIAN_POINT('Origin',(1.1,0.,5.));
#8849=CARTESIAN_POINT('',(1.98388347648319,-0.883883476483184,5.));
#8850=CARTESIAN_POINT('',(1.98388347648319,-0.883883476483184,5.));
#8851=CARTESIAN_POINT('Origin',(1.1,0.,5.));
#8852=CARTESIAN_POINT('Origin',(1.98388347648319,-0.883883476483184,5.));
#8853=CARTESIAN_POINT('',(1.70888347648318,-1.15888347648318,5.));
#8854=CARTESIAN_POINT('Origin',(34.,-17.,10.));
#8855=CARTESIAN_POINT('',(19.7243489741657,-17.8077399120723,10.9626269420939));
#8856=CARTESIAN_POINT('Origin',(20.099869790897,-18.9999999995538,12.3835071846567));
#8857=CARTESIAN_POINT('Origin',(19.,-9.,0.465971259246303));
#8858=CARTESIAN_POINT('',(24.648416803179,-12.8836720830589,5.09435141668965));
#8859=CARTESIAN_POINT('Origin',(24.648416803179,-11.351583196821,6.37992663606273));
#8860=CARTESIAN_POINT('Ctrl Pts',(19.7243489741657,-17.8077399120723,10.9626269420939));
#8861=CARTESIAN_POINT('Ctrl Pts',(19.721944112604,-17.8084973605412,10.9635296340278));
#8862=CARTESIAN_POINT('Ctrl Pts',(19.7195431474372,-17.8092613400498,10.9644421323583));
#8863=CARTESIAN_POINT('Ctrl Pts',(19.6902830421252,-17.8186749939009,10.975716911135));
#8864=CARTESIAN_POINT('Ctrl Pts',(19.6639343728488,-17.8281510882268,10.9873239653793));
#8865=CARTESIAN_POINT('Ctrl Pts',(19.638155224503,-17.8383978046611,11.));
#8866=CARTESIAN_POINT('Origin',(21.8676367438633,-18.9999999995538,5.));
#8867=CARTESIAN_POINT('',(20.9837532673802,-18.1161165230706,5.));
#8868=CARTESIAN_POINT('',(20.9837532673802,-18.1161165230706,5.));
#8869=CARTESIAN_POINT('',(21.8676367438633,-18.9999999995538,5.));
#8870=CARTESIAN_POINT('',(11.650727558009,-8.78309081369954,5.));
#8871=CARTESIAN_POINT('',(21.8676367438633,-18.9999999995538,5.));
#8872=CARTESIAN_POINT('Origin',(20.099869790897,-18.9999999995538,5.));
#8873=CARTESIAN_POINT('',(20.9837532673802,-19.883883476037,5.));
#8874=CARTESIAN_POINT('',(20.9837532673802,-19.883883476037,5.));
#8875=CARTESIAN_POINT('Origin',(20.099869790897,-18.9999999995538,5.));
#8876=CARTESIAN_POINT('Origin',(20.9837532673802,-19.883883476037,5.));
#8877=CARTESIAN_POINT('',(20.7087858195444,-20.1588509238728,5.));
#8878=CARTESIAN_POINT('Origin',(0.,0.,5.));
#8879=CARTESIAN_POINT('',(21.8676367438633,18.9999999995538,5.));
#8880=CARTESIAN_POINT('',(20.9837532673802,18.1161165230707,5.));
#8881=CARTESIAN_POINT('',(11.2087858197674,8.34114907545796,5.));
#8882=CARTESIAN_POINT('',(20.9837532673801,19.883883476037,5.));
#8883=CARTESIAN_POINT('',(21.1507275577859,19.7169091856312,5.));
#8884=CARTESIAN_POINT('Origin',(20.099869790897,18.9999999995538,5.));
#8885=CARTESIAN_POINT('Origin',(20.099869790897,18.9999999995538,5.));
#8886=CARTESIAN_POINT('',(20.9837532673802,18.1161165230707,5.));
#8887=CARTESIAN_POINT('',(20.9837532673801,19.883883476037,5.));
#8888=CARTESIAN_POINT('Origin',(-35.,22.,11.8729833462074));
#8889=CARTESIAN_POINT('Origin',(16.,22.,11.8729833462074));
#8890=CARTESIAN_POINT('Ctrl Pts',(21.8429929528191,21.5124252054829,11.000898896742));
#8891=CARTESIAN_POINT('Ctrl Pts',(21.6631749923468,21.5621263171346,10.9728979553622));
#8892=CARTESIAN_POINT('Ctrl Pts',(21.4740760768993,21.5972777460901,10.9576611154025));
#8893=CARTESIAN_POINT('Ctrl Pts',(21.2759001296373,21.5972777460901,10.9576611154025));
#8894=CARTESIAN_POINT('Ctrl Pts',(22.8788964062789,21.1505156644354,11.3453692991781));
#8895=CARTESIAN_POINT('Ctrl Pts',(22.6871561745587,21.2168680597901,11.2385702009268));
#8896=CARTESIAN_POINT('Ctrl Pts',(22.2062044108077,21.3976497797891,11.0439728060708));
#8897=CARTESIAN_POINT('Ctrl Pts',(21.6306949631521,21.598034924447,10.9573333224462));
#8898=CARTESIAN_POINT('Ctrl Pts',(21.2723446662194,21.597273972268,10.9576627498344));
#8899=CARTESIAN_POINT('Ctrl Pts',(22.8018286543905,21.1091796803947,11.4119277727413));
#8900=CARTESIAN_POINT('Ctrl Pts',(22.6235014658961,21.1689637723517,11.29661126061));
#8901=CARTESIAN_POINT('Ctrl Pts',(22.1695297755517,21.3462803726493,11.0761461836959));
#8902=CARTESIAN_POINT('Ctrl Pts',(21.6167845482176,21.5619601795803,10.9731690676191));
#8903=CARTESIAN_POINT('Ctrl Pts',(21.2724840688952,21.5611412087588,10.9735605763119));
#8904=CARTESIAN_POINT('Ctrl Pts',(22.6673419044694,20.9810916032142,11.4933252266201));
#8905=CARTESIAN_POINT('Ctrl Pts',(22.5120487984187,21.0469837062066,11.3644965804819));
#8906=CARTESIAN_POINT('Ctrl Pts',(22.1050993760001,21.2476067111085,11.1127398001061));
#8907=CARTESIAN_POINT('Ctrl Pts',(21.5924357524616,21.4955184386039,10.993407409553));
#8908=CARTESIAN_POINT('Ctrl Pts',(21.2727280838363,21.4945770894832,10.9938610859812));
#8909=CARTESIAN_POINT('Ctrl Pts',(22.5816377159003,20.8022219685855,11.4847982265114));
#8910=CARTESIAN_POINT('Ctrl Pts',(22.4309276158216,20.891705262924,11.3548433366446));
#8911=CARTESIAN_POINT('Ctrl Pts',(22.044704566607,21.1417670697912,11.11118518269));
#8912=CARTESIAN_POINT('Ctrl Pts',(21.5692706790704,21.4265499257756,10.9995821537447));
#8913=CARTESIAN_POINT('Ctrl Pts',(21.2729602185697,21.4254685023294,11.000006474279));
#8914=CARTESIAN_POINT('Ctrl Pts',(22.5582389522258,20.7255829657625,11.4652011334086));
#8915=CARTESIAN_POINT('Ctrl Pts',(22.4048400919608,20.8251365945542,11.3370466868511));
#8916=CARTESIAN_POINT('Ctrl Pts',(22.0200823390943,21.0963617885194,11.1035550740791));
#8917=CARTESIAN_POINT('Ctrl Pts',(21.5597122326048,21.3969788706258,10.9996067149174));
#8918=CARTESIAN_POINT('Ctrl Pts',(21.2730559970237,21.3958372928089,11.0000019555221));
#8919=CARTESIAN_POINT('Origin',(16.,24.,38.));
#8920=CARTESIAN_POINT('',(16.,24.,38.));
#8921=CARTESIAN_POINT('Origin',(21.8676367438633,18.9999999995538,5.));
#8922=CARTESIAN_POINT('',(21.8676367438633,18.9999999995538,5.));
#8923=CARTESIAN_POINT('Origin',(-35.,24.,11.));
#8924=CARTESIAN_POINT('',(-16.5,24.,38.));
#8925=CARTESIAN_POINT('Origin',(-13.,24.,12.8750000000001));
#8926=CARTESIAN_POINT('Origin',(11.9,24.,12.8750000000001));
#8927=CARTESIAN_POINT('Origin',(20.9837532673802,18.1161165230707,5.));
#8928=CARTESIAN_POINT('Origin',(11.9,9.70673426229027,12.8750000000001));
#8929=CARTESIAN_POINT('Origin',(11.9,18.2,12.8750000000001));
#8930=CARTESIAN_POINT('Origin',(-25.3849001186336,18.2,38.));
#8931=CARTESIAN_POINT('Origin',(-13.,9.70673426229027,12.8750000000001));
#8932=CARTESIAN_POINT('Origin',(-13.,18.2,12.8750000000001));
#8933=CARTESIAN_POINT('Origin',(-25.3849001186336,18.2,38.));
#8934=CARTESIAN_POINT('Origin',(-35.,-24.,11.));
#8935=CARTESIAN_POINT('',(-16.5,-24.,38.));
#8936=CARTESIAN_POINT('Ctrl Pts',(22.5582387044622,-20.7255831531963,11.4652009216249));
#8937=CARTESIAN_POINT('Ctrl Pts',(22.4048362931528,-20.8251393271346,11.3370437427509));
#8938=CARTESIAN_POINT('Ctrl Pts',(22.0200372742265,-21.0963537211073,11.1035689600606));
#8939=CARTESIAN_POINT('Ctrl Pts',(21.5597193430808,-21.3969787399998,10.999606721464));
#8940=CARTESIAN_POINT('Ctrl Pts',(21.273056356729,-21.3958373036993,11.0000019551793));
#8941=CARTESIAN_POINT('Ctrl Pts',(22.5894288432242,-20.8277492739718,11.4913272881323));
#8942=CARTESIAN_POINT('Ctrl Pts',(22.4397124071623,-20.9137684078614,11.3606549464691));
#8943=CARTESIAN_POINT('Ctrl Pts',(22.0529729224967,-21.1567487646741,11.113543511714));
#8944=CARTESIAN_POINT('Ctrl Pts',(21.572460626501,-21.4363991605142,10.9995747481381));
#8945=CARTESIAN_POINT('Ctrl Pts',(21.2729287024341,-21.4353373957372,11.0000079919601));
#8946=CARTESIAN_POINT('Ctrl Pts',(22.6860974426616,-21.0059454889337,11.4863150655656));
#8947=CARTESIAN_POINT('Ctrl Pts',(22.5277483604434,-21.0688263072764,11.3590361691424));
#8948=CARTESIAN_POINT('Ctrl Pts',(22.1142319681018,-21.2627012230424,11.1097947987851));
#8949=CARTESIAN_POINT('Ctrl Pts',(21.5959197401745,-21.5053629595007,10.9913373818179));
#8950=CARTESIAN_POINT('Ctrl Pts',(21.2726936547597,-21.504441692658,10.9917876616093));
#8951=CARTESIAN_POINT('Ctrl Pts',(22.8210961819421,-21.1195125484279,11.3952868765152));
#8952=CARTESIAN_POINT('Ctrl Pts',(22.6393437367878,-21.1810336603282,11.2821797176823));
#8953=CARTESIAN_POINT('Ctrl Pts',(22.1785661535553,-21.359230193403,11.0682592605798));
#8954=CARTESIAN_POINT('Ctrl Pts',(21.6202714327475,-21.5709783384644,10.9692095951364));
#8955=CARTESIAN_POINT('Ctrl Pts',(21.2724496496249,-21.5701744028629,10.9695861220826));
#8956=CARTESIAN_POINT('Ctrl Pts',(22.8788960837645,-21.1505157753984,11.3453691205197));
#8957=CARTESIAN_POINT('Ctrl Pts',(22.6871516487372,-21.2168697298227,11.2385675673844));
#8958=CARTESIAN_POINT('Ctrl Pts',(22.2061483327091,-21.3976442270586,11.0439840701277));
#8959=CARTESIAN_POINT('Ctrl Pts',(21.6307038459198,-21.5980348317873,10.9573333290883));
#8960=CARTESIAN_POINT('Ctrl Pts',(21.2723451159443,-21.597273973297,10.9576627495553));
#8961=CARTESIAN_POINT('Ctrl Pts',(21.2759001296373,-21.5972777460901,10.9576611154025));
#8962=CARTESIAN_POINT('Ctrl Pts',(21.4740768593188,-21.5972777460901,10.9576611154025));
#8963=CARTESIAN_POINT('Ctrl Pts',(21.6631630498883,-21.5621267019738,10.9728993360844));
#8964=CARTESIAN_POINT('Ctrl Pts',(21.84296893775,-21.5124264103703,11.0009007007485));
#8965=CARTESIAN_POINT('Origin',(-35.,-22.,11.8729833462074));
#8966=CARTESIAN_POINT('Ctrl Pts',(26.7319075551073,-21.5122499848852,11.));
#8967=CARTESIAN_POINT('Ctrl Pts',(26.6703741767473,-21.5380805578299,10.9855680381545));
#8968=CARTESIAN_POINT('Ctrl Pts',(26.6078360903995,-21.5638122560667,10.9726915237262));
#8969=CARTESIAN_POINT('Ctrl Pts',(26.5445388163421,-21.5893607219116,10.9611854610974));
#8970=CARTESIAN_POINT('Ctrl Pts',(26.4770412894974,-21.6166045216628,10.9489158842044));
#8971=CARTESIAN_POINT('Ctrl Pts',(26.408680476301,-21.643640281514,10.9382040274962));
#8972=CARTESIAN_POINT('Ctrl Pts',(26.3397540884696,-21.6704213145625,10.9288552351413));
#8973=CARTESIAN_POINT('Ctrl Pts',(26.2708277006382,-21.697202347611,10.9195064427864));
#8974=CARTESIAN_POINT('Ctrl Pts',(26.2013357381716,-21.723729505462,10.9115205221782));
#8975=CARTESIAN_POINT('Ctrl Pts',(26.1315759127864,-21.7500000000044,10.9047375096544));
#8976=CARTESIAN_POINT('Origin',(-16.5,24.,38.));
#8977=CARTESIAN_POINT('',(-19.3382612127177,21.4444181252953,28.4915739266424));
#8978=CARTESIAN_POINT('Ctrl Pts',(26.3555840074418,-22.0726931206977,10.4175794315615));
#8979=CARTESIAN_POINT('Ctrl Pts',(26.8262406635573,-21.808000733151,10.4816400098444));
#8980=CARTESIAN_POINT('Ctrl Pts',(27.3997180725566,-21.4382897595743,10.6508176673309));
#8981=CARTESIAN_POINT('Ctrl Pts',(27.997725799213,-21.0041823412693,11.2480440684199));
#8982=CARTESIAN_POINT('Ctrl Pts',(28.1423055489982,-20.8918964984095,11.6295509854849));
#8983=CARTESIAN_POINT('Ctrl Pts',(28.1360167328396,-20.8967747397072,11.8975263127538));
#8984=CARTESIAN_POINT('Ctrl Pts',(26.3436115150656,-22.0794436310182,10.5299332963598));
#8985=CARTESIAN_POINT('Ctrl Pts',(26.8061060288136,-21.8196007172546,10.580344290929));
#8986=CARTESIAN_POINT('Ctrl Pts',(27.3695801620272,-21.4581861633736,10.7298913205731));
#8987=CARTESIAN_POINT('Ctrl Pts',(27.9568632909842,-21.0345396748284,11.2855688246556));
#8988=CARTESIAN_POINT('Ctrl Pts',(28.0989164184777,-20.9252623858543,11.6440837054765));
#8989=CARTESIAN_POINT('Ctrl Pts',(28.092737556478,-20.9300101479132,11.8960606401813));
#8990=CARTESIAN_POINT('Ctrl Pts',(26.2802715471933,-22.0229053069158,10.7545532084837));
#8991=CARTESIAN_POINT('Ctrl Pts',(26.7331841296731,-21.7908245275893,10.7781966052985));
#8992=CARTESIAN_POINT('Ctrl Pts',(27.2853888426977,-21.4636650459214,10.8883788498953));
#8993=CARTESIAN_POINT('Ctrl Pts',(27.8616511781855,-21.0779398434212,11.3608969178049));
#8994=CARTESIAN_POINT('Ctrl Pts',(28.0010184090437,-20.9779365387383,11.6732089367563));
#8995=CARTESIAN_POINT('Ctrl Pts',(27.9949563588922,-20.9822809931666,11.8931230125561));
#8996=CARTESIAN_POINT('Ctrl Pts',(26.1666256145743,-21.8521275836333,10.8796399060041));
#8997=CARTESIAN_POINT('Ctrl Pts',(26.6208407930413,-21.6641949196019,10.9087188375566));
#8998=CARTESIAN_POINT('Ctrl Pts',(27.174495915202,-21.3969741520106,11.0123291708737));
#8999=CARTESIAN_POINT('Ctrl Pts',(27.7519500973375,-21.0792617843846,11.4273799615971));
#9000=CARTESIAN_POINT('Ctrl Pts',(27.891598027672,-20.9966641559878,11.6992795764034));
#9001=CARTESIAN_POINT('Ctrl Pts',(27.8855237618995,-21.0002522836991,11.8904955054324));
#9002=CARTESIAN_POINT('Ctrl Pts',(26.1095628286448,-21.7565599712448,10.9030595943595));
#9003=CARTESIAN_POINT('Ctrl Pts',(26.5645421030543,-21.5862384749561,10.9459682374426));
#9004=CARTESIAN_POINT('Ctrl Pts',(27.1189140893226,-21.3484104697221,11.0588886869683));
#9005=CARTESIAN_POINT('Ctrl Pts',(27.6969974295366,-21.06921570385,11.4567877929766));
#9006=CARTESIAN_POINT('Ctrl Pts',(27.8367595268466,-20.9970056080613,11.7108647482438));
#9007=CARTESIAN_POINT('Ctrl Pts',(27.8306802647,-21.0001427692767,11.8893282313996));
#9008=CARTESIAN_POINT('Ctrl Pts',(26.3774923235721,-22.060344827593,10.4206145913779));
#9009=CARTESIAN_POINT('Ctrl Pts',(26.8405041163778,-21.7987999761944,10.4858941619519));
#9010=CARTESIAN_POINT('Ctrl Pts',(27.3321669012316,-21.4814636728465,10.6341394366007));
#9011=CARTESIAN_POINT('Ctrl Pts',(27.7138985943217,-21.2094624087716,10.9711409169735));
#9012=CARTESIAN_POINT('Ctrl Pts',(27.7439936187178,-21.187849271363,11.0000003026424));
#9013=CARTESIAN_POINT('Origin',(-18.,19.9581284743405,28.4915739266424));
#9014=CARTESIAN_POINT('',(-20.,19.9581284743405,28.4915739266424));
#9015=CARTESIAN_POINT('Origin',(19.,-9.,5.));
#9016=CARTESIAN_POINT('Origin',(-20.,-0.00247116268433656,18.9831478532849));
#9017=CARTESIAN_POINT('',(-20.,-19.9581284743405,28.4915739266424));
#9018=CARTESIAN_POINT('Origin',(-18.,-19.9581284743405,28.4915739266424));
#9019=CARTESIAN_POINT('',(-19.3382612127177,-21.4444181252953,28.4915739266424));
#9020=CARTESIAN_POINT('Origin',(-16.5,-24.,38.));
#9021=CARTESIAN_POINT('',(1.1,0.,5.));
#9022=UNCERTAINTY_MEASURE_WITH_UNIT(LENGTH_MEASURE(0.01),#9028,
'DISTANCE_ACCURACY_VALUE',
'Maximum model space distance between geometric entities at asserted c
onnectivities');
#9023=UNCERTAINTY_MEASURE_WITH_UNIT(LENGTH_MEASURE(0.01),#9028,
'DISTANCE_ACCURACY_VALUE',
'Maximum model space distance between geometric entities at asserted c
onnectivities');
#9024=UNCERTAINTY_MEASURE_WITH_UNIT(LENGTH_MEASURE(0.01),#9028,
'DISTANCE_ACCURACY_VALUE',
'Maximum model space distance between geometric entities at asserted c
onnectivities');
#9025=(
GEOMETRIC_REPRESENTATION_CONTEXT(3)
GLOBAL_UNCERTAINTY_ASSIGNED_CONTEXT((#9022))
GLOBAL_UNIT_ASSIGNED_CONTEXT((#9028,#9030,#9031))
REPRESENTATION_CONTEXT('','3D')
);
#9026=(
GEOMETRIC_REPRESENTATION_CONTEXT(3)
GLOBAL_UNCERTAINTY_ASSIGNED_CONTEXT((#9023))
GLOBAL_UNIT_ASSIGNED_CONTEXT((#9028,#9030,#9031))
REPRESENTATION_CONTEXT('','3D')
);
#9027=(
GEOMETRIC_REPRESENTATION_CONTEXT(3)
GLOBAL_UNCERTAINTY_ASSIGNED_CONTEXT((#9024))
GLOBAL_UNIT_ASSIGNED_CONTEXT((#9028,#9030,#9031))
REPRESENTATION_CONTEXT('','3D')
);
#9028=(
LENGTH_UNIT()
NAMED_UNIT(*)
SI_UNIT(.MILLI.,.METRE.)
);
#9029=(
LENGTH_UNIT()
NAMED_UNIT(*)
SI_UNIT($,.METRE.)
);
#9030=(
NAMED_UNIT(*)
PLANE_ANGLE_UNIT()
SI_UNIT($,.RADIAN.)
);
#9031=(
NAMED_UNIT(*)
SI_UNIT($,.STERADIAN.)
SOLID_ANGLE_UNIT()
);
#9032=SHAPE_DEFINITION_REPRESENTATION(#9034,#9037);
#9033=SHAPE_DEFINITION_REPRESENTATION(#9035,#9038);
#9034=PRODUCT_DEFINITION_SHAPE('',$,#9040);
#9035=PRODUCT_DEFINITION_SHAPE('',$,#9041);
#9036=PRODUCT_DEFINITION_SHAPE($,$,#14);
#9037=SHAPE_REPRESENTATION('',(#4839,#5305),#9025);
#9038=SHAPE_REPRESENTATION('',(#4840),#9026);
#9039=PRODUCT_DEFINITION_CONTEXT('part definition',#9047,'design');
#9040=PRODUCT_DEFINITION('Wrist_Roll_08c','(\X2\672A4FDD5B58\X0\)',#9042,
#9039);
#9041=PRODUCT_DEFINITION(
'BSHCS ASME B18.3.1M - M3x0.5 x 6 Steel Grade 2 Plain',
'Broached Hexagon Socket Head Cap Screw ASME B18.3.1M - M3x0.5 x 6 Ste
el Grade 2 Plain v1',#9043,#9039);
#9042=PRODUCT_DEFINITION_FORMATION('',$,#9049);
#9043=PRODUCT_DEFINITION_FORMATION('',$,#9050);
#9044=PRODUCT_RELATED_PRODUCT_CATEGORY('(\X2\672A4FDD5B58\X0\)',
'(\X2\672A4FDD5B58\X0\)',(#9049));
#9045=PRODUCT_RELATED_PRODUCT_CATEGORY(
'Broached Hexagon Socket Head Cap Screw ASME B18.3.1M - M3x0.5 x 6 Ste
el Grade 2 Plain v1',
'Broached Hexagon Socket Head Cap Screw ASME B18.3.1M - M3x0.5 x 6 Ste
el Grade 2 Plain v1',(#9050));
#9046=APPLICATION_PROTOCOL_DEFINITION('international standard',
'automotive_design',2009,#9047);
#9047=APPLICATION_CONTEXT(
'Core Data for Automotive Mechanical Design Process');
#9048=PRODUCT_CONTEXT('part definition',#9047,'mechanical');
#9049=PRODUCT('Wrist_Roll_08c','(\X2\672A4FDD5B58\X0\)',$,(#9048));
#9050=PRODUCT('BSHCS ASME B18.3.1M - M3x0.5 x 6 Steel Grade 2 Plain',
'Broached Hexagon Socket Head Cap Screw ASME B18.3.1M - M3x0.5 x 6 Ste
el Grade 2 Plain v1',
'Broached Hexagon Socket Head Cap Screw ASME B18.3.1M - M3x0.5 x 6',(#9048));
#9051=PRESENTATION_STYLE_ASSIGNMENT((#9053));
#9052=PRESENTATION_STYLE_ASSIGNMENT((#9054));
#9053=SURFACE_STYLE_USAGE(.BOTH.,#9055);
#9054=SURFACE_STYLE_USAGE(.BOTH.,#9056);
#9055=SURFACE_SIDE_STYLE('',(#9057));
#9056=SURFACE_SIDE_STYLE('',(#9058));
#9057=SURFACE_STYLE_FILL_AREA(#9059);
#9058=SURFACE_STYLE_FILL_AREA(#9060);
#9059=FILL_AREA_STYLE('\X2\94A2\X0\ - \X2\7F0E5149\X0\',(#9061));
#9060=FILL_AREA_STYLE('Opaque(160,160,160)',(#9062));
#9061=FILL_AREA_STYLE_COLOUR('\X2\94A2\X0\ - \X2\7F0E5149\X0\',#9063);
#9062=FILL_AREA_STYLE_COLOUR('Opaque(160,160,160)',#9064);
#9063=COLOUR_RGB('\X2\94A2\X0\ - \X2\7F0E5149\X0\',0.627450980392157,0.627450980392157,
0.627450980392157);
#9064=COLOUR_RGB('Opaque(160,160,160)',0.627450980392157,0.627450980392157,
0.627450980392157);
ENDSEC;
END-ISO-10303-21;
