ISO-10303-21;
HEADER;
/* Generated by software containing ST-Developer
 * from STEP Tools, Inc. (www.steptools.com) 
 */

FILE_DESCRIPTION(
/* description */ (''),
/* implementation_level */ '2;1');

FILE_NAME(
/* name */ '',
/* time_stamp */ '2026-08-18T21:59:01+08:00',
/* author */ (''),
/* organization */ (''),
/* preprocessor_version */ 'ST-DEVELOPER v20.1',
/* originating_system */ 'Autodesk Translation Framework v15.8.0.0',
/* authorisation */ '');

FILE_SCHEMA (('AUTOMOTIVE_DESIGN { 1 0 10303 214 3 1 1 }'));
ENDSEC;

DATA;
#10=MECHANICAL_DESIGN_GEOMETRIC_PRESENTATION_REPRESENTATION('',(#13),#2811);
#11=SHAPE_REPRESENTATION_RELATIONSHIP('SRR','None',#2818,#12);
#12=ADVANCED_BREP_SHAPE_REPRESENTATION('',(#14),#2810);
#13=STYLED_ITEM('',(#2827),#14);
#14=MANIFOLD_SOLID_BREP('\X2\5B9E4F53\X0\1',#1733);
#15=CIRCLE('',#1776,10.);
#16=CIRCLE('',#1777,10.);
#17=CIRCLE('',#1780,10.);
#18=CIRCLE('',#1781,10.);
#19=CIRCLE('',#1782,10.);
#20=CIRCLE('',#1783,10.);
#21=CIRCLE('',#1784,10.);
#22=CIRCLE('',#1785,10.);
#23=CIRCLE('',#1786,10.);
#24=CIRCLE('',#1788,10.);
#25=CIRCLE('',#1792,10.);
#26=CIRCLE('',#1794,5.);
#27=CIRCLE('',#1795,5.);
#28=CIRCLE('',#1797,10.);
#29=CIRCLE('',#1798,10.);
#30=CIRCLE('',#1799,10.);
#31=CIRCLE('',#1800,2.25);
#32=CIRCLE('',#1801,2.25);
#33=CIRCLE('',#1802,2.25);
#34=CIRCLE('',#1803,2.25);
#35=CIRCLE('',#1808,5.);
#36=CIRCLE('',#1809,5.);
#37=CIRCLE('',#1815,10.);
#38=CIRCLE('',#1817,10.);
#39=CIRCLE('',#1821,5.);
#40=CIRCLE('',#1822,5.);
#41=CIRCLE('',#1827,5.);
#42=CIRCLE('',#1830,5.);
#43=CIRCLE('',#1849,2.25);
#44=CIRCLE('',#1852,2.25);
#45=CIRCLE('',#1855,2.25);
#46=CIRCLE('',#1858,2.25);
#47=CYLINDRICAL_SURFACE('',#1775,10.);
#48=CYLINDRICAL_SURFACE('',#1787,10.);
#49=CYLINDRICAL_SURFACE('',#1791,10.);
#50=CYLINDRICAL_SURFACE('',#1804,10.);
#51=CYLINDRICAL_SURFACE('',#1810,5.);
#52=CYLINDRICAL_SURFACE('',#1812,5.);
#53=CYLINDRICAL_SURFACE('',#1814,10.);
#54=CYLINDRICAL_SURFACE('',#1816,10.);
#55=CYLINDRICAL_SURFACE('',#1819,10.);
#56=CYLINDRICAL_SURFACE('',#1823,10.);
#57=CYLINDRICAL_SURFACE('',#1826,5.);
#58=CYLINDRICAL_SURFACE('',#1829,5.);
#59=CYLINDRICAL_SURFACE('',#1848,2.25);
#60=CYLINDRICAL_SURFACE('',#1851,2.25);
#61=CYLINDRICAL_SURFACE('',#1854,2.25);
#62=CYLINDRICAL_SURFACE('',#1857,2.25);
#63=FACE_BOUND('',#167,.T.);
#64=FACE_BOUND('',#181,.T.);
#65=FACE_BOUND('',#184,.T.);
#66=FACE_BOUND('',#187,.T.);
#67=FACE_BOUND('',#196,.T.);
#68=FACE_BOUND('',#203,.T.);
#69=FACE_BOUND('',#204,.T.);
#70=FACE_BOUND('',#205,.T.);
#71=FACE_BOUND('',#206,.T.);
#72=FACE_BOUND('',#207,.T.);
#73=FACE_BOUND('',#235,.T.);
#74=FACE_BOUND('',#257,.T.);
#75=FACE_OUTER_BOUND('',#161,.T.);
#76=FACE_OUTER_BOUND('',#162,.T.);
#77=FACE_OUTER_BOUND('',#163,.T.);
#78=FACE_OUTER_BOUND('',#164,.T.);
#79=FACE_OUTER_BOUND('',#165,.T.);
#80=FACE_OUTER_BOUND('',#166,.T.);
#81=FACE_OUTER_BOUND('',#168,.T.);
#82=FACE_OUTER_BOUND('',#169,.T.);
#83=FACE_OUTER_BOUND('',#170,.T.);
#84=FACE_OUTER_BOUND('',#171,.T.);
#85=FACE_OUTER_BOUND('',#172,.T.);
#86=FACE_OUTER_BOUND('',#173,.T.);
#87=FACE_OUTER_BOUND('',#174,.T.);
#88=FACE_OUTER_BOUND('',#175,.T.);
#89=FACE_OUTER_BOUND('',#176,.T.);
#90=FACE_OUTER_BOUND('',#177,.T.);
#91=FACE_OUTER_BOUND('',#178,.T.);
#92=FACE_OUTER_BOUND('',#179,.T.);
#93=FACE_OUTER_BOUND('',#180,.T.);
#94=FACE_OUTER_BOUND('',#182,.T.);
#95=FACE_OUTER_BOUND('',#183,.T.);
#96=FACE_OUTER_BOUND('',#185,.T.);
#97=FACE_OUTER_BOUND('',#186,.T.);
#98=FACE_OUTER_BOUND('',#188,.T.);
#99=FACE_OUTER_BOUND('',#189,.T.);
#100=FACE_OUTER_BOUND('',#190,.T.);
#101=FACE_OUTER_BOUND('',#191,.T.);
#102=FACE_OUTER_BOUND('',#192,.T.);
#103=FACE_OUTER_BOUND('',#193,.T.);
#104=FACE_OUTER_BOUND('',#194,.T.);
#105=FACE_OUTER_BOUND('',#195,.T.);
#106=FACE_OUTER_BOUND('',#197,.T.);
#107=FACE_OUTER_BOUND('',#198,.T.);
#108=FACE_OUTER_BOUND('',#199,.T.);
#109=FACE_OUTER_BOUND('',#200,.T.);
#110=FACE_OUTER_BOUND('',#201,.T.);
#111=FACE_OUTER_BOUND('',#202,.T.);
#112=FACE_OUTER_BOUND('',#208,.T.);
#113=FACE_OUTER_BOUND('',#209,.T.);
#114=FACE_OUTER_BOUND('',#210,.T.);
#115=FACE_OUTER_BOUND('',#211,.T.);
#116=FACE_OUTER_BOUND('',#212,.T.);
#117=FACE_OUTER_BOUND('',#213,.T.);
#118=FACE_OUTER_BOUND('',#214,.T.);
#119=FACE_OUTER_BOUND('',#215,.T.);
#120=FACE_OUTER_BOUND('',#216,.T.);
#121=FACE_OUTER_BOUND('',#217,.T.);
#122=FACE_OUTER_BOUND('',#218,.T.);
#123=FACE_OUTER_BOUND('',#219,.T.);
#124=FACE_OUTER_BOUND('',#220,.T.);
#125=FACE_OUTER_BOUND('',#221,.T.);
#126=FACE_OUTER_BOUND('',#222,.T.);
#127=FACE_OUTER_BOUND('',#223,.T.);
#128=FACE_OUTER_BOUND('',#224,.T.);
#129=FACE_OUTER_BOUND('',#225,.T.);
#130=FACE_OUTER_BOUND('',#226,.T.);
#131=FACE_OUTER_BOUND('',#227,.T.);
#132=FACE_OUTER_BOUND('',#228,.T.);
#133=FACE_OUTER_BOUND('',#229,.T.);
#134=FACE_OUTER_BOUND('',#230,.T.);
#135=FACE_OUTER_BOUND('',#231,.T.);
#136=FACE_OUTER_BOUND('',#232,.T.);
#137=FACE_OUTER_BOUND('',#233,.T.);
#138=FACE_OUTER_BOUND('',#234,.T.);
#139=FACE_OUTER_BOUND('',#236,.T.);
#140=FACE_OUTER_BOUND('',#237,.T.);
#141=FACE_OUTER_BOUND('',#238,.T.);
#142=FACE_OUTER_BOUND('',#239,.T.);
#143=FACE_OUTER_BOUND('',#240,.T.);
#144=FACE_OUTER_BOUND('',#241,.T.);
#145=FACE_OUTER_BOUND('',#242,.T.);
#146=FACE_OUTER_BOUND('',#243,.T.);
#147=FACE_OUTER_BOUND('',#244,.T.);
#148=FACE_OUTER_BOUND('',#245,.T.);
#149=FACE_OUTER_BOUND('',#246,.T.);
#150=FACE_OUTER_BOUND('',#247,.T.);
#151=FACE_OUTER_BOUND('',#248,.T.);
#152=FACE_OUTER_BOUND('',#249,.T.);
#153=FACE_OUTER_BOUND('',#250,.T.);
#154=FACE_OUTER_BOUND('',#251,.T.);
#155=FACE_OUTER_BOUND('',#252,.T.);
#156=FACE_OUTER_BOUND('',#253,.T.);
#157=FACE_OUTER_BOUND('',#254,.T.);
#158=FACE_OUTER_BOUND('',#255,.T.);
#159=FACE_OUTER_BOUND('',#256,.T.);
#160=FACE_OUTER_BOUND('',#258,.T.);
#161=EDGE_LOOP('',(#1089,#1090,#1091,#1092));
#162=EDGE_LOOP('',(#1093,#1094,#1095,#1096));
#163=EDGE_LOOP('',(#1097,#1098,#1099,#1100,#1101,#1102,#1103,#1104));
#164=EDGE_LOOP('',(#1105,#1106,#1107,#1108,#1109,#1110,#1111,#1112));
#165=EDGE_LOOP('',(#1113,#1114,#1115,#1116));
#166=EDGE_LOOP('',(#1117,#1118,#1119,#1120,#1121,#1122,#1123,#1124,#1125,
#1126,#1127,#1128));
#167=EDGE_LOOP('',(#1129,#1130,#1131,#1132));
#168=EDGE_LOOP('',(#1133,#1134,#1135,#1136));
#169=EDGE_LOOP('',(#1137,#1138,#1139,#1140,#1141,#1142,#1143,#1144));
#170=EDGE_LOOP('',(#1145,#1146,#1147,#1148));
#171=EDGE_LOOP('',(#1149,#1150,#1151,#1152));
#172=EDGE_LOOP('',(#1153,#1154,#1155,#1156,#1157,#1158,#1159,#1160,#1161,
#1162,#1163,#1164,#1165,#1166,#1167,#1168));
#173=EDGE_LOOP('',(#1169,#1170,#1171,#1172));
#174=EDGE_LOOP('',(#1173,#1174,#1175,#1176));
#175=EDGE_LOOP('',(#1177,#1178,#1179,#1180));
#176=EDGE_LOOP('',(#1181,#1182,#1183,#1184));
#177=EDGE_LOOP('',(#1185,#1186,#1187,#1188));
#178=EDGE_LOOP('',(#1189,#1190,#1191,#1192));
#179=EDGE_LOOP('',(#1193,#1194,#1195,#1196));
#180=EDGE_LOOP('',(#1197,#1198,#1199,#1200,#1201));
#181=EDGE_LOOP('',(#1202,#1203,#1204,#1205));
#182=EDGE_LOOP('',(#1206,#1207,#1208,#1209));
#183=EDGE_LOOP('',(#1210,#1211,#1212,#1213,#1214,#1215,#1216,#1217,#1218,
#1219,#1220,#1221));
#184=EDGE_LOOP('',(#1222,#1223,#1224,#1225));
#185=EDGE_LOOP('',(#1226,#1227,#1228,#1229));
#186=EDGE_LOOP('',(#1230,#1231,#1232,#1233,#1234));
#187=EDGE_LOOP('',(#1235,#1236,#1237,#1238));
#188=EDGE_LOOP('',(#1239,#1240,#1241,#1242,#1243,#1244,#1245,#1246,#1247,
#1248,#1249,#1250));
#189=EDGE_LOOP('',(#1251,#1252,#1253,#1254));
#190=EDGE_LOOP('',(#1255,#1256,#1257,#1258,#1259,#1260,#1261,#1262,#1263,
#1264,#1265,#1266));
#191=EDGE_LOOP('',(#1267,#1268,#1269,#1270));
#192=EDGE_LOOP('',(#1271,#1272,#1273,#1274,#1275,#1276,#1277,#1278));
#193=EDGE_LOOP('',(#1279,#1280,#1281,#1282));
#194=EDGE_LOOP('',(#1283,#1284,#1285,#1286));
#195=EDGE_LOOP('',(#1287,#1288,#1289,#1290,#1291,#1292,#1293,#1294));
#196=EDGE_LOOP('',(#1295,#1296,#1297,#1298,#1299,#1300,#1301,#1302));
#197=EDGE_LOOP('',(#1303,#1304,#1305,#1306));
#198=EDGE_LOOP('',(#1307,#1308,#1309,#1310));
#199=EDGE_LOOP('',(#1311,#1312,#1313,#1314));
#200=EDGE_LOOP('',(#1315,#1316,#1317,#1318));
#201=EDGE_LOOP('',(#1319,#1320,#1321,#1322,#1323,#1324,#1325,#1326,#1327,
#1328));
#202=EDGE_LOOP('',(#1329,#1330,#1331,#1332,#1333,#1334,#1335,#1336,#1337,
#1338,#1339,#1340,#1341,#1342,#1343,#1344));
#203=EDGE_LOOP('',(#1345,#1346,#1347,#1348,#1349,#1350,#1351,#1352,#1353,
#1354,#1355,#1356));
#204=EDGE_LOOP('',(#1357));
#205=EDGE_LOOP('',(#1358));
#206=EDGE_LOOP('',(#1359));
#207=EDGE_LOOP('',(#1360));
#208=EDGE_LOOP('',(#1361,#1362,#1363,#1364));
#209=EDGE_LOOP('',(#1365,#1366,#1367,#1368));
#210=EDGE_LOOP('',(#1369,#1370,#1371,#1372));
#211=EDGE_LOOP('',(#1373,#1374,#1375,#1376,#1377,#1378));
#212=EDGE_LOOP('',(#1379,#1380,#1381,#1382));
#213=EDGE_LOOP('',(#1383,#1384,#1385,#1386));
#214=EDGE_LOOP('',(#1387,#1388,#1389,#1390));
#215=EDGE_LOOP('',(#1391,#1392,#1393,#1394));
#216=EDGE_LOOP('',(#1395,#1396,#1397,#1398));
#217=EDGE_LOOP('',(#1399,#1400,#1401,#1402));
#218=EDGE_LOOP('',(#1403,#1404,#1405,#1406));
#219=EDGE_LOOP('',(#1407,#1408,#1409,#1410));
#220=EDGE_LOOP('',(#1411,#1412,#1413,#1414,#1415,#1416,#1417,#1418,#1419,
#1420));
#221=EDGE_LOOP('',(#1421,#1422,#1423,#1424));
#222=EDGE_LOOP('',(#1425,#1426,#1427,#1428));
#223=EDGE_LOOP('',(#1429,#1430,#1431,#1432));
#224=EDGE_LOOP('',(#1433,#1434,#1435,#1436));
#225=EDGE_LOOP('',(#1437,#1438,#1439,#1440));
#226=EDGE_LOOP('',(#1441,#1442,#1443,#1444));
#227=EDGE_LOOP('',(#1445,#1446,#1447,#1448));
#228=EDGE_LOOP('',(#1449,#1450,#1451,#1452));
#229=EDGE_LOOP('',(#1453,#1454,#1455,#1456));
#230=EDGE_LOOP('',(#1457,#1458,#1459,#1460));
#231=EDGE_LOOP('',(#1461,#1462,#1463,#1464));
#232=EDGE_LOOP('',(#1465,#1466,#1467,#1468));
#233=EDGE_LOOP('',(#1469,#1470,#1471,#1472));
#234=EDGE_LOOP('',(#1473,#1474,#1475,#1476,#1477,#1478,#1479,#1480));
#235=EDGE_LOOP('',(#1481,#1482,#1483,#1484));
#236=EDGE_LOOP('',(#1485,#1486,#1487,#1488,#1489,#1490));
#237=EDGE_LOOP('',(#1491,#1492,#1493,#1494));
#238=EDGE_LOOP('',(#1495,#1496,#1497,#1498));
#239=EDGE_LOOP('',(#1499,#1500,#1501,#1502));
#240=EDGE_LOOP('',(#1503,#1504,#1505,#1506));
#241=EDGE_LOOP('',(#1507,#1508,#1509,#1510));
#242=EDGE_LOOP('',(#1511,#1512,#1513,#1514));
#243=EDGE_LOOP('',(#1515,#1516,#1517,#1518));
#244=EDGE_LOOP('',(#1519,#1520,#1521,#1522));
#245=EDGE_LOOP('',(#1523,#1524,#1525,#1526));
#246=EDGE_LOOP('',(#1527));
#247=EDGE_LOOP('',(#1528,#1529,#1530,#1531));
#248=EDGE_LOOP('',(#1532));
#249=EDGE_LOOP('',(#1533,#1534,#1535,#1536));
#250=EDGE_LOOP('',(#1537));
#251=EDGE_LOOP('',(#1538,#1539,#1540,#1541));
#252=EDGE_LOOP('',(#1542));
#253=EDGE_LOOP('',(#1543,#1544,#1545,#1546));
#254=EDGE_LOOP('',(#1547,#1548,#1549,#1550,#1551,#1552));
#255=EDGE_LOOP('',(#1553,#1554,#1555,#1556));
#256=EDGE_LOOP('',(#1557,#1558,#1559,#1560,#1561,#1562,#1563,#1564,#1565,
#1566,#1567,#1568));
#257=EDGE_LOOP('',(#1569,#1570,#1571,#1572));
#258=EDGE_LOOP('',(#1573,#1574,#1575,#1576));
#259=LINE('',#2319,#471);
#260=LINE('',#2321,#472);
#261=LINE('',#2323,#473);
#262=LINE('',#2324,#474);
#263=LINE('',#2328,#475);
#264=LINE('',#2330,#476);
#265=LINE('',#2332,#477);
#266=LINE('',#2333,#478);
#267=LINE('',#2336,#479);
#268=LINE('',#2338,#480);
#269=LINE('',#2340,#481);
#270=LINE('',#2342,#482);
#271=LINE('',#2344,#483);
#272=LINE('',#2346,#484);
#273=LINE('',#2347,#485);
#274=LINE('',#2350,#486);
#275=LINE('',#2352,#487);
#276=LINE('',#2354,#488);
#277=LINE('',#2356,#489);
#278=LINE('',#2358,#490);
#279=LINE('',#2360,#491);
#280=LINE('',#2361,#492);
#281=LINE('',#2365,#493);
#282=LINE('',#2367,#494);
#283=LINE('',#2369,#495);
#284=LINE('',#2370,#496);
#285=LINE('',#2373,#497);
#286=LINE('',#2375,#498);
#287=LINE('',#2377,#499);
#288=LINE('',#2379,#500);
#289=LINE('',#2381,#501);
#290=LINE('',#2383,#502);
#291=LINE('',#2385,#503);
#292=LINE('',#2387,#504);
#293=LINE('',#2389,#505);
#294=LINE('',#2391,#506);
#295=LINE('',#2392,#507);
#296=LINE('',#2393,#508);
#297=LINE('',#2396,#509);
#298=LINE('',#2398,#510);
#299=LINE('',#2399,#511);
#300=LINE('',#2402,#512);
#301=LINE('',#2404,#513);
#302=LINE('',#2405,#514);
#303=LINE('',#2406,#515);
#304=LINE('',#2407,#516);
#305=LINE('',#2411,#517);
#306=LINE('',#2413,#518);
#307=LINE('',#2415,#519);
#308=LINE('',#2416,#520);
#309=LINE('',#2420,#521);
#310=LINE('',#2422,#522);
#311=LINE('',#2423,#523);
#312=LINE('',#2425,#524);
#313=LINE('',#2426,#525);
#314=LINE('',#2428,#526);
#315=LINE('',#2430,#527);
#316=LINE('',#2432,#528);
#317=LINE('',#2434,#529);
#318=LINE('',#2436,#530);
#319=LINE('',#2437,#531);
#320=LINE('',#2441,#532);
#321=LINE('',#2443,#533);
#322=LINE('',#2445,#534);
#323=LINE('',#2446,#535);
#324=LINE('',#2449,#536);
#325=LINE('',#2451,#537);
#326=LINE('',#2452,#538);
#327=LINE('',#2454,#539);
#328=LINE('',#2456,#540);
#329=LINE('',#2458,#541);
#330=LINE('',#2461,#542);
#331=LINE('',#2462,#543);
#332=LINE('',#2465,#544);
#333=LINE('',#2466,#545);
#334=LINE('',#2469,#546);
#335=LINE('',#2471,#547);
#336=LINE('',#2473,#548);
#337=LINE('',#2474,#549);
#338=LINE('',#2475,#550);
#339=LINE('',#2478,#551);
#340=LINE('',#2479,#552);
#341=LINE('',#2481,#553);
#342=LINE('',#2482,#554);
#343=LINE('',#2484,#555);
#344=LINE('',#2485,#556);
#345=LINE('',#2486,#557);
#346=LINE('',#2487,#558);
#347=LINE('',#2489,#559);
#348=LINE('',#2492,#560);
#349=LINE('',#2494,#561);
#350=LINE('',#2496,#562);
#351=LINE('',#2497,#563);
#352=LINE('',#2499,#564);
#353=LINE('',#2501,#565);
#354=LINE('',#2502,#566);
#355=LINE('',#2504,#567);
#356=LINE('',#2508,#568);
#357=LINE('',#2510,#569);
#358=LINE('',#2512,#570);
#359=LINE('',#2514,#571);
#360=LINE('',#2515,#572);
#361=LINE('',#2521,#573);
#362=LINE('',#2524,#574);
#363=LINE('',#2527,#575);
#364=LINE('',#2529,#576);
#365=LINE('',#2530,#577);
#366=LINE('',#2533,#578);
#367=LINE('',#2537,#579);
#368=LINE('',#2541,#580);
#369=LINE('',#2545,#581);
#370=LINE('',#2549,#582);
#371=LINE('',#2553,#583);
#372=LINE('',#2557,#584);
#373=LINE('',#2562,#585);
#374=LINE('',#2565,#586);
#375=LINE('',#2566,#587);
#376=LINE('',#2569,#588);
#377=LINE('',#2570,#589);
#378=LINE('',#2575,#590);
#379=LINE('',#2576,#591);
#380=LINE('',#2579,#592);
#381=LINE('',#2581,#593);
#382=LINE('',#2585,#594);
#383=LINE('',#2589,#595);
#384=LINE('',#2591,#596);
#385=LINE('',#2592,#597);
#386=LINE('',#2595,#598);
#387=LINE('',#2599,#599);
#388=LINE('',#2601,#600);
#389=LINE('',#2603,#601);
#390=LINE('',#2605,#602);
#391=LINE('',#2607,#603);
#392=LINE('',#2611,#604);
#393=LINE('',#2614,#605);
#394=LINE('',#2616,#606);
#395=LINE('',#2617,#607);
#396=LINE('',#2620,#608);
#397=LINE('',#2622,#609);
#398=LINE('',#2624,#610);
#399=LINE('',#2626,#611);
#400=LINE('',#2628,#612);
#401=LINE('',#2630,#613);
#402=LINE('',#2632,#614);
#403=LINE('',#2634,#615);
#404=LINE('',#2636,#616);
#405=LINE('',#2638,#617);
#406=LINE('',#2640,#618);
#407=LINE('',#2641,#619);
#408=LINE('',#2651,#620);
#409=LINE('',#2653,#621);
#410=LINE('',#2655,#622);
#411=LINE('',#2660,#623);
#412=LINE('',#2662,#624);
#413=LINE('',#2665,#625);
#414=LINE('',#2667,#626);
#415=LINE('',#2668,#627);
#416=LINE('',#2670,#628);
#417=LINE('',#2672,#629);
#418=LINE('',#2677,#630);
#419=LINE('',#2680,#631);
#420=LINE('',#2683,#632);
#421=LINE('',#2685,#633);
#422=LINE('',#2688,#634);
#423=LINE('',#2692,#635);
#424=LINE('',#2695,#636);
#425=LINE('',#2696,#637);
#426=LINE('',#2701,#638);
#427=LINE('',#2702,#639);
#428=LINE('',#2705,#640);
#429=LINE('',#2709,#641);
#430=LINE('',#2710,#642);
#431=LINE('',#2713,#643);
#432=LINE('',#2716,#644);
#433=LINE('',#2720,#645);
#434=LINE('',#2721,#646);
#435=LINE('',#2722,#647);
#436=LINE('',#2724,#648);
#437=LINE('',#2727,#649);
#438=LINE('',#2729,#650);
#439=LINE('',#2730,#651);
#440=LINE('',#2733,#652);
#441=LINE('',#2735,#653);
#442=LINE('',#2736,#654);
#443=LINE('',#2738,#655);
#444=LINE('',#2741,#656);
#445=LINE('',#2742,#657);
#446=LINE('',#2745,#658);
#447=LINE('',#2747,#659);
#448=LINE('',#2748,#660);
#449=LINE('',#2752,#661);
#450=LINE('',#2754,#662);
#451=LINE('',#2755,#663);
#452=LINE('',#2758,#664);
#453=LINE('',#2760,#665);
#454=LINE('',#2761,#666);
#455=LINE('',#2763,#667);
#456=LINE('',#2766,#668);
#457=LINE('',#2767,#669);
#458=LINE('',#2770,#670);
#459=LINE('',#2771,#671);
#460=LINE('',#2774,#672);
#461=LINE('',#2775,#673);
#462=LINE('',#2777,#674);
#463=LINE('',#2779,#675);
#464=LINE('',#2782,#676);
#465=LINE('',#2787,#677);
#466=LINE('',#2792,#678);
#467=LINE('',#2797,#679);
#468=LINE('',#2801,#680);
#469=LINE('',#2803,#681);
#470=LINE('',#2806,#682);
#471=VECTOR('',#1869,10.);
#472=VECTOR('',#1870,10.);
#473=VECTOR('',#1871,10.);
#474=VECTOR('',#1872,10.);
#475=VECTOR('',#1875,10.);
#476=VECTOR('',#1876,10.);
#477=VECTOR('',#1877,10.);
#478=VECTOR('',#1878,10.);
#479=VECTOR('',#1881,10.);
#480=VECTOR('',#1882,10.);
#481=VECTOR('',#1883,10.);
#482=VECTOR('',#1884,10.);
#483=VECTOR('',#1885,10.);
#484=VECTOR('',#1886,10.);
#485=VECTOR('',#1887,10.);
#486=VECTOR('',#1890,10.);
#487=VECTOR('',#1891,10.);
#488=VECTOR('',#1892,10.);
#489=VECTOR('',#1893,10.);
#490=VECTOR('',#1894,10.);
#491=VECTOR('',#1895,10.);
#492=VECTOR('',#1896,10.);
#493=VECTOR('',#1899,10.);
#494=VECTOR('',#1900,10.);
#495=VECTOR('',#1901,10.);
#496=VECTOR('',#1902,10.);
#497=VECTOR('',#1905,10.);
#498=VECTOR('',#1906,10.);
#499=VECTOR('',#1907,10.);
#500=VECTOR('',#1908,10.);
#501=VECTOR('',#1909,10.);
#502=VECTOR('',#1910,10.);
#503=VECTOR('',#1911,10.);
#504=VECTOR('',#1912,10.);
#505=VECTOR('',#1913,10.);
#506=VECTOR('',#1914,10.);
#507=VECTOR('',#1915,10.);
#508=VECTOR('',#1916,10.);
#509=VECTOR('',#1919,10.);
#510=VECTOR('',#1920,10.);
#511=VECTOR('',#1921,10.);
#512=VECTOR('',#1924,10.);
#513=VECTOR('',#1925,10.);
#514=VECTOR('',#1926,10.);
#515=VECTOR('',#1927,10.);
#516=VECTOR('',#1928,10.);
#517=VECTOR('',#1931,10.);
#518=VECTOR('',#1932,10.);
#519=VECTOR('',#1933,10.);
#520=VECTOR('',#1934,10.);
#521=VECTOR('',#1939,10.);
#522=VECTOR('',#1940,10.);
#523=VECTOR('',#1941,10.);
#524=VECTOR('',#1942,10.);
#525=VECTOR('',#1943,10.);
#526=VECTOR('',#1944,10.);
#527=VECTOR('',#1945,10.);
#528=VECTOR('',#1946,10.);
#529=VECTOR('',#1947,10.);
#530=VECTOR('',#1948,10.);
#531=VECTOR('',#1949,10.);
#532=VECTOR('',#1952,10.);
#533=VECTOR('',#1953,10.);
#534=VECTOR('',#1954,10.);
#535=VECTOR('',#1955,10.);
#536=VECTOR('',#1958,10.);
#537=VECTOR('',#1959,10.);
#538=VECTOR('',#1960,10.);
#539=VECTOR('',#1963,10.);
#540=VECTOR('',#1966,10.);
#541=VECTOR('',#1969,10.);
#542=VECTOR('',#1972,10.);
#543=VECTOR('',#1973,10.);
#544=VECTOR('',#1976,10.);
#545=VECTOR('',#1977,10.);
#546=VECTOR('',#1980,10.);
#547=VECTOR('',#1981,10.);
#548=VECTOR('',#1982,10.);
#549=VECTOR('',#1983,10.);
#550=VECTOR('',#1984,10.);
#551=VECTOR('',#1987,10.);
#552=VECTOR('',#1988,10.);
#553=VECTOR('',#1991,10.);
#554=VECTOR('',#1992,10.);
#555=VECTOR('',#1993,10.);
#556=VECTOR('',#1994,10.);
#557=VECTOR('',#1995,10.);
#558=VECTOR('',#1996,10.);
#559=VECTOR('',#1999,10.);
#560=VECTOR('',#2002,10.);
#561=VECTOR('',#2003,10.);
#562=VECTOR('',#2004,10.);
#563=VECTOR('',#2005,10.);
#564=VECTOR('',#2008,10.);
#565=VECTOR('',#2011,10.);
#566=VECTOR('',#2012,10.);
#567=VECTOR('',#2015,10.);
#568=VECTOR('',#2020,10.);
#569=VECTOR('',#2021,10.);
#570=VECTOR('',#2022,10.);
#571=VECTOR('',#2023,10.);
#572=VECTOR('',#2024,10.);
#573=VECTOR('',#2029,10.);
#574=VECTOR('',#2032,10.);
#575=VECTOR('',#2035,10.);
#576=VECTOR('',#2036,10.);
#577=VECTOR('',#2037,10.);
#578=VECTOR('',#2040,10.);
#579=VECTOR('',#2043,10.);
#580=VECTOR('',#2046,10.);
#581=VECTOR('',#2049,10.);
#582=VECTOR('',#2052,10.);
#583=VECTOR('',#2055,10.);
#584=VECTOR('',#2058,10.);
#585=VECTOR('',#2065,10.);
#586=VECTOR('',#2068,10.);
#587=VECTOR('',#2069,10.);
#588=VECTOR('',#2072,10.);
#589=VECTOR('',#2073,10.);
#590=VECTOR('',#2078,10.);
#591=VECTOR('',#2079,10.);
#592=VECTOR('',#2082,10.);
#593=VECTOR('',#2083,10.);
#594=VECTOR('',#2086,10.);
#595=VECTOR('',#2089,10.);
#596=VECTOR('',#2090,10.);
#597=VECTOR('',#2091,10.);
#598=VECTOR('',#2094,10.);
#599=VECTOR('',#2097,10.);
#600=VECTOR('',#2098,10.);
#601=VECTOR('',#2099,10.);
#602=VECTOR('',#2100,10.);
#603=VECTOR('',#2101,10.);
#604=VECTOR('',#2104,10.);
#605=VECTOR('',#2107,10.);
#606=VECTOR('',#2108,10.);
#607=VECTOR('',#2109,10.);
#608=VECTOR('',#2110,10.);
#609=VECTOR('',#2111,10.);
#610=VECTOR('',#2112,10.);
#611=VECTOR('',#2113,10.);
#612=VECTOR('',#2114,10.);
#613=VECTOR('',#2115,10.);
#614=VECTOR('',#2116,10.);
#615=VECTOR('',#2117,10.);
#616=VECTOR('',#2118,10.);
#617=VECTOR('',#2119,10.);
#618=VECTOR('',#2120,10.);
#619=VECTOR('',#2121,10.);
#620=VECTOR('',#2132,10.);
#621=VECTOR('',#2135,10.);
#622=VECTOR('',#2138,10.);
#623=VECTOR('',#2143,10.);
#624=VECTOR('',#2144,10.);
#625=VECTOR('',#2147,10.);
#626=VECTOR('',#2150,10.);
#627=VECTOR('',#2151,10.);
#628=VECTOR('',#2154,10.);
#629=VECTOR('',#2157,10.);
#630=VECTOR('',#2164,10.);
#631=VECTOR('',#2167,10.);
#632=VECTOR('',#2172,10.);
#633=VECTOR('',#2175,10.);
#634=VECTOR('',#2178,10.);
#635=VECTOR('',#2181,10.);
#636=VECTOR('',#2184,10.);
#637=VECTOR('',#2185,10.);
#638=VECTOR('',#2192,10.);
#639=VECTOR('',#2193,10.);
#640=VECTOR('',#2196,10.);
#641=VECTOR('',#2201,10.);
#642=VECTOR('',#2202,10.);
#643=VECTOR('',#2205,10.);
#644=VECTOR('',#2210,10.);
#645=VECTOR('',#2213,10.);
#646=VECTOR('',#2214,10.);
#647=VECTOR('',#2215,10.);
#648=VECTOR('',#2218,10.);
#649=VECTOR('',#2221,10.);
#650=VECTOR('',#2222,10.);
#651=VECTOR('',#2223,10.);
#652=VECTOR('',#2226,10.);
#653=VECTOR('',#2227,10.);
#654=VECTOR('',#2228,10.);
#655=VECTOR('',#2231,10.);
#656=VECTOR('',#2234,10.);
#657=VECTOR('',#2235,10.);
#658=VECTOR('',#2238,10.);
#659=VECTOR('',#2239,10.);
#660=VECTOR('',#2240,10.);
#661=VECTOR('',#2245,10.);
#662=VECTOR('',#2246,10.);
#663=VECTOR('',#2247,10.);
#664=VECTOR('',#2250,10.);
#665=VECTOR('',#2251,10.);
#666=VECTOR('',#2252,10.);
#667=VECTOR('',#2255,10.);
#668=VECTOR('',#2258,10.);
#669=VECTOR('',#2259,10.);
#670=VECTOR('',#2262,10.);
#671=VECTOR('',#2263,10.);
#672=VECTOR('',#2266,10.);
#673=VECTOR('',#2267,10.);
#674=VECTOR('',#2270,10.);
#675=VECTOR('',#2273,10.);
#676=VECTOR('',#2276,2.25);
#677=VECTOR('',#2283,2.25);
#678=VECTOR('',#2290,2.25);
#679=VECTOR('',#2297,2.25);
#680=VECTOR('',#2304,10.);
#681=VECTOR('',#2307,10.);
#682=VECTOR('',#2312,10.);
#683=VERTEX_POINT('',#2317);
#684=VERTEX_POINT('',#2318);
#685=VERTEX_POINT('',#2320);
#686=VERTEX_POINT('',#2322);
#687=VERTEX_POINT('',#2326);
#688=VERTEX_POINT('',#2327);
#689=VERTEX_POINT('',#2329);
#690=VERTEX_POINT('',#2331);
#691=VERTEX_POINT('',#2335);
#692=VERTEX_POINT('',#2337);
#693=VERTEX_POINT('',#2339);
#694=VERTEX_POINT('',#2341);
#695=VERTEX_POINT('',#2343);
#696=VERTEX_POINT('',#2345);
#697=VERTEX_POINT('',#2349);
#698=VERTEX_POINT('',#2351);
#699=VERTEX_POINT('',#2353);
#700=VERTEX_POINT('',#2355);
#701=VERTEX_POINT('',#2357);
#702=VERTEX_POINT('',#2359);
#703=VERTEX_POINT('',#2363);
#704=VERTEX_POINT('',#2364);
#705=VERTEX_POINT('',#2366);
#706=VERTEX_POINT('',#2368);
#707=VERTEX_POINT('',#2372);
#708=VERTEX_POINT('',#2374);
#709=VERTEX_POINT('',#2376);
#710=VERTEX_POINT('',#2378);
#711=VERTEX_POINT('',#2380);
#712=VERTEX_POINT('',#2382);
#713=VERTEX_POINT('',#2384);
#714=VERTEX_POINT('',#2386);
#715=VERTEX_POINT('',#2388);
#716=VERTEX_POINT('',#2390);
#717=VERTEX_POINT('',#2395);
#718=VERTEX_POINT('',#2397);
#719=VERTEX_POINT('',#2401);
#720=VERTEX_POINT('',#2403);
#721=VERTEX_POINT('',#2409);
#722=VERTEX_POINT('',#2410);
#723=VERTEX_POINT('',#2412);
#724=VERTEX_POINT('',#2414);
#725=VERTEX_POINT('',#2419);
#726=VERTEX_POINT('',#2421);
#727=VERTEX_POINT('',#2424);
#728=VERTEX_POINT('',#2427);
#729=VERTEX_POINT('',#2429);
#730=VERTEX_POINT('',#2431);
#731=VERTEX_POINT('',#2433);
#732=VERTEX_POINT('',#2435);
#733=VERTEX_POINT('',#2439);
#734=VERTEX_POINT('',#2440);
#735=VERTEX_POINT('',#2442);
#736=VERTEX_POINT('',#2444);
#737=VERTEX_POINT('',#2448);
#738=VERTEX_POINT('',#2450);
#739=VERTEX_POINT('',#2460);
#740=VERTEX_POINT('',#2464);
#741=VERTEX_POINT('',#2468);
#742=VERTEX_POINT('',#2470);
#743=VERTEX_POINT('',#2472);
#744=VERTEX_POINT('',#2477);
#745=VERTEX_POINT('',#2483);
#746=VERTEX_POINT('',#2491);
#747=VERTEX_POINT('',#2493);
#748=VERTEX_POINT('',#2495);
#749=VERTEX_POINT('',#2507);
#750=VERTEX_POINT('',#2509);
#751=VERTEX_POINT('',#2511);
#752=VERTEX_POINT('',#2513);
#753=VERTEX_POINT('',#2517);
#754=VERTEX_POINT('',#2518);
#755=VERTEX_POINT('',#2520);
#756=VERTEX_POINT('',#2522);
#757=VERTEX_POINT('',#2526);
#758=VERTEX_POINT('',#2528);
#759=VERTEX_POINT('',#2532);
#760=VERTEX_POINT('',#2534);
#761=VERTEX_POINT('',#2536);
#762=VERTEX_POINT('',#2538);
#763=VERTEX_POINT('',#2540);
#764=VERTEX_POINT('',#2543);
#765=VERTEX_POINT('',#2544);
#766=VERTEX_POINT('',#2546);
#767=VERTEX_POINT('',#2548);
#768=VERTEX_POINT('',#2550);
#769=VERTEX_POINT('',#2552);
#770=VERTEX_POINT('',#2554);
#771=VERTEX_POINT('',#2556);
#772=VERTEX_POINT('',#2560);
#773=VERTEX_POINT('',#2564);
#774=VERTEX_POINT('',#2568);
#775=VERTEX_POINT('',#2572);
#776=VERTEX_POINT('',#2573);
#777=VERTEX_POINT('',#2578);
#778=VERTEX_POINT('',#2580);
#779=VERTEX_POINT('',#2582);
#780=VERTEX_POINT('',#2584);
#781=VERTEX_POINT('',#2586);
#782=VERTEX_POINT('',#2588);
#783=VERTEX_POINT('',#2590);
#784=VERTEX_POINT('',#2594);
#785=VERTEX_POINT('',#2596);
#786=VERTEX_POINT('',#2598);
#787=VERTEX_POINT('',#2600);
#788=VERTEX_POINT('',#2602);
#789=VERTEX_POINT('',#2604);
#790=VERTEX_POINT('',#2606);
#791=VERTEX_POINT('',#2608);
#792=VERTEX_POINT('',#2610);
#793=VERTEX_POINT('',#2613);
#794=VERTEX_POINT('',#2615);
#795=VERTEX_POINT('',#2618);
#796=VERTEX_POINT('',#2619);
#797=VERTEX_POINT('',#2621);
#798=VERTEX_POINT('',#2623);
#799=VERTEX_POINT('',#2625);
#800=VERTEX_POINT('',#2627);
#801=VERTEX_POINT('',#2629);
#802=VERTEX_POINT('',#2631);
#803=VERTEX_POINT('',#2633);
#804=VERTEX_POINT('',#2635);
#805=VERTEX_POINT('',#2637);
#806=VERTEX_POINT('',#2639);
#807=VERTEX_POINT('',#2642);
#808=VERTEX_POINT('',#2644);
#809=VERTEX_POINT('',#2646);
#810=VERTEX_POINT('',#2648);
#811=VERTEX_POINT('',#2657);
#812=VERTEX_POINT('',#2658);
#813=VERTEX_POINT('',#2661);
#814=VERTEX_POINT('',#2663);
#815=VERTEX_POINT('',#2675);
#816=VERTEX_POINT('',#2679);
#817=VERTEX_POINT('',#2687);
#818=VERTEX_POINT('',#2689);
#819=VERTEX_POINT('',#2691);
#820=VERTEX_POINT('',#2693);
#821=VERTEX_POINT('',#2700);
#822=VERTEX_POINT('',#2704);
#823=VERTEX_POINT('',#2708);
#824=VERTEX_POINT('',#2712);
#825=VERTEX_POINT('',#2718);
#826=VERTEX_POINT('',#2719);
#827=VERTEX_POINT('',#2726);
#828=VERTEX_POINT('',#2728);
#829=VERTEX_POINT('',#2732);
#830=VERTEX_POINT('',#2734);
#831=VERTEX_POINT('',#2740);
#832=VERTEX_POINT('',#2744);
#833=VERTEX_POINT('',#2746);
#834=VERTEX_POINT('',#2751);
#835=VERTEX_POINT('',#2753);
#836=VERTEX_POINT('',#2757);
#837=VERTEX_POINT('',#2759);
#838=VERTEX_POINT('',#2765);
#839=VERTEX_POINT('',#2769);
#840=VERTEX_POINT('',#2773);
#841=VERTEX_POINT('',#2781);
#842=VERTEX_POINT('',#2786);
#843=VERTEX_POINT('',#2791);
#844=VERTEX_POINT('',#2796);
#845=EDGE_CURVE('',#683,#684,#259,.T.);
#846=EDGE_CURVE('',#685,#684,#260,.T.);
#847=EDGE_CURVE('',#685,#686,#261,.T.);
#848=EDGE_CURVE('',#683,#686,#262,.T.);
#849=EDGE_CURVE('',#687,#688,#263,.T.);
#850=EDGE_CURVE('',#688,#689,#264,.T.);
#851=EDGE_CURVE('',#689,#690,#265,.T.);
#852=EDGE_CURVE('',#687,#690,#266,.T.);
#853=EDGE_CURVE('',#691,#686,#267,.T.);
#854=EDGE_CURVE('',#691,#692,#268,.T.);
#855=EDGE_CURVE('',#692,#693,#269,.T.);
#856=EDGE_CURVE('',#693,#694,#270,.T.);
#857=EDGE_CURVE('',#694,#695,#271,.T.);
#858=EDGE_CURVE('',#696,#695,#272,.T.);
#859=EDGE_CURVE('',#683,#696,#273,.T.);
#860=EDGE_CURVE('',#697,#684,#274,.T.);
#861=EDGE_CURVE('',#698,#697,#275,.T.);
#862=EDGE_CURVE('',#698,#699,#276,.T.);
#863=EDGE_CURVE('',#699,#700,#277,.T.);
#864=EDGE_CURVE('',#700,#701,#278,.T.);
#865=EDGE_CURVE('',#701,#702,#279,.T.);
#866=EDGE_CURVE('',#685,#702,#280,.T.);
#867=EDGE_CURVE('',#703,#704,#281,.T.);
#868=EDGE_CURVE('',#705,#703,#282,.T.);
#869=EDGE_CURVE('',#706,#705,#283,.T.);
#870=EDGE_CURVE('',#704,#706,#284,.T.);
#871=EDGE_CURVE('',#707,#703,#285,.T.);
#872=EDGE_CURVE('',#704,#708,#286,.T.);
#873=EDGE_CURVE('',#709,#708,#287,.T.);
#874=EDGE_CURVE('',#709,#710,#288,.T.);
#875=EDGE_CURVE('',#710,#711,#289,.T.);
#876=EDGE_CURVE('',#711,#712,#290,.T.);
#877=EDGE_CURVE('',#712,#713,#291,.T.);
#878=EDGE_CURVE('',#713,#714,#292,.T.);
#879=EDGE_CURVE('',#714,#715,#293,.T.);
#880=EDGE_CURVE('',#715,#716,#294,.T.);
#881=EDGE_CURVE('',#707,#716,#295,.T.);
#882=EDGE_CURVE('',#702,#691,#296,.T.);
#883=EDGE_CURVE('',#717,#712,#297,.T.);
#884=EDGE_CURVE('',#718,#717,#298,.T.);
#885=EDGE_CURVE('',#713,#718,#299,.T.);
#886=EDGE_CURVE('',#719,#718,#300,.T.);
#887=EDGE_CURVE('',#717,#720,#301,.T.);
#888=EDGE_CURVE('',#720,#693,#302,.T.);
#889=EDGE_CURVE('',#692,#701,#303,.T.);
#890=EDGE_CURVE('',#700,#719,#304,.T.);
#891=EDGE_CURVE('',#721,#722,#305,.T.);
#892=EDGE_CURVE('',#723,#722,#306,.T.);
#893=EDGE_CURVE('',#723,#724,#307,.T.);
#894=EDGE_CURVE('',#724,#721,#308,.T.);
#895=EDGE_CURVE('',#696,#725,#309,.T.);
#896=EDGE_CURVE('',#726,#725,#310,.T.);
#897=EDGE_CURVE('',#726,#688,#311,.T.);
#898=EDGE_CURVE('',#727,#687,#312,.T.);
#899=EDGE_CURVE('',#727,#706,#313,.T.);
#900=EDGE_CURVE('',#705,#728,#314,.T.);
#901=EDGE_CURVE('',#729,#728,#315,.T.);
#902=EDGE_CURVE('',#730,#729,#316,.T.);
#903=EDGE_CURVE('',#730,#731,#317,.T.);
#904=EDGE_CURVE('',#732,#731,#318,.T.);
#905=EDGE_CURVE('',#732,#697,#319,.T.);
#906=EDGE_CURVE('',#733,#734,#320,.T.);
#907=EDGE_CURVE('',#735,#734,#321,.T.);
#908=EDGE_CURVE('',#735,#736,#322,.T.);
#909=EDGE_CURVE('',#733,#736,#323,.T.);
#910=EDGE_CURVE('',#737,#729,#324,.T.);
#911=EDGE_CURVE('',#737,#738,#325,.T.);
#912=EDGE_CURVE('',#738,#730,#326,.T.);
#913=EDGE_CURVE('',#719,#714,#327,.T.);
#914=EDGE_CURVE('',#711,#720,#328,.T.);
#915=EDGE_CURVE('',#728,#707,#329,.T.);
#916=EDGE_CURVE('',#698,#739,#330,.T.);
#917=EDGE_CURVE('',#732,#739,#331,.T.);
#918=EDGE_CURVE('',#740,#738,#332,.T.);
#919=EDGE_CURVE('',#731,#740,#333,.T.);
#920=EDGE_CURVE('',#715,#741,#334,.T.);
#921=EDGE_CURVE('',#742,#741,#335,.T.);
#922=EDGE_CURVE('',#742,#743,#336,.T.);
#923=EDGE_CURVE('',#716,#743,#337,.T.);
#924=EDGE_CURVE('',#739,#740,#338,.T.);
#925=EDGE_CURVE('',#744,#695,#339,.T.);
#926=EDGE_CURVE('',#744,#725,#340,.T.);
#927=EDGE_CURVE('',#694,#699,#341,.T.);
#928=EDGE_CURVE('',#690,#737,#342,.T.);
#929=EDGE_CURVE('',#689,#745,#343,.T.);
#930=EDGE_CURVE('',#744,#745,#344,.T.);
#931=EDGE_CURVE('',#721,#734,#345,.T.);
#932=EDGE_CURVE('',#735,#724,#346,.T.);
#933=EDGE_CURVE('',#745,#726,#347,.T.);
#934=EDGE_CURVE('',#746,#710,#348,.T.);
#935=EDGE_CURVE('',#747,#709,#349,.T.);
#936=EDGE_CURVE('',#748,#747,#350,.T.);
#937=EDGE_CURVE('',#746,#748,#351,.T.);
#938=EDGE_CURVE('',#741,#746,#352,.T.);
#939=EDGE_CURVE('',#742,#748,#353,.T.);
#940=EDGE_CURVE('',#743,#747,#354,.T.);
#941=EDGE_CURVE('',#708,#727,#355,.T.);
#942=EDGE_CURVE('',#748,#749,#356,.T.);
#943=EDGE_CURVE('',#749,#750,#357,.T.);
#944=EDGE_CURVE('',#750,#751,#358,.T.);
#945=EDGE_CURVE('',#751,#752,#359,.T.);
#946=EDGE_CURVE('',#752,#742,#360,.T.);
#947=EDGE_CURVE('',#753,#754,#15,.T.);
#948=EDGE_CURVE('',#754,#755,#361,.T.);
#949=EDGE_CURVE('',#755,#756,#16,.T.);
#950=EDGE_CURVE('',#756,#753,#362,.T.);
#951=EDGE_CURVE('',#757,#754,#363,.T.);
#952=EDGE_CURVE('',#758,#757,#364,.T.);
#953=EDGE_CURVE('',#755,#758,#365,.T.);
#954=EDGE_CURVE('',#753,#759,#366,.T.);
#955=EDGE_CURVE('',#760,#759,#17,.T.);
#956=EDGE_CURVE('',#761,#760,#367,.T.);
#957=EDGE_CURVE('',#762,#761,#18,.T.);
#958=EDGE_CURVE('',#762,#763,#368,.T.);
#959=EDGE_CURVE('',#757,#763,#19,.T.);
#960=EDGE_CURVE('',#764,#765,#369,.T.);
#961=EDGE_CURVE('',#766,#765,#20,.F.);
#962=EDGE_CURVE('',#766,#767,#370,.T.);
#963=EDGE_CURVE('',#768,#767,#21,.F.);
#964=EDGE_CURVE('',#768,#769,#371,.T.);
#965=EDGE_CURVE('',#770,#769,#22,.F.);
#966=EDGE_CURVE('',#770,#771,#372,.T.);
#967=EDGE_CURVE('',#764,#771,#23,.F.);
#968=EDGE_CURVE('',#772,#758,#24,.T.);
#969=EDGE_CURVE('',#763,#772,#373,.T.);
#970=EDGE_CURVE('',#773,#762,#374,.T.);
#971=EDGE_CURVE('',#772,#773,#375,.T.);
#972=EDGE_CURVE('',#774,#756,#376,.T.);
#973=EDGE_CURVE('',#759,#774,#377,.T.);
#974=EDGE_CURVE('',#775,#776,#25,.T.);
#975=EDGE_CURVE('',#776,#770,#378,.T.);
#976=EDGE_CURVE('',#769,#775,#379,.T.);
#977=EDGE_CURVE('',#777,#776,#380,.T.);
#978=EDGE_CURVE('',#777,#778,#381,.T.);
#979=EDGE_CURVE('',#778,#779,#26,.T.);
#980=EDGE_CURVE('',#779,#780,#382,.T.);
#981=EDGE_CURVE('',#780,#781,#27,.T.);
#982=EDGE_CURVE('',#781,#782,#383,.T.);
#983=EDGE_CURVE('',#782,#783,#384,.T.);
#984=EDGE_CURVE('',#771,#783,#385,.T.);
#985=EDGE_CURVE('',#775,#784,#386,.T.);
#986=EDGE_CURVE('',#785,#784,#28,.T.);
#987=EDGE_CURVE('',#785,#786,#387,.T.);
#988=EDGE_CURVE('',#786,#787,#388,.T.);
#989=EDGE_CURVE('',#787,#788,#389,.T.);
#990=EDGE_CURVE('',#788,#789,#390,.T.);
#991=EDGE_CURVE('',#789,#790,#391,.T.);
#992=EDGE_CURVE('',#791,#790,#29,.T.);
#993=EDGE_CURVE('',#791,#792,#392,.T.);
#994=EDGE_CURVE('',#783,#792,#30,.T.);
#995=EDGE_CURVE('',#782,#793,#393,.T.);
#996=EDGE_CURVE('',#794,#793,#394,.T.);
#997=EDGE_CURVE('',#794,#777,#395,.T.);
#998=EDGE_CURVE('',#795,#796,#396,.T.);
#999=EDGE_CURVE('',#796,#797,#397,.T.);
#1000=EDGE_CURVE('',#797,#798,#398,.T.);
#1001=EDGE_CURVE('',#798,#799,#399,.T.);
#1002=EDGE_CURVE('',#799,#800,#400,.T.);
#1003=EDGE_CURVE('',#800,#801,#401,.T.);
#1004=EDGE_CURVE('',#801,#802,#402,.T.);
#1005=EDGE_CURVE('',#802,#803,#403,.T.);
#1006=EDGE_CURVE('',#803,#804,#404,.T.);
#1007=EDGE_CURVE('',#804,#805,#405,.T.);
#1008=EDGE_CURVE('',#805,#806,#406,.T.);
#1009=EDGE_CURVE('',#806,#795,#407,.T.);
#1010=EDGE_CURVE('',#807,#807,#31,.T.);
#1011=EDGE_CURVE('',#808,#808,#32,.T.);
#1012=EDGE_CURVE('',#809,#809,#33,.T.);
#1013=EDGE_CURVE('',#810,#810,#34,.T.);
#1014=EDGE_CURVE('',#792,#764,#408,.T.);
#1015=EDGE_CURVE('',#765,#791,#409,.T.);
#1016=EDGE_CURVE('',#784,#768,#410,.T.);
#1017=EDGE_CURVE('',#811,#812,#35,.T.);
#1018=EDGE_CURVE('',#794,#811,#411,.T.);
#1019=EDGE_CURVE('',#813,#793,#412,.T.);
#1020=EDGE_CURVE('',#814,#813,#36,.T.);
#1021=EDGE_CURVE('',#812,#814,#413,.T.);
#1022=EDGE_CURVE('',#812,#779,#414,.T.);
#1023=EDGE_CURVE('',#778,#811,#415,.T.);
#1024=EDGE_CURVE('',#780,#814,#416,.T.);
#1025=EDGE_CURVE('',#813,#781,#417,.T.);
#1026=EDGE_CURVE('',#774,#815,#37,.T.);
#1027=EDGE_CURVE('',#815,#760,#418,.T.);
#1028=EDGE_CURVE('',#761,#816,#419,.T.);
#1029=EDGE_CURVE('',#816,#773,#38,.T.);
#1030=EDGE_CURVE('',#815,#816,#420,.T.);
#1031=EDGE_CURVE('',#790,#766,#421,.T.);
#1032=EDGE_CURVE('',#817,#789,#422,.T.);
#1033=EDGE_CURVE('',#818,#817,#39,.T.);
#1034=EDGE_CURVE('',#819,#818,#423,.T.);
#1035=EDGE_CURVE('',#820,#819,#40,.T.);
#1036=EDGE_CURVE('',#786,#820,#424,.T.);
#1037=EDGE_CURVE('',#767,#785,#425,.T.);
#1038=EDGE_CURVE('',#821,#820,#426,.T.);
#1039=EDGE_CURVE('',#821,#787,#427,.T.);
#1040=EDGE_CURVE('',#819,#822,#428,.T.);
#1041=EDGE_CURVE('',#821,#822,#41,.T.);
#1042=EDGE_CURVE('',#823,#818,#429,.T.);
#1043=EDGE_CURVE('',#823,#822,#430,.T.);
#1044=EDGE_CURVE('',#817,#824,#431,.T.);
#1045=EDGE_CURVE('',#823,#824,#42,.T.);
#1046=EDGE_CURVE('',#788,#824,#432,.T.);
#1047=EDGE_CURVE('',#825,#826,#433,.T.);
#1048=EDGE_CURVE('',#750,#826,#434,.T.);
#1049=EDGE_CURVE('',#749,#825,#435,.T.);
#1050=EDGE_CURVE('',#722,#733,#436,.T.);
#1051=EDGE_CURVE('',#798,#827,#437,.T.);
#1052=EDGE_CURVE('',#797,#828,#438,.T.);
#1053=EDGE_CURVE('',#827,#828,#439,.T.);
#1054=EDGE_CURVE('',#829,#795,#440,.T.);
#1055=EDGE_CURVE('',#829,#830,#441,.T.);
#1056=EDGE_CURVE('',#830,#796,#442,.T.);
#1057=EDGE_CURVE('',#828,#830,#443,.T.);
#1058=EDGE_CURVE('',#831,#827,#444,.T.);
#1059=EDGE_CURVE('',#799,#831,#445,.T.);
#1060=EDGE_CURVE('',#832,#825,#446,.T.);
#1061=EDGE_CURVE('',#833,#832,#447,.T.);
#1062=EDGE_CURVE('',#826,#833,#448,.T.);
#1063=EDGE_CURVE('',#804,#834,#449,.T.);
#1064=EDGE_CURVE('',#803,#835,#450,.T.);
#1065=EDGE_CURVE('',#834,#835,#451,.T.);
#1066=EDGE_CURVE('',#836,#801,#452,.T.);
#1067=EDGE_CURVE('',#836,#837,#453,.T.);
#1068=EDGE_CURVE('',#837,#802,#454,.T.);
#1069=EDGE_CURVE('',#835,#837,#455,.T.);
#1070=EDGE_CURVE('',#838,#834,#456,.T.);
#1071=EDGE_CURVE('',#805,#838,#457,.T.);
#1072=EDGE_CURVE('',#839,#800,#458,.T.);
#1073=EDGE_CURVE('',#836,#839,#459,.T.);
#1074=EDGE_CURVE('',#840,#806,#460,.T.);
#1075=EDGE_CURVE('',#829,#840,#461,.T.);
#1076=EDGE_CURVE('',#839,#831,#462,.T.);
#1077=EDGE_CURVE('',#840,#838,#463,.T.);
#1078=EDGE_CURVE('',#810,#841,#464,.T.);
#1079=EDGE_CURVE('',#841,#841,#43,.T.);
#1080=EDGE_CURVE('',#809,#842,#465,.T.);
#1081=EDGE_CURVE('',#842,#842,#44,.T.);
#1082=EDGE_CURVE('',#808,#843,#466,.T.);
#1083=EDGE_CURVE('',#843,#843,#45,.T.);
#1084=EDGE_CURVE('',#807,#844,#467,.T.);
#1085=EDGE_CURVE('',#844,#844,#46,.T.);
#1086=EDGE_CURVE('',#751,#833,#468,.T.);
#1087=EDGE_CURVE('',#752,#832,#469,.T.);
#1088=EDGE_CURVE('',#736,#723,#470,.T.);
#1089=ORIENTED_EDGE('',*,*,#845,.T.);
#1090=ORIENTED_EDGE('',*,*,#846,.F.);
#1091=ORIENTED_EDGE('',*,*,#847,.T.);
#1092=ORIENTED_EDGE('',*,*,#848,.F.);
#1093=ORIENTED_EDGE('',*,*,#849,.T.);
#1094=ORIENTED_EDGE('',*,*,#850,.T.);
#1095=ORIENTED_EDGE('',*,*,#851,.T.);
#1096=ORIENTED_EDGE('',*,*,#852,.F.);
#1097=ORIENTED_EDGE('',*,*,#848,.T.);
#1098=ORIENTED_EDGE('',*,*,#853,.F.);
#1099=ORIENTED_EDGE('',*,*,#854,.T.);
#1100=ORIENTED_EDGE('',*,*,#855,.T.);
#1101=ORIENTED_EDGE('',*,*,#856,.T.);
#1102=ORIENTED_EDGE('',*,*,#857,.T.);
#1103=ORIENTED_EDGE('',*,*,#858,.F.);
#1104=ORIENTED_EDGE('',*,*,#859,.F.);
#1105=ORIENTED_EDGE('',*,*,#846,.T.);
#1106=ORIENTED_EDGE('',*,*,#860,.F.);
#1107=ORIENTED_EDGE('',*,*,#861,.F.);
#1108=ORIENTED_EDGE('',*,*,#862,.T.);
#1109=ORIENTED_EDGE('',*,*,#863,.T.);
#1110=ORIENTED_EDGE('',*,*,#864,.T.);
#1111=ORIENTED_EDGE('',*,*,#865,.T.);
#1112=ORIENTED_EDGE('',*,*,#866,.F.);
#1113=ORIENTED_EDGE('',*,*,#867,.F.);
#1114=ORIENTED_EDGE('',*,*,#868,.F.);
#1115=ORIENTED_EDGE('',*,*,#869,.F.);
#1116=ORIENTED_EDGE('',*,*,#870,.F.);
#1117=ORIENTED_EDGE('',*,*,#871,.T.);
#1118=ORIENTED_EDGE('',*,*,#867,.T.);
#1119=ORIENTED_EDGE('',*,*,#872,.T.);
#1120=ORIENTED_EDGE('',*,*,#873,.F.);
#1121=ORIENTED_EDGE('',*,*,#874,.T.);
#1122=ORIENTED_EDGE('',*,*,#875,.T.);
#1123=ORIENTED_EDGE('',*,*,#876,.T.);
#1124=ORIENTED_EDGE('',*,*,#877,.T.);
#1125=ORIENTED_EDGE('',*,*,#878,.T.);
#1126=ORIENTED_EDGE('',*,*,#879,.T.);
#1127=ORIENTED_EDGE('',*,*,#880,.T.);
#1128=ORIENTED_EDGE('',*,*,#881,.F.);
#1129=ORIENTED_EDGE('',*,*,#853,.T.);
#1130=ORIENTED_EDGE('',*,*,#847,.F.);
#1131=ORIENTED_EDGE('',*,*,#866,.T.);
#1132=ORIENTED_EDGE('',*,*,#882,.T.);
#1133=ORIENTED_EDGE('',*,*,#877,.F.);
#1134=ORIENTED_EDGE('',*,*,#883,.F.);
#1135=ORIENTED_EDGE('',*,*,#884,.F.);
#1136=ORIENTED_EDGE('',*,*,#885,.F.);
#1137=ORIENTED_EDGE('',*,*,#886,.T.);
#1138=ORIENTED_EDGE('',*,*,#884,.T.);
#1139=ORIENTED_EDGE('',*,*,#887,.T.);
#1140=ORIENTED_EDGE('',*,*,#888,.T.);
#1141=ORIENTED_EDGE('',*,*,#855,.F.);
#1142=ORIENTED_EDGE('',*,*,#889,.T.);
#1143=ORIENTED_EDGE('',*,*,#864,.F.);
#1144=ORIENTED_EDGE('',*,*,#890,.T.);
#1145=ORIENTED_EDGE('',*,*,#891,.T.);
#1146=ORIENTED_EDGE('',*,*,#892,.F.);
#1147=ORIENTED_EDGE('',*,*,#893,.T.);
#1148=ORIENTED_EDGE('',*,*,#894,.T.);
#1149=ORIENTED_EDGE('',*,*,#889,.F.);
#1150=ORIENTED_EDGE('',*,*,#854,.F.);
#1151=ORIENTED_EDGE('',*,*,#882,.F.);
#1152=ORIENTED_EDGE('',*,*,#865,.F.);
#1153=ORIENTED_EDGE('',*,*,#859,.T.);
#1154=ORIENTED_EDGE('',*,*,#895,.T.);
#1155=ORIENTED_EDGE('',*,*,#896,.F.);
#1156=ORIENTED_EDGE('',*,*,#897,.T.);
#1157=ORIENTED_EDGE('',*,*,#849,.F.);
#1158=ORIENTED_EDGE('',*,*,#898,.F.);
#1159=ORIENTED_EDGE('',*,*,#899,.T.);
#1160=ORIENTED_EDGE('',*,*,#869,.T.);
#1161=ORIENTED_EDGE('',*,*,#900,.T.);
#1162=ORIENTED_EDGE('',*,*,#901,.F.);
#1163=ORIENTED_EDGE('',*,*,#902,.F.);
#1164=ORIENTED_EDGE('',*,*,#903,.T.);
#1165=ORIENTED_EDGE('',*,*,#904,.F.);
#1166=ORIENTED_EDGE('',*,*,#905,.T.);
#1167=ORIENTED_EDGE('',*,*,#860,.T.);
#1168=ORIENTED_EDGE('',*,*,#845,.F.);
#1169=ORIENTED_EDGE('',*,*,#906,.T.);
#1170=ORIENTED_EDGE('',*,*,#907,.F.);
#1171=ORIENTED_EDGE('',*,*,#908,.T.);
#1172=ORIENTED_EDGE('',*,*,#909,.F.);
#1173=ORIENTED_EDGE('',*,*,#902,.T.);
#1174=ORIENTED_EDGE('',*,*,#910,.F.);
#1175=ORIENTED_EDGE('',*,*,#911,.T.);
#1176=ORIENTED_EDGE('',*,*,#912,.T.);
#1177=ORIENTED_EDGE('',*,*,#913,.T.);
#1178=ORIENTED_EDGE('',*,*,#878,.F.);
#1179=ORIENTED_EDGE('',*,*,#885,.T.);
#1180=ORIENTED_EDGE('',*,*,#886,.F.);
#1181=ORIENTED_EDGE('',*,*,#914,.T.);
#1182=ORIENTED_EDGE('',*,*,#887,.F.);
#1183=ORIENTED_EDGE('',*,*,#883,.T.);
#1184=ORIENTED_EDGE('',*,*,#876,.F.);
#1185=ORIENTED_EDGE('',*,*,#871,.F.);
#1186=ORIENTED_EDGE('',*,*,#915,.F.);
#1187=ORIENTED_EDGE('',*,*,#900,.F.);
#1188=ORIENTED_EDGE('',*,*,#868,.T.);
#1189=ORIENTED_EDGE('',*,*,#916,.F.);
#1190=ORIENTED_EDGE('',*,*,#861,.T.);
#1191=ORIENTED_EDGE('',*,*,#905,.F.);
#1192=ORIENTED_EDGE('',*,*,#917,.T.);
#1193=ORIENTED_EDGE('',*,*,#918,.F.);
#1194=ORIENTED_EDGE('',*,*,#919,.F.);
#1195=ORIENTED_EDGE('',*,*,#903,.F.);
#1196=ORIENTED_EDGE('',*,*,#912,.F.);
#1197=ORIENTED_EDGE('',*,*,#920,.T.);
#1198=ORIENTED_EDGE('',*,*,#921,.F.);
#1199=ORIENTED_EDGE('',*,*,#922,.T.);
#1200=ORIENTED_EDGE('',*,*,#923,.F.);
#1201=ORIENTED_EDGE('',*,*,#880,.F.);
#1202=ORIENTED_EDGE('',*,*,#904,.T.);
#1203=ORIENTED_EDGE('',*,*,#919,.T.);
#1204=ORIENTED_EDGE('',*,*,#924,.F.);
#1205=ORIENTED_EDGE('',*,*,#917,.F.);
#1206=ORIENTED_EDGE('',*,*,#925,.F.);
#1207=ORIENTED_EDGE('',*,*,#926,.T.);
#1208=ORIENTED_EDGE('',*,*,#895,.F.);
#1209=ORIENTED_EDGE('',*,*,#858,.T.);
#1210=ORIENTED_EDGE('',*,*,#857,.F.);
#1211=ORIENTED_EDGE('',*,*,#927,.T.);
#1212=ORIENTED_EDGE('',*,*,#862,.F.);
#1213=ORIENTED_EDGE('',*,*,#916,.T.);
#1214=ORIENTED_EDGE('',*,*,#924,.T.);
#1215=ORIENTED_EDGE('',*,*,#918,.T.);
#1216=ORIENTED_EDGE('',*,*,#911,.F.);
#1217=ORIENTED_EDGE('',*,*,#928,.F.);
#1218=ORIENTED_EDGE('',*,*,#851,.F.);
#1219=ORIENTED_EDGE('',*,*,#929,.T.);
#1220=ORIENTED_EDGE('',*,*,#930,.F.);
#1221=ORIENTED_EDGE('',*,*,#925,.T.);
#1222=ORIENTED_EDGE('',*,*,#907,.T.);
#1223=ORIENTED_EDGE('',*,*,#931,.F.);
#1224=ORIENTED_EDGE('',*,*,#894,.F.);
#1225=ORIENTED_EDGE('',*,*,#932,.F.);
#1226=ORIENTED_EDGE('',*,*,#929,.F.);
#1227=ORIENTED_EDGE('',*,*,#850,.F.);
#1228=ORIENTED_EDGE('',*,*,#897,.F.);
#1229=ORIENTED_EDGE('',*,*,#933,.F.);
#1230=ORIENTED_EDGE('',*,*,#934,.T.);
#1231=ORIENTED_EDGE('',*,*,#874,.F.);
#1232=ORIENTED_EDGE('',*,*,#935,.F.);
#1233=ORIENTED_EDGE('',*,*,#936,.F.);
#1234=ORIENTED_EDGE('',*,*,#937,.F.);
#1235=ORIENTED_EDGE('',*,*,#930,.T.);
#1236=ORIENTED_EDGE('',*,*,#933,.T.);
#1237=ORIENTED_EDGE('',*,*,#896,.T.);
#1238=ORIENTED_EDGE('',*,*,#926,.F.);
#1239=ORIENTED_EDGE('',*,*,#914,.F.);
#1240=ORIENTED_EDGE('',*,*,#875,.F.);
#1241=ORIENTED_EDGE('',*,*,#934,.F.);
#1242=ORIENTED_EDGE('',*,*,#938,.F.);
#1243=ORIENTED_EDGE('',*,*,#920,.F.);
#1244=ORIENTED_EDGE('',*,*,#879,.F.);
#1245=ORIENTED_EDGE('',*,*,#913,.F.);
#1246=ORIENTED_EDGE('',*,*,#890,.F.);
#1247=ORIENTED_EDGE('',*,*,#863,.F.);
#1248=ORIENTED_EDGE('',*,*,#927,.F.);
#1249=ORIENTED_EDGE('',*,*,#856,.F.);
#1250=ORIENTED_EDGE('',*,*,#888,.F.);
#1251=ORIENTED_EDGE('',*,*,#939,.T.);
#1252=ORIENTED_EDGE('',*,*,#936,.T.);
#1253=ORIENTED_EDGE('',*,*,#940,.F.);
#1254=ORIENTED_EDGE('',*,*,#922,.F.);
#1255=ORIENTED_EDGE('',*,*,#915,.T.);
#1256=ORIENTED_EDGE('',*,*,#881,.T.);
#1257=ORIENTED_EDGE('',*,*,#923,.T.);
#1258=ORIENTED_EDGE('',*,*,#940,.T.);
#1259=ORIENTED_EDGE('',*,*,#935,.T.);
#1260=ORIENTED_EDGE('',*,*,#873,.T.);
#1261=ORIENTED_EDGE('',*,*,#941,.T.);
#1262=ORIENTED_EDGE('',*,*,#898,.T.);
#1263=ORIENTED_EDGE('',*,*,#852,.T.);
#1264=ORIENTED_EDGE('',*,*,#928,.T.);
#1265=ORIENTED_EDGE('',*,*,#910,.T.);
#1266=ORIENTED_EDGE('',*,*,#901,.T.);
#1267=ORIENTED_EDGE('',*,*,#899,.F.);
#1268=ORIENTED_EDGE('',*,*,#941,.F.);
#1269=ORIENTED_EDGE('',*,*,#872,.F.);
#1270=ORIENTED_EDGE('',*,*,#870,.T.);
#1271=ORIENTED_EDGE('',*,*,#937,.T.);
#1272=ORIENTED_EDGE('',*,*,#942,.T.);
#1273=ORIENTED_EDGE('',*,*,#943,.T.);
#1274=ORIENTED_EDGE('',*,*,#944,.T.);
#1275=ORIENTED_EDGE('',*,*,#945,.T.);
#1276=ORIENTED_EDGE('',*,*,#946,.T.);
#1277=ORIENTED_EDGE('',*,*,#921,.T.);
#1278=ORIENTED_EDGE('',*,*,#938,.T.);
#1279=ORIENTED_EDGE('',*,*,#947,.T.);
#1280=ORIENTED_EDGE('',*,*,#948,.T.);
#1281=ORIENTED_EDGE('',*,*,#949,.T.);
#1282=ORIENTED_EDGE('',*,*,#950,.T.);
#1283=ORIENTED_EDGE('',*,*,#948,.F.);
#1284=ORIENTED_EDGE('',*,*,#951,.F.);
#1285=ORIENTED_EDGE('',*,*,#952,.F.);
#1286=ORIENTED_EDGE('',*,*,#953,.F.);
#1287=ORIENTED_EDGE('',*,*,#947,.F.);
#1288=ORIENTED_EDGE('',*,*,#954,.T.);
#1289=ORIENTED_EDGE('',*,*,#955,.F.);
#1290=ORIENTED_EDGE('',*,*,#956,.F.);
#1291=ORIENTED_EDGE('',*,*,#957,.F.);
#1292=ORIENTED_EDGE('',*,*,#958,.T.);
#1293=ORIENTED_EDGE('',*,*,#959,.F.);
#1294=ORIENTED_EDGE('',*,*,#951,.T.);
#1295=ORIENTED_EDGE('',*,*,#960,.T.);
#1296=ORIENTED_EDGE('',*,*,#961,.F.);
#1297=ORIENTED_EDGE('',*,*,#962,.T.);
#1298=ORIENTED_EDGE('',*,*,#963,.F.);
#1299=ORIENTED_EDGE('',*,*,#964,.T.);
#1300=ORIENTED_EDGE('',*,*,#965,.F.);
#1301=ORIENTED_EDGE('',*,*,#966,.T.);
#1302=ORIENTED_EDGE('',*,*,#967,.F.);
#1303=ORIENTED_EDGE('',*,*,#968,.T.);
#1304=ORIENTED_EDGE('',*,*,#952,.T.);
#1305=ORIENTED_EDGE('',*,*,#959,.T.);
#1306=ORIENTED_EDGE('',*,*,#969,.T.);
#1307=ORIENTED_EDGE('',*,*,#969,.F.);
#1308=ORIENTED_EDGE('',*,*,#958,.F.);
#1309=ORIENTED_EDGE('',*,*,#970,.F.);
#1310=ORIENTED_EDGE('',*,*,#971,.F.);
#1311=ORIENTED_EDGE('',*,*,#950,.F.);
#1312=ORIENTED_EDGE('',*,*,#972,.F.);
#1313=ORIENTED_EDGE('',*,*,#973,.F.);
#1314=ORIENTED_EDGE('',*,*,#954,.F.);
#1315=ORIENTED_EDGE('',*,*,#974,.T.);
#1316=ORIENTED_EDGE('',*,*,#975,.T.);
#1317=ORIENTED_EDGE('',*,*,#965,.T.);
#1318=ORIENTED_EDGE('',*,*,#976,.T.);
#1319=ORIENTED_EDGE('',*,*,#975,.F.);
#1320=ORIENTED_EDGE('',*,*,#977,.F.);
#1321=ORIENTED_EDGE('',*,*,#978,.T.);
#1322=ORIENTED_EDGE('',*,*,#979,.T.);
#1323=ORIENTED_EDGE('',*,*,#980,.T.);
#1324=ORIENTED_EDGE('',*,*,#981,.T.);
#1325=ORIENTED_EDGE('',*,*,#982,.T.);
#1326=ORIENTED_EDGE('',*,*,#983,.T.);
#1327=ORIENTED_EDGE('',*,*,#984,.F.);
#1328=ORIENTED_EDGE('',*,*,#966,.F.);
#1329=ORIENTED_EDGE('',*,*,#974,.F.);
#1330=ORIENTED_EDGE('',*,*,#985,.T.);
#1331=ORIENTED_EDGE('',*,*,#986,.F.);
#1332=ORIENTED_EDGE('',*,*,#987,.T.);
#1333=ORIENTED_EDGE('',*,*,#988,.T.);
#1334=ORIENTED_EDGE('',*,*,#989,.T.);
#1335=ORIENTED_EDGE('',*,*,#990,.T.);
#1336=ORIENTED_EDGE('',*,*,#991,.T.);
#1337=ORIENTED_EDGE('',*,*,#992,.F.);
#1338=ORIENTED_EDGE('',*,*,#993,.T.);
#1339=ORIENTED_EDGE('',*,*,#994,.F.);
#1340=ORIENTED_EDGE('',*,*,#983,.F.);
#1341=ORIENTED_EDGE('',*,*,#995,.T.);
#1342=ORIENTED_EDGE('',*,*,#996,.F.);
#1343=ORIENTED_EDGE('',*,*,#997,.T.);
#1344=ORIENTED_EDGE('',*,*,#977,.T.);
#1345=ORIENTED_EDGE('',*,*,#998,.T.);
#1346=ORIENTED_EDGE('',*,*,#999,.T.);
#1347=ORIENTED_EDGE('',*,*,#1000,.T.);
#1348=ORIENTED_EDGE('',*,*,#1001,.T.);
#1349=ORIENTED_EDGE('',*,*,#1002,.T.);
#1350=ORIENTED_EDGE('',*,*,#1003,.T.);
#1351=ORIENTED_EDGE('',*,*,#1004,.T.);
#1352=ORIENTED_EDGE('',*,*,#1005,.T.);
#1353=ORIENTED_EDGE('',*,*,#1006,.T.);
#1354=ORIENTED_EDGE('',*,*,#1007,.T.);
#1355=ORIENTED_EDGE('',*,*,#1008,.T.);
#1356=ORIENTED_EDGE('',*,*,#1009,.T.);
#1357=ORIENTED_EDGE('',*,*,#1010,.T.);
#1358=ORIENTED_EDGE('',*,*,#1011,.T.);
#1359=ORIENTED_EDGE('',*,*,#1012,.T.);
#1360=ORIENTED_EDGE('',*,*,#1013,.T.);
#1361=ORIENTED_EDGE('',*,*,#994,.T.);
#1362=ORIENTED_EDGE('',*,*,#1014,.T.);
#1363=ORIENTED_EDGE('',*,*,#967,.T.);
#1364=ORIENTED_EDGE('',*,*,#984,.T.);
#1365=ORIENTED_EDGE('',*,*,#1014,.F.);
#1366=ORIENTED_EDGE('',*,*,#993,.F.);
#1367=ORIENTED_EDGE('',*,*,#1015,.F.);
#1368=ORIENTED_EDGE('',*,*,#960,.F.);
#1369=ORIENTED_EDGE('',*,*,#976,.F.);
#1370=ORIENTED_EDGE('',*,*,#964,.F.);
#1371=ORIENTED_EDGE('',*,*,#1016,.F.);
#1372=ORIENTED_EDGE('',*,*,#985,.F.);
#1373=ORIENTED_EDGE('',*,*,#1017,.F.);
#1374=ORIENTED_EDGE('',*,*,#1018,.F.);
#1375=ORIENTED_EDGE('',*,*,#996,.T.);
#1376=ORIENTED_EDGE('',*,*,#1019,.F.);
#1377=ORIENTED_EDGE('',*,*,#1020,.F.);
#1378=ORIENTED_EDGE('',*,*,#1021,.F.);
#1379=ORIENTED_EDGE('',*,*,#1017,.T.);
#1380=ORIENTED_EDGE('',*,*,#1022,.T.);
#1381=ORIENTED_EDGE('',*,*,#979,.F.);
#1382=ORIENTED_EDGE('',*,*,#1023,.T.);
#1383=ORIENTED_EDGE('',*,*,#1021,.T.);
#1384=ORIENTED_EDGE('',*,*,#1024,.F.);
#1385=ORIENTED_EDGE('',*,*,#980,.F.);
#1386=ORIENTED_EDGE('',*,*,#1022,.F.);
#1387=ORIENTED_EDGE('',*,*,#1020,.T.);
#1388=ORIENTED_EDGE('',*,*,#1025,.T.);
#1389=ORIENTED_EDGE('',*,*,#981,.F.);
#1390=ORIENTED_EDGE('',*,*,#1024,.T.);
#1391=ORIENTED_EDGE('',*,*,#1019,.T.);
#1392=ORIENTED_EDGE('',*,*,#995,.F.);
#1393=ORIENTED_EDGE('',*,*,#982,.F.);
#1394=ORIENTED_EDGE('',*,*,#1025,.F.);
#1395=ORIENTED_EDGE('',*,*,#1026,.T.);
#1396=ORIENTED_EDGE('',*,*,#1027,.T.);
#1397=ORIENTED_EDGE('',*,*,#955,.T.);
#1398=ORIENTED_EDGE('',*,*,#973,.T.);
#1399=ORIENTED_EDGE('',*,*,#957,.T.);
#1400=ORIENTED_EDGE('',*,*,#1028,.T.);
#1401=ORIENTED_EDGE('',*,*,#1029,.T.);
#1402=ORIENTED_EDGE('',*,*,#970,.T.);
#1403=ORIENTED_EDGE('',*,*,#1027,.F.);
#1404=ORIENTED_EDGE('',*,*,#1030,.T.);
#1405=ORIENTED_EDGE('',*,*,#1028,.F.);
#1406=ORIENTED_EDGE('',*,*,#956,.T.);
#1407=ORIENTED_EDGE('',*,*,#992,.T.);
#1408=ORIENTED_EDGE('',*,*,#1031,.T.);
#1409=ORIENTED_EDGE('',*,*,#961,.T.);
#1410=ORIENTED_EDGE('',*,*,#1015,.T.);
#1411=ORIENTED_EDGE('',*,*,#1031,.F.);
#1412=ORIENTED_EDGE('',*,*,#991,.F.);
#1413=ORIENTED_EDGE('',*,*,#1032,.F.);
#1414=ORIENTED_EDGE('',*,*,#1033,.F.);
#1415=ORIENTED_EDGE('',*,*,#1034,.F.);
#1416=ORIENTED_EDGE('',*,*,#1035,.F.);
#1417=ORIENTED_EDGE('',*,*,#1036,.F.);
#1418=ORIENTED_EDGE('',*,*,#987,.F.);
#1419=ORIENTED_EDGE('',*,*,#1037,.F.);
#1420=ORIENTED_EDGE('',*,*,#962,.F.);
#1421=ORIENTED_EDGE('',*,*,#986,.T.);
#1422=ORIENTED_EDGE('',*,*,#1016,.T.);
#1423=ORIENTED_EDGE('',*,*,#963,.T.);
#1424=ORIENTED_EDGE('',*,*,#1037,.T.);
#1425=ORIENTED_EDGE('',*,*,#1018,.T.);
#1426=ORIENTED_EDGE('',*,*,#1023,.F.);
#1427=ORIENTED_EDGE('',*,*,#978,.F.);
#1428=ORIENTED_EDGE('',*,*,#997,.F.);
#1429=ORIENTED_EDGE('',*,*,#1038,.F.);
#1430=ORIENTED_EDGE('',*,*,#1039,.T.);
#1431=ORIENTED_EDGE('',*,*,#988,.F.);
#1432=ORIENTED_EDGE('',*,*,#1036,.T.);
#1433=ORIENTED_EDGE('',*,*,#1035,.T.);
#1434=ORIENTED_EDGE('',*,*,#1040,.T.);
#1435=ORIENTED_EDGE('',*,*,#1041,.F.);
#1436=ORIENTED_EDGE('',*,*,#1038,.T.);
#1437=ORIENTED_EDGE('',*,*,#1034,.T.);
#1438=ORIENTED_EDGE('',*,*,#1042,.F.);
#1439=ORIENTED_EDGE('',*,*,#1043,.T.);
#1440=ORIENTED_EDGE('',*,*,#1040,.F.);
#1441=ORIENTED_EDGE('',*,*,#1033,.T.);
#1442=ORIENTED_EDGE('',*,*,#1044,.T.);
#1443=ORIENTED_EDGE('',*,*,#1045,.F.);
#1444=ORIENTED_EDGE('',*,*,#1042,.T.);
#1445=ORIENTED_EDGE('',*,*,#1032,.T.);
#1446=ORIENTED_EDGE('',*,*,#990,.F.);
#1447=ORIENTED_EDGE('',*,*,#1046,.T.);
#1448=ORIENTED_EDGE('',*,*,#1044,.F.);
#1449=ORIENTED_EDGE('',*,*,#1047,.T.);
#1450=ORIENTED_EDGE('',*,*,#1048,.F.);
#1451=ORIENTED_EDGE('',*,*,#943,.F.);
#1452=ORIENTED_EDGE('',*,*,#1049,.T.);
#1453=ORIENTED_EDGE('',*,*,#891,.F.);
#1454=ORIENTED_EDGE('',*,*,#931,.T.);
#1455=ORIENTED_EDGE('',*,*,#906,.F.);
#1456=ORIENTED_EDGE('',*,*,#1050,.F.);
#1457=ORIENTED_EDGE('',*,*,#1051,.F.);
#1458=ORIENTED_EDGE('',*,*,#1000,.F.);
#1459=ORIENTED_EDGE('',*,*,#1052,.T.);
#1460=ORIENTED_EDGE('',*,*,#1053,.F.);
#1461=ORIENTED_EDGE('',*,*,#1054,.F.);
#1462=ORIENTED_EDGE('',*,*,#1055,.T.);
#1463=ORIENTED_EDGE('',*,*,#1056,.T.);
#1464=ORIENTED_EDGE('',*,*,#998,.F.);
#1465=ORIENTED_EDGE('',*,*,#1052,.F.);
#1466=ORIENTED_EDGE('',*,*,#999,.F.);
#1467=ORIENTED_EDGE('',*,*,#1056,.F.);
#1468=ORIENTED_EDGE('',*,*,#1057,.F.);
#1469=ORIENTED_EDGE('',*,*,#1051,.T.);
#1470=ORIENTED_EDGE('',*,*,#1058,.F.);
#1471=ORIENTED_EDGE('',*,*,#1059,.F.);
#1472=ORIENTED_EDGE('',*,*,#1001,.F.);
#1473=ORIENTED_EDGE('',*,*,#949,.F.);
#1474=ORIENTED_EDGE('',*,*,#953,.T.);
#1475=ORIENTED_EDGE('',*,*,#968,.F.);
#1476=ORIENTED_EDGE('',*,*,#971,.T.);
#1477=ORIENTED_EDGE('',*,*,#1029,.F.);
#1478=ORIENTED_EDGE('',*,*,#1030,.F.);
#1479=ORIENTED_EDGE('',*,*,#1026,.F.);
#1480=ORIENTED_EDGE('',*,*,#972,.T.);
#1481=ORIENTED_EDGE('',*,*,#1047,.F.);
#1482=ORIENTED_EDGE('',*,*,#1060,.F.);
#1483=ORIENTED_EDGE('',*,*,#1061,.F.);
#1484=ORIENTED_EDGE('',*,*,#1062,.F.);
#1485=ORIENTED_EDGE('',*,*,#1045,.T.);
#1486=ORIENTED_EDGE('',*,*,#1046,.F.);
#1487=ORIENTED_EDGE('',*,*,#989,.F.);
#1488=ORIENTED_EDGE('',*,*,#1039,.F.);
#1489=ORIENTED_EDGE('',*,*,#1041,.T.);
#1490=ORIENTED_EDGE('',*,*,#1043,.F.);
#1491=ORIENTED_EDGE('',*,*,#1063,.F.);
#1492=ORIENTED_EDGE('',*,*,#1006,.F.);
#1493=ORIENTED_EDGE('',*,*,#1064,.T.);
#1494=ORIENTED_EDGE('',*,*,#1065,.F.);
#1495=ORIENTED_EDGE('',*,*,#1066,.F.);
#1496=ORIENTED_EDGE('',*,*,#1067,.T.);
#1497=ORIENTED_EDGE('',*,*,#1068,.T.);
#1498=ORIENTED_EDGE('',*,*,#1004,.F.);
#1499=ORIENTED_EDGE('',*,*,#1068,.F.);
#1500=ORIENTED_EDGE('',*,*,#1069,.F.);
#1501=ORIENTED_EDGE('',*,*,#1064,.F.);
#1502=ORIENTED_EDGE('',*,*,#1005,.F.);
#1503=ORIENTED_EDGE('',*,*,#1063,.T.);
#1504=ORIENTED_EDGE('',*,*,#1070,.F.);
#1505=ORIENTED_EDGE('',*,*,#1071,.F.);
#1506=ORIENTED_EDGE('',*,*,#1007,.F.);
#1507=ORIENTED_EDGE('',*,*,#1066,.T.);
#1508=ORIENTED_EDGE('',*,*,#1003,.F.);
#1509=ORIENTED_EDGE('',*,*,#1072,.F.);
#1510=ORIENTED_EDGE('',*,*,#1073,.F.);
#1511=ORIENTED_EDGE('',*,*,#1054,.T.);
#1512=ORIENTED_EDGE('',*,*,#1009,.F.);
#1513=ORIENTED_EDGE('',*,*,#1074,.F.);
#1514=ORIENTED_EDGE('',*,*,#1075,.F.);
#1515=ORIENTED_EDGE('',*,*,#1076,.F.);
#1516=ORIENTED_EDGE('',*,*,#1072,.T.);
#1517=ORIENTED_EDGE('',*,*,#1002,.F.);
#1518=ORIENTED_EDGE('',*,*,#1059,.T.);
#1519=ORIENTED_EDGE('',*,*,#1077,.F.);
#1520=ORIENTED_EDGE('',*,*,#1074,.T.);
#1521=ORIENTED_EDGE('',*,*,#1008,.F.);
#1522=ORIENTED_EDGE('',*,*,#1071,.T.);
#1523=ORIENTED_EDGE('',*,*,#1013,.F.);
#1524=ORIENTED_EDGE('',*,*,#1078,.T.);
#1525=ORIENTED_EDGE('',*,*,#1079,.T.);
#1526=ORIENTED_EDGE('',*,*,#1078,.F.);
#1527=ORIENTED_EDGE('',*,*,#1079,.F.);
#1528=ORIENTED_EDGE('',*,*,#1012,.F.);
#1529=ORIENTED_EDGE('',*,*,#1080,.T.);
#1530=ORIENTED_EDGE('',*,*,#1081,.T.);
#1531=ORIENTED_EDGE('',*,*,#1080,.F.);
#1532=ORIENTED_EDGE('',*,*,#1081,.F.);
#1533=ORIENTED_EDGE('',*,*,#1011,.F.);
#1534=ORIENTED_EDGE('',*,*,#1082,.T.);
#1535=ORIENTED_EDGE('',*,*,#1083,.T.);
#1536=ORIENTED_EDGE('',*,*,#1082,.F.);
#1537=ORIENTED_EDGE('',*,*,#1083,.F.);
#1538=ORIENTED_EDGE('',*,*,#1010,.F.);
#1539=ORIENTED_EDGE('',*,*,#1084,.T.);
#1540=ORIENTED_EDGE('',*,*,#1085,.T.);
#1541=ORIENTED_EDGE('',*,*,#1084,.F.);
#1542=ORIENTED_EDGE('',*,*,#1085,.F.);
#1543=ORIENTED_EDGE('',*,*,#944,.F.);
#1544=ORIENTED_EDGE('',*,*,#1048,.T.);
#1545=ORIENTED_EDGE('',*,*,#1062,.T.);
#1546=ORIENTED_EDGE('',*,*,#1086,.F.);
#1547=ORIENTED_EDGE('',*,*,#946,.F.);
#1548=ORIENTED_EDGE('',*,*,#1087,.T.);
#1549=ORIENTED_EDGE('',*,*,#1060,.T.);
#1550=ORIENTED_EDGE('',*,*,#1049,.F.);
#1551=ORIENTED_EDGE('',*,*,#942,.F.);
#1552=ORIENTED_EDGE('',*,*,#939,.F.);
#1553=ORIENTED_EDGE('',*,*,#1061,.T.);
#1554=ORIENTED_EDGE('',*,*,#1087,.F.);
#1555=ORIENTED_EDGE('',*,*,#945,.F.);
#1556=ORIENTED_EDGE('',*,*,#1086,.T.);
#1557=ORIENTED_EDGE('',*,*,#1075,.T.);
#1558=ORIENTED_EDGE('',*,*,#1077,.T.);
#1559=ORIENTED_EDGE('',*,*,#1070,.T.);
#1560=ORIENTED_EDGE('',*,*,#1065,.T.);
#1561=ORIENTED_EDGE('',*,*,#1069,.T.);
#1562=ORIENTED_EDGE('',*,*,#1067,.F.);
#1563=ORIENTED_EDGE('',*,*,#1073,.T.);
#1564=ORIENTED_EDGE('',*,*,#1076,.T.);
#1565=ORIENTED_EDGE('',*,*,#1058,.T.);
#1566=ORIENTED_EDGE('',*,*,#1053,.T.);
#1567=ORIENTED_EDGE('',*,*,#1057,.T.);
#1568=ORIENTED_EDGE('',*,*,#1055,.F.);
#1569=ORIENTED_EDGE('',*,*,#909,.T.);
#1570=ORIENTED_EDGE('',*,*,#1088,.T.);
#1571=ORIENTED_EDGE('',*,*,#892,.T.);
#1572=ORIENTED_EDGE('',*,*,#1050,.T.);
#1573=ORIENTED_EDGE('',*,*,#908,.F.);
#1574=ORIENTED_EDGE('',*,*,#932,.T.);
#1575=ORIENTED_EDGE('',*,*,#893,.F.);
#1576=ORIENTED_EDGE('',*,*,#1088,.F.);
#1577=PLANE('',#1747);
#1578=PLANE('',#1748);
#1579=PLANE('',#1749);
#1580=PLANE('',#1750);
#1581=PLANE('',#1751);
#1582=PLANE('',#1752);
#1583=PLANE('',#1753);
#1584=PLANE('',#1754);
#1585=PLANE('',#1755);
#1586=PLANE('',#1756);
#1587=PLANE('',#1757);
#1588=PLANE('',#1758);
#1589=PLANE('',#1759);
#1590=PLANE('',#1760);
#1591=PLANE('',#1761);
#1592=PLANE('',#1762);
#1593=PLANE('',#1763);
#1594=PLANE('',#1764);
#1595=PLANE('',#1765);
#1596=PLANE('',#1766);
#1597=PLANE('',#1767);
#1598=PLANE('',#1768);
#1599=PLANE('',#1769);
#1600=PLANE('',#1770);
#1601=PLANE('',#1771);
#1602=PLANE('',#1772);
#1603=PLANE('',#1773);
#1604=PLANE('',#1774);
#1605=PLANE('',#1778);
#1606=PLANE('',#1779);
#1607=PLANE('',#1789);
#1608=PLANE('',#1790);
#1609=PLANE('',#1793);
#1610=PLANE('',#1796);
#1611=PLANE('',#1805);
#1612=PLANE('',#1806);
#1613=PLANE('',#1807);
#1614=PLANE('',#1811);
#1615=PLANE('',#1813);
#1616=PLANE('',#1818);
#1617=PLANE('',#1820);
#1618=PLANE('',#1824);
#1619=PLANE('',#1825);
#1620=PLANE('',#1828);
#1621=PLANE('',#1831);
#1622=PLANE('',#1832);
#1623=PLANE('',#1833);
#1624=PLANE('',#1834);
#1625=PLANE('',#1835);
#1626=PLANE('',#1836);
#1627=PLANE('',#1837);
#1628=PLANE('',#1838);
#1629=PLANE('',#1839);
#1630=PLANE('',#1840);
#1631=PLANE('',#1841);
#1632=PLANE('',#1842);
#1633=PLANE('',#1843);
#1634=PLANE('',#1844);
#1635=PLANE('',#1845);
#1636=PLANE('',#1846);
#1637=PLANE('',#1847);
#1638=PLANE('',#1850);
#1639=PLANE('',#1853);
#1640=PLANE('',#1856);
#1641=PLANE('',#1859);
#1642=PLANE('',#1860);
#1643=PLANE('',#1861);
#1644=PLANE('',#1862);
#1645=PLANE('',#1863);
#1646=PLANE('',#1864);
#1647=ADVANCED_FACE('',(#75),#1577,.T.);
#1648=ADVANCED_FACE('',(#76),#1578,.F.);
#1649=ADVANCED_FACE('',(#77),#1579,.F.);
#1650=ADVANCED_FACE('',(#78),#1580,.F.);
#1651=ADVANCED_FACE('',(#79),#1581,.F.);
#1652=ADVANCED_FACE('',(#80,#63),#1582,.T.);
#1653=ADVANCED_FACE('',(#81),#1583,.F.);
#1654=ADVANCED_FACE('',(#82),#1584,.F.);
#1655=ADVANCED_FACE('',(#83),#1585,.F.);
#1656=ADVANCED_FACE('',(#84),#1586,.F.);
#1657=ADVANCED_FACE('',(#85),#1587,.F.);
#1658=ADVANCED_FACE('',(#86),#1588,.F.);
#1659=ADVANCED_FACE('',(#87),#1589,.F.);
#1660=ADVANCED_FACE('',(#88),#1590,.F.);
#1661=ADVANCED_FACE('',(#89),#1591,.F.);
#1662=ADVANCED_FACE('',(#90),#1592,.F.);
#1663=ADVANCED_FACE('',(#91),#1593,.T.);
#1664=ADVANCED_FACE('',(#92),#1594,.F.);
#1665=ADVANCED_FACE('',(#93,#64),#1595,.F.);
#1666=ADVANCED_FACE('',(#94),#1596,.T.);
#1667=ADVANCED_FACE('',(#95,#65),#1597,.T.);
#1668=ADVANCED_FACE('',(#96),#1598,.F.);
#1669=ADVANCED_FACE('',(#97,#66),#1599,.F.);
#1670=ADVANCED_FACE('',(#98),#1600,.F.);
#1671=ADVANCED_FACE('',(#99),#1601,.T.);
#1672=ADVANCED_FACE('',(#100),#1602,.T.);
#1673=ADVANCED_FACE('',(#101),#1603,.F.);
#1674=ADVANCED_FACE('',(#102),#1604,.T.);
#1675=ADVANCED_FACE('',(#103),#47,.T.);
#1676=ADVANCED_FACE('',(#104),#1605,.T.);
#1677=ADVANCED_FACE('',(#105,#67),#1606,.T.);
#1678=ADVANCED_FACE('',(#106),#48,.T.);
#1679=ADVANCED_FACE('',(#107),#1607,.T.);
#1680=ADVANCED_FACE('',(#108),#1608,.T.);
#1681=ADVANCED_FACE('',(#109),#49,.T.);
#1682=ADVANCED_FACE('',(#110),#1609,.T.);
#1683=ADVANCED_FACE('',(#111,#68,#69,#70,#71,#72),#1610,.F.);
#1684=ADVANCED_FACE('',(#112),#50,.T.);
#1685=ADVANCED_FACE('',(#113),#1611,.T.);
#1686=ADVANCED_FACE('',(#114),#1612,.T.);
#1687=ADVANCED_FACE('',(#115),#1613,.F.);
#1688=ADVANCED_FACE('',(#116),#51,.F.);
#1689=ADVANCED_FACE('',(#117),#1614,.F.);
#1690=ADVANCED_FACE('',(#118),#52,.F.);
#1691=ADVANCED_FACE('',(#119),#1615,.F.);
#1692=ADVANCED_FACE('',(#120),#53,.T.);
#1693=ADVANCED_FACE('',(#121),#54,.T.);
#1694=ADVANCED_FACE('',(#122),#1616,.T.);
#1695=ADVANCED_FACE('',(#123),#55,.T.);
#1696=ADVANCED_FACE('',(#124),#1617,.T.);
#1697=ADVANCED_FACE('',(#125),#56,.T.);
#1698=ADVANCED_FACE('',(#126),#1618,.F.);
#1699=ADVANCED_FACE('',(#127),#1619,.F.);
#1700=ADVANCED_FACE('',(#128),#57,.F.);
#1701=ADVANCED_FACE('',(#129),#1620,.F.);
#1702=ADVANCED_FACE('',(#130),#58,.F.);
#1703=ADVANCED_FACE('',(#131),#1621,.F.);
#1704=ADVANCED_FACE('',(#132),#1622,.F.);
#1705=ADVANCED_FACE('',(#133),#1623,.F.);
#1706=ADVANCED_FACE('',(#134),#1624,.F.);
#1707=ADVANCED_FACE('',(#135),#1625,.F.);
#1708=ADVANCED_FACE('',(#136),#1626,.F.);
#1709=ADVANCED_FACE('',(#137),#1627,.F.);
#1710=ADVANCED_FACE('',(#138,#73),#1628,.F.);
#1711=ADVANCED_FACE('',(#139),#1629,.F.);
#1712=ADVANCED_FACE('',(#140),#1630,.F.);
#1713=ADVANCED_FACE('',(#141),#1631,.F.);
#1714=ADVANCED_FACE('',(#142),#1632,.F.);
#1715=ADVANCED_FACE('',(#143),#1633,.F.);
#1716=ADVANCED_FACE('',(#144),#1634,.F.);
#1717=ADVANCED_FACE('',(#145),#1635,.F.);
#1718=ADVANCED_FACE('',(#146),#1636,.F.);
#1719=ADVANCED_FACE('',(#147),#1637,.F.);
#1720=ADVANCED_FACE('',(#148),#59,.F.);
#1721=ADVANCED_FACE('',(#149),#1638,.F.);
#1722=ADVANCED_FACE('',(#150),#60,.F.);
#1723=ADVANCED_FACE('',(#151),#1639,.F.);
#1724=ADVANCED_FACE('',(#152),#61,.F.);
#1725=ADVANCED_FACE('',(#153),#1640,.F.);
#1726=ADVANCED_FACE('',(#154),#62,.F.);
#1727=ADVANCED_FACE('',(#155),#1641,.F.);
#1728=ADVANCED_FACE('',(#156),#1642,.F.);
#1729=ADVANCED_FACE('',(#157),#1643,.F.);
#1730=ADVANCED_FACE('',(#158),#1644,.F.);
#1731=ADVANCED_FACE('',(#159,#74),#1645,.T.);
#1732=ADVANCED_FACE('',(#160),#1646,.F.);
#1733=CLOSED_SHELL('',(#1647,#1648,#1649,#1650,#1651,#1652,#1653,#1654,
#1655,#1656,#1657,#1658,#1659,#1660,#1661,#1662,#1663,#1664,#1665,#1666,
#1667,#1668,#1669,#1670,#1671,#1672,#1673,#1674,#1675,#1676,#1677,#1678,
#1679,#1680,#1681,#1682,#1683,#1684,#1685,#1686,#1687,#1688,#1689,#1690,
#1691,#1692,#1693,#1694,#1695,#1696,#1697,#1698,#1699,#1700,#1701,#1702,
#1703,#1704,#1705,#1706,#1707,#1708,#1709,#1710,#1711,#1712,#1713,#1714,
#1715,#1716,#1717,#1718,#1719,#1720,#1721,#1722,#1723,#1724,#1725,#1726,
#1727,#1728,#1729,#1730,#1731,#1732));
#1734=DERIVED_UNIT_ELEMENT(#1736,1.);
#1735=DERIVED_UNIT_ELEMENT(#2813,-3.);
#1736=(
MASS_UNIT()
NAMED_UNIT(*)
SI_UNIT(.KILO.,.GRAM.)
);
#1737=DERIVED_UNIT((#1734,#1735));
#1738=MEASURE_REPRESENTATION_ITEM('density measure',
POSITIVE_RATIO_MEASURE(7850.),#1737);
#1739=PROPERTY_DEFINITION_REPRESENTATION(#1744,#1741);
#1740=PROPERTY_DEFINITION_REPRESENTATION(#1745,#1742);
#1741=REPRESENTATION('material name',(#1743),#2810);
#1742=REPRESENTATION('density',(#1738),#2810);
#1743=DESCRIPTIVE_REPRESENTATION_ITEM('\X2\94A2\X0\','\X2\94A2\X0\');
#1744=PROPERTY_DEFINITION('material property','material name',#2820);
#1745=PROPERTY_DEFINITION('material property','density of part',#2820);
#1746=AXIS2_PLACEMENT_3D('',#2315,#1865,#1866);
#1747=AXIS2_PLACEMENT_3D('',#2316,#1867,#1868);
#1748=AXIS2_PLACEMENT_3D('',#2325,#1873,#1874);
#1749=AXIS2_PLACEMENT_3D('',#2334,#1879,#1880);
#1750=AXIS2_PLACEMENT_3D('',#2348,#1888,#1889);
#1751=AXIS2_PLACEMENT_3D('',#2362,#1897,#1898);
#1752=AXIS2_PLACEMENT_3D('',#2371,#1903,#1904);
#1753=AXIS2_PLACEMENT_3D('',#2394,#1917,#1918);
#1754=AXIS2_PLACEMENT_3D('',#2400,#1922,#1923);
#1755=AXIS2_PLACEMENT_3D('',#2408,#1929,#1930);
#1756=AXIS2_PLACEMENT_3D('',#2417,#1935,#1936);
#1757=AXIS2_PLACEMENT_3D('',#2418,#1937,#1938);
#1758=AXIS2_PLACEMENT_3D('',#2438,#1950,#1951);
#1759=AXIS2_PLACEMENT_3D('',#2447,#1956,#1957);
#1760=AXIS2_PLACEMENT_3D('',#2453,#1961,#1962);
#1761=AXIS2_PLACEMENT_3D('',#2455,#1964,#1965);
#1762=AXIS2_PLACEMENT_3D('',#2457,#1967,#1968);
#1763=AXIS2_PLACEMENT_3D('',#2459,#1970,#1971);
#1764=AXIS2_PLACEMENT_3D('',#2463,#1974,#1975);
#1765=AXIS2_PLACEMENT_3D('',#2467,#1978,#1979);
#1766=AXIS2_PLACEMENT_3D('',#2476,#1985,#1986);
#1767=AXIS2_PLACEMENT_3D('',#2480,#1989,#1990);
#1768=AXIS2_PLACEMENT_3D('',#2488,#1997,#1998);
#1769=AXIS2_PLACEMENT_3D('',#2490,#2000,#2001);
#1770=AXIS2_PLACEMENT_3D('',#2498,#2006,#2007);
#1771=AXIS2_PLACEMENT_3D('',#2500,#2009,#2010);
#1772=AXIS2_PLACEMENT_3D('',#2503,#2013,#2014);
#1773=AXIS2_PLACEMENT_3D('',#2505,#2016,#2017);
#1774=AXIS2_PLACEMENT_3D('',#2506,#2018,#2019);
#1775=AXIS2_PLACEMENT_3D('',#2516,#2025,#2026);
#1776=AXIS2_PLACEMENT_3D('',#2519,#2027,#2028);
#1777=AXIS2_PLACEMENT_3D('',#2523,#2030,#2031);
#1778=AXIS2_PLACEMENT_3D('',#2525,#2033,#2034);
#1779=AXIS2_PLACEMENT_3D('',#2531,#2038,#2039);
#1780=AXIS2_PLACEMENT_3D('',#2535,#2041,#2042);
#1781=AXIS2_PLACEMENT_3D('',#2539,#2044,#2045);
#1782=AXIS2_PLACEMENT_3D('',#2542,#2047,#2048);
#1783=AXIS2_PLACEMENT_3D('',#2547,#2050,#2051);
#1784=AXIS2_PLACEMENT_3D('',#2551,#2053,#2054);
#1785=AXIS2_PLACEMENT_3D('',#2555,#2056,#2057);
#1786=AXIS2_PLACEMENT_3D('',#2558,#2059,#2060);
#1787=AXIS2_PLACEMENT_3D('',#2559,#2061,#2062);
#1788=AXIS2_PLACEMENT_3D('',#2561,#2063,#2064);
#1789=AXIS2_PLACEMENT_3D('',#2563,#2066,#2067);
#1790=AXIS2_PLACEMENT_3D('',#2567,#2070,#2071);
#1791=AXIS2_PLACEMENT_3D('',#2571,#2074,#2075);
#1792=AXIS2_PLACEMENT_3D('',#2574,#2076,#2077);
#1793=AXIS2_PLACEMENT_3D('',#2577,#2080,#2081);
#1794=AXIS2_PLACEMENT_3D('',#2583,#2084,#2085);
#1795=AXIS2_PLACEMENT_3D('',#2587,#2087,#2088);
#1796=AXIS2_PLACEMENT_3D('',#2593,#2092,#2093);
#1797=AXIS2_PLACEMENT_3D('',#2597,#2095,#2096);
#1798=AXIS2_PLACEMENT_3D('',#2609,#2102,#2103);
#1799=AXIS2_PLACEMENT_3D('',#2612,#2105,#2106);
#1800=AXIS2_PLACEMENT_3D('',#2643,#2122,#2123);
#1801=AXIS2_PLACEMENT_3D('',#2645,#2124,#2125);
#1802=AXIS2_PLACEMENT_3D('',#2647,#2126,#2127);
#1803=AXIS2_PLACEMENT_3D('',#2649,#2128,#2129);
#1804=AXIS2_PLACEMENT_3D('',#2650,#2130,#2131);
#1805=AXIS2_PLACEMENT_3D('',#2652,#2133,#2134);
#1806=AXIS2_PLACEMENT_3D('',#2654,#2136,#2137);
#1807=AXIS2_PLACEMENT_3D('',#2656,#2139,#2140);
#1808=AXIS2_PLACEMENT_3D('',#2659,#2141,#2142);
#1809=AXIS2_PLACEMENT_3D('',#2664,#2145,#2146);
#1810=AXIS2_PLACEMENT_3D('',#2666,#2148,#2149);
#1811=AXIS2_PLACEMENT_3D('',#2669,#2152,#2153);
#1812=AXIS2_PLACEMENT_3D('',#2671,#2155,#2156);
#1813=AXIS2_PLACEMENT_3D('',#2673,#2158,#2159);
#1814=AXIS2_PLACEMENT_3D('',#2674,#2160,#2161);
#1815=AXIS2_PLACEMENT_3D('',#2676,#2162,#2163);
#1816=AXIS2_PLACEMENT_3D('',#2678,#2165,#2166);
#1817=AXIS2_PLACEMENT_3D('',#2681,#2168,#2169);
#1818=AXIS2_PLACEMENT_3D('',#2682,#2170,#2171);
#1819=AXIS2_PLACEMENT_3D('',#2684,#2173,#2174);
#1820=AXIS2_PLACEMENT_3D('',#2686,#2176,#2177);
#1821=AXIS2_PLACEMENT_3D('',#2690,#2179,#2180);
#1822=AXIS2_PLACEMENT_3D('',#2694,#2182,#2183);
#1823=AXIS2_PLACEMENT_3D('',#2697,#2186,#2187);
#1824=AXIS2_PLACEMENT_3D('',#2698,#2188,#2189);
#1825=AXIS2_PLACEMENT_3D('',#2699,#2190,#2191);
#1826=AXIS2_PLACEMENT_3D('',#2703,#2194,#2195);
#1827=AXIS2_PLACEMENT_3D('',#2706,#2197,#2198);
#1828=AXIS2_PLACEMENT_3D('',#2707,#2199,#2200);
#1829=AXIS2_PLACEMENT_3D('',#2711,#2203,#2204);
#1830=AXIS2_PLACEMENT_3D('',#2714,#2206,#2207);
#1831=AXIS2_PLACEMENT_3D('',#2715,#2208,#2209);
#1832=AXIS2_PLACEMENT_3D('',#2717,#2211,#2212);
#1833=AXIS2_PLACEMENT_3D('',#2723,#2216,#2217);
#1834=AXIS2_PLACEMENT_3D('',#2725,#2219,#2220);
#1835=AXIS2_PLACEMENT_3D('',#2731,#2224,#2225);
#1836=AXIS2_PLACEMENT_3D('',#2737,#2229,#2230);
#1837=AXIS2_PLACEMENT_3D('',#2739,#2232,#2233);
#1838=AXIS2_PLACEMENT_3D('',#2743,#2236,#2237);
#1839=AXIS2_PLACEMENT_3D('',#2749,#2241,#2242);
#1840=AXIS2_PLACEMENT_3D('',#2750,#2243,#2244);
#1841=AXIS2_PLACEMENT_3D('',#2756,#2248,#2249);
#1842=AXIS2_PLACEMENT_3D('',#2762,#2253,#2254);
#1843=AXIS2_PLACEMENT_3D('',#2764,#2256,#2257);
#1844=AXIS2_PLACEMENT_3D('',#2768,#2260,#2261);
#1845=AXIS2_PLACEMENT_3D('',#2772,#2264,#2265);
#1846=AXIS2_PLACEMENT_3D('',#2776,#2268,#2269);
#1847=AXIS2_PLACEMENT_3D('',#2778,#2271,#2272);
#1848=AXIS2_PLACEMENT_3D('',#2780,#2274,#2275);
#1849=AXIS2_PLACEMENT_3D('',#2783,#2277,#2278);
#1850=AXIS2_PLACEMENT_3D('',#2784,#2279,#2280);
#1851=AXIS2_PLACEMENT_3D('',#2785,#2281,#2282);
#1852=AXIS2_PLACEMENT_3D('',#2788,#2284,#2285);
#1853=AXIS2_PLACEMENT_3D('',#2789,#2286,#2287);
#1854=AXIS2_PLACEMENT_3D('',#2790,#2288,#2289);
#1855=AXIS2_PLACEMENT_3D('',#2793,#2291,#2292);
#1856=AXIS2_PLACEMENT_3D('',#2794,#2293,#2294);
#1857=AXIS2_PLACEMENT_3D('',#2795,#2295,#2296);
#1858=AXIS2_PLACEMENT_3D('',#2798,#2298,#2299);
#1859=AXIS2_PLACEMENT_3D('',#2799,#2300,#2301);
#1860=AXIS2_PLACEMENT_3D('',#2800,#2302,#2303);
#1861=AXIS2_PLACEMENT_3D('',#2802,#2305,#2306);
#1862=AXIS2_PLACEMENT_3D('',#2804,#2308,#2309);
#1863=AXIS2_PLACEMENT_3D('',#2805,#2310,#2311);
#1864=AXIS2_PLACEMENT_3D('',#2807,#2313,#2314);
#1865=DIRECTION('axis',(0.,0.,1.));
#1866=DIRECTION('refdir',(1.,0.,0.));
#1867=DIRECTION('center_axis',(1.,0.,0.));
#1868=DIRECTION('ref_axis',(0.,0.,-1.));
#1869=DIRECTION('',(0.,-1.,0.));
#1870=DIRECTION('',(0.,0.,1.));
#1871=DIRECTION('',(0.,1.,0.));
#1872=DIRECTION('',(0.,0.,-1.));
#1873=DIRECTION('center_axis',(0.,1.,0.));
#1874=DIRECTION('ref_axis',(1.,0.,0.));
#1875=DIRECTION('',(1.,0.,0.));
#1876=DIRECTION('',(0.,0.,1.));
#1877=DIRECTION('',(-1.,0.,0.));
#1878=DIRECTION('',(0.,0.,1.));
#1879=DIRECTION('center_axis',(0.,1.,0.));
#1880=DIRECTION('ref_axis',(1.,0.,0.));
#1881=DIRECTION('',(-1.,0.,0.));
#1882=DIRECTION('',(0.,0.,1.));
#1883=DIRECTION('',(1.,0.,0.));
#1884=DIRECTION('',(0.,0.,1.));
#1885=DIRECTION('',(-1.,0.,0.));
#1886=DIRECTION('',(0.,0.,1.));
#1887=DIRECTION('',(1.,0.,0.));
#1888=DIRECTION('center_axis',(0.,-1.,0.));
#1889=DIRECTION('ref_axis',(-1.,0.,0.));
#1890=DIRECTION('',(-1.,0.,0.));
#1891=DIRECTION('',(0.,0.,-1.));
#1892=DIRECTION('',(1.,0.,0.));
#1893=DIRECTION('',(0.,0.,-1.));
#1894=DIRECTION('',(-1.,0.,0.));
#1895=DIRECTION('',(0.,0.,-1.));
#1896=DIRECTION('',(1.,0.,0.));
#1897=DIRECTION('center_axis',(1.,0.,0.));
#1898=DIRECTION('ref_axis',(0.,0.,-1.));
#1899=DIRECTION('',(0.,1.,0.));
#1900=DIRECTION('',(0.,0.,-1.));
#1901=DIRECTION('',(0.,-1.,0.));
#1902=DIRECTION('',(0.,0.,1.));
#1903=DIRECTION('center_axis',(0.,0.,-1.));
#1904=DIRECTION('ref_axis',(-1.,0.,0.));
#1905=DIRECTION('',(1.,0.,0.));
#1906=DIRECTION('',(-1.,0.,0.));
#1907=DIRECTION('',(0.,-1.,0.));
#1908=DIRECTION('',(1.,0.,0.));
#1909=DIRECTION('',(0.,-1.,0.));
#1910=DIRECTION('',(-1.,0.,0.));
#1911=DIRECTION('',(0.,-1.,0.));
#1912=DIRECTION('',(1.,0.,0.));
#1913=DIRECTION('',(0.,-1.,0.));
#1914=DIRECTION('',(-1.,0.,0.));
#1915=DIRECTION('',(0.,-1.,0.));
#1916=DIRECTION('',(0.,1.,0.));
#1917=DIRECTION('center_axis',(-1.,0.,0.));
#1918=DIRECTION('ref_axis',(0.,0.,1.));
#1919=DIRECTION('',(0.,0.,-1.));
#1920=DIRECTION('',(0.,1.,0.));
#1921=DIRECTION('',(0.,0.,1.));
#1922=DIRECTION('center_axis',(0.,0.,-1.));
#1923=DIRECTION('ref_axis',(-1.,0.,0.));
#1924=DIRECTION('',(-1.,0.,0.));
#1925=DIRECTION('',(1.,0.,0.));
#1926=DIRECTION('',(0.,1.,0.));
#1927=DIRECTION('',(0.,-1.,0.));
#1928=DIRECTION('',(0.,1.,0.));
#1929=DIRECTION('center_axis',(0.,-1.,0.));
#1930=DIRECTION('ref_axis',(-1.,0.,0.));
#1931=DIRECTION('',(0.,0.,1.));
#1932=DIRECTION('',(-1.,0.,0.));
#1933=DIRECTION('',(0.,0.,-1.));
#1934=DIRECTION('',(-1.,0.,0.));
#1935=DIRECTION('center_axis',(1.,0.,0.));
#1936=DIRECTION('ref_axis',(0.,0.,-1.));
#1937=DIRECTION('center_axis',(0.,0.,-1.));
#1938=DIRECTION('ref_axis',(-1.,0.,0.));
#1939=DIRECTION('',(0.,1.,0.));
#1940=DIRECTION('',(1.,0.,0.));
#1941=DIRECTION('',(0.,-1.,0.));
#1942=DIRECTION('',(0.,1.,0.));
#1943=DIRECTION('',(1.,0.,0.));
#1944=DIRECTION('',(-1.,0.,0.));
#1945=DIRECTION('',(0.,1.,0.));
#1946=DIRECTION('',(-1.,0.,0.));
#1947=DIRECTION('',(0.,-1.,0.));
#1948=DIRECTION('',(-1.,0.,0.));
#1949=DIRECTION('',(0.,1.,0.));
#1950=DIRECTION('center_axis',(0.,1.,0.));
#1951=DIRECTION('ref_axis',(1.,0.,0.));
#1952=DIRECTION('',(0.,0.,-1.));
#1953=DIRECTION('',(-1.,0.,0.));
#1954=DIRECTION('',(0.,0.,1.));
#1955=DIRECTION('',(1.,0.,0.));
#1956=DIRECTION('center_axis',(0.,-1.,0.));
#1957=DIRECTION('ref_axis',(-1.,0.,0.));
#1958=DIRECTION('',(0.,0.,-1.));
#1959=DIRECTION('',(1.,0.,0.));
#1960=DIRECTION('',(0.,0.,-1.));
#1961=DIRECTION('center_axis',(0.,-1.,0.));
#1962=DIRECTION('ref_axis',(0.,0.,1.));
#1963=DIRECTION('',(0.,0.,-1.));
#1964=DIRECTION('center_axis',(0.,1.,0.));
#1965=DIRECTION('ref_axis',(0.,0.,-1.));
#1966=DIRECTION('',(0.,0.,1.));
#1967=DIRECTION('center_axis',(0.,-1.,0.));
#1968=DIRECTION('ref_axis',(0.,0.,-1.));
#1969=DIRECTION('',(0.,0.,-1.));
#1970=DIRECTION('center_axis',(-1.,0.,0.));
#1971=DIRECTION('ref_axis',(0.,0.,1.));
#1972=DIRECTION('',(0.,-1.,0.));
#1973=DIRECTION('',(0.,0.,1.));
#1974=DIRECTION('center_axis',(-1.,0.,0.));
#1975=DIRECTION('ref_axis',(0.,0.,1.));
#1976=DIRECTION('',(0.,1.,0.));
#1977=DIRECTION('',(0.,0.,1.));
#1978=DIRECTION('center_axis',(0.,1.,0.));
#1979=DIRECTION('ref_axis',(0.,0.,1.));
#1980=DIRECTION('',(0.,0.,1.));
#1981=DIRECTION('',(1.,0.,0.));
#1982=DIRECTION('',(-1.,0.,0.));
#1983=DIRECTION('',(0.,0.,1.));
#1984=DIRECTION('',(-1.,0.,0.));
#1985=DIRECTION('center_axis',(-1.,0.,0.));
#1986=DIRECTION('ref_axis',(0.,0.,1.));
#1987=DIRECTION('',(0.,-1.,0.));
#1988=DIRECTION('',(0.,0.,-1.));
#1989=DIRECTION('center_axis',(0.,0.,-1.));
#1990=DIRECTION('ref_axis',(-1.,0.,0.));
#1991=DIRECTION('',(0.,-1.,0.));
#1992=DIRECTION('',(0.,-1.,0.));
#1993=DIRECTION('',(0.,1.,0.));
#1994=DIRECTION('',(-1.,0.,0.));
#1995=DIRECTION('',(0.,1.,0.));
#1996=DIRECTION('',(0.,-1.,0.));
#1997=DIRECTION('center_axis',(-1.,0.,0.));
#1998=DIRECTION('ref_axis',(0.,0.,1.));
#1999=DIRECTION('',(0.,0.,-1.));
#2000=DIRECTION('center_axis',(0.,-1.,0.));
#2001=DIRECTION('ref_axis',(0.,0.,-1.));
#2002=DIRECTION('',(0.,0.,-1.));
#2003=DIRECTION('',(0.,0.,-1.));
#2004=DIRECTION('',(-1.,0.,0.));
#2005=DIRECTION('',(-1.,0.,0.));
#2006=DIRECTION('center_axis',(-1.,0.,0.));
#2007=DIRECTION('ref_axis',(0.,0.,1.));
#2008=DIRECTION('',(0.,1.,0.));
#2009=DIRECTION('center_axis',(0.,0.,1.));
#2010=DIRECTION('ref_axis',(0.,1.,0.));
#2011=DIRECTION('',(0.,1.,0.));
#2012=DIRECTION('',(0.,1.,0.));
#2013=DIRECTION('center_axis',(-1.,0.,0.));
#2014=DIRECTION('ref_axis',(0.,0.,1.));
#2015=DIRECTION('',(0.,0.,1.));
#2016=DIRECTION('center_axis',(0.,1.,0.));
#2017=DIRECTION('ref_axis',(0.,0.,1.));
#2018=DIRECTION('center_axis',(0.,0.,-1.));
#2019=DIRECTION('ref_axis',(-1.,0.,0.));
#2020=DIRECTION('',(0.,1.,0.));
#2021=DIRECTION('',(1.,0.,0.));
#2022=DIRECTION('',(0.,-1.,0.));
#2023=DIRECTION('',(-1.,0.,0.));
#2024=DIRECTION('',(0.,1.,0.));
#2025=DIRECTION('center_axis',(0.,0.,1.));
#2026=DIRECTION('ref_axis',(-0.707106781186547,-0.707106781186547,0.));
#2027=DIRECTION('center_axis',(0.,0.,-1.));
#2028=DIRECTION('ref_axis',(-0.707106781186547,-0.707106781186547,0.));
#2029=DIRECTION('',(0.,0.,-1.));
#2030=DIRECTION('center_axis',(0.,0.,1.));
#2031=DIRECTION('ref_axis',(-0.707106781186547,-0.707106781186547,0.));
#2032=DIRECTION('',(0.,0.,1.));
#2033=DIRECTION('center_axis',(-1.,0.,0.));
#2034=DIRECTION('ref_axis',(0.,0.,1.));
#2035=DIRECTION('',(0.,-1.,0.));
#2036=DIRECTION('',(0.,0.,1.));
#2037=DIRECTION('',(0.,1.,0.));
#2038=DIRECTION('center_axis',(0.,0.,1.));
#2039=DIRECTION('ref_axis',(1.,0.,0.));
#2040=DIRECTION('',(1.,-6.53072367426563E-17,0.));
#2041=DIRECTION('center_axis',(0.,0.,-1.));
#2042=DIRECTION('ref_axis',(0.707106781186547,-0.707106781186547,0.));
#2043=DIRECTION('',(0.,-1.,0.));
#2044=DIRECTION('center_axis',(0.,0.,-1.));
#2045=DIRECTION('ref_axis',(0.707106781186547,0.707106781186547,0.));
#2046=DIRECTION('',(-1.,0.,0.));
#2047=DIRECTION('center_axis',(0.,0.,-1.));
#2048=DIRECTION('ref_axis',(-0.707106781186547,0.707106781186547,0.));
#2049=DIRECTION('',(1.,0.,0.));
#2050=DIRECTION('center_axis',(0.,0.,-1.));
#2051=DIRECTION('ref_axis',(0.707106781186547,0.707106781186547,0.));
#2052=DIRECTION('',(0.,-1.,0.));
#2053=DIRECTION('center_axis',(0.,0.,-1.));
#2054=DIRECTION('ref_axis',(0.707106781186547,-0.707106781186547,0.));
#2055=DIRECTION('',(-1.,0.,0.));
#2056=DIRECTION('center_axis',(0.,0.,-1.));
#2057=DIRECTION('ref_axis',(-0.707106781186547,-0.707106781186547,0.));
#2058=DIRECTION('',(0.,1.,0.));
#2059=DIRECTION('center_axis',(0.,0.,-1.));
#2060=DIRECTION('ref_axis',(-0.707106781186547,0.707106781186547,0.));
#2061=DIRECTION('center_axis',(0.,0.,-1.));
#2062=DIRECTION('ref_axis',(-0.707106781186547,0.707106781186547,0.));
#2063=DIRECTION('center_axis',(0.,0.,1.));
#2064=DIRECTION('ref_axis',(-0.707106781186547,0.707106781186547,0.));
#2065=DIRECTION('',(0.,0.,-1.));
#2066=DIRECTION('center_axis',(0.,1.,0.));
#2067=DIRECTION('ref_axis',(0.,0.,1.));
#2068=DIRECTION('',(0.,0.,1.));
#2069=DIRECTION('',(1.,0.,0.));
#2070=DIRECTION('center_axis',(-6.53072367426563E-17,-1.,0.));
#2071=DIRECTION('ref_axis',(0.,0.,-1.));
#2072=DIRECTION('',(-1.,6.53072367426563E-17,0.));
#2073=DIRECTION('',(0.,0.,-1.));
#2074=DIRECTION('center_axis',(0.,0.,1.));
#2075=DIRECTION('ref_axis',(-0.707106781186547,-0.707106781186547,0.));
#2076=DIRECTION('center_axis',(0.,0.,-1.));
#2077=DIRECTION('ref_axis',(-0.707106781186547,-0.707106781186547,0.));
#2078=DIRECTION('',(0.,0.,-1.));
#2079=DIRECTION('',(0.,0.,1.));
#2080=DIRECTION('center_axis',(-1.,0.,0.));
#2081=DIRECTION('ref_axis',(0.,0.,1.));
#2082=DIRECTION('',(0.,-1.,0.));
#2083=DIRECTION('',(0.,0.,-1.));
#2084=DIRECTION('center_axis',(1.,0.,0.));
#2085=DIRECTION('ref_axis',(0.,-0.707106781186547,-0.707106781186547));
#2086=DIRECTION('',(0.,1.,0.));
#2087=DIRECTION('center_axis',(1.,0.,0.));
#2088=DIRECTION('ref_axis',(0.,0.707106781186547,-0.707106781186547));
#2089=DIRECTION('',(0.,0.,1.));
#2090=DIRECTION('',(0.,1.,0.));
#2091=DIRECTION('',(0.,0.,1.));
#2092=DIRECTION('center_axis',(0.,0.,-1.));
#2093=DIRECTION('ref_axis',(-1.,0.,0.));
#2094=DIRECTION('',(1.,0.,0.));
#2095=DIRECTION('center_axis',(0.,0.,-1.));
#2096=DIRECTION('ref_axis',(0.707106781186547,-0.707106781186547,0.));
#2097=DIRECTION('',(0.,1.,0.));
#2098=DIRECTION('',(-1.,0.,0.));
#2099=DIRECTION('',(0.,1.,0.));
#2100=DIRECTION('',(1.,0.,0.));
#2101=DIRECTION('',(0.,1.,0.));
#2102=DIRECTION('center_axis',(0.,0.,-1.));
#2103=DIRECTION('ref_axis',(0.707106781186547,0.707106781186547,0.));
#2104=DIRECTION('',(-1.,0.,0.));
#2105=DIRECTION('center_axis',(0.,0.,-1.));
#2106=DIRECTION('ref_axis',(-0.707106781186547,0.707106781186547,0.));
#2107=DIRECTION('',(1.,0.,0.));
#2108=DIRECTION('',(0.,1.,0.));
#2109=DIRECTION('',(-1.,0.,0.));
#2110=DIRECTION('',(0.,1.,0.));
#2111=DIRECTION('',(1.,0.,0.));
#2112=DIRECTION('',(0.,-1.,0.));
#2113=DIRECTION('',(1.,0.,0.));
#2114=DIRECTION('',(0.,-1.,0.));
#2115=DIRECTION('',(-1.,0.,0.));
#2116=DIRECTION('',(0.,-1.,0.));
#2117=DIRECTION('',(-1.,0.,0.));
#2118=DIRECTION('',(0.,1.,0.));
#2119=DIRECTION('',(-1.,0.,0.));
#2120=DIRECTION('',(0.,1.,0.));
#2121=DIRECTION('',(1.,0.,0.));
#2122=DIRECTION('center_axis',(0.,0.,-1.));
#2123=DIRECTION('ref_axis',(1.,0.,0.));
#2124=DIRECTION('center_axis',(0.,0.,-1.));
#2125=DIRECTION('ref_axis',(1.,0.,0.));
#2126=DIRECTION('center_axis',(0.,0.,-1.));
#2127=DIRECTION('ref_axis',(1.,0.,0.));
#2128=DIRECTION('center_axis',(0.,0.,-1.));
#2129=DIRECTION('ref_axis',(1.,0.,0.));
#2130=DIRECTION('center_axis',(0.,0.,-1.));
#2131=DIRECTION('ref_axis',(-0.707106781186547,0.707106781186547,0.));
#2132=DIRECTION('',(0.,0.,-1.));
#2133=DIRECTION('center_axis',(0.,1.,0.));
#2134=DIRECTION('ref_axis',(0.,0.,1.));
#2135=DIRECTION('',(0.,0.,1.));
#2136=DIRECTION('center_axis',(0.,-1.,0.));
#2137=DIRECTION('ref_axis',(0.,0.,-1.));
#2138=DIRECTION('',(0.,0.,-1.));
#2139=DIRECTION('center_axis',(1.,0.,0.));
#2140=DIRECTION('ref_axis',(0.,0.,-1.));
#2141=DIRECTION('center_axis',(1.,0.,0.));
#2142=DIRECTION('ref_axis',(0.,-0.707106781186547,-0.707106781186547));
#2143=DIRECTION('',(0.,0.,-1.));
#2144=DIRECTION('',(0.,0.,1.));
#2145=DIRECTION('center_axis',(1.,0.,0.));
#2146=DIRECTION('ref_axis',(0.,0.707106781186547,-0.707106781186547));
#2147=DIRECTION('',(0.,1.,0.));
#2148=DIRECTION('center_axis',(1.,0.,0.));
#2149=DIRECTION('ref_axis',(0.,-0.707106781186547,-0.707106781186547));
#2150=DIRECTION('',(-1.,0.,0.));
#2151=DIRECTION('',(1.,0.,0.));
#2152=DIRECTION('center_axis',(0.,0.,-1.));
#2153=DIRECTION('ref_axis',(0.,1.,0.));
#2154=DIRECTION('',(1.,0.,0.));
#2155=DIRECTION('center_axis',(1.,0.,0.));
#2156=DIRECTION('ref_axis',(0.,0.707106781186547,-0.707106781186547));
#2157=DIRECTION('',(-1.,0.,0.));
#2158=DIRECTION('center_axis',(0.,1.,0.));
#2159=DIRECTION('ref_axis',(0.,0.,1.));
#2160=DIRECTION('center_axis',(0.,0.,-1.));
#2161=DIRECTION('ref_axis',(0.707106781186547,-0.707106781186547,0.));
#2162=DIRECTION('center_axis',(0.,0.,1.));
#2163=DIRECTION('ref_axis',(0.707106781186547,-0.707106781186547,0.));
#2164=DIRECTION('',(0.,0.,1.));
#2165=DIRECTION('center_axis',(0.,0.,1.));
#2166=DIRECTION('ref_axis',(0.707106781186547,0.707106781186547,0.));
#2167=DIRECTION('',(0.,0.,-1.));
#2168=DIRECTION('center_axis',(0.,0.,1.));
#2169=DIRECTION('ref_axis',(0.707106781186547,0.707106781186547,0.));
#2170=DIRECTION('center_axis',(1.,0.,0.));
#2171=DIRECTION('ref_axis',(0.,0.,-1.));
#2172=DIRECTION('',(0.,1.,0.));
#2173=DIRECTION('center_axis',(0.,0.,-1.));
#2174=DIRECTION('ref_axis',(0.707106781186547,0.707106781186547,0.));
#2175=DIRECTION('',(0.,0.,-1.));
#2176=DIRECTION('center_axis',(1.,0.,0.));
#2177=DIRECTION('ref_axis',(0.,0.,-1.));
#2178=DIRECTION('',(0.,0.,1.));
#2179=DIRECTION('center_axis',(1.,0.,0.));
#2180=DIRECTION('ref_axis',(0.,0.707106781186547,-0.707106781186547));
#2181=DIRECTION('',(0.,1.,0.));
#2182=DIRECTION('center_axis',(1.,0.,0.));
#2183=DIRECTION('ref_axis',(0.,-0.707106781186547,-0.707106781186547));
#2184=DIRECTION('',(0.,0.,-1.));
#2185=DIRECTION('',(0.,0.,1.));
#2186=DIRECTION('center_axis',(0.,0.,1.));
#2187=DIRECTION('ref_axis',(0.707106781186547,-0.707106781186547,0.));
#2188=DIRECTION('center_axis',(0.,-1.,0.));
#2189=DIRECTION('ref_axis',(0.,0.,-1.));
#2190=DIRECTION('center_axis',(0.,-1.,0.));
#2191=DIRECTION('ref_axis',(0.,0.,1.));
#2192=DIRECTION('',(1.,0.,0.));
#2193=DIRECTION('',(0.,0.,1.));
#2194=DIRECTION('center_axis',(-1.,0.,0.));
#2195=DIRECTION('ref_axis',(0.,-0.707106781186547,-0.707106781186547));
#2196=DIRECTION('',(-1.,0.,0.));
#2197=DIRECTION('center_axis',(1.,0.,0.));
#2198=DIRECTION('ref_axis',(0.,-0.707106781186547,-0.707106781186547));
#2199=DIRECTION('center_axis',(0.,0.,-1.));
#2200=DIRECTION('ref_axis',(0.,-1.,0.));
#2201=DIRECTION('',(1.,0.,0.));
#2202=DIRECTION('',(0.,-1.,0.));
#2203=DIRECTION('center_axis',(-1.,0.,0.));
#2204=DIRECTION('ref_axis',(0.,0.707106781186547,-0.707106781186547));
#2205=DIRECTION('',(-1.,0.,0.));
#2206=DIRECTION('center_axis',(1.,0.,0.));
#2207=DIRECTION('ref_axis',(0.,0.707106781186547,-0.707106781186547));
#2208=DIRECTION('center_axis',(0.,1.,0.));
#2209=DIRECTION('ref_axis',(0.,0.,-1.));
#2210=DIRECTION('',(0.,0.,-1.));
#2211=DIRECTION('center_axis',(0.,-1.,0.));
#2212=DIRECTION('ref_axis',(1.,0.,0.));
#2213=DIRECTION('',(1.,0.,0.));
#2214=DIRECTION('',(0.,0.,1.));
#2215=DIRECTION('',(0.,0.,1.));
#2216=DIRECTION('center_axis',(-1.,0.,0.));
#2217=DIRECTION('ref_axis',(0.,1.,0.));
#2218=DIRECTION('',(0.,1.,0.));
#2219=DIRECTION('center_axis',(1.,0.,0.));
#2220=DIRECTION('ref_axis',(0.,0.,-1.));
#2221=DIRECTION('',(0.,0.,-1.));
#2222=DIRECTION('',(0.,0.,-1.));
#2223=DIRECTION('',(0.,1.,0.));
#2224=DIRECTION('center_axis',(-1.,0.,0.));
#2225=DIRECTION('ref_axis',(0.,0.,1.));
#2226=DIRECTION('',(0.,0.,1.));
#2227=DIRECTION('',(0.,1.,0.));
#2228=DIRECTION('',(0.,0.,1.));
#2229=DIRECTION('center_axis',(0.,1.,0.));
#2230=DIRECTION('ref_axis',(0.,0.,1.));
#2231=DIRECTION('',(-1.,0.,0.));
#2232=DIRECTION('center_axis',(0.,1.,0.));
#2233=DIRECTION('ref_axis',(0.,0.,1.));
#2234=DIRECTION('',(-1.,0.,0.));
#2235=DIRECTION('',(0.,0.,-1.));
#2236=DIRECTION('center_axis',(0.,0.,1.));
#2237=DIRECTION('ref_axis',(1.,0.,0.));
#2238=DIRECTION('',(0.,1.,0.));
#2239=DIRECTION('',(-1.,0.,0.));
#2240=DIRECTION('',(0.,-1.,0.));
#2241=DIRECTION('center_axis',(-1.,0.,0.));
#2242=DIRECTION('ref_axis',(0.,0.,1.));
#2243=DIRECTION('center_axis',(-1.,0.,0.));
#2244=DIRECTION('ref_axis',(0.,0.,-1.));
#2245=DIRECTION('',(0.,0.,-1.));
#2246=DIRECTION('',(0.,0.,-1.));
#2247=DIRECTION('',(0.,-1.,0.));
#2248=DIRECTION('center_axis',(1.,0.,0.));
#2249=DIRECTION('ref_axis',(0.,0.,1.));
#2250=DIRECTION('',(0.,0.,1.));
#2251=DIRECTION('',(0.,-1.,0.));
#2252=DIRECTION('',(0.,0.,1.));
#2253=DIRECTION('center_axis',(0.,-1.,0.));
#2254=DIRECTION('ref_axis',(0.,0.,-1.));
#2255=DIRECTION('',(1.,0.,0.));
#2256=DIRECTION('center_axis',(0.,-1.,0.));
#2257=DIRECTION('ref_axis',(0.,0.,-1.));
#2258=DIRECTION('',(1.,0.,0.));
#2259=DIRECTION('',(0.,0.,-1.));
#2260=DIRECTION('center_axis',(0.,-1.,0.));
#2261=DIRECTION('ref_axis',(0.,0.,-1.));
#2262=DIRECTION('',(0.,0.,1.));
#2263=DIRECTION('',(1.,0.,0.));
#2264=DIRECTION('center_axis',(0.,1.,0.));
#2265=DIRECTION('ref_axis',(0.,0.,1.));
#2266=DIRECTION('',(0.,0.,1.));
#2267=DIRECTION('',(-1.,0.,0.));
#2268=DIRECTION('center_axis',(1.,0.,0.));
#2269=DIRECTION('ref_axis',(0.,0.,-1.));
#2270=DIRECTION('',(0.,1.,0.));
#2271=DIRECTION('center_axis',(-1.,0.,0.));
#2272=DIRECTION('ref_axis',(0.,0.,1.));
#2273=DIRECTION('',(0.,-1.,0.));
#2274=DIRECTION('center_axis',(0.,0.,-1.));
#2275=DIRECTION('ref_axis',(1.,0.,0.));
#2276=DIRECTION('',(0.,0.,-1.));
#2277=DIRECTION('center_axis',(0.,0.,-1.));
#2278=DIRECTION('ref_axis',(1.,0.,0.));
#2279=DIRECTION('center_axis',(0.,0.,-1.));
#2280=DIRECTION('ref_axis',(1.,0.,0.));
#2281=DIRECTION('center_axis',(0.,0.,-1.));
#2282=DIRECTION('ref_axis',(1.,0.,0.));
#2283=DIRECTION('',(0.,0.,-1.));
#2284=DIRECTION('center_axis',(0.,0.,-1.));
#2285=DIRECTION('ref_axis',(1.,0.,0.));
#2286=DIRECTION('center_axis',(0.,0.,-1.));
#2287=DIRECTION('ref_axis',(1.,0.,0.));
#2288=DIRECTION('center_axis',(0.,0.,-1.));
#2289=DIRECTION('ref_axis',(1.,0.,0.));
#2290=DIRECTION('',(0.,0.,-1.));
#2291=DIRECTION('center_axis',(0.,0.,-1.));
#2292=DIRECTION('ref_axis',(1.,0.,0.));
#2293=DIRECTION('center_axis',(0.,0.,-1.));
#2294=DIRECTION('ref_axis',(1.,0.,0.));
#2295=DIRECTION('center_axis',(0.,0.,-1.));
#2296=DIRECTION('ref_axis',(1.,0.,0.));
#2297=DIRECTION('',(0.,0.,-1.));
#2298=DIRECTION('center_axis',(0.,0.,-1.));
#2299=DIRECTION('ref_axis',(1.,0.,0.));
#2300=DIRECTION('center_axis',(0.,0.,-1.));
#2301=DIRECTION('ref_axis',(1.,0.,0.));
#2302=DIRECTION('center_axis',(-1.,0.,0.));
#2303=DIRECTION('ref_axis',(0.,-1.,0.));
#2304=DIRECTION('',(0.,0.,1.));
#2305=DIRECTION('center_axis',(1.,0.,0.));
#2306=DIRECTION('ref_axis',(0.,1.,0.));
#2307=DIRECTION('',(0.,0.,1.));
#2308=DIRECTION('center_axis',(0.,1.,0.));
#2309=DIRECTION('ref_axis',(-1.,0.,0.));
#2310=DIRECTION('center_axis',(0.,0.,1.));
#2311=DIRECTION('ref_axis',(1.,0.,0.));
#2312=DIRECTION('',(0.,-1.,0.));
#2313=DIRECTION('center_axis',(1.,0.,0.));
#2314=DIRECTION('ref_axis',(0.,-1.,0.));
#2315=CARTESIAN_POINT('',(0.,0.,0.));
#2316=CARTESIAN_POINT('Origin',(-21.017,-11.,-44.));
#2317=CARTESIAN_POINT('',(-21.017,11.,-96.8419816326462));
#2318=CARTESIAN_POINT('',(-21.017,-11.,-96.8419816326462));
#2319=CARTESIAN_POINT('',(-21.017,0.,-96.8419816326462));
#2320=CARTESIAN_POINT('',(-21.017,-11.,-104.842));
#2321=CARTESIAN_POINT('',(-21.017,-11.,-44.));
#2322=CARTESIAN_POINT('',(-21.017,11.,-104.842));
#2323=CARTESIAN_POINT('',(-21.017,-5.5,-104.842));
#2324=CARTESIAN_POINT('',(-21.017,11.,-44.));
#2325=CARTESIAN_POINT('Origin',(-8.517,11.,-44.));
#2326=CARTESIAN_POINT('',(-66.47,11.,-96.8419816326462));
#2327=CARTESIAN_POINT('',(-21.5,11.,-96.8419816326462));
#2328=CARTESIAN_POINT('',(-16.267,11.,-96.8419816326462));
#2329=CARTESIAN_POINT('',(-21.5,11.,-81.8419816326462));
#2330=CARTESIAN_POINT('',(-21.5,11.,-65.4209908163231));
#2331=CARTESIAN_POINT('',(-66.47,11.,-81.8419816326462));
#2332=CARTESIAN_POINT('',(23.7265,11.,-81.8419816326462));
#2333=CARTESIAN_POINT('',(-66.47,11.,-70.8419908163231));
#2334=CARTESIAN_POINT('Origin',(-8.517,11.,-44.));
#2335=CARTESIAN_POINT('',(3.483,11.,-104.842));
#2336=CARTESIAN_POINT('',(-4.2585,11.,-104.842));
#2337=CARTESIAN_POINT('',(3.483,11.,-96.8419816326462));
#2338=CARTESIAN_POINT('',(3.483,11.,-44.));
#2339=CARTESIAN_POINT('',(45.47,11.,-96.8419816326462));
#2340=CARTESIAN_POINT('',(55.97,11.,-96.8419816326462));
#2341=CARTESIAN_POINT('',(45.47,11.,-81.8419816326462));
#2342=CARTESIAN_POINT('',(45.47,11.,-49.421));
#2343=CARTESIAN_POINT('',(0.500000000000005,11.,-81.8419816326462));
#2344=CARTESIAN_POINT('',(-2.517,11.,-81.8419816326462));
#2345=CARTESIAN_POINT('',(0.500000000000005,11.,-96.8419816326462));
#2346=CARTESIAN_POINT('',(0.5,11.,-57.9209908163231));
#2347=CARTESIAN_POINT('',(24.4765,11.,-96.8419816326462));
#2348=CARTESIAN_POINT('Origin',(-1.517,-11.,-44.));
#2349=CARTESIAN_POINT('',(0.500000000000005,-11.,-96.8419816326462));
#2350=CARTESIAN_POINT('',(21.2265,-11.,-96.8419816326462));
#2351=CARTESIAN_POINT('',(0.500000000000005,-11.,-81.8419816326462));
#2352=CARTESIAN_POINT('',(0.5,-11.,-57.9209908163231));
#2353=CARTESIAN_POINT('',(45.47,-11.,-81.8419816326462));
#2354=CARTESIAN_POINT('',(0.983000000000001,-11.,-81.8419816326462));
#2355=CARTESIAN_POINT('',(45.47,-11.,-96.8419816326462));
#2356=CARTESIAN_POINT('',(45.47,-11.,-49.421));
#2357=CARTESIAN_POINT('',(3.483,-11.,-96.8419816326462));
#2358=CARTESIAN_POINT('',(0.983000000000001,-11.,-96.8419816326462));
#2359=CARTESIAN_POINT('',(3.483,-11.,-104.842));
#2360=CARTESIAN_POINT('',(3.483,-11.,-44.));
#2361=CARTESIAN_POINT('',(-3.5085,-11.,-104.842));
#2362=CARTESIAN_POINT('Origin',(-62.47,0.,-100.841990816323));
#2363=CARTESIAN_POINT('',(-62.47,-3.5,-104.842));
#2364=CARTESIAN_POINT('',(-62.47,3.5,-104.842));
#2365=CARTESIAN_POINT('',(-62.47,0.,-104.842));
#2366=CARTESIAN_POINT('',(-62.47,-3.5,-96.8419816326462));
#2367=CARTESIAN_POINT('',(-62.47,-3.5,-98.8419862244846));
#2368=CARTESIAN_POINT('',(-62.47,3.5,-96.8419816326462));
#2369=CARTESIAN_POINT('',(-62.47,5.5,-96.8419816326462));
#2370=CARTESIAN_POINT('',(-62.47,3.5,-102.841995408162));
#2371=CARTESIAN_POINT('Origin',(0.,0.,-104.842));
#2372=CARTESIAN_POINT('',(-66.47,-3.5,-104.842));
#2373=CARTESIAN_POINT('',(-31.735,-3.5,-104.842));
#2374=CARTESIAN_POINT('',(-66.47,3.5,-104.842));
#2375=CARTESIAN_POINT('',(-55.97,3.5,-104.842));
#2376=CARTESIAN_POINT('',(-66.47,52.97,-104.842));
#2377=CARTESIAN_POINT('',(-66.47,-26.5,-104.842));
#2378=CARTESIAN_POINT('',(45.47,52.97,-104.842));
#2379=CARTESIAN_POINT('',(-28.,52.97,-104.842));
#2380=CARTESIAN_POINT('',(45.47,3.5,-104.842));
#2381=CARTESIAN_POINT('',(45.47,26.5,-104.842));
#2382=CARTESIAN_POINT('',(41.47,3.5,-104.842));
#2383=CARTESIAN_POINT('',(26.485,3.5,-104.842));
#2384=CARTESIAN_POINT('',(41.47,-3.5,-104.842));
#2385=CARTESIAN_POINT('',(41.47,2.77555756156289E-16,-104.842));
#2386=CARTESIAN_POINT('',(45.47,-3.5,-104.842));
#2387=CARTESIAN_POINT('',(26.485,-3.5,-104.842));
#2388=CARTESIAN_POINT('',(45.47,-52.97,-104.842));
#2389=CARTESIAN_POINT('',(45.47,26.5,-104.842));
#2390=CARTESIAN_POINT('',(-66.47,-52.97,-104.842));
#2391=CARTESIAN_POINT('',(-55.97,-52.97,-104.842));
#2392=CARTESIAN_POINT('',(-66.47,-26.5,-104.842));
#2393=CARTESIAN_POINT('',(3.483,5.5,-104.842));
#2394=CARTESIAN_POINT('Origin',(41.47,5.55111512312578E-16,-100.841990816323));
#2395=CARTESIAN_POINT('',(41.47,3.5,-96.8419816326462));
#2396=CARTESIAN_POINT('',(41.47,3.5,-96.8419816326462));
#2397=CARTESIAN_POINT('',(41.47,-3.5,-96.8419816326462));
#2398=CARTESIAN_POINT('',(41.47,5.5,-96.8419816326462));
#2399=CARTESIAN_POINT('',(41.47,-3.5,-104.842));
#2400=CARTESIAN_POINT('Origin',(55.97,11.,-96.8419816326462));
#2401=CARTESIAN_POINT('',(45.47,-3.5,-96.8419816326462));
#2402=CARTESIAN_POINT('',(54.47,-3.5,-96.8419816326462));
#2403=CARTESIAN_POINT('',(45.47,3.5,-96.8419816326462));
#2404=CARTESIAN_POINT('',(54.47,3.5,-96.8419816326462));
#2405=CARTESIAN_POINT('',(45.47,32.,-96.8419816326462));
#2406=CARTESIAN_POINT('',(3.483,11.,-96.8419816326462));
#2407=CARTESIAN_POINT('',(45.47,32.,-96.8419816326462));
#2408=CARTESIAN_POINT('Origin',(-1.517,-11.,-44.));
#2409=CARTESIAN_POINT('',(-8.517,-11.,-81.8419816326462));
#2410=CARTESIAN_POINT('',(-8.517,-11.,100.158));
#2411=CARTESIAN_POINT('',(-8.517,-11.,-49.421));
#2412=CARTESIAN_POINT('',(-1.517,-11.,100.158));
#2413=CARTESIAN_POINT('',(-0.7585,-11.,100.158));
#2414=CARTESIAN_POINT('',(-1.517,-11.,-81.8419816326462));
#2415=CARTESIAN_POINT('',(-1.517,-11.,-44.));
#2416=CARTESIAN_POINT('',(-6.2585,-11.,-81.8419816326462));
#2417=CARTESIAN_POINT('Origin',(3.483,11.,-44.));
#2418=CARTESIAN_POINT('Origin',(55.97,11.,-96.8419816326462));
#2419=CARTESIAN_POINT('',(0.500000000000005,52.97,-96.8419816326462));
#2420=CARTESIAN_POINT('',(0.500000000000007,-20.985,-96.8419816326462));
#2421=CARTESIAN_POINT('',(-21.5,52.97,-96.8419816326462));
#2422=CARTESIAN_POINT('',(-33.5,52.97,-96.8419816326462));
#2423=CARTESIAN_POINT('',(-21.5,-52.97,-96.8419816326462));
#2424=CARTESIAN_POINT('',(-66.47,3.5,-96.8419816326462));
#2425=CARTESIAN_POINT('',(-66.47,-21.,-96.8419816326462));
#2426=CARTESIAN_POINT('',(-3.75,3.5,-96.8419816326462));
#2427=CARTESIAN_POINT('',(-66.47,-3.5,-96.8419816326462));
#2428=CARTESIAN_POINT('',(0.,-3.5,-96.8419816326462));
#2429=CARTESIAN_POINT('',(-66.47,-11.,-96.8419816326462));
#2430=CARTESIAN_POINT('',(-66.47,-21.,-96.8419816326462));
#2431=CARTESIAN_POINT('',(-21.5,-11.,-96.8419816326462));
#2432=CARTESIAN_POINT('',(-55.97,-11.,-96.8419816326462));
#2433=CARTESIAN_POINT('',(-21.5,-52.97,-96.8419816326462));
#2434=CARTESIAN_POINT('',(-21.5,-52.97,-96.8419816326462));
#2435=CARTESIAN_POINT('',(0.500000000000005,-52.97,-96.8419816326462));
#2436=CARTESIAN_POINT('',(22.5,-52.97,-96.8419816326462));
#2437=CARTESIAN_POINT('',(0.500000000000007,-20.985,-96.8419816326462));
#2438=CARTESIAN_POINT('Origin',(-8.517,11.,-44.));
#2439=CARTESIAN_POINT('',(-8.517,11.,100.158));
#2440=CARTESIAN_POINT('',(-8.517,11.,-81.8419816326462));
#2441=CARTESIAN_POINT('',(-8.517,11.,-49.421));
#2442=CARTESIAN_POINT('',(-1.517,11.,-81.8419816326462));
#2443=CARTESIAN_POINT('',(-9.7585,11.,-81.8419816326462));
#2444=CARTESIAN_POINT('',(-1.517,11.,100.158));
#2445=CARTESIAN_POINT('',(-1.517,11.,-44.842));
#2446=CARTESIAN_POINT('',(-4.2585,11.,100.158));
#2447=CARTESIAN_POINT('Origin',(-1.517,-11.,-44.));
#2448=CARTESIAN_POINT('',(-66.47,-11.,-81.8419816326462));
#2449=CARTESIAN_POINT('',(-66.47,-11.,-70.8419908163231));
#2450=CARTESIAN_POINT('',(-21.5,-11.,-81.8419816326462));
#2451=CARTESIAN_POINT('',(27.2265,-11.,-81.8419816326462));
#2452=CARTESIAN_POINT('',(-21.5,-11.,-65.4209908163231));
#2453=CARTESIAN_POINT('Origin',(52.97,-3.5,-104.842));
#2454=CARTESIAN_POINT('',(45.47,-3.5,-79.842));
#2455=CARTESIAN_POINT('Origin',(52.97,3.5,-96.8419816326462));
#2456=CARTESIAN_POINT('',(45.47,3.50000000000001,-75.8419908163231));
#2457=CARTESIAN_POINT('Origin',(-55.97,-3.5,-96.8419816326462));
#2458=CARTESIAN_POINT('',(-66.47,-3.5,-75.8419908163231));
#2459=CARTESIAN_POINT('Origin',(0.500000000000005,-52.97,-71.8419816326462));
#2460=CARTESIAN_POINT('',(0.500000000000005,-52.97,-81.8419816326462));
#2461=CARTESIAN_POINT('',(0.500000000000007,-31.985,-81.8419816326462));
#2462=CARTESIAN_POINT('',(0.500000000000005,-52.97,-70.8419908163231));
#2463=CARTESIAN_POINT('Origin',(-21.5,-52.97,-86.8419816326462));
#2464=CARTESIAN_POINT('',(-21.5,-52.97,-81.8419816326462));
#2465=CARTESIAN_POINT('',(-21.5,-31.985,-81.8419816326462));
#2466=CARTESIAN_POINT('',(-21.5,-52.97,-70.8419908163231));
#2467=CARTESIAN_POINT('Origin',(56.,-52.97,-54.842));
#2468=CARTESIAN_POINT('',(45.47,-52.97,-54.842));
#2469=CARTESIAN_POINT('',(45.47,-52.97,-54.842));
#2470=CARTESIAN_POINT('',(-56.,-52.97,-54.842));
#2471=CARTESIAN_POINT('',(-27.985,-52.97,-54.842));
#2472=CARTESIAN_POINT('',(-66.47,-52.97,-54.842));
#2473=CARTESIAN_POINT('',(-55.97,-52.97,-54.842));
#2474=CARTESIAN_POINT('',(-66.47,-52.97,-54.842));
#2475=CARTESIAN_POINT('',(22.5,-52.97,-81.8419816326462));
#2476=CARTESIAN_POINT('Origin',(0.500000000000005,-52.97,-71.8419816326462));
#2477=CARTESIAN_POINT('',(0.500000000000005,52.97,-81.8419816326462));
#2478=CARTESIAN_POINT('',(0.500000000000007,-31.985,-81.8419816326462));
#2479=CARTESIAN_POINT('',(0.500000000000005,52.97,-70.8419908163231));
#2480=CARTESIAN_POINT('Origin',(55.97,-11.,-81.8419816326462));
#2481=CARTESIAN_POINT('',(45.47,21.,-81.8419816326462));
#2482=CARTESIAN_POINT('',(-66.47,-32.,-81.8419816326462));
#2483=CARTESIAN_POINT('',(-21.5,52.97,-81.8419816326462));
#2484=CARTESIAN_POINT('',(-21.5,-31.985,-81.8419816326462));
#2485=CARTESIAN_POINT('',(-33.5,52.97,-81.8419816326462));
#2486=CARTESIAN_POINT('',(-8.517,5.5,-81.8419816326462));
#2487=CARTESIAN_POINT('',(-1.517,0.,-81.8419816326462));
#2488=CARTESIAN_POINT('Origin',(-21.5,-52.97,-86.8419816326462));
#2489=CARTESIAN_POINT('',(-21.5,52.97,-70.8419908163231));
#2490=CARTESIAN_POINT('Origin',(-56.,52.97,-54.842));
#2491=CARTESIAN_POINT('',(45.47,52.97,-54.842));
#2492=CARTESIAN_POINT('',(45.47,52.97,-54.842));
#2493=CARTESIAN_POINT('',(-66.47,52.97,-54.842));
#2494=CARTESIAN_POINT('',(-66.47,52.97,-54.842));
#2495=CARTESIAN_POINT('',(-56.,52.97,-54.842));
#2496=CARTESIAN_POINT('',(-55.97,52.97,-54.842));
#2497=CARTESIAN_POINT('',(-27.985,52.97,-54.842));
#2498=CARTESIAN_POINT('Origin',(45.47,53.,-54.842));
#2499=CARTESIAN_POINT('',(45.47,26.5,-54.842));
#2500=CARTESIAN_POINT('Origin',(-55.97,-52.97,-54.842));
#2501=CARTESIAN_POINT('',(-56.,53.,-54.842));
#2502=CARTESIAN_POINT('',(-66.47,-26.5,-54.842));
#2503=CARTESIAN_POINT('Origin',(-66.47,-53.,-54.842));
#2504=CARTESIAN_POINT('',(-66.47,3.5,-79.842));
#2505=CARTESIAN_POINT('Origin',(-55.97,3.5,-104.842));
#2506=CARTESIAN_POINT('Origin',(0.,0.,-54.842));
#2507=CARTESIAN_POINT('',(-56.,53.,-54.842));
#2508=CARTESIAN_POINT('',(-56.,53.,-54.842));
#2509=CARTESIAN_POINT('',(56.,53.,-54.842));
#2510=CARTESIAN_POINT('',(56.,53.,-54.842));
#2511=CARTESIAN_POINT('',(56.,-53.,-54.842));
#2512=CARTESIAN_POINT('',(56.,-53.,-54.842));
#2513=CARTESIAN_POINT('',(-56.,-53.,-54.842));
#2514=CARTESIAN_POINT('',(-56.,-53.,-54.842));
#2515=CARTESIAN_POINT('',(-56.,53.,-54.842));
#2516=CARTESIAN_POINT('Origin',(-84.,-70.,-11.896));
#2517=CARTESIAN_POINT('',(-84.,-80.,7.20799999999999));
#2518=CARTESIAN_POINT('',(-94.,-70.,7.20799999999999));
#2519=CARTESIAN_POINT('Origin',(-84.,-70.,7.20799999999999));
#2520=CARTESIAN_POINT('',(-94.,-70.,-54.792));
#2521=CARTESIAN_POINT('',(-94.,-70.,-11.896));
#2522=CARTESIAN_POINT('',(-84.,-80.,-54.792));
#2523=CARTESIAN_POINT('Origin',(-84.,-70.,-54.792));
#2524=CARTESIAN_POINT('',(-84.,-80.,-11.896));
#2525=CARTESIAN_POINT('Origin',(-94.,-65.,0.));
#2526=CARTESIAN_POINT('',(-94.,70.,7.20799999999999));
#2527=CARTESIAN_POINT('',(-94.,-70.,7.20799999999999));
#2528=CARTESIAN_POINT('',(-94.,70.,-54.792));
#2529=CARTESIAN_POINT('',(-94.,70.,-11.896));
#2530=CARTESIAN_POINT('',(-94.,70.,-54.792));
#2531=CARTESIAN_POINT('Origin',(0.,-1.77635683940025E-14,7.20799999999999));
#2532=CARTESIAN_POINT('',(63.,-80.,7.20799999999999));
#2533=CARTESIAN_POINT('',(-89.5,-80.,7.20799999999999));
#2534=CARTESIAN_POINT('',(73.,-70.,7.20799999999999));
#2535=CARTESIAN_POINT('Origin',(63.,-70.,7.20799999999999));
#2536=CARTESIAN_POINT('',(73.,70.,7.20799999999999));
#2537=CARTESIAN_POINT('',(73.,32.5,7.20799999999999));
#2538=CARTESIAN_POINT('',(63.,80.,7.20799999999999));
#2539=CARTESIAN_POINT('Origin',(63.,70.,7.20799999999999));
#2540=CARTESIAN_POINT('',(-84.,80.,7.20799999999999));
#2541=CARTESIAN_POINT('',(-92.5,80.,7.20799999999999));
#2542=CARTESIAN_POINT('Origin',(-84.,70.,7.20799999999999));
#2543=CARTESIAN_POINT('',(-67.,63.,7.20799999999999));
#2544=CARTESIAN_POINT('',(46.,63.,7.20799999999999));
#2545=CARTESIAN_POINT('',(23.,63.,7.20799999999999));
#2546=CARTESIAN_POINT('',(56.,53.,7.20799999999999));
#2547=CARTESIAN_POINT('Origin',(46.,53.,7.20799999999999));
#2548=CARTESIAN_POINT('',(56.,-53.,7.20799999999999));
#2549=CARTESIAN_POINT('',(56.,-26.5,7.20799999999999));
#2550=CARTESIAN_POINT('',(46.,-63.,7.20799999999999));
#2551=CARTESIAN_POINT('Origin',(46.,-53.,7.20799999999999));
#2552=CARTESIAN_POINT('',(-67.,-63.,7.20799999999999));
#2553=CARTESIAN_POINT('',(-35.5,-63.,7.20799999999999));
#2554=CARTESIAN_POINT('',(-77.,-53.,7.20799999999999));
#2555=CARTESIAN_POINT('Origin',(-67.,-53.,7.20799999999999));
#2556=CARTESIAN_POINT('',(-77.,53.,7.20799999999999));
#2557=CARTESIAN_POINT('',(-77.,26.5,7.20799999999999));
#2558=CARTESIAN_POINT('Origin',(-67.,53.,7.20799999999999));
#2559=CARTESIAN_POINT('Origin',(-84.,70.,-11.896));
#2560=CARTESIAN_POINT('',(-84.,80.,-54.792));
#2561=CARTESIAN_POINT('Origin',(-84.,70.,-54.792));
#2562=CARTESIAN_POINT('',(-84.,80.,-11.896));
#2563=CARTESIAN_POINT('Origin',(73.,80.,-23.792));
#2564=CARTESIAN_POINT('',(63.,80.,-54.792));
#2565=CARTESIAN_POINT('',(63.,80.,-11.896));
#2566=CARTESIAN_POINT('',(-89.5,80.,-54.792));
#2567=CARTESIAN_POINT('Origin',(-91.,-80.,-23.792));
#2568=CARTESIAN_POINT('',(63.,-80.,-54.792));
#2569=CARTESIAN_POINT('',(-92.5,-80.,-54.792));
#2570=CARTESIAN_POINT('',(63.,-80.,-11.896));
#2571=CARTESIAN_POINT('Origin',(-67.,-53.,76.104));
#2572=CARTESIAN_POINT('',(-67.,-63.,145.));
#2573=CARTESIAN_POINT('',(-77.,-53.,145.));
#2574=CARTESIAN_POINT('Origin',(-67.,-53.,145.));
#2575=CARTESIAN_POINT('',(-77.,-53.,76.104));
#2576=CARTESIAN_POINT('',(-67.,-63.,76.104));
#2577=CARTESIAN_POINT('Origin',(-77.,-58.,76.104));
#2578=CARTESIAN_POINT('',(-77.,-10.,145.));
#2579=CARTESIAN_POINT('',(-77.,-53.,145.));
#2580=CARTESIAN_POINT('',(-77.,-10.,130.));
#2581=CARTESIAN_POINT('',(-77.,-10.,72.5));
#2582=CARTESIAN_POINT('',(-77.,-5.,125.));
#2583=CARTESIAN_POINT('Origin',(-77.,-5.,130.));
#2584=CARTESIAN_POINT('',(-77.,5.,125.));
#2585=CARTESIAN_POINT('',(-77.,-31.5,125.));
#2586=CARTESIAN_POINT('',(-77.,10.,130.));
#2587=CARTESIAN_POINT('Origin',(-77.,5.,130.));
#2588=CARTESIAN_POINT('',(-77.,10.,145.));
#2589=CARTESIAN_POINT('',(-77.,10.,62.5));
#2590=CARTESIAN_POINT('',(-77.,53.,145.));
#2591=CARTESIAN_POINT('',(-77.,55.5,145.));
#2592=CARTESIAN_POINT('',(-77.,53.,38.052));
#2593=CARTESIAN_POINT('Origin',(0.,0.,145.));
#2594=CARTESIAN_POINT('',(46.,-63.,145.));
#2595=CARTESIAN_POINT('',(-72.5,-63.,145.));
#2596=CARTESIAN_POINT('',(56.,-53.,145.));
#2597=CARTESIAN_POINT('Origin',(46.,-53.,145.));
#2598=CARTESIAN_POINT('',(56.,-10.,145.));
#2599=CARTESIAN_POINT('',(56.,-55.5,145.));
#2600=CARTESIAN_POINT('',(41.,-10.,145.));
#2601=CARTESIAN_POINT('',(28.,-10.,145.));
#2602=CARTESIAN_POINT('',(41.,12.4907446109783,145.));
#2603=CARTESIAN_POINT('',(41.,0.622686152744585,145.));
#2604=CARTESIAN_POINT('',(56.,12.4907446109783,145.));
#2605=CARTESIAN_POINT('',(28.,12.4907446109783,145.));
#2606=CARTESIAN_POINT('',(56.,53.,145.));
#2607=CARTESIAN_POINT('',(56.,60.5,145.));
#2608=CARTESIAN_POINT('',(46.,63.,145.));
#2609=CARTESIAN_POINT('Origin',(46.,53.,145.));
#2610=CARTESIAN_POINT('',(-67.,63.,145.));
#2611=CARTESIAN_POINT('',(-75.5,63.,145.));
#2612=CARTESIAN_POINT('Origin',(-67.,53.,145.));
#2613=CARTESIAN_POINT('',(-62.,10.,145.));
#2614=CARTESIAN_POINT('',(-28.,10.,145.));
#2615=CARTESIAN_POINT('',(-62.,-10.,145.));
#2616=CARTESIAN_POINT('',(-62.,0.,145.));
#2617=CARTESIAN_POINT('',(-28.,-10.,145.));
#2618=CARTESIAN_POINT('',(-11.6945337239733,21.76,145.));
#2619=CARTESIAN_POINT('',(-11.6945337239733,31.76,145.));
#2620=CARTESIAN_POINT('',(-11.6945337239733,-10.88,145.));
#2621=CARTESIAN_POINT('',(2.30546627602668,31.76,145.));
#2622=CARTESIAN_POINT('',(-2.34726686198666,31.76,145.));
#2623=CARTESIAN_POINT('',(2.30546627602668,21.76,145.));
#2624=CARTESIAN_POINT('',(2.30546627602668,-10.88,145.));
#2625=CARTESIAN_POINT('',(29.53,21.76,145.));
#2626=CARTESIAN_POINT('',(-14.75,21.76,145.));
#2627=CARTESIAN_POINT('',(29.53,-21.76,145.));
#2628=CARTESIAN_POINT('',(29.53,-10.875,145.));
#2629=CARTESIAN_POINT('',(2.30546627602668,-21.76,145.));
#2630=CARTESIAN_POINT('',(14.75,-21.76,145.));
#2631=CARTESIAN_POINT('',(2.30546627602668,-31.76,145.));
#2632=CARTESIAN_POINT('',(2.30546627602668,-10.88,145.));
#2633=CARTESIAN_POINT('',(-11.6945337239733,-31.76,145.));
#2634=CARTESIAN_POINT('',(-2.34726686198666,-31.76,145.));
#2635=CARTESIAN_POINT('',(-11.6945337239733,-21.76,145.));
#2636=CARTESIAN_POINT('',(-11.6945337239733,-10.88,145.));
#2637=CARTESIAN_POINT('',(-29.53,-21.76,145.));
#2638=CARTESIAN_POINT('',(14.75,-21.76,145.));
#2639=CARTESIAN_POINT('',(-29.53,21.76,145.));
#2640=CARTESIAN_POINT('',(-29.53,-10.875,145.));
#2641=CARTESIAN_POINT('',(-14.75,21.76,145.));
#2642=CARTESIAN_POINT('',(40.5,-37.375,145.));
#2643=CARTESIAN_POINT('Origin',(42.75,-37.375,145.));
#2644=CARTESIAN_POINT('',(40.5,37.375,145.));
#2645=CARTESIAN_POINT('Origin',(42.75,37.375,145.));
#2646=CARTESIAN_POINT('',(-45.,37.375,145.));
#2647=CARTESIAN_POINT('Origin',(-42.75,37.375,145.));
#2648=CARTESIAN_POINT('',(-45.,-37.375,145.));
#2649=CARTESIAN_POINT('Origin',(-42.75,-37.375,145.));
#2650=CARTESIAN_POINT('Origin',(-67.,53.,38.052));
#2651=CARTESIAN_POINT('',(-67.,63.,38.052));
#2652=CARTESIAN_POINT('Origin',(-56.,63.,0.));
#2653=CARTESIAN_POINT('',(46.,63.,38.052));
#2654=CARTESIAN_POINT('Origin',(-74.,-63.,76.104));
#2655=CARTESIAN_POINT('',(46.,-63.,38.052));
#2656=CARTESIAN_POINT('Origin',(-62.,0.,135.));
#2657=CARTESIAN_POINT('',(-62.,-10.,130.));
#2658=CARTESIAN_POINT('',(-62.,-5.,125.));
#2659=CARTESIAN_POINT('Origin',(-62.,-5.,130.));
#2660=CARTESIAN_POINT('',(-62.,-10.,140.));
#2661=CARTESIAN_POINT('',(-62.,10.,130.));
#2662=CARTESIAN_POINT('',(-62.,10.,130.));
#2663=CARTESIAN_POINT('',(-62.,5.,125.));
#2664=CARTESIAN_POINT('Origin',(-62.,5.,130.));
#2665=CARTESIAN_POINT('',(-62.,-5.,125.));
#2666=CARTESIAN_POINT('Origin',(-56.,-5.,130.));
#2667=CARTESIAN_POINT('',(-56.,-5.,125.));
#2668=CARTESIAN_POINT('',(-56.,-10.,130.));
#2669=CARTESIAN_POINT('Origin',(-56.,-10.,125.));
#2670=CARTESIAN_POINT('',(-56.,5.,125.));
#2671=CARTESIAN_POINT('Origin',(-56.,5.,130.));
#2672=CARTESIAN_POINT('',(-56.,10.,130.));
#2673=CARTESIAN_POINT('Origin',(-56.,10.,125.));
#2674=CARTESIAN_POINT('Origin',(63.,-70.,-11.896));
#2675=CARTESIAN_POINT('',(73.,-70.,-54.792));
#2676=CARTESIAN_POINT('Origin',(63.,-70.,-54.792));
#2677=CARTESIAN_POINT('',(73.,-70.,-11.896));
#2678=CARTESIAN_POINT('Origin',(63.,70.,-11.896));
#2679=CARTESIAN_POINT('',(73.,70.,-54.792));
#2680=CARTESIAN_POINT('',(73.,70.,-11.896));
#2681=CARTESIAN_POINT('Origin',(63.,70.,-54.792));
#2682=CARTESIAN_POINT('Origin',(73.,65.,0.));
#2683=CARTESIAN_POINT('',(73.,32.5,-54.792));
#2684=CARTESIAN_POINT('Origin',(46.,53.,38.052));
#2685=CARTESIAN_POINT('',(56.,53.,38.052));
#2686=CARTESIAN_POINT('Origin',(56.,58.,76.104));
#2687=CARTESIAN_POINT('',(56.,12.4907446109783,130.));
#2688=CARTESIAN_POINT('',(56.,12.4907446109783,72.5));
#2689=CARTESIAN_POINT('',(56.,7.49074461097834,125.));
#2690=CARTESIAN_POINT('Origin',(56.,7.49074461097834,130.));
#2691=CARTESIAN_POINT('',(56.,-5.,125.));
#2692=CARTESIAN_POINT('',(56.,32.7453723054892,125.));
#2693=CARTESIAN_POINT('',(56.,-10.,130.));
#2694=CARTESIAN_POINT('Origin',(56.,-5.,130.));
#2695=CARTESIAN_POINT('',(56.,-10.,62.5));
#2696=CARTESIAN_POINT('',(56.,-53.,38.052));
#2697=CARTESIAN_POINT('Origin',(46.,-53.,38.052));
#2698=CARTESIAN_POINT('Origin',(-56.,-10.,145.));
#2699=CARTESIAN_POINT('Origin',(56.,-10.,125.));
#2700=CARTESIAN_POINT('',(41.,-10.,130.));
#2701=CARTESIAN_POINT('',(56.,-10.,130.));
#2702=CARTESIAN_POINT('',(41.,-10.,125.));
#2703=CARTESIAN_POINT('Origin',(56.,-5.,130.));
#2704=CARTESIAN_POINT('',(41.,-5.,125.));
#2705=CARTESIAN_POINT('',(56.,-5.,125.));
#2706=CARTESIAN_POINT('Origin',(41.,-5.,130.));
#2707=CARTESIAN_POINT('Origin',(56.,12.4907446109783,125.));
#2708=CARTESIAN_POINT('',(41.,7.49074461097834,125.));
#2709=CARTESIAN_POINT('',(56.,7.49074461097834,125.));
#2710=CARTESIAN_POINT('',(41.,12.4907446109783,125.));
#2711=CARTESIAN_POINT('Origin',(56.,7.49074461097834,130.));
#2712=CARTESIAN_POINT('',(41.,12.4907446109783,130.));
#2713=CARTESIAN_POINT('',(56.,12.4907446109783,130.));
#2714=CARTESIAN_POINT('Origin',(41.,7.49074461097834,130.));
#2715=CARTESIAN_POINT('Origin',(56.,12.4907446109783,145.));
#2716=CARTESIAN_POINT('',(41.,12.4907446109783,145.));
#2717=CARTESIAN_POINT('Origin',(-56.,53.,-64.792));
#2718=CARTESIAN_POINT('',(-56.,53.,-54.792));
#2719=CARTESIAN_POINT('',(56.,53.,-54.792));
#2720=CARTESIAN_POINT('',(-28.,53.,-54.792));
#2721=CARTESIAN_POINT('',(56.,53.,-64.792));
#2722=CARTESIAN_POINT('',(-56.,53.,-64.792));
#2723=CARTESIAN_POINT('Origin',(-8.517,-11.,-44.));
#2724=CARTESIAN_POINT('',(-8.517,-5.5,100.158));
#2725=CARTESIAN_POINT('Origin',(2.30546627602668,-21.76,145.));
#2726=CARTESIAN_POINT('',(2.30546627602668,21.76,100.158));
#2727=CARTESIAN_POINT('',(2.30546627602668,21.76,72.5));
#2728=CARTESIAN_POINT('',(2.30546627602668,31.76,100.158));
#2729=CARTESIAN_POINT('',(2.30546627602668,31.76,145.));
#2730=CARTESIAN_POINT('',(2.30546627602668,-21.76,100.158));
#2731=CARTESIAN_POINT('Origin',(-11.6945337239733,-21.76,100.158));
#2732=CARTESIAN_POINT('',(-11.6945337239733,21.76,100.158));
#2733=CARTESIAN_POINT('',(-11.6945337239733,21.76,50.079));
#2734=CARTESIAN_POINT('',(-11.6945337239733,31.76,100.158));
#2735=CARTESIAN_POINT('',(-11.6945337239733,-21.76,100.158));
#2736=CARTESIAN_POINT('',(-11.6945337239733,31.76,100.158));
#2737=CARTESIAN_POINT('Origin',(-4.69453372397333,31.76,122.579));
#2738=CARTESIAN_POINT('',(2.30546627602668,31.76,100.158));
#2739=CARTESIAN_POINT('Origin',(-29.5,21.76,0.));
#2740=CARTESIAN_POINT('',(29.53,21.76,100.158));
#2741=CARTESIAN_POINT('',(-29.5,21.76,100.158));
#2742=CARTESIAN_POINT('',(29.53,21.76,0.));
#2743=CARTESIAN_POINT('Origin',(0.,-1.77635683940025E-14,-54.792));
#2744=CARTESIAN_POINT('',(-56.,-53.,-54.792));
#2745=CARTESIAN_POINT('',(-56.,-26.5,-54.792));
#2746=CARTESIAN_POINT('',(56.,-53.,-54.792));
#2747=CARTESIAN_POINT('',(28.,-53.,-54.792));
#2748=CARTESIAN_POINT('',(56.,26.5,-54.792));
#2749=CARTESIAN_POINT('Origin',(41.,1.24537230548917,135.));
#2750=CARTESIAN_POINT('Origin',(-11.6945337239733,-21.76,145.));
#2751=CARTESIAN_POINT('',(-11.6945337239733,-21.76,100.158));
#2752=CARTESIAN_POINT('',(-11.6945337239733,-21.76,72.5));
#2753=CARTESIAN_POINT('',(-11.6945337239733,-31.76,100.158));
#2754=CARTESIAN_POINT('',(-11.6945337239733,-31.76,100.158));
#2755=CARTESIAN_POINT('',(-11.6945337239733,-21.76,100.158));
#2756=CARTESIAN_POINT('Origin',(2.30546627602668,-21.76,100.158));
#2757=CARTESIAN_POINT('',(2.30546627602668,-21.76,100.158));
#2758=CARTESIAN_POINT('',(2.30546627602668,-21.76,50.079));
#2759=CARTESIAN_POINT('',(2.30546627602668,-31.76,100.158));
#2760=CARTESIAN_POINT('',(2.30546627602668,-21.76,100.158));
#2761=CARTESIAN_POINT('',(2.30546627602668,-31.76,145.));
#2762=CARTESIAN_POINT('Origin',(-4.69453372397333,-31.76,122.579));
#2763=CARTESIAN_POINT('',(2.30546627602668,-31.76,100.158));
#2764=CARTESIAN_POINT('Origin',(29.5,-21.76,0.));
#2765=CARTESIAN_POINT('',(-29.53,-21.76,100.158));
#2766=CARTESIAN_POINT('',(14.75,-21.76,100.158));
#2767=CARTESIAN_POINT('',(-29.53,-21.76,0.));
#2768=CARTESIAN_POINT('Origin',(29.5,-21.76,0.));
#2769=CARTESIAN_POINT('',(29.53,-21.76,100.158));
#2770=CARTESIAN_POINT('',(29.53,-21.76,100.));
#2771=CARTESIAN_POINT('',(14.75,-21.76,100.158));
#2772=CARTESIAN_POINT('Origin',(-29.5,21.76,0.));
#2773=CARTESIAN_POINT('',(-29.53,21.76,100.158));
#2774=CARTESIAN_POINT('',(-29.53,21.76,0.));
#2775=CARTESIAN_POINT('',(-29.5,21.76,100.158));
#2776=CARTESIAN_POINT('Origin',(29.53,21.75,0.));
#2777=CARTESIAN_POINT('',(29.53,21.75,100.158));
#2778=CARTESIAN_POINT('Origin',(-29.53,-21.75,0.));
#2779=CARTESIAN_POINT('',(-29.53,-21.75,100.158));
#2780=CARTESIAN_POINT('Origin',(-42.75,-37.375,141.));
#2781=CARTESIAN_POINT('',(-45.,-37.375,137.));
#2782=CARTESIAN_POINT('',(-45.,-37.375,141.));
#2783=CARTESIAN_POINT('Origin',(-42.75,-37.375,137.));
#2784=CARTESIAN_POINT('Origin',(-42.75,-37.375,137.));
#2785=CARTESIAN_POINT('Origin',(-42.75,37.375,141.));
#2786=CARTESIAN_POINT('',(-45.,37.375,137.));
#2787=CARTESIAN_POINT('',(-45.,37.375,141.));
#2788=CARTESIAN_POINT('Origin',(-42.75,37.375,137.));
#2789=CARTESIAN_POINT('Origin',(-42.75,37.375,137.));
#2790=CARTESIAN_POINT('Origin',(42.75,37.375,141.));
#2791=CARTESIAN_POINT('',(40.5,37.375,137.));
#2792=CARTESIAN_POINT('',(40.5,37.375,141.));
#2793=CARTESIAN_POINT('Origin',(42.75,37.375,137.));
#2794=CARTESIAN_POINT('Origin',(42.75,37.375,137.));
#2795=CARTESIAN_POINT('Origin',(42.75,-37.375,141.));
#2796=CARTESIAN_POINT('',(40.5,-37.375,137.));
#2797=CARTESIAN_POINT('',(40.5,-37.375,141.));
#2798=CARTESIAN_POINT('Origin',(42.75,-37.375,137.));
#2799=CARTESIAN_POINT('Origin',(42.75,-37.375,137.));
#2800=CARTESIAN_POINT('Origin',(56.,53.,-64.792));
#2801=CARTESIAN_POINT('',(56.,-53.,-64.792));
#2802=CARTESIAN_POINT('Origin',(-56.,-53.,-64.792));
#2803=CARTESIAN_POINT('',(-56.,-53.,-64.792));
#2804=CARTESIAN_POINT('Origin',(56.,-53.,-64.792));
#2805=CARTESIAN_POINT('Origin',(0.,0.,100.158));
#2806=CARTESIAN_POINT('',(-1.517,5.5,100.158));
#2807=CARTESIAN_POINT('Origin',(-1.517,11.,-44.));
#2808=UNCERTAINTY_MEASURE_WITH_UNIT(LENGTH_MEASURE(0.01),#2812,
'DISTANCE_ACCURACY_VALUE',
'Maximum model space distance between geometric entities at asserted c
onnectivities');
#2809=UNCERTAINTY_MEASURE_WITH_UNIT(LENGTH_MEASURE(0.01),#2812,
'DISTANCE_ACCURACY_VALUE',
'Maximum model space distance between geometric entities at asserted c
onnectivities');
#2810=(
GEOMETRIC_REPRESENTATION_CONTEXT(3)
GLOBAL_UNCERTAINTY_ASSIGNED_CONTEXT((#2808))
GLOBAL_UNIT_ASSIGNED_CONTEXT((#2812,#2814,#2815))
REPRESENTATION_CONTEXT('','3D')
);
#2811=(
GEOMETRIC_REPRESENTATION_CONTEXT(3)
GLOBAL_UNCERTAINTY_ASSIGNED_CONTEXT((#2809))
GLOBAL_UNIT_ASSIGNED_CONTEXT((#2812,#2814,#2815))
REPRESENTATION_CONTEXT('','3D')
);
#2812=(
LENGTH_UNIT()
NAMED_UNIT(*)
SI_UNIT(.MILLI.,.METRE.)
);
#2813=(
LENGTH_UNIT()
NAMED_UNIT(*)
SI_UNIT($,.METRE.)
);
#2814=(
NAMED_UNIT(*)
PLANE_ANGLE_UNIT()
SI_UNIT($,.RADIAN.)
);
#2815=(
NAMED_UNIT(*)
SI_UNIT($,.STERADIAN.)
SOLID_ANGLE_UNIT()
);
#2816=SHAPE_DEFINITION_REPRESENTATION(#2817,#2818);
#2817=PRODUCT_DEFINITION_SHAPE('',$,#2820);
#2818=SHAPE_REPRESENTATION('',(#1746),#2810);
#2819=PRODUCT_DEFINITION_CONTEXT('part definition',#2824,'design');
#2820=PRODUCT_DEFINITION('2026-05-09-11-14-30-725','(\X2\672A4FDD5B58\X0\)',
#2821,#2819);
#2821=PRODUCT_DEFINITION_FORMATION('',$,#2826);
#2822=PRODUCT_RELATED_PRODUCT_CATEGORY('(\X2\672A4FDD5B58\X0\)',
'(\X2\672A4FDD5B58\X0\)',(#2826));
#2823=APPLICATION_PROTOCOL_DEFINITION('international standard',
'automotive_design',2009,#2824);
#2824=APPLICATION_CONTEXT(
'Core Data for Automotive Mechanical Design Process');
#2825=PRODUCT_CONTEXT('part definition',#2824,'mechanical');
#2826=PRODUCT('2026-05-09-11-14-30-725','(\X2\672A4FDD5B58\X0\)',$,(#2825));
#2827=PRESENTATION_STYLE_ASSIGNMENT((#2828));
#2828=SURFACE_STYLE_USAGE(.BOTH.,#2829);
#2829=SURFACE_SIDE_STYLE('',(#2830));
#2830=SURFACE_STYLE_FILL_AREA(#2831);
#2831=FILL_AREA_STYLE('\X2\94A2\X0\ - \X2\7F0E5149\X0\',(#2832));
#2832=FILL_AREA_STYLE_COLOUR('\X2\94A2\X0\ - \X2\7F0E5149\X0\',#2833);
#2833=COLOUR_RGB('\X2\94A2\X0\ - \X2\7F0E5149\X0\',0.627450980392157,0.627450980392157,
0.627450980392157);
ENDSEC;
END-ISO-10303-21;
