ISO-10303-21;
HEADER;
/* Generated by software containing ST-Developer
 * from STEP Tools, Inc. (www.steptools.com) 
 */

FILE_DESCRIPTION(
/* description */ (''),
/* implementation_level */ '2;1');

FILE_NAME(
/* name */ '',
/* time_stamp */ '2026-09-13T19:33:04+08:00',
/* author */ (''),
/* organization */ (''),
/* preprocessor_version */ 'ST-DEVELOPER v20.1',
/* originating_system */ 'Autodesk Translation Framework v15.8.0.0',
/* authorisation */ '');

FILE_SCHEMA (('AUTOMOTIVE_DESIGN { 1 0 10303 214 3 1 1 }'));
ENDSEC;

DATA;
#10=MECHANICAL_DESIGN_GEOMETRIC_PRESENTATION_REPRESENTATION('',(#13),#5682);
#11=SHAPE_REPRESENTATION_RELATIONSHIP('SRR','None',#5689,#12);
#12=ADVANCED_BREP_SHAPE_REPRESENTATION('',(#14),#5681);
#13=STYLED_ITEM('',(#5698),#14);
#14=MANIFOLD_SOLID_BREP('\X2\5B9E4F53\X0\1',#3520);
#15=FACE_BOUND('',#308,.T.);
#16=FACE_BOUND('',#313,.T.);
#17=FACE_BOUND('',#316,.T.);
#18=FACE_BOUND('',#319,.T.);
#19=FACE_BOUND('',#324,.T.);
#20=FACE_BOUND('',#329,.T.);
#21=FACE_BOUND('',#334,.T.);
#22=FACE_BOUND('',#339,.T.);
#23=FACE_BOUND('',#342,.T.);
#24=FACE_BOUND('',#345,.T.);
#25=FACE_BOUND('',#348,.T.);
#26=FACE_BOUND('',#351,.T.);
#27=FACE_BOUND('',#354,.T.);
#28=FACE_BOUND('',#357,.T.);
#29=FACE_BOUND('',#360,.T.);
#30=FACE_BOUND('',#363,.T.);
#31=FACE_BOUND('',#383,.T.);
#32=FACE_BOUND('',#474,.T.);
#33=FACE_BOUND('',#475,.T.);
#34=FACE_BOUND('',#478,.T.);
#35=FACE_BOUND('',#479,.T.);
#36=FACE_BOUND('',#482,.T.);
#37=FACE_BOUND('',#483,.T.);
#38=FACE_BOUND('',#486,.T.);
#39=FACE_BOUND('',#487,.T.);
#40=FACE_BOUND('',#489,.T.);
#41=CIRCLE('',#3539,1.99999999999999);
#42=CIRCLE('',#3540,1.99999999999999);
#43=CIRCLE('',#3542,1.99999999999999);
#44=CIRCLE('',#3543,1.99999999999999);
#45=CIRCLE('',#3547,1.99999999999996);
#46=CIRCLE('',#3548,1.99999999999996);
#47=CIRCLE('',#3550,1.99999999999996);
#48=CIRCLE('',#3551,1.99999999999996);
#49=CIRCLE('',#3555,1.99999999999999);
#50=CIRCLE('',#3556,1.99999999999999);
#51=CIRCLE('',#3558,1.99999999999999);
#52=CIRCLE('',#3560,1.99999999999999);
#53=CIRCLE('',#3561,1.99999999999999);
#54=CIRCLE('',#3563,1.99999999999999);
#55=CIRCLE('',#3565,1.99999999999999);
#56=CIRCLE('',#3566,1.99999999999999);
#57=CIRCLE('',#3568,1.99999999999999);
#58=CIRCLE('',#3569,1.99999999999999);
#59=CIRCLE('',#3573,1.99999999999999);
#60=CIRCLE('',#3574,1.99999999999999);
#61=CIRCLE('',#3576,1.99999999999999);
#62=CIRCLE('',#3577,1.99999999999999);
#63=CIRCLE('',#3581,1.99999999999999);
#64=CIRCLE('',#3582,1.99999999999999);
#65=CIRCLE('',#3584,1.99999999999999);
#66=CIRCLE('',#3585,1.99999999999999);
#67=CIRCLE('',#3589,1.99999999999999);
#68=CIRCLE('',#3590,1.99999999999999);
#69=CIRCLE('',#3592,1.99999999999999);
#70=CIRCLE('',#3594,1.99999999999999);
#71=CIRCLE('',#3595,1.99999999999999);
#72=CIRCLE('',#3596,1.99999999999999);
#73=CIRCLE('',#3615,10.);
#74=CIRCLE('',#3619,10.);
#75=CIRCLE('',#3621,10.);
#76=CIRCLE('',#3622,10.);
#77=CIRCLE('',#3627,1.99999999999999);
#78=CIRCLE('',#3628,1.99999999999999);
#79=CIRCLE('',#3633,1.99999999999999);
#80=CIRCLE('',#3634,1.99999999999999);
#81=CIRCLE('',#3650,10.);
#82=CIRCLE('',#3651,10.);
#83=CIRCLE('',#3652,10.);
#84=CIRCLE('',#3653,10.);
#85=CIRCLE('',#3654,10.);
#86=CIRCLE('',#3655,10.);
#87=CIRCLE('',#3679,10.);
#88=CIRCLE('',#3680,10.);
#89=CIRCLE('',#3681,10.);
#90=CIRCLE('',#3682,10.);
#91=CIRCLE('',#3683,10.);
#92=CIRCLE('',#3684,10.);
#93=CIRCLE('',#3706,10.);
#94=CIRCLE('',#3707,10.);
#95=CIRCLE('',#3708,10.);
#96=CIRCLE('',#3709,10.);
#97=CIRCLE('',#3710,10.);
#98=CIRCLE('',#3711,10.);
#99=CIRCLE('',#3732,10.);
#100=CIRCLE('',#3734,10.);
#101=CIRCLE('',#3740,10.);
#102=CIRCLE('',#3746,10.);
#103=CIRCLE('',#3752,10.);
#104=CIRCLE('',#3755,10.);
#105=CIRCLE('',#3758,10.);
#106=CIRCLE('',#3761,10.);
#107=CYLINDRICAL_SURFACE('',#3538,1.99999999999999);
#108=CYLINDRICAL_SURFACE('',#3541,1.99999999999999);
#109=CYLINDRICAL_SURFACE('',#3546,1.99999999999996);
#110=CYLINDRICAL_SURFACE('',#3549,1.99999999999996);
#111=CYLINDRICAL_SURFACE('',#3554,1.99999999999999);
#112=CYLINDRICAL_SURFACE('',#3559,1.99999999999999);
#113=CYLINDRICAL_SURFACE('',#3564,1.99999999999999);
#114=CYLINDRICAL_SURFACE('',#3567,1.99999999999999);
#115=CYLINDRICAL_SURFACE('',#3572,1.99999999999999);
#116=CYLINDRICAL_SURFACE('',#3575,1.99999999999999);
#117=CYLINDRICAL_SURFACE('',#3580,1.99999999999999);
#118=CYLINDRICAL_SURFACE('',#3583,1.99999999999999);
#119=CYLINDRICAL_SURFACE('',#3588,1.99999999999999);
#120=CYLINDRICAL_SURFACE('',#3593,1.99999999999999);
#121=CYLINDRICAL_SURFACE('',#3620,10.);
#122=CYLINDRICAL_SURFACE('',#3626,1.99999999999999);
#123=CYLINDRICAL_SURFACE('',#3632,1.99999999999999);
#124=CYLINDRICAL_SURFACE('',#3649,10.);
#125=CYLINDRICAL_SURFACE('',#3678,10.);
#126=CYLINDRICAL_SURFACE('',#3705,10.);
#127=CYLINDRICAL_SURFACE('',#3751,10.);
#128=CYLINDRICAL_SURFACE('',#3754,10.);
#129=CYLINDRICAL_SURFACE('',#3757,10.);
#130=CYLINDRICAL_SURFACE('',#3760,10.);
#131=FACE_OUTER_BOUND('',#300,.T.);
#132=FACE_OUTER_BOUND('',#301,.T.);
#133=FACE_OUTER_BOUND('',#302,.T.);
#134=FACE_OUTER_BOUND('',#303,.T.);
#135=FACE_OUTER_BOUND('',#304,.T.);
#136=FACE_OUTER_BOUND('',#305,.T.);
#137=FACE_OUTER_BOUND('',#306,.T.);
#138=FACE_OUTER_BOUND('',#307,.T.);
#139=FACE_OUTER_BOUND('',#309,.T.);
#140=FACE_OUTER_BOUND('',#310,.T.);
#141=FACE_OUTER_BOUND('',#311,.T.);
#142=FACE_OUTER_BOUND('',#312,.T.);
#143=FACE_OUTER_BOUND('',#314,.T.);
#144=FACE_OUTER_BOUND('',#315,.T.);
#145=FACE_OUTER_BOUND('',#317,.T.);
#146=FACE_OUTER_BOUND('',#318,.T.);
#147=FACE_OUTER_BOUND('',#320,.T.);
#148=FACE_OUTER_BOUND('',#321,.T.);
#149=FACE_OUTER_BOUND('',#322,.T.);
#150=FACE_OUTER_BOUND('',#323,.T.);
#151=FACE_OUTER_BOUND('',#325,.T.);
#152=FACE_OUTER_BOUND('',#326,.T.);
#153=FACE_OUTER_BOUND('',#327,.T.);
#154=FACE_OUTER_BOUND('',#328,.T.);
#155=FACE_OUTER_BOUND('',#330,.T.);
#156=FACE_OUTER_BOUND('',#331,.T.);
#157=FACE_OUTER_BOUND('',#332,.T.);
#158=FACE_OUTER_BOUND('',#333,.T.);
#159=FACE_OUTER_BOUND('',#335,.T.);
#160=FACE_OUTER_BOUND('',#336,.T.);
#161=FACE_OUTER_BOUND('',#337,.T.);
#162=FACE_OUTER_BOUND('',#338,.T.);
#163=FACE_OUTER_BOUND('',#340,.T.);
#164=FACE_OUTER_BOUND('',#341,.T.);
#165=FACE_OUTER_BOUND('',#343,.T.);
#166=FACE_OUTER_BOUND('',#344,.T.);
#167=FACE_OUTER_BOUND('',#346,.T.);
#168=FACE_OUTER_BOUND('',#347,.T.);
#169=FACE_OUTER_BOUND('',#349,.T.);
#170=FACE_OUTER_BOUND('',#350,.T.);
#171=FACE_OUTER_BOUND('',#352,.T.);
#172=FACE_OUTER_BOUND('',#353,.T.);
#173=FACE_OUTER_BOUND('',#355,.T.);
#174=FACE_OUTER_BOUND('',#356,.T.);
#175=FACE_OUTER_BOUND('',#358,.T.);
#176=FACE_OUTER_BOUND('',#359,.T.);
#177=FACE_OUTER_BOUND('',#361,.T.);
#178=FACE_OUTER_BOUND('',#362,.T.);
#179=FACE_OUTER_BOUND('',#364,.T.);
#180=FACE_OUTER_BOUND('',#365,.T.);
#181=FACE_OUTER_BOUND('',#366,.T.);
#182=FACE_OUTER_BOUND('',#367,.T.);
#183=FACE_OUTER_BOUND('',#368,.T.);
#184=FACE_OUTER_BOUND('',#369,.T.);
#185=FACE_OUTER_BOUND('',#370,.T.);
#186=FACE_OUTER_BOUND('',#371,.T.);
#187=FACE_OUTER_BOUND('',#372,.T.);
#188=FACE_OUTER_BOUND('',#373,.T.);
#189=FACE_OUTER_BOUND('',#374,.T.);
#190=FACE_OUTER_BOUND('',#375,.T.);
#191=FACE_OUTER_BOUND('',#376,.T.);
#192=FACE_OUTER_BOUND('',#377,.T.);
#193=FACE_OUTER_BOUND('',#378,.T.);
#194=FACE_OUTER_BOUND('',#379,.T.);
#195=FACE_OUTER_BOUND('',#380,.T.);
#196=FACE_OUTER_BOUND('',#381,.T.);
#197=FACE_OUTER_BOUND('',#382,.T.);
#198=FACE_OUTER_BOUND('',#384,.T.);
#199=FACE_OUTER_BOUND('',#385,.T.);
#200=FACE_OUTER_BOUND('',#386,.T.);
#201=FACE_OUTER_BOUND('',#387,.T.);
#202=FACE_OUTER_BOUND('',#388,.T.);
#203=FACE_OUTER_BOUND('',#389,.T.);
#204=FACE_OUTER_BOUND('',#390,.T.);
#205=FACE_OUTER_BOUND('',#391,.T.);
#206=FACE_OUTER_BOUND('',#392,.T.);
#207=FACE_OUTER_BOUND('',#393,.T.);
#208=FACE_OUTER_BOUND('',#394,.T.);
#209=FACE_OUTER_BOUND('',#395,.T.);
#210=FACE_OUTER_BOUND('',#396,.T.);
#211=FACE_OUTER_BOUND('',#397,.T.);
#212=FACE_OUTER_BOUND('',#398,.T.);
#213=FACE_OUTER_BOUND('',#399,.T.);
#214=FACE_OUTER_BOUND('',#400,.T.);
#215=FACE_OUTER_BOUND('',#401,.T.);
#216=FACE_OUTER_BOUND('',#402,.T.);
#217=FACE_OUTER_BOUND('',#403,.T.);
#218=FACE_OUTER_BOUND('',#404,.T.);
#219=FACE_OUTER_BOUND('',#405,.T.);
#220=FACE_OUTER_BOUND('',#406,.T.);
#221=FACE_OUTER_BOUND('',#407,.T.);
#222=FACE_OUTER_BOUND('',#408,.T.);
#223=FACE_OUTER_BOUND('',#409,.T.);
#224=FACE_OUTER_BOUND('',#410,.T.);
#225=FACE_OUTER_BOUND('',#411,.T.);
#226=FACE_OUTER_BOUND('',#412,.T.);
#227=FACE_OUTER_BOUND('',#413,.T.);
#228=FACE_OUTER_BOUND('',#414,.T.);
#229=FACE_OUTER_BOUND('',#415,.T.);
#230=FACE_OUTER_BOUND('',#416,.T.);
#231=FACE_OUTER_BOUND('',#417,.T.);
#232=FACE_OUTER_BOUND('',#418,.T.);
#233=FACE_OUTER_BOUND('',#419,.T.);
#234=FACE_OUTER_BOUND('',#420,.T.);
#235=FACE_OUTER_BOUND('',#421,.T.);
#236=FACE_OUTER_BOUND('',#422,.T.);
#237=FACE_OUTER_BOUND('',#423,.T.);
#238=FACE_OUTER_BOUND('',#424,.T.);
#239=FACE_OUTER_BOUND('',#425,.T.);
#240=FACE_OUTER_BOUND('',#426,.T.);
#241=FACE_OUTER_BOUND('',#427,.T.);
#242=FACE_OUTER_BOUND('',#428,.T.);
#243=FACE_OUTER_BOUND('',#429,.T.);
#244=FACE_OUTER_BOUND('',#430,.T.);
#245=FACE_OUTER_BOUND('',#431,.T.);
#246=FACE_OUTER_BOUND('',#432,.T.);
#247=FACE_OUTER_BOUND('',#433,.T.);
#248=FACE_OUTER_BOUND('',#434,.T.);
#249=FACE_OUTER_BOUND('',#435,.T.);
#250=FACE_OUTER_BOUND('',#436,.T.);
#251=FACE_OUTER_BOUND('',#437,.T.);
#252=FACE_OUTER_BOUND('',#438,.T.);
#253=FACE_OUTER_BOUND('',#439,.T.);
#254=FACE_OUTER_BOUND('',#440,.T.);
#255=FACE_OUTER_BOUND('',#441,.T.);
#256=FACE_OUTER_BOUND('',#442,.T.);
#257=FACE_OUTER_BOUND('',#443,.T.);
#258=FACE_OUTER_BOUND('',#444,.T.);
#259=FACE_OUTER_BOUND('',#445,.T.);
#260=FACE_OUTER_BOUND('',#446,.T.);
#261=FACE_OUTER_BOUND('',#447,.T.);
#262=FACE_OUTER_BOUND('',#448,.T.);
#263=FACE_OUTER_BOUND('',#449,.T.);
#264=FACE_OUTER_BOUND('',#450,.T.);
#265=FACE_OUTER_BOUND('',#451,.T.);
#266=FACE_OUTER_BOUND('',#452,.T.);
#267=FACE_OUTER_BOUND('',#453,.T.);
#268=FACE_OUTER_BOUND('',#454,.T.);
#269=FACE_OUTER_BOUND('',#455,.T.);
#270=FACE_OUTER_BOUND('',#456,.T.);
#271=FACE_OUTER_BOUND('',#457,.T.);
#272=FACE_OUTER_BOUND('',#458,.T.);
#273=FACE_OUTER_BOUND('',#459,.T.);
#274=FACE_OUTER_BOUND('',#460,.T.);
#275=FACE_OUTER_BOUND('',#461,.T.);
#276=FACE_OUTER_BOUND('',#462,.T.);
#277=FACE_OUTER_BOUND('',#463,.T.);
#278=FACE_OUTER_BOUND('',#464,.T.);
#279=FACE_OUTER_BOUND('',#465,.T.);
#280=FACE_OUTER_BOUND('',#466,.T.);
#281=FACE_OUTER_BOUND('',#467,.T.);
#282=FACE_OUTER_BOUND('',#468,.T.);
#283=FACE_OUTER_BOUND('',#469,.T.);
#284=FACE_OUTER_BOUND('',#470,.T.);
#285=FACE_OUTER_BOUND('',#471,.T.);
#286=FACE_OUTER_BOUND('',#472,.T.);
#287=FACE_OUTER_BOUND('',#473,.T.);
#288=FACE_OUTER_BOUND('',#476,.T.);
#289=FACE_OUTER_BOUND('',#477,.T.);
#290=FACE_OUTER_BOUND('',#480,.T.);
#291=FACE_OUTER_BOUND('',#481,.T.);
#292=FACE_OUTER_BOUND('',#484,.T.);
#293=FACE_OUTER_BOUND('',#485,.T.);
#294=FACE_OUTER_BOUND('',#488,.T.);
#295=FACE_OUTER_BOUND('',#490,.T.);
#296=FACE_OUTER_BOUND('',#491,.T.);
#297=FACE_OUTER_BOUND('',#492,.T.);
#298=FACE_OUTER_BOUND('',#493,.T.);
#299=FACE_OUTER_BOUND('',#494,.T.);
#300=EDGE_LOOP('',(#2200,#2201,#2202,#2203));
#301=EDGE_LOOP('',(#2204,#2205,#2206,#2207));
#302=EDGE_LOOP('',(#2208,#2209,#2210,#2211));
#303=EDGE_LOOP('',(#2212,#2213,#2214,#2215));
#304=EDGE_LOOP('',(#2216,#2217,#2218,#2219));
#305=EDGE_LOOP('',(#2220,#2221,#2222,#2223));
#306=EDGE_LOOP('',(#2224,#2225,#2226,#2227));
#307=EDGE_LOOP('',(#2228,#2229,#2230,#2231));
#308=EDGE_LOOP('',(#2232,#2233,#2234,#2235));
#309=EDGE_LOOP('',(#2236,#2237,#2238,#2239));
#310=EDGE_LOOP('',(#2240,#2241,#2242,#2243));
#311=EDGE_LOOP('',(#2244,#2245));
#312=EDGE_LOOP('',(#2246,#2247,#2248,#2249));
#313=EDGE_LOOP('',(#2250,#2251,#2252,#2253));
#314=EDGE_LOOP('',(#2254,#2255,#2256,#2257));
#315=EDGE_LOOP('',(#2258,#2259,#2260,#2261));
#316=EDGE_LOOP('',(#2262,#2263,#2264,#2265));
#317=EDGE_LOOP('',(#2266,#2267,#2268,#2269));
#318=EDGE_LOOP('',(#2270,#2271,#2272,#2273));
#319=EDGE_LOOP('',(#2274,#2275,#2276,#2277));
#320=EDGE_LOOP('',(#2278,#2279,#2280,#2281));
#321=EDGE_LOOP('',(#2282,#2283,#2284,#2285));
#322=EDGE_LOOP('',(#2286,#2287));
#323=EDGE_LOOP('',(#2288,#2289,#2290,#2291));
#324=EDGE_LOOP('',(#2292,#2293,#2294,#2295));
#325=EDGE_LOOP('',(#2296,#2297,#2298,#2299));
#326=EDGE_LOOP('',(#2300,#2301,#2302,#2303));
#327=EDGE_LOOP('',(#2304,#2305));
#328=EDGE_LOOP('',(#2306,#2307,#2308,#2309));
#329=EDGE_LOOP('',(#2310,#2311,#2312,#2313));
#330=EDGE_LOOP('',(#2314,#2315,#2316,#2317));
#331=EDGE_LOOP('',(#2318,#2319,#2320,#2321));
#332=EDGE_LOOP('',(#2322,#2323));
#333=EDGE_LOOP('',(#2324,#2325,#2326,#2327));
#334=EDGE_LOOP('',(#2328,#2329,#2330,#2331));
#335=EDGE_LOOP('',(#2332,#2333,#2334,#2335));
#336=EDGE_LOOP('',(#2336,#2337));
#337=EDGE_LOOP('',(#2338,#2339,#2340,#2341,#2342,#2343));
#338=EDGE_LOOP('',(#2344,#2345,#2346,#2347));
#339=EDGE_LOOP('',(#2348,#2349,#2350,#2351));
#340=EDGE_LOOP('',(#2352,#2353,#2354,#2355));
#341=EDGE_LOOP('',(#2356,#2357,#2358,#2359));
#342=EDGE_LOOP('',(#2360,#2361,#2362,#2363));
#343=EDGE_LOOP('',(#2364,#2365,#2366,#2367));
#344=EDGE_LOOP('',(#2368,#2369,#2370,#2371));
#345=EDGE_LOOP('',(#2372,#2373,#2374,#2375));
#346=EDGE_LOOP('',(#2376,#2377,#2378,#2379));
#347=EDGE_LOOP('',(#2380,#2381,#2382,#2383));
#348=EDGE_LOOP('',(#2384,#2385,#2386,#2387));
#349=EDGE_LOOP('',(#2388,#2389,#2390,#2391));
#350=EDGE_LOOP('',(#2392,#2393,#2394,#2395));
#351=EDGE_LOOP('',(#2396,#2397,#2398,#2399));
#352=EDGE_LOOP('',(#2400,#2401,#2402,#2403));
#353=EDGE_LOOP('',(#2404,#2405,#2406,#2407));
#354=EDGE_LOOP('',(#2408,#2409,#2410,#2411));
#355=EDGE_LOOP('',(#2412,#2413,#2414,#2415));
#356=EDGE_LOOP('',(#2416,#2417,#2418,#2419));
#357=EDGE_LOOP('',(#2420,#2421,#2422,#2423));
#358=EDGE_LOOP('',(#2424,#2425,#2426,#2427));
#359=EDGE_LOOP('',(#2428,#2429,#2430,#2431));
#360=EDGE_LOOP('',(#2432,#2433,#2434,#2435));
#361=EDGE_LOOP('',(#2436,#2437,#2438,#2439));
#362=EDGE_LOOP('',(#2440,#2441,#2442,#2443));
#363=EDGE_LOOP('',(#2444,#2445,#2446,#2447));
#364=EDGE_LOOP('',(#2448,#2449,#2450,#2451,#2452,#2453));
#365=EDGE_LOOP('',(#2454,#2455,#2456,#2457,#2458,#2459,#2460,#2461,#2462,
#2463,#2464,#2465,#2466,#2467,#2468,#2469));
#366=EDGE_LOOP('',(#2470,#2471,#2472,#2473,#2474));
#367=EDGE_LOOP('',(#2475,#2476,#2477,#2478,#2479,#2480));
#368=EDGE_LOOP('',(#2481,#2482,#2483,#2484,#2485,#2486,#2487,#2488));
#369=EDGE_LOOP('',(#2489,#2490,#2491,#2492));
#370=EDGE_LOOP('',(#2493,#2494,#2495,#2496));
#371=EDGE_LOOP('',(#2497,#2498,#2499,#2500));
#372=EDGE_LOOP('',(#2501,#2502,#2503,#2504,#2505));
#373=EDGE_LOOP('',(#2506,#2507,#2508,#2509,#2510,#2511,#2512,#2513,#2514,
#2515));
#374=EDGE_LOOP('',(#2516,#2517,#2518,#2519));
#375=EDGE_LOOP('',(#2520,#2521,#2522,#2523,#2524));
#376=EDGE_LOOP('',(#2525,#2526,#2527,#2528,#2529));
#377=EDGE_LOOP('',(#2530,#2531,#2532,#2533));
#378=EDGE_LOOP('',(#2534,#2535,#2536,#2537));
#379=EDGE_LOOP('',(#2538,#2539,#2540,#2541,#2542,#2543,#2544,#2545,#2546,
#2547));
#380=EDGE_LOOP('',(#2548,#2549,#2550,#2551));
#381=EDGE_LOOP('',(#2552,#2553,#2554,#2555));
#382=EDGE_LOOP('',(#2556,#2557,#2558,#2559,#2560,#2561,#2562,#2563,#2564,
#2565,#2566,#2567));
#383=EDGE_LOOP('',(#2568,#2569,#2570,#2571));
#384=EDGE_LOOP('',(#2572,#2573,#2574,#2575,#2576,#2577));
#385=EDGE_LOOP('',(#2578,#2579,#2580,#2581,#2582));
#386=EDGE_LOOP('',(#2583,#2584,#2585,#2586,#2587,#2588));
#387=EDGE_LOOP('',(#2589,#2590,#2591,#2592));
#388=EDGE_LOOP('',(#2593,#2594,#2595,#2596,#2597,#2598));
#389=EDGE_LOOP('',(#2599,#2600,#2601,#2602));
#390=EDGE_LOOP('',(#2603,#2604,#2605,#2606,#2607,#2608));
#391=EDGE_LOOP('',(#2609,#2610,#2611,#2612,#2613));
#392=EDGE_LOOP('',(#2614,#2615,#2616,#2617,#2618,#2619,#2620,#2621,#2622,
#2623,#2624,#2625));
#393=EDGE_LOOP('',(#2626,#2627,#2628,#2629,#2630));
#394=EDGE_LOOP('',(#2631,#2632,#2633,#2634,#2635,#2636,#2637,#2638,#2639,
#2640,#2641,#2642,#2643,#2644,#2645,#2646));
#395=EDGE_LOOP('',(#2647,#2648,#2649,#2650,#2651));
#396=EDGE_LOOP('',(#2652,#2653,#2654,#2655,#2656));
#397=EDGE_LOOP('',(#2657,#2658,#2659,#2660));
#398=EDGE_LOOP('',(#2661,#2662,#2663,#2664));
#399=EDGE_LOOP('',(#2665,#2666,#2667,#2668));
#400=EDGE_LOOP('',(#2669,#2670,#2671,#2672,#2673,#2674,#2675,#2676));
#401=EDGE_LOOP('',(#2677,#2678,#2679,#2680,#2681));
#402=EDGE_LOOP('',(#2682,#2683,#2684,#2685));
#403=EDGE_LOOP('',(#2686,#2687,#2688,#2689));
#404=EDGE_LOOP('',(#2690,#2691,#2692,#2693,#2694,#2695,#2696,#2697));
#405=EDGE_LOOP('',(#2698,#2699,#2700,#2701));
#406=EDGE_LOOP('',(#2702,#2703,#2704,#2705,#2706,#2707,#2708,#2709,#2710,
#2711,#2712,#2713,#2714,#2715,#2716,#2717));
#407=EDGE_LOOP('',(#2718,#2719,#2720,#2721,#2722,#2723));
#408=EDGE_LOOP('',(#2724,#2725,#2726,#2727));
#409=EDGE_LOOP('',(#2728,#2729,#2730,#2731,#2732,#2733));
#410=EDGE_LOOP('',(#2734,#2735,#2736,#2737,#2738,#2739));
#411=EDGE_LOOP('',(#2740,#2741,#2742,#2743,#2744,#2745));
#412=EDGE_LOOP('',(#2746,#2747,#2748,#2749,#2750,#2751));
#413=EDGE_LOOP('',(#2752,#2753,#2754,#2755,#2756,#2757));
#414=EDGE_LOOP('',(#2758,#2759,#2760,#2761));
#415=EDGE_LOOP('',(#2762,#2763,#2764,#2765,#2766,#2767,#2768,#2769,#2770,
#2771,#2772,#2773));
#416=EDGE_LOOP('',(#2774,#2775,#2776,#2777,#2778));
#417=EDGE_LOOP('',(#2779,#2780,#2781,#2782,#2783));
#418=EDGE_LOOP('',(#2784,#2785,#2786,#2787));
#419=EDGE_LOOP('',(#2788,#2789,#2790,#2791,#2792));
#420=EDGE_LOOP('',(#2793,#2794,#2795,#2796,#2797));
#421=EDGE_LOOP('',(#2798,#2799,#2800,#2801,#2802,#2803,#2804,#2805));
#422=EDGE_LOOP('',(#2806,#2807,#2808,#2809,#2810,#2811));
#423=EDGE_LOOP('',(#2812,#2813,#2814,#2815,#2816,#2817));
#424=EDGE_LOOP('',(#2818,#2819,#2820,#2821,#2822,#2823));
#425=EDGE_LOOP('',(#2824,#2825,#2826,#2827));
#426=EDGE_LOOP('',(#2828,#2829,#2830,#2831,#2832));
#427=EDGE_LOOP('',(#2833,#2834,#2835,#2836,#2837));
#428=EDGE_LOOP('',(#2838,#2839,#2840,#2841));
#429=EDGE_LOOP('',(#2842,#2843,#2844,#2845));
#430=EDGE_LOOP('',(#2846,#2847,#2848,#2849,#2850,#2851,#2852,#2853));
#431=EDGE_LOOP('',(#2854,#2855,#2856,#2857));
#432=EDGE_LOOP('',(#2858,#2859,#2860,#2861,#2862,#2863));
#433=EDGE_LOOP('',(#2864,#2865,#2866,#2867));
#434=EDGE_LOOP('',(#2868,#2869,#2870,#2871,#2872,#2873));
#435=EDGE_LOOP('',(#2874,#2875,#2876,#2877,#2878,#2879));
#436=EDGE_LOOP('',(#2880,#2881,#2882,#2883,#2884,#2885,#2886,#2887,#2888,
#2889,#2890,#2891));
#437=EDGE_LOOP('',(#2892,#2893,#2894,#2895,#2896,#2897));
#438=EDGE_LOOP('',(#2898,#2899,#2900,#2901,#2902,#2903));
#439=EDGE_LOOP('',(#2904,#2905,#2906,#2907,#2908));
#440=EDGE_LOOP('',(#2909,#2910,#2911,#2912,#2913));
#441=EDGE_LOOP('',(#2914,#2915,#2916,#2917));
#442=EDGE_LOOP('',(#2918,#2919,#2920,#2921));
#443=EDGE_LOOP('',(#2922,#2923,#2924,#2925,#2926,#2927,#2928,#2929,#2930,
#2931));
#444=EDGE_LOOP('',(#2932,#2933,#2934,#2935));
#445=EDGE_LOOP('',(#2936,#2937,#2938,#2939,#2940,#2941));
#446=EDGE_LOOP('',(#2942,#2943,#2944,#2945,#2946,#2947));
#447=EDGE_LOOP('',(#2948,#2949,#2950,#2951));
#448=EDGE_LOOP('',(#2952,#2953,#2954,#2955,#2956));
#449=EDGE_LOOP('',(#2957,#2958,#2959,#2960,#2961));
#450=EDGE_LOOP('',(#2962,#2963,#2964,#2965,#2966,#2967));
#451=EDGE_LOOP('',(#2968,#2969,#2970,#2971,#2972,#2973));
#452=EDGE_LOOP('',(#2974,#2975,#2976,#2977));
#453=EDGE_LOOP('',(#2978,#2979,#2980,#2981,#2982,#2983));
#454=EDGE_LOOP('',(#2984,#2985,#2986,#2987,#2988,#2989));
#455=EDGE_LOOP('',(#2990,#2991,#2992,#2993));
#456=EDGE_LOOP('',(#2994,#2995,#2996,#2997,#2998,#2999,#3000,#3001));
#457=EDGE_LOOP('',(#3002,#3003,#3004,#3005,#3006,#3007,#3008,#3009));
#458=EDGE_LOOP('',(#3010,#3011,#3012,#3013));
#459=EDGE_LOOP('',(#3014,#3015,#3016,#3017,#3018,#3019));
#460=EDGE_LOOP('',(#3020,#3021,#3022,#3023,#3024,#3025));
#461=EDGE_LOOP('',(#3026,#3027,#3028,#3029));
#462=EDGE_LOOP('',(#3030,#3031,#3032,#3033,#3034,#3035,#3036,#3037));
#463=EDGE_LOOP('',(#3038,#3039,#3040,#3041,#3042,#3043));
#464=EDGE_LOOP('',(#3044,#3045,#3046,#3047,#3048,#3049));
#465=EDGE_LOOP('',(#3050,#3051,#3052,#3053));
#466=EDGE_LOOP('',(#3054,#3055,#3056,#3057));
#467=EDGE_LOOP('',(#3058,#3059,#3060,#3061,#3062,#3063,#3064,#3065));
#468=EDGE_LOOP('',(#3066,#3067,#3068,#3069,#3070,#3071));
#469=EDGE_LOOP('',(#3072,#3073,#3074,#3075,#3076,#3077));
#470=EDGE_LOOP('',(#3078,#3079,#3080,#3081));
#471=EDGE_LOOP('',(#3082,#3083,#3084,#3085));
#472=EDGE_LOOP('',(#3086,#3087,#3088,#3089));
#473=EDGE_LOOP('',(#3090,#3091,#3092,#3093,#3094,#3095,#3096,#3097));
#474=EDGE_LOOP('',(#3098,#3099,#3100,#3101));
#475=EDGE_LOOP('',(#3102,#3103,#3104,#3105));
#476=EDGE_LOOP('',(#3106,#3107,#3108,#3109));
#477=EDGE_LOOP('',(#3110,#3111,#3112,#3113,#3114,#3115,#3116,#3117));
#478=EDGE_LOOP('',(#3118,#3119,#3120,#3121));
#479=EDGE_LOOP('',(#3122,#3123,#3124,#3125));
#480=EDGE_LOOP('',(#3126,#3127,#3128,#3129));
#481=EDGE_LOOP('',(#3130,#3131,#3132,#3133,#3134,#3135,#3136,#3137));
#482=EDGE_LOOP('',(#3138,#3139,#3140,#3141));
#483=EDGE_LOOP('',(#3142,#3143,#3144,#3145));
#484=EDGE_LOOP('',(#3146,#3147,#3148,#3149));
#485=EDGE_LOOP('',(#3150,#3151,#3152,#3153,#3154,#3155,#3156,#3157));
#486=EDGE_LOOP('',(#3158,#3159,#3160,#3161));
#487=EDGE_LOOP('',(#3162,#3163,#3164,#3165));
#488=EDGE_LOOP('',(#3166,#3167,#3168,#3169,#3170,#3171,#3172,#3173));
#489=EDGE_LOOP('',(#3174,#3175,#3176,#3177,#3178,#3179,#3180,#3181));
#490=EDGE_LOOP('',(#3182,#3183,#3184,#3185));
#491=EDGE_LOOP('',(#3186,#3187,#3188,#3189));
#492=EDGE_LOOP('',(#3190,#3191,#3192,#3193));
#493=EDGE_LOOP('',(#3194,#3195,#3196,#3197));
#494=EDGE_LOOP('',(#3198,#3199,#3200,#3201,#3202,#3203,#3204,#3205));
#495=LINE('',#4682,#932);
#496=LINE('',#4684,#933);
#497=LINE('',#4686,#934);
#498=LINE('',#4687,#935);
#499=LINE('',#4691,#936);
#500=LINE('',#4693,#937);
#501=LINE('',#4695,#938);
#502=LINE('',#4696,#939);
#503=LINE('',#4700,#940);
#504=LINE('',#4702,#941);
#505=LINE('',#4704,#942);
#506=LINE('',#4705,#943);
#507=LINE('',#4709,#944);
#508=LINE('',#4711,#945);
#509=LINE('',#4713,#946);
#510=LINE('',#4714,#947);
#511=LINE('',#4720,#948);
#512=LINE('',#4723,#949);
#513=LINE('',#4729,#950);
#514=LINE('',#4732,#951);
#515=LINE('',#4736,#952);
#516=LINE('',#4737,#953);
#517=LINE('',#4738,#954);
#518=LINE('',#4742,#955);
#519=LINE('',#4744,#956);
#520=LINE('',#4746,#957);
#521=LINE('',#4747,#958);
#522=LINE('',#4748,#959);
#523=LINE('',#4749,#960);
#524=LINE('',#4755,#961);
#525=LINE('',#4758,#962);
#526=LINE('',#4764,#963);
#527=LINE('',#4767,#964);
#528=LINE('',#4769,#965);
#529=LINE('',#4773,#966);
#530=LINE('',#4775,#967);
#531=LINE('',#4777,#968);
#532=LINE('',#4778,#969);
#533=LINE('',#4779,#970);
#534=LINE('',#4780,#971);
#535=LINE('',#4786,#972);
#536=LINE('',#4789,#973);
#537=LINE('',#4793,#974);
#538=LINE('',#4795,#975);
#539=LINE('',#4797,#976);
#540=LINE('',#4798,#977);
#541=LINE('',#4800,#978);
#542=LINE('',#4802,#979);
#543=LINE('',#4809,#980);
#544=LINE('',#4812,#981);
#545=LINE('',#4816,#982);
#546=LINE('',#4818,#983);
#547=LINE('',#4820,#984);
#548=LINE('',#4821,#985);
#549=LINE('',#4823,#986);
#550=LINE('',#4825,#987);
#551=LINE('',#4832,#988);
#552=LINE('',#4835,#989);
#553=LINE('',#4841,#990);
#554=LINE('',#4844,#991);
#555=LINE('',#4846,#992);
#556=LINE('',#4850,#993);
#557=LINE('',#4852,#994);
#558=LINE('',#4854,#995);
#559=LINE('',#4855,#996);
#560=LINE('',#4856,#997);
#561=LINE('',#4857,#998);
#562=LINE('',#4863,#999);
#563=LINE('',#4866,#1000);
#564=LINE('',#4872,#1001);
#565=LINE('',#4875,#1002);
#566=LINE('',#4877,#1003);
#567=LINE('',#4881,#1004);
#568=LINE('',#4883,#1005);
#569=LINE('',#4885,#1006);
#570=LINE('',#4886,#1007);
#571=LINE('',#4887,#1008);
#572=LINE('',#4888,#1009);
#573=LINE('',#4894,#1010);
#574=LINE('',#4897,#1011);
#575=LINE('',#4903,#1012);
#576=LINE('',#4906,#1013);
#577=LINE('',#4908,#1014);
#578=LINE('',#4912,#1015);
#579=LINE('',#4914,#1016);
#580=LINE('',#4916,#1017);
#581=LINE('',#4917,#1018);
#582=LINE('',#4918,#1019);
#583=LINE('',#4919,#1020);
#584=LINE('',#4925,#1021);
#585=LINE('',#4928,#1022);
#586=LINE('',#4932,#1023);
#587=LINE('',#4939,#1024);
#588=LINE('',#4943,#1025);
#589=LINE('',#4947,#1026);
#590=LINE('',#4949,#1027);
#591=LINE('',#4951,#1028);
#592=LINE('',#4952,#1029);
#593=LINE('',#4953,#1030);
#594=LINE('',#4954,#1031);
#595=LINE('',#4958,#1032);
#596=LINE('',#4960,#1033);
#597=LINE('',#4962,#1034);
#598=LINE('',#4963,#1035);
#599=LINE('',#4965,#1036);
#600=LINE('',#4966,#1037);
#601=LINE('',#4969,#1038);
#602=LINE('',#4971,#1039);
#603=LINE('',#4973,#1040);
#604=LINE('',#4974,#1041);
#605=LINE('',#4978,#1042);
#606=LINE('',#4980,#1043);
#607=LINE('',#4982,#1044);
#608=LINE('',#4983,#1045);
#609=LINE('',#4985,#1046);
#610=LINE('',#4986,#1047);
#611=LINE('',#4989,#1048);
#612=LINE('',#4991,#1049);
#613=LINE('',#4993,#1050);
#614=LINE('',#4994,#1051);
#615=LINE('',#4998,#1052);
#616=LINE('',#5000,#1053);
#617=LINE('',#5002,#1054);
#618=LINE('',#5003,#1055);
#619=LINE('',#5005,#1056);
#620=LINE('',#5006,#1057);
#621=LINE('',#5009,#1058);
#622=LINE('',#5011,#1059);
#623=LINE('',#5013,#1060);
#624=LINE('',#5014,#1061);
#625=LINE('',#5018,#1062);
#626=LINE('',#5020,#1063);
#627=LINE('',#5022,#1064);
#628=LINE('',#5023,#1065);
#629=LINE('',#5025,#1066);
#630=LINE('',#5026,#1067);
#631=LINE('',#5029,#1068);
#632=LINE('',#5031,#1069);
#633=LINE('',#5033,#1070);
#634=LINE('',#5034,#1071);
#635=LINE('',#5038,#1072);
#636=LINE('',#5040,#1073);
#637=LINE('',#5042,#1074);
#638=LINE('',#5043,#1075);
#639=LINE('',#5045,#1076);
#640=LINE('',#5046,#1077);
#641=LINE('',#5049,#1078);
#642=LINE('',#5051,#1079);
#643=LINE('',#5053,#1080);
#644=LINE('',#5054,#1081);
#645=LINE('',#5058,#1082);
#646=LINE('',#5060,#1083);
#647=LINE('',#5062,#1084);
#648=LINE('',#5063,#1085);
#649=LINE('',#5065,#1086);
#650=LINE('',#5066,#1087);
#651=LINE('',#5069,#1088);
#652=LINE('',#5071,#1089);
#653=LINE('',#5073,#1090);
#654=LINE('',#5074,#1091);
#655=LINE('',#5078,#1092);
#656=LINE('',#5080,#1093);
#657=LINE('',#5082,#1094);
#658=LINE('',#5083,#1095);
#659=LINE('',#5085,#1096);
#660=LINE('',#5086,#1097);
#661=LINE('',#5089,#1098);
#662=LINE('',#5091,#1099);
#663=LINE('',#5093,#1100);
#664=LINE('',#5094,#1101);
#665=LINE('',#5098,#1102);
#666=LINE('',#5100,#1103);
#667=LINE('',#5102,#1104);
#668=LINE('',#5103,#1105);
#669=LINE('',#5105,#1106);
#670=LINE('',#5106,#1107);
#671=LINE('',#5109,#1108);
#672=LINE('',#5111,#1109);
#673=LINE('',#5113,#1110);
#674=LINE('',#5114,#1111);
#675=LINE('',#5119,#1112);
#676=LINE('',#5120,#1113);
#677=LINE('',#5123,#1114);
#678=LINE('',#5125,#1115);
#679=LINE('',#5127,#1116);
#680=LINE('',#5128,#1117);
#681=LINE('',#5130,#1118);
#682=LINE('',#5132,#1119);
#683=LINE('',#5134,#1120);
#684=LINE('',#5136,#1121);
#685=LINE('',#5137,#1122);
#686=LINE('',#5139,#1123);
#687=LINE('',#5141,#1124);
#688=LINE('',#5142,#1125);
#689=LINE('',#5145,#1126);
#690=LINE('',#5146,#1127);
#691=LINE('',#5150,#1128);
#692=LINE('',#5152,#1129);
#693=LINE('',#5156,#1130);
#694=LINE('',#5160,#1131);
#695=LINE('',#5162,#1132);
#696=LINE('',#5163,#1133);
#697=LINE('',#5166,#1134);
#698=LINE('',#5167,#1135);
#699=LINE('',#5170,#1136);
#700=LINE('',#5171,#1137);
#701=LINE('',#5178,#1138);
#702=LINE('',#5179,#1139);
#703=LINE('',#5181,#1140);
#704=LINE('',#5182,#1141);
#705=LINE('',#5186,#1142);
#706=LINE('',#5187,#1143);
#707=LINE('',#5192,#1144);
#708=LINE('',#5194,#1145);
#709=LINE('',#5197,#1146);
#710=LINE('',#5199,#1147);
#711=LINE('',#5202,#1148);
#712=LINE('',#5203,#1149);
#713=LINE('',#5205,#1150);
#714=LINE('',#5206,#1151);
#715=LINE('',#5208,#1152);
#716=LINE('',#5211,#1153);
#717=LINE('',#5213,#1154);
#718=LINE('',#5214,#1155);
#719=LINE('',#5217,#1156);
#720=LINE('',#5218,#1157);
#721=LINE('',#5220,#1158);
#722=LINE('',#5222,#1159);
#723=LINE('',#5223,#1160);
#724=LINE('',#5225,#1161);
#725=LINE('',#5227,#1162);
#726=LINE('',#5229,#1163);
#727=LINE('',#5230,#1164);
#728=LINE('',#5233,#1165);
#729=LINE('',#5235,#1166);
#730=LINE('',#5236,#1167);
#731=LINE('',#5239,#1168);
#732=LINE('',#5240,#1169);
#733=LINE('',#5243,#1170);
#734=LINE('',#5244,#1171);
#735=LINE('',#5246,#1172);
#736=LINE('',#5249,#1173);
#737=LINE('',#5251,#1174);
#738=LINE('',#5252,#1175);
#739=LINE('',#5255,#1176);
#740=LINE('',#5256,#1177);
#741=LINE('',#5259,#1178);
#742=LINE('',#5260,#1179);
#743=LINE('',#5262,#1180);
#744=LINE('',#5269,#1181);
#745=LINE('',#5273,#1182);
#746=LINE('',#5278,#1183);
#747=LINE('',#5281,#1184);
#748=LINE('',#5283,#1185);
#749=LINE('',#5286,#1186);
#750=LINE('',#5288,#1187);
#751=LINE('',#5290,#1188);
#752=LINE('',#5291,#1189);
#753=LINE('',#5293,#1190);
#754=LINE('',#5295,#1191);
#755=LINE('',#5296,#1192);
#756=LINE('',#5297,#1193);
#757=LINE('',#5299,#1194);
#758=LINE('',#5300,#1195);
#759=LINE('',#5302,#1196);
#760=LINE('',#5306,#1197);
#761=LINE('',#5308,#1198);
#762=LINE('',#5309,#1199);
#763=LINE('',#5311,#1200);
#764=LINE('',#5313,#1201);
#765=LINE('',#5316,#1202);
#766=LINE('',#5317,#1203);
#767=LINE('',#5319,#1204);
#768=LINE('',#5320,#1205);
#769=LINE('',#5322,#1206);
#770=LINE('',#5324,#1207);
#771=LINE('',#5326,#1208);
#772=LINE('',#5329,#1209);
#773=LINE('',#5330,#1210);
#774=LINE('',#5332,#1211);
#775=LINE('',#5333,#1212);
#776=LINE('',#5336,#1213);
#777=LINE('',#5338,#1214);
#778=LINE('',#5339,#1215);
#779=LINE('',#5342,#1216);
#780=LINE('',#5343,#1217);
#781=LINE('',#5345,#1218);
#782=LINE('',#5347,#1219);
#783=LINE('',#5348,#1220);
#784=LINE('',#5350,#1221);
#785=LINE('',#5352,#1222);
#786=LINE('',#5354,#1223);
#787=LINE('',#5355,#1224);
#788=LINE('',#5358,#1225);
#789=LINE('',#5360,#1226);
#790=LINE('',#5361,#1227);
#791=LINE('',#5364,#1228);
#792=LINE('',#5365,#1229);
#793=LINE('',#5368,#1230);
#794=LINE('',#5369,#1231);
#795=LINE('',#5371,#1232);
#796=LINE('',#5374,#1233);
#797=LINE('',#5376,#1234);
#798=LINE('',#5377,#1235);
#799=LINE('',#5380,#1236);
#800=LINE('',#5381,#1237);
#801=LINE('',#5384,#1238);
#802=LINE('',#5385,#1239);
#803=LINE('',#5387,#1240);
#804=LINE('',#5399,#1241);
#805=LINE('',#5401,#1242);
#806=LINE('',#5402,#1243);
#807=LINE('',#5404,#1244);
#808=LINE('',#5406,#1245);
#809=LINE('',#5409,#1246);
#810=LINE('',#5410,#1247);
#811=LINE('',#5412,#1248);
#812=LINE('',#5413,#1249);
#813=LINE('',#5417,#1250);
#814=LINE('',#5418,#1251);
#815=LINE('',#5419,#1252);
#816=LINE('',#5422,#1253);
#817=LINE('',#5423,#1254);
#818=LINE('',#5426,#1255);
#819=LINE('',#5427,#1256);
#820=LINE('',#5429,#1257);
#821=LINE('',#5433,#1258);
#822=LINE('',#5435,#1259);
#823=LINE('',#5438,#1260);
#824=LINE('',#5439,#1261);
#825=LINE('',#5441,#1262);
#826=LINE('',#5442,#1263);
#827=LINE('',#5445,#1264);
#828=LINE('',#5447,#1265);
#829=LINE('',#5448,#1266);
#830=LINE('',#5452,#1267);
#831=LINE('',#5453,#1268);
#832=LINE('',#5454,#1269);
#833=LINE('',#5457,#1270);
#834=LINE('',#5458,#1271);
#835=LINE('',#5461,#1272);
#836=LINE('',#5462,#1273);
#837=LINE('',#5464,#1274);
#838=LINE('',#5474,#1275);
#839=LINE('',#5476,#1276);
#840=LINE('',#5478,#1277);
#841=LINE('',#5480,#1278);
#842=LINE('',#5481,#1279);
#843=LINE('',#5484,#1280);
#844=LINE('',#5486,#1281);
#845=LINE('',#5488,#1282);
#846=LINE('',#5490,#1283);
#847=LINE('',#5491,#1284);
#848=LINE('',#5495,#1285);
#849=LINE('',#5497,#1286);
#850=LINE('',#5499,#1287);
#851=LINE('',#5501,#1288);
#852=LINE('',#5502,#1289);
#853=LINE('',#5505,#1290);
#854=LINE('',#5506,#1291);
#855=LINE('',#5509,#1292);
#856=LINE('',#5511,#1293);
#857=LINE('',#5512,#1294);
#858=LINE('',#5514,#1295);
#859=LINE('',#5516,#1296);
#860=LINE('',#5522,#1297);
#861=LINE('',#5523,#1298);
#862=LINE('',#5524,#1299);
#863=LINE('',#5525,#1300);
#864=LINE('',#5527,#1301);
#865=LINE('',#5529,#1302);
#866=LINE('',#5531,#1303);
#867=LINE('',#5532,#1304);
#868=LINE('',#5535,#1305);
#869=LINE('',#5537,#1306);
#870=LINE('',#5538,#1307);
#871=LINE('',#5541,#1308);
#872=LINE('',#5543,#1309);
#873=LINE('',#5544,#1310);
#874=LINE('',#5547,#1311);
#875=LINE('',#5549,#1312);
#876=LINE('',#5550,#1313);
#877=LINE('',#5552,#1314);
#878=LINE('',#5555,#1315);
#879=LINE('',#5559,#1316);
#880=LINE('',#5560,#1317);
#881=LINE('',#5563,#1318);
#882=LINE('',#5565,#1319);
#883=LINE('',#5568,#1320);
#884=LINE('',#5571,#1321);
#885=LINE('',#5573,#1322);
#886=LINE('',#5574,#1323);
#887=LINE('',#5577,#1324);
#888=LINE('',#5578,#1325);
#889=LINE('',#5581,#1326);
#890=LINE('',#5583,#1327);
#891=LINE('',#5584,#1328);
#892=LINE('',#5586,#1329);
#893=LINE('',#5589,#1330);
#894=LINE('',#5591,#1331);
#895=LINE('',#5594,#1332);
#896=LINE('',#5597,#1333);
#897=LINE('',#5599,#1334);
#898=LINE('',#5601,#1335);
#899=LINE('',#5602,#1336);
#900=LINE('',#5605,#1337);
#901=LINE('',#5607,#1338);
#902=LINE('',#5608,#1339);
#903=LINE('',#5610,#1340);
#904=LINE('',#5612,#1341);
#905=LINE('',#5615,#1342);
#906=LINE('',#5619,#1343);
#907=LINE('',#5620,#1344);
#908=LINE('',#5623,#1345);
#909=LINE('',#5625,#1346);
#910=LINE('',#5626,#1347);
#911=LINE('',#5629,#1348);
#912=LINE('',#5631,#1349);
#913=LINE('',#5632,#1350);
#914=LINE('',#5634,#1351);
#915=LINE('',#5636,#1352);
#916=LINE('',#5641,#1353);
#917=LINE('',#5642,#1354);
#918=LINE('',#5645,#1355);
#919=LINE('',#5646,#1356);
#920=LINE('',#5647,#1357);
#921=LINE('',#5651,#1358);
#922=LINE('',#5654,#1359);
#923=LINE('',#5655,#1360);
#924=LINE('',#5659,#1361);
#925=LINE('',#5662,#1362);
#926=LINE('',#5663,#1363);
#927=LINE('',#5667,#1364);
#928=LINE('',#5669,#1365);
#929=LINE('',#5672,#1366);
#930=LINE('',#5675,#1367);
#931=LINE('',#5677,#1368);
#932=VECTOR('',#3773,10.);
#933=VECTOR('',#3774,10.);
#934=VECTOR('',#3775,10.);
#935=VECTOR('',#3776,10.);
#936=VECTOR('',#3779,10.);
#937=VECTOR('',#3780,10.);
#938=VECTOR('',#3781,10.);
#939=VECTOR('',#3782,10.);
#940=VECTOR('',#3785,10.);
#941=VECTOR('',#3786,10.);
#942=VECTOR('',#3787,10.);
#943=VECTOR('',#3788,10.);
#944=VECTOR('',#3791,10.);
#945=VECTOR('',#3792,10.);
#946=VECTOR('',#3793,10.);
#947=VECTOR('',#3794,10.);
#948=VECTOR('',#3799,10.);
#949=VECTOR('',#3802,10.);
#950=VECTOR('',#3807,10.);
#951=VECTOR('',#3810,10.);
#952=VECTOR('',#3813,10.);
#953=VECTOR('',#3814,10.);
#954=VECTOR('',#3815,10.);
#955=VECTOR('',#3818,10.);
#956=VECTOR('',#3819,10.);
#957=VECTOR('',#3820,10.);
#958=VECTOR('',#3821,10.);
#959=VECTOR('',#3822,10.);
#960=VECTOR('',#3823,10.);
#961=VECTOR('',#3828,10.);
#962=VECTOR('',#3831,10.);
#963=VECTOR('',#3836,10.);
#964=VECTOR('',#3839,10.);
#965=VECTOR('',#3842,10.);
#966=VECTOR('',#3845,10.);
#967=VECTOR('',#3846,10.);
#968=VECTOR('',#3847,10.);
#969=VECTOR('',#3848,10.);
#970=VECTOR('',#3849,10.);
#971=VECTOR('',#3850,10.);
#972=VECTOR('',#3855,10.);
#973=VECTOR('',#3858,10.);
#974=VECTOR('',#3861,10.);
#975=VECTOR('',#3862,10.);
#976=VECTOR('',#3863,10.);
#977=VECTOR('',#3864,10.);
#978=VECTOR('',#3865,10.);
#979=VECTOR('',#3866,10.);
#980=VECTOR('',#3873,10.);
#981=VECTOR('',#3876,10.);
#982=VECTOR('',#3879,10.);
#983=VECTOR('',#3880,10.);
#984=VECTOR('',#3881,10.);
#985=VECTOR('',#3882,10.);
#986=VECTOR('',#3883,10.);
#987=VECTOR('',#3884,10.);
#988=VECTOR('',#3891,10.);
#989=VECTOR('',#3894,10.);
#990=VECTOR('',#3899,10.);
#991=VECTOR('',#3902,10.);
#992=VECTOR('',#3905,10.);
#993=VECTOR('',#3908,10.);
#994=VECTOR('',#3909,10.);
#995=VECTOR('',#3910,10.);
#996=VECTOR('',#3911,10.);
#997=VECTOR('',#3912,10.);
#998=VECTOR('',#3913,10.);
#999=VECTOR('',#3918,10.);
#1000=VECTOR('',#3921,10.);
#1001=VECTOR('',#3926,10.);
#1002=VECTOR('',#3929,10.);
#1003=VECTOR('',#3932,10.);
#1004=VECTOR('',#3935,10.);
#1005=VECTOR('',#3936,10.);
#1006=VECTOR('',#3937,10.);
#1007=VECTOR('',#3938,10.);
#1008=VECTOR('',#3939,10.);
#1009=VECTOR('',#3940,10.);
#1010=VECTOR('',#3945,10.);
#1011=VECTOR('',#3948,10.);
#1012=VECTOR('',#3953,10.);
#1013=VECTOR('',#3956,10.);
#1014=VECTOR('',#3959,10.);
#1015=VECTOR('',#3962,10.);
#1016=VECTOR('',#3963,10.);
#1017=VECTOR('',#3964,10.);
#1018=VECTOR('',#3965,10.);
#1019=VECTOR('',#3966,10.);
#1020=VECTOR('',#3967,10.);
#1021=VECTOR('',#3972,10.);
#1022=VECTOR('',#3975,10.);
#1023=VECTOR('',#3978,10.);
#1024=VECTOR('',#3985,10.);
#1025=VECTOR('',#3990,10.);
#1026=VECTOR('',#3993,10.);
#1027=VECTOR('',#3994,10.);
#1028=VECTOR('',#3995,10.);
#1029=VECTOR('',#3996,10.);
#1030=VECTOR('',#3997,10.);
#1031=VECTOR('',#3998,10.);
#1032=VECTOR('',#4001,10.);
#1033=VECTOR('',#4002,10.);
#1034=VECTOR('',#4003,10.);
#1035=VECTOR('',#4004,10.);
#1036=VECTOR('',#4007,10.);
#1037=VECTOR('',#4008,10.);
#1038=VECTOR('',#4009,10.);
#1039=VECTOR('',#4010,10.);
#1040=VECTOR('',#4011,10.);
#1041=VECTOR('',#4012,10.);
#1042=VECTOR('',#4015,10.);
#1043=VECTOR('',#4016,10.);
#1044=VECTOR('',#4017,10.);
#1045=VECTOR('',#4018,10.);
#1046=VECTOR('',#4021,10.);
#1047=VECTOR('',#4022,10.);
#1048=VECTOR('',#4023,10.);
#1049=VECTOR('',#4024,10.);
#1050=VECTOR('',#4025,10.);
#1051=VECTOR('',#4026,10.);
#1052=VECTOR('',#4029,10.);
#1053=VECTOR('',#4030,10.);
#1054=VECTOR('',#4031,10.);
#1055=VECTOR('',#4032,10.);
#1056=VECTOR('',#4035,10.);
#1057=VECTOR('',#4036,10.);
#1058=VECTOR('',#4037,10.);
#1059=VECTOR('',#4038,10.);
#1060=VECTOR('',#4039,10.);
#1061=VECTOR('',#4040,10.);
#1062=VECTOR('',#4043,10.);
#1063=VECTOR('',#4044,10.);
#1064=VECTOR('',#4045,10.);
#1065=VECTOR('',#4046,10.);
#1066=VECTOR('',#4049,10.);
#1067=VECTOR('',#4050,10.);
#1068=VECTOR('',#4051,10.);
#1069=VECTOR('',#4052,10.);
#1070=VECTOR('',#4053,10.);
#1071=VECTOR('',#4054,10.);
#1072=VECTOR('',#4057,10.);
#1073=VECTOR('',#4058,10.);
#1074=VECTOR('',#4059,10.);
#1075=VECTOR('',#4060,10.);
#1076=VECTOR('',#4063,10.);
#1077=VECTOR('',#4064,10.);
#1078=VECTOR('',#4065,10.);
#1079=VECTOR('',#4066,10.);
#1080=VECTOR('',#4067,10.);
#1081=VECTOR('',#4068,10.);
#1082=VECTOR('',#4071,10.);
#1083=VECTOR('',#4072,10.);
#1084=VECTOR('',#4073,10.);
#1085=VECTOR('',#4074,10.);
#1086=VECTOR('',#4077,10.);
#1087=VECTOR('',#4078,10.);
#1088=VECTOR('',#4079,10.);
#1089=VECTOR('',#4080,10.);
#1090=VECTOR('',#4081,10.);
#1091=VECTOR('',#4082,10.);
#1092=VECTOR('',#4085,10.);
#1093=VECTOR('',#4086,10.);
#1094=VECTOR('',#4087,10.);
#1095=VECTOR('',#4088,10.);
#1096=VECTOR('',#4091,10.);
#1097=VECTOR('',#4092,10.);
#1098=VECTOR('',#4093,10.);
#1099=VECTOR('',#4094,10.);
#1100=VECTOR('',#4095,10.);
#1101=VECTOR('',#4096,10.);
#1102=VECTOR('',#4099,10.);
#1103=VECTOR('',#4100,10.);
#1104=VECTOR('',#4101,10.);
#1105=VECTOR('',#4102,10.);
#1106=VECTOR('',#4105,10.);
#1107=VECTOR('',#4106,10.);
#1108=VECTOR('',#4107,10.);
#1109=VECTOR('',#4108,10.);
#1110=VECTOR('',#4109,10.);
#1111=VECTOR('',#4110,10.);
#1112=VECTOR('',#4115,10.);
#1113=VECTOR('',#4116,10.);
#1114=VECTOR('',#4119,10.);
#1115=VECTOR('',#4120,10.);
#1116=VECTOR('',#4121,10.);
#1117=VECTOR('',#4122,10.);
#1118=VECTOR('',#4123,10.);
#1119=VECTOR('',#4124,10.);
#1120=VECTOR('',#4125,10.);
#1121=VECTOR('',#4126,10.);
#1122=VECTOR('',#4127,10.);
#1123=VECTOR('',#4128,10.);
#1124=VECTOR('',#4129,10.);
#1125=VECTOR('',#4130,10.);
#1126=VECTOR('',#4133,10.);
#1127=VECTOR('',#4134,10.);
#1128=VECTOR('',#4139,10.);
#1129=VECTOR('',#4142,10.);
#1130=VECTOR('',#4145,10.);
#1131=VECTOR('',#4150,10.);
#1132=VECTOR('',#4151,10.);
#1133=VECTOR('',#4152,10.);
#1134=VECTOR('',#4155,10.);
#1135=VECTOR('',#4156,10.);
#1136=VECTOR('',#4159,10.);
#1137=VECTOR('',#4160,10.);
#1138=VECTOR('',#4169,10.);
#1139=VECTOR('',#4170,10.);
#1140=VECTOR('',#4171,10.);
#1141=VECTOR('',#4172,10.);
#1142=VECTOR('',#4177,10.);
#1143=VECTOR('',#4178,10.);
#1144=VECTOR('',#4183,10.);
#1145=VECTOR('',#4184,10.);
#1146=VECTOR('',#4189,10.);
#1147=VECTOR('',#4192,10.);
#1148=VECTOR('',#4195,10.);
#1149=VECTOR('',#4196,10.);
#1150=VECTOR('',#4197,10.);
#1151=VECTOR('',#4198,10.);
#1152=VECTOR('',#4201,10.);
#1153=VECTOR('',#4204,10.);
#1154=VECTOR('',#4205,10.);
#1155=VECTOR('',#4206,10.);
#1156=VECTOR('',#4209,10.);
#1157=VECTOR('',#4210,10.);
#1158=VECTOR('',#4211,10.);
#1159=VECTOR('',#4212,10.);
#1160=VECTOR('',#4213,10.);
#1161=VECTOR('',#4214,10.);
#1162=VECTOR('',#4215,10.);
#1163=VECTOR('',#4216,10.);
#1164=VECTOR('',#4217,10.);
#1165=VECTOR('',#4220,10.);
#1166=VECTOR('',#4221,10.);
#1167=VECTOR('',#4222,10.);
#1168=VECTOR('',#4225,10.);
#1169=VECTOR('',#4226,10.);
#1170=VECTOR('',#4229,10.);
#1171=VECTOR('',#4230,10.);
#1172=VECTOR('',#4233,10.);
#1173=VECTOR('',#4236,10.);
#1174=VECTOR('',#4237,10.);
#1175=VECTOR('',#4238,10.);
#1176=VECTOR('',#4241,10.);
#1177=VECTOR('',#4242,10.);
#1178=VECTOR('',#4245,10.);
#1179=VECTOR('',#4246,10.);
#1180=VECTOR('',#4249,10.);
#1181=VECTOR('',#4256,10.);
#1182=VECTOR('',#4259,10.);
#1183=VECTOR('',#4264,10.);
#1184=VECTOR('',#4267,10.);
#1185=VECTOR('',#4270,10.);
#1186=VECTOR('',#4273,10.);
#1187=VECTOR('',#4274,10.);
#1188=VECTOR('',#4275,10.);
#1189=VECTOR('',#4276,10.);
#1190=VECTOR('',#4277,10.);
#1191=VECTOR('',#4278,10.);
#1192=VECTOR('',#4279,10.);
#1193=VECTOR('',#4280,10.);
#1194=VECTOR('',#4281,10.);
#1195=VECTOR('',#4282,10.);
#1196=VECTOR('',#4285,10.);
#1197=VECTOR('',#4290,10.);
#1198=VECTOR('',#4291,10.);
#1199=VECTOR('',#4292,10.);
#1200=VECTOR('',#4295,10.);
#1201=VECTOR('',#4298,10.);
#1202=VECTOR('',#4301,10.);
#1203=VECTOR('',#4302,10.);
#1204=VECTOR('',#4303,10.);
#1205=VECTOR('',#4304,10.);
#1206=VECTOR('',#4307,10.);
#1207=VECTOR('',#4310,10.);
#1208=VECTOR('',#4313,10.);
#1209=VECTOR('',#4316,10.);
#1210=VECTOR('',#4317,10.);
#1211=VECTOR('',#4318,10.);
#1212=VECTOR('',#4319,10.);
#1213=VECTOR('',#4322,10.);
#1214=VECTOR('',#4323,10.);
#1215=VECTOR('',#4324,10.);
#1216=VECTOR('',#4327,10.);
#1217=VECTOR('',#4328,10.);
#1218=VECTOR('',#4329,10.);
#1219=VECTOR('',#4330,10.);
#1220=VECTOR('',#4331,10.);
#1221=VECTOR('',#4332,10.);
#1222=VECTOR('',#4333,10.);
#1223=VECTOR('',#4334,10.);
#1224=VECTOR('',#4335,10.);
#1225=VECTOR('',#4338,10.);
#1226=VECTOR('',#4339,10.);
#1227=VECTOR('',#4340,10.);
#1228=VECTOR('',#4343,10.);
#1229=VECTOR('',#4344,10.);
#1230=VECTOR('',#4347,10.);
#1231=VECTOR('',#4348,10.);
#1232=VECTOR('',#4351,10.);
#1233=VECTOR('',#4354,10.);
#1234=VECTOR('',#4355,10.);
#1235=VECTOR('',#4356,10.);
#1236=VECTOR('',#4359,10.);
#1237=VECTOR('',#4360,10.);
#1238=VECTOR('',#4363,10.);
#1239=VECTOR('',#4364,10.);
#1240=VECTOR('',#4367,10.);
#1241=VECTOR('',#4388,10.);
#1242=VECTOR('',#4389,10.);
#1243=VECTOR('',#4390,10.);
#1244=VECTOR('',#4393,10.);
#1245=VECTOR('',#4396,10.);
#1246=VECTOR('',#4399,10.);
#1247=VECTOR('',#4400,10.);
#1248=VECTOR('',#4401,10.);
#1249=VECTOR('',#4402,10.);
#1250=VECTOR('',#4405,10.);
#1251=VECTOR('',#4406,10.);
#1252=VECTOR('',#4407,10.);
#1253=VECTOR('',#4410,10.);
#1254=VECTOR('',#4411,10.);
#1255=VECTOR('',#4414,10.);
#1256=VECTOR('',#4415,10.);
#1257=VECTOR('',#4418,10.);
#1258=VECTOR('',#4425,10.);
#1259=VECTOR('',#4428,10.);
#1260=VECTOR('',#4431,10.);
#1261=VECTOR('',#4432,10.);
#1262=VECTOR('',#4433,10.);
#1263=VECTOR('',#4434,10.);
#1264=VECTOR('',#4437,10.);
#1265=VECTOR('',#4438,10.);
#1266=VECTOR('',#4439,10.);
#1267=VECTOR('',#4442,10.);
#1268=VECTOR('',#4443,10.);
#1269=VECTOR('',#4444,10.);
#1270=VECTOR('',#4447,10.);
#1271=VECTOR('',#4448,10.);
#1272=VECTOR('',#4451,10.);
#1273=VECTOR('',#4452,10.);
#1274=VECTOR('',#4455,10.);
#1275=VECTOR('',#4472,10.);
#1276=VECTOR('',#4473,10.);
#1277=VECTOR('',#4474,10.);
#1278=VECTOR('',#4475,10.);
#1279=VECTOR('',#4476,10.);
#1280=VECTOR('',#4479,10.);
#1281=VECTOR('',#4480,10.);
#1282=VECTOR('',#4481,10.);
#1283=VECTOR('',#4482,10.);
#1284=VECTOR('',#4483,10.);
#1285=VECTOR('',#4490,10.);
#1286=VECTOR('',#4493,10.);
#1287=VECTOR('',#4496,10.);
#1288=VECTOR('',#4497,10.);
#1289=VECTOR('',#4498,10.);
#1290=VECTOR('',#4501,10.);
#1291=VECTOR('',#4502,10.);
#1292=VECTOR('',#4505,10.);
#1293=VECTOR('',#4506,10.);
#1294=VECTOR('',#4507,10.);
#1295=VECTOR('',#4510,10.);
#1296=VECTOR('',#4513,10.);
#1297=VECTOR('',#4520,10.);
#1298=VECTOR('',#4521,10.);
#1299=VECTOR('',#4522,10.);
#1300=VECTOR('',#4523,10.);
#1301=VECTOR('',#4526,10.);
#1302=VECTOR('',#4527,10.);
#1303=VECTOR('',#4528,10.);
#1304=VECTOR('',#4529,10.);
#1305=VECTOR('',#4532,10.);
#1306=VECTOR('',#4533,10.);
#1307=VECTOR('',#4534,10.);
#1308=VECTOR('',#4537,10.);
#1309=VECTOR('',#4538,10.);
#1310=VECTOR('',#4539,10.);
#1311=VECTOR('',#4542,10.);
#1312=VECTOR('',#4543,10.);
#1313=VECTOR('',#4544,10.);
#1314=VECTOR('',#4547,10.);
#1315=VECTOR('',#4550,10.);
#1316=VECTOR('',#4553,10.);
#1317=VECTOR('',#4554,10.);
#1318=VECTOR('',#4557,10.);
#1319=VECTOR('',#4558,10.);
#1320=VECTOR('',#4561,10.);
#1321=VECTOR('',#4564,10.);
#1322=VECTOR('',#4565,10.);
#1323=VECTOR('',#4566,10.);
#1324=VECTOR('',#4569,10.);
#1325=VECTOR('',#4570,10.);
#1326=VECTOR('',#4573,10.);
#1327=VECTOR('',#4574,10.);
#1328=VECTOR('',#4575,10.);
#1329=VECTOR('',#4578,10.);
#1330=VECTOR('',#4581,10.);
#1331=VECTOR('',#4582,10.);
#1332=VECTOR('',#4585,10.);
#1333=VECTOR('',#4588,10.);
#1334=VECTOR('',#4589,10.);
#1335=VECTOR('',#4590,10.);
#1336=VECTOR('',#4591,10.);
#1337=VECTOR('',#4594,10.);
#1338=VECTOR('',#4595,10.);
#1339=VECTOR('',#4596,10.);
#1340=VECTOR('',#4599,10.);
#1341=VECTOR('',#4602,10.);
#1342=VECTOR('',#4605,10.);
#1343=VECTOR('',#4608,10.);
#1344=VECTOR('',#4609,10.);
#1345=VECTOR('',#4612,10.);
#1346=VECTOR('',#4613,10.);
#1347=VECTOR('',#4614,10.);
#1348=VECTOR('',#4617,10.);
#1349=VECTOR('',#4618,10.);
#1350=VECTOR('',#4619,10.);
#1351=VECTOR('',#4622,10.);
#1352=VECTOR('',#4625,10.);
#1353=VECTOR('',#4630,10.);
#1354=VECTOR('',#4631,10.);
#1355=VECTOR('',#4634,10.);
#1356=VECTOR('',#4635,10.);
#1357=VECTOR('',#4636,10.);
#1358=VECTOR('',#4641,10.);
#1359=VECTOR('',#4644,10.);
#1360=VECTOR('',#4645,10.);
#1361=VECTOR('',#4650,10.);
#1362=VECTOR('',#4653,10.);
#1363=VECTOR('',#4654,10.);
#1364=VECTOR('',#4659,10.);
#1365=VECTOR('',#4662,10.);
#1366=VECTOR('',#4667,10.);
#1367=VECTOR('',#4672,10.);
#1368=VECTOR('',#4675,10.);
#1369=VERTEX_POINT('',#4680);
#1370=VERTEX_POINT('',#4681);
#1371=VERTEX_POINT('',#4683);
#1372=VERTEX_POINT('',#4685);
#1373=VERTEX_POINT('',#4689);
#1374=VERTEX_POINT('',#4690);
#1375=VERTEX_POINT('',#4692);
#1376=VERTEX_POINT('',#4694);
#1377=VERTEX_POINT('',#4698);
#1378=VERTEX_POINT('',#4699);
#1379=VERTEX_POINT('',#4701);
#1380=VERTEX_POINT('',#4703);
#1381=VERTEX_POINT('',#4707);
#1382=VERTEX_POINT('',#4708);
#1383=VERTEX_POINT('',#4710);
#1384=VERTEX_POINT('',#4712);
#1385=VERTEX_POINT('',#4716);
#1386=VERTEX_POINT('',#4717);
#1387=VERTEX_POINT('',#4719);
#1388=VERTEX_POINT('',#4721);
#1389=VERTEX_POINT('',#4725);
#1390=VERTEX_POINT('',#4726);
#1391=VERTEX_POINT('',#4728);
#1392=VERTEX_POINT('',#4730);
#1393=VERTEX_POINT('',#4734);
#1394=VERTEX_POINT('',#4735);
#1395=VERTEX_POINT('',#4740);
#1396=VERTEX_POINT('',#4741);
#1397=VERTEX_POINT('',#4743);
#1398=VERTEX_POINT('',#4745);
#1399=VERTEX_POINT('',#4751);
#1400=VERTEX_POINT('',#4752);
#1401=VERTEX_POINT('',#4754);
#1402=VERTEX_POINT('',#4756);
#1403=VERTEX_POINT('',#4760);
#1404=VERTEX_POINT('',#4761);
#1405=VERTEX_POINT('',#4763);
#1406=VERTEX_POINT('',#4765);
#1407=VERTEX_POINT('',#4771);
#1408=VERTEX_POINT('',#4772);
#1409=VERTEX_POINT('',#4774);
#1410=VERTEX_POINT('',#4776);
#1411=VERTEX_POINT('',#4782);
#1412=VERTEX_POINT('',#4783);
#1413=VERTEX_POINT('',#4785);
#1414=VERTEX_POINT('',#4787);
#1415=VERTEX_POINT('',#4791);
#1416=VERTEX_POINT('',#4792);
#1417=VERTEX_POINT('',#4794);
#1418=VERTEX_POINT('',#4796);
#1419=VERTEX_POINT('',#4799);
#1420=VERTEX_POINT('',#4801);
#1421=VERTEX_POINT('',#4805);
#1422=VERTEX_POINT('',#4806);
#1423=VERTEX_POINT('',#4808);
#1424=VERTEX_POINT('',#4810);
#1425=VERTEX_POINT('',#4814);
#1426=VERTEX_POINT('',#4815);
#1427=VERTEX_POINT('',#4817);
#1428=VERTEX_POINT('',#4819);
#1429=VERTEX_POINT('',#4822);
#1430=VERTEX_POINT('',#4824);
#1431=VERTEX_POINT('',#4828);
#1432=VERTEX_POINT('',#4829);
#1433=VERTEX_POINT('',#4831);
#1434=VERTEX_POINT('',#4833);
#1435=VERTEX_POINT('',#4837);
#1436=VERTEX_POINT('',#4838);
#1437=VERTEX_POINT('',#4840);
#1438=VERTEX_POINT('',#4842);
#1439=VERTEX_POINT('',#4848);
#1440=VERTEX_POINT('',#4849);
#1441=VERTEX_POINT('',#4851);
#1442=VERTEX_POINT('',#4853);
#1443=VERTEX_POINT('',#4859);
#1444=VERTEX_POINT('',#4860);
#1445=VERTEX_POINT('',#4862);
#1446=VERTEX_POINT('',#4864);
#1447=VERTEX_POINT('',#4868);
#1448=VERTEX_POINT('',#4869);
#1449=VERTEX_POINT('',#4871);
#1450=VERTEX_POINT('',#4873);
#1451=VERTEX_POINT('',#4879);
#1452=VERTEX_POINT('',#4880);
#1453=VERTEX_POINT('',#4882);
#1454=VERTEX_POINT('',#4884);
#1455=VERTEX_POINT('',#4890);
#1456=VERTEX_POINT('',#4891);
#1457=VERTEX_POINT('',#4893);
#1458=VERTEX_POINT('',#4895);
#1459=VERTEX_POINT('',#4899);
#1460=VERTEX_POINT('',#4900);
#1461=VERTEX_POINT('',#4902);
#1462=VERTEX_POINT('',#4904);
#1463=VERTEX_POINT('',#4910);
#1464=VERTEX_POINT('',#4911);
#1465=VERTEX_POINT('',#4913);
#1466=VERTEX_POINT('',#4915);
#1467=VERTEX_POINT('',#4921);
#1468=VERTEX_POINT('',#4922);
#1469=VERTEX_POINT('',#4924);
#1470=VERTEX_POINT('',#4926);
#1471=VERTEX_POINT('',#4930);
#1472=VERTEX_POINT('',#4931);
#1473=VERTEX_POINT('',#4935);
#1474=VERTEX_POINT('',#4936);
#1475=VERTEX_POINT('',#4938);
#1476=VERTEX_POINT('',#4941);
#1477=VERTEX_POINT('',#4945);
#1478=VERTEX_POINT('',#4946);
#1479=VERTEX_POINT('',#4948);
#1480=VERTEX_POINT('',#4950);
#1481=VERTEX_POINT('',#4956);
#1482=VERTEX_POINT('',#4957);
#1483=VERTEX_POINT('',#4959);
#1484=VERTEX_POINT('',#4961);
#1485=VERTEX_POINT('',#4967);
#1486=VERTEX_POINT('',#4968);
#1487=VERTEX_POINT('',#4970);
#1488=VERTEX_POINT('',#4972);
#1489=VERTEX_POINT('',#4976);
#1490=VERTEX_POINT('',#4977);
#1491=VERTEX_POINT('',#4979);
#1492=VERTEX_POINT('',#4981);
#1493=VERTEX_POINT('',#4987);
#1494=VERTEX_POINT('',#4988);
#1495=VERTEX_POINT('',#4990);
#1496=VERTEX_POINT('',#4992);
#1497=VERTEX_POINT('',#4996);
#1498=VERTEX_POINT('',#4997);
#1499=VERTEX_POINT('',#4999);
#1500=VERTEX_POINT('',#5001);
#1501=VERTEX_POINT('',#5007);
#1502=VERTEX_POINT('',#5008);
#1503=VERTEX_POINT('',#5010);
#1504=VERTEX_POINT('',#5012);
#1505=VERTEX_POINT('',#5016);
#1506=VERTEX_POINT('',#5017);
#1507=VERTEX_POINT('',#5019);
#1508=VERTEX_POINT('',#5021);
#1509=VERTEX_POINT('',#5027);
#1510=VERTEX_POINT('',#5028);
#1511=VERTEX_POINT('',#5030);
#1512=VERTEX_POINT('',#5032);
#1513=VERTEX_POINT('',#5036);
#1514=VERTEX_POINT('',#5037);
#1515=VERTEX_POINT('',#5039);
#1516=VERTEX_POINT('',#5041);
#1517=VERTEX_POINT('',#5047);
#1518=VERTEX_POINT('',#5048);
#1519=VERTEX_POINT('',#5050);
#1520=VERTEX_POINT('',#5052);
#1521=VERTEX_POINT('',#5056);
#1522=VERTEX_POINT('',#5057);
#1523=VERTEX_POINT('',#5059);
#1524=VERTEX_POINT('',#5061);
#1525=VERTEX_POINT('',#5067);
#1526=VERTEX_POINT('',#5068);
#1527=VERTEX_POINT('',#5070);
#1528=VERTEX_POINT('',#5072);
#1529=VERTEX_POINT('',#5076);
#1530=VERTEX_POINT('',#5077);
#1531=VERTEX_POINT('',#5079);
#1532=VERTEX_POINT('',#5081);
#1533=VERTEX_POINT('',#5087);
#1534=VERTEX_POINT('',#5088);
#1535=VERTEX_POINT('',#5090);
#1536=VERTEX_POINT('',#5092);
#1537=VERTEX_POINT('',#5096);
#1538=VERTEX_POINT('',#5097);
#1539=VERTEX_POINT('',#5099);
#1540=VERTEX_POINT('',#5101);
#1541=VERTEX_POINT('',#5107);
#1542=VERTEX_POINT('',#5108);
#1543=VERTEX_POINT('',#5110);
#1544=VERTEX_POINT('',#5112);
#1545=VERTEX_POINT('',#5116);
#1546=VERTEX_POINT('',#5117);
#1547=VERTEX_POINT('',#5122);
#1548=VERTEX_POINT('',#5124);
#1549=VERTEX_POINT('',#5126);
#1550=VERTEX_POINT('',#5129);
#1551=VERTEX_POINT('',#5131);
#1552=VERTEX_POINT('',#5133);
#1553=VERTEX_POINT('',#5135);
#1554=VERTEX_POINT('',#5138);
#1555=VERTEX_POINT('',#5140);
#1556=VERTEX_POINT('',#5144);
#1557=VERTEX_POINT('',#5148);
#1558=VERTEX_POINT('',#5153);
#1559=VERTEX_POINT('',#5155);
#1560=VERTEX_POINT('',#5159);
#1561=VERTEX_POINT('',#5161);
#1562=VERTEX_POINT('',#5165);
#1563=VERTEX_POINT('',#5169);
#1564=VERTEX_POINT('',#5173);
#1565=VERTEX_POINT('',#5177);
#1566=VERTEX_POINT('',#5180);
#1567=VERTEX_POINT('',#5185);
#1568=VERTEX_POINT('',#5189);
#1569=VERTEX_POINT('',#5190);
#1570=VERTEX_POINT('',#5193);
#1571=VERTEX_POINT('',#5201);
#1572=VERTEX_POINT('',#5204);
#1573=VERTEX_POINT('',#5210);
#1574=VERTEX_POINT('',#5212);
#1575=VERTEX_POINT('',#5216);
#1576=VERTEX_POINT('',#5219);
#1577=VERTEX_POINT('',#5221);
#1578=VERTEX_POINT('',#5224);
#1579=VERTEX_POINT('',#5226);
#1580=VERTEX_POINT('',#5228);
#1581=VERTEX_POINT('',#5232);
#1582=VERTEX_POINT('',#5234);
#1583=VERTEX_POINT('',#5238);
#1584=VERTEX_POINT('',#5242);
#1585=VERTEX_POINT('',#5248);
#1586=VERTEX_POINT('',#5250);
#1587=VERTEX_POINT('',#5254);
#1588=VERTEX_POINT('',#5258);
#1589=VERTEX_POINT('',#5264);
#1590=VERTEX_POINT('',#5266);
#1591=VERTEX_POINT('',#5268);
#1592=VERTEX_POINT('',#5270);
#1593=VERTEX_POINT('',#5272);
#1594=VERTEX_POINT('',#5275);
#1595=VERTEX_POINT('',#5277);
#1596=VERTEX_POINT('',#5279);
#1597=VERTEX_POINT('',#5285);
#1598=VERTEX_POINT('',#5287);
#1599=VERTEX_POINT('',#5289);
#1600=VERTEX_POINT('',#5292);
#1601=VERTEX_POINT('',#5294);
#1602=VERTEX_POINT('',#5298);
#1603=VERTEX_POINT('',#5305);
#1604=VERTEX_POINT('',#5307);
#1605=VERTEX_POINT('',#5315);
#1606=VERTEX_POINT('',#5318);
#1607=VERTEX_POINT('',#5328);
#1608=VERTEX_POINT('',#5331);
#1609=VERTEX_POINT('',#5335);
#1610=VERTEX_POINT('',#5337);
#1611=VERTEX_POINT('',#5341);
#1612=VERTEX_POINT('',#5344);
#1613=VERTEX_POINT('',#5346);
#1614=VERTEX_POINT('',#5349);
#1615=VERTEX_POINT('',#5351);
#1616=VERTEX_POINT('',#5353);
#1617=VERTEX_POINT('',#5357);
#1618=VERTEX_POINT('',#5359);
#1619=VERTEX_POINT('',#5363);
#1620=VERTEX_POINT('',#5367);
#1621=VERTEX_POINT('',#5373);
#1622=VERTEX_POINT('',#5375);
#1623=VERTEX_POINT('',#5379);
#1624=VERTEX_POINT('',#5383);
#1625=VERTEX_POINT('',#5398);
#1626=VERTEX_POINT('',#5400);
#1627=VERTEX_POINT('',#5408);
#1628=VERTEX_POINT('',#5411);
#1629=VERTEX_POINT('',#5415);
#1630=VERTEX_POINT('',#5416);
#1631=VERTEX_POINT('',#5421);
#1632=VERTEX_POINT('',#5425);
#1633=VERTEX_POINT('',#5437);
#1634=VERTEX_POINT('',#5440);
#1635=VERTEX_POINT('',#5444);
#1636=VERTEX_POINT('',#5446);
#1637=VERTEX_POINT('',#5450);
#1638=VERTEX_POINT('',#5451);
#1639=VERTEX_POINT('',#5456);
#1640=VERTEX_POINT('',#5460);
#1641=VERTEX_POINT('',#5473);
#1642=VERTEX_POINT('',#5475);
#1643=VERTEX_POINT('',#5477);
#1644=VERTEX_POINT('',#5479);
#1645=VERTEX_POINT('',#5483);
#1646=VERTEX_POINT('',#5485);
#1647=VERTEX_POINT('',#5487);
#1648=VERTEX_POINT('',#5489);
#1649=VERTEX_POINT('',#5500);
#1650=VERTEX_POINT('',#5504);
#1651=VERTEX_POINT('',#5508);
#1652=VERTEX_POINT('',#5510);
#1653=VERTEX_POINT('',#5520);
#1654=VERTEX_POINT('',#5521);
#1655=VERTEX_POINT('',#5528);
#1656=VERTEX_POINT('',#5530);
#1657=VERTEX_POINT('',#5534);
#1658=VERTEX_POINT('',#5536);
#1659=VERTEX_POINT('',#5540);
#1660=VERTEX_POINT('',#5542);
#1661=VERTEX_POINT('',#5546);
#1662=VERTEX_POINT('',#5548);
#1663=VERTEX_POINT('',#5554);
#1664=VERTEX_POINT('',#5556);
#1665=VERTEX_POINT('',#5558);
#1666=VERTEX_POINT('',#5562);
#1667=VERTEX_POINT('',#5564);
#1668=VERTEX_POINT('',#5566);
#1669=VERTEX_POINT('',#5570);
#1670=VERTEX_POINT('',#5572);
#1671=VERTEX_POINT('',#5576);
#1672=VERTEX_POINT('',#5580);
#1673=VERTEX_POINT('',#5582);
#1674=VERTEX_POINT('',#5588);
#1675=VERTEX_POINT('',#5590);
#1676=VERTEX_POINT('',#5592);
#1677=VERTEX_POINT('',#5596);
#1678=VERTEX_POINT('',#5598);
#1679=VERTEX_POINT('',#5600);
#1680=VERTEX_POINT('',#5604);
#1681=VERTEX_POINT('',#5606);
#1682=VERTEX_POINT('',#5614);
#1683=VERTEX_POINT('',#5616);
#1684=VERTEX_POINT('',#5618);
#1685=VERTEX_POINT('',#5622);
#1686=VERTEX_POINT('',#5624);
#1687=VERTEX_POINT('',#5628);
#1688=VERTEX_POINT('',#5630);
#1689=VERTEX_POINT('',#5638);
#1690=VERTEX_POINT('',#5639);
#1691=VERTEX_POINT('',#5644);
#1692=VERTEX_POINT('',#5649);
#1693=VERTEX_POINT('',#5653);
#1694=VERTEX_POINT('',#5657);
#1695=VERTEX_POINT('',#5661);
#1696=VERTEX_POINT('',#5665);
#1697=EDGE_CURVE('',#1369,#1370,#495,.T.);
#1698=EDGE_CURVE('',#1369,#1371,#496,.T.);
#1699=EDGE_CURVE('',#1371,#1372,#497,.T.);
#1700=EDGE_CURVE('',#1372,#1370,#498,.T.);
#1701=EDGE_CURVE('',#1373,#1374,#499,.T.);
#1702=EDGE_CURVE('',#1373,#1375,#500,.T.);
#1703=EDGE_CURVE('',#1375,#1376,#501,.T.);
#1704=EDGE_CURVE('',#1376,#1374,#502,.T.);
#1705=EDGE_CURVE('',#1377,#1378,#503,.T.);
#1706=EDGE_CURVE('',#1377,#1379,#504,.T.);
#1707=EDGE_CURVE('',#1379,#1380,#505,.T.);
#1708=EDGE_CURVE('',#1380,#1378,#506,.T.);
#1709=EDGE_CURVE('',#1381,#1382,#507,.T.);
#1710=EDGE_CURVE('',#1381,#1383,#508,.T.);
#1711=EDGE_CURVE('',#1383,#1384,#509,.T.);
#1712=EDGE_CURVE('',#1384,#1382,#510,.T.);
#1713=EDGE_CURVE('',#1385,#1386,#41,.T.);
#1714=EDGE_CURVE('',#1385,#1387,#511,.T.);
#1715=EDGE_CURVE('',#1388,#1387,#42,.T.);
#1716=EDGE_CURVE('',#1386,#1388,#512,.T.);
#1717=EDGE_CURVE('',#1389,#1390,#43,.T.);
#1718=EDGE_CURVE('',#1389,#1391,#513,.T.);
#1719=EDGE_CURVE('',#1391,#1392,#44,.T.);
#1720=EDGE_CURVE('',#1390,#1392,#514,.T.);
#1721=EDGE_CURVE('',#1393,#1394,#515,.T.);
#1722=EDGE_CURVE('',#1392,#1393,#516,.T.);
#1723=EDGE_CURVE('',#1394,#1391,#517,.T.);
#1724=EDGE_CURVE('',#1395,#1396,#518,.T.);
#1725=EDGE_CURVE('',#1397,#1396,#519,.T.);
#1726=EDGE_CURVE('',#1397,#1398,#520,.T.);
#1727=EDGE_CURVE('',#1395,#1398,#521,.T.);
#1728=EDGE_CURVE('',#1390,#1385,#522,.T.);
#1729=EDGE_CURVE('',#1386,#1389,#523,.T.);
#1730=EDGE_CURVE('',#1399,#1400,#45,.T.);
#1731=EDGE_CURVE('',#1399,#1401,#524,.T.);
#1732=EDGE_CURVE('',#1402,#1401,#46,.T.);
#1733=EDGE_CURVE('',#1400,#1402,#525,.T.);
#1734=EDGE_CURVE('',#1403,#1404,#47,.T.);
#1735=EDGE_CURVE('',#1403,#1405,#526,.T.);
#1736=EDGE_CURVE('',#1405,#1406,#48,.T.);
#1737=EDGE_CURVE('',#1404,#1406,#527,.T.);
#1738=EDGE_CURVE('',#1406,#1405,#528,.T.);
#1739=EDGE_CURVE('',#1407,#1408,#529,.T.);
#1740=EDGE_CURVE('',#1408,#1409,#530,.T.);
#1741=EDGE_CURVE('',#1409,#1410,#531,.T.);
#1742=EDGE_CURVE('',#1407,#1410,#532,.T.);
#1743=EDGE_CURVE('',#1404,#1399,#533,.T.);
#1744=EDGE_CURVE('',#1400,#1403,#534,.T.);
#1745=EDGE_CURVE('',#1411,#1412,#49,.T.);
#1746=EDGE_CURVE('',#1411,#1413,#535,.T.);
#1747=EDGE_CURVE('',#1414,#1413,#50,.T.);
#1748=EDGE_CURVE('',#1412,#1414,#536,.T.);
#1749=EDGE_CURVE('',#1415,#1416,#537,.T.);
#1750=EDGE_CURVE('',#1417,#1415,#538,.T.);
#1751=EDGE_CURVE('',#1417,#1418,#539,.T.);
#1752=EDGE_CURVE('',#1416,#1418,#540,.T.);
#1753=EDGE_CURVE('',#1419,#1411,#541,.T.);
#1754=EDGE_CURVE('',#1412,#1420,#542,.T.);
#1755=EDGE_CURVE('',#1420,#1419,#51,.T.);
#1756=EDGE_CURVE('',#1421,#1422,#52,.T.);
#1757=EDGE_CURVE('',#1421,#1423,#543,.T.);
#1758=EDGE_CURVE('',#1424,#1423,#53,.T.);
#1759=EDGE_CURVE('',#1422,#1424,#544,.T.);
#1760=EDGE_CURVE('',#1425,#1426,#545,.T.);
#1761=EDGE_CURVE('',#1427,#1425,#546,.T.);
#1762=EDGE_CURVE('',#1427,#1428,#547,.T.);
#1763=EDGE_CURVE('',#1426,#1428,#548,.T.);
#1764=EDGE_CURVE('',#1429,#1421,#549,.T.);
#1765=EDGE_CURVE('',#1422,#1430,#550,.T.);
#1766=EDGE_CURVE('',#1430,#1429,#54,.T.);
#1767=EDGE_CURVE('',#1431,#1432,#55,.T.);
#1768=EDGE_CURVE('',#1431,#1433,#551,.T.);
#1769=EDGE_CURVE('',#1434,#1433,#56,.T.);
#1770=EDGE_CURVE('',#1432,#1434,#552,.T.);
#1771=EDGE_CURVE('',#1435,#1436,#57,.T.);
#1772=EDGE_CURVE('',#1435,#1437,#553,.T.);
#1773=EDGE_CURVE('',#1437,#1438,#58,.T.);
#1774=EDGE_CURVE('',#1436,#1438,#554,.T.);
#1775=EDGE_CURVE('',#1438,#1437,#555,.T.);
#1776=EDGE_CURVE('',#1439,#1440,#556,.T.);
#1777=EDGE_CURVE('',#1441,#1440,#557,.T.);
#1778=EDGE_CURVE('',#1441,#1442,#558,.T.);
#1779=EDGE_CURVE('',#1439,#1442,#559,.T.);
#1780=EDGE_CURVE('',#1436,#1431,#560,.T.);
#1781=EDGE_CURVE('',#1432,#1435,#561,.T.);
#1782=EDGE_CURVE('',#1443,#1444,#59,.T.);
#1783=EDGE_CURVE('',#1443,#1445,#562,.T.);
#1784=EDGE_CURVE('',#1446,#1445,#60,.T.);
#1785=EDGE_CURVE('',#1444,#1446,#563,.T.);
#1786=EDGE_CURVE('',#1447,#1448,#61,.T.);
#1787=EDGE_CURVE('',#1447,#1449,#564,.T.);
#1788=EDGE_CURVE('',#1449,#1450,#62,.T.);
#1789=EDGE_CURVE('',#1448,#1450,#565,.T.);
#1790=EDGE_CURVE('',#1450,#1449,#566,.T.);
#1791=EDGE_CURVE('',#1451,#1452,#567,.T.);
#1792=EDGE_CURVE('',#1453,#1452,#568,.T.);
#1793=EDGE_CURVE('',#1453,#1454,#569,.T.);
#1794=EDGE_CURVE('',#1454,#1451,#570,.T.);
#1795=EDGE_CURVE('',#1448,#1443,#571,.T.);
#1796=EDGE_CURVE('',#1444,#1447,#572,.T.);
#1797=EDGE_CURVE('',#1455,#1456,#63,.T.);
#1798=EDGE_CURVE('',#1455,#1457,#573,.T.);
#1799=EDGE_CURVE('',#1458,#1457,#64,.T.);
#1800=EDGE_CURVE('',#1456,#1458,#574,.T.);
#1801=EDGE_CURVE('',#1459,#1460,#65,.T.);
#1802=EDGE_CURVE('',#1459,#1461,#575,.T.);
#1803=EDGE_CURVE('',#1461,#1462,#66,.T.);
#1804=EDGE_CURVE('',#1460,#1462,#576,.T.);
#1805=EDGE_CURVE('',#1462,#1461,#577,.T.);
#1806=EDGE_CURVE('',#1463,#1464,#578,.T.);
#1807=EDGE_CURVE('',#1465,#1464,#579,.T.);
#1808=EDGE_CURVE('',#1465,#1466,#580,.T.);
#1809=EDGE_CURVE('',#1463,#1466,#581,.T.);
#1810=EDGE_CURVE('',#1460,#1455,#582,.T.);
#1811=EDGE_CURVE('',#1456,#1459,#583,.T.);
#1812=EDGE_CURVE('',#1467,#1468,#67,.T.);
#1813=EDGE_CURVE('',#1467,#1469,#584,.T.);
#1814=EDGE_CURVE('',#1470,#1469,#68,.T.);
#1815=EDGE_CURVE('',#1468,#1470,#585,.T.);
#1816=EDGE_CURVE('',#1471,#1472,#586,.T.);
#1817=EDGE_CURVE('',#1472,#1471,#69,.T.);
#1818=EDGE_CURVE('',#1473,#1474,#70,.T.);
#1819=EDGE_CURVE('',#1473,#1475,#587,.T.);
#1820=EDGE_CURVE('',#1472,#1475,#71,.T.);
#1821=EDGE_CURVE('',#1476,#1471,#72,.T.);
#1822=EDGE_CURVE('',#1474,#1476,#588,.T.);
#1823=EDGE_CURVE('',#1477,#1478,#589,.T.);
#1824=EDGE_CURVE('',#1479,#1478,#590,.T.);
#1825=EDGE_CURVE('',#1479,#1480,#591,.T.);
#1826=EDGE_CURVE('',#1477,#1480,#592,.T.);
#1827=EDGE_CURVE('',#1474,#1467,#593,.T.);
#1828=EDGE_CURVE('',#1468,#1473,#594,.T.);
#1829=EDGE_CURVE('',#1481,#1482,#595,.T.);
#1830=EDGE_CURVE('',#1481,#1483,#596,.T.);
#1831=EDGE_CURVE('',#1484,#1483,#597,.T.);
#1832=EDGE_CURVE('',#1482,#1484,#598,.T.);
#1833=EDGE_CURVE('',#1480,#1484,#599,.T.);
#1834=EDGE_CURVE('',#1483,#1477,#600,.T.);
#1835=EDGE_CURVE('',#1485,#1486,#601,.T.);
#1836=EDGE_CURVE('',#1486,#1487,#602,.T.);
#1837=EDGE_CURVE('',#1487,#1488,#603,.T.);
#1838=EDGE_CURVE('',#1488,#1485,#604,.T.);
#1839=EDGE_CURVE('',#1489,#1490,#605,.T.);
#1840=EDGE_CURVE('',#1489,#1491,#606,.T.);
#1841=EDGE_CURVE('',#1492,#1491,#607,.T.);
#1842=EDGE_CURVE('',#1490,#1492,#608,.T.);
#1843=EDGE_CURVE('',#1466,#1492,#609,.T.);
#1844=EDGE_CURVE('',#1491,#1463,#610,.T.);
#1845=EDGE_CURVE('',#1493,#1494,#611,.T.);
#1846=EDGE_CURVE('',#1494,#1495,#612,.T.);
#1847=EDGE_CURVE('',#1495,#1496,#613,.T.);
#1848=EDGE_CURVE('',#1496,#1493,#614,.T.);
#1849=EDGE_CURVE('',#1497,#1498,#615,.T.);
#1850=EDGE_CURVE('',#1497,#1499,#616,.T.);
#1851=EDGE_CURVE('',#1500,#1499,#617,.T.);
#1852=EDGE_CURVE('',#1498,#1500,#618,.T.);
#1853=EDGE_CURVE('',#1442,#1500,#619,.T.);
#1854=EDGE_CURVE('',#1499,#1439,#620,.T.);
#1855=EDGE_CURVE('',#1501,#1502,#621,.T.);
#1856=EDGE_CURVE('',#1502,#1503,#622,.T.);
#1857=EDGE_CURVE('',#1503,#1504,#623,.T.);
#1858=EDGE_CURVE('',#1504,#1501,#624,.T.);
#1859=EDGE_CURVE('',#1505,#1506,#625,.T.);
#1860=EDGE_CURVE('',#1505,#1507,#626,.T.);
#1861=EDGE_CURVE('',#1508,#1507,#627,.T.);
#1862=EDGE_CURVE('',#1506,#1508,#628,.T.);
#1863=EDGE_CURVE('',#1452,#1508,#629,.T.);
#1864=EDGE_CURVE('',#1507,#1453,#630,.T.);
#1865=EDGE_CURVE('',#1509,#1510,#631,.T.);
#1866=EDGE_CURVE('',#1510,#1511,#632,.T.);
#1867=EDGE_CURVE('',#1511,#1512,#633,.T.);
#1868=EDGE_CURVE('',#1512,#1509,#634,.T.);
#1869=EDGE_CURVE('',#1513,#1514,#635,.T.);
#1870=EDGE_CURVE('',#1513,#1515,#636,.T.);
#1871=EDGE_CURVE('',#1516,#1515,#637,.T.);
#1872=EDGE_CURVE('',#1514,#1516,#638,.T.);
#1873=EDGE_CURVE('',#1410,#1516,#639,.T.);
#1874=EDGE_CURVE('',#1515,#1407,#640,.T.);
#1875=EDGE_CURVE('',#1517,#1518,#641,.T.);
#1876=EDGE_CURVE('',#1518,#1519,#642,.T.);
#1877=EDGE_CURVE('',#1519,#1520,#643,.T.);
#1878=EDGE_CURVE('',#1520,#1517,#644,.T.);
#1879=EDGE_CURVE('',#1521,#1522,#645,.T.);
#1880=EDGE_CURVE('',#1521,#1523,#646,.T.);
#1881=EDGE_CURVE('',#1524,#1523,#647,.T.);
#1882=EDGE_CURVE('',#1522,#1524,#648,.T.);
#1883=EDGE_CURVE('',#1396,#1524,#649,.T.);
#1884=EDGE_CURVE('',#1523,#1397,#650,.T.);
#1885=EDGE_CURVE('',#1525,#1526,#651,.T.);
#1886=EDGE_CURVE('',#1526,#1527,#652,.T.);
#1887=EDGE_CURVE('',#1527,#1528,#653,.T.);
#1888=EDGE_CURVE('',#1528,#1525,#654,.T.);
#1889=EDGE_CURVE('',#1529,#1530,#655,.T.);
#1890=EDGE_CURVE('',#1529,#1531,#656,.T.);
#1891=EDGE_CURVE('',#1532,#1531,#657,.T.);
#1892=EDGE_CURVE('',#1530,#1532,#658,.T.);
#1893=EDGE_CURVE('',#1418,#1532,#659,.T.);
#1894=EDGE_CURVE('',#1531,#1416,#660,.T.);
#1895=EDGE_CURVE('',#1533,#1534,#661,.T.);
#1896=EDGE_CURVE('',#1534,#1535,#662,.T.);
#1897=EDGE_CURVE('',#1535,#1536,#663,.T.);
#1898=EDGE_CURVE('',#1536,#1533,#664,.T.);
#1899=EDGE_CURVE('',#1537,#1538,#665,.T.);
#1900=EDGE_CURVE('',#1537,#1539,#666,.T.);
#1901=EDGE_CURVE('',#1540,#1539,#667,.T.);
#1902=EDGE_CURVE('',#1538,#1540,#668,.T.);
#1903=EDGE_CURVE('',#1428,#1540,#669,.T.);
#1904=EDGE_CURVE('',#1539,#1426,#670,.T.);
#1905=EDGE_CURVE('',#1541,#1542,#671,.T.);
#1906=EDGE_CURVE('',#1542,#1543,#672,.T.);
#1907=EDGE_CURVE('',#1543,#1544,#673,.T.);
#1908=EDGE_CURVE('',#1544,#1541,#674,.T.);
#1909=EDGE_CURVE('',#1545,#1546,#73,.T.);
#1910=EDGE_CURVE('',#1530,#1545,#675,.T.);
#1911=EDGE_CURVE('',#1417,#1546,#676,.T.);
#1912=EDGE_CURVE('',#1374,#1547,#677,.T.);
#1913=EDGE_CURVE('',#1547,#1548,#678,.T.);
#1914=EDGE_CURVE('',#1549,#1548,#679,.T.);
#1915=EDGE_CURVE('',#1549,#1489,#680,.T.);
#1916=EDGE_CURVE('',#1490,#1550,#681,.T.);
#1917=EDGE_CURVE('',#1551,#1550,#682,.T.);
#1918=EDGE_CURVE('',#1552,#1551,#683,.T.);
#1919=EDGE_CURVE('',#1553,#1552,#684,.T.);
#1920=EDGE_CURVE('',#1553,#1529,#685,.T.);
#1921=EDGE_CURVE('',#1554,#1545,#686,.T.);
#1922=EDGE_CURVE('',#1554,#1555,#687,.T.);
#1923=EDGE_CURVE('',#1555,#1373,#688,.T.);
#1924=EDGE_CURVE('',#1556,#1537,#689,.T.);
#1925=EDGE_CURVE('',#1556,#1425,#690,.T.);
#1926=EDGE_CURVE('',#1557,#1553,#74,.T.);
#1927=EDGE_CURVE('',#1557,#1415,#691,.T.);
#1928=EDGE_CURVE('',#1546,#1557,#692,.T.);
#1929=EDGE_CURVE('',#1552,#1558,#75,.T.);
#1930=EDGE_CURVE('',#1558,#1559,#693,.T.);
#1931=EDGE_CURVE('',#1559,#1554,#76,.T.);
#1932=EDGE_CURVE('',#1560,#1534,#694,.T.);
#1933=EDGE_CURVE('',#1561,#1560,#695,.T.);
#1934=EDGE_CURVE('',#1535,#1561,#696,.T.);
#1935=EDGE_CURVE('',#1413,#1562,#697,.T.);
#1936=EDGE_CURVE('',#1419,#1562,#698,.T.);
#1937=EDGE_CURVE('',#1563,#1414,#699,.T.);
#1938=EDGE_CURVE('',#1420,#1563,#700,.T.);
#1939=EDGE_CURVE('',#1564,#1563,#77,.T.);
#1940=EDGE_CURVE('',#1562,#1564,#78,.T.);
#1941=EDGE_CURVE('',#1565,#1564,#701,.T.);
#1942=EDGE_CURVE('',#1533,#1565,#702,.T.);
#1943=EDGE_CURVE('',#1566,#1536,#703,.T.);
#1944=EDGE_CURVE('',#1564,#1566,#704,.T.);
#1945=EDGE_CURVE('',#1427,#1567,#705,.T.);
#1946=EDGE_CURVE('',#1538,#1567,#706,.T.);
#1947=EDGE_CURVE('',#1568,#1569,#79,.T.);
#1948=EDGE_CURVE('',#1429,#1568,#707,.T.);
#1949=EDGE_CURVE('',#1430,#1570,#708,.T.);
#1950=EDGE_CURVE('',#1569,#1570,#80,.T.);
#1951=EDGE_CURVE('',#1570,#1424,#709,.T.);
#1952=EDGE_CURVE('',#1423,#1568,#710,.T.);
#1953=EDGE_CURVE('',#1571,#1569,#711,.T.);
#1954=EDGE_CURVE('',#1543,#1571,#712,.T.);
#1955=EDGE_CURVE('',#1572,#1542,#713,.T.);
#1956=EDGE_CURVE('',#1569,#1572,#714,.T.);
#1957=EDGE_CURVE('',#1567,#1556,#715,.T.);
#1958=EDGE_CURVE('',#1544,#1573,#716,.T.);
#1959=EDGE_CURVE('',#1574,#1573,#717,.T.);
#1960=EDGE_CURVE('',#1541,#1574,#718,.T.);
#1961=EDGE_CURVE('',#1370,#1575,#719,.T.);
#1962=EDGE_CURVE('',#1575,#1559,#720,.T.);
#1963=EDGE_CURVE('',#1576,#1558,#721,.T.);
#1964=EDGE_CURVE('',#1577,#1576,#722,.T.);
#1965=EDGE_CURVE('',#1577,#1513,#723,.T.);
#1966=EDGE_CURVE('',#1514,#1578,#724,.T.);
#1967=EDGE_CURVE('',#1579,#1578,#725,.T.);
#1968=EDGE_CURVE('',#1579,#1580,#726,.T.);
#1969=EDGE_CURVE('',#1580,#1369,#727,.T.);
#1970=EDGE_CURVE('',#1561,#1581,#728,.T.);
#1971=EDGE_CURVE('',#1582,#1581,#729,.T.);
#1972=EDGE_CURVE('',#1566,#1582,#730,.T.);
#1973=EDGE_CURVE('',#1583,#1582,#731,.T.);
#1974=EDGE_CURVE('',#1565,#1583,#732,.T.);
#1975=EDGE_CURVE('',#1584,#1583,#733,.T.);
#1976=EDGE_CURVE('',#1560,#1584,#734,.T.);
#1977=EDGE_CURVE('',#1581,#1584,#735,.T.);
#1978=EDGE_CURVE('',#1571,#1585,#736,.T.);
#1979=EDGE_CURVE('',#1586,#1585,#737,.T.);
#1980=EDGE_CURVE('',#1573,#1586,#738,.T.);
#1981=EDGE_CURVE('',#1587,#1586,#739,.T.);
#1982=EDGE_CURVE('',#1574,#1587,#740,.T.);
#1983=EDGE_CURVE('',#1588,#1587,#741,.T.);
#1984=EDGE_CURVE('',#1572,#1588,#742,.T.);
#1985=EDGE_CURVE('',#1585,#1588,#743,.T.);
#1986=EDGE_CURVE('',#1589,#1441,#81,.T.);
#1987=EDGE_CURVE('',#1440,#1590,#82,.T.);
#1988=EDGE_CURVE('',#1590,#1591,#744,.T.);
#1989=EDGE_CURVE('',#1591,#1592,#83,.T.);
#1990=EDGE_CURVE('',#1592,#1593,#745,.T.);
#1991=EDGE_CURVE('',#1451,#1593,#84,.T.);
#1992=EDGE_CURVE('',#1594,#1454,#85,.T.);
#1993=EDGE_CURVE('',#1594,#1595,#746,.T.);
#1994=EDGE_CURVE('',#1595,#1596,#86,.T.);
#1995=EDGE_CURVE('',#1596,#1589,#747,.T.);
#1996=EDGE_CURVE('',#1498,#1589,#748,.T.);
#1997=EDGE_CURVE('',#1382,#1597,#749,.T.);
#1998=EDGE_CURVE('',#1597,#1598,#750,.T.);
#1999=EDGE_CURVE('',#1599,#1598,#751,.T.);
#2000=EDGE_CURVE('',#1599,#1521,#752,.T.);
#2001=EDGE_CURVE('',#1522,#1600,#753,.T.);
#2002=EDGE_CURVE('',#1601,#1600,#754,.T.);
#2003=EDGE_CURVE('',#1591,#1601,#755,.T.);
#2004=EDGE_CURVE('',#1590,#1497,#756,.T.);
#2005=EDGE_CURVE('',#1596,#1602,#757,.T.);
#2006=EDGE_CURVE('',#1602,#1381,#758,.T.);
#2007=EDGE_CURVE('',#1594,#1505,#759,.T.);
#2008=EDGE_CURVE('',#1603,#1502,#760,.T.);
#2009=EDGE_CURVE('',#1604,#1603,#761,.T.);
#2010=EDGE_CURVE('',#1503,#1604,#762,.T.);
#2011=EDGE_CURVE('',#1433,#1438,#763,.T.);
#2012=EDGE_CURVE('',#1437,#1434,#764,.T.);
#2013=EDGE_CURVE('',#1605,#1438,#765,.T.);
#2014=EDGE_CURVE('',#1501,#1605,#766,.T.);
#2015=EDGE_CURVE('',#1606,#1504,#767,.T.);
#2016=EDGE_CURVE('',#1437,#1606,#768,.T.);
#2017=EDGE_CURVE('',#1506,#1593,#769,.T.);
#2018=EDGE_CURVE('',#1449,#1446,#770,.T.);
#2019=EDGE_CURVE('',#1445,#1450,#771,.T.);
#2020=EDGE_CURVE('',#1607,#1450,#772,.T.);
#2021=EDGE_CURVE('',#1511,#1607,#773,.T.);
#2022=EDGE_CURVE('',#1608,#1510,#774,.T.);
#2023=EDGE_CURVE('',#1449,#1608,#775,.T.);
#2024=EDGE_CURVE('',#1512,#1609,#776,.T.);
#2025=EDGE_CURVE('',#1610,#1609,#777,.T.);
#2026=EDGE_CURVE('',#1509,#1610,#778,.T.);
#2027=EDGE_CURVE('',#1378,#1611,#779,.T.);
#2028=EDGE_CURVE('',#1611,#1595,#780,.T.);
#2029=EDGE_CURVE('',#1612,#1592,#781,.T.);
#2030=EDGE_CURVE('',#1613,#1612,#782,.T.);
#2031=EDGE_CURVE('',#1613,#1481,#783,.T.);
#2032=EDGE_CURVE('',#1482,#1614,#784,.T.);
#2033=EDGE_CURVE('',#1615,#1614,#785,.T.);
#2034=EDGE_CURVE('',#1615,#1616,#786,.T.);
#2035=EDGE_CURVE('',#1616,#1377,#787,.T.);
#2036=EDGE_CURVE('',#1607,#1617,#788,.T.);
#2037=EDGE_CURVE('',#1618,#1617,#789,.T.);
#2038=EDGE_CURVE('',#1609,#1618,#790,.T.);
#2039=EDGE_CURVE('',#1619,#1618,#791,.T.);
#2040=EDGE_CURVE('',#1610,#1619,#792,.T.);
#2041=EDGE_CURVE('',#1620,#1619,#793,.T.);
#2042=EDGE_CURVE('',#1608,#1620,#794,.T.);
#2043=EDGE_CURVE('',#1617,#1620,#795,.T.);
#2044=EDGE_CURVE('',#1604,#1621,#796,.T.);
#2045=EDGE_CURVE('',#1622,#1621,#797,.T.);
#2046=EDGE_CURVE('',#1606,#1622,#798,.T.);
#2047=EDGE_CURVE('',#1623,#1622,#799,.T.);
#2048=EDGE_CURVE('',#1605,#1623,#800,.T.);
#2049=EDGE_CURVE('',#1624,#1623,#801,.T.);
#2050=EDGE_CURVE('',#1603,#1624,#802,.T.);
#2051=EDGE_CURVE('',#1621,#1624,#803,.T.);
#2052=EDGE_CURVE('',#1577,#1408,#87,.T.);
#2053=EDGE_CURVE('',#1576,#1601,#88,.T.);
#2054=EDGE_CURVE('',#1600,#1395,#89,.T.);
#2055=EDGE_CURVE('',#1398,#1599,#90,.T.);
#2056=EDGE_CURVE('',#1598,#1579,#91,.T.);
#2057=EDGE_CURVE('',#1409,#1578,#92,.T.);
#2058=EDGE_CURVE('',#1528,#1625,#804,.T.);
#2059=EDGE_CURVE('',#1626,#1625,#805,.T.);
#2060=EDGE_CURVE('',#1525,#1626,#806,.T.);
#2061=EDGE_CURVE('',#1394,#1388,#807,.T.);
#2062=EDGE_CURVE('',#1387,#1393,#808,.T.);
#2063=EDGE_CURVE('',#1627,#1393,#809,.T.);
#2064=EDGE_CURVE('',#1527,#1627,#810,.T.);
#2065=EDGE_CURVE('',#1628,#1526,#811,.T.);
#2066=EDGE_CURVE('',#1394,#1628,#812,.T.);
#2067=EDGE_CURVE('',#1629,#1630,#813,.T.);
#2068=EDGE_CURVE('',#1625,#1629,#814,.T.);
#2069=EDGE_CURVE('',#1627,#1630,#815,.T.);
#2070=EDGE_CURVE('',#1630,#1631,#816,.T.);
#2071=EDGE_CURVE('',#1628,#1631,#817,.T.);
#2072=EDGE_CURVE('',#1631,#1632,#818,.T.);
#2073=EDGE_CURVE('',#1626,#1632,#819,.T.);
#2074=EDGE_CURVE('',#1632,#1629,#820,.T.);
#2075=EDGE_CURVE('',#1401,#1406,#821,.T.);
#2076=EDGE_CURVE('',#1405,#1402,#822,.T.);
#2077=EDGE_CURVE('',#1633,#1406,#823,.T.);
#2078=EDGE_CURVE('',#1517,#1633,#824,.T.);
#2079=EDGE_CURVE('',#1634,#1520,#825,.T.);
#2080=EDGE_CURVE('',#1405,#1634,#826,.T.);
#2081=EDGE_CURVE('',#1635,#1518,#827,.T.);
#2082=EDGE_CURVE('',#1636,#1635,#828,.T.);
#2083=EDGE_CURVE('',#1519,#1636,#829,.T.);
#2084=EDGE_CURVE('',#1637,#1638,#830,.T.);
#2085=EDGE_CURVE('',#1634,#1637,#831,.T.);
#2086=EDGE_CURVE('',#1636,#1638,#832,.T.);
#2087=EDGE_CURVE('',#1635,#1639,#833,.T.);
#2088=EDGE_CURVE('',#1638,#1639,#834,.T.);
#2089=EDGE_CURVE('',#1639,#1640,#835,.T.);
#2090=EDGE_CURVE('',#1633,#1640,#836,.T.);
#2091=EDGE_CURVE('',#1640,#1637,#837,.T.);
#2092=EDGE_CURVE('',#1614,#1479,#93,.T.);
#2093=EDGE_CURVE('',#1478,#1613,#94,.T.);
#2094=EDGE_CURVE('',#1612,#1551,#95,.T.);
#2095=EDGE_CURVE('',#1550,#1465,#96,.T.);
#2096=EDGE_CURVE('',#1464,#1549,#97,.T.);
#2097=EDGE_CURVE('',#1548,#1615,#98,.T.);
#2098=EDGE_CURVE('',#1485,#1641,#838,.T.);
#2099=EDGE_CURVE('',#1641,#1642,#839,.T.);
#2100=EDGE_CURVE('',#1643,#1642,#840,.T.);
#2101=EDGE_CURVE('',#1644,#1643,#841,.T.);
#2102=EDGE_CURVE('',#1644,#1486,#842,.T.);
#2103=EDGE_CURVE('',#1645,#1494,#843,.T.);
#2104=EDGE_CURVE('',#1493,#1646,#844,.T.);
#2105=EDGE_CURVE('',#1646,#1647,#845,.T.);
#2106=EDGE_CURVE('',#1648,#1647,#846,.T.);
#2107=EDGE_CURVE('',#1645,#1648,#847,.T.);
#2108=EDGE_CURVE('',#1469,#1476,#848,.T.);
#2109=EDGE_CURVE('',#1475,#1470,#849,.T.);
#2110=EDGE_CURVE('',#1641,#1471,#850,.T.);
#2111=EDGE_CURVE('',#1649,#1488,#851,.T.);
#2112=EDGE_CURVE('',#1472,#1649,#852,.T.);
#2113=EDGE_CURVE('',#1650,#1644,#853,.T.);
#2114=EDGE_CURVE('',#1487,#1650,#854,.T.);
#2115=EDGE_CURVE('',#1650,#1651,#855,.T.);
#2116=EDGE_CURVE('',#1652,#1651,#856,.T.);
#2117=EDGE_CURVE('',#1649,#1652,#857,.T.);
#2118=EDGE_CURVE('',#1642,#1652,#858,.T.);
#2119=EDGE_CURVE('',#1651,#1643,#859,.T.);
#2120=EDGE_CURVE('',#1653,#1654,#860,.T.);
#2121=EDGE_CURVE('',#1653,#1462,#861,.T.);
#2122=EDGE_CURVE('',#1461,#1645,#862,.T.);
#2123=EDGE_CURVE('',#1654,#1648,#863,.T.);
#2124=EDGE_CURVE('',#1495,#1653,#864,.T.);
#2125=EDGE_CURVE('',#1655,#1654,#865,.T.);
#2126=EDGE_CURVE('',#1656,#1655,#866,.T.);
#2127=EDGE_CURVE('',#1496,#1656,#867,.T.);
#2128=EDGE_CURVE('',#1657,#1383,#868,.T.);
#2129=EDGE_CURVE('',#1658,#1657,#869,.T.);
#2130=EDGE_CURVE('',#1384,#1658,#870,.T.);
#2131=EDGE_CURVE('',#1659,#1658,#871,.T.);
#2132=EDGE_CURVE('',#1660,#1659,#872,.T.);
#2133=EDGE_CURVE('',#1597,#1660,#873,.T.);
#2134=EDGE_CURVE('',#1661,#1602,#874,.T.);
#2135=EDGE_CURVE('',#1661,#1662,#875,.T.);
#2136=EDGE_CURVE('',#1657,#1662,#876,.T.);
#2137=EDGE_CURVE('',#1662,#1659,#877,.T.);
#2138=EDGE_CURVE('',#1663,#1660,#878,.T.);
#2139=EDGE_CURVE('',#1664,#1663,#99,.T.);
#2140=EDGE_CURVE('',#1665,#1664,#879,.T.);
#2141=EDGE_CURVE('',#1665,#1580,#880,.T.);
#2142=EDGE_CURVE('',#1611,#1666,#881,.T.);
#2143=EDGE_CURVE('',#1667,#1666,#882,.T.);
#2144=EDGE_CURVE('',#1668,#1667,#100,.T.);
#2145=EDGE_CURVE('',#1661,#1668,#883,.T.);
#2146=EDGE_CURVE('',#1669,#1379,#884,.T.);
#2147=EDGE_CURVE('',#1670,#1669,#885,.T.);
#2148=EDGE_CURVE('',#1380,#1670,#886,.T.);
#2149=EDGE_CURVE('',#1671,#1670,#887,.T.);
#2150=EDGE_CURVE('',#1666,#1671,#888,.T.);
#2151=EDGE_CURVE('',#1672,#1616,#889,.T.);
#2152=EDGE_CURVE('',#1672,#1673,#890,.T.);
#2153=EDGE_CURVE('',#1669,#1673,#891,.T.);
#2154=EDGE_CURVE('',#1673,#1671,#892,.T.);
#2155=EDGE_CURVE('',#1547,#1674,#893,.T.);
#2156=EDGE_CURVE('',#1675,#1674,#894,.T.);
#2157=EDGE_CURVE('',#1676,#1675,#101,.T.);
#2158=EDGE_CURVE('',#1672,#1676,#895,.T.);
#2159=EDGE_CURVE('',#1677,#1372,#896,.T.);
#2160=EDGE_CURVE('',#1678,#1677,#897,.T.);
#2161=EDGE_CURVE('',#1679,#1678,#898,.T.);
#2162=EDGE_CURVE('',#1575,#1679,#899,.T.);
#2163=EDGE_CURVE('',#1665,#1680,#900,.T.);
#2164=EDGE_CURVE('',#1681,#1680,#901,.T.);
#2165=EDGE_CURVE('',#1371,#1681,#902,.T.);
#2166=EDGE_CURVE('',#1677,#1681,#903,.T.);
#2167=EDGE_CURVE('',#1680,#1678,#904,.T.);
#2168=EDGE_CURVE('',#1682,#1679,#905,.T.);
#2169=EDGE_CURVE('',#1683,#1682,#102,.T.);
#2170=EDGE_CURVE('',#1684,#1683,#906,.T.);
#2171=EDGE_CURVE('',#1684,#1555,#907,.T.);
#2172=EDGE_CURVE('',#1685,#1376,#908,.T.);
#2173=EDGE_CURVE('',#1686,#1685,#909,.T.);
#2174=EDGE_CURVE('',#1674,#1686,#910,.T.);
#2175=EDGE_CURVE('',#1684,#1687,#911,.T.);
#2176=EDGE_CURVE('',#1688,#1687,#912,.T.);
#2177=EDGE_CURVE('',#1375,#1688,#913,.T.);
#2178=EDGE_CURVE('',#1685,#1688,#914,.T.);
#2179=EDGE_CURVE('',#1687,#1686,#915,.T.);
#2180=EDGE_CURVE('',#1689,#1690,#103,.T.);
#2181=EDGE_CURVE('',#1690,#1676,#916,.T.);
#2182=EDGE_CURVE('',#1675,#1689,#917,.T.);
#2183=EDGE_CURVE('',#1691,#1683,#918,.T.);
#2184=EDGE_CURVE('',#1689,#1691,#919,.T.);
#2185=EDGE_CURVE('',#1647,#1655,#920,.T.);
#2186=EDGE_CURVE('',#1692,#1691,#104,.T.);
#2187=EDGE_CURVE('',#1682,#1692,#921,.T.);
#2188=EDGE_CURVE('',#1693,#1664,#922,.T.);
#2189=EDGE_CURVE('',#1692,#1693,#923,.T.);
#2190=EDGE_CURVE('',#1694,#1693,#105,.T.);
#2191=EDGE_CURVE('',#1663,#1694,#924,.T.);
#2192=EDGE_CURVE('',#1695,#1668,#925,.T.);
#2193=EDGE_CURVE('',#1694,#1695,#926,.T.);
#2194=EDGE_CURVE('',#1696,#1695,#106,.T.);
#2195=EDGE_CURVE('',#1667,#1696,#927,.T.);
#2196=EDGE_CURVE('',#1696,#1690,#928,.T.);
#2197=EDGE_CURVE('',#1646,#1656,#929,.T.);
#2198=EDGE_CURVE('',#1461,#1458,#930,.T.);
#2199=EDGE_CURVE('',#1457,#1462,#931,.T.);
#2200=ORIENTED_EDGE('',*,*,#1697,.F.);
#2201=ORIENTED_EDGE('',*,*,#1698,.T.);
#2202=ORIENTED_EDGE('',*,*,#1699,.T.);
#2203=ORIENTED_EDGE('',*,*,#1700,.T.);
#2204=ORIENTED_EDGE('',*,*,#1701,.F.);
#2205=ORIENTED_EDGE('',*,*,#1702,.T.);
#2206=ORIENTED_EDGE('',*,*,#1703,.T.);
#2207=ORIENTED_EDGE('',*,*,#1704,.T.);
#2208=ORIENTED_EDGE('',*,*,#1705,.F.);
#2209=ORIENTED_EDGE('',*,*,#1706,.T.);
#2210=ORIENTED_EDGE('',*,*,#1707,.T.);
#2211=ORIENTED_EDGE('',*,*,#1708,.T.);
#2212=ORIENTED_EDGE('',*,*,#1709,.F.);
#2213=ORIENTED_EDGE('',*,*,#1710,.T.);
#2214=ORIENTED_EDGE('',*,*,#1711,.T.);
#2215=ORIENTED_EDGE('',*,*,#1712,.T.);
#2216=ORIENTED_EDGE('',*,*,#1713,.F.);
#2217=ORIENTED_EDGE('',*,*,#1714,.T.);
#2218=ORIENTED_EDGE('',*,*,#1715,.F.);
#2219=ORIENTED_EDGE('',*,*,#1716,.F.);
#2220=ORIENTED_EDGE('',*,*,#1717,.F.);
#2221=ORIENTED_EDGE('',*,*,#1718,.T.);
#2222=ORIENTED_EDGE('',*,*,#1719,.T.);
#2223=ORIENTED_EDGE('',*,*,#1720,.F.);
#2224=ORIENTED_EDGE('',*,*,#1721,.F.);
#2225=ORIENTED_EDGE('',*,*,#1722,.F.);
#2226=ORIENTED_EDGE('',*,*,#1719,.F.);
#2227=ORIENTED_EDGE('',*,*,#1723,.F.);
#2228=ORIENTED_EDGE('',*,*,#1724,.T.);
#2229=ORIENTED_EDGE('',*,*,#1725,.F.);
#2230=ORIENTED_EDGE('',*,*,#1726,.T.);
#2231=ORIENTED_EDGE('',*,*,#1727,.F.);
#2232=ORIENTED_EDGE('',*,*,#1728,.T.);
#2233=ORIENTED_EDGE('',*,*,#1713,.T.);
#2234=ORIENTED_EDGE('',*,*,#1729,.T.);
#2235=ORIENTED_EDGE('',*,*,#1717,.T.);
#2236=ORIENTED_EDGE('',*,*,#1730,.F.);
#2237=ORIENTED_EDGE('',*,*,#1731,.T.);
#2238=ORIENTED_EDGE('',*,*,#1732,.F.);
#2239=ORIENTED_EDGE('',*,*,#1733,.F.);
#2240=ORIENTED_EDGE('',*,*,#1734,.F.);
#2241=ORIENTED_EDGE('',*,*,#1735,.T.);
#2242=ORIENTED_EDGE('',*,*,#1736,.T.);
#2243=ORIENTED_EDGE('',*,*,#1737,.F.);
#2244=ORIENTED_EDGE('',*,*,#1738,.F.);
#2245=ORIENTED_EDGE('',*,*,#1736,.F.);
#2246=ORIENTED_EDGE('',*,*,#1739,.T.);
#2247=ORIENTED_EDGE('',*,*,#1740,.T.);
#2248=ORIENTED_EDGE('',*,*,#1741,.T.);
#2249=ORIENTED_EDGE('',*,*,#1742,.F.);
#2250=ORIENTED_EDGE('',*,*,#1743,.T.);
#2251=ORIENTED_EDGE('',*,*,#1730,.T.);
#2252=ORIENTED_EDGE('',*,*,#1744,.T.);
#2253=ORIENTED_EDGE('',*,*,#1734,.T.);
#2254=ORIENTED_EDGE('',*,*,#1745,.F.);
#2255=ORIENTED_EDGE('',*,*,#1746,.T.);
#2256=ORIENTED_EDGE('',*,*,#1747,.F.);
#2257=ORIENTED_EDGE('',*,*,#1748,.F.);
#2258=ORIENTED_EDGE('',*,*,#1749,.F.);
#2259=ORIENTED_EDGE('',*,*,#1750,.F.);
#2260=ORIENTED_EDGE('',*,*,#1751,.T.);
#2261=ORIENTED_EDGE('',*,*,#1752,.F.);
#2262=ORIENTED_EDGE('',*,*,#1753,.T.);
#2263=ORIENTED_EDGE('',*,*,#1745,.T.);
#2264=ORIENTED_EDGE('',*,*,#1754,.T.);
#2265=ORIENTED_EDGE('',*,*,#1755,.T.);
#2266=ORIENTED_EDGE('',*,*,#1756,.F.);
#2267=ORIENTED_EDGE('',*,*,#1757,.T.);
#2268=ORIENTED_EDGE('',*,*,#1758,.F.);
#2269=ORIENTED_EDGE('',*,*,#1759,.F.);
#2270=ORIENTED_EDGE('',*,*,#1760,.F.);
#2271=ORIENTED_EDGE('',*,*,#1761,.F.);
#2272=ORIENTED_EDGE('',*,*,#1762,.T.);
#2273=ORIENTED_EDGE('',*,*,#1763,.F.);
#2274=ORIENTED_EDGE('',*,*,#1764,.T.);
#2275=ORIENTED_EDGE('',*,*,#1756,.T.);
#2276=ORIENTED_EDGE('',*,*,#1765,.T.);
#2277=ORIENTED_EDGE('',*,*,#1766,.T.);
#2278=ORIENTED_EDGE('',*,*,#1767,.F.);
#2279=ORIENTED_EDGE('',*,*,#1768,.T.);
#2280=ORIENTED_EDGE('',*,*,#1769,.F.);
#2281=ORIENTED_EDGE('',*,*,#1770,.F.);
#2282=ORIENTED_EDGE('',*,*,#1771,.F.);
#2283=ORIENTED_EDGE('',*,*,#1772,.T.);
#2284=ORIENTED_EDGE('',*,*,#1773,.T.);
#2285=ORIENTED_EDGE('',*,*,#1774,.F.);
#2286=ORIENTED_EDGE('',*,*,#1775,.F.);
#2287=ORIENTED_EDGE('',*,*,#1773,.F.);
#2288=ORIENTED_EDGE('',*,*,#1776,.T.);
#2289=ORIENTED_EDGE('',*,*,#1777,.F.);
#2290=ORIENTED_EDGE('',*,*,#1778,.T.);
#2291=ORIENTED_EDGE('',*,*,#1779,.F.);
#2292=ORIENTED_EDGE('',*,*,#1780,.T.);
#2293=ORIENTED_EDGE('',*,*,#1767,.T.);
#2294=ORIENTED_EDGE('',*,*,#1781,.T.);
#2295=ORIENTED_EDGE('',*,*,#1771,.T.);
#2296=ORIENTED_EDGE('',*,*,#1782,.F.);
#2297=ORIENTED_EDGE('',*,*,#1783,.T.);
#2298=ORIENTED_EDGE('',*,*,#1784,.F.);
#2299=ORIENTED_EDGE('',*,*,#1785,.F.);
#2300=ORIENTED_EDGE('',*,*,#1786,.F.);
#2301=ORIENTED_EDGE('',*,*,#1787,.T.);
#2302=ORIENTED_EDGE('',*,*,#1788,.T.);
#2303=ORIENTED_EDGE('',*,*,#1789,.F.);
#2304=ORIENTED_EDGE('',*,*,#1790,.F.);
#2305=ORIENTED_EDGE('',*,*,#1788,.F.);
#2306=ORIENTED_EDGE('',*,*,#1791,.T.);
#2307=ORIENTED_EDGE('',*,*,#1792,.F.);
#2308=ORIENTED_EDGE('',*,*,#1793,.T.);
#2309=ORIENTED_EDGE('',*,*,#1794,.T.);
#2310=ORIENTED_EDGE('',*,*,#1795,.T.);
#2311=ORIENTED_EDGE('',*,*,#1782,.T.);
#2312=ORIENTED_EDGE('',*,*,#1796,.T.);
#2313=ORIENTED_EDGE('',*,*,#1786,.T.);
#2314=ORIENTED_EDGE('',*,*,#1797,.F.);
#2315=ORIENTED_EDGE('',*,*,#1798,.T.);
#2316=ORIENTED_EDGE('',*,*,#1799,.F.);
#2317=ORIENTED_EDGE('',*,*,#1800,.F.);
#2318=ORIENTED_EDGE('',*,*,#1801,.F.);
#2319=ORIENTED_EDGE('',*,*,#1802,.T.);
#2320=ORIENTED_EDGE('',*,*,#1803,.T.);
#2321=ORIENTED_EDGE('',*,*,#1804,.F.);
#2322=ORIENTED_EDGE('',*,*,#1805,.F.);
#2323=ORIENTED_EDGE('',*,*,#1803,.F.);
#2324=ORIENTED_EDGE('',*,*,#1806,.T.);
#2325=ORIENTED_EDGE('',*,*,#1807,.F.);
#2326=ORIENTED_EDGE('',*,*,#1808,.T.);
#2327=ORIENTED_EDGE('',*,*,#1809,.F.);
#2328=ORIENTED_EDGE('',*,*,#1810,.T.);
#2329=ORIENTED_EDGE('',*,*,#1797,.T.);
#2330=ORIENTED_EDGE('',*,*,#1811,.T.);
#2331=ORIENTED_EDGE('',*,*,#1801,.T.);
#2332=ORIENTED_EDGE('',*,*,#1812,.F.);
#2333=ORIENTED_EDGE('',*,*,#1813,.T.);
#2334=ORIENTED_EDGE('',*,*,#1814,.F.);
#2335=ORIENTED_EDGE('',*,*,#1815,.F.);
#2336=ORIENTED_EDGE('',*,*,#1816,.F.);
#2337=ORIENTED_EDGE('',*,*,#1817,.F.);
#2338=ORIENTED_EDGE('',*,*,#1818,.F.);
#2339=ORIENTED_EDGE('',*,*,#1819,.T.);
#2340=ORIENTED_EDGE('',*,*,#1820,.F.);
#2341=ORIENTED_EDGE('',*,*,#1817,.T.);
#2342=ORIENTED_EDGE('',*,*,#1821,.F.);
#2343=ORIENTED_EDGE('',*,*,#1822,.F.);
#2344=ORIENTED_EDGE('',*,*,#1823,.T.);
#2345=ORIENTED_EDGE('',*,*,#1824,.F.);
#2346=ORIENTED_EDGE('',*,*,#1825,.T.);
#2347=ORIENTED_EDGE('',*,*,#1826,.F.);
#2348=ORIENTED_EDGE('',*,*,#1827,.T.);
#2349=ORIENTED_EDGE('',*,*,#1812,.T.);
#2350=ORIENTED_EDGE('',*,*,#1828,.T.);
#2351=ORIENTED_EDGE('',*,*,#1818,.T.);
#2352=ORIENTED_EDGE('',*,*,#1829,.F.);
#2353=ORIENTED_EDGE('',*,*,#1830,.T.);
#2354=ORIENTED_EDGE('',*,*,#1831,.F.);
#2355=ORIENTED_EDGE('',*,*,#1832,.F.);
#2356=ORIENTED_EDGE('',*,*,#1826,.T.);
#2357=ORIENTED_EDGE('',*,*,#1833,.T.);
#2358=ORIENTED_EDGE('',*,*,#1831,.T.);
#2359=ORIENTED_EDGE('',*,*,#1834,.T.);
#2360=ORIENTED_EDGE('',*,*,#1835,.T.);
#2361=ORIENTED_EDGE('',*,*,#1836,.T.);
#2362=ORIENTED_EDGE('',*,*,#1837,.T.);
#2363=ORIENTED_EDGE('',*,*,#1838,.T.);
#2364=ORIENTED_EDGE('',*,*,#1839,.F.);
#2365=ORIENTED_EDGE('',*,*,#1840,.T.);
#2366=ORIENTED_EDGE('',*,*,#1841,.F.);
#2367=ORIENTED_EDGE('',*,*,#1842,.F.);
#2368=ORIENTED_EDGE('',*,*,#1809,.T.);
#2369=ORIENTED_EDGE('',*,*,#1843,.T.);
#2370=ORIENTED_EDGE('',*,*,#1841,.T.);
#2371=ORIENTED_EDGE('',*,*,#1844,.T.);
#2372=ORIENTED_EDGE('',*,*,#1845,.T.);
#2373=ORIENTED_EDGE('',*,*,#1846,.T.);
#2374=ORIENTED_EDGE('',*,*,#1847,.T.);
#2375=ORIENTED_EDGE('',*,*,#1848,.T.);
#2376=ORIENTED_EDGE('',*,*,#1849,.F.);
#2377=ORIENTED_EDGE('',*,*,#1850,.T.);
#2378=ORIENTED_EDGE('',*,*,#1851,.F.);
#2379=ORIENTED_EDGE('',*,*,#1852,.F.);
#2380=ORIENTED_EDGE('',*,*,#1779,.T.);
#2381=ORIENTED_EDGE('',*,*,#1853,.T.);
#2382=ORIENTED_EDGE('',*,*,#1851,.T.);
#2383=ORIENTED_EDGE('',*,*,#1854,.T.);
#2384=ORIENTED_EDGE('',*,*,#1855,.T.);
#2385=ORIENTED_EDGE('',*,*,#1856,.T.);
#2386=ORIENTED_EDGE('',*,*,#1857,.T.);
#2387=ORIENTED_EDGE('',*,*,#1858,.T.);
#2388=ORIENTED_EDGE('',*,*,#1859,.F.);
#2389=ORIENTED_EDGE('',*,*,#1860,.T.);
#2390=ORIENTED_EDGE('',*,*,#1861,.F.);
#2391=ORIENTED_EDGE('',*,*,#1862,.F.);
#2392=ORIENTED_EDGE('',*,*,#1792,.T.);
#2393=ORIENTED_EDGE('',*,*,#1863,.T.);
#2394=ORIENTED_EDGE('',*,*,#1861,.T.);
#2395=ORIENTED_EDGE('',*,*,#1864,.T.);
#2396=ORIENTED_EDGE('',*,*,#1865,.T.);
#2397=ORIENTED_EDGE('',*,*,#1866,.T.);
#2398=ORIENTED_EDGE('',*,*,#1867,.T.);
#2399=ORIENTED_EDGE('',*,*,#1868,.T.);
#2400=ORIENTED_EDGE('',*,*,#1869,.F.);
#2401=ORIENTED_EDGE('',*,*,#1870,.T.);
#2402=ORIENTED_EDGE('',*,*,#1871,.F.);
#2403=ORIENTED_EDGE('',*,*,#1872,.F.);
#2404=ORIENTED_EDGE('',*,*,#1742,.T.);
#2405=ORIENTED_EDGE('',*,*,#1873,.T.);
#2406=ORIENTED_EDGE('',*,*,#1871,.T.);
#2407=ORIENTED_EDGE('',*,*,#1874,.T.);
#2408=ORIENTED_EDGE('',*,*,#1875,.T.);
#2409=ORIENTED_EDGE('',*,*,#1876,.T.);
#2410=ORIENTED_EDGE('',*,*,#1877,.T.);
#2411=ORIENTED_EDGE('',*,*,#1878,.T.);
#2412=ORIENTED_EDGE('',*,*,#1879,.F.);
#2413=ORIENTED_EDGE('',*,*,#1880,.T.);
#2414=ORIENTED_EDGE('',*,*,#1881,.F.);
#2415=ORIENTED_EDGE('',*,*,#1882,.F.);
#2416=ORIENTED_EDGE('',*,*,#1725,.T.);
#2417=ORIENTED_EDGE('',*,*,#1883,.T.);
#2418=ORIENTED_EDGE('',*,*,#1881,.T.);
#2419=ORIENTED_EDGE('',*,*,#1884,.T.);
#2420=ORIENTED_EDGE('',*,*,#1885,.T.);
#2421=ORIENTED_EDGE('',*,*,#1886,.T.);
#2422=ORIENTED_EDGE('',*,*,#1887,.T.);
#2423=ORIENTED_EDGE('',*,*,#1888,.T.);
#2424=ORIENTED_EDGE('',*,*,#1889,.F.);
#2425=ORIENTED_EDGE('',*,*,#1890,.T.);
#2426=ORIENTED_EDGE('',*,*,#1891,.F.);
#2427=ORIENTED_EDGE('',*,*,#1892,.F.);
#2428=ORIENTED_EDGE('',*,*,#1752,.T.);
#2429=ORIENTED_EDGE('',*,*,#1893,.T.);
#2430=ORIENTED_EDGE('',*,*,#1891,.T.);
#2431=ORIENTED_EDGE('',*,*,#1894,.T.);
#2432=ORIENTED_EDGE('',*,*,#1895,.T.);
#2433=ORIENTED_EDGE('',*,*,#1896,.T.);
#2434=ORIENTED_EDGE('',*,*,#1897,.T.);
#2435=ORIENTED_EDGE('',*,*,#1898,.T.);
#2436=ORIENTED_EDGE('',*,*,#1899,.F.);
#2437=ORIENTED_EDGE('',*,*,#1900,.T.);
#2438=ORIENTED_EDGE('',*,*,#1901,.F.);
#2439=ORIENTED_EDGE('',*,*,#1902,.F.);
#2440=ORIENTED_EDGE('',*,*,#1763,.T.);
#2441=ORIENTED_EDGE('',*,*,#1903,.T.);
#2442=ORIENTED_EDGE('',*,*,#1901,.T.);
#2443=ORIENTED_EDGE('',*,*,#1904,.T.);
#2444=ORIENTED_EDGE('',*,*,#1905,.T.);
#2445=ORIENTED_EDGE('',*,*,#1906,.T.);
#2446=ORIENTED_EDGE('',*,*,#1907,.T.);
#2447=ORIENTED_EDGE('',*,*,#1908,.T.);
#2448=ORIENTED_EDGE('',*,*,#1909,.F.);
#2449=ORIENTED_EDGE('',*,*,#1910,.F.);
#2450=ORIENTED_EDGE('',*,*,#1892,.T.);
#2451=ORIENTED_EDGE('',*,*,#1893,.F.);
#2452=ORIENTED_EDGE('',*,*,#1751,.F.);
#2453=ORIENTED_EDGE('',*,*,#1911,.T.);
#2454=ORIENTED_EDGE('',*,*,#1912,.T.);
#2455=ORIENTED_EDGE('',*,*,#1913,.T.);
#2456=ORIENTED_EDGE('',*,*,#1914,.F.);
#2457=ORIENTED_EDGE('',*,*,#1915,.T.);
#2458=ORIENTED_EDGE('',*,*,#1839,.T.);
#2459=ORIENTED_EDGE('',*,*,#1916,.T.);
#2460=ORIENTED_EDGE('',*,*,#1917,.F.);
#2461=ORIENTED_EDGE('',*,*,#1918,.F.);
#2462=ORIENTED_EDGE('',*,*,#1919,.F.);
#2463=ORIENTED_EDGE('',*,*,#1920,.T.);
#2464=ORIENTED_EDGE('',*,*,#1889,.T.);
#2465=ORIENTED_EDGE('',*,*,#1910,.T.);
#2466=ORIENTED_EDGE('',*,*,#1921,.F.);
#2467=ORIENTED_EDGE('',*,*,#1922,.T.);
#2468=ORIENTED_EDGE('',*,*,#1923,.T.);
#2469=ORIENTED_EDGE('',*,*,#1701,.T.);
#2470=ORIENTED_EDGE('',*,*,#1760,.T.);
#2471=ORIENTED_EDGE('',*,*,#1904,.F.);
#2472=ORIENTED_EDGE('',*,*,#1900,.F.);
#2473=ORIENTED_EDGE('',*,*,#1924,.F.);
#2474=ORIENTED_EDGE('',*,*,#1925,.T.);
#2475=ORIENTED_EDGE('',*,*,#1926,.F.);
#2476=ORIENTED_EDGE('',*,*,#1927,.T.);
#2477=ORIENTED_EDGE('',*,*,#1749,.T.);
#2478=ORIENTED_EDGE('',*,*,#1894,.F.);
#2479=ORIENTED_EDGE('',*,*,#1890,.F.);
#2480=ORIENTED_EDGE('',*,*,#1920,.F.);
#2481=ORIENTED_EDGE('',*,*,#1928,.T.);
#2482=ORIENTED_EDGE('',*,*,#1926,.T.);
#2483=ORIENTED_EDGE('',*,*,#1919,.T.);
#2484=ORIENTED_EDGE('',*,*,#1929,.T.);
#2485=ORIENTED_EDGE('',*,*,#1930,.T.);
#2486=ORIENTED_EDGE('',*,*,#1931,.T.);
#2487=ORIENTED_EDGE('',*,*,#1921,.T.);
#2488=ORIENTED_EDGE('',*,*,#1909,.T.);
#2489=ORIENTED_EDGE('',*,*,#1932,.F.);
#2490=ORIENTED_EDGE('',*,*,#1933,.F.);
#2491=ORIENTED_EDGE('',*,*,#1934,.F.);
#2492=ORIENTED_EDGE('',*,*,#1896,.F.);
#2493=ORIENTED_EDGE('',*,*,#1935,.F.);
#2494=ORIENTED_EDGE('',*,*,#1746,.F.);
#2495=ORIENTED_EDGE('',*,*,#1753,.F.);
#2496=ORIENTED_EDGE('',*,*,#1936,.T.);
#2497=ORIENTED_EDGE('',*,*,#1937,.F.);
#2498=ORIENTED_EDGE('',*,*,#1938,.F.);
#2499=ORIENTED_EDGE('',*,*,#1754,.F.);
#2500=ORIENTED_EDGE('',*,*,#1748,.T.);
#2501=ORIENTED_EDGE('',*,*,#1939,.F.);
#2502=ORIENTED_EDGE('',*,*,#1940,.F.);
#2503=ORIENTED_EDGE('',*,*,#1936,.F.);
#2504=ORIENTED_EDGE('',*,*,#1755,.F.);
#2505=ORIENTED_EDGE('',*,*,#1938,.T.);
#2506=ORIENTED_EDGE('',*,*,#1935,.T.);
#2507=ORIENTED_EDGE('',*,*,#1940,.T.);
#2508=ORIENTED_EDGE('',*,*,#1941,.F.);
#2509=ORIENTED_EDGE('',*,*,#1942,.F.);
#2510=ORIENTED_EDGE('',*,*,#1898,.F.);
#2511=ORIENTED_EDGE('',*,*,#1943,.F.);
#2512=ORIENTED_EDGE('',*,*,#1944,.F.);
#2513=ORIENTED_EDGE('',*,*,#1939,.T.);
#2514=ORIENTED_EDGE('',*,*,#1937,.T.);
#2515=ORIENTED_EDGE('',*,*,#1747,.T.);
#2516=ORIENTED_EDGE('',*,*,#1928,.F.);
#2517=ORIENTED_EDGE('',*,*,#1911,.F.);
#2518=ORIENTED_EDGE('',*,*,#1750,.T.);
#2519=ORIENTED_EDGE('',*,*,#1927,.F.);
#2520=ORIENTED_EDGE('',*,*,#1762,.F.);
#2521=ORIENTED_EDGE('',*,*,#1945,.T.);
#2522=ORIENTED_EDGE('',*,*,#1946,.F.);
#2523=ORIENTED_EDGE('',*,*,#1902,.T.);
#2524=ORIENTED_EDGE('',*,*,#1903,.F.);
#2525=ORIENTED_EDGE('',*,*,#1947,.F.);
#2526=ORIENTED_EDGE('',*,*,#1948,.F.);
#2527=ORIENTED_EDGE('',*,*,#1766,.F.);
#2528=ORIENTED_EDGE('',*,*,#1949,.T.);
#2529=ORIENTED_EDGE('',*,*,#1950,.F.);
#2530=ORIENTED_EDGE('',*,*,#1951,.F.);
#2531=ORIENTED_EDGE('',*,*,#1949,.F.);
#2532=ORIENTED_EDGE('',*,*,#1765,.F.);
#2533=ORIENTED_EDGE('',*,*,#1759,.T.);
#2534=ORIENTED_EDGE('',*,*,#1952,.F.);
#2535=ORIENTED_EDGE('',*,*,#1757,.F.);
#2536=ORIENTED_EDGE('',*,*,#1764,.F.);
#2537=ORIENTED_EDGE('',*,*,#1948,.T.);
#2538=ORIENTED_EDGE('',*,*,#1952,.T.);
#2539=ORIENTED_EDGE('',*,*,#1947,.T.);
#2540=ORIENTED_EDGE('',*,*,#1953,.F.);
#2541=ORIENTED_EDGE('',*,*,#1954,.F.);
#2542=ORIENTED_EDGE('',*,*,#1906,.F.);
#2543=ORIENTED_EDGE('',*,*,#1955,.F.);
#2544=ORIENTED_EDGE('',*,*,#1956,.F.);
#2545=ORIENTED_EDGE('',*,*,#1950,.T.);
#2546=ORIENTED_EDGE('',*,*,#1951,.T.);
#2547=ORIENTED_EDGE('',*,*,#1758,.T.);
#2548=ORIENTED_EDGE('',*,*,#1761,.T.);
#2549=ORIENTED_EDGE('',*,*,#1925,.F.);
#2550=ORIENTED_EDGE('',*,*,#1957,.F.);
#2551=ORIENTED_EDGE('',*,*,#1945,.F.);
#2552=ORIENTED_EDGE('',*,*,#1958,.T.);
#2553=ORIENTED_EDGE('',*,*,#1959,.F.);
#2554=ORIENTED_EDGE('',*,*,#1960,.F.);
#2555=ORIENTED_EDGE('',*,*,#1908,.F.);
#2556=ORIENTED_EDGE('',*,*,#1961,.T.);
#2557=ORIENTED_EDGE('',*,*,#1962,.T.);
#2558=ORIENTED_EDGE('',*,*,#1930,.F.);
#2559=ORIENTED_EDGE('',*,*,#1963,.F.);
#2560=ORIENTED_EDGE('',*,*,#1964,.F.);
#2561=ORIENTED_EDGE('',*,*,#1965,.T.);
#2562=ORIENTED_EDGE('',*,*,#1869,.T.);
#2563=ORIENTED_EDGE('',*,*,#1966,.T.);
#2564=ORIENTED_EDGE('',*,*,#1967,.F.);
#2565=ORIENTED_EDGE('',*,*,#1968,.T.);
#2566=ORIENTED_EDGE('',*,*,#1969,.T.);
#2567=ORIENTED_EDGE('',*,*,#1697,.T.);
#2568=ORIENTED_EDGE('',*,*,#1899,.T.);
#2569=ORIENTED_EDGE('',*,*,#1946,.T.);
#2570=ORIENTED_EDGE('',*,*,#1957,.T.);
#2571=ORIENTED_EDGE('',*,*,#1924,.T.);
#2572=ORIENTED_EDGE('',*,*,#1970,.T.);
#2573=ORIENTED_EDGE('',*,*,#1971,.F.);
#2574=ORIENTED_EDGE('',*,*,#1972,.F.);
#2575=ORIENTED_EDGE('',*,*,#1943,.T.);
#2576=ORIENTED_EDGE('',*,*,#1897,.F.);
#2577=ORIENTED_EDGE('',*,*,#1934,.T.);
#2578=ORIENTED_EDGE('',*,*,#1972,.T.);
#2579=ORIENTED_EDGE('',*,*,#1973,.F.);
#2580=ORIENTED_EDGE('',*,*,#1974,.F.);
#2581=ORIENTED_EDGE('',*,*,#1941,.T.);
#2582=ORIENTED_EDGE('',*,*,#1944,.T.);
#2583=ORIENTED_EDGE('',*,*,#1974,.T.);
#2584=ORIENTED_EDGE('',*,*,#1975,.F.);
#2585=ORIENTED_EDGE('',*,*,#1976,.F.);
#2586=ORIENTED_EDGE('',*,*,#1932,.T.);
#2587=ORIENTED_EDGE('',*,*,#1895,.F.);
#2588=ORIENTED_EDGE('',*,*,#1942,.T.);
#2589=ORIENTED_EDGE('',*,*,#1976,.T.);
#2590=ORIENTED_EDGE('',*,*,#1977,.F.);
#2591=ORIENTED_EDGE('',*,*,#1970,.F.);
#2592=ORIENTED_EDGE('',*,*,#1933,.T.);
#2593=ORIENTED_EDGE('',*,*,#1978,.T.);
#2594=ORIENTED_EDGE('',*,*,#1979,.F.);
#2595=ORIENTED_EDGE('',*,*,#1980,.F.);
#2596=ORIENTED_EDGE('',*,*,#1958,.F.);
#2597=ORIENTED_EDGE('',*,*,#1907,.F.);
#2598=ORIENTED_EDGE('',*,*,#1954,.T.);
#2599=ORIENTED_EDGE('',*,*,#1959,.T.);
#2600=ORIENTED_EDGE('',*,*,#1980,.T.);
#2601=ORIENTED_EDGE('',*,*,#1981,.F.);
#2602=ORIENTED_EDGE('',*,*,#1982,.F.);
#2603=ORIENTED_EDGE('',*,*,#1960,.T.);
#2604=ORIENTED_EDGE('',*,*,#1982,.T.);
#2605=ORIENTED_EDGE('',*,*,#1983,.F.);
#2606=ORIENTED_EDGE('',*,*,#1984,.F.);
#2607=ORIENTED_EDGE('',*,*,#1955,.T.);
#2608=ORIENTED_EDGE('',*,*,#1905,.F.);
#2609=ORIENTED_EDGE('',*,*,#1984,.T.);
#2610=ORIENTED_EDGE('',*,*,#1985,.F.);
#2611=ORIENTED_EDGE('',*,*,#1978,.F.);
#2612=ORIENTED_EDGE('',*,*,#1953,.T.);
#2613=ORIENTED_EDGE('',*,*,#1956,.T.);
#2614=ORIENTED_EDGE('',*,*,#1986,.T.);
#2615=ORIENTED_EDGE('',*,*,#1777,.T.);
#2616=ORIENTED_EDGE('',*,*,#1987,.T.);
#2617=ORIENTED_EDGE('',*,*,#1988,.T.);
#2618=ORIENTED_EDGE('',*,*,#1989,.T.);
#2619=ORIENTED_EDGE('',*,*,#1990,.T.);
#2620=ORIENTED_EDGE('',*,*,#1991,.F.);
#2621=ORIENTED_EDGE('',*,*,#1794,.F.);
#2622=ORIENTED_EDGE('',*,*,#1992,.F.);
#2623=ORIENTED_EDGE('',*,*,#1993,.T.);
#2624=ORIENTED_EDGE('',*,*,#1994,.T.);
#2625=ORIENTED_EDGE('',*,*,#1995,.T.);
#2626=ORIENTED_EDGE('',*,*,#1986,.F.);
#2627=ORIENTED_EDGE('',*,*,#1996,.F.);
#2628=ORIENTED_EDGE('',*,*,#1852,.T.);
#2629=ORIENTED_EDGE('',*,*,#1853,.F.);
#2630=ORIENTED_EDGE('',*,*,#1778,.F.);
#2631=ORIENTED_EDGE('',*,*,#1997,.T.);
#2632=ORIENTED_EDGE('',*,*,#1998,.T.);
#2633=ORIENTED_EDGE('',*,*,#1999,.F.);
#2634=ORIENTED_EDGE('',*,*,#2000,.T.);
#2635=ORIENTED_EDGE('',*,*,#1879,.T.);
#2636=ORIENTED_EDGE('',*,*,#2001,.T.);
#2637=ORIENTED_EDGE('',*,*,#2002,.F.);
#2638=ORIENTED_EDGE('',*,*,#2003,.F.);
#2639=ORIENTED_EDGE('',*,*,#1988,.F.);
#2640=ORIENTED_EDGE('',*,*,#2004,.T.);
#2641=ORIENTED_EDGE('',*,*,#1849,.T.);
#2642=ORIENTED_EDGE('',*,*,#1996,.T.);
#2643=ORIENTED_EDGE('',*,*,#1995,.F.);
#2644=ORIENTED_EDGE('',*,*,#2005,.T.);
#2645=ORIENTED_EDGE('',*,*,#2006,.T.);
#2646=ORIENTED_EDGE('',*,*,#1709,.T.);
#2647=ORIENTED_EDGE('',*,*,#1793,.F.);
#2648=ORIENTED_EDGE('',*,*,#1864,.F.);
#2649=ORIENTED_EDGE('',*,*,#1860,.F.);
#2650=ORIENTED_EDGE('',*,*,#2007,.F.);
#2651=ORIENTED_EDGE('',*,*,#1992,.T.);
#2652=ORIENTED_EDGE('',*,*,#1987,.F.);
#2653=ORIENTED_EDGE('',*,*,#1776,.F.);
#2654=ORIENTED_EDGE('',*,*,#1854,.F.);
#2655=ORIENTED_EDGE('',*,*,#1850,.F.);
#2656=ORIENTED_EDGE('',*,*,#2004,.F.);
#2657=ORIENTED_EDGE('',*,*,#2008,.F.);
#2658=ORIENTED_EDGE('',*,*,#2009,.F.);
#2659=ORIENTED_EDGE('',*,*,#2010,.F.);
#2660=ORIENTED_EDGE('',*,*,#1856,.F.);
#2661=ORIENTED_EDGE('',*,*,#2011,.F.);
#2662=ORIENTED_EDGE('',*,*,#1768,.F.);
#2663=ORIENTED_EDGE('',*,*,#1780,.F.);
#2664=ORIENTED_EDGE('',*,*,#1774,.T.);
#2665=ORIENTED_EDGE('',*,*,#2012,.F.);
#2666=ORIENTED_EDGE('',*,*,#1772,.F.);
#2667=ORIENTED_EDGE('',*,*,#1781,.F.);
#2668=ORIENTED_EDGE('',*,*,#1770,.T.);
#2669=ORIENTED_EDGE('',*,*,#2011,.T.);
#2670=ORIENTED_EDGE('',*,*,#2013,.F.);
#2671=ORIENTED_EDGE('',*,*,#2014,.F.);
#2672=ORIENTED_EDGE('',*,*,#1858,.F.);
#2673=ORIENTED_EDGE('',*,*,#2015,.F.);
#2674=ORIENTED_EDGE('',*,*,#2016,.F.);
#2675=ORIENTED_EDGE('',*,*,#2012,.T.);
#2676=ORIENTED_EDGE('',*,*,#1769,.T.);
#2677=ORIENTED_EDGE('',*,*,#1791,.F.);
#2678=ORIENTED_EDGE('',*,*,#1991,.T.);
#2679=ORIENTED_EDGE('',*,*,#2017,.F.);
#2680=ORIENTED_EDGE('',*,*,#1862,.T.);
#2681=ORIENTED_EDGE('',*,*,#1863,.F.);
#2682=ORIENTED_EDGE('',*,*,#2018,.F.);
#2683=ORIENTED_EDGE('',*,*,#1787,.F.);
#2684=ORIENTED_EDGE('',*,*,#1796,.F.);
#2685=ORIENTED_EDGE('',*,*,#1785,.T.);
#2686=ORIENTED_EDGE('',*,*,#2019,.F.);
#2687=ORIENTED_EDGE('',*,*,#1783,.F.);
#2688=ORIENTED_EDGE('',*,*,#1795,.F.);
#2689=ORIENTED_EDGE('',*,*,#1789,.T.);
#2690=ORIENTED_EDGE('',*,*,#2019,.T.);
#2691=ORIENTED_EDGE('',*,*,#2020,.F.);
#2692=ORIENTED_EDGE('',*,*,#2021,.F.);
#2693=ORIENTED_EDGE('',*,*,#1866,.F.);
#2694=ORIENTED_EDGE('',*,*,#2022,.F.);
#2695=ORIENTED_EDGE('',*,*,#2023,.F.);
#2696=ORIENTED_EDGE('',*,*,#2018,.T.);
#2697=ORIENTED_EDGE('',*,*,#1784,.T.);
#2698=ORIENTED_EDGE('',*,*,#2024,.T.);
#2699=ORIENTED_EDGE('',*,*,#2025,.F.);
#2700=ORIENTED_EDGE('',*,*,#2026,.F.);
#2701=ORIENTED_EDGE('',*,*,#1868,.F.);
#2702=ORIENTED_EDGE('',*,*,#2027,.T.);
#2703=ORIENTED_EDGE('',*,*,#2028,.T.);
#2704=ORIENTED_EDGE('',*,*,#1993,.F.);
#2705=ORIENTED_EDGE('',*,*,#2007,.T.);
#2706=ORIENTED_EDGE('',*,*,#1859,.T.);
#2707=ORIENTED_EDGE('',*,*,#2017,.T.);
#2708=ORIENTED_EDGE('',*,*,#1990,.F.);
#2709=ORIENTED_EDGE('',*,*,#2029,.F.);
#2710=ORIENTED_EDGE('',*,*,#2030,.F.);
#2711=ORIENTED_EDGE('',*,*,#2031,.T.);
#2712=ORIENTED_EDGE('',*,*,#1829,.T.);
#2713=ORIENTED_EDGE('',*,*,#2032,.T.);
#2714=ORIENTED_EDGE('',*,*,#2033,.F.);
#2715=ORIENTED_EDGE('',*,*,#2034,.T.);
#2716=ORIENTED_EDGE('',*,*,#2035,.T.);
#2717=ORIENTED_EDGE('',*,*,#1705,.T.);
#2718=ORIENTED_EDGE('',*,*,#2036,.T.);
#2719=ORIENTED_EDGE('',*,*,#2037,.F.);
#2720=ORIENTED_EDGE('',*,*,#2038,.F.);
#2721=ORIENTED_EDGE('',*,*,#2024,.F.);
#2722=ORIENTED_EDGE('',*,*,#1867,.F.);
#2723=ORIENTED_EDGE('',*,*,#2021,.T.);
#2724=ORIENTED_EDGE('',*,*,#2025,.T.);
#2725=ORIENTED_EDGE('',*,*,#2038,.T.);
#2726=ORIENTED_EDGE('',*,*,#2039,.F.);
#2727=ORIENTED_EDGE('',*,*,#2040,.F.);
#2728=ORIENTED_EDGE('',*,*,#2026,.T.);
#2729=ORIENTED_EDGE('',*,*,#2040,.T.);
#2730=ORIENTED_EDGE('',*,*,#2041,.F.);
#2731=ORIENTED_EDGE('',*,*,#2042,.F.);
#2732=ORIENTED_EDGE('',*,*,#2022,.T.);
#2733=ORIENTED_EDGE('',*,*,#1865,.F.);
#2734=ORIENTED_EDGE('',*,*,#2042,.T.);
#2735=ORIENTED_EDGE('',*,*,#2043,.F.);
#2736=ORIENTED_EDGE('',*,*,#2036,.F.);
#2737=ORIENTED_EDGE('',*,*,#2020,.T.);
#2738=ORIENTED_EDGE('',*,*,#1790,.T.);
#2739=ORIENTED_EDGE('',*,*,#2023,.T.);
#2740=ORIENTED_EDGE('',*,*,#2044,.T.);
#2741=ORIENTED_EDGE('',*,*,#2045,.F.);
#2742=ORIENTED_EDGE('',*,*,#2046,.F.);
#2743=ORIENTED_EDGE('',*,*,#2015,.T.);
#2744=ORIENTED_EDGE('',*,*,#1857,.F.);
#2745=ORIENTED_EDGE('',*,*,#2010,.T.);
#2746=ORIENTED_EDGE('',*,*,#2046,.T.);
#2747=ORIENTED_EDGE('',*,*,#2047,.F.);
#2748=ORIENTED_EDGE('',*,*,#2048,.F.);
#2749=ORIENTED_EDGE('',*,*,#2013,.T.);
#2750=ORIENTED_EDGE('',*,*,#1775,.T.);
#2751=ORIENTED_EDGE('',*,*,#2016,.T.);
#2752=ORIENTED_EDGE('',*,*,#2048,.T.);
#2753=ORIENTED_EDGE('',*,*,#2049,.F.);
#2754=ORIENTED_EDGE('',*,*,#2050,.F.);
#2755=ORIENTED_EDGE('',*,*,#2008,.T.);
#2756=ORIENTED_EDGE('',*,*,#1855,.F.);
#2757=ORIENTED_EDGE('',*,*,#2014,.T.);
#2758=ORIENTED_EDGE('',*,*,#2050,.T.);
#2759=ORIENTED_EDGE('',*,*,#2051,.F.);
#2760=ORIENTED_EDGE('',*,*,#2044,.F.);
#2761=ORIENTED_EDGE('',*,*,#2009,.T.);
#2762=ORIENTED_EDGE('',*,*,#2052,.F.);
#2763=ORIENTED_EDGE('',*,*,#1964,.T.);
#2764=ORIENTED_EDGE('',*,*,#2053,.T.);
#2765=ORIENTED_EDGE('',*,*,#2002,.T.);
#2766=ORIENTED_EDGE('',*,*,#2054,.T.);
#2767=ORIENTED_EDGE('',*,*,#1727,.T.);
#2768=ORIENTED_EDGE('',*,*,#2055,.T.);
#2769=ORIENTED_EDGE('',*,*,#1999,.T.);
#2770=ORIENTED_EDGE('',*,*,#2056,.T.);
#2771=ORIENTED_EDGE('',*,*,#1967,.T.);
#2772=ORIENTED_EDGE('',*,*,#2057,.F.);
#2773=ORIENTED_EDGE('',*,*,#1740,.F.);
#2774=ORIENTED_EDGE('',*,*,#2055,.F.);
#2775=ORIENTED_EDGE('',*,*,#1726,.F.);
#2776=ORIENTED_EDGE('',*,*,#1884,.F.);
#2777=ORIENTED_EDGE('',*,*,#1880,.F.);
#2778=ORIENTED_EDGE('',*,*,#2000,.F.);
#2779=ORIENTED_EDGE('',*,*,#2054,.F.);
#2780=ORIENTED_EDGE('',*,*,#2001,.F.);
#2781=ORIENTED_EDGE('',*,*,#1882,.T.);
#2782=ORIENTED_EDGE('',*,*,#1883,.F.);
#2783=ORIENTED_EDGE('',*,*,#1724,.F.);
#2784=ORIENTED_EDGE('',*,*,#2058,.T.);
#2785=ORIENTED_EDGE('',*,*,#2059,.F.);
#2786=ORIENTED_EDGE('',*,*,#2060,.F.);
#2787=ORIENTED_EDGE('',*,*,#1888,.F.);
#2788=ORIENTED_EDGE('',*,*,#2061,.F.);
#2789=ORIENTED_EDGE('',*,*,#1723,.T.);
#2790=ORIENTED_EDGE('',*,*,#1718,.F.);
#2791=ORIENTED_EDGE('',*,*,#1729,.F.);
#2792=ORIENTED_EDGE('',*,*,#1716,.T.);
#2793=ORIENTED_EDGE('',*,*,#2062,.F.);
#2794=ORIENTED_EDGE('',*,*,#1714,.F.);
#2795=ORIENTED_EDGE('',*,*,#1728,.F.);
#2796=ORIENTED_EDGE('',*,*,#1720,.T.);
#2797=ORIENTED_EDGE('',*,*,#1722,.T.);
#2798=ORIENTED_EDGE('',*,*,#2062,.T.);
#2799=ORIENTED_EDGE('',*,*,#2063,.F.);
#2800=ORIENTED_EDGE('',*,*,#2064,.F.);
#2801=ORIENTED_EDGE('',*,*,#1886,.F.);
#2802=ORIENTED_EDGE('',*,*,#2065,.F.);
#2803=ORIENTED_EDGE('',*,*,#2066,.F.);
#2804=ORIENTED_EDGE('',*,*,#2061,.T.);
#2805=ORIENTED_EDGE('',*,*,#1715,.T.);
#2806=ORIENTED_EDGE('',*,*,#2067,.F.);
#2807=ORIENTED_EDGE('',*,*,#2068,.F.);
#2808=ORIENTED_EDGE('',*,*,#2058,.F.);
#2809=ORIENTED_EDGE('',*,*,#1887,.F.);
#2810=ORIENTED_EDGE('',*,*,#2064,.T.);
#2811=ORIENTED_EDGE('',*,*,#2069,.T.);
#2812=ORIENTED_EDGE('',*,*,#2070,.F.);
#2813=ORIENTED_EDGE('',*,*,#2069,.F.);
#2814=ORIENTED_EDGE('',*,*,#2063,.T.);
#2815=ORIENTED_EDGE('',*,*,#1721,.T.);
#2816=ORIENTED_EDGE('',*,*,#2066,.T.);
#2817=ORIENTED_EDGE('',*,*,#2071,.T.);
#2818=ORIENTED_EDGE('',*,*,#2072,.F.);
#2819=ORIENTED_EDGE('',*,*,#2071,.F.);
#2820=ORIENTED_EDGE('',*,*,#2065,.T.);
#2821=ORIENTED_EDGE('',*,*,#1885,.F.);
#2822=ORIENTED_EDGE('',*,*,#2060,.T.);
#2823=ORIENTED_EDGE('',*,*,#2073,.T.);
#2824=ORIENTED_EDGE('',*,*,#2074,.F.);
#2825=ORIENTED_EDGE('',*,*,#2073,.F.);
#2826=ORIENTED_EDGE('',*,*,#2059,.T.);
#2827=ORIENTED_EDGE('',*,*,#2068,.T.);
#2828=ORIENTED_EDGE('',*,*,#1741,.F.);
#2829=ORIENTED_EDGE('',*,*,#2057,.T.);
#2830=ORIENTED_EDGE('',*,*,#1966,.F.);
#2831=ORIENTED_EDGE('',*,*,#1872,.T.);
#2832=ORIENTED_EDGE('',*,*,#1873,.F.);
#2833=ORIENTED_EDGE('',*,*,#1739,.F.);
#2834=ORIENTED_EDGE('',*,*,#1874,.F.);
#2835=ORIENTED_EDGE('',*,*,#1870,.F.);
#2836=ORIENTED_EDGE('',*,*,#1965,.F.);
#2837=ORIENTED_EDGE('',*,*,#2052,.T.);
#2838=ORIENTED_EDGE('',*,*,#2075,.F.);
#2839=ORIENTED_EDGE('',*,*,#1731,.F.);
#2840=ORIENTED_EDGE('',*,*,#1743,.F.);
#2841=ORIENTED_EDGE('',*,*,#1737,.T.);
#2842=ORIENTED_EDGE('',*,*,#2076,.F.);
#2843=ORIENTED_EDGE('',*,*,#1735,.F.);
#2844=ORIENTED_EDGE('',*,*,#1744,.F.);
#2845=ORIENTED_EDGE('',*,*,#1733,.T.);
#2846=ORIENTED_EDGE('',*,*,#2075,.T.);
#2847=ORIENTED_EDGE('',*,*,#2077,.F.);
#2848=ORIENTED_EDGE('',*,*,#2078,.F.);
#2849=ORIENTED_EDGE('',*,*,#1878,.F.);
#2850=ORIENTED_EDGE('',*,*,#2079,.F.);
#2851=ORIENTED_EDGE('',*,*,#2080,.F.);
#2852=ORIENTED_EDGE('',*,*,#2076,.T.);
#2853=ORIENTED_EDGE('',*,*,#1732,.T.);
#2854=ORIENTED_EDGE('',*,*,#2081,.F.);
#2855=ORIENTED_EDGE('',*,*,#2082,.F.);
#2856=ORIENTED_EDGE('',*,*,#2083,.F.);
#2857=ORIENTED_EDGE('',*,*,#1876,.F.);
#2858=ORIENTED_EDGE('',*,*,#2084,.F.);
#2859=ORIENTED_EDGE('',*,*,#2085,.F.);
#2860=ORIENTED_EDGE('',*,*,#2079,.T.);
#2861=ORIENTED_EDGE('',*,*,#1877,.F.);
#2862=ORIENTED_EDGE('',*,*,#2083,.T.);
#2863=ORIENTED_EDGE('',*,*,#2086,.T.);
#2864=ORIENTED_EDGE('',*,*,#2082,.T.);
#2865=ORIENTED_EDGE('',*,*,#2087,.T.);
#2866=ORIENTED_EDGE('',*,*,#2088,.F.);
#2867=ORIENTED_EDGE('',*,*,#2086,.F.);
#2868=ORIENTED_EDGE('',*,*,#2089,.F.);
#2869=ORIENTED_EDGE('',*,*,#2087,.F.);
#2870=ORIENTED_EDGE('',*,*,#2081,.T.);
#2871=ORIENTED_EDGE('',*,*,#1875,.F.);
#2872=ORIENTED_EDGE('',*,*,#2078,.T.);
#2873=ORIENTED_EDGE('',*,*,#2090,.T.);
#2874=ORIENTED_EDGE('',*,*,#2091,.F.);
#2875=ORIENTED_EDGE('',*,*,#2090,.F.);
#2876=ORIENTED_EDGE('',*,*,#2077,.T.);
#2877=ORIENTED_EDGE('',*,*,#1738,.T.);
#2878=ORIENTED_EDGE('',*,*,#2080,.T.);
#2879=ORIENTED_EDGE('',*,*,#2085,.T.);
#2880=ORIENTED_EDGE('',*,*,#2092,.T.);
#2881=ORIENTED_EDGE('',*,*,#1824,.T.);
#2882=ORIENTED_EDGE('',*,*,#2093,.T.);
#2883=ORIENTED_EDGE('',*,*,#2030,.T.);
#2884=ORIENTED_EDGE('',*,*,#2094,.T.);
#2885=ORIENTED_EDGE('',*,*,#1917,.T.);
#2886=ORIENTED_EDGE('',*,*,#2095,.T.);
#2887=ORIENTED_EDGE('',*,*,#1807,.T.);
#2888=ORIENTED_EDGE('',*,*,#2096,.T.);
#2889=ORIENTED_EDGE('',*,*,#1914,.T.);
#2890=ORIENTED_EDGE('',*,*,#2097,.T.);
#2891=ORIENTED_EDGE('',*,*,#2033,.T.);
#2892=ORIENTED_EDGE('',*,*,#2098,.T.);
#2893=ORIENTED_EDGE('',*,*,#2099,.T.);
#2894=ORIENTED_EDGE('',*,*,#2100,.F.);
#2895=ORIENTED_EDGE('',*,*,#2101,.F.);
#2896=ORIENTED_EDGE('',*,*,#2102,.T.);
#2897=ORIENTED_EDGE('',*,*,#1835,.F.);
#2898=ORIENTED_EDGE('',*,*,#2103,.T.);
#2899=ORIENTED_EDGE('',*,*,#1845,.F.);
#2900=ORIENTED_EDGE('',*,*,#2104,.T.);
#2901=ORIENTED_EDGE('',*,*,#2105,.T.);
#2902=ORIENTED_EDGE('',*,*,#2106,.F.);
#2903=ORIENTED_EDGE('',*,*,#2107,.F.);
#2904=ORIENTED_EDGE('',*,*,#1825,.F.);
#2905=ORIENTED_EDGE('',*,*,#2092,.F.);
#2906=ORIENTED_EDGE('',*,*,#2032,.F.);
#2907=ORIENTED_EDGE('',*,*,#1832,.T.);
#2908=ORIENTED_EDGE('',*,*,#1833,.F.);
#2909=ORIENTED_EDGE('',*,*,#1823,.F.);
#2910=ORIENTED_EDGE('',*,*,#1834,.F.);
#2911=ORIENTED_EDGE('',*,*,#1830,.F.);
#2912=ORIENTED_EDGE('',*,*,#2031,.F.);
#2913=ORIENTED_EDGE('',*,*,#2093,.F.);
#2914=ORIENTED_EDGE('',*,*,#2108,.F.);
#2915=ORIENTED_EDGE('',*,*,#1813,.F.);
#2916=ORIENTED_EDGE('',*,*,#1827,.F.);
#2917=ORIENTED_EDGE('',*,*,#1822,.T.);
#2918=ORIENTED_EDGE('',*,*,#2109,.F.);
#2919=ORIENTED_EDGE('',*,*,#1819,.F.);
#2920=ORIENTED_EDGE('',*,*,#1828,.F.);
#2921=ORIENTED_EDGE('',*,*,#1815,.T.);
#2922=ORIENTED_EDGE('',*,*,#2108,.T.);
#2923=ORIENTED_EDGE('',*,*,#1821,.T.);
#2924=ORIENTED_EDGE('',*,*,#2110,.F.);
#2925=ORIENTED_EDGE('',*,*,#2098,.F.);
#2926=ORIENTED_EDGE('',*,*,#1838,.F.);
#2927=ORIENTED_EDGE('',*,*,#2111,.F.);
#2928=ORIENTED_EDGE('',*,*,#2112,.F.);
#2929=ORIENTED_EDGE('',*,*,#1820,.T.);
#2930=ORIENTED_EDGE('',*,*,#2109,.T.);
#2931=ORIENTED_EDGE('',*,*,#1814,.T.);
#2932=ORIENTED_EDGE('',*,*,#2102,.F.);
#2933=ORIENTED_EDGE('',*,*,#2113,.F.);
#2934=ORIENTED_EDGE('',*,*,#2114,.F.);
#2935=ORIENTED_EDGE('',*,*,#1836,.F.);
#2936=ORIENTED_EDGE('',*,*,#2111,.T.);
#2937=ORIENTED_EDGE('',*,*,#1837,.F.);
#2938=ORIENTED_EDGE('',*,*,#2114,.T.);
#2939=ORIENTED_EDGE('',*,*,#2115,.T.);
#2940=ORIENTED_EDGE('',*,*,#2116,.F.);
#2941=ORIENTED_EDGE('',*,*,#2117,.F.);
#2942=ORIENTED_EDGE('',*,*,#2117,.T.);
#2943=ORIENTED_EDGE('',*,*,#2118,.F.);
#2944=ORIENTED_EDGE('',*,*,#2099,.F.);
#2945=ORIENTED_EDGE('',*,*,#2110,.T.);
#2946=ORIENTED_EDGE('',*,*,#1816,.T.);
#2947=ORIENTED_EDGE('',*,*,#2112,.T.);
#2948=ORIENTED_EDGE('',*,*,#2113,.T.);
#2949=ORIENTED_EDGE('',*,*,#2101,.T.);
#2950=ORIENTED_EDGE('',*,*,#2119,.F.);
#2951=ORIENTED_EDGE('',*,*,#2115,.F.);
#2952=ORIENTED_EDGE('',*,*,#2096,.F.);
#2953=ORIENTED_EDGE('',*,*,#1806,.F.);
#2954=ORIENTED_EDGE('',*,*,#1844,.F.);
#2955=ORIENTED_EDGE('',*,*,#1840,.F.);
#2956=ORIENTED_EDGE('',*,*,#1915,.F.);
#2957=ORIENTED_EDGE('',*,*,#2095,.F.);
#2958=ORIENTED_EDGE('',*,*,#1916,.F.);
#2959=ORIENTED_EDGE('',*,*,#1842,.T.);
#2960=ORIENTED_EDGE('',*,*,#1843,.F.);
#2961=ORIENTED_EDGE('',*,*,#1808,.F.);
#2962=ORIENTED_EDGE('',*,*,#2120,.F.);
#2963=ORIENTED_EDGE('',*,*,#2121,.T.);
#2964=ORIENTED_EDGE('',*,*,#1805,.T.);
#2965=ORIENTED_EDGE('',*,*,#2122,.T.);
#2966=ORIENTED_EDGE('',*,*,#2107,.T.);
#2967=ORIENTED_EDGE('',*,*,#2123,.F.);
#2968=ORIENTED_EDGE('',*,*,#2124,.T.);
#2969=ORIENTED_EDGE('',*,*,#2120,.T.);
#2970=ORIENTED_EDGE('',*,*,#2125,.F.);
#2971=ORIENTED_EDGE('',*,*,#2126,.F.);
#2972=ORIENTED_EDGE('',*,*,#2127,.F.);
#2973=ORIENTED_EDGE('',*,*,#1847,.F.);
#2974=ORIENTED_EDGE('',*,*,#2128,.F.);
#2975=ORIENTED_EDGE('',*,*,#2129,.F.);
#2976=ORIENTED_EDGE('',*,*,#2130,.F.);
#2977=ORIENTED_EDGE('',*,*,#1711,.F.);
#2978=ORIENTED_EDGE('',*,*,#2130,.T.);
#2979=ORIENTED_EDGE('',*,*,#2131,.F.);
#2980=ORIENTED_EDGE('',*,*,#2132,.F.);
#2981=ORIENTED_EDGE('',*,*,#2133,.F.);
#2982=ORIENTED_EDGE('',*,*,#1997,.F.);
#2983=ORIENTED_EDGE('',*,*,#1712,.F.);
#2984=ORIENTED_EDGE('',*,*,#2134,.F.);
#2985=ORIENTED_EDGE('',*,*,#2135,.T.);
#2986=ORIENTED_EDGE('',*,*,#2136,.F.);
#2987=ORIENTED_EDGE('',*,*,#2128,.T.);
#2988=ORIENTED_EDGE('',*,*,#1710,.F.);
#2989=ORIENTED_EDGE('',*,*,#2006,.F.);
#2990=ORIENTED_EDGE('',*,*,#2136,.T.);
#2991=ORIENTED_EDGE('',*,*,#2137,.T.);
#2992=ORIENTED_EDGE('',*,*,#2131,.T.);
#2993=ORIENTED_EDGE('',*,*,#2129,.T.);
#2994=ORIENTED_EDGE('',*,*,#2133,.T.);
#2995=ORIENTED_EDGE('',*,*,#2138,.F.);
#2996=ORIENTED_EDGE('',*,*,#2139,.F.);
#2997=ORIENTED_EDGE('',*,*,#2140,.F.);
#2998=ORIENTED_EDGE('',*,*,#2141,.T.);
#2999=ORIENTED_EDGE('',*,*,#1968,.F.);
#3000=ORIENTED_EDGE('',*,*,#2056,.F.);
#3001=ORIENTED_EDGE('',*,*,#1998,.F.);
#3002=ORIENTED_EDGE('',*,*,#2134,.T.);
#3003=ORIENTED_EDGE('',*,*,#2005,.F.);
#3004=ORIENTED_EDGE('',*,*,#1994,.F.);
#3005=ORIENTED_EDGE('',*,*,#2028,.F.);
#3006=ORIENTED_EDGE('',*,*,#2142,.T.);
#3007=ORIENTED_EDGE('',*,*,#2143,.F.);
#3008=ORIENTED_EDGE('',*,*,#2144,.F.);
#3009=ORIENTED_EDGE('',*,*,#2145,.F.);
#3010=ORIENTED_EDGE('',*,*,#2146,.F.);
#3011=ORIENTED_EDGE('',*,*,#2147,.F.);
#3012=ORIENTED_EDGE('',*,*,#2148,.F.);
#3013=ORIENTED_EDGE('',*,*,#1707,.F.);
#3014=ORIENTED_EDGE('',*,*,#2148,.T.);
#3015=ORIENTED_EDGE('',*,*,#2149,.F.);
#3016=ORIENTED_EDGE('',*,*,#2150,.F.);
#3017=ORIENTED_EDGE('',*,*,#2142,.F.);
#3018=ORIENTED_EDGE('',*,*,#2027,.F.);
#3019=ORIENTED_EDGE('',*,*,#1708,.F.);
#3020=ORIENTED_EDGE('',*,*,#2151,.F.);
#3021=ORIENTED_EDGE('',*,*,#2152,.T.);
#3022=ORIENTED_EDGE('',*,*,#2153,.F.);
#3023=ORIENTED_EDGE('',*,*,#2146,.T.);
#3024=ORIENTED_EDGE('',*,*,#1706,.F.);
#3025=ORIENTED_EDGE('',*,*,#2035,.F.);
#3026=ORIENTED_EDGE('',*,*,#2153,.T.);
#3027=ORIENTED_EDGE('',*,*,#2154,.T.);
#3028=ORIENTED_EDGE('',*,*,#2149,.T.);
#3029=ORIENTED_EDGE('',*,*,#2147,.T.);
#3030=ORIENTED_EDGE('',*,*,#2151,.T.);
#3031=ORIENTED_EDGE('',*,*,#2034,.F.);
#3032=ORIENTED_EDGE('',*,*,#2097,.F.);
#3033=ORIENTED_EDGE('',*,*,#1913,.F.);
#3034=ORIENTED_EDGE('',*,*,#2155,.T.);
#3035=ORIENTED_EDGE('',*,*,#2156,.F.);
#3036=ORIENTED_EDGE('',*,*,#2157,.F.);
#3037=ORIENTED_EDGE('',*,*,#2158,.F.);
#3038=ORIENTED_EDGE('',*,*,#2159,.F.);
#3039=ORIENTED_EDGE('',*,*,#2160,.F.);
#3040=ORIENTED_EDGE('',*,*,#2161,.F.);
#3041=ORIENTED_EDGE('',*,*,#2162,.F.);
#3042=ORIENTED_EDGE('',*,*,#1961,.F.);
#3043=ORIENTED_EDGE('',*,*,#1700,.F.);
#3044=ORIENTED_EDGE('',*,*,#2141,.F.);
#3045=ORIENTED_EDGE('',*,*,#2163,.T.);
#3046=ORIENTED_EDGE('',*,*,#2164,.F.);
#3047=ORIENTED_EDGE('',*,*,#2165,.F.);
#3048=ORIENTED_EDGE('',*,*,#1698,.F.);
#3049=ORIENTED_EDGE('',*,*,#1969,.F.);
#3050=ORIENTED_EDGE('',*,*,#2165,.T.);
#3051=ORIENTED_EDGE('',*,*,#2166,.F.);
#3052=ORIENTED_EDGE('',*,*,#2159,.T.);
#3053=ORIENTED_EDGE('',*,*,#1699,.F.);
#3054=ORIENTED_EDGE('',*,*,#2166,.T.);
#3055=ORIENTED_EDGE('',*,*,#2164,.T.);
#3056=ORIENTED_EDGE('',*,*,#2167,.T.);
#3057=ORIENTED_EDGE('',*,*,#2160,.T.);
#3058=ORIENTED_EDGE('',*,*,#2162,.T.);
#3059=ORIENTED_EDGE('',*,*,#2168,.F.);
#3060=ORIENTED_EDGE('',*,*,#2169,.F.);
#3061=ORIENTED_EDGE('',*,*,#2170,.F.);
#3062=ORIENTED_EDGE('',*,*,#2171,.T.);
#3063=ORIENTED_EDGE('',*,*,#1922,.F.);
#3064=ORIENTED_EDGE('',*,*,#1931,.F.);
#3065=ORIENTED_EDGE('',*,*,#1962,.F.);
#3066=ORIENTED_EDGE('',*,*,#2172,.F.);
#3067=ORIENTED_EDGE('',*,*,#2173,.F.);
#3068=ORIENTED_EDGE('',*,*,#2174,.F.);
#3069=ORIENTED_EDGE('',*,*,#2155,.F.);
#3070=ORIENTED_EDGE('',*,*,#1912,.F.);
#3071=ORIENTED_EDGE('',*,*,#1704,.F.);
#3072=ORIENTED_EDGE('',*,*,#2171,.F.);
#3073=ORIENTED_EDGE('',*,*,#2175,.T.);
#3074=ORIENTED_EDGE('',*,*,#2176,.F.);
#3075=ORIENTED_EDGE('',*,*,#2177,.F.);
#3076=ORIENTED_EDGE('',*,*,#1702,.F.);
#3077=ORIENTED_EDGE('',*,*,#1923,.F.);
#3078=ORIENTED_EDGE('',*,*,#2177,.T.);
#3079=ORIENTED_EDGE('',*,*,#2178,.F.);
#3080=ORIENTED_EDGE('',*,*,#2172,.T.);
#3081=ORIENTED_EDGE('',*,*,#1703,.F.);
#3082=ORIENTED_EDGE('',*,*,#2178,.T.);
#3083=ORIENTED_EDGE('',*,*,#2176,.T.);
#3084=ORIENTED_EDGE('',*,*,#2179,.T.);
#3085=ORIENTED_EDGE('',*,*,#2173,.T.);
#3086=ORIENTED_EDGE('',*,*,#2180,.T.);
#3087=ORIENTED_EDGE('',*,*,#2181,.T.);
#3088=ORIENTED_EDGE('',*,*,#2157,.T.);
#3089=ORIENTED_EDGE('',*,*,#2182,.T.);
#3090=ORIENTED_EDGE('',*,*,#2182,.F.);
#3091=ORIENTED_EDGE('',*,*,#2156,.T.);
#3092=ORIENTED_EDGE('',*,*,#2174,.T.);
#3093=ORIENTED_EDGE('',*,*,#2179,.F.);
#3094=ORIENTED_EDGE('',*,*,#2175,.F.);
#3095=ORIENTED_EDGE('',*,*,#2170,.T.);
#3096=ORIENTED_EDGE('',*,*,#2183,.F.);
#3097=ORIENTED_EDGE('',*,*,#2184,.F.);
#3098=ORIENTED_EDGE('',*,*,#1975,.T.);
#3099=ORIENTED_EDGE('',*,*,#1973,.T.);
#3100=ORIENTED_EDGE('',*,*,#1971,.T.);
#3101=ORIENTED_EDGE('',*,*,#1977,.T.);
#3102=ORIENTED_EDGE('',*,*,#2106,.T.);
#3103=ORIENTED_EDGE('',*,*,#2185,.T.);
#3104=ORIENTED_EDGE('',*,*,#2125,.T.);
#3105=ORIENTED_EDGE('',*,*,#2123,.T.);
#3106=ORIENTED_EDGE('',*,*,#2186,.T.);
#3107=ORIENTED_EDGE('',*,*,#2183,.T.);
#3108=ORIENTED_EDGE('',*,*,#2169,.T.);
#3109=ORIENTED_EDGE('',*,*,#2187,.T.);
#3110=ORIENTED_EDGE('',*,*,#2187,.F.);
#3111=ORIENTED_EDGE('',*,*,#2168,.T.);
#3112=ORIENTED_EDGE('',*,*,#2161,.T.);
#3113=ORIENTED_EDGE('',*,*,#2167,.F.);
#3114=ORIENTED_EDGE('',*,*,#2163,.F.);
#3115=ORIENTED_EDGE('',*,*,#2140,.T.);
#3116=ORIENTED_EDGE('',*,*,#2188,.F.);
#3117=ORIENTED_EDGE('',*,*,#2189,.F.);
#3118=ORIENTED_EDGE('',*,*,#1983,.T.);
#3119=ORIENTED_EDGE('',*,*,#1981,.T.);
#3120=ORIENTED_EDGE('',*,*,#1979,.T.);
#3121=ORIENTED_EDGE('',*,*,#1985,.T.);
#3122=ORIENTED_EDGE('',*,*,#2089,.T.);
#3123=ORIENTED_EDGE('',*,*,#2091,.T.);
#3124=ORIENTED_EDGE('',*,*,#2084,.T.);
#3125=ORIENTED_EDGE('',*,*,#2088,.T.);
#3126=ORIENTED_EDGE('',*,*,#2190,.T.);
#3127=ORIENTED_EDGE('',*,*,#2188,.T.);
#3128=ORIENTED_EDGE('',*,*,#2139,.T.);
#3129=ORIENTED_EDGE('',*,*,#2191,.T.);
#3130=ORIENTED_EDGE('',*,*,#2191,.F.);
#3131=ORIENTED_EDGE('',*,*,#2138,.T.);
#3132=ORIENTED_EDGE('',*,*,#2132,.T.);
#3133=ORIENTED_EDGE('',*,*,#2137,.F.);
#3134=ORIENTED_EDGE('',*,*,#2135,.F.);
#3135=ORIENTED_EDGE('',*,*,#2145,.T.);
#3136=ORIENTED_EDGE('',*,*,#2192,.F.);
#3137=ORIENTED_EDGE('',*,*,#2193,.F.);
#3138=ORIENTED_EDGE('',*,*,#2049,.T.);
#3139=ORIENTED_EDGE('',*,*,#2047,.T.);
#3140=ORIENTED_EDGE('',*,*,#2045,.T.);
#3141=ORIENTED_EDGE('',*,*,#2051,.T.);
#3142=ORIENTED_EDGE('',*,*,#2072,.T.);
#3143=ORIENTED_EDGE('',*,*,#2074,.T.);
#3144=ORIENTED_EDGE('',*,*,#2067,.T.);
#3145=ORIENTED_EDGE('',*,*,#2070,.T.);
#3146=ORIENTED_EDGE('',*,*,#2194,.T.);
#3147=ORIENTED_EDGE('',*,*,#2192,.T.);
#3148=ORIENTED_EDGE('',*,*,#2144,.T.);
#3149=ORIENTED_EDGE('',*,*,#2195,.T.);
#3150=ORIENTED_EDGE('',*,*,#2181,.F.);
#3151=ORIENTED_EDGE('',*,*,#2196,.F.);
#3152=ORIENTED_EDGE('',*,*,#2195,.F.);
#3153=ORIENTED_EDGE('',*,*,#2143,.T.);
#3154=ORIENTED_EDGE('',*,*,#2150,.T.);
#3155=ORIENTED_EDGE('',*,*,#2154,.F.);
#3156=ORIENTED_EDGE('',*,*,#2152,.F.);
#3157=ORIENTED_EDGE('',*,*,#2158,.T.);
#3158=ORIENTED_EDGE('',*,*,#2041,.T.);
#3159=ORIENTED_EDGE('',*,*,#2039,.T.);
#3160=ORIENTED_EDGE('',*,*,#2037,.T.);
#3161=ORIENTED_EDGE('',*,*,#2043,.T.);
#3162=ORIENTED_EDGE('',*,*,#2100,.T.);
#3163=ORIENTED_EDGE('',*,*,#2118,.T.);
#3164=ORIENTED_EDGE('',*,*,#2116,.T.);
#3165=ORIENTED_EDGE('',*,*,#2119,.T.);
#3166=ORIENTED_EDGE('',*,*,#2180,.F.);
#3167=ORIENTED_EDGE('',*,*,#2184,.T.);
#3168=ORIENTED_EDGE('',*,*,#2186,.F.);
#3169=ORIENTED_EDGE('',*,*,#2189,.T.);
#3170=ORIENTED_EDGE('',*,*,#2190,.F.);
#3171=ORIENTED_EDGE('',*,*,#2193,.T.);
#3172=ORIENTED_EDGE('',*,*,#2194,.F.);
#3173=ORIENTED_EDGE('',*,*,#2196,.T.);
#3174=ORIENTED_EDGE('',*,*,#1963,.T.);
#3175=ORIENTED_EDGE('',*,*,#1929,.F.);
#3176=ORIENTED_EDGE('',*,*,#1918,.T.);
#3177=ORIENTED_EDGE('',*,*,#2094,.F.);
#3178=ORIENTED_EDGE('',*,*,#2029,.T.);
#3179=ORIENTED_EDGE('',*,*,#1989,.F.);
#3180=ORIENTED_EDGE('',*,*,#2003,.T.);
#3181=ORIENTED_EDGE('',*,*,#2053,.F.);
#3182=ORIENTED_EDGE('',*,*,#2127,.T.);
#3183=ORIENTED_EDGE('',*,*,#2197,.F.);
#3184=ORIENTED_EDGE('',*,*,#2104,.F.);
#3185=ORIENTED_EDGE('',*,*,#1848,.F.);
#3186=ORIENTED_EDGE('',*,*,#2105,.F.);
#3187=ORIENTED_EDGE('',*,*,#2197,.T.);
#3188=ORIENTED_EDGE('',*,*,#2126,.T.);
#3189=ORIENTED_EDGE('',*,*,#2185,.F.);
#3190=ORIENTED_EDGE('',*,*,#2198,.F.);
#3191=ORIENTED_EDGE('',*,*,#1802,.F.);
#3192=ORIENTED_EDGE('',*,*,#1811,.F.);
#3193=ORIENTED_EDGE('',*,*,#1800,.T.);
#3194=ORIENTED_EDGE('',*,*,#2199,.F.);
#3195=ORIENTED_EDGE('',*,*,#1798,.F.);
#3196=ORIENTED_EDGE('',*,*,#1810,.F.);
#3197=ORIENTED_EDGE('',*,*,#1804,.T.);
#3198=ORIENTED_EDGE('',*,*,#2199,.T.);
#3199=ORIENTED_EDGE('',*,*,#2121,.F.);
#3200=ORIENTED_EDGE('',*,*,#2124,.F.);
#3201=ORIENTED_EDGE('',*,*,#1846,.F.);
#3202=ORIENTED_EDGE('',*,*,#2103,.F.);
#3203=ORIENTED_EDGE('',*,*,#2122,.F.);
#3204=ORIENTED_EDGE('',*,*,#2198,.T.);
#3205=ORIENTED_EDGE('',*,*,#1799,.T.);
#3206=PLANE('',#3534);
#3207=PLANE('',#3535);
#3208=PLANE('',#3536);
#3209=PLANE('',#3537);
#3210=PLANE('',#3544);
#3211=PLANE('',#3545);
#3212=PLANE('',#3552);
#3213=PLANE('',#3553);
#3214=PLANE('',#3557);
#3215=PLANE('',#3562);
#3216=PLANE('',#3570);
#3217=PLANE('',#3571);
#3218=PLANE('',#3578);
#3219=PLANE('',#3579);
#3220=PLANE('',#3586);
#3221=PLANE('',#3587);
#3222=PLANE('',#3591);
#3223=PLANE('',#3597);
#3224=PLANE('',#3598);
#3225=PLANE('',#3599);
#3226=PLANE('',#3600);
#3227=PLANE('',#3601);
#3228=PLANE('',#3602);
#3229=PLANE('',#3603);
#3230=PLANE('',#3604);
#3231=PLANE('',#3605);
#3232=PLANE('',#3606);
#3233=PLANE('',#3607);
#3234=PLANE('',#3608);
#3235=PLANE('',#3609);
#3236=PLANE('',#3610);
#3237=PLANE('',#3611);
#3238=PLANE('',#3612);
#3239=PLANE('',#3613);
#3240=PLANE('',#3614);
#3241=PLANE('',#3616);
#3242=PLANE('',#3617);
#3243=PLANE('',#3618);
#3244=PLANE('',#3623);
#3245=PLANE('',#3624);
#3246=PLANE('',#3625);
#3247=PLANE('',#3629);
#3248=PLANE('',#3630);
#3249=PLANE('',#3631);
#3250=PLANE('',#3635);
#3251=PLANE('',#3636);
#3252=PLANE('',#3637);
#3253=PLANE('',#3638);
#3254=PLANE('',#3639);
#3255=PLANE('',#3640);
#3256=PLANE('',#3641);
#3257=PLANE('',#3642);
#3258=PLANE('',#3643);
#3259=PLANE('',#3644);
#3260=PLANE('',#3645);
#3261=PLANE('',#3646);
#3262=PLANE('',#3647);
#3263=PLANE('',#3648);
#3264=PLANE('',#3656);
#3265=PLANE('',#3657);
#3266=PLANE('',#3658);
#3267=PLANE('',#3659);
#3268=PLANE('',#3660);
#3269=PLANE('',#3661);
#3270=PLANE('',#3662);
#3271=PLANE('',#3663);
#3272=PLANE('',#3664);
#3273=PLANE('',#3665);
#3274=PLANE('',#3666);
#3275=PLANE('',#3667);
#3276=PLANE('',#3668);
#3277=PLANE('',#3669);
#3278=PLANE('',#3670);
#3279=PLANE('',#3671);
#3280=PLANE('',#3672);
#3281=PLANE('',#3673);
#3282=PLANE('',#3674);
#3283=PLANE('',#3675);
#3284=PLANE('',#3676);
#3285=PLANE('',#3677);
#3286=PLANE('',#3685);
#3287=PLANE('',#3686);
#3288=PLANE('',#3687);
#3289=PLANE('',#3688);
#3290=PLANE('',#3689);
#3291=PLANE('',#3690);
#3292=PLANE('',#3691);
#3293=PLANE('',#3692);
#3294=PLANE('',#3693);
#3295=PLANE('',#3694);
#3296=PLANE('',#3695);
#3297=PLANE('',#3696);
#3298=PLANE('',#3697);
#3299=PLANE('',#3698);
#3300=PLANE('',#3699);
#3301=PLANE('',#3700);
#3302=PLANE('',#3701);
#3303=PLANE('',#3702);
#3304=PLANE('',#3703);
#3305=PLANE('',#3704);
#3306=PLANE('',#3712);
#3307=PLANE('',#3713);
#3308=PLANE('',#3714);
#3309=PLANE('',#3715);
#3310=PLANE('',#3716);
#3311=PLANE('',#3717);
#3312=PLANE('',#3718);
#3313=PLANE('',#3719);
#3314=PLANE('',#3720);
#3315=PLANE('',#3721);
#3316=PLANE('',#3722);
#3317=PLANE('',#3723);
#3318=PLANE('',#3724);
#3319=PLANE('',#3725);
#3320=PLANE('',#3726);
#3321=PLANE('',#3727);
#3322=PLANE('',#3728);
#3323=PLANE('',#3729);
#3324=PLANE('',#3730);
#3325=PLANE('',#3731);
#3326=PLANE('',#3733);
#3327=PLANE('',#3735);
#3328=PLANE('',#3736);
#3329=PLANE('',#3737);
#3330=PLANE('',#3738);
#3331=PLANE('',#3739);
#3332=PLANE('',#3741);
#3333=PLANE('',#3742);
#3334=PLANE('',#3743);
#3335=PLANE('',#3744);
#3336=PLANE('',#3745);
#3337=PLANE('',#3747);
#3338=PLANE('',#3748);
#3339=PLANE('',#3749);
#3340=PLANE('',#3750);
#3341=PLANE('',#3753);
#3342=PLANE('',#3756);
#3343=PLANE('',#3759);
#3344=PLANE('',#3762);
#3345=PLANE('',#3763);
#3346=PLANE('',#3764);
#3347=PLANE('',#3765);
#3348=PLANE('',#3766);
#3349=PLANE('',#3767);
#3350=PLANE('',#3768);
#3351=ADVANCED_FACE('',(#131),#3206,.T.);
#3352=ADVANCED_FACE('',(#132),#3207,.T.);
#3353=ADVANCED_FACE('',(#133),#3208,.T.);
#3354=ADVANCED_FACE('',(#134),#3209,.T.);
#3355=ADVANCED_FACE('',(#135),#107,.F.);
#3356=ADVANCED_FACE('',(#136),#108,.F.);
#3357=ADVANCED_FACE('',(#137),#3210,.T.);
#3358=ADVANCED_FACE('',(#138,#15),#3211,.F.);
#3359=ADVANCED_FACE('',(#139),#109,.F.);
#3360=ADVANCED_FACE('',(#140),#110,.F.);
#3361=ADVANCED_FACE('',(#141),#3212,.T.);
#3362=ADVANCED_FACE('',(#142,#16),#3213,.F.);
#3363=ADVANCED_FACE('',(#143),#111,.F.);
#3364=ADVANCED_FACE('',(#144,#17),#3214,.F.);
#3365=ADVANCED_FACE('',(#145),#112,.F.);
#3366=ADVANCED_FACE('',(#146,#18),#3215,.F.);
#3367=ADVANCED_FACE('',(#147),#113,.F.);
#3368=ADVANCED_FACE('',(#148),#114,.F.);
#3369=ADVANCED_FACE('',(#149),#3216,.T.);
#3370=ADVANCED_FACE('',(#150,#19),#3217,.F.);
#3371=ADVANCED_FACE('',(#151),#115,.F.);
#3372=ADVANCED_FACE('',(#152),#116,.F.);
#3373=ADVANCED_FACE('',(#153),#3218,.T.);
#3374=ADVANCED_FACE('',(#154,#20),#3219,.F.);
#3375=ADVANCED_FACE('',(#155),#117,.F.);
#3376=ADVANCED_FACE('',(#156),#118,.F.);
#3377=ADVANCED_FACE('',(#157),#3220,.T.);
#3378=ADVANCED_FACE('',(#158,#21),#3221,.F.);
#3379=ADVANCED_FACE('',(#159),#119,.F.);
#3380=ADVANCED_FACE('',(#160),#3222,.T.);
#3381=ADVANCED_FACE('',(#161),#120,.F.);
#3382=ADVANCED_FACE('',(#162,#22),#3223,.F.);
#3383=ADVANCED_FACE('',(#163),#3224,.T.);
#3384=ADVANCED_FACE('',(#164,#23),#3225,.T.);
#3385=ADVANCED_FACE('',(#165),#3226,.T.);
#3386=ADVANCED_FACE('',(#166,#24),#3227,.T.);
#3387=ADVANCED_FACE('',(#167),#3228,.T.);
#3388=ADVANCED_FACE('',(#168,#25),#3229,.T.);
#3389=ADVANCED_FACE('',(#169),#3230,.T.);
#3390=ADVANCED_FACE('',(#170,#26),#3231,.T.);
#3391=ADVANCED_FACE('',(#171),#3232,.T.);
#3392=ADVANCED_FACE('',(#172,#27),#3233,.T.);
#3393=ADVANCED_FACE('',(#173),#3234,.T.);
#3394=ADVANCED_FACE('',(#174,#28),#3235,.T.);
#3395=ADVANCED_FACE('',(#175),#3236,.T.);
#3396=ADVANCED_FACE('',(#176,#29),#3237,.T.);
#3397=ADVANCED_FACE('',(#177),#3238,.T.);
#3398=ADVANCED_FACE('',(#178,#30),#3239,.T.);
#3399=ADVANCED_FACE('',(#179),#3240,.T.);
#3400=ADVANCED_FACE('',(#180),#3241,.T.);
#3401=ADVANCED_FACE('',(#181),#3242,.T.);
#3402=ADVANCED_FACE('',(#182),#3243,.T.);
#3403=ADVANCED_FACE('',(#183),#121,.F.);
#3404=ADVANCED_FACE('',(#184),#3244,.F.);
#3405=ADVANCED_FACE('',(#185),#3245,.F.);
#3406=ADVANCED_FACE('',(#186),#3246,.F.);
#3407=ADVANCED_FACE('',(#187),#122,.F.);
#3408=ADVANCED_FACE('',(#188),#3247,.F.);
#3409=ADVANCED_FACE('',(#189),#3248,.T.);
#3410=ADVANCED_FACE('',(#190),#3249,.T.);
#3411=ADVANCED_FACE('',(#191),#123,.F.);
#3412=ADVANCED_FACE('',(#192),#3250,.F.);
#3413=ADVANCED_FACE('',(#193),#3251,.F.);
#3414=ADVANCED_FACE('',(#194),#3252,.F.);
#3415=ADVANCED_FACE('',(#195),#3253,.T.);
#3416=ADVANCED_FACE('',(#196),#3254,.F.);
#3417=ADVANCED_FACE('',(#197,#31),#3255,.T.);
#3418=ADVANCED_FACE('',(#198),#3256,.F.);
#3419=ADVANCED_FACE('',(#199),#3257,.F.);
#3420=ADVANCED_FACE('',(#200),#3258,.F.);
#3421=ADVANCED_FACE('',(#201),#3259,.F.);
#3422=ADVANCED_FACE('',(#202),#3260,.F.);
#3423=ADVANCED_FACE('',(#203),#3261,.F.);
#3424=ADVANCED_FACE('',(#204),#3262,.F.);
#3425=ADVANCED_FACE('',(#205),#3263,.F.);
#3426=ADVANCED_FACE('',(#206),#124,.F.);
#3427=ADVANCED_FACE('',(#207),#3264,.T.);
#3428=ADVANCED_FACE('',(#208),#3265,.T.);
#3429=ADVANCED_FACE('',(#209),#3266,.T.);
#3430=ADVANCED_FACE('',(#210),#3267,.T.);
#3431=ADVANCED_FACE('',(#211),#3268,.F.);
#3432=ADVANCED_FACE('',(#212),#3269,.F.);
#3433=ADVANCED_FACE('',(#213),#3270,.F.);
#3434=ADVANCED_FACE('',(#214),#3271,.F.);
#3435=ADVANCED_FACE('',(#215),#3272,.T.);
#3436=ADVANCED_FACE('',(#216),#3273,.F.);
#3437=ADVANCED_FACE('',(#217),#3274,.F.);
#3438=ADVANCED_FACE('',(#218),#3275,.F.);
#3439=ADVANCED_FACE('',(#219),#3276,.F.);
#3440=ADVANCED_FACE('',(#220),#3277,.T.);
#3441=ADVANCED_FACE('',(#221),#3278,.F.);
#3442=ADVANCED_FACE('',(#222),#3279,.F.);
#3443=ADVANCED_FACE('',(#223),#3280,.F.);
#3444=ADVANCED_FACE('',(#224),#3281,.F.);
#3445=ADVANCED_FACE('',(#225),#3282,.F.);
#3446=ADVANCED_FACE('',(#226),#3283,.F.);
#3447=ADVANCED_FACE('',(#227),#3284,.F.);
#3448=ADVANCED_FACE('',(#228),#3285,.F.);
#3449=ADVANCED_FACE('',(#229),#125,.F.);
#3450=ADVANCED_FACE('',(#230),#3286,.T.);
#3451=ADVANCED_FACE('',(#231),#3287,.T.);
#3452=ADVANCED_FACE('',(#232),#3288,.F.);
#3453=ADVANCED_FACE('',(#233),#3289,.F.);
#3454=ADVANCED_FACE('',(#234),#3290,.F.);
#3455=ADVANCED_FACE('',(#235),#3291,.F.);
#3456=ADVANCED_FACE('',(#236),#3292,.F.);
#3457=ADVANCED_FACE('',(#237),#3293,.F.);
#3458=ADVANCED_FACE('',(#238),#3294,.F.);
#3459=ADVANCED_FACE('',(#239),#3295,.F.);
#3460=ADVANCED_FACE('',(#240),#3296,.T.);
#3461=ADVANCED_FACE('',(#241),#3297,.T.);
#3462=ADVANCED_FACE('',(#242),#3298,.F.);
#3463=ADVANCED_FACE('',(#243),#3299,.F.);
#3464=ADVANCED_FACE('',(#244),#3300,.F.);
#3465=ADVANCED_FACE('',(#245),#3301,.F.);
#3466=ADVANCED_FACE('',(#246),#3302,.F.);
#3467=ADVANCED_FACE('',(#247),#3303,.F.);
#3468=ADVANCED_FACE('',(#248),#3304,.F.);
#3469=ADVANCED_FACE('',(#249),#3305,.F.);
#3470=ADVANCED_FACE('',(#250),#126,.F.);
#3471=ADVANCED_FACE('',(#251),#3306,.F.);
#3472=ADVANCED_FACE('',(#252),#3307,.F.);
#3473=ADVANCED_FACE('',(#253),#3308,.T.);
#3474=ADVANCED_FACE('',(#254),#3309,.T.);
#3475=ADVANCED_FACE('',(#255),#3310,.F.);
#3476=ADVANCED_FACE('',(#256),#3311,.F.);
#3477=ADVANCED_FACE('',(#257),#3312,.F.);
#3478=ADVANCED_FACE('',(#258),#3313,.F.);
#3479=ADVANCED_FACE('',(#259),#3314,.F.);
#3480=ADVANCED_FACE('',(#260),#3315,.F.);
#3481=ADVANCED_FACE('',(#261),#3316,.F.);
#3482=ADVANCED_FACE('',(#262),#3317,.T.);
#3483=ADVANCED_FACE('',(#263),#3318,.T.);
#3484=ADVANCED_FACE('',(#264),#3319,.F.);
#3485=ADVANCED_FACE('',(#265),#3320,.F.);
#3486=ADVANCED_FACE('',(#266),#3321,.T.);
#3487=ADVANCED_FACE('',(#267),#3322,.T.);
#3488=ADVANCED_FACE('',(#268),#3323,.T.);
#3489=ADVANCED_FACE('',(#269),#3324,.T.);
#3490=ADVANCED_FACE('',(#270),#3325,.F.);
#3491=ADVANCED_FACE('',(#271),#3326,.F.);
#3492=ADVANCED_FACE('',(#272),#3327,.T.);
#3493=ADVANCED_FACE('',(#273),#3328,.T.);
#3494=ADVANCED_FACE('',(#274),#3329,.T.);
#3495=ADVANCED_FACE('',(#275),#3330,.T.);
#3496=ADVANCED_FACE('',(#276),#3331,.F.);
#3497=ADVANCED_FACE('',(#277),#3332,.T.);
#3498=ADVANCED_FACE('',(#278),#3333,.T.);
#3499=ADVANCED_FACE('',(#279),#3334,.T.);
#3500=ADVANCED_FACE('',(#280),#3335,.T.);
#3501=ADVANCED_FACE('',(#281),#3336,.F.);
#3502=ADVANCED_FACE('',(#282),#3337,.T.);
#3503=ADVANCED_FACE('',(#283),#3338,.T.);
#3504=ADVANCED_FACE('',(#284),#3339,.T.);
#3505=ADVANCED_FACE('',(#285),#3340,.T.);
#3506=ADVANCED_FACE('',(#286),#127,.T.);
#3507=ADVANCED_FACE('',(#287,#32,#33),#3341,.T.);
#3508=ADVANCED_FACE('',(#288),#128,.T.);
#3509=ADVANCED_FACE('',(#289,#34,#35),#3342,.T.);
#3510=ADVANCED_FACE('',(#290),#129,.T.);
#3511=ADVANCED_FACE('',(#291,#36,#37),#3343,.T.);
#3512=ADVANCED_FACE('',(#292),#130,.T.);
#3513=ADVANCED_FACE('',(#293,#38,#39),#3344,.T.);
#3514=ADVANCED_FACE('',(#294,#40),#3345,.T.);
#3515=ADVANCED_FACE('',(#295),#3346,.F.);
#3516=ADVANCED_FACE('',(#296),#3347,.F.);
#3517=ADVANCED_FACE('',(#297),#3348,.F.);
#3518=ADVANCED_FACE('',(#298),#3349,.F.);
#3519=ADVANCED_FACE('',(#299),#3350,.F.);
#3520=CLOSED_SHELL('',(#3351,#3352,#3353,#3354,#3355,#3356,#3357,#3358,
#3359,#3360,#3361,#3362,#3363,#3364,#3365,#3366,#3367,#3368,#3369,#3370,
#3371,#3372,#3373,#3374,#3375,#3376,#3377,#3378,#3379,#3380,#3381,#3382,
#3383,#3384,#3385,#3386,#3387,#3388,#3389,#3390,#3391,#3392,#3393,#3394,
#3395,#3396,#3397,#3398,#3399,#3400,#3401,#3402,#3403,#3404,#3405,#3406,
#3407,#3408,#3409,#3410,#3411,#3412,#3413,#3414,#3415,#3416,#3417,#3418,
#3419,#3420,#3421,#3422,#3423,#3424,#3425,#3426,#3427,#3428,#3429,#3430,
#3431,#3432,#3433,#3434,#3435,#3436,#3437,#3438,#3439,#3440,#3441,#3442,
#3443,#3444,#3445,#3446,#3447,#3448,#3449,#3450,#3451,#3452,#3453,#3454,
#3455,#3456,#3457,#3458,#3459,#3460,#3461,#3462,#3463,#3464,#3465,#3466,
#3467,#3468,#3469,#3470,#3471,#3472,#3473,#3474,#3475,#3476,#3477,#3478,
#3479,#3480,#3481,#3482,#3483,#3484,#3485,#3486,#3487,#3488,#3489,#3490,
#3491,#3492,#3493,#3494,#3495,#3496,#3497,#3498,#3499,#3500,#3501,#3502,
#3503,#3504,#3505,#3506,#3507,#3508,#3509,#3510,#3511,#3512,#3513,#3514,
#3515,#3516,#3517,#3518,#3519));
#3521=DERIVED_UNIT_ELEMENT(#3523,1.);
#3522=DERIVED_UNIT_ELEMENT(#5684,-3.);
#3523=(
MASS_UNIT()
NAMED_UNIT(*)
SI_UNIT(.KILO.,.GRAM.)
);
#3524=DERIVED_UNIT((#3521,#3522));
#3525=MEASURE_REPRESENTATION_ITEM('density measure',
POSITIVE_RATIO_MEASURE(7850.),#3524);
#3526=PROPERTY_DEFINITION_REPRESENTATION(#3531,#3528);
#3527=PROPERTY_DEFINITION_REPRESENTATION(#3532,#3529);
#3528=REPRESENTATION('material name',(#3530),#5681);
#3529=REPRESENTATION('density',(#3525),#5681);
#3530=DESCRIPTIVE_REPRESENTATION_ITEM('\X2\94A2\X0\','\X2\94A2\X0\');
#3531=PROPERTY_DEFINITION('material property','material name',#5691);
#3532=PROPERTY_DEFINITION('material property','density of part',#5691);
#3533=AXIS2_PLACEMENT_3D('',#4678,#3769,#3770);
#3534=AXIS2_PLACEMENT_3D('',#4679,#3771,#3772);
#3535=AXIS2_PLACEMENT_3D('',#4688,#3777,#3778);
#3536=AXIS2_PLACEMENT_3D('',#4697,#3783,#3784);
#3537=AXIS2_PLACEMENT_3D('',#4706,#3789,#3790);
#3538=AXIS2_PLACEMENT_3D('',#4715,#3795,#3796);
#3539=AXIS2_PLACEMENT_3D('',#4718,#3797,#3798);
#3540=AXIS2_PLACEMENT_3D('',#4722,#3800,#3801);
#3541=AXIS2_PLACEMENT_3D('',#4724,#3803,#3804);
#3542=AXIS2_PLACEMENT_3D('',#4727,#3805,#3806);
#3543=AXIS2_PLACEMENT_3D('',#4731,#3808,#3809);
#3544=AXIS2_PLACEMENT_3D('',#4733,#3811,#3812);
#3545=AXIS2_PLACEMENT_3D('',#4739,#3816,#3817);
#3546=AXIS2_PLACEMENT_3D('',#4750,#3824,#3825);
#3547=AXIS2_PLACEMENT_3D('',#4753,#3826,#3827);
#3548=AXIS2_PLACEMENT_3D('',#4757,#3829,#3830);
#3549=AXIS2_PLACEMENT_3D('',#4759,#3832,#3833);
#3550=AXIS2_PLACEMENT_3D('',#4762,#3834,#3835);
#3551=AXIS2_PLACEMENT_3D('',#4766,#3837,#3838);
#3552=AXIS2_PLACEMENT_3D('',#4768,#3840,#3841);
#3553=AXIS2_PLACEMENT_3D('',#4770,#3843,#3844);
#3554=AXIS2_PLACEMENT_3D('',#4781,#3851,#3852);
#3555=AXIS2_PLACEMENT_3D('',#4784,#3853,#3854);
#3556=AXIS2_PLACEMENT_3D('',#4788,#3856,#3857);
#3557=AXIS2_PLACEMENT_3D('',#4790,#3859,#3860);
#3558=AXIS2_PLACEMENT_3D('',#4803,#3867,#3868);
#3559=AXIS2_PLACEMENT_3D('',#4804,#3869,#3870);
#3560=AXIS2_PLACEMENT_3D('',#4807,#3871,#3872);
#3561=AXIS2_PLACEMENT_3D('',#4811,#3874,#3875);
#3562=AXIS2_PLACEMENT_3D('',#4813,#3877,#3878);
#3563=AXIS2_PLACEMENT_3D('',#4826,#3885,#3886);
#3564=AXIS2_PLACEMENT_3D('',#4827,#3887,#3888);
#3565=AXIS2_PLACEMENT_3D('',#4830,#3889,#3890);
#3566=AXIS2_PLACEMENT_3D('',#4834,#3892,#3893);
#3567=AXIS2_PLACEMENT_3D('',#4836,#3895,#3896);
#3568=AXIS2_PLACEMENT_3D('',#4839,#3897,#3898);
#3569=AXIS2_PLACEMENT_3D('',#4843,#3900,#3901);
#3570=AXIS2_PLACEMENT_3D('',#4845,#3903,#3904);
#3571=AXIS2_PLACEMENT_3D('',#4847,#3906,#3907);
#3572=AXIS2_PLACEMENT_3D('',#4858,#3914,#3915);
#3573=AXIS2_PLACEMENT_3D('',#4861,#3916,#3917);
#3574=AXIS2_PLACEMENT_3D('',#4865,#3919,#3920);
#3575=AXIS2_PLACEMENT_3D('',#4867,#3922,#3923);
#3576=AXIS2_PLACEMENT_3D('',#4870,#3924,#3925);
#3577=AXIS2_PLACEMENT_3D('',#4874,#3927,#3928);
#3578=AXIS2_PLACEMENT_3D('',#4876,#3930,#3931);
#3579=AXIS2_PLACEMENT_3D('',#4878,#3933,#3934);
#3580=AXIS2_PLACEMENT_3D('',#4889,#3941,#3942);
#3581=AXIS2_PLACEMENT_3D('',#4892,#3943,#3944);
#3582=AXIS2_PLACEMENT_3D('',#4896,#3946,#3947);
#3583=AXIS2_PLACEMENT_3D('',#4898,#3949,#3950);
#3584=AXIS2_PLACEMENT_3D('',#4901,#3951,#3952);
#3585=AXIS2_PLACEMENT_3D('',#4905,#3954,#3955);
#3586=AXIS2_PLACEMENT_3D('',#4907,#3957,#3958);
#3587=AXIS2_PLACEMENT_3D('',#4909,#3960,#3961);
#3588=AXIS2_PLACEMENT_3D('',#4920,#3968,#3969);
#3589=AXIS2_PLACEMENT_3D('',#4923,#3970,#3971);
#3590=AXIS2_PLACEMENT_3D('',#4927,#3973,#3974);
#3591=AXIS2_PLACEMENT_3D('',#4929,#3976,#3977);
#3592=AXIS2_PLACEMENT_3D('',#4933,#3979,#3980);
#3593=AXIS2_PLACEMENT_3D('',#4934,#3981,#3982);
#3594=AXIS2_PLACEMENT_3D('',#4937,#3983,#3984);
#3595=AXIS2_PLACEMENT_3D('',#4940,#3986,#3987);
#3596=AXIS2_PLACEMENT_3D('',#4942,#3988,#3989);
#3597=AXIS2_PLACEMENT_3D('',#4944,#3991,#3992);
#3598=AXIS2_PLACEMENT_3D('',#4955,#3999,#4000);
#3599=AXIS2_PLACEMENT_3D('',#4964,#4005,#4006);
#3600=AXIS2_PLACEMENT_3D('',#4975,#4013,#4014);
#3601=AXIS2_PLACEMENT_3D('',#4984,#4019,#4020);
#3602=AXIS2_PLACEMENT_3D('',#4995,#4027,#4028);
#3603=AXIS2_PLACEMENT_3D('',#5004,#4033,#4034);
#3604=AXIS2_PLACEMENT_3D('',#5015,#4041,#4042);
#3605=AXIS2_PLACEMENT_3D('',#5024,#4047,#4048);
#3606=AXIS2_PLACEMENT_3D('',#5035,#4055,#4056);
#3607=AXIS2_PLACEMENT_3D('',#5044,#4061,#4062);
#3608=AXIS2_PLACEMENT_3D('',#5055,#4069,#4070);
#3609=AXIS2_PLACEMENT_3D('',#5064,#4075,#4076);
#3610=AXIS2_PLACEMENT_3D('',#5075,#4083,#4084);
#3611=AXIS2_PLACEMENT_3D('',#5084,#4089,#4090);
#3612=AXIS2_PLACEMENT_3D('',#5095,#4097,#4098);
#3613=AXIS2_PLACEMENT_3D('',#5104,#4103,#4104);
#3614=AXIS2_PLACEMENT_3D('',#5115,#4111,#4112);
#3615=AXIS2_PLACEMENT_3D('',#5118,#4113,#4114);
#3616=AXIS2_PLACEMENT_3D('',#5121,#4117,#4118);
#3617=AXIS2_PLACEMENT_3D('',#5143,#4131,#4132);
#3618=AXIS2_PLACEMENT_3D('',#5147,#4135,#4136);
#3619=AXIS2_PLACEMENT_3D('',#5149,#4137,#4138);
#3620=AXIS2_PLACEMENT_3D('',#5151,#4140,#4141);
#3621=AXIS2_PLACEMENT_3D('',#5154,#4143,#4144);
#3622=AXIS2_PLACEMENT_3D('',#5157,#4146,#4147);
#3623=AXIS2_PLACEMENT_3D('',#5158,#4148,#4149);
#3624=AXIS2_PLACEMENT_3D('',#5164,#4153,#4154);
#3625=AXIS2_PLACEMENT_3D('',#5168,#4157,#4158);
#3626=AXIS2_PLACEMENT_3D('',#5172,#4161,#4162);
#3627=AXIS2_PLACEMENT_3D('',#5174,#4163,#4164);
#3628=AXIS2_PLACEMENT_3D('',#5175,#4165,#4166);
#3629=AXIS2_PLACEMENT_3D('',#5176,#4167,#4168);
#3630=AXIS2_PLACEMENT_3D('',#5183,#4173,#4174);
#3631=AXIS2_PLACEMENT_3D('',#5184,#4175,#4176);
#3632=AXIS2_PLACEMENT_3D('',#5188,#4179,#4180);
#3633=AXIS2_PLACEMENT_3D('',#5191,#4181,#4182);
#3634=AXIS2_PLACEMENT_3D('',#5195,#4185,#4186);
#3635=AXIS2_PLACEMENT_3D('',#5196,#4187,#4188);
#3636=AXIS2_PLACEMENT_3D('',#5198,#4190,#4191);
#3637=AXIS2_PLACEMENT_3D('',#5200,#4193,#4194);
#3638=AXIS2_PLACEMENT_3D('',#5207,#4199,#4200);
#3639=AXIS2_PLACEMENT_3D('',#5209,#4202,#4203);
#3640=AXIS2_PLACEMENT_3D('',#5215,#4207,#4208);
#3641=AXIS2_PLACEMENT_3D('',#5231,#4218,#4219);
#3642=AXIS2_PLACEMENT_3D('',#5237,#4223,#4224);
#3643=AXIS2_PLACEMENT_3D('',#5241,#4227,#4228);
#3644=AXIS2_PLACEMENT_3D('',#5245,#4231,#4232);
#3645=AXIS2_PLACEMENT_3D('',#5247,#4234,#4235);
#3646=AXIS2_PLACEMENT_3D('',#5253,#4239,#4240);
#3647=AXIS2_PLACEMENT_3D('',#5257,#4243,#4244);
#3648=AXIS2_PLACEMENT_3D('',#5261,#4247,#4248);
#3649=AXIS2_PLACEMENT_3D('',#5263,#4250,#4251);
#3650=AXIS2_PLACEMENT_3D('',#5265,#4252,#4253);
#3651=AXIS2_PLACEMENT_3D('',#5267,#4254,#4255);
#3652=AXIS2_PLACEMENT_3D('',#5271,#4257,#4258);
#3653=AXIS2_PLACEMENT_3D('',#5274,#4260,#4261);
#3654=AXIS2_PLACEMENT_3D('',#5276,#4262,#4263);
#3655=AXIS2_PLACEMENT_3D('',#5280,#4265,#4266);
#3656=AXIS2_PLACEMENT_3D('',#5282,#4268,#4269);
#3657=AXIS2_PLACEMENT_3D('',#5284,#4271,#4272);
#3658=AXIS2_PLACEMENT_3D('',#5301,#4283,#4284);
#3659=AXIS2_PLACEMENT_3D('',#5303,#4286,#4287);
#3660=AXIS2_PLACEMENT_3D('',#5304,#4288,#4289);
#3661=AXIS2_PLACEMENT_3D('',#5310,#4293,#4294);
#3662=AXIS2_PLACEMENT_3D('',#5312,#4296,#4297);
#3663=AXIS2_PLACEMENT_3D('',#5314,#4299,#4300);
#3664=AXIS2_PLACEMENT_3D('',#5321,#4305,#4306);
#3665=AXIS2_PLACEMENT_3D('',#5323,#4308,#4309);
#3666=AXIS2_PLACEMENT_3D('',#5325,#4311,#4312);
#3667=AXIS2_PLACEMENT_3D('',#5327,#4314,#4315);
#3668=AXIS2_PLACEMENT_3D('',#5334,#4320,#4321);
#3669=AXIS2_PLACEMENT_3D('',#5340,#4325,#4326);
#3670=AXIS2_PLACEMENT_3D('',#5356,#4336,#4337);
#3671=AXIS2_PLACEMENT_3D('',#5362,#4341,#4342);
#3672=AXIS2_PLACEMENT_3D('',#5366,#4345,#4346);
#3673=AXIS2_PLACEMENT_3D('',#5370,#4349,#4350);
#3674=AXIS2_PLACEMENT_3D('',#5372,#4352,#4353);
#3675=AXIS2_PLACEMENT_3D('',#5378,#4357,#4358);
#3676=AXIS2_PLACEMENT_3D('',#5382,#4361,#4362);
#3677=AXIS2_PLACEMENT_3D('',#5386,#4365,#4366);
#3678=AXIS2_PLACEMENT_3D('',#5388,#4368,#4369);
#3679=AXIS2_PLACEMENT_3D('',#5389,#4370,#4371);
#3680=AXIS2_PLACEMENT_3D('',#5390,#4372,#4373);
#3681=AXIS2_PLACEMENT_3D('',#5391,#4374,#4375);
#3682=AXIS2_PLACEMENT_3D('',#5392,#4376,#4377);
#3683=AXIS2_PLACEMENT_3D('',#5393,#4378,#4379);
#3684=AXIS2_PLACEMENT_3D('',#5394,#4380,#4381);
#3685=AXIS2_PLACEMENT_3D('',#5395,#4382,#4383);
#3686=AXIS2_PLACEMENT_3D('',#5396,#4384,#4385);
#3687=AXIS2_PLACEMENT_3D('',#5397,#4386,#4387);
#3688=AXIS2_PLACEMENT_3D('',#5403,#4391,#4392);
#3689=AXIS2_PLACEMENT_3D('',#5405,#4394,#4395);
#3690=AXIS2_PLACEMENT_3D('',#5407,#4397,#4398);
#3691=AXIS2_PLACEMENT_3D('',#5414,#4403,#4404);
#3692=AXIS2_PLACEMENT_3D('',#5420,#4408,#4409);
#3693=AXIS2_PLACEMENT_3D('',#5424,#4412,#4413);
#3694=AXIS2_PLACEMENT_3D('',#5428,#4416,#4417);
#3695=AXIS2_PLACEMENT_3D('',#5430,#4419,#4420);
#3696=AXIS2_PLACEMENT_3D('',#5431,#4421,#4422);
#3697=AXIS2_PLACEMENT_3D('',#5432,#4423,#4424);
#3698=AXIS2_PLACEMENT_3D('',#5434,#4426,#4427);
#3699=AXIS2_PLACEMENT_3D('',#5436,#4429,#4430);
#3700=AXIS2_PLACEMENT_3D('',#5443,#4435,#4436);
#3701=AXIS2_PLACEMENT_3D('',#5449,#4440,#4441);
#3702=AXIS2_PLACEMENT_3D('',#5455,#4445,#4446);
#3703=AXIS2_PLACEMENT_3D('',#5459,#4449,#4450);
#3704=AXIS2_PLACEMENT_3D('',#5463,#4453,#4454);
#3705=AXIS2_PLACEMENT_3D('',#5465,#4456,#4457);
#3706=AXIS2_PLACEMENT_3D('',#5466,#4458,#4459);
#3707=AXIS2_PLACEMENT_3D('',#5467,#4460,#4461);
#3708=AXIS2_PLACEMENT_3D('',#5468,#4462,#4463);
#3709=AXIS2_PLACEMENT_3D('',#5469,#4464,#4465);
#3710=AXIS2_PLACEMENT_3D('',#5470,#4466,#4467);
#3711=AXIS2_PLACEMENT_3D('',#5471,#4468,#4469);
#3712=AXIS2_PLACEMENT_3D('',#5472,#4470,#4471);
#3713=AXIS2_PLACEMENT_3D('',#5482,#4477,#4478);
#3714=AXIS2_PLACEMENT_3D('',#5492,#4484,#4485);
#3715=AXIS2_PLACEMENT_3D('',#5493,#4486,#4487);
#3716=AXIS2_PLACEMENT_3D('',#5494,#4488,#4489);
#3717=AXIS2_PLACEMENT_3D('',#5496,#4491,#4492);
#3718=AXIS2_PLACEMENT_3D('',#5498,#4494,#4495);
#3719=AXIS2_PLACEMENT_3D('',#5503,#4499,#4500);
#3720=AXIS2_PLACEMENT_3D('',#5507,#4503,#4504);
#3721=AXIS2_PLACEMENT_3D('',#5513,#4508,#4509);
#3722=AXIS2_PLACEMENT_3D('',#5515,#4511,#4512);
#3723=AXIS2_PLACEMENT_3D('',#5517,#4514,#4515);
#3724=AXIS2_PLACEMENT_3D('',#5518,#4516,#4517);
#3725=AXIS2_PLACEMENT_3D('',#5519,#4518,#4519);
#3726=AXIS2_PLACEMENT_3D('',#5526,#4524,#4525);
#3727=AXIS2_PLACEMENT_3D('',#5533,#4530,#4531);
#3728=AXIS2_PLACEMENT_3D('',#5539,#4535,#4536);
#3729=AXIS2_PLACEMENT_3D('',#5545,#4540,#4541);
#3730=AXIS2_PLACEMENT_3D('',#5551,#4545,#4546);
#3731=AXIS2_PLACEMENT_3D('',#5553,#4548,#4549);
#3732=AXIS2_PLACEMENT_3D('',#5557,#4551,#4552);
#3733=AXIS2_PLACEMENT_3D('',#5561,#4555,#4556);
#3734=AXIS2_PLACEMENT_3D('',#5567,#4559,#4560);
#3735=AXIS2_PLACEMENT_3D('',#5569,#4562,#4563);
#3736=AXIS2_PLACEMENT_3D('',#5575,#4567,#4568);
#3737=AXIS2_PLACEMENT_3D('',#5579,#4571,#4572);
#3738=AXIS2_PLACEMENT_3D('',#5585,#4576,#4577);
#3739=AXIS2_PLACEMENT_3D('',#5587,#4579,#4580);
#3740=AXIS2_PLACEMENT_3D('',#5593,#4583,#4584);
#3741=AXIS2_PLACEMENT_3D('',#5595,#4586,#4587);
#3742=AXIS2_PLACEMENT_3D('',#5603,#4592,#4593);
#3743=AXIS2_PLACEMENT_3D('',#5609,#4597,#4598);
#3744=AXIS2_PLACEMENT_3D('',#5611,#4600,#4601);
#3745=AXIS2_PLACEMENT_3D('',#5613,#4603,#4604);
#3746=AXIS2_PLACEMENT_3D('',#5617,#4606,#4607);
#3747=AXIS2_PLACEMENT_3D('',#5621,#4610,#4611);
#3748=AXIS2_PLACEMENT_3D('',#5627,#4615,#4616);
#3749=AXIS2_PLACEMENT_3D('',#5633,#4620,#4621);
#3750=AXIS2_PLACEMENT_3D('',#5635,#4623,#4624);
#3751=AXIS2_PLACEMENT_3D('',#5637,#4626,#4627);
#3752=AXIS2_PLACEMENT_3D('',#5640,#4628,#4629);
#3753=AXIS2_PLACEMENT_3D('',#5643,#4632,#4633);
#3754=AXIS2_PLACEMENT_3D('',#5648,#4637,#4638);
#3755=AXIS2_PLACEMENT_3D('',#5650,#4639,#4640);
#3756=AXIS2_PLACEMENT_3D('',#5652,#4642,#4643);
#3757=AXIS2_PLACEMENT_3D('',#5656,#4646,#4647);
#3758=AXIS2_PLACEMENT_3D('',#5658,#4648,#4649);
#3759=AXIS2_PLACEMENT_3D('',#5660,#4651,#4652);
#3760=AXIS2_PLACEMENT_3D('',#5664,#4655,#4656);
#3761=AXIS2_PLACEMENT_3D('',#5666,#4657,#4658);
#3762=AXIS2_PLACEMENT_3D('',#5668,#4660,#4661);
#3763=AXIS2_PLACEMENT_3D('',#5670,#4663,#4664);
#3764=AXIS2_PLACEMENT_3D('',#5671,#4665,#4666);
#3765=AXIS2_PLACEMENT_3D('',#5673,#4668,#4669);
#3766=AXIS2_PLACEMENT_3D('',#5674,#4670,#4671);
#3767=AXIS2_PLACEMENT_3D('',#5676,#4673,#4674);
#3768=AXIS2_PLACEMENT_3D('',#5678,#4676,#4677);
#3769=DIRECTION('axis',(0.,0.,1.));
#3770=DIRECTION('refdir',(1.,0.,0.));
#3771=DIRECTION('center_axis',(0.,0.,1.));
#3772=DIRECTION('ref_axis',(1.,0.,0.));
#3773=DIRECTION('',(-1.,8.32667268468866E-17,0.));
#3774=DIRECTION('',(0.707106781186548,0.707106781186547,0.));
#3775=DIRECTION('',(-1.,8.32667268468866E-17,0.));
#3776=DIRECTION('',(0.707106781186547,-0.707106781186548,0.));
#3777=DIRECTION('center_axis',(0.,0.,1.));
#3778=DIRECTION('ref_axis',(1.,0.,0.));
#3779=DIRECTION('',(8.32667268468866E-17,1.,0.));
#3780=DIRECTION('',(0.707106781186547,-0.707106781186548,0.));
#3781=DIRECTION('',(8.32667268468866E-17,1.,0.));
#3782=DIRECTION('',(-0.707106781186547,-0.707106781186548,0.));
#3783=DIRECTION('center_axis',(0.,0.,1.));
#3784=DIRECTION('ref_axis',(1.,0.,0.));
#3785=DIRECTION('',(1.,-8.32667268468866E-17,0.));
#3786=DIRECTION('',(-0.707106781186548,-0.707106781186547,0.));
#3787=DIRECTION('',(1.,-8.32667268468866E-17,0.));
#3788=DIRECTION('',(-0.707106781186548,0.707106781186547,0.));
#3789=DIRECTION('center_axis',(0.,0.,1.));
#3790=DIRECTION('ref_axis',(1.,0.,0.));
#3791=DIRECTION('',(-8.32667268468866E-17,-1.,0.));
#3792=DIRECTION('',(-0.707106781186547,0.707106781186548,0.));
#3793=DIRECTION('',(-8.32667268468866E-17,-1.,0.));
#3794=DIRECTION('',(0.707106781186548,0.707106781186547,0.));
#3795=DIRECTION('center_axis',(0.727740192829956,0.685852908238945,0.));
#3796=DIRECTION('ref_axis',(0.,0.,1.));
#3797=DIRECTION('center_axis',(0.727740192829955,0.685852908238946,-2.66453525910037E-14));
#3798=DIRECTION('ref_axis',(0.,0.,1.));
#3799=DIRECTION('',(0.727740192829956,0.685852908238945,0.));
#3800=DIRECTION('center_axis',(-0.727740192829955,-0.685852908238946,3.23815048849003E-16));
#3801=DIRECTION('ref_axis',(0.,0.,1.));
#3802=DIRECTION('',(0.727740192829956,0.685852908238945,0.));
#3803=DIRECTION('center_axis',(0.727740192829956,0.685852908238945,0.));
#3804=DIRECTION('ref_axis',(0.,0.,-1.));
#3805=DIRECTION('center_axis',(0.727740192829955,0.685852908238946,-2.66453525910037E-14));
#3806=DIRECTION('ref_axis',(0.,0.,-1.));
#3807=DIRECTION('',(0.727740192829956,0.685852908238945,0.));
#3808=DIRECTION('center_axis',(0.727740192829955,0.685852908238946,0.));
#3809=DIRECTION('ref_axis',(0.,0.,-1.));
#3810=DIRECTION('',(0.727740192829956,0.685852908238945,0.));
#3811=DIRECTION('center_axis',(-0.727740192829955,-0.685852908238946,-2.22044604925032E-15));
#3812=DIRECTION('ref_axis',(0.685852908238946,-0.727740192829955,0.));
#3813=DIRECTION('',(2.35653226090615E-16,2.22089492984625E-16,1.));
#3814=DIRECTION('',(-0.685852908238946,0.727740192829955,0.));
#3815=DIRECTION('',(0.685852908238946,-0.727740192829955,0.));
#3816=DIRECTION('center_axis',(0.727740192829955,0.685852908238946,-2.66453525910037E-14));
#3817=DIRECTION('ref_axis',(-3.66138257217707E-14,0.,-1.));
#3818=DIRECTION('',(-0.685852908238945,0.727740192829956,0.));
#3819=DIRECTION('',(1.93908940325992E-14,1.82747925655921E-14,1.));
#3820=DIRECTION('',(0.685852908238946,-0.727740192829955,0.));
#3821=DIRECTION('',(0.,0.,-1.));
#3822=DIRECTION('',(-0.685852908238946,0.727740192829955,0.));
#3823=DIRECTION('',(0.685852908238946,-0.727740192829955,0.));
#3824=DIRECTION('center_axis',(-0.727740192829956,-0.685852908238945,0.));
#3825=DIRECTION('ref_axis',(-6.09159752186414E-15,6.46363134419989E-15,
-1.));
#3826=DIRECTION('center_axis',(-0.727740192829955,-0.685852908238946,2.66453525910037E-14));
#3827=DIRECTION('ref_axis',(-6.09159752186414E-15,6.46363134419989E-15,
-1.));
#3828=DIRECTION('',(-0.727740192829956,-0.685852908238945,0.));
#3829=DIRECTION('center_axis',(0.727740192829955,0.685852908238946,-3.59485087198294E-15));
#3830=DIRECTION('ref_axis',(-6.09159752186414E-15,6.46363134419989E-15,
-1.));
#3831=DIRECTION('',(-0.727740192829956,-0.685852908238945,0.));
#3832=DIRECTION('center_axis',(-0.727740192829956,-0.685852908238945,0.));
#3833=DIRECTION('ref_axis',(6.09159752186414E-15,-6.46363134419989E-15,
1.));
#3834=DIRECTION('center_axis',(-0.727740192829955,-0.685852908238946,2.66453525910037E-14));
#3835=DIRECTION('ref_axis',(6.09159752186414E-15,-6.46363134419989E-15,
1.));
#3836=DIRECTION('',(-0.727740192829956,-0.685852908238945,0.));
#3837=DIRECTION('center_axis',(-0.727740192829955,-0.685852908238946,0.));
#3838=DIRECTION('ref_axis',(6.09159752186415E-15,-6.46363134419988E-15,
1.));
#3839=DIRECTION('',(-0.727740192829956,-0.685852908238945,0.));
#3840=DIRECTION('center_axis',(0.727740192829955,0.685852908238946,-2.95822839457876E-30));
#3841=DIRECTION('ref_axis',(-0.685852908238946,0.727740192829955,0.));
#3842=DIRECTION('',(-2.6161174667718E-15,-2.46553892523481E-15,-1.));
#3843=DIRECTION('center_axis',(-0.727740192829955,-0.685852908238946,2.66453525910037E-14));
#3844=DIRECTION('ref_axis',(3.66138257217707E-14,0.,1.));
#3845=DIRECTION('',(0.685852908238946,-0.727740192829955,0.));
#3846=DIRECTION('',(0.,0.,-1.));
#3847=DIRECTION('',(-0.685852908238945,0.727740192829956,0.));
#3848=DIRECTION('',(-1.93908940325992E-14,-1.82747925655921E-14,-1.));
#3849=DIRECTION('',(-0.685852908238946,0.727740192829955,1.01506105108586E-14));
#3850=DIRECTION('',(0.685852908238946,-0.727740192829955,0.));
#3851=DIRECTION('center_axis',(-0.727740192829956,0.685852908238945,0.));
#3852=DIRECTION('ref_axis',(-1.82747925655921E-14,-1.93908940325993E-14,
-1.));
#3853=DIRECTION('center_axis',(-0.727740192829955,0.685852908238946,1.77635683940025E-14));
#3854=DIRECTION('ref_axis',(-1.82747925655921E-14,-1.93908940325993E-14,
-1.));
#3855=DIRECTION('',(-0.727740192829956,0.685852908238945,0.));
#3856=DIRECTION('center_axis',(0.727740192829955,-0.685852908238946,3.6609076014571E-15));
#3857=DIRECTION('ref_axis',(-1.82747925655921E-14,-1.93908940325993E-14,
-1.));
#3858=DIRECTION('',(-0.727740192829956,0.685852908238945,0.));
#3859=DIRECTION('center_axis',(-0.727740192829955,0.685852908238946,1.77635683940025E-14));
#3860=DIRECTION('ref_axis',(2.44092171478471E-14,0.,1.));
#3861=DIRECTION('',(0.685852908238946,0.727740192829955,-1.57772181044202E-30));
#3862=DIRECTION('',(1.33226762955019E-14,-1.33226762955019E-14,1.));
#3863=DIRECTION('',(0.685852908238945,0.727740192829956,0.));
#3864=DIRECTION('',(-1.33226762955019E-14,1.33226762955019E-14,-1.));
#3865=DIRECTION('',(0.685852908238946,0.727740192829955,-3.04518315325758E-14));
#3866=DIRECTION('',(-0.685852908238946,-0.727740192829955,0.));
#3867=DIRECTION('center_axis',(-0.727740192829955,0.685852908238946,1.77635683940025E-14));
#3868=DIRECTION('ref_axis',(0.,0.,1.));
#3869=DIRECTION('center_axis',(0.727740192829956,-0.685852908238945,0.));
#3870=DIRECTION('ref_axis',(0.,0.,1.));
#3871=DIRECTION('center_axis',(0.727740192829955,-0.685852908238946,-1.77635683940025E-14));
#3872=DIRECTION('ref_axis',(0.,0.,1.));
#3873=DIRECTION('',(0.727740192829956,-0.685852908238945,0.));
#3874=DIRECTION('center_axis',(-0.727740192829955,0.685852908238946,-1.12480654925727E-13));
#3875=DIRECTION('ref_axis',(0.,0.,1.));
#3876=DIRECTION('',(0.727740192829956,-0.685852908238945,0.));
#3877=DIRECTION('center_axis',(0.727740192829955,-0.685852908238946,-1.77635683940025E-14));
#3878=DIRECTION('ref_axis',(-2.44092171478471E-14,0.,-1.));
#3879=DIRECTION('',(0.685852908238946,0.727740192829955,1.37261797508456E-28));
#3880=DIRECTION('',(-1.33226762955019E-14,1.33226762955019E-14,-1.));
#3881=DIRECTION('',(0.685852908238946,0.727740192829955,0.));
#3882=DIRECTION('',(1.33226762955019E-14,-1.33226762955019E-14,1.));
#3883=DIRECTION('',(0.685852908238946,0.727740192829955,0.));
#3884=DIRECTION('',(-0.685852908238946,-0.727740192829955,0.));
#3885=DIRECTION('center_axis',(0.727740192829955,-0.685852908238946,-1.77635683940025E-14));
#3886=DIRECTION('ref_axis',(0.,0.,-1.));
#3887=DIRECTION('center_axis',(0.727740192829956,-0.685852908238945,0.));
#3888=DIRECTION('ref_axis',(0.,0.,-1.));
#3889=DIRECTION('center_axis',(0.727740192829955,-0.685852908238946,0.));
#3890=DIRECTION('ref_axis',(0.,0.,-1.));
#3891=DIRECTION('',(0.727740192829956,-0.685852908238945,0.));
#3892=DIRECTION('center_axis',(-0.727740192829955,0.685852908238946,-1.86360875467252E-14));
#3893=DIRECTION('ref_axis',(0.,0.,-1.));
#3894=DIRECTION('',(0.727740192829956,-0.685852908238945,0.));
#3895=DIRECTION('center_axis',(0.727740192829956,-0.685852908238945,0.));
#3896=DIRECTION('ref_axis',(0.,0.,1.));
#3897=DIRECTION('center_axis',(0.727740192829955,-0.685852908238946,0.));
#3898=DIRECTION('ref_axis',(0.,0.,1.));
#3899=DIRECTION('',(0.727740192829956,-0.685852908238945,0.));
#3900=DIRECTION('center_axis',(0.727740192829955,-0.685852908238946,0.));
#3901=DIRECTION('ref_axis',(0.,0.,1.));
#3902=DIRECTION('',(0.727740192829956,-0.685852908238945,0.));
#3903=DIRECTION('center_axis',(-0.727740192829955,0.685852908238946,0.));
#3904=DIRECTION('ref_axis',(-0.685852908238946,-0.727740192829955,0.));
#3905=DIRECTION('',(1.35622299448497E-14,-1.27816148421171E-14,-1.));
#3906=DIRECTION('center_axis',(0.727740192829955,-0.685852908238946,0.));
#3907=DIRECTION('ref_axis',(0.,0.,-1.));
#3908=DIRECTION('',(0.685852908238946,0.727740192829955,0.));
#3909=DIRECTION('',(0.,0.,1.));
#3910=DIRECTION('',(-0.685852908238945,-0.727740192829956,0.));
#3911=DIRECTION('',(0.,0.,-1.));
#3912=DIRECTION('',(-0.685852908238946,-0.727740192829955,0.));
#3913=DIRECTION('',(0.685852908238946,0.727740192829955,0.));
#3914=DIRECTION('center_axis',(-0.727740192829956,0.685852908238945,0.));
#3915=DIRECTION('ref_axis',(0.,0.,1.));
#3916=DIRECTION('center_axis',(-0.727740192829955,0.685852908238946,0.));
#3917=DIRECTION('ref_axis',(0.,0.,1.));
#3918=DIRECTION('',(-0.727740192829956,0.685852908238945,0.));
#3919=DIRECTION('center_axis',(0.727740192829955,-0.685852908238946,-5.46393365656294E-14));
#3920=DIRECTION('ref_axis',(0.,0.,1.));
#3921=DIRECTION('',(-0.727740192829956,0.685852908238945,0.));
#3922=DIRECTION('center_axis',(-0.727740192829956,0.685852908238945,0.));
#3923=DIRECTION('ref_axis',(0.,0.,-1.));
#3924=DIRECTION('center_axis',(-0.727740192829955,0.685852908238946,0.));
#3925=DIRECTION('ref_axis',(0.,0.,-1.));
#3926=DIRECTION('',(-0.727740192829956,0.685852908238945,0.));
#3927=DIRECTION('center_axis',(-0.727740192829955,0.685852908238946,0.));
#3928=DIRECTION('ref_axis',(0.,0.,-1.));
#3929=DIRECTION('',(-0.727740192829956,0.685852908238945,0.));
#3930=DIRECTION('center_axis',(0.727740192829955,-0.685852908238946,0.));
#3931=DIRECTION('ref_axis',(0.685852908238946,0.727740192829955,0.));
#3932=DIRECTION('',(-5.04971198765603E-16,4.75906056395625E-16,1.));
#3933=DIRECTION('center_axis',(-0.727740192829955,0.685852908238946,0.));
#3934=DIRECTION('ref_axis',(0.,0.,1.));
#3935=DIRECTION('',(-0.685852908238946,-0.727740192829955,0.));
#3936=DIRECTION('',(0.,0.,1.));
#3937=DIRECTION('',(0.685852908238946,0.727740192829955,0.));
#3938=DIRECTION('',(0.,0.,1.));
#3939=DIRECTION('',(-0.685852908238946,-0.727740192829955,0.));
#3940=DIRECTION('',(0.685852908238946,0.727740192829955,0.));
#3941=DIRECTION('center_axis',(-0.727740192829956,-0.685852908238945,0.));
#3942=DIRECTION('ref_axis',(0.,0.,1.));
#3943=DIRECTION('center_axis',(-0.727740192829955,-0.685852908238946,8.88178419700125E-15));
#3944=DIRECTION('ref_axis',(0.,0.,1.));
#3945=DIRECTION('',(-0.727740192829956,-0.685852908238945,0.));
#3946=DIRECTION('center_axis',(0.727740192829955,0.685852908238946,1.11703307124787E-12));
#3947=DIRECTION('ref_axis',(0.,0.,1.));
#3948=DIRECTION('',(-0.727740192829956,-0.685852908238945,0.));
#3949=DIRECTION('center_axis',(-0.727740192829956,-0.685852908238945,0.));
#3950=DIRECTION('ref_axis',(0.,0.,-1.));
#3951=DIRECTION('center_axis',(-0.727740192829955,-0.685852908238946,8.88178419700125E-15));
#3952=DIRECTION('ref_axis',(0.,0.,-1.));
#3953=DIRECTION('',(-0.727740192829956,-0.685852908238945,0.));
#3954=DIRECTION('center_axis',(-0.727740192829955,-0.685852908238946,0.));
#3955=DIRECTION('ref_axis',(0.,0.,-1.));
#3956=DIRECTION('',(-0.727740192829956,-0.685852908238945,0.));
#3957=DIRECTION('center_axis',(0.727740192829955,0.685852908238946,2.22044604925032E-15));
#3958=DIRECTION('ref_axis',(-0.685852908238946,0.727740192829955,0.));
#3959=DIRECTION('',(0.,0.,1.));
#3960=DIRECTION('center_axis',(-0.727740192829955,-0.685852908238946,8.88178419700125E-15));
#3961=DIRECTION('ref_axis',(1.22046085739236E-14,0.,1.));
#3962=DIRECTION('',(-0.685852908238946,0.727740192829955,0.));
#3963=DIRECTION('',(0.,0.,-1.));
#3964=DIRECTION('',(0.685852908238945,-0.727740192829956,0.));
#3965=DIRECTION('',(4.44089209850064E-15,4.44089209850064E-15,1.));
#3966=DIRECTION('',(0.685852908238946,-0.727740192829955,0.));
#3967=DIRECTION('',(-0.685852908238946,0.727740192829955,0.));
#3968=DIRECTION('center_axis',(0.727740192829956,0.685852908238945,0.));
#3969=DIRECTION('ref_axis',(-1.00148357108137E-31,1.07852076885686E-31,
-1.));
#3970=DIRECTION('center_axis',(0.727740192829955,0.685852908238946,-8.88178419700125E-15));
#3971=DIRECTION('ref_axis',(-1.00148357108137E-31,1.07852076885686E-31,
-1.));
#3972=DIRECTION('',(0.727740192829956,0.685852908238945,0.));
#3973=DIRECTION('center_axis',(-0.727740192829956,-0.685852908238945,6.58947344777513E-15));
#3974=DIRECTION('ref_axis',(-1.00148357108137E-31,1.07852076885686E-31,
-1.));
#3975=DIRECTION('',(0.727740192829956,0.685852908238945,0.));
#3976=DIRECTION('center_axis',(-0.727740192829955,-0.685852908238946,-1.23259516440784E-30));
#3977=DIRECTION('ref_axis',(0.685852908238946,-0.727740192829955,0.));
#3978=DIRECTION('',(-4.79542467753175E-15,-4.51940952791989E-15,-1.));
#3979=DIRECTION('center_axis',(0.727740192829955,0.685852908238946,9.25185853854297E-17));
#3980=DIRECTION('ref_axis',(-6.73294931687473E-17,-6.34541408527502E-17,
1.));
#3981=DIRECTION('center_axis',(0.727740192829956,0.685852908238945,0.));
#3982=DIRECTION('ref_axis',(1.00148357108137E-31,-1.00148357108137E-31,
1.));
#3983=DIRECTION('center_axis',(0.727740192829955,0.685852908238946,-8.88178419700125E-15));
#3984=DIRECTION('ref_axis',(1.00148357108137E-31,-1.00148357108137E-31,
1.));
#3985=DIRECTION('',(0.727740192829956,0.685852908238945,0.));
#3986=DIRECTION('center_axis',(-0.727740192829956,-0.685852908238945,6.58947344777513E-15));
#3987=DIRECTION('ref_axis',(1.00148357108137E-31,-1.00148357108137E-31,
1.));
#3988=DIRECTION('center_axis',(-0.727740192829956,-0.685852908238945,6.58947344777513E-15));
#3989=DIRECTION('ref_axis',(1.00148357108137E-31,-1.00148357108137E-31,
1.));
#3990=DIRECTION('',(0.727740192829956,0.685852908238945,0.));
#3991=DIRECTION('center_axis',(0.727740192829955,0.685852908238946,-8.88178419700125E-15));
#3992=DIRECTION('ref_axis',(-1.22046085739236E-14,0.,-1.));
#3993=DIRECTION('',(-0.685852908238945,0.727740192829956,0.));
#3994=DIRECTION('',(0.,0.,1.));
#3995=DIRECTION('',(0.685852908238945,-0.727740192829956,0.));
#3996=DIRECTION('',(-4.44089209850064E-15,-4.44089209850064E-15,-1.));
#3997=DIRECTION('',(0.685852908238946,-0.727740192829955,0.));
#3998=DIRECTION('',(-0.685852908238946,0.727740192829955,0.));
#3999=DIRECTION('center_axis',(0.727740192829956,0.685852908238945,1.97377573495346E-16));
#4000=DIRECTION('ref_axis',(-2.71219832901912E-16,2.25835877417018E-32,
1.));
#4001=DIRECTION('',(2.71219832901912E-16,-2.25835877417018E-32,-1.));
#4002=DIRECTION('',(0.685852908238945,-0.727740192829956,0.));
#4003=DIRECTION('',(-2.71219832901912E-16,2.25835877417018E-32,1.));
#4004=DIRECTION('',(0.685852908238945,-0.727740192829956,0.));
#4005=DIRECTION('center_axis',(0.685852908238945,-0.727740192829956,0.));
#4006=DIRECTION('ref_axis',(0.,0.,-1.));
#4007=DIRECTION('',(0.727740192829955,0.685852908238946,-8.14057755495358E-15));
#4008=DIRECTION('',(-0.727740192829955,-0.685852908238946,7.19690767121822E-15));
#4009=DIRECTION('',(0.727740192829955,0.685852908238946,0.));
#4010=DIRECTION('',(1.61590783604992E-16,1.52289938046602E-16,-1.));
#4011=DIRECTION('',(-0.727740192829955,-0.685852908238946,0.));
#4012=DIRECTION('',(1.08208509208367E-30,-1.14817157456311E-30,1.));
#4013=DIRECTION('center_axis',(-0.727740192829956,-0.685852908238945,1.753101460701E-16));
#4014=DIRECTION('ref_axis',(-2.12837211462565E-32,-2.55608956328903E-16,
-1.));
#4015=DIRECTION('',(2.12837211462565E-32,2.55608956328903E-16,1.));
#4016=DIRECTION('',(0.685852908238945,-0.727740192829956,0.));
#4017=DIRECTION('',(-2.12837211462565E-32,-2.55608956328903E-16,-1.));
#4018=DIRECTION('',(0.685852908238945,-0.727740192829956,0.));
#4019=DIRECTION('center_axis',(0.685852908238945,-0.727740192829956,0.));
#4020=DIRECTION('ref_axis',(0.,0.,-1.));
#4021=DIRECTION('',(-0.727740192829955,-0.685852908238946,7.19690767121822E-15));
#4022=DIRECTION('',(0.727740192829955,0.685852908238946,-8.14057755495358E-15));
#4023=DIRECTION('',(0.727740192829955,0.685852908238946,0.));
#4024=DIRECTION('',(8.12909862667359E-13,7.66120380514431E-13,-1.));
#4025=DIRECTION('',(-0.727740192829955,-0.685852908238946,-9.46633086265214E-28));
#4026=DIRECTION('',(-3.22148905702463E-29,-3.25286392449898E-29,1.));
#4027=DIRECTION('center_axis',(0.727740192829956,-0.685852908238945,-7.4345563344233E-31));
#4028=DIRECTION('ref_axis',(-9.0260049070251E-47,-1.0839869956246E-30,1.));
#4029=DIRECTION('',(9.0260049070251E-47,1.0839869956246E-30,-1.));
#4030=DIRECTION('',(-0.685852908238945,-0.727740192829956,0.));
#4031=DIRECTION('',(-9.0260049070251E-47,-1.0839869956246E-30,1.));
#4032=DIRECTION('',(-0.685852908238945,-0.727740192829956,0.));
#4033=DIRECTION('center_axis',(-0.685852908238945,-0.727740192829956,0.));
#4034=DIRECTION('ref_axis',(0.,0.,1.));
#4035=DIRECTION('',(0.727740192829955,-0.685852908238946,-1.79917785308009E-15));
#4036=DIRECTION('',(-0.727740192829955,0.685852908238946,1.79917785308009E-15));
#4037=DIRECTION('',(0.727740192829955,-0.685852908238946,0.));
#4038=DIRECTION('',(5.41042546041838E-31,5.74085787281553E-31,-1.));
#4039=DIRECTION('',(-0.727740192829955,0.685852908238946,0.));
#4040=DIRECTION('',(5.04971198765603E-16,-4.75906056395626E-16,1.));
#4041=DIRECTION('center_axis',(-0.727740192829955,0.685852908238946,0.));
#4042=DIRECTION('ref_axis',(0.,0.,-1.));
#4043=DIRECTION('',(0.,0.,1.));
#4044=DIRECTION('',(-0.685852908238946,-0.727740192829955,0.));
#4045=DIRECTION('',(0.,0.,-1.));
#4046=DIRECTION('',(-0.685852908238946,-0.727740192829955,0.));
#4047=DIRECTION('center_axis',(-0.685852908238946,-0.727740192829955,0.));
#4048=DIRECTION('ref_axis',(0.,0.,1.));
#4049=DIRECTION('',(-0.727740192829955,0.685852908238946,1.62811551099081E-15));
#4050=DIRECTION('',(0.727740192829955,-0.685852908238946,-1.62811551099081E-15));
#4051=DIRECTION('',(0.727740192829955,-0.685852908238946,0.));
#4052=DIRECTION('',(-3.97632413283719E-14,3.74745478877835E-14,-1.));
#4053=DIRECTION('',(-0.727740192829955,0.685852908238946,0.));
#4054=DIRECTION('',(-2.70521273020922E-31,-2.87042893640774E-31,1.));
#4055=DIRECTION('center_axis',(-0.727740192829956,-0.685852908238945,8.37039225736644E-31));
#4056=DIRECTION('ref_axis',(1.15018963358566E-30,-9.57725260418976E-47,
1.));
#4057=DIRECTION('',(-1.15018963358566E-30,9.57725260418976E-47,-1.));
#4058=DIRECTION('',(-0.685852908238945,0.727740192829956,0.));
#4059=DIRECTION('',(1.15018963358566E-30,-9.57725260418976E-47,1.));
#4060=DIRECTION('',(-0.685852908238945,0.727740192829956,0.));
#4061=DIRECTION('center_axis',(-0.685852908238945,0.727740192829956,0.));
#4062=DIRECTION('ref_axis',(0.,0.,1.));
#4063=DIRECTION('',(-0.727740192829955,-0.685852908238946,3.05860235023632E-14));
#4064=DIRECTION('',(0.727740192829955,0.685852908238946,-3.09341947088304E-14));
#4065=DIRECTION('',(-0.727740192829955,-0.685852908238946,0.));
#4066=DIRECTION('',(-5.41042546041838E-31,5.74085787281553E-31,-1.));
#4067=DIRECTION('',(0.727740192829955,0.685852908238946,0.));
#4068=DIRECTION('',(-2.35653226090614E-16,-2.22089492984626E-16,1.));
#4069=DIRECTION('center_axis',(0.727740192829956,0.685852908238945,-8.76550730350496E-16));
#4070=DIRECTION('ref_axis',(-1.06418605731282E-31,-1.27804478164451E-15,
-1.));
#4071=DIRECTION('',(1.06418605731282E-31,1.27804478164451E-15,1.));
#4072=DIRECTION('',(-0.685852908238945,0.727740192829956,0.));
#4073=DIRECTION('',(-1.06418605731282E-31,-1.27804478164451E-15,-1.));
#4074=DIRECTION('',(-0.685852908238945,0.727740192829956,0.));
#4075=DIRECTION('center_axis',(-0.685852908238945,0.727740192829956,0.));
#4076=DIRECTION('ref_axis',(0.,0.,1.));
#4077=DIRECTION('',(0.727740192829955,0.685852908238946,-3.09341947088304E-14));
#4078=DIRECTION('',(-0.727740192829955,-0.685852908238946,3.05860235023632E-14));
#4079=DIRECTION('',(-0.727740192829955,-0.685852908238946,0.));
#4080=DIRECTION('',(-2.35653226090616E-16,-2.22089492984625E-16,-1.));
#4081=DIRECTION('',(0.727740192829955,0.685852908238946,-9.30855868160794E-28));
#4082=DIRECTION('',(3.03935034846825E-29,2.75601266068941E-29,1.));
#4083=DIRECTION('center_axis',(-0.727740192829956,0.685852908238945,5.25930438210298E-16));
#4084=DIRECTION('ref_axis',(-6.38511634387695E-32,-7.66826868986708E-16,
1.));
#4085=DIRECTION('',(6.38511634387695E-32,7.66826868986708E-16,-1.));
#4086=DIRECTION('',(0.685852908238945,0.727740192829956,0.));
#4087=DIRECTION('',(-6.38511634387695E-32,-7.66826868986708E-16,1.));
#4088=DIRECTION('',(0.685852908238945,0.727740192829956,0.));
#4089=DIRECTION('center_axis',(0.685852908238945,0.727740192829956,0.));
#4090=DIRECTION('ref_axis',(0.,0.,-1.));
#4091=DIRECTION('',(-0.727740192829955,0.685852908238946,1.61930422602419E-14));
#4092=DIRECTION('',(0.727740192829955,-0.685852908238946,-1.61930422602419E-14));
#4093=DIRECTION('',(-0.727740192829955,0.685852908238946,0.));
#4094=DIRECTION('',(-2.70521273020919E-31,-2.87042893640776E-31,-1.));
#4095=DIRECTION('',(0.727740192829955,-0.685852908238946,0.));
#4096=DIRECTION('',(2.70521273020919E-31,2.87042893640776E-31,1.));
#4097=DIRECTION('center_axis',(0.727740192829955,-0.685852908238946,5.92132720486041E-16));
#4098=DIRECTION('ref_axis',(8.13659498705742E-16,-6.77507632251057E-32,
-1.));
#4099=DIRECTION('',(-8.13659498705742E-16,6.77507632251057E-32,1.));
#4100=DIRECTION('',(0.685852908238946,0.727740192829955,0.));
#4101=DIRECTION('',(8.13659498705742E-16,-6.77507632251057E-32,-1.));
#4102=DIRECTION('',(0.685852908238946,0.727740192829955,0.));
#4103=DIRECTION('center_axis',(0.685852908238946,0.727740192829955,0.));
#4104=DIRECTION('ref_axis',(0.,0.,-1.));
#4105=DIRECTION('',(0.727740192829955,-0.685852908238946,-1.62811551099099E-14));
#4106=DIRECTION('',(-0.727740192829955,0.685852908238946,1.62811551099099E-14));
#4107=DIRECTION('',(-0.727740192829955,0.685852908238946,0.));
#4108=DIRECTION('',(8.18566935052882E-14,-7.71451843014312E-14,-1.));
#4109=DIRECTION('',(0.727740192829955,-0.685852908238946,0.));
#4110=DIRECTION('',(-1.3811102135997E-29,1.41001494383275E-29,1.));
#4111=DIRECTION('center_axis',(-1.17843276969719E-14,1.11060451274231E-14,
-1.));
#4112=DIRECTION('ref_axis',(-0.685852908238955,-0.727740192829946,7.60744933050095E-29));
#4113=DIRECTION('center_axis',(1.17843276969719E-14,-1.11060451274231E-14,
1.));
#4114=DIRECTION('ref_axis',(-0.707106781186548,-0.707106781186547,0.));
#4115=DIRECTION('',(-8.32667268468866E-17,-1.,-1.11060451274231E-14));
#4116=DIRECTION('',(-0.727740192829955,0.685852908238946,1.61930422602419E-14));
#4117=DIRECTION('center_axis',(1.,-8.32667268468866E-17,0.));
#4118=DIRECTION('ref_axis',(8.32667268468866E-17,1.,0.));
#4119=DIRECTION('',(0.,0.,-1.));
#4120=DIRECTION('',(8.32667268468866E-17,1.,0.));
#4121=DIRECTION('',(0.,0.,-1.));
#4122=DIRECTION('',(-8.32667268468866E-17,-1.,4.9360200566322E-15));
#4123=DIRECTION('',(8.32667268468866E-17,1.,-4.44089209850064E-15));
#4124=DIRECTION('',(0.,0.,-1.));
#4125=DIRECTION('',(8.32667268468866E-17,1.,0.));
#4126=DIRECTION('',(0.,0.,1.));
#4127=DIRECTION('',(8.32667268468866E-17,1.,1.33226762955019E-14));
#4128=DIRECTION('',(0.,0.,1.));
#4129=DIRECTION('',(8.32667268468866E-17,1.,0.));
#4130=DIRECTION('',(0.,0.,1.));
#4131=DIRECTION('center_axis',(-1.33226762955019E-14,1.33226762955019E-14,
-1.));
#4132=DIRECTION('ref_axis',(-1.,0.,1.33226762955019E-14));
#4133=DIRECTION('',(1.,-8.32667268468866E-17,-1.33226762955019E-14));
#4134=DIRECTION('',(-0.727740192829955,0.685852908238946,1.62811551099099E-14));
#4135=DIRECTION('center_axis',(1.33226762955019E-14,-1.33226762955019E-14,
1.));
#4136=DIRECTION('ref_axis',(1.,0.,-1.33226762955019E-14));
#4137=DIRECTION('center_axis',(-1.33226762955019E-14,1.33226762955019E-14,
-1.));
#4138=DIRECTION('ref_axis',(-0.707106781186548,-0.707106781186547,0.));
#4139=DIRECTION('',(0.727740192829955,-0.685852908238946,-1.61930422602419E-14));
#4140=DIRECTION('center_axis',(0.,0.,1.));
#4141=DIRECTION('ref_axis',(-0.707106781186548,-0.707106781186547,0.));
#4142=DIRECTION('',(0.,0.,1.));
#4143=DIRECTION('center_axis',(0.,0.,1.));
#4144=DIRECTION('ref_axis',(-0.707106781186548,-0.707106781186547,0.));
#4145=DIRECTION('',(0.,0.,-1.));
#4146=DIRECTION('center_axis',(0.,0.,-1.));
#4147=DIRECTION('ref_axis',(-0.707106781186548,-0.707106781186547,0.));
#4148=DIRECTION('center_axis',(-0.727740192829956,0.685852908238945,0.));
#4149=DIRECTION('ref_axis',(0.,0.,-1.));
#4150=DIRECTION('',(0.685852908238945,0.727740192829956,0.));
#4151=DIRECTION('',(0.,0.,1.));
#4152=DIRECTION('',(-0.685852908238945,-0.727740192829956,0.));
#4153=DIRECTION('center_axis',(0.,0.,1.));
#4154=DIRECTION('ref_axis',(0.685852908238946,0.727740192829955,0.));
#4155=DIRECTION('',(-0.685852908238946,-0.727740192829955,3.04518315325758E-14));
#4156=DIRECTION('',(-0.727740192829955,0.685852908238946,0.));
#4157=DIRECTION('center_axis',(0.,0.,-1.));
#4158=DIRECTION('ref_axis',(-0.685852908238946,-0.727740192829955,0.));
#4159=DIRECTION('',(0.685852908238946,0.727740192829955,0.));
#4160=DIRECTION('',(-0.727740192829955,0.685852908238946,0.));
#4161=DIRECTION('center_axis',(-0.727740192829955,0.685852908238946,0.));
#4162=DIRECTION('ref_axis',(0.,0.,1.));
#4163=DIRECTION('center_axis',(0.727740192829955,-0.685852908238946,3.6609076014571E-15));
#4164=DIRECTION('ref_axis',(0.,0.,1.));
#4165=DIRECTION('center_axis',(0.727740192829955,-0.685852908238946,3.6609076014571E-15));
#4166=DIRECTION('ref_axis',(0.,0.,1.));
#4167=DIRECTION('center_axis',(0.727740192829955,-0.685852908238946,3.6609076014571E-15));
#4168=DIRECTION('ref_axis',(0.685852908238946,0.727740192829955,0.));
#4169=DIRECTION('',(2.66418960381704E-15,-2.51084412525342E-15,-1.));
#4170=DIRECTION('',(-0.685852908238945,-0.727740192829956,3.94430452610506E-30));
#4171=DIRECTION('',(0.685852908238942,0.727740192829958,0.));
#4172=DIRECTION('',(2.66418960381704E-15,-2.51084412525342E-15,-1.));
#4173=DIRECTION('center_axis',(-0.685852908238946,-0.727740192829955,1.57772181044202E-30));
#4174=DIRECTION('ref_axis',(1.13885487955499E-14,-1.07330464759339E-14,
1.));
#4175=DIRECTION('center_axis',(1.33226762955019E-14,-1.33226762955019E-14,
1.));
#4176=DIRECTION('ref_axis',(1.,0.,-1.33226762955019E-14));
#4177=DIRECTION('',(0.727740192829955,-0.685852908238946,-1.62811551099099E-14));
#4178=DIRECTION('',(-1.,8.32667268468866E-17,1.33226762955019E-14));
#4179=DIRECTION('center_axis',(0.727740192829955,-0.685852908238946,0.));
#4180=DIRECTION('ref_axis',(0.,0.,-1.));
#4181=DIRECTION('center_axis',(-0.727740192829955,0.685852908238946,-1.12480654925727E-13));
#4182=DIRECTION('ref_axis',(0.,0.,-1.));
#4183=DIRECTION('',(0.727740192829955,-0.685852908238946,0.));
#4184=DIRECTION('',(0.727740192829955,-0.685852908238946,0.));
#4185=DIRECTION('center_axis',(-0.727740192829955,0.685852908238946,-1.12480654925727E-13));
#4186=DIRECTION('ref_axis',(0.,0.,-1.));
#4187=DIRECTION('center_axis',(0.,0.,1.));
#4188=DIRECTION('ref_axis',(-0.685852908238946,-0.727740192829955,0.));
#4189=DIRECTION('',(0.685852908238946,0.727740192829955,0.));
#4190=DIRECTION('center_axis',(0.,0.,-1.));
#4191=DIRECTION('ref_axis',(0.685852908238946,0.727740192829955,0.));
#4192=DIRECTION('',(-0.685852908238946,-0.727740192829955,0.));
#4193=DIRECTION('center_axis',(-0.727740192829955,0.685852908238946,-1.12480654925727E-13));
#4194=DIRECTION('ref_axis',(-0.685852908238946,-0.727740192829955,0.));
#4195=DIRECTION('',(0.,0.,1.));
#4196=DIRECTION('',(-0.685852908238945,-0.727740192829956,1.81816661435339E-26));
#4197=DIRECTION('',(0.685852908238946,0.727740192829955,0.));
#4198=DIRECTION('',(0.,0.,1.));
#4199=DIRECTION('center_axis',(-0.685852908238946,-0.727740192829955,3.15544362088405E-30));
#4200=DIRECTION('ref_axis',(-1.13885487955499E-14,1.07330464759339E-14,
-1.));
#4201=DIRECTION('',(8.13659498705742E-16,-6.77507632251057E-32,-1.));
#4202=DIRECTION('center_axis',(0.727740192829956,-0.685852908238945,1.97215226305253E-29));
#4203=DIRECTION('ref_axis',(-8.57553483789912E-15,-9.09927085178805E-15,
1.));
#4204=DIRECTION('',(-0.685852908238945,-0.727740192829956,0.));
#4205=DIRECTION('',(1.43521446820388E-29,-1.3526063651046E-29,-1.));
#4206=DIRECTION('',(-0.685852908238945,-0.727740192829956,0.));
#4207=DIRECTION('center_axis',(8.32667268468866E-17,1.,0.));
#4208=DIRECTION('ref_axis',(-1.,8.32667268468866E-17,0.));
#4209=DIRECTION('',(0.,0.,-1.));
#4210=DIRECTION('',(-1.,8.32667268468866E-17,0.));
#4211=DIRECTION('',(-1.,8.32667268468866E-17,0.));
#4212=DIRECTION('',(0.,0.,1.));
#4213=DIRECTION('',(-1.,8.32667268468866E-17,2.22044604925032E-14));
#4214=DIRECTION('',(1.,-8.32667268468866E-17,-2.22044604925032E-14));
#4215=DIRECTION('',(0.,0.,1.));
#4216=DIRECTION('',(-1.,8.32667268468866E-17,0.));
#4217=DIRECTION('',(0.,0.,1.));
#4218=DIRECTION('center_axis',(2.87272504186656E-15,-2.70737667638399E-15,
-1.));
#4219=DIRECTION('ref_axis',(-0.685852908238942,-0.727740192829958,0.));
#4220=DIRECTION('',(-0.727740192829955,0.685852908238946,-3.94745964311167E-15));
#4221=DIRECTION('',(8.32667268468866E-17,1.,-2.70737667638399E-15));
#4222=DIRECTION('',(-0.727740192829955,0.685852908238946,-3.94745964311167E-15));
#4223=DIRECTION('center_axis',(-0.685852908238946,-0.727740192829955,3.94430452610506E-31));
#4224=DIRECTION('ref_axis',(-2.66418960381704E-15,2.51084412525342E-15,
1.));
#4225=DIRECTION('',(-4.51300245351255E-47,-5.41993497812301E-31,-1.));
#4226=DIRECTION('',(-0.727740192829955,0.685852908238946,-3.94745964311167E-15));
#4227=DIRECTION('center_axis',(-2.87272504186655E-15,2.70737667638401E-15,
1.));
#4228=DIRECTION('ref_axis',(0.685852908238946,0.727740192829955,0.));
#4229=DIRECTION('',(-8.32667268468866E-17,-1.,2.70737667638401E-15));
#4230=DIRECTION('',(-0.727740192829955,0.685852908238946,-3.94745964311167E-15));
#4231=DIRECTION('center_axis',(0.685852908238946,0.727740192829955,0.));
#4232=DIRECTION('ref_axis',(0.,0.,-1.));
#4233=DIRECTION('',(0.,0.,1.));
#4234=DIRECTION('center_axis',(8.18726636931843E-14,-7.71602352769574E-14,
-1.));
#4235=DIRECTION('ref_axis',(0.685852908239063,0.727740192829845,0.));
#4236=DIRECTION('',(0.727740192829955,-0.685852908238946,1.12502599828683E-13));
#4237=DIRECTION('',(-1.,8.32667268468866E-17,-8.18726636931843E-14));
#4238=DIRECTION('',(0.727740192829955,-0.685852908238946,1.12502599828683E-13));
#4239=DIRECTION('center_axis',(0.685852908238946,0.727740192829955,0.));
#4240=DIRECTION('ref_axis',(-8.18566935052882E-14,7.71451843014312E-14,
1.));
#4241=DIRECTION('',(0.,0.,-1.));
#4242=DIRECTION('',(0.727740192829955,-0.685852908238946,1.12502599828683E-13));
#4243=DIRECTION('center_axis',(-8.18726636931967E-14,7.71602352769443E-14,
1.));
#4244=DIRECTION('ref_axis',(-0.685852908238946,-0.727740192829955,0.));
#4245=DIRECTION('',(1.,-8.32667268468866E-17,8.18726636931967E-14));
#4246=DIRECTION('',(0.727740192829955,-0.685852908238946,1.12502599828683E-13));
#4247=DIRECTION('center_axis',(-0.685852908238946,-0.727740192829955,0.));
#4248=DIRECTION('ref_axis',(0.,0.,-1.));
#4249=DIRECTION('',(0.,0.,1.));
#4250=DIRECTION('center_axis',(0.,0.,1.));
#4251=DIRECTION('ref_axis',(0.707106781186548,0.707106781186547,0.));
#4252=DIRECTION('center_axis',(1.30933403773589E-15,-1.23397136297408E-15,
1.));
#4253=DIRECTION('ref_axis',(0.707106781186548,0.707106781186547,0.));
#4254=DIRECTION('center_axis',(-1.30933403773589E-15,1.23397136297408E-15,
-1.));
#4255=DIRECTION('ref_axis',(0.707106781186548,0.707106781186547,0.));
#4256=DIRECTION('',(0.,0.,1.));
#4257=DIRECTION('center_axis',(0.,0.,1.));
#4258=DIRECTION('ref_axis',(0.707106781186548,0.707106781186547,0.));
#4259=DIRECTION('',(0.,0.,-1.));
#4260=DIRECTION('center_axis',(1.18484509591789E-15,-1.11664775816198E-15,
1.));
#4261=DIRECTION('ref_axis',(1.,0.,0.));
#4262=DIRECTION('center_axis',(-1.18484509591789E-15,1.11664775816198E-15,
-1.));
#4263=DIRECTION('ref_axis',(1.,0.,0.));
#4264=DIRECTION('',(0.,0.,-1.));
#4265=DIRECTION('center_axis',(0.,0.,-1.));
#4266=DIRECTION('ref_axis',(0.707106781186548,0.707106781186547,0.));
#4267=DIRECTION('',(0.,0.,1.));
#4268=DIRECTION('center_axis',(-1.3093340377359E-15,1.23397136297407E-15,
-1.));
#4269=DIRECTION('ref_axis',(0.68585290823895,0.727740192829952,-3.04131472291771E-29));
#4270=DIRECTION('',(8.32667268468866E-17,1.,1.23397136297407E-15));
#4271=DIRECTION('center_axis',(-1.,8.32667268468866E-17,0.));
#4272=DIRECTION('ref_axis',(-8.32667268468866E-17,-1.,0.));
#4273=DIRECTION('',(0.,0.,-1.));
#4274=DIRECTION('',(-8.32667268468866E-17,-1.,0.));
#4275=DIRECTION('',(0.,0.,-1.));
#4276=DIRECTION('',(8.32667268468866E-17,1.,-2.12163074050806E-14));
#4277=DIRECTION('',(-8.32667268468866E-17,-1.,2.22044604925032E-14));
#4278=DIRECTION('',(0.,0.,-1.));
#4279=DIRECTION('',(-8.32667268468866E-17,-1.,0.));
#4280=DIRECTION('',(-8.32667268468866E-17,-1.,0.));
#4281=DIRECTION('',(-8.32667268468866E-17,-1.,0.));
#4282=DIRECTION('',(0.,0.,1.));
#4283=DIRECTION('center_axis',(0.,0.,-1.));
#4284=DIRECTION('ref_axis',(-1.,0.,0.));
#4285=DIRECTION('',(-1.,8.32667268468866E-17,0.));
#4286=DIRECTION('center_axis',(0.,0.,1.));
#4287=DIRECTION('ref_axis',(1.,0.,0.));
#4288=DIRECTION('center_axis',(0.727740192829956,-0.685852908238945,0.));
#4289=DIRECTION('ref_axis',(0.,0.,-1.));
#4290=DIRECTION('',(-0.685852908238945,-0.727740192829956,0.));
#4291=DIRECTION('',(3.38151591276148E-32,3.58803617050971E-32,1.));
#4292=DIRECTION('',(0.685852908238945,0.727740192829956,0.));
#4293=DIRECTION('center_axis',(0.,0.,1.));
#4294=DIRECTION('ref_axis',(-0.685852908238946,-0.727740192829955,0.));
#4295=DIRECTION('',(0.685852908238946,0.727740192829955,0.));
#4296=DIRECTION('center_axis',(0.,0.,-1.));
#4297=DIRECTION('ref_axis',(0.685852908238946,0.727740192829955,0.));
#4298=DIRECTION('',(-0.685852908238946,-0.727740192829955,0.));
#4299=DIRECTION('center_axis',(-0.727740192829955,0.685852908238946,-1.86360875467252E-14));
#4300=DIRECTION('ref_axis',(-0.685852908238946,-0.727740192829955,0.));
#4301=DIRECTION('',(1.35622299448497E-14,-1.27816148421171E-14,-1.));
#4302=DIRECTION('',(0.685852908238945,0.727740192829956,-2.36658271566304E-29));
#4303=DIRECTION('',(-0.685852908238966,-0.727740192829936,1.9161237018803E-29));
#4304=DIRECTION('',(1.35622299448497E-14,-1.27816148421171E-14,-1.));
#4305=DIRECTION('center_axis',(0.,0.,1.));
#4306=DIRECTION('ref_axis',(1.,0.,0.));
#4307=DIRECTION('',(1.,-8.32667268468866E-17,0.));
#4308=DIRECTION('center_axis',(0.,0.,1.));
#4309=DIRECTION('ref_axis',(0.685852908238946,0.727740192829955,0.));
#4310=DIRECTION('',(-0.685852908238946,-0.727740192829955,0.));
#4311=DIRECTION('center_axis',(0.,0.,-1.));
#4312=DIRECTION('ref_axis',(-0.685852908238946,-0.727740192829955,0.));
#4313=DIRECTION('',(0.685852908238946,0.727740192829955,0.));
#4314=DIRECTION('center_axis',(0.727740192829955,-0.685852908238946,-5.46393365656294E-14));
#4315=DIRECTION('ref_axis',(0.685852908238946,0.727740192829955,0.));
#4316=DIRECTION('',(-5.04971198765603E-16,4.75906056395625E-16,1.));
#4317=DIRECTION('',(0.685852908238945,0.727740192829956,4.46179727993004E-27));
#4318=DIRECTION('',(-0.685852908238946,-0.727740192829955,0.));
#4319=DIRECTION('',(-5.04971198765603E-16,4.75906056395625E-16,1.));
#4320=DIRECTION('center_axis',(-0.727740192829956,0.685852908238945,-4.02873308493385E-45));
#4321=DIRECTION('ref_axis',(-1.99239003115637E-30,-2.11407181926109E-30,
1.));
#4322=DIRECTION('',(0.685852908238945,0.727740192829956,0.));
#4323=DIRECTION('',(2.93187099209018E-45,-2.76311830282034E-45,-1.));
#4324=DIRECTION('',(0.685852908238945,0.727740192829956,0.));
#4325=DIRECTION('center_axis',(-8.32667268468866E-17,-1.,0.));
#4326=DIRECTION('ref_axis',(1.,-8.32667268468866E-17,0.));
#4327=DIRECTION('',(0.,0.,-1.));
#4328=DIRECTION('',(1.,-8.32667268468866E-17,0.));
#4329=DIRECTION('',(1.,-8.32667268468866E-17,0.));
#4330=DIRECTION('',(0.,0.,1.));
#4331=DIRECTION('',(1.,-8.32667268468866E-17,-5.23747897643174E-15));
#4332=DIRECTION('',(-1.,8.32667268468866E-17,5.23747897643174E-15));
#4333=DIRECTION('',(0.,0.,1.));
#4334=DIRECTION('',(1.,-8.32667268468866E-17,0.));
#4335=DIRECTION('',(0.,0.,1.));
#4336=DIRECTION('center_axis',(-3.99569937641408E-14,3.76571483169808E-14,
-1.));
#4337=DIRECTION('ref_axis',(-0.685852908239003,-0.727740192829901,-5.48501977528212E-29));
#4338=DIRECTION('',(-0.727740192829955,0.685852908238946,5.49055750360077E-14));
#4339=DIRECTION('',(1.,-8.32667268468866E-17,-3.99569937641408E-14));
#4340=DIRECTION('',(-0.727740192829955,0.685852908238946,5.49055750360077E-14));
#4341=DIRECTION('center_axis',(-0.685852908238946,-0.727740192829955,0.));
#4342=DIRECTION('ref_axis',(3.97632413283719E-14,-3.74745478877835E-14,
1.));
#4343=DIRECTION('',(0.,0.,-1.));
#4344=DIRECTION('',(-0.727740192829955,0.685852908238946,5.49055750360077E-14));
#4345=DIRECTION('center_axis',(3.99569937641438E-14,-3.76571483169776E-14,
1.));
#4346=DIRECTION('ref_axis',(0.685852908238946,0.727740192829955,0.));
#4347=DIRECTION('',(-1.,8.32667268468866E-17,3.99569937641438E-14));
#4348=DIRECTION('',(-0.727740192829955,0.685852908238946,5.49055750360077E-14));
#4349=DIRECTION('center_axis',(0.685852908238946,0.727740192829955,-4.93038065763132E-32));
#4350=DIRECTION('ref_axis',(5.04971198765603E-16,-4.75906056395625E-16,
-1.));
#4351=DIRECTION('',(7.18868520991037E-32,-5.9857828776186E-48,1.));
#4352=DIRECTION('center_axis',(1.32587309624606E-14,-1.24955846602343E-14,
-1.));
#4353=DIRECTION('ref_axis',(0.685852908238966,0.727740192829936,-1.9161237018803E-29));
#4354=DIRECTION('',(0.727740192829955,-0.685852908238946,1.82190445066692E-14));
#4355=DIRECTION('',(-8.32667268468866E-17,-1.,1.24955846602343E-14));
#4356=DIRECTION('',(0.727740192829955,-0.685852908238946,1.82190445066692E-14));
#4357=DIRECTION('center_axis',(0.685852908238946,0.727740192829955,0.));
#4358=DIRECTION('ref_axis',(-1.35622299448497E-14,1.27816148421171E-14,
1.));
#4359=DIRECTION('',(0.,0.,-1.));
#4360=DIRECTION('',(0.727740192829955,-0.685852908238946,1.82190445066692E-14));
#4361=DIRECTION('center_axis',(-1.3258730962461E-14,1.24955846602339E-14,
1.));
#4362=DIRECTION('ref_axis',(-0.685852908238946,-0.727740192829955,0.));
#4363=DIRECTION('',(8.32667268468866E-17,1.,-1.24955846602339E-14));
#4364=DIRECTION('',(0.727740192829955,-0.685852908238946,1.82190445066692E-14));
#4365=DIRECTION('center_axis',(-0.685852908238946,-0.727740192829955,4.93038065763132E-32));
#4366=DIRECTION('ref_axis',(-5.04971198765603E-16,4.75906056395625E-16,
-1.));
#4367=DIRECTION('',(5.64125306689069E-48,6.77491872265377E-32,1.));
#4368=DIRECTION('center_axis',(0.,0.,1.));
#4369=DIRECTION('ref_axis',(0.707106781186547,-0.707106781186548,0.));
#4370=DIRECTION('center_axis',(2.25120568224436E-14,2.12163074050812E-14,
1.));
#4371=DIRECTION('ref_axis',(1.,0.,0.));
#4372=DIRECTION('center_axis',(0.,0.,1.));
#4373=DIRECTION('ref_axis',(0.707106781186547,-0.707106781186548,0.));
#4374=DIRECTION('center_axis',(-2.25120568224436E-14,-2.12163074050811E-14,
-1.));
#4375=DIRECTION('ref_axis',(0.707106781186547,-0.707106781186548,0.));
#4376=DIRECTION('center_axis',(2.25120568224436E-14,2.12163074050811E-14,
1.));
#4377=DIRECTION('ref_axis',(0.707106781186547,-0.707106781186548,0.));
#4378=DIRECTION('center_axis',(0.,0.,-1.));
#4379=DIRECTION('ref_axis',(0.707106781186547,-0.707106781186548,0.));
#4380=DIRECTION('center_axis',(-2.25120568224436E-14,-2.12163074050812E-14,
-1.));
#4381=DIRECTION('ref_axis',(1.,0.,0.));
#4382=DIRECTION('center_axis',(-2.25120568224441E-14,-2.12163074050806E-14,
-1.));
#4383=DIRECTION('ref_axis',(0.685852908238923,-0.727740192829976,2.41294043940719E-28));
#4384=DIRECTION('center_axis',(2.22044604925032E-14,2.22044604925032E-14,
1.));
#4385=DIRECTION('ref_axis',(1.,0.,-2.22044604925032E-14));
#4386=DIRECTION('center_axis',(0.727740192829956,0.685852908238945,-4.10207670714926E-29));
#4387=DIRECTION('ref_axis',(1.64486075112388E-14,-1.74531778727149E-14,
1.));
#4388=DIRECTION('',(0.685852908238945,-0.727740192829956,-3.5527136788005E-14));
#4389=DIRECTION('',(-2.98524609386407E-29,-2.81342123941756E-29,-1.));
#4390=DIRECTION('',(0.685852908238945,-0.727740192829956,-3.5527136788005E-14));
#4391=DIRECTION('center_axis',(0.,0.,1.));
#4392=DIRECTION('ref_axis',(0.685852908238946,-0.727740192829955,0.));
#4393=DIRECTION('',(-0.685852908238946,0.727740192829955,0.));
#4394=DIRECTION('center_axis',(0.,0.,-1.));
#4395=DIRECTION('ref_axis',(-0.685852908238946,0.727740192829955,0.));
#4396=DIRECTION('',(0.685852908238946,-0.727740192829955,0.));
#4397=DIRECTION('center_axis',(-0.727740192829955,-0.685852908238946,3.23815048849003E-16));
#4398=DIRECTION('ref_axis',(0.685852908238946,-0.727740192829955,0.));
#4399=DIRECTION('',(2.35653226090615E-16,2.22089492984625E-16,1.));
#4400=DIRECTION('',(0.685852908238947,-0.727740192829954,0.));
#4401=DIRECTION('',(-0.685852908238946,0.727740192829955,0.));
#4402=DIRECTION('',(2.35653226090615E-16,2.22089492984625E-16,1.));
#4403=DIRECTION('center_axis',(0.,0.,-1.));
#4404=DIRECTION('ref_axis',(-0.685852908238946,0.727740192829955,0.));
#4405=DIRECTION('',(-8.32667268468866E-17,-1.,0.));
#4406=DIRECTION('',(0.727740192829955,0.685852908238946,0.));
#4407=DIRECTION('',(0.727740192829955,0.685852908238946,0.));
#4408=DIRECTION('center_axis',(0.685852908238946,-0.727740192829955,0.));
#4409=DIRECTION('ref_axis',(-2.35653226090615E-16,-2.22089492984625E-16,
-1.));
#4410=DIRECTION('',(0.,0.,1.));
#4411=DIRECTION('',(0.727740192829955,0.685852908238946,0.));
#4412=DIRECTION('center_axis',(0.,0.,1.));
#4413=DIRECTION('ref_axis',(0.685852908238946,-0.727740192829955,0.));
#4414=DIRECTION('',(8.32667268468866E-17,1.,0.));
#4415=DIRECTION('',(0.727740192829955,0.685852908238946,0.));
#4416=DIRECTION('center_axis',(-0.685852908238946,0.727740192829955,0.));
#4417=DIRECTION('ref_axis',(2.35653226090615E-16,2.22089492984625E-16,1.));
#4418=DIRECTION('',(0.,0.,-1.));
#4419=DIRECTION('center_axis',(-2.22044604925032E-14,-2.22044604925032E-14,
-1.));
#4420=DIRECTION('ref_axis',(-1.,0.,2.22044604925032E-14));
#4421=DIRECTION('center_axis',(2.22044604925032E-14,2.22044604925032E-14,
1.));
#4422=DIRECTION('ref_axis',(1.,0.,-2.22044604925032E-14));
#4423=DIRECTION('center_axis',(0.,0.,1.));
#4424=DIRECTION('ref_axis',(-0.685852908238946,0.727740192829955,0.));
#4425=DIRECTION('',(0.685852908238946,-0.727740192829955,-1.01506105108586E-14));
#4426=DIRECTION('center_axis',(0.,0.,-1.));
#4427=DIRECTION('ref_axis',(0.685852908238946,-0.727740192829955,0.));
#4428=DIRECTION('',(-0.685852908238946,0.727740192829955,0.));
#4429=DIRECTION('center_axis',(0.727740192829955,0.685852908238946,-3.59485087198294E-15));
#4430=DIRECTION('ref_axis',(-0.685852908238946,0.727740192829955,0.));
#4431=DIRECTION('',(-2.6161174667718E-15,-2.46553892523481E-15,-1.));
#4432=DIRECTION('',(0.685852908238946,-0.727740192829955,2.16936748935778E-30));
#4433=DIRECTION('',(-0.685852908238942,0.727740192829959,1.81274713796731E-30));
#4434=DIRECTION('',(-2.6161174667718E-15,-2.46553892523481E-15,-1.));
#4435=DIRECTION('center_axis',(-0.727740192829956,-0.685852908238945,0.));
#4436=DIRECTION('ref_axis',(0.,0.,-1.));
#4437=DIRECTION('',(-0.685852908238945,0.727740192829956,0.));
#4438=DIRECTION('',(0.,0.,1.));
#4439=DIRECTION('',(0.685852908238945,-0.727740192829956,0.));
#4440=DIRECTION('center_axis',(-2.58545253767991E-15,-2.43663900874559E-15,
-1.));
#4441=DIRECTION('ref_axis',(0.685852908238942,-0.727740192829959,-1.81274713796731E-30));
#4442=DIRECTION('',(-1.,8.32667268468866E-17,2.58545253767991E-15));
#4443=DIRECTION('',(-0.727740192829955,-0.685852908238946,3.5527136788005E-15));
#4444=DIRECTION('',(-0.727740192829955,-0.685852908238946,3.5527136788005E-15));
#4445=DIRECTION('center_axis',(-0.685852908238946,0.727740192829955,0.));
#4446=DIRECTION('ref_axis',(2.35653226090615E-16,2.22089492984625E-16,-1.));
#4447=DIRECTION('',(-0.727740192829955,-0.685852908238946,3.5527136788005E-15));
#4448=DIRECTION('',(0.,0.,1.));
#4449=DIRECTION('center_axis',(2.5854525376799E-15,2.43663900874561E-15,
1.));
#4450=DIRECTION('ref_axis',(-0.685852908238946,0.727740192829955,0.));
#4451=DIRECTION('',(1.,-8.32667268468866E-17,-2.58545253767989E-15));
#4452=DIRECTION('',(-0.727740192829955,-0.685852908238946,3.5527136788005E-15));
#4453=DIRECTION('center_axis',(0.685852908238946,-0.727740192829955,0.));
#4454=DIRECTION('ref_axis',(2.6161174667718E-15,2.46553892523481E-15,1.));
#4455=DIRECTION('',(0.,0.,-1.));
#4456=DIRECTION('center_axis',(0.,0.,1.));
#4457=DIRECTION('ref_axis',(-0.707106781186547,0.707106781186548,0.));
#4458=DIRECTION('center_axis',(5.23747897643174E-15,4.93602005663219E-15,
1.));
#4459=DIRECTION('ref_axis',(-0.707106781186547,0.707106781186548,0.));
#4460=DIRECTION('center_axis',(-5.23747897643174E-15,-4.93602005663219E-15,
-1.));
#4461=DIRECTION('ref_axis',(-0.707106781186547,0.707106781186548,0.));
#4462=DIRECTION('center_axis',(0.,0.,1.));
#4463=DIRECTION('ref_axis',(-0.707106781186547,0.707106781186548,0.));
#4464=DIRECTION('center_axis',(-5.23747897643173E-15,-4.9360200566322E-15,
-1.));
#4465=DIRECTION('ref_axis',(-0.707106781186547,0.707106781186548,0.));
#4466=DIRECTION('center_axis',(5.23747897643173E-15,4.9360200566322E-15,
1.));
#4467=DIRECTION('ref_axis',(-0.707106781186547,0.707106781186548,0.));
#4468=DIRECTION('center_axis',(0.,0.,-1.));
#4469=DIRECTION('ref_axis',(-0.707106781186547,0.707106781186548,0.));
#4470=DIRECTION('center_axis',(4.65381456782381E-15,4.38595021574209E-15,
1.));
#4471=DIRECTION('ref_axis',(0.685852908238945,-0.727740192829956,0.));
#4472=DIRECTION('',(-0.685852908238942,0.727740192829959,-3.31321580192825E-29));
#4473=DIRECTION('',(0.727740192829955,0.685852908238945,-6.3948846218409E-15));
#4474=DIRECTION('',(-1.,8.32667268468866E-17,4.65381456782381E-15));
#4475=DIRECTION('',(0.727740192829955,0.685852908238945,-6.3948846218409E-15));
#4476=DIRECTION('',(0.685852908238945,-0.727740192829956,0.));
#4477=DIRECTION('center_axis',(-8.12693914344047E-13,-7.65916861749037E-13,
1.));
#4478=DIRECTION('ref_axis',(-0.685852908238946,0.727740192829955,0.));
#4479=DIRECTION('',(0.685852908238946,-0.727740192829955,0.));
#4480=DIRECTION('',(-0.685852908238945,0.727740192829956,-3.5527136788005E-14));
#4481=DIRECTION('',(-0.727740192829955,-0.685852908238946,-1.11673633303629E-12));
#4482=DIRECTION('',(-8.32667268468866E-17,-1.,-7.65916861749037E-13));
#4483=DIRECTION('',(-0.727740192829955,-0.685852908238946,-1.11673633303629E-12));
#4484=DIRECTION('center_axis',(-4.44089209850064E-15,-4.44089209850064E-15,
-1.));
#4485=DIRECTION('ref_axis',(-1.,0.,4.44089209850064E-15));
#4486=DIRECTION('center_axis',(4.44089209850064E-15,4.44089209850064E-15,
1.));
#4487=DIRECTION('ref_axis',(1.,0.,-4.44089209850064E-15));
#4488=DIRECTION('center_axis',(0.,0.,1.));
#4489=DIRECTION('ref_axis',(0.685852908238946,-0.727740192829955,0.));
#4490=DIRECTION('',(-0.685852908238945,0.727740192829956,0.));
#4491=DIRECTION('center_axis',(0.,0.,-1.));
#4492=DIRECTION('ref_axis',(-0.685852908238946,0.727740192829955,0.));
#4493=DIRECTION('',(0.685852908238945,-0.727740192829956,0.));
#4494=DIRECTION('center_axis',(-0.727740192829956,-0.685852908238945,6.58947344777513E-15));
#4495=DIRECTION('ref_axis',(0.685852908238945,-0.727740192829956,0.));
#4496=DIRECTION('',(-4.79542467753175E-15,-4.51940952791989E-15,-1.));
#4497=DIRECTION('',(0.685852908238952,-0.727740192829949,0.));
#4498=DIRECTION('',(-4.79542467753175E-15,-4.51940952791989E-15,-1.));
#4499=DIRECTION('center_axis',(0.727740192829956,0.685852908238945,2.22044604925031E-16));
#4500=DIRECTION('ref_axis',(1.61590783604993E-16,1.52289938046601E-16,-1.));
#4501=DIRECTION('',(-1.61590783604994E-16,-1.522899380466E-16,1.));
#4502=DIRECTION('',(-0.685852908238945,0.727740192829956,0.));
#4503=DIRECTION('center_axis',(-4.65381456782377E-15,-4.38595021574213E-15,
-1.));
#4504=DIRECTION('ref_axis',(-0.685852908238952,0.727740192829949,0.));
#4505=DIRECTION('',(0.727740192829955,0.685852908238945,-6.3948846218409E-15));
#4506=DIRECTION('',(1.,-8.32667268468866E-17,-4.65381456782377E-15));
#4507=DIRECTION('',(0.727740192829955,0.685852908238945,-6.3948846218409E-15));
#4508=DIRECTION('center_axis',(-0.685852908238945,0.727740192829956,1.18329135783152E-30));
#4509=DIRECTION('ref_axis',(4.79542467753175E-15,4.51940952791989E-15,1.));
#4510=DIRECTION('',(-1.72528445037849E-30,1.43658789062847E-46,-1.));
#4511=DIRECTION('center_axis',(0.685852908238945,-0.727740192829956,0.));
#4512=DIRECTION('ref_axis',(0.,0.,-1.));
#4513=DIRECTION('',(0.,0.,1.));
#4514=DIRECTION('center_axis',(-5.23747897643173E-15,-4.9360200566322E-15,
-1.));
#4515=DIRECTION('ref_axis',(0.685852908238946,-0.727740192829955,0.));
#4516=DIRECTION('center_axis',(4.44089209850064E-15,4.44089209850064E-15,
1.));
#4517=DIRECTION('ref_axis',(1.,0.,-4.44089209850064E-15));
#4518=DIRECTION('center_axis',(-0.685852908238946,0.727740192829955,0.));
#4519=DIRECTION('ref_axis',(0.,0.,-1.));
#4520=DIRECTION('',(-0.727740192829955,-0.685852908238946,-1.11673633303629E-12));
#4521=DIRECTION('',(0.,0.,1.));
#4522=DIRECTION('',(0.,0.,1.));
#4523=DIRECTION('',(0.,0.,1.));
#4524=DIRECTION('center_axis',(8.12693914342825E-13,7.65916861750333E-13,
-1.));
#4525=DIRECTION('ref_axis',(0.685852908240108,-0.72774019282886,0.));
#4526=DIRECTION('',(-0.685852908238946,0.727740192829955,1.78209358287944E-24));
#4527=DIRECTION('',(8.32667268468866E-17,1.,7.65916861750334E-13));
#4528=DIRECTION('',(-0.727740192829955,-0.685852908238946,-1.11673633303629E-12));
#4529=DIRECTION('',(-0.685852908238945,0.727740192829956,-3.5527136788005E-14));
#4530=DIRECTION('center_axis',(-1.,8.32667268468866E-17,0.));
#4531=DIRECTION('ref_axis',(8.32667268468866E-17,1.,0.));
#4532=DIRECTION('',(0.,0.,1.));
#4533=DIRECTION('',(8.32667268468866E-17,1.,0.));
#4534=DIRECTION('',(0.,0.,-1.));
#4535=DIRECTION('center_axis',(0.707106781186547,-0.707106781186548,0.));
#4536=DIRECTION('ref_axis',(-0.707106781186548,-0.707106781186547,0.));
#4537=DIRECTION('',(-0.707106781186548,-0.707106781186547,0.));
#4538=DIRECTION('',(0.,0.,-1.));
#4539=DIRECTION('',(0.707106781186548,0.707106781186547,0.));
#4540=DIRECTION('center_axis',(0.707106781186548,0.707106781186547,0.));
#4541=DIRECTION('ref_axis',(0.707106781186547,-0.707106781186548,0.));
#4542=DIRECTION('',(-0.707106781186547,0.707106781186548,0.));
#4543=DIRECTION('',(0.,0.,-1.));
#4544=DIRECTION('',(0.707106781186547,-0.707106781186548,0.));
#4545=DIRECTION('center_axis',(0.,0.,-1.));
#4546=DIRECTION('ref_axis',(8.32667268468866E-17,1.,0.));
#4547=DIRECTION('',(-8.32667268468866E-17,-1.,0.));
#4548=DIRECTION('center_axis',(0.,0.,1.));
#4549=DIRECTION('ref_axis',(-8.32667268468866E-17,-1.,0.));
#4550=DIRECTION('',(8.32667268468866E-17,1.,0.));
#4551=DIRECTION('center_axis',(0.,0.,1.));
#4552=DIRECTION('ref_axis',(0.707106781186547,-0.707106781186548,0.));
#4553=DIRECTION('',(1.,-8.32667268468866E-17,0.));
#4554=DIRECTION('',(0.707106781186548,0.707106781186547,0.));
#4555=DIRECTION('center_axis',(0.,0.,1.));
#4556=DIRECTION('ref_axis',(-8.32667268468866E-17,-1.,0.));
#4557=DIRECTION('',(-0.707106781186548,0.707106781186547,0.));
#4558=DIRECTION('',(-1.,8.32667268468866E-17,0.));
#4559=DIRECTION('center_axis',(0.,0.,1.));
#4560=DIRECTION('ref_axis',(0.707106781186548,0.707106781186547,0.));
#4561=DIRECTION('',(8.32667268468866E-17,1.,0.));
#4562=DIRECTION('center_axis',(-8.32667268468866E-17,-1.,0.));
#4563=DIRECTION('ref_axis',(-1.,8.32667268468866E-17,0.));
#4564=DIRECTION('',(0.,0.,1.));
#4565=DIRECTION('',(-1.,8.32667268468866E-17,0.));
#4566=DIRECTION('',(0.,0.,-1.));
#4567=DIRECTION('center_axis',(0.707106781186547,0.707106781186548,0.));
#4568=DIRECTION('ref_axis',(0.707106781186548,-0.707106781186547,0.));
#4569=DIRECTION('',(0.707106781186548,-0.707106781186547,0.));
#4570=DIRECTION('',(0.,0.,-1.));
#4571=DIRECTION('center_axis',(-0.707106781186547,0.707106781186548,0.));
#4572=DIRECTION('ref_axis',(0.707106781186548,0.707106781186547,0.));
#4573=DIRECTION('',(-0.707106781186548,-0.707106781186547,0.));
#4574=DIRECTION('',(0.,0.,-1.));
#4575=DIRECTION('',(0.707106781186548,0.707106781186547,0.));
#4576=DIRECTION('center_axis',(0.,0.,-1.));
#4577=DIRECTION('ref_axis',(8.32667268468866E-17,1.,0.));
#4578=DIRECTION('',(1.,-8.32667268468866E-17,0.));
#4579=DIRECTION('center_axis',(0.,0.,1.));
#4580=DIRECTION('ref_axis',(-8.32667268468866E-17,-1.,0.));
#4581=DIRECTION('',(-0.707106781186547,-0.707106781186548,0.));
#4582=DIRECTION('',(-8.32667268468866E-17,-1.,0.));
#4583=DIRECTION('center_axis',(0.,0.,1.));
#4584=DIRECTION('ref_axis',(-0.707106781186547,0.707106781186548,0.));
#4585=DIRECTION('',(-1.,8.32667268468866E-17,0.));
#4586=DIRECTION('center_axis',(-0.707106781186548,-0.707106781186547,0.));
#4587=DIRECTION('ref_axis',(-0.707106781186547,0.707106781186548,0.));
#4588=DIRECTION('',(0.,0.,1.));
#4589=DIRECTION('',(-0.707106781186547,0.707106781186548,0.));
#4590=DIRECTION('',(0.,0.,-1.));
#4591=DIRECTION('',(0.707106781186547,-0.707106781186548,0.));
#4592=DIRECTION('center_axis',(0.707106781186547,-0.707106781186548,0.));
#4593=DIRECTION('ref_axis',(-0.707106781186548,-0.707106781186547,0.));
#4594=DIRECTION('',(0.,0.,-1.));
#4595=DIRECTION('',(-0.707106781186548,-0.707106781186547,0.));
#4596=DIRECTION('',(0.,0.,-1.));
#4597=DIRECTION('center_axis',(8.32667268468866E-17,1.,0.));
#4598=DIRECTION('ref_axis',(1.,-8.32667268468866E-17,0.));
#4599=DIRECTION('',(1.,-8.32667268468866E-17,0.));
#4600=DIRECTION('center_axis',(0.,0.,-1.));
#4601=DIRECTION('ref_axis',(8.32667268468866E-17,1.,0.));
#4602=DIRECTION('',(-1.,8.32667268468866E-17,0.));
#4603=DIRECTION('center_axis',(0.,0.,1.));
#4604=DIRECTION('ref_axis',(-8.32667268468866E-17,-1.,0.));
#4605=DIRECTION('',(1.,-8.32667268468866E-17,0.));
#4606=DIRECTION('center_axis',(0.,0.,1.));
#4607=DIRECTION('ref_axis',(-0.707106781186548,-0.707106781186547,0.));
#4608=DIRECTION('',(-8.32667268468866E-17,-1.,0.));
#4609=DIRECTION('',(0.707106781186547,-0.707106781186548,0.));
#4610=DIRECTION('center_axis',(-0.707106781186548,0.707106781186547,0.));
#4611=DIRECTION('ref_axis',(0.707106781186547,0.707106781186548,0.));
#4612=DIRECTION('',(0.,0.,1.));
#4613=DIRECTION('',(0.707106781186547,0.707106781186548,0.));
#4614=DIRECTION('',(0.,0.,-1.));
#4615=DIRECTION('center_axis',(-0.707106781186548,-0.707106781186547,0.));
#4616=DIRECTION('ref_axis',(-0.707106781186547,0.707106781186548,0.));
#4617=DIRECTION('',(0.,0.,-1.));
#4618=DIRECTION('',(-0.707106781186547,0.707106781186548,0.));
#4619=DIRECTION('',(0.,0.,-1.));
#4620=DIRECTION('center_axis',(1.,-8.32667268468866E-17,0.));
#4621=DIRECTION('ref_axis',(-8.32667268468866E-17,-1.,0.));
#4622=DIRECTION('',(-8.32667268468866E-17,-1.,0.));
#4623=DIRECTION('center_axis',(0.,0.,-1.));
#4624=DIRECTION('ref_axis',(8.32667268468866E-17,1.,0.));
#4625=DIRECTION('',(8.32667268468866E-17,1.,0.));
#4626=DIRECTION('center_axis',(0.,0.,1.));
#4627=DIRECTION('ref_axis',(-0.707106781186547,0.707106781186548,0.));
#4628=DIRECTION('center_axis',(0.,0.,-1.));
#4629=DIRECTION('ref_axis',(-0.707106781186547,0.707106781186548,0.));
#4630=DIRECTION('',(0.,0.,-1.));
#4631=DIRECTION('',(0.,0.,1.));
#4632=DIRECTION('center_axis',(-1.,8.32667268468866E-17,0.));
#4633=DIRECTION('ref_axis',(-8.32667268468866E-17,-1.,0.));
#4634=DIRECTION('',(0.,0.,-1.));
#4635=DIRECTION('',(-8.32667268468866E-17,-1.,0.));
#4636=DIRECTION('',(0.,0.,-1.));
#4637=DIRECTION('center_axis',(0.,0.,1.));
#4638=DIRECTION('ref_axis',(-0.707106781186548,-0.707106781186547,0.));
#4639=DIRECTION('center_axis',(0.,0.,-1.));
#4640=DIRECTION('ref_axis',(-0.707106781186548,-0.707106781186547,0.));
#4641=DIRECTION('',(0.,0.,1.));
#4642=DIRECTION('center_axis',(-8.32667268468866E-17,-1.,0.));
#4643=DIRECTION('ref_axis',(1.,-8.32667268468866E-17,0.));
#4644=DIRECTION('',(0.,0.,-1.));
#4645=DIRECTION('',(1.,-8.32667268468866E-17,0.));
#4646=DIRECTION('center_axis',(0.,0.,1.));
#4647=DIRECTION('ref_axis',(0.707106781186547,-0.707106781186548,0.));
#4648=DIRECTION('center_axis',(0.,0.,-1.));
#4649=DIRECTION('ref_axis',(0.707106781186547,-0.707106781186548,0.));
#4650=DIRECTION('',(0.,0.,1.));
#4651=DIRECTION('center_axis',(1.,-8.32667268468866E-17,0.));
#4652=DIRECTION('ref_axis',(8.32667268468866E-17,1.,0.));
#4653=DIRECTION('',(0.,0.,-1.));
#4654=DIRECTION('',(8.32667268468866E-17,1.,0.));
#4655=DIRECTION('center_axis',(0.,0.,1.));
#4656=DIRECTION('ref_axis',(0.707106781186548,0.707106781186547,0.));
#4657=DIRECTION('center_axis',(0.,0.,-1.));
#4658=DIRECTION('ref_axis',(0.707106781186548,0.707106781186547,0.));
#4659=DIRECTION('',(0.,0.,1.));
#4660=DIRECTION('center_axis',(8.32667268468866E-17,1.,0.));
#4661=DIRECTION('ref_axis',(-1.,8.32667268468866E-17,0.));
#4662=DIRECTION('',(-1.,8.32667268468866E-17,0.));
#4663=DIRECTION('center_axis',(0.,0.,1.));
#4664=DIRECTION('ref_axis',(-8.32667268468866E-17,-1.,0.));
#4665=DIRECTION('center_axis',(-0.727740192829956,-0.685852908238945,-4.57539325028187E-29));
#4666=DIRECTION('ref_axis',(-1.67305588644778E-14,1.77523489190282E-14,
1.));
#4667=DIRECTION('',(3.329697566233E-29,3.13804676704267E-29,-1.));
#4668=DIRECTION('center_axis',(0.685852908238946,-0.727740192829955,0.));
#4669=DIRECTION('ref_axis',(-8.12909862667358E-13,-7.66120380514431E-13,
1.));
#4670=DIRECTION('center_axis',(0.,0.,1.));
#4671=DIRECTION('ref_axis',(-0.685852908238946,0.727740192829955,0.));
#4672=DIRECTION('',(0.685852908238946,-0.727740192829955,0.));
#4673=DIRECTION('center_axis',(0.,0.,-1.));
#4674=DIRECTION('ref_axis',(0.685852908238946,-0.727740192829955,0.));
#4675=DIRECTION('',(-0.685852908238946,0.727740192829955,0.));
#4676=DIRECTION('center_axis',(0.727740192829955,0.685852908238946,1.11703307124787E-12));
#4677=DIRECTION('ref_axis',(-0.685852908238946,0.727740192829955,0.));
#4678=CARTESIAN_POINT('',(0.,0.,0.));
#4679=CARTESIAN_POINT('Origin',(-4.44089209850063E-15,-62.75,10.));
#4680=CARTESIAN_POINT('',(16.5,-65.,10.));
#4681=CARTESIAN_POINT('',(-16.5,-65.,10.));
#4682=CARTESIAN_POINT('',(30.75,-65.,10.));
#4683=CARTESIAN_POINT('',(22.5,-59.,10.));
#4684=CARTESIAN_POINT('',(22.5,-59.,10.));
#4685=CARTESIAN_POINT('',(-22.5,-59.,10.));
#4686=CARTESIAN_POINT('',(-22.5,-59.,10.));
#4687=CARTESIAN_POINT('',(-22.5,-59.,10.));
#4688=CARTESIAN_POINT('Origin',(-59.25,6.66133814775094E-15,10.));
#4689=CARTESIAN_POINT('',(-61.5,-16.5,10.));
#4690=CARTESIAN_POINT('',(-61.5,16.5,10.));
#4691=CARTESIAN_POINT('',(-61.5,-32.5,10.));
#4692=CARTESIAN_POINT('',(-55.5,-22.5,10.));
#4693=CARTESIAN_POINT('',(-55.5,-22.5,10.));
#4694=CARTESIAN_POINT('',(-55.5,22.5,10.));
#4695=CARTESIAN_POINT('',(-55.5,22.5,10.));
#4696=CARTESIAN_POINT('',(-55.5,22.5,10.));
#4697=CARTESIAN_POINT('Origin',(6.66133814775094E-15,62.75,10.));
#4698=CARTESIAN_POINT('',(-16.5,65.,10.));
#4699=CARTESIAN_POINT('',(16.5,65.,10.));
#4700=CARTESIAN_POINT('',(-30.75,65.,10.));
#4701=CARTESIAN_POINT('',(-22.5,59.,10.));
#4702=CARTESIAN_POINT('',(-22.5,59.,10.));
#4703=CARTESIAN_POINT('',(22.5,59.,10.));
#4704=CARTESIAN_POINT('',(-22.5,59.,10.));
#4705=CARTESIAN_POINT('',(22.5,59.,10.));
#4706=CARTESIAN_POINT('Origin',(59.25,-4.44089209850063E-15,10.));
#4707=CARTESIAN_POINT('',(61.5,16.5,10.));
#4708=CARTESIAN_POINT('',(61.5,-16.5,10.));
#4709=CARTESIAN_POINT('',(61.5,32.5,10.));
#4710=CARTESIAN_POINT('',(55.5,22.5,10.));
#4711=CARTESIAN_POINT('',(55.5,22.5,10.));
#4712=CARTESIAN_POINT('',(55.5,-22.5,10.));
#4713=CARTESIAN_POINT('',(55.5,22.5,10.));
#4714=CARTESIAN_POINT('',(55.5,-22.5,10.));
#4715=CARTESIAN_POINT('Origin',(54.135815800606,-51.6101021556577,220.));
#4716=CARTESIAN_POINT('',(54.135815800606,-51.6101021556577,218.));
#4717=CARTESIAN_POINT('',(54.135815800606,-51.6101021556577,222.));
#4718=CARTESIAN_POINT('Origin',(54.135815800606,-51.6101021556577,220.));
#4719=CARTESIAN_POINT('',(55.5912961862659,-50.2383963391798,218.));
#4720=CARTESIAN_POINT('',(54.135815800606,-51.6101021556577,218.));
#4721=CARTESIAN_POINT('',(55.5912961862659,-50.2383963391798,222.));
#4722=CARTESIAN_POINT('Origin',(55.5912961862659,-50.2383963391798,220.));
#4723=CARTESIAN_POINT('',(54.135815800606,-51.6101021556577,222.));
#4724=CARTESIAN_POINT('Origin',(58.9367861582786,-56.7042835054674,220.));
#4725=CARTESIAN_POINT('',(58.9367861582786,-56.7042835054674,222.));
#4726=CARTESIAN_POINT('',(58.9367861582786,-56.7042835054674,218.));
#4727=CARTESIAN_POINT('Origin',(58.9367861582786,-56.7042835054674,220.));
#4728=CARTESIAN_POINT('',(60.3922665439385,-55.3325776889895,222.));
#4729=CARTESIAN_POINT('',(58.9367861582786,-56.7042835054674,222.));
#4730=CARTESIAN_POINT('',(60.3922665439385,-55.3325776889895,218.));
#4731=CARTESIAN_POINT('Origin',(60.3922665439385,-55.3325776889895,220.));
#4732=CARTESIAN_POINT('',(58.9367861582786,-56.7042835054674,218.));
#4733=CARTESIAN_POINT('Origin',(60.3696408601087,-55.3085701805056,220.));
#4734=CARTESIAN_POINT('',(60.3470151762788,-55.2845626720217,218.));
#4735=CARTESIAN_POINT('',(60.3470151762788,-55.2845626720217,222.));
#4736=CARTESIAN_POINT('',(60.3470151762788,-55.2845626720217,215.));
#4737=CARTESIAN_POINT('',(55.5912961862659,-50.2383963391798,218.));
#4738=CARTESIAN_POINT('',(60.3922665439385,-55.3325776889895,222.));
#4739=CARTESIAN_POINT('Origin',(56.4910496117826,-54.1091778135947,220.));
#4740=CARTESIAN_POINT('',(60.7984135822624,-58.6796066166369,228.));
#4741=CARTESIAN_POINT('',(52.0330057082297,-49.3788665601998,228.));
#4742=CARTESIAN_POINT('',(53.4047115247076,-50.8343469458598,228.));
#4743=CARTESIAN_POINT('',(52.0330057082295,-49.3788665602,212.));
#4744=CARTESIAN_POINT('',(52.0330057082295,-49.3788665602,223.));
#4745=CARTESIAN_POINT('',(60.7984135822622,-58.6796066166374,212.));
#4746=CARTESIAN_POINT('',(59.5773876988577,-57.3840086813297,212.));
#4747=CARTESIAN_POINT('',(60.7984135822595,-58.6796066166442,0.));
#4748=CARTESIAN_POINT('',(57.0054392929618,-54.6549829582172,218.));
#4749=CARTESIAN_POINT('',(57.0054392929619,-54.6549829582172,222.));
#4750=CARTESIAN_POINT('Origin',(48.2686428903067,-57.0489104046014,220.));
#4751=CARTESIAN_POINT('',(48.2686428903067,-57.0489104046015,222.));
#4752=CARTESIAN_POINT('',(48.2686428903067,-57.0489104046014,218.));
#4753=CARTESIAN_POINT('Origin',(48.2686428903067,-57.0489104046015,220.));
#4754=CARTESIAN_POINT('',(46.8131625046468,-58.4206162210793,222.));
#4755=CARTESIAN_POINT('',(48.2686428903067,-57.0489104046015,222.));
#4756=CARTESIAN_POINT('',(46.8131625046468,-58.4206162210793,218.));
#4757=CARTESIAN_POINT('Origin',(46.8131625046468,-58.4206162210794,220.));
#4758=CARTESIAN_POINT('',(48.2686428903067,-57.0489104046014,218.));
#4759=CARTESIAN_POINT('Origin',(53.0696132479793,-62.1430917544111,220.));
#4760=CARTESIAN_POINT('',(53.0696132479793,-62.1430917544111,218.));
#4761=CARTESIAN_POINT('',(53.0696132479793,-62.1430917544111,222.));
#4762=CARTESIAN_POINT('Origin',(53.0696132479793,-62.1430917544112,220.));
#4763=CARTESIAN_POINT('',(51.6141328623194,-63.514797570889,218.));
#4764=CARTESIAN_POINT('',(53.0696132479793,-62.1430917544111,218.));
#4765=CARTESIAN_POINT('',(51.6141328623194,-63.514797570889,222.));
#4766=CARTESIAN_POINT('Origin',(51.6141328623194,-63.514797570889,220.));
#4767=CARTESIAN_POINT('',(53.0696132479793,-62.1430917544111,222.));
#4768=CARTESIAN_POINT('Origin',(51.6141328623194,-63.514797570889,220.));
#4769=CARTESIAN_POINT('',(51.6141328623194,-63.514797570889,225.));
#4770=CARTESIAN_POINT('Origin',(50.669128069143,-59.5960010795063,220.));
#4771=CARTESIAN_POINT('',(46.21108416559,-54.8656898261114,228.));
#4772=CARTESIAN_POINT('',(55.1221238439264,-64.3209558983647,228.));
#4773=CARTESIAN_POINT('',(53.7554661562184,-62.8708319472409,228.));
#4774=CARTESIAN_POINT('',(55.122123843926,-64.3209558983649,212.));
#4775=CARTESIAN_POINT('',(55.1221238442956,-64.3209558982212,11920.9898917833));
#4776=CARTESIAN_POINT('',(46.2110841655899,-54.8656898261116,212.));
#4777=CARTESIAN_POINT('',(47.5827899820678,-56.3211702117715,212.));
#4778=CARTESIAN_POINT('',(46.2110841655899,-54.8656898261116,223.));
#4779=CARTESIAN_POINT('',(50.1547383879638,-59.0501959348838,222.));
#4780=CARTESIAN_POINT('',(50.1547383879637,-59.0501959348839,218.));
#4781=CARTESIAN_POINT('Origin',(-54.090920681584,-51.5620871386893,220.));
#4782=CARTESIAN_POINT('',(-54.090920681584,-51.5620871386892,222.));
#4783=CARTESIAN_POINT('',(-54.090920681584,-51.5620871386893,218.));
#4784=CARTESIAN_POINT('Origin',(-54.090920681584,-51.5620871386892,220.));
#4785=CARTESIAN_POINT('',(-55.5464010672439,-50.1903813222113,222.));
#4786=CARTESIAN_POINT('',(-54.090920681584,-51.5620871386892,222.));
#4787=CARTESIAN_POINT('',(-55.5464010672439,-50.1903813222114,218.));
#4788=CARTESIAN_POINT('Origin',(-55.546401067244,-50.1903813222113,220.));
#4789=CARTESIAN_POINT('',(-54.090920681584,-51.5620871386893,218.));
#4790=CARTESIAN_POINT('Origin',(-56.4914058604204,-54.1091778135941,220.));
#4791=CARTESIAN_POINT('',(-59.5777439474956,-57.3840086813289,228.));
#4792=CARTESIAN_POINT('',(-52.0333619568672,-49.3788665601994,228.));
#4793=CARTESIAN_POINT('',(-58.0345749039579,-55.7465932474616,228.));
#4794=CARTESIAN_POINT('',(-59.5777439474958,-57.3840086813287,212.));
#4795=CARTESIAN_POINT('',(-59.5777439474956,-57.3840086813289,226.));
#4796=CARTESIAN_POINT('',(-52.0333619568673,-49.3788665601993,212.));
#4797=CARTESIAN_POINT('',(-53.4050677733452,-50.8343469458592,212.));
#4798=CARTESIAN_POINT('',(-52.0333619568673,-49.3788665601993,214.));
#4799=CARTESIAN_POINT('',(-57.5201852227788,-55.200788102839,222.));
#4800=CARTESIAN_POINT('',(-55.9770161792411,-53.5633726689716,222.));
#4801=CARTESIAN_POINT('',(-57.5201852227788,-55.200788102839,218.));
#4802=CARTESIAN_POINT('',(-55.9770161792412,-53.5633726689716,218.));
#4803=CARTESIAN_POINT('Origin',(-57.5201852227788,-55.200788102839,220.));
#4804=CARTESIAN_POINT('Origin',(-48.2689991389444,-57.0489104046008,220.));
#4805=CARTESIAN_POINT('',(-48.2689991389444,-57.0489104046008,218.));
#4806=CARTESIAN_POINT('',(-48.2689991389444,-57.0489104046008,222.));
#4807=CARTESIAN_POINT('Origin',(-48.2689991389444,-57.0489104046008,220.));
#4808=CARTESIAN_POINT('',(-46.8135187532845,-58.4206162210787,218.));
#4809=CARTESIAN_POINT('',(-48.2689991389444,-57.0489104046008,218.));
#4810=CARTESIAN_POINT('',(-46.8135187532845,-58.4206162210787,222.));
#4811=CARTESIAN_POINT('Origin',(-46.8135187532845,-58.4206162210787,220.));
#4812=CARTESIAN_POINT('',(-48.2689991389444,-57.0489104046008,222.));
#4813=CARTESIAN_POINT('Origin',(-50.6694843177807,-59.5960010795056,220.));
#4814=CARTESIAN_POINT('',(-53.7558224048562,-62.8708319472403,212.));
#4815=CARTESIAN_POINT('',(-46.2114404142277,-54.8656898261108,212.));
#4816=CARTESIAN_POINT('',(-52.2126533613184,-61.233416513373,212.));
#4817=CARTESIAN_POINT('',(-53.755822404856,-62.8708319472404,228.));
#4818=CARTESIAN_POINT('',(-53.7558224048561,-62.8708319472403,214.));
#4819=CARTESIAN_POINT('',(-46.2114404142276,-54.8656898261109,228.));
#4820=CARTESIAN_POINT('',(-47.5831462307055,-56.3211702117708,228.));
#4821=CARTESIAN_POINT('',(-46.2114404142276,-54.8656898261109,226.));
#4822=CARTESIAN_POINT('',(-51.6982636801391,-60.6876113687506,218.));
#4823=CARTESIAN_POINT('',(-51.1838739989599,-60.1418062241281,218.));
#4824=CARTESIAN_POINT('',(-51.6982636801391,-60.6876113687506,222.));
#4825=CARTESIAN_POINT('',(-50.1550946366015,-59.0501959348832,222.));
#4826=CARTESIAN_POINT('Origin',(-51.6982636801391,-60.6876113687506,220.));
#4827=CARTESIAN_POINT('Origin',(54.0905644329456,51.5620871386877,220.));
#4828=CARTESIAN_POINT('',(54.0905644329456,51.5620871386877,222.));
#4829=CARTESIAN_POINT('',(54.0905644329456,51.5620871386877,218.));
#4830=CARTESIAN_POINT('Origin',(54.0905644329456,51.5620871386877,220.));
#4831=CARTESIAN_POINT('',(55.5460448186055,50.1903813222098,222.));
#4832=CARTESIAN_POINT('',(54.0905644329456,51.5620871386877,222.));
#4833=CARTESIAN_POINT('',(55.5460448186055,50.1903813222098,218.));
#4834=CARTESIAN_POINT('Origin',(55.5460448186055,50.1903813222098,220.));
#4835=CARTESIAN_POINT('',(54.0905644329456,51.5620871386877,218.));
#4836=CARTESIAN_POINT('Origin',(58.8915347906182,56.6562684884974,220.));
#4837=CARTESIAN_POINT('',(58.8915347906182,56.6562684884974,218.));
#4838=CARTESIAN_POINT('',(58.8915347906182,56.6562684884974,222.));
#4839=CARTESIAN_POINT('Origin',(58.8915347906182,56.6562684884974,220.));
#4840=CARTESIAN_POINT('',(60.3470151762781,55.2845626720195,218.));
#4841=CARTESIAN_POINT('',(58.8915347906182,56.6562684884974,218.));
#4842=CARTESIAN_POINT('',(60.3470151762781,55.2845626720195,222.));
#4843=CARTESIAN_POINT('Origin',(60.3470151762782,55.2845626720195,220.));
#4844=CARTESIAN_POINT('',(58.8915347906182,56.6562684884974,222.));
#4845=CARTESIAN_POINT('Origin',(60.3470151762781,55.2845626720195,220.));
#4846=CARTESIAN_POINT('',(60.3470151762781,55.2845626720195,225.));
#4847=CARTESIAN_POINT('Origin',(56.4910496117819,54.1091778135925,220.));
#4848=CARTESIAN_POINT('',(52.0330057082288,49.3788665601978,228.));
#4849=CARTESIAN_POINT('',(60.7984135822627,58.6796066166361,228.000000000002));
#4850=CARTESIAN_POINT('',(59.5773876988572,57.3840086813273,228.));
#4851=CARTESIAN_POINT('',(60.7984135822627,58.6796066166361,212.000000000003));
#4852=CARTESIAN_POINT('',(60.7984135822627,58.6796066166361,0.));
#4853=CARTESIAN_POINT('',(52.0330057082287,49.3788665601978,212.));
#4854=CARTESIAN_POINT('',(53.4047115247066,50.8343469458577,212.));
#4855=CARTESIAN_POINT('',(52.0330057082287,49.3788665601978,214.));
#4856=CARTESIAN_POINT('',(55.9766599306027,53.5633726689701,222.));
#4857=CARTESIAN_POINT('',(55.9766599306027,53.56337266897,218.));
#4858=CARTESIAN_POINT('Origin',(48.268642890306,57.0489104045993,220.));
#4859=CARTESIAN_POINT('',(48.268642890306,57.0489104045993,218.));
#4860=CARTESIAN_POINT('',(48.268642890306,57.0489104045993,222.));
#4861=CARTESIAN_POINT('Origin',(48.268642890306,57.0489104045993,220.));
#4862=CARTESIAN_POINT('',(46.8131625046461,58.4206162210771,218.));
#4863=CARTESIAN_POINT('',(48.268642890306,57.0489104045993,218.));
#4864=CARTESIAN_POINT('',(46.8131625046461,58.4206162210771,222.));
#4865=CARTESIAN_POINT('Origin',(46.813162504646,58.4206162210772,220.));
#4866=CARTESIAN_POINT('',(48.268642890306,57.0489104045993,222.));
#4867=CARTESIAN_POINT('Origin',(53.0696132479786,62.1430917544089,220.));
#4868=CARTESIAN_POINT('',(53.0696132479786,62.1430917544089,222.));
#4869=CARTESIAN_POINT('',(53.0696132479786,62.1430917544089,218.));
#4870=CARTESIAN_POINT('Origin',(53.0696132479786,62.1430917544089,220.));
#4871=CARTESIAN_POINT('',(51.6141328623187,63.5147975708868,222.));
#4872=CARTESIAN_POINT('',(53.0696132479786,62.1430917544089,222.));
#4873=CARTESIAN_POINT('',(51.6141328623187,63.5147975708868,218.));
#4874=CARTESIAN_POINT('Origin',(51.6141328623187,63.5147975708868,220.));
#4875=CARTESIAN_POINT('',(53.0696132479786,62.1430917544089,218.));
#4876=CARTESIAN_POINT('Origin',(51.6141328623187,63.5147975708868,220.));
#4877=CARTESIAN_POINT('',(51.6141328623188,63.5147975708866,215.));
#4878=CARTESIAN_POINT('Origin',(50.6691280691423,59.5960010795041,220.));
#4879=CARTESIAN_POINT('',(55.1221238439272,64.3209558983644,228.000000000002));
#4880=CARTESIAN_POINT('',(46.2110841655891,54.8656898261094,228.));
#4881=CARTESIAN_POINT('',(47.582789982067,56.3211702117693,228.));
#4882=CARTESIAN_POINT('',(46.2110841655891,54.8656898261094,212.));
#4883=CARTESIAN_POINT('',(46.2110841655891,54.8656898261094,226.));
#4884=CARTESIAN_POINT('',(55.1221238439272,64.3209558983644,212.000000000003));
#4885=CARTESIAN_POINT('',(53.7554661562175,62.8708319472389,212.));
#4886=CARTESIAN_POINT('',(55.1221238439272,64.3209558983644,11920.9898917833));
#4887=CARTESIAN_POINT('',(51.1835177503215,60.1418062241265,218.));
#4888=CARTESIAN_POINT('',(51.1835177503215,60.1418062241265,222.));
#4889=CARTESIAN_POINT('Origin',(-54.0909206815834,51.5620871386869,220.));
#4890=CARTESIAN_POINT('',(-54.0909206815834,51.5620871386869,218.));
#4891=CARTESIAN_POINT('',(-54.0909206815834,51.5620871386869,222.));
#4892=CARTESIAN_POINT('Origin',(-54.0909206815834,51.5620871386869,220.));
#4893=CARTESIAN_POINT('',(-55.5464010672433,50.190381322209,218.));
#4894=CARTESIAN_POINT('',(-54.0909206815834,51.5620871386869,218.));
#4895=CARTESIAN_POINT('',(-55.5464010672433,50.190381322209,222.));
#4896=CARTESIAN_POINT('Origin',(-55.5464010672433,50.190381322209,220.));
#4897=CARTESIAN_POINT('',(-54.0909206815834,51.5620871386869,222.));
#4898=CARTESIAN_POINT('Origin',(-58.891891039256,56.6562684884966,220.));
#4899=CARTESIAN_POINT('',(-58.891891039256,56.6562684884966,222.));
#4900=CARTESIAN_POINT('',(-58.891891039256,56.6562684884966,218.));
#4901=CARTESIAN_POINT('Origin',(-58.891891039256,56.6562684884966,220.));
#4902=CARTESIAN_POINT('',(-60.3473714249159,55.2845626720187,222.));
#4903=CARTESIAN_POINT('',(-58.891891039256,56.6562684884966,222.));
#4904=CARTESIAN_POINT('',(-60.3473714249159,55.2845626720187,218.));
#4905=CARTESIAN_POINT('Origin',(-60.3473714249159,55.2845626720187,220.));
#4906=CARTESIAN_POINT('',(-58.891891039256,56.6562684884966,218.));
#4907=CARTESIAN_POINT('Origin',(-60.3473714249159,55.2845626720187,220.));
#4908=CARTESIAN_POINT('',(-60.34737142492,55.2845626720148,215.));
#4909=CARTESIAN_POINT('Origin',(-56.4914058604197,54.1091778135917,220.));
#4910=CARTESIAN_POINT('',(-52.0333619568666,49.378866560197,212.));
#4911=CARTESIAN_POINT('',(-60.7985189294443,58.6793403918049,212.));
#4912=CARTESIAN_POINT('',(-59.577743947495,57.3840086813265,212.));
#4913=CARTESIAN_POINT('',(-60.7985189294442,58.679340391805,228.));
#4914=CARTESIAN_POINT('',(-60.7985189294448,58.6793403918035,0.));
#4915=CARTESIAN_POINT('',(-52.0333619568666,49.3788665601971,228.));
#4916=CARTESIAN_POINT('',(-53.4050677733444,50.834346945857,228.));
#4917=CARTESIAN_POINT('',(-52.0333619568666,49.3788665601971,226.));
#4918=CARTESIAN_POINT('',(-57.0057955415989,54.6549829582142,218.));
#4919=CARTESIAN_POINT('',(-57.0057955415989,54.6549829582142,222.));
#4920=CARTESIAN_POINT('Origin',(-48.2512523002566,57.0300797083177,220.));
#4921=CARTESIAN_POINT('',(-48.2512523002566,57.0300797083177,222.));
#4922=CARTESIAN_POINT('',(-48.2512523002566,57.0300797083177,218.));
#4923=CARTESIAN_POINT('Origin',(-48.2512523002566,57.0300797083177,220.));
#4924=CARTESIAN_POINT('',(-46.7957719145967,58.4017855247956,222.));
#4925=CARTESIAN_POINT('',(-48.2512523002566,57.0300797083177,222.));
#4926=CARTESIAN_POINT('',(-46.7957719145967,58.4017855247956,218.));
#4927=CARTESIAN_POINT('Origin',(-46.7957719145967,58.4017855247956,220.));
#4928=CARTESIAN_POINT('',(-48.2512523002566,57.0300797083177,218.));
#4929=CARTESIAN_POINT('Origin',(-51.6056156916129,63.5053822227457,220.));
#4930=CARTESIAN_POINT('',(-51.6144891109565,63.5147975708861,221.999832606643));
#4931=CARTESIAN_POINT('',(-51.6144891109565,63.514797570886,218.000167393357));
#4932=CARTESIAN_POINT('',(-51.6144891109565,63.5147975708861,225.));
#4933=CARTESIAN_POINT('Origin',(-51.5967422722693,63.4959668746053,220.));
#4934=CARTESIAN_POINT('Origin',(-53.0522226579292,62.1242610581274,220.));
#4935=CARTESIAN_POINT('',(-53.0522226579292,62.1242610581274,218.));
#4936=CARTESIAN_POINT('',(-53.0522226579292,62.1242610581274,222.));
#4937=CARTESIAN_POINT('Origin',(-53.0522226579292,62.1242610581274,220.));
#4938=CARTESIAN_POINT('',(-51.5967422722693,63.4959668746053,218.));
#4939=CARTESIAN_POINT('',(-53.0522226579292,62.1242610581274,218.));
#4940=CARTESIAN_POINT('Origin',(-51.5967422722693,63.4959668746052,220.));
#4941=CARTESIAN_POINT('',(-51.5967422722693,63.4959668746053,222.));
#4942=CARTESIAN_POINT('Origin',(-51.5967422722693,63.4959668746052,220.));
#4943=CARTESIAN_POINT('',(-53.0522226579292,62.1242610581274,222.));
#4944=CARTESIAN_POINT('Origin',(-50.6694843177801,59.5960010795033,220.));
#4945=CARTESIAN_POINT('',(-46.2114404142269,54.8656898261086,228.));
#4946=CARTESIAN_POINT('',(-55.1223845935096,64.320854566868,228.000000000002));
#4947=CARTESIAN_POINT('',(-53.7558224048553,62.8708319472381,228.));
#4948=CARTESIAN_POINT('',(-55.1223845935097,64.320854566868,212.000000000003));
#4949=CARTESIAN_POINT('',(-55.122384593511,64.3208545668675,0.));
#4950=CARTESIAN_POINT('',(-46.211440414227,54.8656898261086,212.));
#4951=CARTESIAN_POINT('',(-47.5831462307049,56.3211702117685,212.));
#4952=CARTESIAN_POINT('',(-46.211440414227,54.8656898261086,214.));
#4953=CARTESIAN_POINT('',(-50.1550946366009,59.0501959348808,222.));
#4954=CARTESIAN_POINT('',(-50.1550946366009,59.0501959348808,218.));
#4955=CARTESIAN_POINT('Origin',(-38.3742718674784,65.,212.));
#4956=CARTESIAN_POINT('',(-38.3742718674784,65.,228.));
#4957=CARTESIAN_POINT('',(-38.3742718674784,65.,212.));
#4958=CARTESIAN_POINT('',(-38.3742718674784,65.,113.));
#4959=CARTESIAN_POINT('',(-37.0025660510005,63.5445196143401,228.));
#4960=CARTESIAN_POINT('',(-38.3742718674784,65.,228.));
#4961=CARTESIAN_POINT('',(-37.0025660510005,63.5445196143401,212.));
#4962=CARTESIAN_POINT('',(-37.0025660510005,63.5445196143401,113.));
#4963=CARTESIAN_POINT('',(-38.3742718674784,65.,212.));
#4964=CARTESIAN_POINT('Origin',(-49.1224011855468,52.1222781931528,214.));
#4965=CARTESIAN_POINT('',(-49.1224011855468,52.1222781931528,212.));
#4966=CARTESIAN_POINT('',(-49.1224011855467,52.1222781931529,228.));
#4967=CARTESIAN_POINT('',(-44.755960028567,56.2373956425865,225.));
#4968=CARTESIAN_POINT('',(-37.7303312254086,62.8586431624132,225.));
#4969=CARTESIAN_POINT('',(-47.3030382126829,53.8369222355941,225.));
#4970=CARTESIAN_POINT('',(-37.7303312254086,62.8586431624132,215.));
#4971=CARTESIAN_POINT('',(-37.7303312254086,62.8586431624132,219.5));
#4972=CARTESIAN_POINT('',(-44.755960028567,56.2373956425865,215.));
#4973=CARTESIAN_POINT('',(-43.4263662054777,57.490460677783,215.));
#4974=CARTESIAN_POINT('',(-44.755960028567,56.2373956425865,220.));
#4975=CARTESIAN_POINT('Origin',(-61.5,43.2053429903943,228.));
#4976=CARTESIAN_POINT('',(-61.5,43.2053429903943,212.));
#4977=CARTESIAN_POINT('',(-61.5,43.2053429903943,228.));
#4978=CARTESIAN_POINT('',(-61.5,43.2053429903943,107.));
#4979=CARTESIAN_POINT('',(-60.1282941835221,41.7498626047344,212.));
#4980=CARTESIAN_POINT('',(-61.5,43.2053429903943,212.));
#4981=CARTESIAN_POINT('',(-60.1282941835221,41.7498626047344,228.));
#4982=CARTESIAN_POINT('',(-60.1282941835221,41.7498626047344,107.));
#4983=CARTESIAN_POINT('',(-61.5,43.2053429903943,228.));
#4984=CARTESIAN_POINT('Origin',(-49.1224011855469,52.1222781931529,214.));
#4985=CARTESIAN_POINT('',(-49.1224011855467,52.1222781931529,228.));
#4986=CARTESIAN_POINT('',(-49.1224011855468,52.1222781931528,212.));
#4987=CARTESIAN_POINT('',(-59.4004149597883,42.4358465415338,225.));
#4988=CARTESIAN_POINT('',(-53.4888423425306,48.0071607437153,225.));
#4989=CARTESIAN_POINT('',(-54.2614080726675,47.2790623673433,225.));
#4990=CARTESIAN_POINT('',(-53.4888423425224,48.007160743723,215.));
#4991=CARTESIAN_POINT('',(-53.4888423425265,48.0071607437191,220.));
#4992=CARTESIAN_POINT('',(-59.4004149597881,42.4358465415337,215.));
#4993=CARTESIAN_POINT('',(-50.9418211830737,50.4075804082752,215.));
#4994=CARTESIAN_POINT('',(-59.4004149597882,42.4358465415338,214.5));
#4995=CARTESIAN_POINT('Origin',(61.5,43.2050072467235,212.));
#4996=CARTESIAN_POINT('',(61.5,43.2050072467235,228.));
#4997=CARTESIAN_POINT('',(61.5,43.2050072467235,212.));
#4998=CARTESIAN_POINT('',(61.5,43.2050072467235,113.));
#4999=CARTESIAN_POINT('',(60.1282941835221,41.7495268610636,228.));
#5000=CARTESIAN_POINT('',(61.5,43.2050072467235,228.));
#5001=CARTESIAN_POINT('',(60.1282941835221,41.7495268610636,212.));
#5002=CARTESIAN_POINT('',(60.1282941835221,41.7495268610636,113.));
#5003=CARTESIAN_POINT('',(61.5,43.2050072467235,212.));
#5004=CARTESIAN_POINT('Origin',(49.122044936909,52.1222781931536,226.));
#5005=CARTESIAN_POINT('',(49.1220449369089,52.1222781931536,212.));
#5006=CARTESIAN_POINT('',(49.122044936909,52.1222781931536,228.));
#5007=CARTESIAN_POINT('',(53.4884860938886,48.00716074372,225.));
#5008=CARTESIAN_POINT('',(59.4006007055657,42.4353357432447,225.));
#5009=CARTESIAN_POINT('',(50.9413720615471,50.4076679355852,225.));
#5010=CARTESIAN_POINT('',(59.4006007055657,42.4353357432447,215.));
#5011=CARTESIAN_POINT('',(59.4006007055657,42.4353357432446,225.5));
#5012=CARTESIAN_POINT('',(53.4884860938886,48.00716074372,215.));
#5013=CARTESIAN_POINT('',(54.2613228212373,47.2788069681991,215.));
#5014=CARTESIAN_POINT('',(53.4884860938886,48.00716074372,220.));
#5015=CARTESIAN_POINT('Origin',(38.3739156188414,65.,228.));
#5016=CARTESIAN_POINT('',(38.3739156188414,65.,212.));
#5017=CARTESIAN_POINT('',(38.3739156188414,65.,228.));
#5018=CARTESIAN_POINT('',(38.3739156188414,65.,107.));
#5019=CARTESIAN_POINT('',(37.0022098023635,63.5445196143401,212.));
#5020=CARTESIAN_POINT('',(38.3739156188414,65.,212.));
#5021=CARTESIAN_POINT('',(37.0022098023635,63.5445196143401,228.));
#5022=CARTESIAN_POINT('',(37.0022098023635,63.5445196143401,107.));
#5023=CARTESIAN_POINT('',(38.3739156188414,65.,228.));
#5024=CARTESIAN_POINT('Origin',(49.1220449369089,52.1222781931536,214.));
#5025=CARTESIAN_POINT('',(49.1220449369089,52.1222781931536,228.));
#5026=CARTESIAN_POINT('',(49.1220449369089,52.1222781931536,212.));
#5027=CARTESIAN_POINT('',(37.7299749767711,62.8586431624136,225.));
#5028=CARTESIAN_POINT('',(44.7556037799294,56.2373956425871,225.));
#5029=CARTESIAN_POINT('',(43.42600995684,57.4904606777836,225.));
#5030=CARTESIAN_POINT('',(44.755603779929,56.2373956425875,215.));
#5031=CARTESIAN_POINT('',(44.7556037799292,56.2373956425873,220.));
#5032=CARTESIAN_POINT('',(37.7299749767711,62.8586431624136,215.));
#5033=CARTESIAN_POINT('',(47.3026819640452,53.8369222355947,215.));
#5034=CARTESIAN_POINT('',(37.7299749767711,62.8586431624136,214.5));
#5035=CARTESIAN_POINT('Origin',(38.3739156188444,-65.,212.000000000001));
#5036=CARTESIAN_POINT('',(38.3739156188445,-65.,228.000000000001));
#5037=CARTESIAN_POINT('',(38.3739156188444,-65.0000000000001,212.000000000001));
#5038=CARTESIAN_POINT('',(38.3739156188444,-65.,113.));
#5039=CARTESIAN_POINT('',(37.0022098023666,-63.5445196143401,228.000000000001));
#5040=CARTESIAN_POINT('',(38.3739156188445,-65.,228.000000000001));
#5041=CARTESIAN_POINT('',(37.0022098023665,-63.5445196143401,212.000000000001));
#5042=CARTESIAN_POINT('',(37.0022098023666,-63.5445196143401,113.));
#5043=CARTESIAN_POINT('',(38.3739156188444,-65.0000000000001,212.000000000001));
#5044=CARTESIAN_POINT('Origin',(49.1220449369098,-52.1222781931557,226.));
#5045=CARTESIAN_POINT('',(49.1220449369097,-52.1222781931558,212.));
#5046=CARTESIAN_POINT('',(49.1220449369098,-52.1222781931556,228.));
#5047=CARTESIAN_POINT('',(44.7556037799299,-56.2373956425895,225.));
#5048=CARTESIAN_POINT('',(37.7299749767731,-62.8586431624147,225.));
#5049=CARTESIAN_POINT('',(47.3026819640466,-53.8369222355963,225.));
#5050=CARTESIAN_POINT('',(37.7299749767731,-62.8586431624147,215.));
#5051=CARTESIAN_POINT('',(37.7299749767731,-62.8586431624147,225.5));
#5052=CARTESIAN_POINT('',(44.7556037799299,-56.2373956425895,215.));
#5053=CARTESIAN_POINT('',(43.4260099568414,-57.4904606777852,215.));
#5054=CARTESIAN_POINT('',(44.7556037799299,-56.2373956425895,220.));
#5055=CARTESIAN_POINT('Origin',(61.5,-43.2050072467264,228.));
#5056=CARTESIAN_POINT('',(61.5,-43.2050072467264,212.));
#5057=CARTESIAN_POINT('',(61.5,-43.2050072467263,228.));
#5058=CARTESIAN_POINT('',(61.5,-43.2050072467265,107.));
#5059=CARTESIAN_POINT('',(60.1282941835221,-41.7495268610665,212.));
#5060=CARTESIAN_POINT('',(61.5,-43.2050072467264,212.));
#5061=CARTESIAN_POINT('',(60.1282941835222,-41.7495268610664,228.));
#5062=CARTESIAN_POINT('',(60.1282941835221,-41.7495268610666,107.));
#5063=CARTESIAN_POINT('',(61.5,-43.2050072467263,228.));
#5064=CARTESIAN_POINT('Origin',(49.1220449369099,-52.1222781931558,226.));
#5065=CARTESIAN_POINT('',(49.1220449369098,-52.1222781931556,228.));
#5066=CARTESIAN_POINT('',(49.1220449369097,-52.1222781931558,212.));
#5067=CARTESIAN_POINT('',(59.4006007055662,-42.4353357432472,225.));
#5068=CARTESIAN_POINT('',(53.4884860938894,-48.0071607437221,225.));
#5069=CARTESIAN_POINT('',(54.261322821238,-47.2788069682014,225.));
#5070=CARTESIAN_POINT('',(53.4884860938894,-48.0071607437221,215.));
#5071=CARTESIAN_POINT('',(53.4884860938894,-48.0071607437221,220.));
#5072=CARTESIAN_POINT('',(59.400600705566,-42.435335743247,215.));
#5073=CARTESIAN_POINT('',(50.9413720615477,-50.4076679355875,215.));
#5074=CARTESIAN_POINT('',(59.4006007055661,-42.4353357432471,220.5));
#5075=CARTESIAN_POINT('Origin',(-61.5,-43.2053429903972,212.));
#5076=CARTESIAN_POINT('',(-61.5,-43.2053429903973,228.));
#5077=CARTESIAN_POINT('',(-61.5,-43.2053429903972,212.));
#5078=CARTESIAN_POINT('',(-61.5,-43.2053429903971,113.));
#5079=CARTESIAN_POINT('',(-60.1282941835221,-41.7498626047373,228.));
#5080=CARTESIAN_POINT('',(-61.5,-43.2053429903973,228.));
#5081=CARTESIAN_POINT('',(-60.1282941835222,-41.7498626047373,212.));
#5082=CARTESIAN_POINT('',(-60.1282941835221,-41.7498626047372,113.));
#5083=CARTESIAN_POINT('',(-61.5,-43.2053429903972,212.));
#5084=CARTESIAN_POINT('Origin',(-49.1224011855474,-52.1222781931551,226.));
#5085=CARTESIAN_POINT('',(-49.1224011855475,-52.1222781931551,212.));
#5086=CARTESIAN_POINT('',(-49.1224011855474,-52.1222781931552,228.));
#5087=CARTESIAN_POINT('',(-53.4888423425271,-48.0071607437215,225.));
#5088=CARTESIAN_POINT('',(-59.4004149597885,-42.4358465415363,225.));
#5089=CARTESIAN_POINT('',(-50.9418211830741,-50.4075804082777,225.));
#5090=CARTESIAN_POINT('',(-59.4004149597885,-42.4358465415363,215.));
#5091=CARTESIAN_POINT('',(-59.4004149597885,-42.4358465415364,225.5));
#5092=CARTESIAN_POINT('',(-53.4888423425271,-48.0071607437215,215.));
#5093=CARTESIAN_POINT('',(-54.261408072668,-47.2790623673458,215.));
#5094=CARTESIAN_POINT('',(-53.4888423425271,-48.0071607437215,220.));
#5095=CARTESIAN_POINT('Origin',(-38.3742718674815,-65.,228.));
#5096=CARTESIAN_POINT('',(-38.3742718674815,-65.,212.));
#5097=CARTESIAN_POINT('',(-38.3742718674814,-65.,228.));
#5098=CARTESIAN_POINT('',(-38.3742718674814,-65.,107.));
#5099=CARTESIAN_POINT('',(-37.0025660510036,-63.5445196143401,212.));
#5100=CARTESIAN_POINT('',(-38.3742718674815,-65.,212.));
#5101=CARTESIAN_POINT('',(-37.0025660510036,-63.5445196143401,228.));
#5102=CARTESIAN_POINT('',(-37.0025660510035,-63.5445196143401,107.));
#5103=CARTESIAN_POINT('',(-38.3742718674814,-65.,228.));
#5104=CARTESIAN_POINT('Origin',(-49.1224011855475,-52.1222781931551,214.));
#5105=CARTESIAN_POINT('',(-49.1224011855474,-52.1222781931552,228.));
#5106=CARTESIAN_POINT('',(-49.1224011855475,-52.1222781931551,212.));
#5107=CARTESIAN_POINT('',(-37.7303312254105,-62.8586431624144,225.));
#5108=CARTESIAN_POINT('',(-44.755960028568,-56.2373956425885,225.));
#5109=CARTESIAN_POINT('',(-43.4263662054789,-57.4904606777847,225.));
#5110=CARTESIAN_POINT('',(-44.7559600285672,-56.2373956425892,215.));
#5111=CARTESIAN_POINT('',(-44.7559600285676,-56.2373956425888,220.000000000001));
#5112=CARTESIAN_POINT('',(-37.7303312254104,-62.8586431624143,215.));
#5113=CARTESIAN_POINT('',(-47.3030382126841,-53.8369222355958,215.));
#5114=CARTESIAN_POINT('',(-37.7303312254104,-62.8586431624144,214.5));
#5115=CARTESIAN_POINT('Origin',(-50.4941070020254,-53.577758578815,212.));
#5116=CARTESIAN_POINT('',(-61.5,-55.,212.));
#5117=CARTESIAN_POINT('',(-61.4826541371626,-55.5887413505022,212.));
#5118=CARTESIAN_POINT('Origin',(-51.5,-55.,212.));
#5119=CARTESIAN_POINT('',(-61.5,-59.2888792894087,212.));
#5120=CARTESIAN_POINT('',(-56.666783176176,-60.1274203142845,212.));
#5121=CARTESIAN_POINT('Origin',(-61.5,-65.,0.));
#5122=CARTESIAN_POINT('',(-61.5,16.5,0.));
#5123=CARTESIAN_POINT('',(-61.5,16.5,0.));
#5124=CARTESIAN_POINT('',(-61.5,55.,0.));
#5125=CARTESIAN_POINT('',(-61.5,65.,0.));
#5126=CARTESIAN_POINT('',(-61.5,55.,212.));
#5127=CARTESIAN_POINT('',(-61.5,55.,0.));
#5128=CARTESIAN_POINT('',(-61.5,-2.43628984285833,212.));
#5129=CARTESIAN_POINT('',(-61.5,55.,228.));
#5130=CARTESIAN_POINT('',(-61.5,-5.7111207105931,228.));
#5131=CARTESIAN_POINT('',(-61.5,55.,238.));
#5132=CARTESIAN_POINT('',(-61.5,55.,0.));
#5133=CARTESIAN_POINT('',(-61.5,-55.,238.));
#5134=CARTESIAN_POINT('',(-61.5,65.,238.));
#5135=CARTESIAN_POINT('',(-61.5,-55.,228.));
#5136=CARTESIAN_POINT('',(-61.5,-55.,0.));
#5137=CARTESIAN_POINT('',(-61.5,-62.5637101571439,228.));
#5138=CARTESIAN_POINT('',(-61.5,-55.,0.));
#5139=CARTESIAN_POINT('',(-61.5,-55.,0.));
#5140=CARTESIAN_POINT('',(-61.5,-16.5,0.));
#5141=CARTESIAN_POINT('',(-61.5,65.,0.));
#5142=CARTESIAN_POINT('',(-61.5,-16.5,0.));
#5143=CARTESIAN_POINT('Origin',(-56.666783176176,-60.1274203142845,212.));
#5144=CARTESIAN_POINT('',(-51.4966190820018,-65.,212.));
#5145=CARTESIAN_POINT('',(2.41660841191341,-65.,211.999999999999));
#5146=CARTESIAN_POINT('',(-56.666783176176,-60.1274203142845,212.));
#5147=CARTESIAN_POINT('Origin',(-56.6667831761758,-60.1274203142847,228.));
#5148=CARTESIAN_POINT('',(-61.4826541371626,-55.5887413505023,228.));
#5149=CARTESIAN_POINT('Origin',(-51.5,-55.,228.));
#5150=CARTESIAN_POINT('',(-56.6667831761758,-60.1274203142847,228.));
#5151=CARTESIAN_POINT('Origin',(-51.5,-55.,0.));
#5152=CARTESIAN_POINT('',(-61.4826541371626,-55.5887413505021,0.));
#5153=CARTESIAN_POINT('',(-51.5,-65.,238.));
#5154=CARTESIAN_POINT('Origin',(-51.5,-55.,238.));
#5155=CARTESIAN_POINT('',(-51.5,-65.,0.));
#5156=CARTESIAN_POINT('',(-51.5,-65.,0.));
#5157=CARTESIAN_POINT('Origin',(-51.5,-55.,0.));
#5158=CARTESIAN_POINT('Origin',(-60.7721207762664,-43.8913269271962,225.));
#5159=CARTESIAN_POINT('',(-61.4579736845053,-44.6190671200262,225.));
#5160=CARTESIAN_POINT('',(-60.7721207762664,-43.8913269271962,225.));
#5161=CARTESIAN_POINT('',(-61.4579736845053,-44.6190671200262,215.));
#5162=CARTESIAN_POINT('',(-61.4579736845054,-44.6190671200262,225.));
#5163=CARTESIAN_POINT('',(-60.7721207762664,-43.8913269271962,215.));
#5164=CARTESIAN_POINT('Origin',(-57.5201852227788,-55.200788102839,222.));
#5165=CARTESIAN_POINT('',(-58.9756656084387,-53.8290822863611,222.));
#5166=CARTESIAN_POINT('',(-57.4324965649011,-52.1916668524937,222.));
#5167=CARTESIAN_POINT('',(-57.5201852227788,-55.200788102839,222.));
#5168=CARTESIAN_POINT('Origin',(-55.4626264980619,-53.0175675243491,218.));
#5169=CARTESIAN_POINT('',(-58.9756656084387,-53.8290822863611,218.));
#5170=CARTESIAN_POINT('',(-57.432496564901,-52.1916668524937,218.));
#5171=CARTESIAN_POINT('',(-57.5201852227788,-55.200788102839,218.));
#5172=CARTESIAN_POINT('Origin',(-57.5201852227788,-55.200788102839,220.));
#5173=CARTESIAN_POINT('',(-60.3473714249166,-55.284562672021,220.));
#5174=CARTESIAN_POINT('Origin',(-58.9756656084387,-53.8290822863611,220.));
#5175=CARTESIAN_POINT('Origin',(-58.9756656084387,-53.8290822863611,220.));
#5176=CARTESIAN_POINT('Origin',(-57.9468862460803,-52.7374719971162,220.));
#5177=CARTESIAN_POINT('',(-60.3473714249166,-55.284562672021,225.));
#5178=CARTESIAN_POINT('',(-60.3473714249166,-55.284562672021,225.));
#5179=CARTESIAN_POINT('',(-57.9468862460803,-52.7374719971162,225.));
#5180=CARTESIAN_POINT('',(-60.3473714249166,-55.284562672021,215.));
#5181=CARTESIAN_POINT('',(-60.3473714249166,-55.284562672021,215.));
#5182=CARTESIAN_POINT('',(-60.3473714249166,-55.284562672021,225.));
#5183=CARTESIAN_POINT('Origin',(-56.666783176176,-60.1274203142845,214.));
#5184=CARTESIAN_POINT('Origin',(-50.4941070020253,-53.5777585788151,228.));
#5185=CARTESIAN_POINT('',(-51.4966190820018,-65.,228.));
#5186=CARTESIAN_POINT('',(-56.6667831761758,-60.1274203142847,228.));
#5187=CARTESIAN_POINT('',(5.50294649898888,-65.,227.999999999999));
#5188=CARTESIAN_POINT('Origin',(-51.6982636801391,-60.6876113687506,220.));
#5189=CARTESIAN_POINT('',(-50.242783294479,-62.0593171852286,218.));
#5190=CARTESIAN_POINT('',(-51.6144891109575,-63.514797570888,220.));
#5191=CARTESIAN_POINT('Origin',(-50.2427832944792,-62.0593171852285,220.));
#5192=CARTESIAN_POINT('',(-51.6982636801391,-60.6876113687506,218.));
#5193=CARTESIAN_POINT('',(-50.2427832944794,-62.0593171852283,222.));
#5194=CARTESIAN_POINT('',(-51.6982636801391,-60.6876113687506,222.));
#5195=CARTESIAN_POINT('Origin',(-50.2427832944792,-62.0593171852285,220.));
#5196=CARTESIAN_POINT('Origin',(-49.6407049554223,-58.5043907902607,222.));
#5197=CARTESIAN_POINT('',(-48.6996142509417,-60.4219017513609,222.));
#5198=CARTESIAN_POINT('Origin',(-51.6982636801391,-60.6876113687506,218.));
#5199=CARTESIAN_POINT('',(-49.7283936132998,-61.5135120406062,218.));
#5200=CARTESIAN_POINT('Origin',(-49.2140039321208,-60.9677068959835,220.));
#5201=CARTESIAN_POINT('',(-51.6144891109575,-63.514797570888,215.));
#5202=CARTESIAN_POINT('',(-51.6144891109575,-63.514797570888,215.));
#5203=CARTESIAN_POINT('',(-49.2140039321204,-60.9677068959839,215.));
#5204=CARTESIAN_POINT('',(-51.6144891109575,-63.514797570888,225.));
#5205=CARTESIAN_POINT('',(-51.6144891109575,-63.514797570888,225.));
#5206=CARTESIAN_POINT('',(-51.6144891109575,-63.514797570888,215.));
#5207=CARTESIAN_POINT('Origin',(-56.6667831761758,-60.1274203142846,226.));
#5208=CARTESIAN_POINT('',(-51.4966190820017,-65.,107.));
#5209=CARTESIAN_POINT('Origin',(-39.1020370418883,-64.3141235480742,215.));
#5210=CARTESIAN_POINT('',(-39.7878899501272,-65.0418637409042,215.));
#5211=CARTESIAN_POINT('',(-39.1020370418883,-64.3141235480742,215.));
#5212=CARTESIAN_POINT('',(-39.7878899501273,-65.0418637409043,225.));
#5213=CARTESIAN_POINT('',(-39.7878899501273,-65.0418637409042,215.));
#5214=CARTESIAN_POINT('',(-39.1020370418884,-64.3141235480743,225.));
#5215=CARTESIAN_POINT('Origin',(61.5,-65.,0.));
#5216=CARTESIAN_POINT('',(-16.5,-65.,0.));
#5217=CARTESIAN_POINT('',(-16.5,-65.,0.));
#5218=CARTESIAN_POINT('',(-61.5,-65.,0.));
#5219=CARTESIAN_POINT('',(51.5,-65.,238.));
#5220=CARTESIAN_POINT('',(-61.5,-65.,238.));
#5221=CARTESIAN_POINT('',(51.4981314166824,-65.,228.));
#5222=CARTESIAN_POINT('',(51.5,-65.,0.));
#5223=CARTESIAN_POINT('',(59.0832134637716,-65.,228.));
#5224=CARTESIAN_POINT('',(51.4981314166824,-65.,212.));
#5225=CARTESIAN_POINT('',(55.9968753766961,-65.,212.));
#5226=CARTESIAN_POINT('',(51.5,-65.,0.));
#5227=CARTESIAN_POINT('',(51.5,-65.,0.));
#5228=CARTESIAN_POINT('',(16.5,-65.,0.));
#5229=CARTESIAN_POINT('',(-61.5,-65.,0.));
#5230=CARTESIAN_POINT('',(16.5,-65.,0.));
#5231=CARTESIAN_POINT('Origin',(-55.546401067244,-50.1903813222113,215.));
#5232=CARTESIAN_POINT('',(-63.,-43.165796786076,215.));
#5233=CARTESIAN_POINT('',(-55.546401067244,-50.1903813222113,215.));
#5234=CARTESIAN_POINT('',(-63.,-52.7846141455779,215.));
#5235=CARTESIAN_POINT('',(-63.,8.15480933889463,215.));
#5236=CARTESIAN_POINT('',(-60.3473714249166,-55.284562672021,215.));
#5237=CARTESIAN_POINT('Origin',(-60.3473714249166,-55.284562672021,215.));
#5238=CARTESIAN_POINT('',(-63.,-52.7846141455779,225.));
#5239=CARTESIAN_POINT('',(-63.,-52.7846141455779,107.5));
#5240=CARTESIAN_POINT('',(-60.3473714249166,-55.284562672021,225.));
#5241=CARTESIAN_POINT('Origin',(-60.3473714249166,-55.284562672021,225.));
#5242=CARTESIAN_POINT('',(-63.,-43.165796786076,225.));
#5243=CARTESIAN_POINT('',(-63.,5.60771866398981,225.));
#5244=CARTESIAN_POINT('',(-55.546401067244,-50.1903813222113,225.));
#5245=CARTESIAN_POINT('Origin',(-55.546401067244,-50.1903813222113,225.));
#5246=CARTESIAN_POINT('',(-63.,-43.165796786076,112.5));
#5247=CARTESIAN_POINT('Origin',(-51.6144891109575,-63.514797570888,215.));
#5248=CARTESIAN_POINT('',(-48.4469705872312,-66.5,215.000000000001));
#5249=CARTESIAN_POINT('',(-51.6144891109575,-63.514797570888,215.));
#5250=CARTESIAN_POINT('',(-38.2407005314932,-66.5,215.000000000001));
#5251=CARTESIAN_POINT('',(-57.3072445554876,-66.5,215.));
#5252=CARTESIAN_POINT('',(-46.8135187532841,-58.4206162210791,215.));
#5253=CARTESIAN_POINT('Origin',(-46.8135187532841,-58.4206162210791,215.));
#5254=CARTESIAN_POINT('',(-38.2407005314932,-66.5,225.000000000001));
#5255=CARTESIAN_POINT('',(-38.2407005314932,-66.5,107.5));
#5256=CARTESIAN_POINT('',(-46.8135187532849,-58.4206162210783,225.));
#5257=CARTESIAN_POINT('Origin',(-46.8135187532849,-58.4206162210783,225.));
#5258=CARTESIAN_POINT('',(-48.4469705872312,-66.5,225.000000000001));
#5259=CARTESIAN_POINT('',(-54.9067593766517,-66.5,225.));
#5260=CARTESIAN_POINT('',(-51.6144891109575,-63.514797570888,225.));
#5261=CARTESIAN_POINT('Origin',(-51.6144891109575,-63.514797570888,225.));
#5262=CARTESIAN_POINT('',(-48.4469705872312,-66.5,112.5));
#5263=CARTESIAN_POINT('Origin',(51.5,55.,0.));
#5264=CARTESIAN_POINT('',(61.5,55.,212.));
#5265=CARTESIAN_POINT('Origin',(51.5,55.,212.));
#5266=CARTESIAN_POINT('',(61.5,55.,228.));
#5267=CARTESIAN_POINT('Origin',(51.5,55.,228.));
#5268=CARTESIAN_POINT('',(61.5,55.,238.));
#5269=CARTESIAN_POINT('',(61.5,55.,0.));
#5270=CARTESIAN_POINT('',(51.5,65.,238.));
#5271=CARTESIAN_POINT('Origin',(51.5,55.,238.));
#5272=CARTESIAN_POINT('',(51.4981314166808,65.,228.));
#5273=CARTESIAN_POINT('',(51.5,65.,0.));
#5274=CARTESIAN_POINT('Origin',(51.5,55.,228.));
#5275=CARTESIAN_POINT('',(51.4981314166808,65.,212.));
#5276=CARTESIAN_POINT('Origin',(51.5,55.,212.));
#5277=CARTESIAN_POINT('',(51.5,65.,0.));
#5278=CARTESIAN_POINT('',(51.5,65.,0.));
#5279=CARTESIAN_POINT('',(61.5,55.,0.));
#5280=CARTESIAN_POINT('Origin',(51.5,55.,0.));
#5281=CARTESIAN_POINT('',(61.5,55.,0.));
#5282=CARTESIAN_POINT('Origin',(50.4937507533868,53.5777585788135,212.));
#5283=CARTESIAN_POINT('',(61.5,59.2888792894066,212.));
#5284=CARTESIAN_POINT('Origin',(61.5,65.,0.));
#5285=CARTESIAN_POINT('',(61.5,-16.5,0.));
#5286=CARTESIAN_POINT('',(61.5,-16.5,0.));
#5287=CARTESIAN_POINT('',(61.5,-55.,0.));
#5288=CARTESIAN_POINT('',(61.5,-65.,0.));
#5289=CARTESIAN_POINT('',(61.5,-55.,212.));
#5290=CARTESIAN_POINT('',(61.5,-55.,0.));
#5291=CARTESIAN_POINT('',(61.5,5.7111207105944,211.999999999998));
#5292=CARTESIAN_POINT('',(61.5,-55.,228.));
#5293=CARTESIAN_POINT('',(61.5,2.43628984285996,227.999999999999));
#5294=CARTESIAN_POINT('',(61.5,-55.,238.));
#5295=CARTESIAN_POINT('',(61.5,-55.,0.));
#5296=CARTESIAN_POINT('',(61.5,-65.,238.));
#5297=CARTESIAN_POINT('',(61.5,62.5637101571415,228.));
#5298=CARTESIAN_POINT('',(61.5,16.5,0.));
#5299=CARTESIAN_POINT('',(61.5,-65.,0.));
#5300=CARTESIAN_POINT('',(61.5,16.5,0.));
#5301=CARTESIAN_POINT('Origin',(56.6664269275373,60.1274203142831,212.));
#5302=CARTESIAN_POINT('',(-2.41678653623133,65.,212.));
#5303=CARTESIAN_POINT('Origin',(56.6664269275374,60.1274203142831,228.));
#5304=CARTESIAN_POINT('Origin',(60.7723065220436,43.8908161289046,225.));
#5305=CARTESIAN_POINT('',(61.4581594302826,44.6185563217345,225.));
#5306=CARTESIAN_POINT('',(60.7723065220436,43.8908161289046,225.));
#5307=CARTESIAN_POINT('',(61.4581594302826,44.6185563217345,215.));
#5308=CARTESIAN_POINT('',(61.4581594302825,44.6185563217345,225.));
#5309=CARTESIAN_POINT('',(60.7723065220436,43.8908161289046,215.));
#5310=CARTESIAN_POINT('Origin',(57.5198289741403,55.2007881028374,222.));
#5311=CARTESIAN_POINT('',(57.4321403162626,52.1916668524922,222.));
#5312=CARTESIAN_POINT('Origin',(55.4622702494235,53.0175675243476,218.));
#5313=CARTESIAN_POINT('',(57.4321403162626,52.1916668524921,218.));
#5314=CARTESIAN_POINT('Origin',(57.9465299974418,52.7374719971146,220.));
#5315=CARTESIAN_POINT('',(60.3470151762781,55.2845626720195,225.));
#5316=CARTESIAN_POINT('',(60.3470151762781,55.2845626720195,225.));
#5317=CARTESIAN_POINT('',(57.9465299974417,52.7374719971147,225.));
#5318=CARTESIAN_POINT('',(60.3470151762782,55.2845626720194,215.));
#5319=CARTESIAN_POINT('',(60.3470151762782,55.2845626720194,215.));
#5320=CARTESIAN_POINT('',(60.3470151762781,55.2845626720195,225.));
#5321=CARTESIAN_POINT('Origin',(50.4937507533868,53.5777585788135,228.));
#5322=CARTESIAN_POINT('',(-5.50312462330657,65.,228.));
#5323=CARTESIAN_POINT('Origin',(49.6403487067838,58.5043907902591,222.));
#5324=CARTESIAN_POINT('',(49.7280373646616,61.5135120406044,222.));
#5325=CARTESIAN_POINT('Origin',(51.6979074315007,60.687611368749,218.));
#5326=CARTESIAN_POINT('',(49.7280373646615,61.5135120406045,218.));
#5327=CARTESIAN_POINT('Origin',(49.2136476834823,60.967706895982,220.));
#5328=CARTESIAN_POINT('',(51.6141328623188,63.5147975708866,215.));
#5329=CARTESIAN_POINT('',(51.6141328623188,63.5147975708866,215.));
#5330=CARTESIAN_POINT('',(49.2136476834821,60.9677068959822,215.));
#5331=CARTESIAN_POINT('',(51.6141328623188,63.5147975708866,225.));
#5332=CARTESIAN_POINT('',(51.6141328623188,63.5147975708866,225.));
#5333=CARTESIAN_POINT('',(51.6141328623188,63.5147975708866,215.));
#5334=CARTESIAN_POINT('Origin',(39.101680793249,64.3141235480735,215.));
#5335=CARTESIAN_POINT('',(39.787533701488,65.0418637409035,215.));
#5336=CARTESIAN_POINT('',(39.101680793249,64.3141235480735,215.));
#5337=CARTESIAN_POINT('',(39.787533701488,65.0418637409035,225.));
#5338=CARTESIAN_POINT('',(39.787533701488,65.0418637409035,215.));
#5339=CARTESIAN_POINT('',(39.101680793249,64.3141235480735,225.));
#5340=CARTESIAN_POINT('Origin',(-61.5,65.,0.));
#5341=CARTESIAN_POINT('',(16.5,65.,0.));
#5342=CARTESIAN_POINT('',(16.5,65.,0.));
#5343=CARTESIAN_POINT('',(61.5,65.,0.));
#5344=CARTESIAN_POINT('',(-51.5,65.,238.));
#5345=CARTESIAN_POINT('',(61.5,65.,238.));
#5346=CARTESIAN_POINT('',(-51.5,65.,228.));
#5347=CARTESIAN_POINT('',(-51.5,65.,0.));
#5348=CARTESIAN_POINT('',(-57.6279112024271,65.,228.));
#5349=CARTESIAN_POINT('',(-51.5,65.,212.));
#5350=CARTESIAN_POINT('',(-56.4983095409988,65.,212.));
#5351=CARTESIAN_POINT('',(-51.5,65.,0.));
#5352=CARTESIAN_POINT('',(-51.5,65.,0.));
#5353=CARTESIAN_POINT('',(-16.5,65.,0.));
#5354=CARTESIAN_POINT('',(61.5,65.,0.));
#5355=CARTESIAN_POINT('',(-16.5,65.,0.));
#5356=CARTESIAN_POINT('Origin',(51.6141328623188,63.5147975708866,215.));
#5357=CARTESIAN_POINT('',(48.4466143385911,66.5,215.));
#5358=CARTESIAN_POINT('',(51.6141328623188,63.5147975708866,215.));
#5359=CARTESIAN_POINT('',(38.2403442828531,66.5,215.000000000001));
#5360=CARTESIAN_POINT('',(57.3070664311637,66.5,215.));
#5361=CARTESIAN_POINT('',(46.8131625046458,58.4206162210773,215.));
#5362=CARTESIAN_POINT('Origin',(46.8131625046458,58.4206162210773,215.));
#5363=CARTESIAN_POINT('',(38.2403442828531,66.5,225.000000000001));
#5364=CARTESIAN_POINT('',(38.2403442828531,66.5,107.5));
#5365=CARTESIAN_POINT('',(46.8131625046462,58.420616221077,225.));
#5366=CARTESIAN_POINT('Origin',(46.8131625046462,58.420616221077,225.));
#5367=CARTESIAN_POINT('',(48.4466143385911,66.5,225.));
#5368=CARTESIAN_POINT('',(54.9065812523276,66.5,225.));
#5369=CARTESIAN_POINT('',(51.6141328623188,63.5147975708866,225.));
#5370=CARTESIAN_POINT('Origin',(51.6141328623188,63.5147975708866,225.));
#5371=CARTESIAN_POINT('',(48.4466143385911,66.5,112.5));
#5372=CARTESIAN_POINT('Origin',(55.5460448186054,50.1903813222098,215.));
#5373=CARTESIAN_POINT('',(63.,43.1654610424023,215.));
#5374=CARTESIAN_POINT('',(55.5460448186054,50.1903813222098,215.));
#5375=CARTESIAN_POINT('',(63.,52.7842784019041,215.));
#5376=CARTESIAN_POINT('',(63.,-8.15480933889375,215.000000000001));
#5377=CARTESIAN_POINT('',(60.3470151762782,55.2845626720194,215.));
#5378=CARTESIAN_POINT('Origin',(60.3470151762782,55.2845626720194,215.));
#5379=CARTESIAN_POINT('',(63.,52.7842784019041,225.));
#5380=CARTESIAN_POINT('',(63.,52.7842784019041,107.5));
#5381=CARTESIAN_POINT('',(60.3470151762781,55.2845626720195,225.));
#5382=CARTESIAN_POINT('Origin',(60.3470151762781,55.2845626720195,225.));
#5383=CARTESIAN_POINT('',(63.,43.1654610424023,225.));
#5384=CARTESIAN_POINT('',(63.,-5.60771866398884,225.000000000001));
#5385=CARTESIAN_POINT('',(55.5460448186054,50.1903813222098,225.));
#5386=CARTESIAN_POINT('Origin',(55.5460448186054,50.1903813222098,225.));
#5387=CARTESIAN_POINT('',(63.,43.1654610424023,112.5));
#5388=CARTESIAN_POINT('Origin',(51.5,-55.,0.));
#5389=CARTESIAN_POINT('Origin',(51.5,-55.,228.));
#5390=CARTESIAN_POINT('Origin',(51.5,-55.,238.));
#5391=CARTESIAN_POINT('Origin',(51.5,-55.,228.));
#5392=CARTESIAN_POINT('Origin',(51.5,-55.,212.));
#5393=CARTESIAN_POINT('Origin',(51.5,-55.,0.));
#5394=CARTESIAN_POINT('Origin',(51.5,-55.,212.));
#5395=CARTESIAN_POINT('Origin',(50.4937507533876,-53.5777585788157,212.));
#5396=CARTESIAN_POINT('Origin',(56.6664269275382,-60.1274203142851,228.));
#5397=CARTESIAN_POINT('Origin',(60.7723065220439,-43.890816128907,215.));
#5398=CARTESIAN_POINT('',(61.4581594302829,-44.6185563217369,215.));
#5399=CARTESIAN_POINT('',(60.7723065220439,-43.890816128907,215.));
#5400=CARTESIAN_POINT('',(61.458159430283,-44.6185563217371,225.));
#5401=CARTESIAN_POINT('',(61.4581594302829,-44.618556321737,215.));
#5402=CARTESIAN_POINT('',(60.7723065220441,-43.8908161289071,225.));
#5403=CARTESIAN_POINT('Origin',(55.4622702494242,-53.0175675243498,222.));
#5404=CARTESIAN_POINT('',(58.4609196786218,-53.2832771417393,222.));
#5405=CARTESIAN_POINT('Origin',(57.519828974141,-55.2007881028397,218.));
#5406=CARTESIAN_POINT('',(58.4609196786217,-53.2832771417393,218.));
#5407=CARTESIAN_POINT('Origin',(57.9465299974425,-52.7374719971168,220.));
#5408=CARTESIAN_POINT('',(60.3470151762788,-55.2845626720217,215.));
#5409=CARTESIAN_POINT('',(60.3470151762788,-55.2845626720217,215.));
#5410=CARTESIAN_POINT('',(57.9465299974425,-52.7374719971169,215.));
#5411=CARTESIAN_POINT('',(60.3470151762788,-55.2845626720217,225.));
#5412=CARTESIAN_POINT('',(60.3470151762788,-55.2845626720217,225.));
#5413=CARTESIAN_POINT('',(60.3470151762788,-55.2845626720217,215.));
#5414=CARTESIAN_POINT('Origin',(60.3470151762788,-55.2845626720217,215.));
#5415=CARTESIAN_POINT('',(63.,-43.1654610424052,215.));
#5416=CARTESIAN_POINT('',(63.,-52.7842784019071,215.));
#5417=CARTESIAN_POINT('',(63.,-60.8922813360109,215.));
#5418=CARTESIAN_POINT('',(55.5460448186062,-50.190381322212,215.));
#5419=CARTESIAN_POINT('',(60.3470151762788,-55.2845626720217,215.));
#5420=CARTESIAN_POINT('Origin',(60.3470151762788,-55.2845626720217,225.));
#5421=CARTESIAN_POINT('',(63.,-52.784278401907,225.));
#5422=CARTESIAN_POINT('',(63.,-52.7842784019071,112.5));
#5423=CARTESIAN_POINT('',(60.3470151762788,-55.2845626720217,225.));
#5424=CARTESIAN_POINT('Origin',(55.5460448186062,-50.190381322212,225.));
#5425=CARTESIAN_POINT('',(63.,-43.1654610424052,225.));
#5426=CARTESIAN_POINT('',(63.,-58.345190661106,225.));
#5427=CARTESIAN_POINT('',(55.5460448186062,-50.190381322212,225.));
#5428=CARTESIAN_POINT('Origin',(55.5460448186062,-50.190381322212,215.));
#5429=CARTESIAN_POINT('',(63.,-43.1654610424052,107.5));
#5430=CARTESIAN_POINT('Origin',(50.4937507533876,-53.5777585788157,212.));
#5431=CARTESIAN_POINT('Origin',(56.6664269275382,-60.1274203142851,228.));
#5432=CARTESIAN_POINT('Origin',(51.6979074315014,-60.6876113687512,222.));
#5433=CARTESIAN_POINT('',(48.6992580023039,-60.4219017513617,222.));
#5434=CARTESIAN_POINT('Origin',(49.6403487067846,-58.5043907902614,218.));
#5435=CARTESIAN_POINT('',(48.6992580023038,-60.4219017513617,218.));
#5436=CARTESIAN_POINT('Origin',(49.2136476834831,-60.9677068959842,220.));
#5437=CARTESIAN_POINT('',(51.6141328623194,-63.514797570889,225.));
#5438=CARTESIAN_POINT('',(51.6141328623194,-63.514797570889,225.));
#5439=CARTESIAN_POINT('',(49.2136476834831,-60.9677068959842,225.));
#5440=CARTESIAN_POINT('',(51.6141328623194,-63.5147975708891,215.));
#5441=CARTESIAN_POINT('',(51.6141328623194,-63.5147975708891,215.));
#5442=CARTESIAN_POINT('',(51.6141328623194,-63.514797570889,225.));
#5443=CARTESIAN_POINT('Origin',(39.101680793251,-64.3141235480746,225.));
#5444=CARTESIAN_POINT('',(39.7875337014899,-65.0418637409045,225.));
#5445=CARTESIAN_POINT('',(39.101680793251,-64.3141235480746,225.));
#5446=CARTESIAN_POINT('',(39.7875337014899,-65.0418637409045,215.));
#5447=CARTESIAN_POINT('',(39.7875337014899,-65.0418637409045,225.));
#5448=CARTESIAN_POINT('',(39.101680793251,-64.3141235480746,215.));
#5449=CARTESIAN_POINT('Origin',(46.8131625046468,-58.4206162210793,215.));
#5450=CARTESIAN_POINT('',(48.4466143385942,-66.5,215.));
#5451=CARTESIAN_POINT('',(38.2403442828561,-66.5,215.));
#5452=CARTESIAN_POINT('',(-8.09341874767634,-66.5,215.));
#5453=CARTESIAN_POINT('',(51.6141328623194,-63.5147975708891,215.));
#5454=CARTESIAN_POINT('',(46.8131625046468,-58.4206162210793,215.));
#5455=CARTESIAN_POINT('Origin',(46.8131625046468,-58.4206162210793,225.));
#5456=CARTESIAN_POINT('',(38.2403442828561,-66.5,225.));
#5457=CARTESIAN_POINT('',(46.8131625046468,-58.4206162210793,225.));
#5458=CARTESIAN_POINT('',(38.2403442828561,-66.5,112.5));
#5459=CARTESIAN_POINT('Origin',(51.6141328623194,-63.514797570889,225.));
#5460=CARTESIAN_POINT('',(48.4466143385942,-66.5,225.));
#5461=CARTESIAN_POINT('',(-5.69293356884002,-66.5,225.));
#5462=CARTESIAN_POINT('',(51.6141328623194,-63.514797570889,225.));
#5463=CARTESIAN_POINT('Origin',(51.6141328623194,-63.5147975708891,215.));
#5464=CARTESIAN_POINT('',(48.4466143385942,-66.5,107.5));
#5465=CARTESIAN_POINT('Origin',(-51.5,55.,0.));
#5466=CARTESIAN_POINT('Origin',(-51.5,55.,212.));
#5467=CARTESIAN_POINT('Origin',(-51.5,55.,228.));
#5468=CARTESIAN_POINT('Origin',(-51.5,55.,238.));
#5469=CARTESIAN_POINT('Origin',(-51.5,55.,228.));
#5470=CARTESIAN_POINT('Origin',(-51.5,55.,212.));
#5471=CARTESIAN_POINT('Origin',(-51.5,55.,0.));
#5472=CARTESIAN_POINT('Origin',(-51.6144891109565,63.5147975708861,225.));
#5473=CARTESIAN_POINT('',(-51.6144891109565,63.5147975708861,225.));
#5474=CARTESIAN_POINT('',(-49.2140039321201,60.9677068959812,225.));
#5475=CARTESIAN_POINT('',(-48.4469705872281,66.5,225.));
#5476=CARTESIAN_POINT('',(-51.6144891109565,63.5147975708861,225.));
#5477=CARTESIAN_POINT('',(-38.2407005314901,66.5,225.));
#5478=CARTESIAN_POINT('',(5.69275544452228,66.5,225.));
#5479=CARTESIAN_POINT('',(-39.7878899501254,65.0418637409031,225.));
#5480=CARTESIAN_POINT('',(-46.8135187532839,58.4206162210764,225.));
#5481=CARTESIAN_POINT('',(-39.1020370418865,64.3141235480731,225.));
#5482=CARTESIAN_POINT('Origin',(-55.5464010672474,50.1903813222052,225.));
#5483=CARTESIAN_POINT('',(-60.34737142492,55.2845626720148,225.));
#5484=CARTESIAN_POINT('',(-60.34737142492,55.2845626720148,225.));
#5485=CARTESIAN_POINT('',(-61.4579736845051,44.6190671200237,225.));
#5486=CARTESIAN_POINT('',(-60.7721207762662,43.8913269271938,225.));
#5487=CARTESIAN_POINT('',(-63.,43.1657967860731,224.999999999989));
#5488=CARTESIAN_POINT('',(-55.5464010672474,50.1903813222052,225.));
#5489=CARTESIAN_POINT('',(-63.,52.7846141455749,224.999999999996));
#5490=CARTESIAN_POINT('',(-63.,58.3451906610164,225.));
#5491=CARTESIAN_POINT('',(-60.34737142492,55.2845626720148,225.));
#5492=CARTESIAN_POINT('Origin',(-56.6667831761752,60.1274203142823,212.));
#5493=CARTESIAN_POINT('Origin',(-50.4941070020246,53.5777585788128,228.));
#5494=CARTESIAN_POINT('Origin',(-51.6982636801385,60.6876113687483,222.));
#5495=CARTESIAN_POINT('',(-48.699614250941,60.4219017513587,222.));
#5496=CARTESIAN_POINT('Origin',(-49.6407049554217,58.5043907902584,218.));
#5497=CARTESIAN_POINT('',(-48.699614250941,60.4219017513587,218.));
#5498=CARTESIAN_POINT('Origin',(-49.2140039321202,60.9677068959812,220.));
#5499=CARTESIAN_POINT('',(-51.6144891109565,63.5147975708861,225.));
#5500=CARTESIAN_POINT('',(-51.6144891109565,63.514797570886,215.));
#5501=CARTESIAN_POINT('',(-51.6144891109565,63.514797570886,215.));
#5502=CARTESIAN_POINT('',(-51.6144891109565,63.5147975708861,225.));
#5503=CARTESIAN_POINT('Origin',(-39.1020370418865,64.3141235480731,225.));
#5504=CARTESIAN_POINT('',(-39.7878899501254,65.0418637409031,215.));
#5505=CARTESIAN_POINT('',(-39.7878899501254,65.0418637409031,225.));
#5506=CARTESIAN_POINT('',(-39.1020370418865,64.3141235480731,215.));
#5507=CARTESIAN_POINT('Origin',(-46.8135187532839,58.4206162210764,215.));
#5508=CARTESIAN_POINT('',(-38.2407005314901,66.5,215.));
#5509=CARTESIAN_POINT('',(-46.8135187532839,58.4206162210764,215.));
#5510=CARTESIAN_POINT('',(-48.4469705872281,66.5,215.));
#5511=CARTESIAN_POINT('',(8.09324062335857,66.5,215.));
#5512=CARTESIAN_POINT('',(-51.6144891109565,63.514797570886,215.));
#5513=CARTESIAN_POINT('Origin',(-51.6144891109565,63.514797570886,215.));
#5514=CARTESIAN_POINT('',(-48.4469705872281,66.5,107.5));
#5515=CARTESIAN_POINT('Origin',(-46.8135187532839,58.4206162210764,225.));
#5516=CARTESIAN_POINT('',(-38.2407005314901,66.5,112.5));
#5517=CARTESIAN_POINT('Origin',(-56.6667831761752,60.1274203142823,212.));
#5518=CARTESIAN_POINT('Origin',(-50.4941070020246,53.5777585788128,228.));
#5519=CARTESIAN_POINT('Origin',(-60.34737142492,55.2845626720148,225.));
#5520=CARTESIAN_POINT('',(-60.34737142492,55.2845626720148,215.));
#5521=CARTESIAN_POINT('',(-63.,52.7846141455749,214.999999999996));
#5522=CARTESIAN_POINT('',(-60.34737142492,55.2845626720148,215.));
#5523=CARTESIAN_POINT('',(-60.34737142492,55.2845626720148,215.));
#5524=CARTESIAN_POINT('',(-60.34737142492,55.2845626720148,215.));
#5525=CARTESIAN_POINT('',(-63.,52.7846141455749,112.5));
#5526=CARTESIAN_POINT('Origin',(-60.34737142492,55.2845626720148,215.));
#5527=CARTESIAN_POINT('',(-57.9468862460756,52.7374719971177,215.));
#5528=CARTESIAN_POINT('',(-63.,43.1657967860731,214.999999999989));
#5529=CARTESIAN_POINT('',(-63.,60.8922813359251,215.000000000002));
#5530=CARTESIAN_POINT('',(-61.4579736845049,44.6190671200235,215.));
#5531=CARTESIAN_POINT('',(-55.5464010672393,50.1903813222128,215.));
#5532=CARTESIAN_POINT('',(-60.772120776266,43.8913269271936,215.));
#5533=CARTESIAN_POINT('Origin',(55.5,-22.5,0.));
#5534=CARTESIAN_POINT('',(55.5,22.5,-12.));
#5535=CARTESIAN_POINT('',(55.5,22.5,0.));
#5536=CARTESIAN_POINT('',(55.5,-22.5,-12.));
#5537=CARTESIAN_POINT('',(55.5,22.5,-12.));
#5538=CARTESIAN_POINT('',(55.5,-22.5,0.));
#5539=CARTESIAN_POINT('Origin',(63.,-15.,0.));
#5540=CARTESIAN_POINT('',(63.,-15.,-12.));
#5541=CARTESIAN_POINT('',(55.5,-22.5,-12.));
#5542=CARTESIAN_POINT('',(63.,-15.,0.));
#5543=CARTESIAN_POINT('',(63.,-15.,0.));
#5544=CARTESIAN_POINT('',(51.,-27.,0.));
#5545=CARTESIAN_POINT('Origin',(55.5,22.5,0.));
#5546=CARTESIAN_POINT('',(63.,15.,0.));
#5547=CARTESIAN_POINT('',(47.25,30.75,0.));
#5548=CARTESIAN_POINT('',(63.,15.,-12.));
#5549=CARTESIAN_POINT('',(63.,15.,0.));
#5550=CARTESIAN_POINT('',(55.5,22.5,-12.));
#5551=CARTESIAN_POINT('Origin',(59.25,-4.19603707750379E-15,-12.));
#5552=CARTESIAN_POINT('',(63.,56.5,-12.));
#5553=CARTESIAN_POINT('Origin',(8.96141789709863E-16,7.37516488174243E-16,
0.));
#5554=CARTESIAN_POINT('',(63.,-56.5,0.));
#5555=CARTESIAN_POINT('',(63.,-66.5,0.));
#5556=CARTESIAN_POINT('',(53.,-66.5,0.));
#5557=CARTESIAN_POINT('Origin',(53.,-56.5,0.));
#5558=CARTESIAN_POINT('',(15.,-66.5,0.));
#5559=CARTESIAN_POINT('',(-63.,-66.5,0.));
#5560=CARTESIAN_POINT('',(31.625,-49.875,0.));
#5561=CARTESIAN_POINT('Origin',(8.96141789709863E-16,7.37516488174243E-16,
0.));
#5562=CARTESIAN_POINT('',(15.,66.5,0.));
#5563=CARTESIAN_POINT('',(27.875,53.625,0.));
#5564=CARTESIAN_POINT('',(53.,66.5,0.));
#5565=CARTESIAN_POINT('',(63.,66.5,0.));
#5566=CARTESIAN_POINT('',(63.,56.5,0.));
#5567=CARTESIAN_POINT('Origin',(53.,56.5,0.));
#5568=CARTESIAN_POINT('',(63.,-66.5,0.));
#5569=CARTESIAN_POINT('Origin',(22.5,59.,0.));
#5570=CARTESIAN_POINT('',(-22.5,59.,-12.));
#5571=CARTESIAN_POINT('',(-22.5,59.,0.));
#5572=CARTESIAN_POINT('',(22.5,59.,-12.));
#5573=CARTESIAN_POINT('',(-22.5,59.,-12.));
#5574=CARTESIAN_POINT('',(22.5,59.,0.));
#5575=CARTESIAN_POINT('Origin',(15.,66.5,0.));
#5576=CARTESIAN_POINT('',(15.,66.5,-12.));
#5577=CARTESIAN_POINT('',(22.5,59.,-12.));
#5578=CARTESIAN_POINT('',(15.,66.5,0.));
#5579=CARTESIAN_POINT('Origin',(-22.5,59.,0.));
#5580=CARTESIAN_POINT('',(-15.,66.5,0.));
#5581=CARTESIAN_POINT('',(-31.625,49.875,0.));
#5582=CARTESIAN_POINT('',(-15.,66.5,-12.));
#5583=CARTESIAN_POINT('',(-15.,66.5,0.));
#5584=CARTESIAN_POINT('',(-22.5,59.,-12.));
#5585=CARTESIAN_POINT('Origin',(6.121128899352E-15,62.75,-12.));
#5586=CARTESIAN_POINT('',(-53.,66.5,-12.));
#5587=CARTESIAN_POINT('Origin',(8.96141789709863E-16,7.37516488174243E-16,
0.));
#5588=CARTESIAN_POINT('',(-63.,15.,0.));
#5589=CARTESIAN_POINT('',(-51.,27.,0.));
#5590=CARTESIAN_POINT('',(-63.,56.5,0.));
#5591=CARTESIAN_POINT('',(-63.,66.5,0.));
#5592=CARTESIAN_POINT('',(-53.,66.5,0.));
#5593=CARTESIAN_POINT('Origin',(-53.,56.5,0.));
#5594=CARTESIAN_POINT('',(63.,66.5,0.));
#5595=CARTESIAN_POINT('Origin',(-15.,-66.5,0.));
#5596=CARTESIAN_POINT('',(-22.5,-59.,-12.));
#5597=CARTESIAN_POINT('',(-22.5,-59.,0.));
#5598=CARTESIAN_POINT('',(-15.,-66.5,-12.));
#5599=CARTESIAN_POINT('',(-22.5,-59.,-12.));
#5600=CARTESIAN_POINT('',(-15.,-66.5,0.));
#5601=CARTESIAN_POINT('',(-15.,-66.5,0.));
#5602=CARTESIAN_POINT('',(-27.875,-53.625,0.));
#5603=CARTESIAN_POINT('Origin',(22.5,-59.,0.));
#5604=CARTESIAN_POINT('',(15.,-66.5,-12.));
#5605=CARTESIAN_POINT('',(15.,-66.5,0.));
#5606=CARTESIAN_POINT('',(22.5,-59.,-12.));
#5607=CARTESIAN_POINT('',(22.5,-59.,-12.));
#5608=CARTESIAN_POINT('',(22.5,-59.,0.));
#5609=CARTESIAN_POINT('Origin',(-22.5,-59.,0.));
#5610=CARTESIAN_POINT('',(-22.5,-59.,-12.));
#5611=CARTESIAN_POINT('Origin',(-4.32884531993227E-15,-62.75,-12.));
#5612=CARTESIAN_POINT('',(53.,-66.5,-12.));
#5613=CARTESIAN_POINT('Origin',(8.96141789709863E-16,7.37516488174243E-16,
0.));
#5614=CARTESIAN_POINT('',(-53.,-66.5,0.));
#5615=CARTESIAN_POINT('',(-63.,-66.5,0.));
#5616=CARTESIAN_POINT('',(-63.,-56.5,0.));
#5617=CARTESIAN_POINT('Origin',(-53.,-56.5,0.));
#5618=CARTESIAN_POINT('',(-63.,-15.,0.));
#5619=CARTESIAN_POINT('',(-63.,66.5,0.));
#5620=CARTESIAN_POINT('',(-47.25,-30.75,0.));
#5621=CARTESIAN_POINT('Origin',(-63.,15.,0.));
#5622=CARTESIAN_POINT('',(-55.5,22.5,-12.));
#5623=CARTESIAN_POINT('',(-55.5,22.5,0.));
#5624=CARTESIAN_POINT('',(-63.,15.,-12.));
#5625=CARTESIAN_POINT('',(-55.5,22.5,-12.));
#5626=CARTESIAN_POINT('',(-63.,15.,0.));
#5627=CARTESIAN_POINT('Origin',(-55.5,-22.5,0.));
#5628=CARTESIAN_POINT('',(-63.,-15.,-12.));
#5629=CARTESIAN_POINT('',(-63.,-15.,0.));
#5630=CARTESIAN_POINT('',(-55.5,-22.5,-12.));
#5631=CARTESIAN_POINT('',(-55.5,-22.5,-12.));
#5632=CARTESIAN_POINT('',(-55.5,-22.5,0.));
#5633=CARTESIAN_POINT('Origin',(-55.5,22.5,0.));
#5634=CARTESIAN_POINT('',(-55.5,22.5,-12.));
#5635=CARTESIAN_POINT('Origin',(-59.25,5.67107005385227E-15,-12.));
#5636=CARTESIAN_POINT('',(-63.,-56.5,-12.));
#5637=CARTESIAN_POINT('Origin',(-53.,56.5,0.));
#5638=CARTESIAN_POINT('',(-63.,56.5,238.));
#5639=CARTESIAN_POINT('',(-53.,66.5,238.));
#5640=CARTESIAN_POINT('Origin',(-53.,56.5,238.));
#5641=CARTESIAN_POINT('',(-53.,66.5,0.));
#5642=CARTESIAN_POINT('',(-63.,56.5,0.));
#5643=CARTESIAN_POINT('Origin',(-63.,66.5,0.));
#5644=CARTESIAN_POINT('',(-63.,-56.5,238.));
#5645=CARTESIAN_POINT('',(-63.,-56.5,0.));
#5646=CARTESIAN_POINT('',(-63.,66.5,238.));
#5647=CARTESIAN_POINT('',(-63.,43.1657967860731,107.5));
#5648=CARTESIAN_POINT('Origin',(-53.,-56.5,0.));
#5649=CARTESIAN_POINT('',(-53.,-66.5,238.));
#5650=CARTESIAN_POINT('Origin',(-53.,-56.5,238.));
#5651=CARTESIAN_POINT('',(-53.,-66.5,0.));
#5652=CARTESIAN_POINT('Origin',(-63.,-66.5,0.));
#5653=CARTESIAN_POINT('',(53.,-66.5,238.));
#5654=CARTESIAN_POINT('',(53.,-66.5,0.));
#5655=CARTESIAN_POINT('',(-63.,-66.5,238.));
#5656=CARTESIAN_POINT('Origin',(53.,-56.5,0.));
#5657=CARTESIAN_POINT('',(63.,-56.5,238.));
#5658=CARTESIAN_POINT('Origin',(53.,-56.5,238.));
#5659=CARTESIAN_POINT('',(63.,-56.5,0.));
#5660=CARTESIAN_POINT('Origin',(63.,-66.5,0.));
#5661=CARTESIAN_POINT('',(63.,56.5,238.));
#5662=CARTESIAN_POINT('',(63.,56.5,0.));
#5663=CARTESIAN_POINT('',(63.,-66.5,238.));
#5664=CARTESIAN_POINT('Origin',(53.,56.5,0.));
#5665=CARTESIAN_POINT('',(53.,66.5,238.));
#5666=CARTESIAN_POINT('Origin',(53.,56.5,238.));
#5667=CARTESIAN_POINT('',(53.,66.5,0.));
#5668=CARTESIAN_POINT('Origin',(63.,66.5,0.));
#5669=CARTESIAN_POINT('',(63.,66.5,238.));
#5670=CARTESIAN_POINT('Origin',(8.96141789709863E-16,7.37516488174243E-16,
238.));
#5671=CARTESIAN_POINT('Origin',(-60.772120776266,43.8913269271936,215.));
#5672=CARTESIAN_POINT('',(-61.457973684505,44.6190671200236,215.));
#5673=CARTESIAN_POINT('Origin',(-55.5464010672393,50.1903813222128,215.));
#5674=CARTESIAN_POINT('Origin',(-55.4626264980613,53.0175675243468,222.));
#5675=CARTESIAN_POINT('',(-58.4612759272605,53.2832771417348,222.));
#5676=CARTESIAN_POINT('Origin',(-57.5201852227782,55.2007881028367,218.));
#5677=CARTESIAN_POINT('',(-58.4612759272572,53.2832771417378,218.));
#5678=CARTESIAN_POINT('Origin',(-57.9468862460796,52.7374719971138,220.));
#5679=UNCERTAINTY_MEASURE_WITH_UNIT(LENGTH_MEASURE(0.01),#5683,
'DISTANCE_ACCURACY_VALUE',
'Maximum model space distance between geometric entities at asserted c
onnectivities');
#5680=UNCERTAINTY_MEASURE_WITH_UNIT(LENGTH_MEASURE(0.01),#5683,
'DISTANCE_ACCURACY_VALUE',
'Maximum model space distance between geometric entities at asserted c
onnectivities');
#5681=(
GEOMETRIC_REPRESENTATION_CONTEXT(3)
GLOBAL_UNCERTAINTY_ASSIGNED_CONTEXT((#5679))
GLOBAL_UNIT_ASSIGNED_CONTEXT((#5683,#5685,#5686))
REPRESENTATION_CONTEXT('','3D')
);
#5682=(
GEOMETRIC_REPRESENTATION_CONTEXT(3)
GLOBAL_UNCERTAINTY_ASSIGNED_CONTEXT((#5680))
GLOBAL_UNIT_ASSIGNED_CONTEXT((#5683,#5685,#5686))
REPRESENTATION_CONTEXT('','3D')
);
#5683=(
LENGTH_UNIT()
NAMED_UNIT(*)
SI_UNIT(.MILLI.,.METRE.)
);
#5684=(
LENGTH_UNIT()
NAMED_UNIT(*)
SI_UNIT($,.METRE.)
);
#5685=(
NAMED_UNIT(*)
PLANE_ANGLE_UNIT()
SI_UNIT($,.RADIAN.)
);
#5686=(
NAMED_UNIT(*)
SI_UNIT($,.STERADIAN.)
SOLID_ANGLE_UNIT()
);
#5687=SHAPE_DEFINITION_REPRESENTATION(#5688,#5689);
#5688=PRODUCT_DEFINITION_SHAPE('',$,#5691);
#5689=SHAPE_REPRESENTATION('',(#3533),#5681);
#5690=PRODUCT_DEFINITION_CONTEXT('part definition',#5695,'design');
#5691=PRODUCT_DEFINITION('2026-09-05-21-54-32-814',
'\X2\4E0B534A8EAB\X0\2-V5(\X2\52A08F74627F\X0\)',#5692,#5690);
#5692=PRODUCT_DEFINITION_FORMATION('',$,#5697);
#5693=PRODUCT_RELATED_PRODUCT_CATEGORY('\X2\4E0B534A8EAB\X0\2-V5(\X2\52A08F74627F\X0\)',
'\X2\4E0B534A8EAB\X0\2-V5(\X2\52A08F74627F\X0\)',(#5697));
#5694=APPLICATION_PROTOCOL_DEFINITION('international standard',
'automotive_design',2009,#5695);
#5695=APPLICATION_CONTEXT(
'Core Data for Automotive Mechanical Design Process');
#5696=PRODUCT_CONTEXT('part definition',#5695,'mechanical');
#5697=PRODUCT('2026-09-05-21-54-32-814','\X2\4E0B534A8EAB\X0\2-V5(\X2\52A08F74627F\X0\)',
$,(#5696));
#5698=PRESENTATION_STYLE_ASSIGNMENT((#5699));
#5699=SURFACE_STYLE_USAGE(.BOTH.,#5700);
#5700=SURFACE_SIDE_STYLE('',(#5701));
#5701=SURFACE_STYLE_FILL_AREA(#5702);
#5702=FILL_AREA_STYLE('\X2\94A2\X0\ - \X2\7F0E5149\X0\',(#5703));
#5703=FILL_AREA_STYLE_COLOUR('\X2\94A2\X0\ - \X2\7F0E5149\X0\',#5704);
#5704=COLOUR_RGB('\X2\94A2\X0\ - \X2\7F0E5149\X0\',0.627450980392157,0.627450980392157,
0.627450980392157);
ENDSEC;
END-ISO-10303-21;
