ISO-10303-21;
HEADER;
/* Generated by software containing ST-Developer
 * from STEP Tools, Inc. (www.steptools.com) 
 */

FILE_DESCRIPTION(
/* description */ (''),
/* implementation_level */ '2;1');

FILE_NAME(
/* name */ '',
/* time_stamp */ '2026-05-31T16:17:38+08:00',
/* author */ (''),
/* organization */ (''),
/* preprocessor_version */ 'ST-DEVELOPER v20.1',
/* originating_system */ 'Autodesk Translation Framework v15.8.0.0',
/* authorisation */ '');

FILE_SCHEMA (('AUTOMOTIVE_DESIGN { 1 0 10303 214 3 1 1 }'));
ENDSEC;

DATA;
#10=MECHANICAL_DESIGN_GEOMETRIC_PRESENTATION_REPRESENTATION('',(#13),#9966);
#11=SHAPE_REPRESENTATION_RELATIONSHIP('SRR','None',#9972,#12);
#12=ADVANCED_BREP_SHAPE_REPRESENTATION('',(#14),#9965);
#13=STYLED_ITEM('',(#9981),#14);
#14=MANIFOLD_SOLID_BREP('\X2\5B9E4F53\X0\18',#4836);
#15=(
BOUNDED_SURFACE()
B_SPLINE_SURFACE(1,2,((#8214,#8215,#8216),(#8217,#8218,#8219)),
 .UNSPECIFIED.,.F.,.F.,.F.)
B_SPLINE_SURFACE_WITH_KNOTS((2,2),(3,3),(-8.85403199569291E-16,81.810120623605),
(2.55451125829096,3.1414716459338),.UNSPECIFIED.)
GEOMETRIC_REPRESENTATION_ITEM()
RATIONAL_B_SPLINE_SURFACE(((1.,0.957242905355728,1.),(1.,0.957242905355728,
1.)))
REPRESENTATION_ITEM('')
SURFACE()
);
#16=(
BOUNDED_SURFACE()
B_SPLINE_SURFACE(1,2,((#9025,#9026,#9027),(#9028,#9029,#9030)),
 .UNSPECIFIED.,.F.,.F.,.F.)
B_SPLINE_SURFACE_WITH_KNOTS((2,2),(3,3),(0.369956086835613,0.434272586209083),
(1.95004704474282,1.95750810666361),.UNSPECIFIED.)
GEOMETRIC_REPRESENTATION_ITEM()
RATIONAL_B_SPLINE_SURFACE(((1.,0.999993041577447,1.),(1.,0.999993041577447,
1.)))
REPRESENTATION_ITEM('')
SURFACE()
);
#17=(
BOUNDED_SURFACE()
B_SPLINE_SURFACE(1,2,((#9301,#9302,#9303),(#9304,#9305,#9306)),
 .UNSPECIFIED.,.F.,.F.,.F.)
B_SPLINE_SURFACE_WITH_KNOTS((2,2),(3,3),(-4.94178529992162E-16,81.810120623605),
(-3.14159265357206,-2.55452484274685),.UNSPECIFIED.)
GEOMETRIC_REPRESENTATION_ITEM()
RATIONAL_B_SPLINE_SURFACE(((1.,0.957227365997892,1.),(1.,0.957227365997892,
1.)))
REPRESENTATION_ITEM('')
SURFACE()
);
#18=(
BOUNDED_SURFACE()
B_SPLINE_SURFACE(1,2,((#9393,#9394,#9395),(#9396,#9397,#9398)),
 .UNSPECIFIED.,.F.,.F.,.F.)
B_SPLINE_SURFACE_WITH_KNOTS((2,2),(3,3),(0.36842352912232,0.432455562280275),
(1.18409818904119,1.19152806682818),.UNSPECIFIED.)
GEOMETRIC_REPRESENTATION_ITEM()
RATIONAL_B_SPLINE_SURFACE(((1.,0.999993099622445,1.),(1.,0.999993099622445,
1.)))
REPRESENTATION_ITEM('')
SURFACE()
);
#19=(
BOUNDED_SURFACE()
B_SPLINE_SURFACE(1,2,((#9786,#9787,#9788),(#9789,#9790,#9791)),
 .UNSPECIFIED.,.F.,.F.,.F.)
B_SPLINE_SURFACE_WITH_KNOTS((2,2),(3,3),(1.13001427540509E-17,0.179283239031663),
(1.95004704474282,1.95750810666361),.UNSPECIFIED.)
GEOMETRIC_REPRESENTATION_ITEM()
RATIONAL_B_SPLINE_SURFACE(((1.,0.999993041577447,1.),(1.,0.999993041577447,
1.)))
REPRESENTATION_ITEM('')
SURFACE()
);
#20=(
BOUNDED_SURFACE()
B_SPLINE_SURFACE(1,2,((#9885,#9886,#9887),(#9888,#9889,#9890)),
 .UNSPECIFIED.,.F.,.F.,.F.)
B_SPLINE_SURFACE_WITH_KNOTS((2,2),(3,3),(-1.88681310845282E-17,0.178517744716264),
(1.18409818904119,1.19152806682818),.UNSPECIFIED.)
GEOMETRIC_REPRESENTATION_ITEM()
RATIONAL_B_SPLINE_SURFACE(((1.,0.999993099622445,1.),(1.,0.999993099622445,
1.)))
REPRESENTATION_ITEM('')
SURFACE()
);
#21=CYLINDRICAL_SURFACE('',#4854,0.202999999996846);
#22=CYLINDRICAL_SURFACE('',#4860,0.203000000000002);
#23=CYLINDRICAL_SURFACE('',#4867,7.5);
#24=CYLINDRICAL_SURFACE('',#4883,1.515);
#25=CYLINDRICAL_SURFACE('',#4886,1.515);
#26=CYLINDRICAL_SURFACE('',#4889,1.515);
#27=CYLINDRICAL_SURFACE('',#4892,1.515);
#28=CYLINDRICAL_SURFACE('',#4895,1.515);
#29=CYLINDRICAL_SURFACE('',#4898,1.515);
#30=CYLINDRICAL_SURFACE('',#4901,1.515);
#31=CYLINDRICAL_SURFACE('',#4904,1.515);
#32=CYLINDRICAL_SURFACE('',#4985,0.202999999996846);
#33=CYLINDRICAL_SURFACE('',#4990,0.203000000000002);
#34=CYLINDRICAL_SURFACE('',#4996,2.);
#35=CYLINDRICAL_SURFACE('',#5001,2.);
#36=CYLINDRICAL_SURFACE('',#5006,2.);
#37=CYLINDRICAL_SURFACE('',#5011,2.);
#38=CYLINDRICAL_SURFACE('',#5016,1.01500000000203);
#39=CYLINDRICAL_SURFACE('',#5017,1.01500000000203);
#40=CYLINDRICAL_SURFACE('',#5018,1.01500000000203);
#41=CYLINDRICAL_SURFACE('',#5019,1.01500000000203);
#42=CYLINDRICAL_SURFACE('',#5035,1.015);
#43=CYLINDRICAL_SURFACE('',#5039,0.253750000000089);
#44=CYLINDRICAL_SURFACE('',#5040,1.015);
#45=CYLINDRICAL_SURFACE('',#5043,1.015);
#46=CYLINDRICAL_SURFACE('',#5046,0.253750000173843);
#47=CYLINDRICAL_SURFACE('',#5047,0.253750000173843);
#48=CYLINDRICAL_SURFACE('',#5049,0.202992270382027);
#49=CYLINDRICAL_SURFACE('',#5073,0.25375);
#50=CYLINDRICAL_SURFACE('',#5077,2.);
#51=CYLINDRICAL_SURFACE('',#5079,2.);
#52=CYLINDRICAL_SURFACE('',#5082,18.7);
#53=CYLINDRICAL_SURFACE('',#5089,0.202999941285666);
#54=CYLINDRICAL_SURFACE('',#5096,0.25375);
#55=CYLINDRICAL_SURFACE('',#5097,0.253750000000089);
#56=CYLINDRICAL_SURFACE('',#5102,0.253750000000001);
#57=CYLINDRICAL_SURFACE('',#5103,0.253750000000001);
#58=CYLINDRICAL_SURFACE('',#5105,0.253750000173843);
#59=CYLINDRICAL_SURFACE('',#5108,0.253750000000089);
#60=CYLINDRICAL_SURFACE('',#5109,0.202992270382027);
#61=CYLINDRICAL_SURFACE('',#5114,0.202999941285666);
#62=CYLINDRICAL_SURFACE('',#5117,14.2);
#63=ELLIPSE('',#4852,1.01503864956355,1.01500000000203);
#64=ELLIPSE('',#4864,1.01503864956355,1.01500000000203);
#65=ELLIPSE('',#4871,0.684511886465085,3.30613197378983E-5);
#66=ELLIPSE('',#4874,0.684511886465085,3.30613197378984E-5);
#67=ELLIPSE('',#4877,128.951266504855,0.0980856984120426);
#68=ELLIPSE('',#4880,129.493073703851,0.098477077504414);
#69=ELLIPSE('',#4973,0.684511886465085,3.30613197378984E-5);
#70=ELLIPSE('',#4983,1.01503864956355,1.01500000000203);
#71=ELLIPSE('',#4993,1.01503864956355,1.01500000000203);
#72=ELLIPSE('',#5000,1.01503864956355,1.01500000000203);
#73=ELLIPSE('',#5005,1.01503864956355,1.01500000000203);
#74=ELLIPSE('',#5010,1.01503864956355,1.01500000000203);
#75=ELLIPSE('',#5015,1.01503864956355,1.01500000000203);
#76=ELLIPSE('',#5026,1.01503864956152,1.015);
#77=ELLIPSE('',#5029,1.01503864956152,1.015);
#78=ELLIPSE('',#5036,1.01503864956152,1.015);
#79=ELLIPSE('',#5037,1.01503864956152,1.015);
#80=ELLIPSE('',#5041,1.01503864956152,1.015);
#81=ELLIPSE('',#5042,1.01503864956152,1.015);
#82=ELLIPSE('',#5051,128.951266504855,0.0980856984120426);
#83=ELLIPSE('',#5053,160.584058995969,14.2);
#84=ELLIPSE('',#5057,129.493073703851,0.098477077504414);
#85=ELLIPSE('',#5060,0.684511886465085,3.30613197378983E-5);
#86=ELLIPSE('',#5086,14.2002142319661,14.2);
#87=ELLIPSE('',#5088,14.2002143921906,14.2);
#88=ELLIPSE('',#5091,160.583982688166,14.2);
#89=ELLIPSE('',#5107,160.584058995969,14.2);
#90=ELLIPSE('',#5111,14.2002142319661,14.2);
#91=ELLIPSE('',#5113,160.583982688166,14.2);
#92=ELLIPSE('',#5116,14.2002143921906,14.2);
#93=B_SPLINE_SURFACE_WITH_KNOTS('',3,1,((#6514,#6515),(#6516,#6517),(#6518,
#6519),(#6520,#6521),(#6522,#6523),(#6524,#6525),(#6526,#6527),(#6528,#6529),
(#6530,#6531),(#6532,#6533),(#6534,#6535),(#6536,#6537),(#6538,#6539),(#6540,
#6541),(#6542,#6543),(#6544,#6545),(#6546,#6547),(#6548,#6549),(#6550,#6551),
(#6552,#6553),(#6554,#6555),(#6556,#6557),(#6558,#6559),(#6560,#6561),(#6562,
#6563),(#6564,#6565),(#6566,#6567),(#6568,#6569),(#6570,#6571),(#6572,#6573),
(#6574,#6575),(#6576,#6577),(#6578,#6579),(#6580,#6581)),.UNSPECIFIED.,
 .F.,.F.,.F.,(4,2,2,2,2,2,2,2,2,2,2,2,2,2,2,2,4),(2,2),(-0.321977081292607,
-0.29768849482799,-0.247428796763818,-0.197084153682018,-0.146472620874152,
-0.0871551171881414,-0.0497677616607984,-0.0373582020947808,-0.032642138886152,
-0.0298469226647988,-0.0270775998030371,-0.0252578127429889,-0.022673429327359,
-0.0196000084735489,-0.0131145473420514,-0.00661979461896509,0.),(0.,5.60037836215122),
 .UNSPECIFIED.);
#94=B_SPLINE_SURFACE_WITH_KNOTS('',3,1,((#6789,#6790),(#6791,#6792),(#6793,
#6794),(#6795,#6796),(#6797,#6798),(#6799,#6800),(#6801,#6802),(#6803,#6804),
(#6805,#6806),(#6807,#6808),(#6809,#6810),(#6811,#6812),(#6813,#6814),(#6815,
#6816),(#6817,#6818),(#6819,#6820),(#6821,#6822),(#6823,#6824),(#6825,#6826),
(#6827,#6828),(#6829,#6830),(#6831,#6832),(#6833,#6834),(#6835,#6836),(#6837,
#6838),(#6839,#6840),(#6841,#6842),(#6843,#6844),(#6845,#6846),(#6847,#6848),
(#6849,#6850),(#6851,#6852),(#6853,#6854),(#6855,#6856),(#6857,#6858),(#6859,
#6860),(#6861,#6862),(#6863,#6864),(#6865,#6866),(#6867,#6868),(#6869,#6870),
(#6871,#6872),(#6873,#6874),(#6875,#6876),(#6877,#6878),(#6879,#6880),(#6881,
#6882),(#6883,#6884),(#6885,#6886),(#6887,#6888),(#6889,#6890),(#6891,#6892),
(#6893,#6894),(#6895,#6896),(#6897,#6898),(#6899,#6900)),.UNSPECIFIED.,
 .F.,.F.,.F.,(4,2,2,2,2,2,2,2,2,2,2,2,2,2,2,2,2,2,2,2,2,2,2,2,2,2,2,4),
(2,2),(-0.929512382604834,-0.924453669735508,-0.916427861862421,-0.909228304088444,
-0.903804245931983,-0.899861966661164,-0.895122409646918,-0.891573040077523,
-0.876325803999158,-0.786554956137841,-0.697312146490967,-0.608199654421132,
-0.519118179047313,-0.430018712750395,-0.340824274379451,-0.251250834885161,
-0.157216424007358,-0.0980443164612415,-0.0587682785775213,-0.0456711502021609,
-0.0398268278863016,-0.0359022449775754,-0.0313246800554503,-0.0283249297661003,
-0.0245929760932111,-0.0164680146884533,-0.00831365531158199,0.),(0.,5.60048559712634),
 .UNSPECIFIED.);
#95=B_SPLINE_SURFACE_WITH_KNOTS('',3,1,((#6997,#6998),(#6999,#7000),(#7001,
#7002),(#7003,#7004)),.UNSPECIFIED.,.F.,.F.,.F.,(4,4),(2,2),(0.252608864191966,
0.287420523668391),(0.,0.15),.UNSPECIFIED.);
#96=B_SPLINE_SURFACE_WITH_KNOTS('',3,1,((#7021,#7022),(#7023,#7024),(#7025,
#7026),(#7027,#7028),(#7029,#7030),(#7031,#7032)),.UNSPECIFIED.,.F.,.F.,
 .F.,(4,2,4),(2,2),(0.0344655983201676,0.0511554288129826,0.069344755561275),
(0.,0.15),.UNSPECIFIED.);
#97=B_SPLINE_SURFACE_WITH_KNOTS('',3,1,((#7061,#7062),(#7063,#7064),(#7065,
#7066),(#7067,#7068),(#7069,#7070),(#7071,#7072)),.UNSPECIFIED.,.F.,.F.,
 .F.,(4,2,4),(2,2),(-0.00274884253810744,-0.00137641011474758,0.),(0.,0.15),
 .UNSPECIFIED.);
#98=B_SPLINE_SURFACE_WITH_KNOTS('',3,1,((#7091,#7092),(#7093,#7094),(#7095,
#7096),(#7097,#7098),(#7099,#7100),(#7101,#7102),(#7103,#7104),(#7105,#7106),
(#7107,#7108),(#7109,#7110),(#7111,#7112),(#7113,#7114),(#7115,#7116),(#7117,
#7118)),.UNSPECIFIED.,.F.,.F.,.F.,(4,2,2,2,2,2,4),(2,2),(-0.097190618570229,
-0.052880707154696,-0.0362775627061908,-0.0236016958661673,-0.0135816326122392,
-0.0066125621898184,0.),(0.,0.15),.UNSPECIFIED.);
#99=B_SPLINE_SURFACE_WITH_KNOTS('',3,1,((#7150,#7151),(#7152,#7153),(#7154,
#7155),(#7156,#7157)),.UNSPECIFIED.,.F.,.F.,.F.,(4,4),(2,2),(-0.114673748291854,
-0.106054814197738),(0.,0.15),.UNSPECIFIED.);
#100=B_SPLINE_SURFACE_WITH_KNOTS('',3,1,((#7169,#7170),(#7171,#7172),(#7173,
#7174),(#7175,#7176),(#7177,#7178),(#7179,#7180),(#7181,#7182),(#7183,#7184),
(#7185,#7186),(#7187,#7188),(#7189,#7190),(#7191,#7192),(#7193,#7194),(#7195,
#7196),(#7197,#7198),(#7199,#7200),(#7201,#7202),(#7203,#7204),(#7205,#7206),
(#7207,#7208),(#7209,#7210),(#7211,#7212),(#7213,#7214),(#7215,#7216),(#7217,
#7218),(#7219,#7220),(#7221,#7222),(#7223,#7224),(#7225,#7226),(#7227,#7228)),
 .UNSPECIFIED.,.F.,.F.,.F.,(4,2,2,2,2,2,2,2,2,2,2,2,2,2,4),(2,2),(-0.0584624603275134,
-0.0581616241267382,-0.0578625583307476,-0.0573410590779562,-0.0566809241119147,
-0.0561698062028725,-0.0555285580355321,-0.0534336833474209,-0.0466220058295187,
-0.0427514467732253,-0.0418959647139199,-0.0337764645873844,-0.018911558009251,
-0.00892252364694524,0.),(0.,0.15),.UNSPECIFIED.);
#101=B_SPLINE_SURFACE_WITH_KNOTS('',3,1,((#7295,#7296),(#7297,#7298),(#7299,
#7300),(#7301,#7302)),.UNSPECIFIED.,.F.,.F.,.F.,(4,4),(2,2),(-0.0324404285033153,
0.),(0.,0.15),.UNSPECIFIED.);
#102=B_SPLINE_SURFACE_WITH_KNOTS('',3,1,((#7314,#7315),(#7316,#7317),(#7318,
#7319),(#7320,#7321),(#7322,#7323),(#7324,#7325),(#7326,#7327),(#7328,#7329),
(#7330,#7331),(#7332,#7333),(#7334,#7335),(#7336,#7337),(#7338,#7339),(#7340,
#7341),(#7342,#7343),(#7344,#7345)),.UNSPECIFIED.,.F.,.F.,.F.,(4,2,2,2,
2,2,2,4),(2,2),(-0.354676259904936,-0.298412300173192,-0.260652386871507,
-0.232402738609717,-0.206641943612077,-0.18654585395114,-0.144249904851462,
-0.0646181156241204),(0.,0.15),.UNSPECIFIED.);
#103=B_SPLINE_SURFACE_WITH_KNOTS('',3,1,((#7364,#7365),(#7366,#7367),(#7368,
#7369),(#7370,#7371),(#7372,#7373),(#7374,#7375)),.UNSPECIFIED.,.F.,.F.,
 .F.,(4,2,4),(2,2),(-0.00274844511828951,-0.00137307474213568,0.),(0.,0.15),
 .UNSPECIFIED.);
#104=B_SPLINE_SURFACE_WITH_KNOTS('',3,1,((#7394,#7395),(#7396,#7397),(#7398,
#7399),(#7400,#7401),(#7402,#7403),(#7404,#7405),(#7406,#7407),(#7408,#7409),
(#7410,#7411),(#7412,#7413),(#7414,#7415),(#7416,#7417),(#7418,#7419),(#7420,
#7421)),.UNSPECIFIED.,.F.,.F.,.F.,(4,2,2,2,2,2,4),(2,2),(-0.0332260273181272,
-0.029308049586167,-0.0259673649093866,-0.0223605412691453,-0.0176930503320265,
-0.00994617223748548,0.),(0.,0.15),.UNSPECIFIED.);
#105=B_SPLINE_SURFACE_WITH_KNOTS('',3,1,((#7456,#7457),(#7458,#7459),(#7460,
#7461),(#7462,#7463),(#7464,#7465),(#7466,#7467)),.UNSPECIFIED.,.F.,.F.,
 .F.,(4,2,4),(2,2),(-0.25447303661099,-0.115374506723212,0.),(0.,0.15),
 .UNSPECIFIED.);
#106=B_SPLINE_SURFACE_WITH_KNOTS('',3,1,((#7486,#7487),(#7488,#7489),(#7490,
#7491),(#7492,#7493),(#7494,#7495),(#7496,#7497)),.UNSPECIFIED.,.F.,.F.,
 .F.,(4,2,4),(2,2),(-1.30623357136222,-0.653116800015914,0.),(0.,0.15),
 .UNSPECIFIED.);
#107=B_SPLINE_SURFACE_WITH_KNOTS('',3,1,((#7516,#7517),(#7518,#7519),(#7520,
#7521),(#7522,#7523),(#7524,#7525),(#7526,#7527)),.UNSPECIFIED.,.F.,.F.,
 .F.,(4,2,4),(2,2),(-0.254890459726076,-0.139326699190443,0.),(0.,0.15),
 .UNSPECIFIED.);
#108=B_SPLINE_SURFACE_WITH_KNOTS('',3,1,((#7546,#7547),(#7548,#7549),(#7550,
#7551),(#7552,#7553),(#7554,#7555),(#7556,#7557),(#7558,#7559),(#7560,#7561),
(#7562,#7563),(#7564,#7565),(#7566,#7567),(#7568,#7569),(#7570,#7571),(#7572,
#7573)),.UNSPECIFIED.,.F.,.F.,.F.,(4,2,2,2,2,2,4),(2,2),(-0.0732298944812717,
-0.0682621330360489,-0.0632542600375516,-0.0532881156911457,-0.0397054229739617,
-0.0241263238626357,0.),(0.,0.15),.UNSPECIFIED.);
#109=B_SPLINE_SURFACE_WITH_KNOTS('',3,1,((#8223,#8224),(#8225,#8226),(#8227,
#8228),(#8229,#8230)),.UNSPECIFIED.,.F.,.F.,.F.,(4,4),(2,2),(-0.16881157719868,
-0.166063593540585),(0.,5.60004783779963),.UNSPECIFIED.);
#110=B_SPLINE_SURFACE_WITH_KNOTS('',3,1,((#8254,#8255),(#8256,#8257),(#8258,
#8259),(#8260,#8261),(#8262,#8263),(#8264,#8265),(#8266,#8267),(#8268,#8269),
(#8270,#8271),(#8272,#8273),(#8274,#8275),(#8276,#8277),(#8278,#8279),(#8280,
#8281),(#8282,#8283),(#8284,#8285),(#8286,#8287),(#8288,#8289),(#8290,#8291),
(#8292,#8293),(#8294,#8295),(#8296,#8297),(#8298,#8299),(#8300,#8301),(#8302,
#8303),(#8304,#8305),(#8306,#8307),(#8308,#8309),(#8310,#8311),(#8312,#8313),
(#8314,#8315),(#8316,#8317),(#8318,#8319),(#8320,#8321)),.UNSPECIFIED.,
 .F.,.F.,.F.,(4,2,2,2,2,2,2,2,2,2,2,2,2,2,2,2,4),(2,2),(-0.321977081292607,
-0.29768849482799,-0.247428796763818,-0.197084153682018,-0.146472620874152,
-0.0871551171881414,-0.0497677616607984,-0.0373582020947808,-0.032642138886152,
-0.0298469226647988,-0.0270775998030371,-0.0252578127429889,-0.022673429327359,
-0.0196000084735489,-0.0131145473420514,-0.00661979461896509,0.),(0.,5.60037836215122),
 .UNSPECIFIED.);
#111=B_SPLINE_SURFACE_WITH_KNOTS('',3,1,((#8349,#8350),(#8351,#8352),(#8353,
#8354),(#8355,#8356),(#8357,#8358),(#8359,#8360),(#8361,#8362),(#8363,#8364),
(#8365,#8366),(#8367,#8368),(#8369,#8370),(#8371,#8372),(#8373,#8374),(#8375,
#8376),(#8377,#8378),(#8379,#8380),(#8381,#8382),(#8383,#8384),(#8385,#8386),
(#8387,#8388),(#8389,#8390),(#8391,#8392),(#8393,#8394),(#8395,#8396),(#8397,
#8398),(#8399,#8400),(#8401,#8402),(#8403,#8404),(#8405,#8406),(#8407,#8408),
(#8409,#8410),(#8411,#8412),(#8413,#8414),(#8415,#8416),(#8417,#8418),(#8419,
#8420),(#8421,#8422),(#8423,#8424),(#8425,#8426),(#8427,#8428),(#8429,#8430),
(#8431,#8432),(#8433,#8434),(#8435,#8436),(#8437,#8438),(#8439,#8440),(#8441,
#8442),(#8443,#8444),(#8445,#8446),(#8447,#8448),(#8449,#8450),(#8451,#8452),
(#8453,#8454),(#8455,#8456),(#8457,#8458),(#8459,#8460)),.UNSPECIFIED.,
 .F.,.F.,.F.,(4,2,2,2,2,2,2,2,2,2,2,2,2,2,2,2,2,2,2,2,2,2,2,2,2,2,2,4),
(2,2),(-0.929512382604834,-0.924453669735508,-0.916427861862421,-0.909228304088444,
-0.903804245931983,-0.899861966661164,-0.895122409646918,-0.891573040077523,
-0.876325803999158,-0.786554956137841,-0.697312146490967,-0.608199654421132,
-0.519118179047313,-0.430018712750395,-0.340824274379451,-0.251250834885161,
-0.157216424007358,-0.0980443164612415,-0.0587682785775213,-0.0456711502021609,
-0.0398268278863016,-0.0359022449775754,-0.0313246800554503,-0.0283249297661003,
-0.0245929760932111,-0.0164680146884533,-0.00831365531158199,0.),(0.,5.60048559712634),
 .UNSPECIFIED.);
#112=B_SPLINE_SURFACE_WITH_KNOTS('',3,1,((#8484,#8485),(#8486,#8487),(#8488,
#8489),(#8490,#8491),(#8492,#8493),(#8494,#8495),(#8496,#8497),(#8498,#8499),
(#8500,#8501),(#8502,#8503),(#8504,#8505),(#8506,#8507),(#8508,#8509),(#8510,
#8511),(#8512,#8513),(#8514,#8515),(#8516,#8517),(#8518,#8519),(#8520,#8521),
(#8522,#8523),(#8524,#8525),(#8526,#8527),(#8528,#8529),(#8530,#8531),(#8532,
#8533),(#8534,#8535),(#8536,#8537),(#8538,#8539),(#8540,#8541),(#8542,#8543),
(#8544,#8545),(#8546,#8547)),.UNSPECIFIED.,.F.,.F.,.F.,(4,2,2,2,2,2,2,2,
2,2,2,2,2,2,2,4),(2,2),(-0.322015101800501,-0.317666728711479,-0.311233889499238,
-0.305342999588126,-0.300925199020972,-0.29794859244456,-0.295304744705375,
-0.293477358750653,-0.290256890433725,-0.278065592343064,-0.252380967649891,
-0.201913102169851,-0.151620626164412,-0.101372177210485,-0.0511554288129826,
-3.31345932405614E-5),(0.,5.60037825621857),.UNSPECIFIED.);
#113=B_SPLINE_SURFACE_WITH_KNOTS('',3,1,((#8669,#8670),(#8671,#8672),(#8673,
#8674),(#8675,#8676),(#8677,#8678),(#8679,#8680),(#8681,#8682),(#8683,#8684),
(#8685,#8686),(#8687,#8688),(#8689,#8690),(#8691,#8692),(#8693,#8694),(#8695,
#8696),(#8697,#8698),(#8699,#8700),(#8701,#8702),(#8703,#8704),(#8705,#8706),
(#8707,#8708),(#8709,#8710),(#8711,#8712),(#8713,#8714),(#8715,#8716),(#8717,
#8718),(#8719,#8720),(#8721,#8722),(#8723,#8724),(#8725,#8726),(#8727,#8728),
(#8729,#8730),(#8731,#8732)),.UNSPECIFIED.,.F.,.F.,.F.,(4,2,2,2,2,2,2,2,
2,2,2,2,2,2,2,4),(2,2),(-0.322015101800501,-0.317666728711479,-0.311233889499238,
-0.305342999588126,-0.300925199020972,-0.29794859244456,-0.295304744705375,
-0.293477358750653,-0.290256890433725,-0.278065592343064,-0.252380967649891,
-0.201913102169851,-0.151620626164412,-0.101372177210485,-0.0511554288129826,
-3.31345932405614E-5),(0.,5.60037825621857),.UNSPECIFIED.);
#114=B_SPLINE_SURFACE_WITH_KNOTS('',3,1,((#8935,#8936),(#8937,#8938),(#8939,
#8940),(#8941,#8942),(#8943,#8944),(#8945,#8946),(#8947,#8948),(#8949,#8950),
(#8951,#8952),(#8953,#8954),(#8955,#8956),(#8957,#8958)),.UNSPECIFIED.,
 .F.,.F.,.F.,(4,2,2,2,2,4),(2,2),(5.29080219290996,5.35795862258723,5.42511505226449,
5.49227148194176,5.55942791161903,5.62164894587447),(0.,5.60004266853623),
 .UNSPECIFIED.);
#115=B_SPLINE_SURFACE_WITH_KNOTS('',3,1,((#9195,#9196),(#9197,#9198),(#9199,
#9200),(#9201,#9202),(#9203,#9204),(#9205,#9206),(#9207,#9208),(#9209,#9210),
(#9211,#9212),(#9213,#9214),(#9215,#9216),(#9217,#9218),(#9219,#9220),(#9221,
#9222),(#9223,#9224),(#9225,#9226),(#9227,#9228),(#9229,#9230),(#9231,#9232),
(#9233,#9234),(#9235,#9236),(#9237,#9238),(#9239,#9240),(#9241,#9242),(#9243,
#9244),(#9245,#9246),(#9247,#9248),(#9249,#9250)),.UNSPECIFIED.,.F.,.F.,
 .F.,(4,2,2,2,2,2,2,2,2,2,2,2,2,4),(2,2),(-0.140004610280862,-0.139125042171194,
-0.131025162729688,-0.123081602531557,-0.116211873556993,-0.111469624687864,
-0.108334529155559,-0.105276238143718,-0.103006956239545,-0.100131193630526,
-0.0949669663070502,-0.0744496226422085,-0.0498741293673722,-0.0107549686482957),
(0.,5.60045682225323),.UNSPECIFIED.);
#116=B_SPLINE_SURFACE_WITH_KNOTS('',3,1,((#9285,#9286),(#9287,#9288),(#9289,
#9290),(#9291,#9292)),.UNSPECIFIED.,.F.,.F.,.F.,(4,4),(2,2),(-0.00274507048421991,
0.),(0.,5.60004784316015),.UNSPECIFIED.);
#117=B_SPLINE_SURFACE_WITH_KNOTS('',3,1,((#9328,#9329),(#9330,#9331),(#9332,
#9333),(#9334,#9335),(#9336,#9337),(#9338,#9339),(#9340,#9341),(#9342,#9343),
(#9344,#9345),(#9346,#9347),(#9348,#9349),(#9350,#9351)),.UNSPECIFIED.,
 .F.,.F.,.F.,(4,2,2,2,2,4),(2,2),(5.67079007346879,5.91574819181931,6.16070631016983,
6.40566442852035,6.65062254687087,6.89558066522139),(0.,5.60003328525837),
 .UNSPECIFIED.);
#118=B_SPLINE_SURFACE_WITH_KNOTS('',3,1,((#9412,#9413),(#9414,#9415),(#9416,
#9417),(#9418,#9419),(#9420,#9421),(#9422,#9423),(#9424,#9425),(#9426,#9427),
(#9428,#9429),(#9430,#9431),(#9432,#9433),(#9434,#9435)),.UNSPECIFIED.,
 .F.,.F.,.F.,(4,2,2,2,2,4),(2,2),(0.661536361252737,0.723757395849909,0.790913825318396,
0.858070254786884,0.925226684255371,0.992383113723859),(0.,5.60004266853615),
 .UNSPECIFIED.);
#119=B_SPLINE_SURFACE_WITH_KNOTS('',3,1,((#9476,#9477),(#9478,#9479),(#9480,
#9481),(#9482,#9483),(#9484,#9485),(#9486,#9487),(#9488,#9489),(#9490,#9491),
(#9492,#9493),(#9494,#9495),(#9496,#9497),(#9498,#9499),(#9500,#9501),(#9502,
#9503),(#9504,#9505),(#9506,#9507),(#9508,#9509),(#9510,#9511),(#9512,#9513),
(#9514,#9515),(#9516,#9517),(#9518,#9519),(#9520,#9521),(#9522,#9523),(#9524,
#9525),(#9526,#9527),(#9528,#9529),(#9530,#9531)),.UNSPECIFIED.,.F.,.F.,
 .F.,(4,2,2,2,2,2,2,2,2,2,2,2,2,4),(2,2),(-0.140004610280862,-0.139125042171194,
-0.131025162729688,-0.123081602531557,-0.116211873556993,-0.111469624687864,
-0.108334529155559,-0.105276238143718,-0.103006956239545,-0.100131193630526,
-0.0949669663070502,-0.0744496226422085,-0.0498741293673722,-0.0107549686482957),
(0.,5.60045682225323),.UNSPECIFIED.);
#120=B_SPLINE_SURFACE_WITH_KNOTS('',3,1,((#9572,#9573),(#9574,#9575),(#9576,
#9577),(#9578,#9579),(#9580,#9581),(#9582,#9583),(#9584,#9585),(#9586,#9587),
(#9588,#9589),(#9590,#9591),(#9592,#9593),(#9594,#9595),(#9596,#9597),(#9598,
#9599),(#9600,#9601),(#9602,#9603),(#9604,#9605),(#9606,#9607),(#9608,#9609),
(#9610,#9611),(#9612,#9613),(#9614,#9615),(#9616,#9617),(#9618,#9619),(#9620,
#9621),(#9622,#9623)),.UNSPECIFIED.,.F.,.F.,.F.,(4,2,2,2,2,2,2,2,2,2,2,
2,4),(2,2),(-0.129250254987747,-0.0978859297291607,-0.0585007114266983,
-0.045439871999357,-0.0404229626873744,-0.037397282345141,-0.0341458391873742,
-0.0317804512028072,-0.0283599445552378,-0.0244608328618533,-0.0163613806254109,
-0.00825736754751559,0.),(0.,5.60045682197891),.UNSPECIFIED.);
#121=B_SPLINE_SURFACE_WITH_KNOTS('',3,1,((#9642,#9643),(#9644,#9645),(#9646,
#9647),(#9648,#9649),(#9650,#9651),(#9652,#9653),(#9654,#9655),(#9656,#9657),
(#9658,#9659),(#9660,#9661),(#9662,#9663),(#9664,#9665),(#9666,#9667),(#9668,
#9669),(#9670,#9671),(#9672,#9673),(#9674,#9675),(#9676,#9677),(#9678,#9679),
(#9680,#9681),(#9682,#9683),(#9684,#9685),(#9686,#9687),(#9688,#9689),(#9690,
#9691),(#9692,#9693)),.UNSPECIFIED.,.F.,.F.,.F.,(4,2,2,2,2,2,2,2,2,2,2,
2,4),(2,2),(-0.129250254987747,-0.0978859297291607,-0.0585007114266983,
-0.045439871999357,-0.0404229626873744,-0.037397282345141,-0.0341458391873742,
-0.0317804512028072,-0.0283599445552378,-0.0244608328618533,-0.0163613806254109,
-0.00825736754751559,0.),(0.,5.60045682197891),.UNSPECIFIED.);
#122=B_SPLINE_SURFACE_WITH_KNOTS('',3,1,((#9729,#9730),(#9731,#9732),(#9733,
#9734),(#9735,#9736),(#9737,#9738),(#9739,#9740),(#9741,#9742),(#9743,#9744),
(#9745,#9746),(#9747,#9748),(#9749,#9750),(#9751,#9752)),.UNSPECIFIED.,
 .F.,.F.,.F.,(4,2,2,2,2,4),(2,2),(5.29080219290996,5.35795862258723,5.42511505226449,
5.49227148194176,5.55942791161903,5.62164894587447),(0.,5.60004266853623),
 .UNSPECIFIED.);
#123=B_SPLINE_SURFACE_WITH_KNOTS('',3,1,((#9824,#9825),(#9826,#9827),(#9828,
#9829),(#9830,#9831),(#9832,#9833),(#9834,#9835),(#9836,#9837),(#9838,#9839),
(#9840,#9841),(#9842,#9843),(#9844,#9845),(#9846,#9847)),.UNSPECIFIED.,
 .F.,.F.,.F.,(4,2,2,2,2,4),(2,2),(0.661536361252737,0.723757395849909,0.790913825318396,
0.858070254786884,0.925226684255371,0.992383113723859),(0.,5.60004266853615),
 .UNSPECIFIED.);
#124=B_SPLINE_SURFACE_WITH_KNOTS('',3,1,((#9897,#9898),(#9899,#9900),(#9901,
#9902),(#9903,#9904),(#9905,#9906),(#9907,#9908),(#9909,#9910),(#9911,#9912),
(#9913,#9914),(#9915,#9916),(#9917,#9918),(#9919,#9920)),.UNSPECIFIED.,
 .F.,.F.,.F.,(4,2,2,2,2,4),(2,2),(5.67079007346879,5.91574819181931,6.16070631016983,
6.40566442852035,6.65062254687087,6.89558066522139),(0.,5.60003328525837),
 .UNSPECIFIED.);
#125=LINE('',#6230,#649);
#126=LINE('',#6232,#650);
#127=LINE('',#6233,#651);
#128=LINE('',#6247,#652);
#129=LINE('',#6249,#653);
#130=LINE('',#6262,#654);
#131=LINE('',#6264,#655);
#132=LINE('',#6266,#656);
#133=LINE('',#6268,#657);
#134=LINE('',#6272,#658);
#135=LINE('',#6274,#659);
#136=LINE('',#6359,#660);
#137=LINE('',#6361,#661);
#138=LINE('',#6365,#662);
#139=LINE('',#6367,#663);
#140=LINE('',#6369,#664);
#141=LINE('',#6370,#665);
#142=LINE('',#6384,#666);
#143=LINE('',#6386,#667);
#144=LINE('',#6388,#668);
#145=LINE('',#6390,#669);
#146=LINE('',#6394,#670);
#147=LINE('',#6396,#671);
#148=LINE('',#6481,#672);
#149=LINE('',#6483,#673);
#150=LINE('',#6487,#674);
#151=LINE('',#6489,#675);
#152=LINE('',#6491,#676);
#153=LINE('',#6493,#677);
#154=LINE('',#6506,#678);
#155=LINE('',#6507,#679);
#156=LINE('',#6513,#680);
#157=LINE('',#6583,#681);
#158=LINE('',#6629,#682);
#159=LINE('',#6666,#683);
#160=LINE('',#6756,#684);
#161=LINE('',#6759,#685);
#162=LINE('',#6760,#686);
#163=LINE('',#6763,#687);
#164=LINE('',#6764,#688);
#165=LINE('',#6767,#689);
#166=LINE('',#6769,#690);
#167=LINE('',#6771,#691);
#168=LINE('',#6775,#692);
#169=LINE('',#6776,#693);
#170=LINE('',#6779,#694);
#171=LINE('',#6783,#695);
#172=LINE('',#6784,#696);
#173=LINE('',#6787,#697);
#174=LINE('',#6788,#698);
#175=LINE('',#6902,#699);
#176=LINE('',#6961,#700);
#177=LINE('',#6962,#701);
#178=LINE('',#6965,#702);
#179=LINE('',#6966,#703);
#180=LINE('',#6969,#704);
#181=LINE('',#6973,#705);
#182=LINE('',#6974,#706);
#183=LINE('',#6977,#707);
#184=LINE('',#6981,#708);
#185=LINE('',#6982,#709);
#186=LINE('',#6985,#710);
#187=LINE('',#6986,#711);
#188=LINE('',#6989,#712);
#189=LINE('',#6990,#713);
#190=LINE('',#6995,#714);
#191=LINE('',#7014,#715);
#192=LINE('',#7020,#716);
#193=LINE('',#7052,#717);
#194=LINE('',#7060,#718);
#195=LINE('',#7082,#719);
#196=LINE('',#7090,#720);
#197=LINE('',#7149,#721);
#198=LINE('',#7164,#722);
#199=LINE('',#7262,#723);
#200=LINE('',#7294,#724);
#201=LINE('',#7313,#725);
#202=LINE('',#7347,#726);
#203=LINE('',#7385,#727);
#204=LINE('',#7393,#728);
#205=LINE('',#7439,#729);
#206=LINE('',#7455,#730);
#207=LINE('',#7477,#731);
#208=LINE('',#7485,#732);
#209=LINE('',#7507,#733);
#210=LINE('',#7515,#734);
#211=LINE('',#7537,#735);
#212=LINE('',#7545,#736);
#213=LINE('',#7591,#737);
#214=LINE('',#7607,#738);
#215=LINE('',#7610,#739);
#216=LINE('',#7612,#740);
#217=LINE('',#7615,#741);
#218=LINE('',#7617,#742);
#219=LINE('',#7619,#743);
#220=LINE('',#7621,#744);
#221=LINE('',#7623,#745);
#222=LINE('',#7625,#746);
#223=LINE('',#7627,#747);
#224=LINE('',#7629,#748);
#225=LINE('',#7631,#749);
#226=LINE('',#7633,#750);
#227=LINE('',#7634,#751);
#228=LINE('',#7636,#752);
#229=LINE('',#7638,#753);
#230=LINE('',#7640,#754);
#231=LINE('',#7642,#755);
#232=LINE('',#7646,#756);
#233=LINE('',#7647,#757);
#234=LINE('',#7649,#758);
#235=LINE('',#7651,#759);
#236=LINE('',#7655,#760);
#237=LINE('',#7657,#761);
#238=LINE('',#7659,#762);
#239=LINE('',#7660,#763);
#240=LINE('',#7662,#764);
#241=LINE('',#7664,#765);
#242=LINE('',#7666,#766);
#243=LINE('',#7668,#767);
#244=LINE('',#7670,#768);
#245=LINE('',#7672,#769);
#246=LINE('',#7674,#770);
#247=LINE('',#7676,#771);
#248=LINE('',#7678,#772);
#249=LINE('',#7680,#773);
#250=LINE('',#7682,#774);
#251=LINE('',#7684,#775);
#252=LINE('',#7686,#776);
#253=LINE('',#7687,#777);
#254=LINE('',#7691,#778);
#255=LINE('',#7692,#779);
#256=LINE('',#7696,#780);
#257=LINE('',#7701,#781);
#258=LINE('',#7704,#782);
#259=LINE('',#7706,#783);
#260=LINE('',#7710,#784);
#261=LINE('',#7715,#785);
#262=LINE('',#7721,#786);
#263=LINE('',#7727,#787);
#264=LINE('',#7733,#788);
#265=LINE('',#7739,#789);
#266=LINE('',#7745,#790);
#267=LINE('',#7751,#791);
#268=LINE('',#7757,#792);
#269=LINE('',#7763,#793);
#270=LINE('',#7768,#794);
#271=LINE('',#7770,#795);
#272=LINE('',#7772,#796);
#273=LINE('',#7774,#797);
#274=LINE('',#7776,#798);
#275=LINE('',#7778,#799);
#276=LINE('',#7780,#800);
#277=LINE('',#7782,#801);
#278=LINE('',#7783,#802);
#279=LINE('',#7786,#803);
#280=LINE('',#7788,#804);
#281=LINE('',#7789,#805);
#282=LINE('',#7793,#806);
#283=LINE('',#7795,#807);
#284=LINE('',#7797,#808);
#285=LINE('',#7799,#809);
#286=LINE('',#7801,#810);
#287=LINE('',#7802,#811);
#288=LINE('',#7804,#812);
#289=LINE('',#7805,#813);
#290=LINE('',#7809,#814);
#291=LINE('',#7811,#815);
#292=LINE('',#7813,#816);
#293=LINE('',#7815,#817);
#294=LINE('',#7817,#818);
#295=LINE('',#7818,#819);
#296=LINE('',#7820,#820);
#297=LINE('',#7821,#821);
#298=LINE('',#7824,#822);
#299=LINE('',#7826,#823);
#300=LINE('',#7827,#824);
#301=LINE('',#7830,#825);
#302=LINE('',#7832,#826);
#303=LINE('',#7834,#827);
#304=LINE('',#7836,#828);
#305=LINE('',#7837,#829);
#306=LINE('',#7839,#830);
#307=LINE('',#7840,#831);
#308=LINE('',#7844,#832);
#309=LINE('',#7846,#833);
#310=LINE('',#7848,#834);
#311=LINE('',#7850,#835);
#312=LINE('',#7852,#836);
#313=LINE('',#7854,#837);
#314=LINE('',#7855,#838);
#315=LINE('',#7858,#839);
#316=LINE('',#7860,#840);
#317=LINE('',#7862,#841);
#318=LINE('',#7864,#842);
#319=LINE('',#7866,#843);
#320=LINE('',#7868,#844);
#321=LINE('',#7870,#845);
#322=LINE('',#7871,#846);
#323=LINE('',#7875,#847);
#324=LINE('',#7877,#848);
#325=LINE('',#7879,#849);
#326=LINE('',#7881,#850);
#327=LINE('',#7883,#851);
#328=LINE('',#7884,#852);
#329=LINE('',#7887,#853);
#330=LINE('',#7889,#854);
#331=LINE('',#7890,#855);
#332=LINE('',#7893,#856);
#333=LINE('',#7895,#857);
#334=LINE('',#7897,#858);
#335=LINE('',#7899,#859);
#336=LINE('',#7901,#860);
#337=LINE('',#7903,#861);
#338=LINE('',#7905,#862);
#339=LINE('',#7907,#863);
#340=LINE('',#7908,#864);
#341=LINE('',#7909,#865);
#342=LINE('',#7912,#866);
#343=LINE('',#7914,#867);
#344=LINE('',#7916,#868);
#345=LINE('',#7918,#869);
#346=LINE('',#7920,#870);
#347=LINE('',#7922,#871);
#348=LINE('',#7924,#872);
#349=LINE('',#7925,#873);
#350=LINE('',#7928,#874);
#351=LINE('',#7930,#875);
#352=LINE('',#7932,#876);
#353=LINE('',#7934,#877);
#354=LINE('',#7936,#878);
#355=LINE('',#7937,#879);
#356=LINE('',#7939,#880);
#357=LINE('',#7940,#881);
#358=LINE('',#7944,#882);
#359=LINE('',#7946,#883);
#360=LINE('',#7948,#884);
#361=LINE('',#7950,#885);
#362=LINE('',#7952,#886);
#363=LINE('',#7954,#887);
#364=LINE('',#7955,#888);
#365=LINE('',#7958,#889);
#366=LINE('',#7960,#890);
#367=LINE('',#7961,#891);
#368=LINE('',#7964,#892);
#369=LINE('',#7966,#893);
#370=LINE('',#7968,#894);
#371=LINE('',#7970,#895);
#372=LINE('',#7972,#896);
#373=LINE('',#7973,#897);
#374=LINE('',#7977,#898);
#375=LINE('',#7979,#899);
#376=LINE('',#7981,#900);
#377=LINE('',#7983,#901);
#378=LINE('',#7985,#902);
#379=LINE('',#7987,#903);
#380=LINE('',#7988,#904);
#381=LINE('',#7990,#905);
#382=LINE('',#7991,#906);
#383=LINE('',#7994,#907);
#384=LINE('',#7996,#908);
#385=LINE('',#7997,#909);
#386=LINE('',#8000,#910);
#387=LINE('',#8002,#911);
#388=LINE('',#8004,#912);
#389=LINE('',#8006,#913);
#390=LINE('',#8008,#914);
#391=LINE('',#8009,#915);
#392=LINE('',#8011,#916);
#393=LINE('',#8012,#917);
#394=LINE('',#8014,#918);
#395=LINE('',#8016,#919);
#396=LINE('',#8018,#920);
#397=LINE('',#8020,#921);
#398=LINE('',#8022,#922);
#399=LINE('',#8023,#923);
#400=LINE('',#8025,#924);
#401=LINE('',#8026,#925);
#402=LINE('',#8029,#926);
#403=LINE('',#8030,#927);
#404=LINE('',#8032,#928);
#405=LINE('',#8034,#929);
#406=LINE('',#8037,#930);
#407=LINE('',#8038,#931);
#408=LINE('',#8040,#932);
#409=LINE('',#8042,#933);
#410=LINE('',#8045,#934);
#411=LINE('',#8046,#935);
#412=LINE('',#8048,#936);
#413=LINE('',#8050,#937);
#414=LINE('',#8053,#938);
#415=LINE('',#8054,#939);
#416=LINE('',#8056,#940);
#417=LINE('',#8058,#941);
#418=LINE('',#8061,#942);
#419=LINE('',#8063,#943);
#420=LINE('',#8064,#944);
#421=LINE('',#8066,#945);
#422=LINE('',#8067,#946);
#423=LINE('',#8070,#947);
#424=LINE('',#8071,#948);
#425=LINE('',#8073,#949);
#426=LINE('',#8074,#950);
#427=LINE('',#8076,#951);
#428=LINE('',#8078,#952);
#429=LINE('',#8080,#953);
#430=LINE('',#8081,#954);
#431=LINE('',#8082,#955);
#432=LINE('',#8084,#956);
#433=LINE('',#8086,#957);
#434=LINE('',#8088,#958);
#435=LINE('',#8090,#959);
#436=LINE('',#8091,#960);
#437=LINE('',#8094,#961);
#438=LINE('',#8095,#962);
#439=LINE('',#8097,#963);
#440=LINE('',#8099,#964);
#441=LINE('',#8101,#965);
#442=LINE('',#8104,#966);
#443=LINE('',#8105,#967);
#444=LINE('',#8109,#968);
#445=LINE('',#8111,#969);
#446=LINE('',#8112,#970);
#447=LINE('',#8114,#971);
#448=LINE('',#8115,#972);
#449=LINE('',#8118,#973);
#450=LINE('',#8120,#974);
#451=LINE('',#8122,#975);
#452=LINE('',#8124,#976);
#453=LINE('',#8126,#977);
#454=LINE('',#8128,#978);
#455=LINE('',#8129,#979);
#456=LINE('',#8130,#980);
#457=LINE('',#8133,#981);
#458=LINE('',#8134,#982);
#459=LINE('',#8136,#983);
#460=LINE('',#8139,#984);
#461=LINE('',#8143,#985);
#462=LINE('',#8145,#986);
#463=LINE('',#8147,#987);
#464=LINE('',#8148,#988);
#465=LINE('',#8151,#989);
#466=LINE('',#8153,#990);
#467=LINE('',#8154,#991);
#468=LINE('',#8157,#992);
#469=LINE('',#8159,#993);
#470=LINE('',#8160,#994);
#471=LINE('',#8163,#995);
#472=LINE('',#8165,#996);
#473=LINE('',#8166,#997);
#474=LINE('',#8169,#998);
#475=LINE('',#8171,#999);
#476=LINE('',#8172,#1000);
#477=LINE('',#8176,#1001);
#478=LINE('',#8178,#1002);
#479=LINE('',#8180,#1003);
#480=LINE('',#8181,#1004);
#481=LINE('',#8184,#1005);
#482=LINE('',#8186,#1006);
#483=LINE('',#8187,#1007);
#484=LINE('',#8190,#1008);
#485=LINE('',#8192,#1009);
#486=LINE('',#8193,#1010);
#487=LINE('',#8196,#1011);
#488=LINE('',#8198,#1012);
#489=LINE('',#8199,#1013);
#490=LINE('',#8202,#1014);
#491=LINE('',#8204,#1015);
#492=LINE('',#8205,#1016);
#493=LINE('',#8209,#1017);
#494=LINE('',#8211,#1018);
#495=LINE('',#8212,#1019);
#496=LINE('',#8213,#1020);
#497=LINE('',#8221,#1021);
#498=LINE('',#8238,#1022);
#499=LINE('',#8239,#1023);
#500=LINE('',#8242,#1024);
#501=LINE('',#8243,#1025);
#502=LINE('',#8246,#1026);
#503=LINE('',#8247,#1027);
#504=LINE('',#8250,#1028);
#505=LINE('',#8251,#1029);
#506=LINE('',#8253,#1030);
#507=LINE('',#8323,#1031);
#508=LINE('',#8330,#1032);
#509=LINE('',#8331,#1033);
#510=LINE('',#8334,#1034);
#511=LINE('',#8335,#1035);
#512=LINE('',#8338,#1036);
#513=LINE('',#8340,#1037);
#514=LINE('',#8342,#1038);
#515=LINE('',#8344,#1039);
#516=LINE('',#8346,#1040);
#517=LINE('',#8348,#1041);
#518=LINE('',#8461,#1042);
#519=LINE('',#8463,#1043);
#520=LINE('',#8465,#1044);
#521=LINE('',#8467,#1045);
#522=LINE('',#8469,#1046);
#523=LINE('',#8472,#1047);
#524=LINE('',#8475,#1048);
#525=LINE('',#8478,#1049);
#526=LINE('',#8479,#1050);
#527=LINE('',#8482,#1051);
#528=LINE('',#8483,#1052);
#529=LINE('',#8549,#1053);
#530=LINE('',#8590,#1054);
#531=LINE('',#8625,#1055);
#532=LINE('',#8747,#1056);
#533=LINE('',#8756,#1057);
#534=LINE('',#8765,#1058);
#535=LINE('',#8774,#1059);
#536=LINE('',#8781,#1060);
#537=LINE('',#8782,#1061);
#538=LINE('',#8783,#1062);
#539=LINE('',#8785,#1063);
#540=LINE('',#8787,#1064);
#541=LINE('',#8788,#1065);
#542=LINE('',#8791,#1066);
#543=LINE('',#8792,#1067);
#544=LINE('',#8793,#1068);
#545=LINE('',#8795,#1069);
#546=LINE('',#8797,#1070);
#547=LINE('',#8798,#1071);
#548=LINE('',#8801,#1072);
#549=LINE('',#8802,#1073);
#550=LINE('',#8804,#1074);
#551=LINE('',#8807,#1075);
#552=LINE('',#8808,#1076);
#553=LINE('',#8810,#1077);
#554=LINE('',#8832,#1078);
#555=LINE('',#8873,#1079);
#556=LINE('',#8874,#1080);
#557=LINE('',#8915,#1081);
#558=LINE('',#8918,#1082);
#559=LINE('',#8921,#1083);
#560=LINE('',#8922,#1084);
#561=LINE('',#8931,#1085);
#562=LINE('',#8934,#1086);
#563=LINE('',#9004,#1087);
#564=LINE('',#9019,#1088);
#565=LINE('',#9021,#1089);
#566=LINE('',#9024,#1090);
#567=LINE('',#9038,#1091);
#568=LINE('',#9041,#1092);
#569=LINE('',#9043,#1093);
#570=LINE('',#9044,#1094);
#571=LINE('',#9049,#1095);
#572=LINE('',#9068,#1096);
#573=LINE('',#9072,#1097);
#574=LINE('',#9086,#1098);
#575=LINE('',#9088,#1099);
#576=LINE('',#9120,#1100);
#577=LINE('',#9122,#1101);
#578=LINE('',#9124,#1102);
#579=LINE('',#9126,#1103);
#580=LINE('',#9128,#1104);
#581=LINE('',#9130,#1105);
#582=LINE('',#9131,#1106);
#583=LINE('',#9133,#1107);
#584=LINE('',#9142,#1108);
#585=LINE('',#9144,#1109);
#586=LINE('',#9172,#1110);
#587=LINE('',#9173,#1111);
#588=LINE('',#9175,#1112);
#589=LINE('',#9177,#1113);
#590=LINE('',#9180,#1114);
#591=LINE('',#9183,#1115);
#592=LINE('',#9188,#1116);
#593=LINE('',#9189,#1117);
#594=LINE('',#9191,#1118);
#595=LINE('',#9193,#1119);
#596=LINE('',#9194,#1120);
#597=LINE('',#9270,#1121);
#598=LINE('',#9272,#1122);
#599=LINE('',#9273,#1123);
#600=LINE('',#9282,#1124);
#601=LINE('',#9284,#1125);
#602=LINE('',#9294,#1126);
#603=LINE('',#9296,#1127);
#604=LINE('',#9297,#1128);
#605=LINE('',#9299,#1129);
#606=LINE('',#9300,#1130);
#607=LINE('',#9308,#1131);
#608=LINE('',#9312,#1132);
#609=LINE('',#9316,#1133);
#610=LINE('',#9318,#1134);
#611=LINE('',#9322,#1135);
#612=LINE('',#9327,#1136);
#613=LINE('',#9361,#1137);
#614=LINE('',#9366,#1138);
#615=LINE('',#9367,#1139);
#616=LINE('',#9380,#1140);
#617=LINE('',#9384,#1141);
#618=LINE('',#9388,#1142);
#619=LINE('',#9392,#1143);
#620=LINE('',#9404,#1144);
#621=LINE('',#9411,#1145);
#622=LINE('',#9468,#1146);
#623=LINE('',#9475,#1147);
#624=LINE('',#9551,#1148);
#625=LINE('',#9556,#1149);
#626=LINE('',#9557,#1150);
#627=LINE('',#9564,#1151);
#628=LINE('',#9571,#1152);
#629=LINE('',#9641,#1153);
#630=LINE('',#9715,#1154);
#631=LINE('',#9718,#1155);
#632=LINE('',#9720,#1156);
#633=LINE('',#9721,#1157);
#634=LINE('',#9728,#1158);
#635=LINE('',#9785,#1159);
#636=LINE('',#9797,#1160);
#637=LINE('',#9802,#1161);
#638=LINE('',#9803,#1162);
#639=LINE('',#9810,#1163);
#640=LINE('',#9823,#1164);
#641=LINE('',#9880,#1165);
#642=LINE('',#9884,#1166);
#643=LINE('',#9896,#1167);
#644=LINE('',#9935,#1168);
#645=LINE('',#9939,#1169);
#646=LINE('',#9953,#1170);
#647=LINE('',#9954,#1171);
#648=LINE('',#9959,#1172);
#649=VECTOR('',#5132,10.);
#650=VECTOR('',#5133,10.);
#651=VECTOR('',#5134,10.);
#652=VECTOR('',#5137,10.);
#653=VECTOR('',#5138,10.);
#654=VECTOR('',#5139,10.);
#655=VECTOR('',#5140,10.);
#656=VECTOR('',#5141,10.);
#657=VECTOR('',#5142,10.);
#658=VECTOR('',#5145,10.);
#659=VECTOR('',#5146,10.);
#660=VECTOR('',#5147,10.);
#661=VECTOR('',#5148,10.);
#662=VECTOR('',#5151,10.);
#663=VECTOR('',#5152,10.);
#664=VECTOR('',#5153,10.);
#665=VECTOR('',#5154,10.);
#666=VECTOR('',#5157,10.);
#667=VECTOR('',#5158,10.);
#668=VECTOR('',#5159,10.);
#669=VECTOR('',#5160,10.);
#670=VECTOR('',#5163,10.);
#671=VECTOR('',#5164,10.);
#672=VECTOR('',#5165,10.);
#673=VECTOR('',#5166,10.);
#674=VECTOR('',#5169,10.);
#675=VECTOR('',#5170,10.);
#676=VECTOR('',#5171,10.);
#677=VECTOR('',#5172,10.);
#678=VECTOR('',#5173,10.);
#679=VECTOR('',#5174,10.);
#680=VECTOR('',#5177,10.);
#681=VECTOR('',#5178,10.);
#682=VECTOR('',#5179,10.);
#683=VECTOR('',#5180,10.);
#684=VECTOR('',#5181,10.);
#685=VECTOR('',#5184,10.);
#686=VECTOR('',#5185,10.);
#687=VECTOR('',#5188,10.);
#688=VECTOR('',#5189,10.);
#689=VECTOR('',#5192,10.);
#690=VECTOR('',#5193,10.);
#691=VECTOR('',#5194,10.);
#692=VECTOR('',#5199,10.);
#693=VECTOR('',#5200,10.);
#694=VECTOR('',#5203,10.);
#695=VECTOR('',#5208,10.);
#696=VECTOR('',#5209,10.);
#697=VECTOR('',#5212,10.);
#698=VECTOR('',#5213,10.);
#699=VECTOR('',#5214,10.);
#700=VECTOR('',#5217,10.);
#701=VECTOR('',#5218,10.);
#702=VECTOR('',#5221,10.);
#703=VECTOR('',#5222,10.);
#704=VECTOR('',#5225,10.);
#705=VECTOR('',#5230,10.);
#706=VECTOR('',#5231,10.);
#707=VECTOR('',#5234,10.);
#708=VECTOR('',#5237,10.);
#709=VECTOR('',#5238,10.);
#710=VECTOR('',#5241,10.);
#711=VECTOR('',#5242,10.);
#712=VECTOR('',#5245,10.);
#713=VECTOR('',#5246,10.);
#714=VECTOR('',#5251,7.5);
#715=VECTOR('',#5254,10.);
#716=VECTOR('',#5255,10.);
#717=VECTOR('',#5256,10.);
#718=VECTOR('',#5257,10.);
#719=VECTOR('',#5258,10.);
#720=VECTOR('',#5259,10.);
#721=VECTOR('',#5260,10.);
#722=VECTOR('',#5261,10.);
#723=VECTOR('',#5262,10.);
#724=VECTOR('',#5263,10.);
#725=VECTOR('',#5264,10.);
#726=VECTOR('',#5265,10.);
#727=VECTOR('',#5266,10.);
#728=VECTOR('',#5267,10.);
#729=VECTOR('',#5268,10.);
#730=VECTOR('',#5269,10.);
#731=VECTOR('',#5270,10.);
#732=VECTOR('',#5271,10.);
#733=VECTOR('',#5272,10.);
#734=VECTOR('',#5273,10.);
#735=VECTOR('',#5274,10.);
#736=VECTOR('',#5275,10.);
#737=VECTOR('',#5276,10.);
#738=VECTOR('',#5277,10.);
#739=VECTOR('',#5280,10.);
#740=VECTOR('',#5281,10.);
#741=VECTOR('',#5284,10.);
#742=VECTOR('',#5285,10.);
#743=VECTOR('',#5286,10.);
#744=VECTOR('',#5287,10.);
#745=VECTOR('',#5288,10.);
#746=VECTOR('',#5289,10.);
#747=VECTOR('',#5290,10.);
#748=VECTOR('',#5291,10.);
#749=VECTOR('',#5292,10.);
#750=VECTOR('',#5293,10.);
#751=VECTOR('',#5294,10.);
#752=VECTOR('',#5295,10.);
#753=VECTOR('',#5296,10.);
#754=VECTOR('',#5297,10.);
#755=VECTOR('',#5298,10.);
#756=VECTOR('',#5301,10.);
#757=VECTOR('',#5302,10.);
#758=VECTOR('',#5303,10.);
#759=VECTOR('',#5304,10.);
#760=VECTOR('',#5307,10.);
#761=VECTOR('',#5308,10.);
#762=VECTOR('',#5309,10.);
#763=VECTOR('',#5310,10.);
#764=VECTOR('',#5311,10.);
#765=VECTOR('',#5312,10.);
#766=VECTOR('',#5313,10.);
#767=VECTOR('',#5314,10.);
#768=VECTOR('',#5315,10.);
#769=VECTOR('',#5316,10.);
#770=VECTOR('',#5317,10.);
#771=VECTOR('',#5318,10.);
#772=VECTOR('',#5319,10.);
#773=VECTOR('',#5320,10.);
#774=VECTOR('',#5321,10.);
#775=VECTOR('',#5322,10.);
#776=VECTOR('',#5323,10.);
#777=VECTOR('',#5324,10.);
#778=VECTOR('',#5327,10.);
#779=VECTOR('',#5328,10.);
#780=VECTOR('',#5331,10.);
#781=VECTOR('',#5336,10.);
#782=VECTOR('',#5339,10.);
#783=VECTOR('',#5340,10.);
#784=VECTOR('',#5343,10.);
#785=VECTOR('',#5348,10.);
#786=VECTOR('',#5355,1.515);
#787=VECTOR('',#5362,1.515);
#788=VECTOR('',#5369,1.515);
#789=VECTOR('',#5376,1.515);
#790=VECTOR('',#5383,1.515);
#791=VECTOR('',#5390,1.515);
#792=VECTOR('',#5397,1.515);
#793=VECTOR('',#5404,1.515);
#794=VECTOR('',#5409,10.);
#795=VECTOR('',#5410,10.);
#796=VECTOR('',#5411,10.);
#797=VECTOR('',#5412,10.);
#798=VECTOR('',#5413,10.);
#799=VECTOR('',#5414,10.);
#800=VECTOR('',#5415,10.);
#801=VECTOR('',#5416,10.);
#802=VECTOR('',#5417,10.);
#803=VECTOR('',#5420,10.);
#804=VECTOR('',#5421,10.);
#805=VECTOR('',#5422,10.);
#806=VECTOR('',#5425,10.);
#807=VECTOR('',#5426,10.);
#808=VECTOR('',#5427,10.);
#809=VECTOR('',#5428,10.);
#810=VECTOR('',#5429,10.);
#811=VECTOR('',#5430,10.);
#812=VECTOR('',#5431,10.);
#813=VECTOR('',#5432,10.);
#814=VECTOR('',#5435,10.);
#815=VECTOR('',#5436,10.);
#816=VECTOR('',#5437,10.);
#817=VECTOR('',#5438,10.);
#818=VECTOR('',#5439,10.);
#819=VECTOR('',#5440,10.);
#820=VECTOR('',#5443,10.);
#821=VECTOR('',#5444,10.);
#822=VECTOR('',#5447,10.);
#823=VECTOR('',#5448,10.);
#824=VECTOR('',#5449,10.);
#825=VECTOR('',#5452,10.);
#826=VECTOR('',#5453,10.);
#827=VECTOR('',#5454,10.);
#828=VECTOR('',#5455,10.);
#829=VECTOR('',#5456,10.);
#830=VECTOR('',#5459,10.);
#831=VECTOR('',#5460,10.);
#832=VECTOR('',#5463,10.);
#833=VECTOR('',#5464,10.);
#834=VECTOR('',#5465,10.);
#835=VECTOR('',#5466,10.);
#836=VECTOR('',#5467,10.);
#837=VECTOR('',#5468,10.);
#838=VECTOR('',#5469,10.);
#839=VECTOR('',#5472,10.);
#840=VECTOR('',#5473,10.);
#841=VECTOR('',#5474,10.);
#842=VECTOR('',#5475,10.);
#843=VECTOR('',#5476,10.);
#844=VECTOR('',#5477,10.);
#845=VECTOR('',#5478,10.);
#846=VECTOR('',#5479,10.);
#847=VECTOR('',#5482,10.);
#848=VECTOR('',#5483,10.);
#849=VECTOR('',#5484,10.);
#850=VECTOR('',#5485,10.);
#851=VECTOR('',#5486,10.);
#852=VECTOR('',#5487,10.);
#853=VECTOR('',#5490,10.);
#854=VECTOR('',#5491,10.);
#855=VECTOR('',#5492,10.);
#856=VECTOR('',#5495,10.);
#857=VECTOR('',#5496,10.);
#858=VECTOR('',#5497,10.);
#859=VECTOR('',#5498,10.);
#860=VECTOR('',#5499,10.);
#861=VECTOR('',#5500,10.);
#862=VECTOR('',#5501,10.);
#863=VECTOR('',#5502,10.);
#864=VECTOR('',#5503,10.);
#865=VECTOR('',#5504,10.);
#866=VECTOR('',#5507,10.);
#867=VECTOR('',#5508,10.);
#868=VECTOR('',#5509,10.);
#869=VECTOR('',#5510,10.);
#870=VECTOR('',#5511,10.);
#871=VECTOR('',#5512,10.);
#872=VECTOR('',#5513,10.);
#873=VECTOR('',#5514,10.);
#874=VECTOR('',#5517,10.);
#875=VECTOR('',#5518,10.);
#876=VECTOR('',#5519,10.);
#877=VECTOR('',#5520,10.);
#878=VECTOR('',#5521,10.);
#879=VECTOR('',#5522,10.);
#880=VECTOR('',#5525,10.);
#881=VECTOR('',#5526,10.);
#882=VECTOR('',#5529,10.);
#883=VECTOR('',#5530,10.);
#884=VECTOR('',#5531,10.);
#885=VECTOR('',#5532,10.);
#886=VECTOR('',#5533,10.);
#887=VECTOR('',#5534,10.);
#888=VECTOR('',#5535,10.);
#889=VECTOR('',#5538,10.);
#890=VECTOR('',#5539,10.);
#891=VECTOR('',#5540,10.);
#892=VECTOR('',#5543,10.);
#893=VECTOR('',#5544,10.);
#894=VECTOR('',#5545,10.);
#895=VECTOR('',#5546,10.);
#896=VECTOR('',#5547,10.);
#897=VECTOR('',#5548,10.);
#898=VECTOR('',#5551,10.);
#899=VECTOR('',#5552,10.);
#900=VECTOR('',#5553,10.);
#901=VECTOR('',#5554,10.);
#902=VECTOR('',#5555,10.);
#903=VECTOR('',#5556,10.);
#904=VECTOR('',#5557,10.);
#905=VECTOR('',#5560,10.);
#906=VECTOR('',#5561,10.);
#907=VECTOR('',#5564,10.);
#908=VECTOR('',#5565,10.);
#909=VECTOR('',#5566,10.);
#910=VECTOR('',#5569,10.);
#911=VECTOR('',#5570,10.);
#912=VECTOR('',#5571,10.);
#913=VECTOR('',#5572,10.);
#914=VECTOR('',#5573,10.);
#915=VECTOR('',#5574,10.);
#916=VECTOR('',#5577,10.);
#917=VECTOR('',#5578,10.);
#918=VECTOR('',#5581,10.);
#919=VECTOR('',#5582,10.);
#920=VECTOR('',#5583,10.);
#921=VECTOR('',#5584,10.);
#922=VECTOR('',#5585,10.);
#923=VECTOR('',#5586,10.);
#924=VECTOR('',#5587,10.);
#925=VECTOR('',#5588,10.);
#926=VECTOR('',#5591,10.);
#927=VECTOR('',#5592,10.);
#928=VECTOR('',#5595,10.);
#929=VECTOR('',#5598,10.);
#930=VECTOR('',#5601,10.);
#931=VECTOR('',#5602,10.);
#932=VECTOR('',#5605,10.);
#933=VECTOR('',#5608,10.);
#934=VECTOR('',#5611,10.);
#935=VECTOR('',#5612,10.);
#936=VECTOR('',#5615,10.);
#937=VECTOR('',#5618,10.);
#938=VECTOR('',#5621,10.);
#939=VECTOR('',#5622,10.);
#940=VECTOR('',#5625,10.);
#941=VECTOR('',#5628,10.);
#942=VECTOR('',#5631,10.);
#943=VECTOR('',#5632,10.);
#944=VECTOR('',#5633,10.);
#945=VECTOR('',#5636,10.);
#946=VECTOR('',#5637,10.);
#947=VECTOR('',#5640,10.);
#948=VECTOR('',#5641,10.);
#949=VECTOR('',#5642,10.);
#950=VECTOR('',#5643,10.);
#951=VECTOR('',#5646,10.);
#952=VECTOR('',#5647,10.);
#953=VECTOR('',#5648,10.);
#954=VECTOR('',#5649,10.);
#955=VECTOR('',#5650,10.);
#956=VECTOR('',#5653,10.);
#957=VECTOR('',#5654,10.);
#958=VECTOR('',#5655,10.);
#959=VECTOR('',#5656,10.);
#960=VECTOR('',#5657,10.);
#961=VECTOR('',#5660,10.);
#962=VECTOR('',#5661,10.);
#963=VECTOR('',#5664,10.);
#964=VECTOR('',#5667,10.);
#965=VECTOR('',#5670,10.);
#966=VECTOR('',#5673,10.);
#967=VECTOR('',#5674,10.);
#968=VECTOR('',#5679,10.);
#969=VECTOR('',#5680,10.);
#970=VECTOR('',#5681,10.);
#971=VECTOR('',#5684,10.);
#972=VECTOR('',#5685,10.);
#973=VECTOR('',#5688,10.);
#974=VECTOR('',#5689,10.);
#975=VECTOR('',#5690,10.);
#976=VECTOR('',#5691,10.);
#977=VECTOR('',#5692,10.);
#978=VECTOR('',#5693,10.);
#979=VECTOR('',#5694,10.);
#980=VECTOR('',#5695,10.);
#981=VECTOR('',#5698,10.);
#982=VECTOR('',#5699,10.);
#983=VECTOR('',#5702,10.);
#984=VECTOR('',#5707,10.);
#985=VECTOR('',#5710,10.);
#986=VECTOR('',#5711,10.);
#987=VECTOR('',#5712,10.);
#988=VECTOR('',#5713,10.);
#989=VECTOR('',#5716,10.);
#990=VECTOR('',#5717,10.);
#991=VECTOR('',#5718,10.);
#992=VECTOR('',#5721,10.);
#993=VECTOR('',#5722,10.);
#994=VECTOR('',#5723,10.);
#995=VECTOR('',#5726,10.);
#996=VECTOR('',#5727,10.);
#997=VECTOR('',#5728,10.);
#998=VECTOR('',#5731,10.);
#999=VECTOR('',#5732,10.);
#1000=VECTOR('',#5733,10.);
#1001=VECTOR('',#5736,10.);
#1002=VECTOR('',#5737,10.);
#1003=VECTOR('',#5738,10.);
#1004=VECTOR('',#5739,10.);
#1005=VECTOR('',#5742,10.);
#1006=VECTOR('',#5743,10.);
#1007=VECTOR('',#5744,10.);
#1008=VECTOR('',#5747,10.);
#1009=VECTOR('',#5748,10.);
#1010=VECTOR('',#5749,10.);
#1011=VECTOR('',#5752,10.);
#1012=VECTOR('',#5753,10.);
#1013=VECTOR('',#5754,10.);
#1014=VECTOR('',#5757,10.);
#1015=VECTOR('',#5758,10.);
#1016=VECTOR('',#5759,10.);
#1017=VECTOR('',#5762,10.);
#1018=VECTOR('',#5763,10.);
#1019=VECTOR('',#5764,10.);
#1020=VECTOR('',#5765,10.);
#1021=VECTOR('',#5766,10.);
#1022=VECTOR('',#5773,10.);
#1023=VECTOR('',#5774,10.);
#1024=VECTOR('',#5777,10.);
#1025=VECTOR('',#5778,10.);
#1026=VECTOR('',#5781,10.);
#1027=VECTOR('',#5782,10.);
#1028=VECTOR('',#5785,10.);
#1029=VECTOR('',#5786,10.);
#1030=VECTOR('',#5789,10.);
#1031=VECTOR('',#5790,10.);
#1032=VECTOR('',#5793,10.);
#1033=VECTOR('',#5794,10.);
#1034=VECTOR('',#5797,10.);
#1035=VECTOR('',#5798,10.);
#1036=VECTOR('',#5801,10.);
#1037=VECTOR('',#5804,10.);
#1038=VECTOR('',#5807,10.);
#1039=VECTOR('',#5810,10.);
#1040=VECTOR('',#5813,10.);
#1041=VECTOR('',#5816,10.);
#1042=VECTOR('',#5817,10.);
#1043=VECTOR('',#5820,10.);
#1044=VECTOR('',#5823,10.);
#1045=VECTOR('',#5826,10.);
#1046=VECTOR('',#5829,10.);
#1047=VECTOR('',#5832,10.);
#1048=VECTOR('',#5835,10.);
#1049=VECTOR('',#5838,10.);
#1050=VECTOR('',#5839,10.);
#1051=VECTOR('',#5842,10.);
#1052=VECTOR('',#5843,10.);
#1053=VECTOR('',#5844,10.);
#1054=VECTOR('',#5845,10.);
#1055=VECTOR('',#5846,10.);
#1056=VECTOR('',#5851,2.);
#1057=VECTOR('',#5862,2.);
#1058=VECTOR('',#5873,2.);
#1059=VECTOR('',#5884,2.);
#1060=VECTOR('',#5893,10.);
#1061=VECTOR('',#5894,10.);
#1062=VECTOR('',#5895,1.01500000000203);
#1063=VECTOR('',#5898,1.01500000000203);
#1064=VECTOR('',#5899,10.);
#1065=VECTOR('',#5900,10.);
#1066=VECTOR('',#5903,10.);
#1067=VECTOR('',#5904,10.);
#1068=VECTOR('',#5905,1.01500000000203);
#1069=VECTOR('',#5908,1.01500000000203);
#1070=VECTOR('',#5909,10.);
#1071=VECTOR('',#5910,10.);
#1072=VECTOR('',#5913,10.);
#1073=VECTOR('',#5914,10.);
#1074=VECTOR('',#5917,10.);
#1075=VECTOR('',#5920,10.);
#1076=VECTOR('',#5921,10.);
#1077=VECTOR('',#5924,10.);
#1078=VECTOR('',#5949,1.015);
#1079=VECTOR('',#5958,10.);
#1080=VECTOR('',#5959,10.);
#1081=VECTOR('',#5966,1.015);
#1082=VECTOR('',#5971,1.015);
#1083=VECTOR('',#5976,10.);
#1084=VECTOR('',#5977,10.);
#1085=VECTOR('',#5980,10.);
#1086=VECTOR('',#5983,10.);
#1087=VECTOR('',#5984,10.);
#1088=VECTOR('',#5987,10.);
#1089=VECTOR('',#5988,10.);
#1090=VECTOR('',#5991,10.);
#1091=VECTOR('',#5994,10.);
#1092=VECTOR('',#5999,10.);
#1093=VECTOR('',#6002,10.);
#1094=VECTOR('',#6003,10.);
#1095=VECTOR('',#6006,10.);
#1096=VECTOR('',#6011,10.);
#1097=VECTOR('',#6014,10.);
#1098=VECTOR('',#6015,10.);
#1099=VECTOR('',#6016,10.);
#1100=VECTOR('',#6019,10.);
#1101=VECTOR('',#6020,10.);
#1102=VECTOR('',#6021,10.);
#1103=VECTOR('',#6022,10.);
#1104=VECTOR('',#6023,10.);
#1105=VECTOR('',#6024,10.);
#1106=VECTOR('',#6025,10.);
#1107=VECTOR('',#6026,10.);
#1108=VECTOR('',#6029,10.);
#1109=VECTOR('',#6030,10.);
#1110=VECTOR('',#6033,10.);
#1111=VECTOR('',#6034,10.);
#1112=VECTOR('',#6037,10.);
#1113=VECTOR('',#6040,10.);
#1114=VECTOR('',#6045,10.);
#1115=VECTOR('',#6050,10.);
#1116=VECTOR('',#6055,10.);
#1117=VECTOR('',#6056,10.);
#1118=VECTOR('',#6057,10.);
#1119=VECTOR('',#6058,10.);
#1120=VECTOR('',#6059,10.);
#1121=VECTOR('',#6060,10.);
#1122=VECTOR('',#6063,10.);
#1123=VECTOR('',#6064,10.);
#1124=VECTOR('',#6071,10.);
#1125=VECTOR('',#6074,10.);
#1126=VECTOR('',#6075,10.);
#1127=VECTOR('',#6076,10.);
#1128=VECTOR('',#6077,10.);
#1129=VECTOR('',#6080,10.);
#1130=VECTOR('',#6081,10.);
#1131=VECTOR('',#6084,10.);
#1132=VECTOR('',#6089,2.);
#1133=VECTOR('',#6094,2.);
#1134=VECTOR('',#6097,10.);
#1135=VECTOR('',#6102,18.5);
#1136=VECTOR('',#6109,10.);
#1137=VECTOR('',#6110,10.);
#1138=VECTOR('',#6115,10.);
#1139=VECTOR('',#6116,10.);
#1140=VECTOR('',#6119,10.);
#1141=VECTOR('',#6124,10.);
#1142=VECTOR('',#6129,10.);
#1143=VECTOR('',#6134,10.);
#1144=VECTOR('',#6135,10.);
#1145=VECTOR('',#6138,10.);
#1146=VECTOR('',#6139,10.);
#1147=VECTOR('',#6142,10.);
#1148=VECTOR('',#6147,10.);
#1149=VECTOR('',#6152,10.);
#1150=VECTOR('',#6153,10.);
#1151=VECTOR('',#6156,10.);
#1152=VECTOR('',#6159,10.);
#1153=VECTOR('',#6160,10.);
#1154=VECTOR('',#6161,10.);
#1155=VECTOR('',#6164,10.);
#1156=VECTOR('',#6165,10.);
#1157=VECTOR('',#6166,10.);
#1158=VECTOR('',#6169,10.);
#1159=VECTOR('',#6170,10.);
#1160=VECTOR('',#6171,10.);
#1161=VECTOR('',#6176,10.);
#1162=VECTOR('',#6177,10.);
#1163=VECTOR('',#6180,10.);
#1164=VECTOR('',#6183,10.);
#1165=VECTOR('',#6184,10.);
#1166=VECTOR('',#6189,10.);
#1167=VECTOR('',#6190,10.);
#1168=VECTOR('',#6191,10.);
#1169=VECTOR('',#6196,10.);
#1170=VECTOR('',#6199,10.);
#1171=VECTOR('',#6200,10.);
#1172=VECTOR('',#6209,14.2);
#1173=B_SPLINE_CURVE_WITH_KNOTS('',3,(#6225,#6226,#6227,#6228),
 .UNSPECIFIED.,.F.,.F.,(4,4),(-0.712659951177942,-0.0599599511779438),
 .UNSPECIFIED.);
#1174=B_SPLINE_CURVE_WITH_KNOTS('',3,(#6236,#6237,#6238,#6239,#6240,#6241,
#6242,#6243,#6244,#6245),.UNSPECIFIED.,.F.,.F.,(4,3,3,4),(-0.0881393738009321,
-0.0691019677784411,-0.0225141212822104,0.),.UNSPECIFIED.);
#1175=B_SPLINE_CURVE_WITH_KNOTS('',3,(#6251,#6252,#6253,#6254,#6255,#6256,
#6257,#6258,#6259,#6260),.UNSPECIFIED.,.F.,.F.,(4,3,3,4),(-0.136595029403229,
-0.0913385556646663,-0.0468837245626238,-0.0466657791600746),
 .UNSPECIFIED.);
#1176=B_SPLINE_CURVE_WITH_KNOTS('',3,(#6276,#6277,#6278,#6279,#6280,#6281,
#6282,#6283,#6284,#6285,#6286,#6287,#6288,#6289,#6290,#6291,#6292,#6293,
#6294,#6295,#6296,#6297,#6298,#6299,#6300,#6301,#6302,#6303,#6304,#6305,
#6306,#6307,#6308,#6309,#6310,#6311,#6312,#6313,#6314,#6315,#6316,#6317,
#6318,#6319,#6320,#6321,#6322,#6323,#6324,#6325,#6326,#6327,#6328,#6329,
#6330,#6331,#6332,#6333,#6334,#6335,#6336,#6337,#6338,#6339,#6340,#6341,
#6342,#6343,#6344,#6345,#6346,#6347,#6348,#6349,#6350,#6351,#6352,#6353,
#6354,#6355,#6356,#6357),.UNSPECIFIED.,.F.,.F.,(4,3,3,3,3,3,3,3,3,3,3,3,
3,3,3,3,3,3,3,3,3,3,3,3,3,3,3,4),(-0.05846246033926,-0.0579395660206652,
-0.0574266907533918,-0.0569156644962132,-0.0566809401421623,-0.0564922683335874,
-0.056204358551299,-0.0559575186200153,-0.0555899350697636,-0.054766180203737,
-0.0522958808833282,-0.0485742015863716,-0.0426598285028595,-0.0370260319533063,
-0.0314160729970514,-0.0258120873889895,-0.0202092333351143,-0.0146044284601477,
-0.00899142715195265,-0.00334521443770505,-0.00238622674566727,-0.00216298617183153,
-0.00186488776114169,-0.00161693480233259,-0.00127578411861464,-0.000822961898385806,
-0.000318171985683416,0.),.UNSPECIFIED.);
#1177=B_SPLINE_CURVE_WITH_KNOTS('',3,(#6373,#6374,#6375,#6376,#6377,#6378,
#6379,#6380,#6381,#6382),.UNSPECIFIED.,.F.,.F.,(4,3,3,4),(-0.133493306882394,
-0.111462216711023,-0.0658738930903517,-0.047244926698385),
 .UNSPECIFIED.);
#1178=B_SPLINE_CURVE_WITH_KNOTS('',3,(#6398,#6399,#6400,#6401,#6402,#6403,
#6404,#6405,#6406,#6407,#6408,#6409,#6410,#6411,#6412,#6413,#6414,#6415,
#6416,#6417,#6418,#6419,#6420,#6421,#6422,#6423,#6424,#6425,#6426,#6427,
#6428,#6429,#6430,#6431,#6432,#6433,#6434,#6435,#6436,#6437,#6438,#6439,
#6440,#6441,#6442,#6443,#6444,#6445,#6446,#6447,#6448,#6449,#6450,#6451,
#6452,#6453,#6454,#6455,#6456,#6457,#6458,#6459,#6460,#6461,#6462,#6463,
#6464,#6465,#6466,#6467,#6468,#6469,#6470,#6471,#6472,#6473,#6474,#6475,
#6476,#6477,#6478,#6479),.UNSPECIFIED.,.F.,.F.,(4,3,3,3,3,3,3,3,3,3,3,3,
3,3,3,3,3,3,3,3,3,3,3,3,3,3,3,4),(-0.0228034645984631,-0.0226793606252527,
-0.0224824657488282,-0.0223058410325836,-0.022172774146692,-0.0220760593234452,
-0.0219597851106328,-0.0218727094300531,-0.0214986532962735,-0.0192963304552987,
-0.0171069618266131,-0.0149207902422166,-0.0127353795816581,-0.0105495275548675,
-0.00836134560502439,-0.00616386572772943,-0.0038569461001714,-0.00240529350802088,
-0.00144174557018769,-0.00112043742105674,-0.000977060313311029,-0.000880779629914348,
-0.000768479523318324,-0.000694887497211337,-0.00060333253241964,-0.000404005150423869,
-0.000203956556286223,0.),.UNSPECIFIED.);
#1179=B_SPLINE_CURVE_WITH_KNOTS('',3,(#6495,#6496,#6497,#6498,#6499,#6500,
#6501,#6502,#6503,#6504),.UNSPECIFIED.,.F.,.F.,(4,3,3,4),(-0.0930027369183259,
-0.0927773428571209,-0.0468031915042044,0.),.UNSPECIFIED.);
#1180=B_SPLINE_CURVE_WITH_KNOTS('',3,(#6509,#6510,#6511,#6512),
 .UNSPECIFIED.,.F.,.F.,(4,4),(-0.710746998967861,-0.0580469989678615),
 .UNSPECIFIED.);
#1181=B_SPLINE_CURVE_WITH_KNOTS('',3,(#6585,#6586,#6587,#6588,#6589,#6590,
#6591,#6592,#6593,#6594,#6595,#6596,#6597,#6598,#6599,#6600,#6601,#6602,
#6603,#6604,#6605,#6606,#6607,#6608,#6609,#6610,#6611,#6612,#6613,#6614,
#6615,#6616,#6617,#6618),.UNSPECIFIED.,.F.,.F.,(4,2,2,2,2,2,2,2,2,2,2,2,
2,2,2,2,4),(-0.427171953931408,-0.3894926731992,-0.353049281467905,-0.315654975842621,
-0.280985073088826,-0.250831004773013,-0.22859852220205,-0.219067219729421,
-0.215977223691922,-0.213999426815251,-0.212149257259392,-0.209734851115159,
-0.204451520985177,-0.166065830789574,-0.129211180239068,-0.089113866422855,
-0.0537394704127421),.UNSPECIFIED.);
#1182=B_SPLINE_CURVE_WITH_KNOTS('',3,(#6620,#6621,#6622,#6623,#6624,#6625,
#6626,#6627),.UNSPECIFIED.,.F.,.F.,(4,2,2,4),(-0.0537394704127421,-0.0491660315272838,
-0.0108458288330443,0.),.UNSPECIFIED.);
#1183=B_SPLINE_CURVE_WITH_KNOTS('',3,(#6631,#6632,#6633,#6634,#6635,#6636,
#6637,#6638,#6639,#6640,#6641,#6642,#6643,#6644,#6645,#6646,#6647,#6648,
#6649,#6650,#6651,#6652,#6653,#6654,#6655,#6656,#6657,#6658,#6659,#6660,
#6661,#6662,#6663,#6664),.UNSPECIFIED.,.F.,.F.,(4,2,2,2,2,2,2,2,2,2,2,2,
2,2,2,2,4),(0.,0.00661979461896509,0.0131145473420514,0.0196000084735489,
0.022673429327359,0.0252578127429889,0.0270775998030371,0.0298469226647988,
0.032642138886152,0.0373582020947808,0.0497677616607984,0.0871551171881414,
0.146472620874152,0.197084153682018,0.247428796763818,0.29768849482799,
0.321977081292607),.UNSPECIFIED.);
#1184=B_SPLINE_CURVE_WITH_KNOTS('',3,(#6668,#6669,#6670,#6671,#6672,#6673,
#6674,#6675,#6676,#6677,#6678,#6679,#6680,#6681,#6682,#6683,#6684,#6685,
#6686,#6687,#6688,#6689,#6690,#6691,#6692,#6693,#6694,#6695,#6696,#6697,
#6698,#6699,#6700,#6701,#6702,#6703,#6704,#6705,#6706,#6707,#6708,#6709,
#6710,#6711,#6712,#6713),.UNSPECIFIED.,.F.,.F.,(4,3,3,3,3,3,3,3,3,3,3,3,
3,3,3,4),(-0.354676259904936,-0.347075080315142,-0.339617480090197,-0.332170548935881,
-0.328641493246162,-0.325673974825755,-0.32358440421899,-0.320404529067868,
-0.317194921864959,-0.311779701987456,-0.297530424431123,-0.254600391082859,
-0.186489063724768,-0.128374367977982,-0.070566128376028,-0.0646181156241205),
 .UNSPECIFIED.);
#1185=B_SPLINE_CURVE_WITH_KNOTS('',3,(#6715,#6716,#6717,#6718,#6719,#6720,
#6721,#6722,#6723,#6724,#6725,#6726,#6727,#6728,#6729,#6730,#6731,#6732,
#6733,#6734,#6735,#6736,#6737,#6738,#6739,#6740,#6741,#6742,#6743,#6744,
#6745,#6746),.UNSPECIFIED.,.F.,.F.,(4,2,2,2,2,2,2,2,2,2,2,2,2,2,2,4),(-0.355800861520891,
-0.353049281455256,-0.315654975833251,-0.280985073082486,-0.250831004769303,
-0.228598522200332,-0.219067219728563,-0.215977223691362,-0.213999426814882,
-0.212149257259165,-0.209734851115062,-0.204451520985009,-0.16606583078944,
-0.12921118023896,-0.0891138664227772,-0.0537394704126985),
 .UNSPECIFIED.);
#1186=B_SPLINE_CURVE_WITH_KNOTS('',3,(#6748,#6749,#6750,#6751,#6752,#6753,
#6754,#6755),.UNSPECIFIED.,.F.,.F.,(4,2,2,4),(-0.0537394704126985,-0.0491660315272431,
-0.0108458288330388,0.),.UNSPECIFIED.);
#1187=B_SPLINE_CURVE_WITH_KNOTS('',3,(#6903,#6904,#6905,#6906,#6907,#6908,
#6909,#6910,#6911,#6912,#6913,#6914,#6915,#6916,#6917,#6918,#6919,#6920,
#6921,#6922,#6923,#6924,#6925,#6926,#6927,#6928,#6929,#6930,#6931,#6932,
#6933,#6934,#6935,#6936,#6937,#6938,#6939,#6940,#6941,#6942,#6943,#6944,
#6945,#6946,#6947,#6948,#6949,#6950,#6951,#6952,#6953,#6954,#6955,#6956,
#6957,#6958),.UNSPECIFIED.,.F.,.F.,(4,2,2,2,2,2,2,2,2,2,2,2,2,2,2,2,2,2,
2,2,2,2,2,2,2,2,2,4),(0.,0.00831365531158199,0.0164680146884533,0.0245929760932111,
0.0283249297661003,0.0313246800554503,0.0359022449775754,0.0398268278863016,
0.0456711502021609,0.0587682785775213,0.0980443164612415,0.157216424007358,
0.251250834885161,0.340824274379451,0.430018712750395,0.519118179047313,
0.608199654421132,0.697312146490967,0.786554956137841,0.876325803999158,
0.891573040077523,0.895122409646918,0.899861966661164,0.903804245931983,
0.909228304088444,0.916427861862421,0.924453669735508,0.929512382604834),
 .UNSPECIFIED.);
#1188=B_SPLINE_CURVE_WITH_KNOTS('',3,(#7006,#7007,#7008,#7009,#7010,#7011,
#7012),.UNSPECIFIED.,.F.,.F.,(4,3,4),(-0.390996227839382,-0.389492673183442,
-0.355800861520891),.UNSPECIFIED.);
#1189=B_SPLINE_CURVE_WITH_KNOTS('',3,(#7016,#7017,#7018,#7019),
 .UNSPECIFIED.,.F.,.F.,(4,4),(0.252608864191966,0.287420523668391),
 .UNSPECIFIED.);
#1190=B_SPLINE_CURVE_WITH_KNOTS('',3,(#7035,#7036,#7037,#7038,#7039,#7040,
#7041,#7042,#7043,#7044,#7045,#7046,#7047,#7048,#7049,#7050),
 .UNSPECIFIED.,.F.,.F.,(4,3,3,3,3,4),(-0.0713587398919362,-0.0539119605752567,
-0.0529839817852482,-0.0505440747655059,-0.0491645650939871,-0.0361541126987849),
 .UNSPECIFIED.);
#1191=B_SPLINE_CURVE_WITH_KNOTS('',3,(#7054,#7055,#7056,#7057,#7058,#7059),
 .UNSPECIFIED.,.F.,.F.,(4,2,4),(0.0344655983201676,0.0511554288129826,0.069344755561275),
 .UNSPECIFIED.);
#1192=B_SPLINE_CURVE_WITH_KNOTS('',3,(#7075,#7076,#7077,#7078,#7079,#7080),
 .UNSPECIFIED.,.F.,.F.,(4,2,4),(-0.00274884253810744,-0.00137641011474758,
-4.42151812558855E-10),.UNSPECIFIED.);
#1193=B_SPLINE_CURVE_WITH_KNOTS('',3,(#7084,#7085,#7086,#7087,#7088,#7089),
 .UNSPECIFIED.,.F.,.F.,(4,2,4),(-0.00274884253810744,-0.00137641011474758,
-4.42151812558855E-10),.UNSPECIFIED.);
#1194=B_SPLINE_CURVE_WITH_KNOTS('',3,(#7120,#7121,#7122,#7123,#7124,#7125,
#7126,#7127,#7128,#7129,#7130,#7131,#7132,#7133),.UNSPECIFIED.,.F.,.F.,
(4,2,2,2,2,2,4),(-0.097190618570229,-0.052880707154696,-0.0362775627061908,
-0.0236016958661673,-0.0135816326122392,-0.0066125621898184,0.),
 .UNSPECIFIED.);
#1195=B_SPLINE_CURVE_WITH_KNOTS('',3,(#7135,#7136,#7137,#7138,#7139,#7140,
#7141,#7142,#7143,#7144,#7145,#7146,#7147,#7148),.UNSPECIFIED.,.F.,.F.,
(4,2,2,2,2,2,4),(-0.097190618570229,-0.052880707154696,-0.0362775627061908,
-0.0236016958661673,-0.0135816326122392,-0.0066125621898184,0.),
 .UNSPECIFIED.);
#1196=B_SPLINE_CURVE_WITH_KNOTS('',3,(#7159,#7160,#7161,#7162),
 .UNSPECIFIED.,.F.,.F.,(4,4),(-0.114673748291854,-0.106054814197738),
 .UNSPECIFIED.);
#1197=B_SPLINE_CURVE_WITH_KNOTS('',3,(#7165,#7166,#7167,#7168),
 .UNSPECIFIED.,.F.,.F.,(4,4),(-0.114673748291854,-0.106054814197738),
 .UNSPECIFIED.);
#1198=B_SPLINE_CURVE_WITH_KNOTS('',3,(#7231,#7232,#7233,#7234,#7235,#7236,
#7237,#7238,#7239,#7240,#7241,#7242,#7243,#7244,#7245,#7246,#7247,#7248,
#7249,#7250,#7251,#7252,#7253,#7254,#7255,#7256,#7257,#7258,#7259,#7260),
 .UNSPECIFIED.,.F.,.F.,(4,2,2,2,2,2,2,2,2,2,2,2,2,2,4),(-0.0584624603275134,
-0.0581616241267382,-0.0578625583307476,-0.0573410590779562,-0.0566809241119147,
-0.0561698062028725,-0.0555285580355321,-0.0534336833474209,-0.0466220058295187,
-0.0427514467732253,-0.0418959647139199,-0.0337764645873844,-0.018911558009251,
-0.00892252364694524,0.),.UNSPECIFIED.);
#1199=B_SPLINE_CURVE_WITH_KNOTS('',3,(#7264,#7265,#7266,#7267,#7268,#7269,
#7270,#7271,#7272,#7273,#7274,#7275,#7276,#7277,#7278,#7279,#7280,#7281,
#7282,#7283,#7284,#7285,#7286,#7287,#7288,#7289,#7290,#7291,#7292,#7293),
 .UNSPECIFIED.,.F.,.F.,(4,2,2,2,2,2,2,2,2,2,2,2,2,2,4),(-0.0584624603275134,
-0.0581616241267382,-0.0578625583307476,-0.0573410590779562,-0.0566809241119147,
-0.0561698062028725,-0.0555285580355321,-0.0534336833474209,-0.0466220058295187,
-0.0427514467732253,-0.0418959647139199,-0.0337764645873844,-0.018911558009251,
-0.00892252364694524,0.),.UNSPECIFIED.);
#1200=B_SPLINE_CURVE_WITH_KNOTS('',3,(#7304,#7305,#7306,#7307),
 .UNSPECIFIED.,.F.,.F.,(4,4),(-0.0324404285033153,0.),.UNSPECIFIED.);
#1201=B_SPLINE_CURVE_WITH_KNOTS('',3,(#7309,#7310,#7311,#7312),
 .UNSPECIFIED.,.F.,.F.,(4,4),(-0.0324404285033153,0.),.UNSPECIFIED.);
#1202=B_SPLINE_CURVE_WITH_KNOTS('',3,(#7348,#7349,#7350,#7351,#7352,#7353,
#7354,#7355,#7356,#7357,#7358,#7359,#7360,#7361,#7362,#7363),
 .UNSPECIFIED.,.F.,.F.,(4,2,2,2,2,2,2,4),(-0.354676259904936,-0.298412300173192,
-0.260652386871507,-0.232402738609717,-0.206641943612077,-0.18654585395114,
-0.144249904851462,-0.0646181156241204),.UNSPECIFIED.);
#1203=B_SPLINE_CURVE_WITH_KNOTS('',3,(#7378,#7379,#7380,#7381,#7382,#7383),
 .UNSPECIFIED.,.F.,.F.,(4,2,4),(-0.00274844511828951,-0.00137307474213568,
0.),.UNSPECIFIED.);
#1204=B_SPLINE_CURVE_WITH_KNOTS('',3,(#7387,#7388,#7389,#7390,#7391,#7392),
 .UNSPECIFIED.,.F.,.F.,(4,2,4),(-0.00274844511828951,-0.00137307474213568,
0.),.UNSPECIFIED.);
#1205=B_SPLINE_CURVE_WITH_KNOTS('',3,(#7424,#7425,#7426,#7427,#7428,#7429,
#7430,#7431,#7432,#7433,#7434,#7435,#7436,#7437),.UNSPECIFIED.,.F.,.F.,
(4,2,2,2,2,2,4),(-0.0332260273181272,-0.029308049586167,-0.0259673649093866,
-0.0223605412691453,-0.0176930503320265,-0.00994617223748548,0.),
 .UNSPECIFIED.);
#1206=B_SPLINE_CURVE_WITH_KNOTS('',3,(#7441,#7442,#7443,#7444,#7445,#7446,
#7447,#7448,#7449,#7450,#7451,#7452,#7453,#7454),.UNSPECIFIED.,.F.,.F.,
(4,2,2,2,2,2,4),(-0.0332260273181272,-0.029308049586167,-0.0259673649093866,
-0.0223605412691453,-0.0176930503320265,-0.00994617223748548,0.),
 .UNSPECIFIED.);
#1207=B_SPLINE_CURVE_WITH_KNOTS('',3,(#7470,#7471,#7472,#7473,#7474,#7475),
 .UNSPECIFIED.,.F.,.F.,(4,2,4),(-0.25447303661099,-0.115374506723212,0.),
 .UNSPECIFIED.);
#1208=B_SPLINE_CURVE_WITH_KNOTS('',3,(#7479,#7480,#7481,#7482,#7483,#7484),
 .UNSPECIFIED.,.F.,.F.,(4,2,4),(-0.25447303661099,-0.115374506723212,0.),
 .UNSPECIFIED.);
#1209=B_SPLINE_CURVE_WITH_KNOTS('',3,(#7500,#7501,#7502,#7503,#7504,#7505),
 .UNSPECIFIED.,.F.,.F.,(4,2,4),(-1.30623357136222,-0.653116800015914,0.),
 .UNSPECIFIED.);
#1210=B_SPLINE_CURVE_WITH_KNOTS('',3,(#7509,#7510,#7511,#7512,#7513,#7514),
 .UNSPECIFIED.,.F.,.F.,(4,2,4),(-1.30623357136222,-0.653116800015914,0.),
 .UNSPECIFIED.);
#1211=B_SPLINE_CURVE_WITH_KNOTS('',3,(#7530,#7531,#7532,#7533,#7534,#7535),
 .UNSPECIFIED.,.F.,.F.,(4,2,4),(-0.254890459726076,-0.139326699190443,0.),
 .UNSPECIFIED.);
#1212=B_SPLINE_CURVE_WITH_KNOTS('',3,(#7539,#7540,#7541,#7542,#7543,#7544),
 .UNSPECIFIED.,.F.,.F.,(4,2,4),(-0.254890459726076,-0.139326699190443,0.),
 .UNSPECIFIED.);
#1213=B_SPLINE_CURVE_WITH_KNOTS('',3,(#7576,#7577,#7578,#7579,#7580,#7581,
#7582,#7583,#7584,#7585,#7586,#7587,#7588,#7589),.UNSPECIFIED.,.F.,.F.,
(4,2,2,2,2,2,4),(-0.0732298944812717,-0.0682621330360489,-0.0632542600375516,
-0.0532881156911457,-0.0397054229739617,-0.0241263238626357,0.),
 .UNSPECIFIED.);
#1214=B_SPLINE_CURVE_WITH_KNOTS('',3,(#7593,#7594,#7595,#7596,#7597,#7598,
#7599,#7600,#7601,#7602,#7603,#7604,#7605,#7606),.UNSPECIFIED.,.F.,.F.,
(4,2,2,2,2,2,4),(-0.0732298944812717,-0.0682621330360489,-0.0632542600375516,
-0.0532881156911457,-0.0397054229739617,-0.0241263238626357,0.),
 .UNSPECIFIED.);
#1215=B_SPLINE_CURVE_WITH_KNOTS('',3,(#8231,#8232,#8233,#8234),
 .UNSPECIFIED.,.F.,.F.,(4,4),(0.166063593540585,0.16881157719868),
 .UNSPECIFIED.);
#1216=B_SPLINE_CURVE_WITH_KNOTS('',3,(#8324,#8325,#8326,#8327),
 .UNSPECIFIED.,.F.,.F.,(4,4),(-0.427171953912433,-0.390996227839382),
 .UNSPECIFIED.);
#1217=B_SPLINE_CURVE_WITH_KNOTS('',3,(#8551,#8552,#8553,#8554,#8555,#8556),
 .UNSPECIFIED.,.F.,.F.,(4,2,4),(-0.427172580831264,-0.389528662919638,-0.373406424471104),
 .UNSPECIFIED.);
#1218=B_SPLINE_CURVE_WITH_KNOTS('',3,(#8557,#8558,#8559,#8560,#8561,#8562,
#8563,#8564,#8565,#8566,#8567,#8568,#8569,#8570,#8571,#8572,#8573,#8574,
#8575,#8576,#8577,#8578,#8579,#8580,#8581,#8582,#8583,#8584,#8585,#8586,
#8587,#8588),.UNSPECIFIED.,.F.,.F.,(4,2,2,2,2,2,2,2,2,2,2,2,2,2,2,4),(-0.373406424471104,
-0.353309650117309,-0.315786244539403,-0.281097214641601,-0.250845954644154,
-0.228603841250415,-0.219061181323323,-0.215973563239705,-0.213999269500798,
-0.212153924858936,-0.209748223128568,-0.204494744844334,-0.16640021710756,
-0.12941618616207,-0.0893278756831765,-0.0713587398919362),
 .UNSPECIFIED.);
#1219=B_SPLINE_CURVE_WITH_KNOTS('',3,(#8592,#8593,#8594,#8595,#8596,#8597,
#8598,#8599,#8600,#8601,#8602,#8603,#8604,#8605,#8606,#8607,#8608,#8609,
#8610,#8611,#8612,#8613,#8614,#8615,#8616,#8617,#8618,#8619,#8620,#8621,
#8622,#8623),.UNSPECIFIED.,.F.,.F.,(4,2,2,2,2,2,2,2,2,2,2,2,2,2,2,4),(3.31345932405614E-5,
0.0511554288129826,0.101372177210485,0.151620626164412,0.201913102169851,
0.252380967649891,0.278065592343064,0.290256890433725,0.293477358750653,
0.295304744705375,0.29794859244456,0.300925199020972,0.305342999588126,
0.311233889499238,0.317666728711479,0.322015101800501),.UNSPECIFIED.);
#1220=B_SPLINE_CURVE_WITH_KNOTS('',3,(#8627,#8628,#8629,#8630,#8631,#8632),
 .UNSPECIFIED.,.F.,.F.,(4,2,4),(-0.427172580840653,-0.38952866292736,-0.373406424477931),
 .UNSPECIFIED.);
#1221=B_SPLINE_CURVE_WITH_KNOTS('',3,(#8633,#8634,#8635,#8636,#8637,#8638,
#8639,#8640,#8641,#8642,#8643,#8644,#8645,#8646,#8647,#8648,#8649,#8650,
#8651,#8652,#8653,#8654,#8655,#8656,#8657,#8658,#8659,#8660,#8661,#8662,
#8663,#8664,#8665,#8666,#8667,#8668),.UNSPECIFIED.,.F.,.F.,(4,2,2,2,2,2,
2,2,2,2,2,2,2,2,2,2,2,4),(-0.373406424477931,-0.353309650123434,-0.315786244543721,
-0.281097214644246,-0.250845954645318,-0.228603841250401,-0.219061181322797,
-0.215973563239015,-0.213999269500105,-0.212153924858264,-0.209748223127899,
-0.204494744843679,-0.166400217107019,-0.129416186161655,-0.0893278756829009,
-0.0491645650938386,-0.0108616907962628,0.),.UNSPECIFIED.);
#1222=B_SPLINE_CURVE_WITH_KNOTS('',3,(#8733,#8734,#8735,#8736,#8737,#8738,
#8739,#8740,#8741,#8742),.UNSPECIFIED.,.F.,.F.,(4,3,3,4),(-0.0361541126987849,
-0.0211184150281508,-0.0108616907962867,0.),.UNSPECIFIED.);
#1223=B_SPLINE_CURVE_WITH_KNOTS('',3,(#8836,#8837,#8838,#8839),
 .UNSPECIFIED.,.F.,.F.,(4,4),(0.155153058992773,0.155632781441057),
 .UNSPECIFIED.);
#1224=B_SPLINE_CURVE_WITH_KNOTS('',3,(#8841,#8842,#8843,#8844,#8845,#8846,
#8847,#8848,#8849,#8850,#8851,#8852,#8853,#8854,#8855,#8856,#8857,#8858,
#8859,#8860,#8861,#8862,#8863,#8864),.UNSPECIFIED.,.F.,.F.,(4,2,2,2,2,2,
2,2,2,2,2,4),(-0.15873250329658,-0.134660609635517,-0.107422640819696,-0.092230708585565,
-0.0850225049303022,-0.0812620593775147,-0.0782450278450201,-0.0747849043472932,
-0.0689360310267067,-0.0498082707928461,-0.0153946433254883,0.),
 .UNSPECIFIED.);
#1225=B_SPLINE_CURVE_WITH_KNOTS('',3,(#8866,#8867,#8868,#8869),
 .UNSPECIFIED.,.F.,.F.,(4,4),(0.0434490663762171,0.0439287509247597),
 .UNSPECIFIED.);
#1226=B_SPLINE_CURVE_WITH_KNOTS('',3,(#8880,#8881,#8882,#8883),
 .UNSPECIFIED.,.F.,.F.,(4,4),(0.0554790588610134,0.0559586126524866),
 .UNSPECIFIED.);
#1227=B_SPLINE_CURVE_WITH_KNOTS('',3,(#8885,#8886,#8887,#8888,#8889,#8890,
#8891,#8892,#8893,#8894,#8895,#8896,#8897,#8898,#8899,#8900,#8901,#8902,
#8903,#8904,#8905,#8906,#8907,#8908),.UNSPECIFIED.,.F.,.F.,(4,2,2,2,2,2,
2,2,2,2,2,4),(-0.158787875648861,-0.134635706661313,-0.107403225544557,
-0.0922357104242259,-0.085037572741981,-0.0812796663604033,-0.0782633151002804,
-0.0748024627615175,-0.0689487294331615,-0.0497777620347454,-0.0153886989064062,
0.),.UNSPECIFIED.);
#1228=B_SPLINE_CURVE_WITH_KNOTS('',3,(#8910,#8911,#8912,#8913),
 .UNSPECIFIED.,.F.,.F.,(4,4),(0.142674534951333,0.143154126634994),
 .UNSPECIFIED.);
#1229=B_SPLINE_CURVE_WITH_KNOTS('',3,(#8926,#8927,#8928,#8929),
 .UNSPECIFIED.,.F.,.F.,(4,4),(0.0448403239296069,0.0453026529267914),
 .UNSPECIFIED.);
#1230=B_SPLINE_CURVE_WITH_KNOTS('',3,(#8960,#8961,#8962,#8963,#8964,#8965,
#8966,#8967,#8968,#8969,#8970,#8971,#8972,#8973,#8974,#8975,#8976,#8977,
#8978,#8979,#8980,#8981,#8982,#8983,#8984,#8985,#8986,#8987,#8988,#8989,
#8990),.UNSPECIFIED.,.F.,.F.,(4,3,3,3,3,3,3,3,3,3,4),(-0.321551937265145,
-0.275626950806525,-0.256697543029797,-0.212771923013748,-0.188606145026229,
-0.150412372242598,-0.1228377487447,-0.0889047982898337,-0.0597729414648063,
-0.027471223605295,0.),.UNSPECIFIED.);
#1231=B_SPLINE_CURVE_WITH_KNOTS('',3,(#8992,#8993,#8994,#8995,#8996,#8997,
#8998,#8999,#9000,#9001,#9002,#9003),.UNSPECIFIED.,.F.,.F.,(4,2,2,2,2,4),
(-5.62164894587447,-5.55942791161903,-5.49227148194176,-5.42511505226449,
-5.35795862258723,-5.29080219290996),.UNSPECIFIED.);
#1232=B_SPLINE_CURVE_WITH_KNOTS('',3,(#9008,#9009,#9010,#9011,#9012,#9013,
#9014,#9015,#9016,#9017),.UNSPECIFIED.,.F.,.F.,(4,2,2,2,4),(0.0326993961359341,
0.0415149899040425,0.0503305836721509,0.0579346006725316,0.0637872253189154),
 .UNSPECIFIED.);
#1233=B_SPLINE_CURVE_WITH_KNOTS('',3,(#9032,#9033,#9034,#9035),
 .UNSPECIFIED.,.F.,.F.,(4,4),(17.0228700213548,17.1173498865744),
 .UNSPECIFIED.);
#1234=B_SPLINE_CURVE_WITH_KNOTS('',3,(#9053,#9054,#9055,#9056,#9057,#9058,
#9059,#9060,#9061,#9062,#9063,#9064),.UNSPECIFIED.,.F.,.F.,(4,2,2,2,2,4),
(-0.992383113723859,-0.925226684255371,-0.858070254786884,-0.790913825318396,
-0.723757395849909,-0.661536361252737),.UNSPECIFIED.);
#1235=B_SPLINE_CURVE_WITH_KNOTS('',3,(#9074,#9075,#9076,#9077,#9078,#9079,
#9080,#9081,#9082,#9083,#9084,#9085),.UNSPECIFIED.,.F.,.F.,(4,2,2,2,2,4),
(-6.89558066522139,-6.65062254687087,-6.40566442852035,-6.16070631016983,
-5.91574819181931,-5.67079007346879),.UNSPECIFIED.);
#1236=B_SPLINE_CURVE_WITH_KNOTS('',3,(#9092,#9093,#9094,#9095,#9096,#9097,
#9098,#9099,#9100,#9101,#9102,#9103,#9104,#9105,#9106,#9107,#9108,#9109,
#9110,#9111,#9112,#9113,#9114,#9115,#9116,#9117,#9118,#9119),
 .UNSPECIFIED.,.F.,.F.,(4,2,2,2,2,2,2,2,2,2,2,2,2,4),(0.0107549686482957,
0.0498741293673722,0.0744496226422085,0.0949669663070502,0.100131193630526,
0.103006956239545,0.105276238143718,0.108334529155559,0.111469624687864,
0.116211873556993,0.123081602531557,0.131025162729688,0.139125042171194,
0.140004610280862),.UNSPECIFIED.);
#1237=B_SPLINE_CURVE_WITH_KNOTS('',3,(#9135,#9136,#9137,#9138),
 .UNSPECIFIED.,.F.,.F.,(4,4),(0.,0.00274507048421991),.UNSPECIFIED.);
#1238=B_SPLINE_CURVE_WITH_KNOTS('',3,(#9145,#9146,#9147,#9148,#9149,#9150,
#9151,#9152,#9153,#9154,#9155,#9156,#9157,#9158,#9159,#9160,#9161,#9162,
#9163,#9164,#9165,#9166,#9167,#9168,#9169,#9170),.UNSPECIFIED.,.F.,.F.,
(4,2,2,2,2,2,2,2,2,2,2,2,4),(0.,0.00825736754751559,0.0163613806254109,
0.0244608328618533,0.0283599445552378,0.0317804512028072,0.0341458391873742,
0.037397282345141,0.0404229626873744,0.045439871999357,0.0585007114266983,
0.0978859297291607,0.129250254987747),.UNSPECIFIED.);
#1239=B_SPLINE_CURVE_WITH_KNOTS('',3,(#9252,#9253,#9254,#9255,#9256,#9257,
#9258,#9259,#9260,#9261,#9262,#9263,#9264,#9265,#9266,#9267,#9268,#9269),
 .UNSPECIFIED.,.F.,.F.,(4,2,2,2,2,2,2,2,4),(-0.0677312511156596,-0.0673033957688002,
-0.0668593518749356,-0.0658726136218111,-0.0637582713280049,-0.0587872803985298,
-0.0562288594620634,-0.0554970739334356,0.),.UNSPECIFIED.);
#1240=B_SPLINE_CURVE_WITH_KNOTS('',3,(#9278,#9279,#9280,#9281),
 .UNSPECIFIED.,.F.,.F.,(4,4),(0.147124902912008,0.158975607761668),
 .UNSPECIFIED.);
#1241=B_SPLINE_CURVE_WITH_KNOTS('',3,(#9353,#9354,#9355,#9356,#9357,#9358,
#9359,#9360),.UNSPECIFIED.,.F.,.F.,(4,2,2,4),(-1.42627062789103,-0.974486756760236,
-0.56320725678567,0.),.UNSPECIFIED.);
#1242=B_SPLINE_CURVE_WITH_KNOTS('',3,(#9370,#9371,#9372,#9373,#9374,#9375,
#9376,#9377,#9378,#9379),.UNSPECIFIED.,.F.,.F.,(4,2,2,2,4),(0.00175330690350494,
0.00789647162277304,0.0157929432455461,0.0243170904848891,0.0328412377242322),
 .UNSPECIFIED.);
#1243=B_SPLINE_CURVE_WITH_KNOTS('',3,(#9400,#9401,#9402,#9403),
 .UNSPECIFIED.,.F.,.F.,(4,4),(0.953717147569521,1.03495314320358),
 .UNSPECIFIED.);
#1244=B_SPLINE_CURVE_WITH_KNOTS('',3,(#9407,#9408,#9409,#9410),
 .UNSPECIFIED.,.F.,.F.,(4,4),(0.0523764156914849,0.0642271205411427),
 .UNSPECIFIED.);
#1245=B_SPLINE_CURVE_WITH_KNOTS('',3,(#9437,#9438,#9439,#9440,#9441,#9442,
#9443,#9444,#9445,#9446,#9447,#9448,#9449,#9450,#9451,#9452,#9453,#9454,
#9455,#9456,#9457,#9458,#9459,#9460,#9461,#9462,#9463,#9464,#9465,#9466,
#9467),.UNSPECIFIED.,.F.,.F.,(4,3,3,3,3,3,3,3,3,3,4),(-0.321482282102562,
-0.289109333315883,-0.261728898244363,-0.227725993148306,-0.198679214325065,
-0.166313773342374,-0.132917775595866,-0.0889088180025098,-0.064841665686377,
-0.0188367757557347,0.),.UNSPECIFIED.);
#1246=B_SPLINE_CURVE_WITH_KNOTS('',3,(#9471,#9472,#9473,#9474),
 .UNSPECIFIED.,.F.,.F.,(4,4),(0.0458774876441636,0.0463396729167961),
 .UNSPECIFIED.);
#1247=B_SPLINE_CURVE_WITH_KNOTS('',3,(#9532,#9533,#9534,#9535,#9536,#9537,
#9538,#9539,#9540,#9541,#9542,#9543,#9544,#9545,#9546,#9547),
 .UNSPECIFIED.,.F.,.F.,(4,2,2,2,2,2,2,4),(-0.0456066849236724,-0.0399384249238354,
-0.0363408080781927,-0.0261826083944984,-0.0211431983598488,-0.0136693576049732,
-0.00606389155259634,0.),.UNSPECIFIED.);
#1248=B_SPLINE_CURVE_WITH_KNOTS('',3,(#9560,#9561,#9562,#9563),
 .UNSPECIFIED.,.F.,.F.,(4,4),(0.158292572916959,0.170140052102572),
 .UNSPECIFIED.);
#1249=B_SPLINE_CURVE_WITH_KNOTS('',3,(#9567,#9568,#9569,#9570),
 .UNSPECIFIED.,.F.,.F.,(4,4),(0.0411257604098928,0.0529732395955054),
 .UNSPECIFIED.);
#1250=B_SPLINE_CURVE_WITH_KNOTS('',3,(#9625,#9626,#9627,#9628,#9629,#9630,
#9631,#9632,#9633,#9634,#9635,#9636,#9637,#9638,#9639,#9640),
 .UNSPECIFIED.,.F.,.F.,(4,2,2,2,2,2,2,4),(-0.0506146197411263,-0.0447733921645164,
-0.0413428425410917,-0.0291827585715779,-0.0223306566839435,-0.0122353935534751,
-0.00508745527828099,0.),.UNSPECIFIED.);
#1251=B_SPLINE_CURVE_WITH_KNOTS('',3,(#9695,#9696,#9697,#9698,#9699,#9700,
#9701,#9702,#9703,#9704,#9705,#9706,#9707,#9708,#9709,#9710,#9711,#9712,
#9713,#9714),.UNSPECIFIED.,.F.,.F.,(4,2,2,2,2,2,2,2,2,4),(-0.088140175013007,
-0.0857861870617344,-0.0833451161579122,-0.0796325954984228,-0.0736809633852117,
-0.0590060961415367,-0.0526952499419977,-0.0486032745868168,-0.0346961689964236,
0.),.UNSPECIFIED.);
#1252=B_SPLINE_CURVE_WITH_KNOTS('',3,(#9724,#9725,#9726,#9727),
 .UNSPECIFIED.,.F.,.F.,(4,4),(0.137014252358157,0.137476581355341),
 .UNSPECIFIED.);
#1253=B_SPLINE_CURVE_WITH_KNOTS('',3,(#9754,#9755,#9756,#9757,#9758,#9759,
#9760,#9761,#9762,#9763,#9764,#9765,#9766,#9767,#9768,#9769,#9770,#9771,
#9772,#9773,#9774,#9775,#9776,#9777,#9778,#9779,#9780,#9781,#9782,#9783,
#9784),.UNSPECIFIED.,.F.,.F.,(4,3,3,3,3,3,3,3,3,3,4),(-0.32155557249553,
-0.28919607482077,-0.261783812346391,-0.227793784623142,-0.198717960376733,
-0.167915714103907,-0.132944063677095,-0.0889505607796654,-0.0648536303686483,
-0.0188628445328683,0.),.UNSPECIFIED.);
#1254=B_SPLINE_CURVE_WITH_KNOTS('',3,(#9793,#9794,#9795,#9796),
 .UNSPECIFIED.,.F.,.F.,(4,4),(32.0767395123139,32.158020466005),
 .UNSPECIFIED.);
#1255=B_SPLINE_CURVE_WITH_KNOTS('',3,(#9806,#9807,#9808,#9809),
 .UNSPECIFIED.,.F.,.F.,(4,4),(0.135942190077895,0.136404375350528),
 .UNSPECIFIED.);
#1256=B_SPLINE_CURVE_WITH_KNOTS('',3,(#9813,#9814,#9815,#9816,#9817,#9818,
#9819,#9820,#9821,#9822),.UNSPECIFIED.,.F.,.F.,(4,2,2,2,4),(0.0672918848524292,
0.0734351086051073,0.0813315993582008,0.0898565096421816,0.0983814199261623),
 .UNSPECIFIED.);
#1257=B_SPLINE_CURVE_WITH_KNOTS('',3,(#9849,#9850,#9851,#9852,#9853,#9854,
#9855,#9856,#9857,#9858,#9859,#9860,#9861,#9862,#9863,#9864,#9865,#9866,
#9867,#9868,#9869,#9870,#9871,#9872,#9873,#9874,#9875,#9876,#9877,#9878,
#9879),.UNSPECIFIED.,.F.,.F.,(4,3,3,3,3,3,3,3,3,3,4),(-0.321478436257765,
-0.275533512150159,-0.256636184246398,-0.21268910086036,-0.188559339076388,
-0.152218650759836,-0.122803178824636,-0.0888523055996563,-0.059754405348301,
-0.0274341563236908,0.),.UNSPECIFIED.);
#1258=B_SPLINE_CURVE_WITH_KNOTS('',3,(#9892,#9893,#9894,#9895),
 .UNSPECIFIED.,.F.,.F.,(4,4),(0.964134020825389,1.04537035611455),
 .UNSPECIFIED.);
#1259=B_SPLINE_CURVE_WITH_KNOTS('',3,(#9922,#9923,#9924,#9925,#9926,#9927),
 .UNSPECIFIED.,.F.,.F.,(4,2,4),(-1.42626266426932,-1.00387987576773,-0.713258078800766),
 .UNSPECIFIED.);
#1260=B_SPLINE_CURVE_WITH_KNOTS('',3,(#9929,#9930,#9931,#9932,#9933,#9934),
 .UNSPECIFIED.,.F.,.F.,(4,2,4),(-0.713258078800766,-0.563355331554649,0.),
 .UNSPECIFIED.);
#1261=B_SPLINE_CURVE_WITH_KNOTS('',3,(#9942,#9943,#9944,#9945,#9946,#9947,
#9948,#9949,#9950,#9951),.UNSPECIFIED.,.F.,.F.,(4,2,2,2,4),(-0.0328412377242322,
-0.0243170904848891,-0.015792943245546,-0.00789647162277302,-0.00175330690350485),
 .UNSPECIFIED.);
#1262=FACE_BOUND('',#1530,.T.);
#1263=FACE_BOUND('',#1567,.T.);
#1264=FACE_BOUND('',#1632,.T.);
#1265=FACE_BOUND('',#1633,.T.);
#1266=FACE_BOUND('',#1636,.T.);
#1267=FACE_BOUND('',#1637,.T.);
#1268=FACE_BOUND('',#1638,.T.);
#1269=FACE_BOUND('',#1640,.T.);
#1270=FACE_BOUND('',#1641,.T.);
#1271=FACE_BOUND('',#1644,.T.);
#1272=FACE_BOUND('',#1645,.T.);
#1273=FACE_BOUND('',#1648,.T.);
#1274=FACE_BOUND('',#1649,.T.);
#1275=FACE_BOUND('',#1650,.T.);
#1276=FACE_BOUND('',#1652,.T.);
#1277=FACE_BOUND('',#1653,.T.);
#1278=FACE_BOUND('',#1684,.T.);
#1279=FACE_BOUND('',#1687,.T.);
#1280=FACE_BOUND('',#1690,.T.);
#1281=FACE_BOUND('',#1693,.T.);
#1282=FACE_BOUND('',#1703,.T.);
#1283=FACE_BOUND('',#1705,.T.);
#1284=FACE_BOUND('',#1719,.T.);
#1285=FACE_BOUND('',#1720,.T.);
#1286=FACE_BOUND('',#1721,.T.);
#1287=FACE_BOUND('',#1722,.T.);
#1288=FACE_BOUND('',#1723,.T.);
#1289=FACE_BOUND('',#1743,.T.);
#1290=FACE_BOUND('',#1744,.T.);
#1291=FACE_BOUND('',#1745,.T.);
#1292=FACE_BOUND('',#1746,.T.);
#1293=FACE_BOUND('',#1747,.T.);
#1294=FACE_BOUND('',#1751,.T.);
#1295=FACE_BOUND('',#1752,.T.);
#1296=FACE_BOUND('',#1753,.T.);
#1297=FACE_BOUND('',#1754,.T.);
#1298=FACE_BOUND('',#1755,.T.);
#1299=FACE_BOUND('',#1758,.T.);
#1300=FACE_BOUND('',#1759,.T.);
#1301=FACE_BOUND('',#1760,.T.);
#1302=FACE_OUTER_BOUND('',#1529,.T.);
#1303=FACE_OUTER_BOUND('',#1531,.T.);
#1304=FACE_OUTER_BOUND('',#1532,.T.);
#1305=FACE_OUTER_BOUND('',#1533,.T.);
#1306=FACE_OUTER_BOUND('',#1534,.T.);
#1307=FACE_OUTER_BOUND('',#1535,.T.);
#1308=FACE_OUTER_BOUND('',#1536,.T.);
#1309=FACE_OUTER_BOUND('',#1537,.T.);
#1310=FACE_OUTER_BOUND('',#1538,.T.);
#1311=FACE_OUTER_BOUND('',#1539,.T.);
#1312=FACE_OUTER_BOUND('',#1540,.T.);
#1313=FACE_OUTER_BOUND('',#1541,.T.);
#1314=FACE_OUTER_BOUND('',#1542,.T.);
#1315=FACE_OUTER_BOUND('',#1543,.T.);
#1316=FACE_OUTER_BOUND('',#1544,.T.);
#1317=FACE_OUTER_BOUND('',#1545,.T.);
#1318=FACE_OUTER_BOUND('',#1546,.T.);
#1319=FACE_OUTER_BOUND('',#1547,.T.);
#1320=FACE_OUTER_BOUND('',#1548,.T.);
#1321=FACE_OUTER_BOUND('',#1549,.T.);
#1322=FACE_OUTER_BOUND('',#1550,.T.);
#1323=FACE_OUTER_BOUND('',#1551,.T.);
#1324=FACE_OUTER_BOUND('',#1552,.T.);
#1325=FACE_OUTER_BOUND('',#1553,.T.);
#1326=FACE_OUTER_BOUND('',#1554,.T.);
#1327=FACE_OUTER_BOUND('',#1555,.T.);
#1328=FACE_OUTER_BOUND('',#1556,.T.);
#1329=FACE_OUTER_BOUND('',#1557,.T.);
#1330=FACE_OUTER_BOUND('',#1558,.T.);
#1331=FACE_OUTER_BOUND('',#1559,.T.);
#1332=FACE_OUTER_BOUND('',#1560,.T.);
#1333=FACE_OUTER_BOUND('',#1561,.T.);
#1334=FACE_OUTER_BOUND('',#1562,.T.);
#1335=FACE_OUTER_BOUND('',#1563,.T.);
#1336=FACE_OUTER_BOUND('',#1564,.T.);
#1337=FACE_OUTER_BOUND('',#1565,.T.);
#1338=FACE_OUTER_BOUND('',#1566,.T.);
#1339=FACE_OUTER_BOUND('',#1568,.T.);
#1340=FACE_OUTER_BOUND('',#1569,.T.);
#1341=FACE_OUTER_BOUND('',#1570,.T.);
#1342=FACE_OUTER_BOUND('',#1571,.T.);
#1343=FACE_OUTER_BOUND('',#1572,.T.);
#1344=FACE_OUTER_BOUND('',#1573,.T.);
#1345=FACE_OUTER_BOUND('',#1574,.T.);
#1346=FACE_OUTER_BOUND('',#1575,.T.);
#1347=FACE_OUTER_BOUND('',#1576,.T.);
#1348=FACE_OUTER_BOUND('',#1577,.T.);
#1349=FACE_OUTER_BOUND('',#1578,.T.);
#1350=FACE_OUTER_BOUND('',#1579,.T.);
#1351=FACE_OUTER_BOUND('',#1580,.T.);
#1352=FACE_OUTER_BOUND('',#1581,.T.);
#1353=FACE_OUTER_BOUND('',#1582,.T.);
#1354=FACE_OUTER_BOUND('',#1583,.T.);
#1355=FACE_OUTER_BOUND('',#1584,.T.);
#1356=FACE_OUTER_BOUND('',#1585,.T.);
#1357=FACE_OUTER_BOUND('',#1586,.T.);
#1358=FACE_OUTER_BOUND('',#1587,.T.);
#1359=FACE_OUTER_BOUND('',#1588,.T.);
#1360=FACE_OUTER_BOUND('',#1589,.T.);
#1361=FACE_OUTER_BOUND('',#1590,.T.);
#1362=FACE_OUTER_BOUND('',#1591,.T.);
#1363=FACE_OUTER_BOUND('',#1592,.T.);
#1364=FACE_OUTER_BOUND('',#1593,.T.);
#1365=FACE_OUTER_BOUND('',#1594,.T.);
#1366=FACE_OUTER_BOUND('',#1595,.T.);
#1367=FACE_OUTER_BOUND('',#1596,.T.);
#1368=FACE_OUTER_BOUND('',#1597,.T.);
#1369=FACE_OUTER_BOUND('',#1598,.T.);
#1370=FACE_OUTER_BOUND('',#1599,.T.);
#1371=FACE_OUTER_BOUND('',#1600,.T.);
#1372=FACE_OUTER_BOUND('',#1601,.T.);
#1373=FACE_OUTER_BOUND('',#1602,.T.);
#1374=FACE_OUTER_BOUND('',#1603,.T.);
#1375=FACE_OUTER_BOUND('',#1604,.T.);
#1376=FACE_OUTER_BOUND('',#1605,.T.);
#1377=FACE_OUTER_BOUND('',#1606,.T.);
#1378=FACE_OUTER_BOUND('',#1607,.T.);
#1379=FACE_OUTER_BOUND('',#1608,.T.);
#1380=FACE_OUTER_BOUND('',#1609,.T.);
#1381=FACE_OUTER_BOUND('',#1610,.T.);
#1382=FACE_OUTER_BOUND('',#1611,.T.);
#1383=FACE_OUTER_BOUND('',#1612,.T.);
#1384=FACE_OUTER_BOUND('',#1613,.T.);
#1385=FACE_OUTER_BOUND('',#1614,.T.);
#1386=FACE_OUTER_BOUND('',#1615,.T.);
#1387=FACE_OUTER_BOUND('',#1616,.T.);
#1388=FACE_OUTER_BOUND('',#1617,.T.);
#1389=FACE_OUTER_BOUND('',#1618,.T.);
#1390=FACE_OUTER_BOUND('',#1619,.T.);
#1391=FACE_OUTER_BOUND('',#1620,.T.);
#1392=FACE_OUTER_BOUND('',#1621,.T.);
#1393=FACE_OUTER_BOUND('',#1622,.T.);
#1394=FACE_OUTER_BOUND('',#1623,.T.);
#1395=FACE_OUTER_BOUND('',#1624,.T.);
#1396=FACE_OUTER_BOUND('',#1625,.T.);
#1397=FACE_OUTER_BOUND('',#1626,.T.);
#1398=FACE_OUTER_BOUND('',#1627,.T.);
#1399=FACE_OUTER_BOUND('',#1628,.T.);
#1400=FACE_OUTER_BOUND('',#1629,.T.);
#1401=FACE_OUTER_BOUND('',#1630,.T.);
#1402=FACE_OUTER_BOUND('',#1631,.T.);
#1403=FACE_OUTER_BOUND('',#1634,.T.);
#1404=FACE_OUTER_BOUND('',#1635,.T.);
#1405=FACE_OUTER_BOUND('',#1639,.T.);
#1406=FACE_OUTER_BOUND('',#1642,.T.);
#1407=FACE_OUTER_BOUND('',#1643,.T.);
#1408=FACE_OUTER_BOUND('',#1646,.T.);
#1409=FACE_OUTER_BOUND('',#1647,.T.);
#1410=FACE_OUTER_BOUND('',#1651,.T.);
#1411=FACE_OUTER_BOUND('',#1654,.T.);
#1412=FACE_OUTER_BOUND('',#1655,.T.);
#1413=FACE_OUTER_BOUND('',#1656,.T.);
#1414=FACE_OUTER_BOUND('',#1657,.T.);
#1415=FACE_OUTER_BOUND('',#1658,.T.);
#1416=FACE_OUTER_BOUND('',#1659,.T.);
#1417=FACE_OUTER_BOUND('',#1660,.T.);
#1418=FACE_OUTER_BOUND('',#1661,.T.);
#1419=FACE_OUTER_BOUND('',#1662,.T.);
#1420=FACE_OUTER_BOUND('',#1663,.T.);
#1421=FACE_OUTER_BOUND('',#1664,.T.);
#1422=FACE_OUTER_BOUND('',#1665,.T.);
#1423=FACE_OUTER_BOUND('',#1666,.T.);
#1424=FACE_OUTER_BOUND('',#1667,.T.);
#1425=FACE_OUTER_BOUND('',#1668,.T.);
#1426=FACE_OUTER_BOUND('',#1669,.T.);
#1427=FACE_OUTER_BOUND('',#1670,.T.);
#1428=FACE_OUTER_BOUND('',#1671,.T.);
#1429=FACE_OUTER_BOUND('',#1672,.T.);
#1430=FACE_OUTER_BOUND('',#1673,.T.);
#1431=FACE_OUTER_BOUND('',#1674,.T.);
#1432=FACE_OUTER_BOUND('',#1675,.T.);
#1433=FACE_OUTER_BOUND('',#1676,.T.);
#1434=FACE_OUTER_BOUND('',#1677,.T.);
#1435=FACE_OUTER_BOUND('',#1678,.T.);
#1436=FACE_OUTER_BOUND('',#1679,.T.);
#1437=FACE_OUTER_BOUND('',#1680,.T.);
#1438=FACE_OUTER_BOUND('',#1681,.T.);
#1439=FACE_OUTER_BOUND('',#1682,.T.);
#1440=FACE_OUTER_BOUND('',#1683,.T.);
#1441=FACE_OUTER_BOUND('',#1685,.T.);
#1442=FACE_OUTER_BOUND('',#1686,.T.);
#1443=FACE_OUTER_BOUND('',#1688,.T.);
#1444=FACE_OUTER_BOUND('',#1689,.T.);
#1445=FACE_OUTER_BOUND('',#1691,.T.);
#1446=FACE_OUTER_BOUND('',#1692,.T.);
#1447=FACE_OUTER_BOUND('',#1694,.T.);
#1448=FACE_OUTER_BOUND('',#1695,.T.);
#1449=FACE_OUTER_BOUND('',#1696,.T.);
#1450=FACE_OUTER_BOUND('',#1697,.T.);
#1451=FACE_OUTER_BOUND('',#1698,.T.);
#1452=FACE_OUTER_BOUND('',#1699,.T.);
#1453=FACE_OUTER_BOUND('',#1700,.T.);
#1454=FACE_OUTER_BOUND('',#1701,.T.);
#1455=FACE_OUTER_BOUND('',#1702,.T.);
#1456=FACE_OUTER_BOUND('',#1704,.T.);
#1457=FACE_OUTER_BOUND('',#1706,.T.);
#1458=FACE_OUTER_BOUND('',#1707,.T.);
#1459=FACE_OUTER_BOUND('',#1708,.T.);
#1460=FACE_OUTER_BOUND('',#1709,.T.);
#1461=FACE_OUTER_BOUND('',#1710,.T.);
#1462=FACE_OUTER_BOUND('',#1711,.T.);
#1463=FACE_OUTER_BOUND('',#1712,.T.);
#1464=FACE_OUTER_BOUND('',#1713,.T.);
#1465=FACE_OUTER_BOUND('',#1714,.T.);
#1466=FACE_OUTER_BOUND('',#1715,.T.);
#1467=FACE_OUTER_BOUND('',#1716,.T.);
#1468=FACE_OUTER_BOUND('',#1717,.T.);
#1469=FACE_OUTER_BOUND('',#1718,.T.);
#1470=FACE_OUTER_BOUND('',#1724,.T.);
#1471=FACE_OUTER_BOUND('',#1725,.T.);
#1472=FACE_OUTER_BOUND('',#1726,.T.);
#1473=FACE_OUTER_BOUND('',#1727,.T.);
#1474=FACE_OUTER_BOUND('',#1728,.T.);
#1475=FACE_OUTER_BOUND('',#1729,.T.);
#1476=FACE_OUTER_BOUND('',#1730,.T.);
#1477=FACE_OUTER_BOUND('',#1731,.T.);
#1478=FACE_OUTER_BOUND('',#1732,.T.);
#1479=FACE_OUTER_BOUND('',#1733,.T.);
#1480=FACE_OUTER_BOUND('',#1734,.T.);
#1481=FACE_OUTER_BOUND('',#1735,.T.);
#1482=FACE_OUTER_BOUND('',#1736,.T.);
#1483=FACE_OUTER_BOUND('',#1737,.T.);
#1484=FACE_OUTER_BOUND('',#1738,.T.);
#1485=FACE_OUTER_BOUND('',#1739,.T.);
#1486=FACE_OUTER_BOUND('',#1740,.T.);
#1487=FACE_OUTER_BOUND('',#1741,.T.);
#1488=FACE_OUTER_BOUND('',#1742,.T.);
#1489=FACE_OUTER_BOUND('',#1748,.T.);
#1490=FACE_OUTER_BOUND('',#1749,.T.);
#1491=FACE_OUTER_BOUND('',#1750,.T.);
#1492=FACE_OUTER_BOUND('',#1756,.T.);
#1493=FACE_OUTER_BOUND('',#1757,.T.);
#1494=FACE_OUTER_BOUND('',#1761,.T.);
#1495=FACE_OUTER_BOUND('',#1762,.T.);
#1496=FACE_OUTER_BOUND('',#1763,.T.);
#1497=FACE_OUTER_BOUND('',#1764,.T.);
#1498=FACE_OUTER_BOUND('',#1765,.T.);
#1499=FACE_OUTER_BOUND('',#1766,.T.);
#1500=FACE_OUTER_BOUND('',#1767,.T.);
#1501=FACE_OUTER_BOUND('',#1768,.T.);
#1502=FACE_OUTER_BOUND('',#1769,.T.);
#1503=FACE_OUTER_BOUND('',#1770,.T.);
#1504=FACE_OUTER_BOUND('',#1771,.T.);
#1505=FACE_OUTER_BOUND('',#1772,.T.);
#1506=FACE_OUTER_BOUND('',#1773,.T.);
#1507=FACE_OUTER_BOUND('',#1774,.T.);
#1508=FACE_OUTER_BOUND('',#1775,.T.);
#1509=FACE_OUTER_BOUND('',#1776,.T.);
#1510=FACE_OUTER_BOUND('',#1777,.T.);
#1511=FACE_OUTER_BOUND('',#1778,.T.);
#1512=FACE_OUTER_BOUND('',#1779,.T.);
#1513=FACE_OUTER_BOUND('',#1780,.T.);
#1514=FACE_OUTER_BOUND('',#1781,.T.);
#1515=FACE_OUTER_BOUND('',#1782,.T.);
#1516=FACE_OUTER_BOUND('',#1783,.T.);
#1517=FACE_OUTER_BOUND('',#1784,.T.);
#1518=FACE_OUTER_BOUND('',#1785,.T.);
#1519=FACE_OUTER_BOUND('',#1786,.T.);
#1520=FACE_OUTER_BOUND('',#1787,.T.);
#1521=FACE_OUTER_BOUND('',#1788,.T.);
#1522=FACE_OUTER_BOUND('',#1789,.T.);
#1523=FACE_OUTER_BOUND('',#1790,.T.);
#1524=FACE_OUTER_BOUND('',#1791,.T.);
#1525=FACE_OUTER_BOUND('',#1792,.T.);
#1526=FACE_OUTER_BOUND('',#1793,.T.);
#1527=FACE_OUTER_BOUND('',#1794,.T.);
#1528=FACE_OUTER_BOUND('',#1795,.T.);
#1529=EDGE_LOOP('',(#3046));
#1530=EDGE_LOOP('',(#3047));
#1531=EDGE_LOOP('',(#3048,#3049,#3050,#3051));
#1532=EDGE_LOOP('',(#3052,#3053,#3054,#3055,#3056,#3057,#3058,#3059,#3060,
#3061,#3062,#3063,#3064,#3065,#3066,#3067,#3068,#3069,#3070,#3071));
#1533=EDGE_LOOP('',(#3072,#3073,#3074,#3075,#3076,#3077,#3078,#3079,#3080,
#3081,#3082,#3083,#3084,#3085,#3086,#3087,#3088,#3089,#3090,#3091));
#1534=EDGE_LOOP('',(#3092,#3093,#3094,#3095));
#1535=EDGE_LOOP('',(#3096,#3097,#3098,#3099,#3100,#3101,#3102,#3103,#3104,
#3105,#3106,#3107,#3108));
#1536=EDGE_LOOP('',(#3109,#3110,#3111,#3112));
#1537=EDGE_LOOP('',(#3113,#3114,#3115,#3116));
#1538=EDGE_LOOP('',(#3117,#3118,#3119,#3120,#3121,#3122));
#1539=EDGE_LOOP('',(#3123,#3124,#3125,#3126));
#1540=EDGE_LOOP('',(#3127,#3128,#3129,#3130));
#1541=EDGE_LOOP('',(#3131,#3132,#3133,#3134));
#1542=EDGE_LOOP('',(#3135,#3136,#3137,#3138));
#1543=EDGE_LOOP('',(#3139,#3140,#3141,#3142));
#1544=EDGE_LOOP('',(#3143,#3144,#3145,#3146));
#1545=EDGE_LOOP('',(#3147,#3148,#3149,#3150));
#1546=EDGE_LOOP('',(#3151,#3152,#3153,#3154));
#1547=EDGE_LOOP('',(#3155,#3156,#3157,#3158));
#1548=EDGE_LOOP('',(#3159,#3160,#3161,#3162,#3163,#3164));
#1549=EDGE_LOOP('',(#3165,#3166,#3167,#3168));
#1550=EDGE_LOOP('',(#3169,#3170,#3171,#3172));
#1551=EDGE_LOOP('',(#3173,#3174,#3175,#3176));
#1552=EDGE_LOOP('',(#3177,#3178,#3179,#3180));
#1553=EDGE_LOOP('',(#3181,#3182,#3183,#3184));
#1554=EDGE_LOOP('',(#3185,#3186,#3187,#3188));
#1555=EDGE_LOOP('',(#3189,#3190,#3191,#3192));
#1556=EDGE_LOOP('',(#3193,#3194,#3195,#3196));
#1557=EDGE_LOOP('',(#3197,#3198,#3199,#3200));
#1558=EDGE_LOOP('',(#3201,#3202,#3203,#3204));
#1559=EDGE_LOOP('',(#3205,#3206,#3207,#3208));
#1560=EDGE_LOOP('',(#3209,#3210,#3211,#3212));
#1561=EDGE_LOOP('',(#3213,#3214,#3215,#3216));
#1562=EDGE_LOOP('',(#3217,#3218,#3219,#3220));
#1563=EDGE_LOOP('',(#3221,#3222,#3223,#3224));
#1564=EDGE_LOOP('',(#3225,#3226,#3227,#3228));
#1565=EDGE_LOOP('',(#3229,#3230,#3231,#3232));
#1566=EDGE_LOOP('',(#3233,#3234,#3235,#3236,#3237,#3238,#3239,#3240,#3241,
#3242,#3243,#3244,#3245,#3246,#3247,#3248,#3249,#3250,#3251,#3252,#3253,
#3254,#3255,#3256,#3257,#3258,#3259,#3260,#3261,#3262,#3263,#3264,#3265,
#3266,#3267,#3268,#3269,#3270,#3271,#3272,#3273,#3274,#3275,#3276,#3277,
#3278,#3279,#3280,#3281,#3282,#3283,#3284,#3285,#3286,#3287,#3288,#3289,
#3290,#3291,#3292,#3293,#3294,#3295,#3296,#3297,#3298,#3299,#3300,#3301,
#3302,#3303,#3304,#3305));
#1567=EDGE_LOOP('',(#3306));
#1568=EDGE_LOOP('',(#3307,#3308,#3309,#3310));
#1569=EDGE_LOOP('',(#3311,#3312,#3313,#3314));
#1570=EDGE_LOOP('',(#3315,#3316,#3317,#3318));
#1571=EDGE_LOOP('',(#3319,#3320,#3321,#3322));
#1572=EDGE_LOOP('',(#3323,#3324,#3325,#3326));
#1573=EDGE_LOOP('',(#3327,#3328,#3329,#3330));
#1574=EDGE_LOOP('',(#3331,#3332,#3333,#3334));
#1575=EDGE_LOOP('',(#3335,#3336,#3337,#3338));
#1576=EDGE_LOOP('',(#3339,#3340,#3341,#3342,#3343,#3344,#3345,#3346,#3347));
#1577=EDGE_LOOP('',(#3348,#3349,#3350,#3351));
#1578=EDGE_LOOP('',(#3352,#3353,#3354,#3355,#3356,#3357,#3358,#3359,#3360));
#1579=EDGE_LOOP('',(#3361,#3362,#3363,#3364,#3365,#3366));
#1580=EDGE_LOOP('',(#3367,#3368,#3369,#3370));
#1581=EDGE_LOOP('',(#3371,#3372,#3373,#3374));
#1582=EDGE_LOOP('',(#3375,#3376,#3377,#3378,#3379,#3380));
#1583=EDGE_LOOP('',(#3381,#3382,#3383,#3384));
#1584=EDGE_LOOP('',(#3385,#3386,#3387,#3388,#3389,#3390,#3391));
#1585=EDGE_LOOP('',(#3392,#3393,#3394,#3395,#3396,#3397,#3398,#3399,#3400));
#1586=EDGE_LOOP('',(#3401,#3402,#3403,#3404,#3405,#3406));
#1587=EDGE_LOOP('',(#3407,#3408,#3409,#3410));
#1588=EDGE_LOOP('',(#3411,#3412,#3413,#3414,#3415,#3416,#3417,#3418,#3419,
#3420,#3421,#3422));
#1589=EDGE_LOOP('',(#3423,#3424,#3425,#3426,#3427,#3428,#3429,#3430,#3431));
#1590=EDGE_LOOP('',(#3432,#3433,#3434,#3435,#3436,#3437,#3438));
#1591=EDGE_LOOP('',(#3439,#3440,#3441,#3442));
#1592=EDGE_LOOP('',(#3443,#3444,#3445,#3446,#3447,#3448,#3449));
#1593=EDGE_LOOP('',(#3450,#3451,#3452,#3453));
#1594=EDGE_LOOP('',(#3454,#3455,#3456,#3457,#3458,#3459,#3460));
#1595=EDGE_LOOP('',(#3461,#3462,#3463,#3464,#3465,#3466,#3467));
#1596=EDGE_LOOP('',(#3468,#3469,#3470,#3471));
#1597=EDGE_LOOP('',(#3472,#3473,#3474,#3475));
#1598=EDGE_LOOP('',(#3476,#3477,#3478,#3479,#3480,#3481,#3482));
#1599=EDGE_LOOP('',(#3483,#3484,#3485,#3486));
#1600=EDGE_LOOP('',(#3487,#3488,#3489,#3490,#3491,#3492,#3493,#3494,#3495,
#3496,#3497,#3498,#3499,#3500,#3501));
#1601=EDGE_LOOP('',(#3502,#3503,#3504,#3505,#3506,#3507));
#1602=EDGE_LOOP('',(#3508,#3509,#3510,#3511));
#1603=EDGE_LOOP('',(#3512,#3513,#3514,#3515,#3516));
#1604=EDGE_LOOP('',(#3517,#3518,#3519,#3520));
#1605=EDGE_LOOP('',(#3521,#3522,#3523,#3524));
#1606=EDGE_LOOP('',(#3525,#3526,#3527,#3528));
#1607=EDGE_LOOP('',(#3529,#3530,#3531,#3532));
#1608=EDGE_LOOP('',(#3533,#3534,#3535,#3536));
#1609=EDGE_LOOP('',(#3537,#3538,#3539,#3540));
#1610=EDGE_LOOP('',(#3541,#3542,#3543,#3544));
#1611=EDGE_LOOP('',(#3545,#3546,#3547,#3548));
#1612=EDGE_LOOP('',(#3549,#3550,#3551,#3552));
#1613=EDGE_LOOP('',(#3553,#3554,#3555,#3556));
#1614=EDGE_LOOP('',(#3557,#3558,#3559,#3560));
#1615=EDGE_LOOP('',(#3561,#3562,#3563,#3564,#3565,#3566));
#1616=EDGE_LOOP('',(#3567,#3568,#3569,#3570,#3571,#3572,#3573,#3574,#3575,
#3576,#3577,#3578));
#1617=EDGE_LOOP('',(#3579,#3580,#3581,#3582,#3583,#3584,#3585,#3586,#3587,
#3588,#3589));
#1618=EDGE_LOOP('',(#3590,#3591,#3592,#3593));
#1619=EDGE_LOOP('',(#3594,#3595,#3596,#3597));
#1620=EDGE_LOOP('',(#3598,#3599,#3600,#3601));
#1621=EDGE_LOOP('',(#3602,#3603,#3604,#3605,#3606,#3607));
#1622=EDGE_LOOP('',(#3608,#3609,#3610,#3611,#3612));
#1623=EDGE_LOOP('',(#3613,#3614,#3615,#3616));
#1624=EDGE_LOOP('',(#3617,#3618,#3619,#3620));
#1625=EDGE_LOOP('',(#3621,#3622,#3623,#3624));
#1626=EDGE_LOOP('',(#3625,#3626,#3627,#3628,#3629,#3630,#3631,#3632,#3633,
#3634,#3635,#3636,#3637,#3638,#3639));
#1627=EDGE_LOOP('',(#3640,#3641,#3642,#3643,#3644,#3645,#3646,#3647,#3648,
#3649));
#1628=EDGE_LOOP('',(#3650,#3651,#3652,#3653,#3654,#3655));
#1629=EDGE_LOOP('',(#3656,#3657,#3658,#3659,#3660));
#1630=EDGE_LOOP('',(#3661,#3662,#3663,#3664));
#1631=EDGE_LOOP('',(#3665,#3666,#3667,#3668));
#1632=EDGE_LOOP('',(#3669));
#1633=EDGE_LOOP('',(#3670));
#1634=EDGE_LOOP('',(#3671,#3672,#3673,#3674));
#1635=EDGE_LOOP('',(#3675,#3676,#3677,#3678));
#1636=EDGE_LOOP('',(#3679,#3680,#3681,#3682));
#1637=EDGE_LOOP('',(#3683,#3684,#3685,#3686));
#1638=EDGE_LOOP('',(#3687,#3688,#3689,#3690));
#1639=EDGE_LOOP('',(#3691,#3692,#3693,#3694));
#1640=EDGE_LOOP('',(#3695));
#1641=EDGE_LOOP('',(#3696));
#1642=EDGE_LOOP('',(#3697,#3698,#3699,#3700));
#1643=EDGE_LOOP('',(#3701,#3702,#3703,#3704));
#1644=EDGE_LOOP('',(#3705));
#1645=EDGE_LOOP('',(#3706));
#1646=EDGE_LOOP('',(#3707,#3708,#3709,#3710));
#1647=EDGE_LOOP('',(#3711,#3712,#3713,#3714));
#1648=EDGE_LOOP('',(#3715,#3716,#3717,#3718));
#1649=EDGE_LOOP('',(#3719,#3720,#3721,#3722));
#1650=EDGE_LOOP('',(#3723,#3724,#3725,#3726));
#1651=EDGE_LOOP('',(#3727,#3728,#3729,#3730));
#1652=EDGE_LOOP('',(#3731));
#1653=EDGE_LOOP('',(#3732));
#1654=EDGE_LOOP('',(#3733,#3734,#3735,#3736));
#1655=EDGE_LOOP('',(#3737,#3738,#3739,#3740,#3741));
#1656=EDGE_LOOP('',(#3742,#3743,#3744,#3745,#3746,#3747));
#1657=EDGE_LOOP('',(#3748,#3749,#3750,#3751));
#1658=EDGE_LOOP('',(#3752,#3753,#3754,#3755,#3756,#3757,#3758,#3759,#3760));
#1659=EDGE_LOOP('',(#3761,#3762,#3763,#3764));
#1660=EDGE_LOOP('',(#3765,#3766,#3767,#3768));
#1661=EDGE_LOOP('',(#3769,#3770,#3771,#3772));
#1662=EDGE_LOOP('',(#3773,#3774,#3775,#3776));
#1663=EDGE_LOOP('',(#3777,#3778,#3779,#3780,#3781));
#1664=EDGE_LOOP('',(#3782,#3783,#3784));
#1665=EDGE_LOOP('',(#3785,#3786,#3787,#3788,#3789));
#1666=EDGE_LOOP('',(#3790,#3791,#3792,#3793));
#1667=EDGE_LOOP('',(#3794,#3795,#3796,#3797,#3798,#3799));
#1668=EDGE_LOOP('',(#3800,#3801,#3802,#3803));
#1669=EDGE_LOOP('',(#3804,#3805,#3806,#3807));
#1670=EDGE_LOOP('',(#3808,#3809,#3810,#3811));
#1671=EDGE_LOOP('',(#3812,#3813,#3814,#3815,#3816));
#1672=EDGE_LOOP('',(#3817,#3818,#3819,#3820));
#1673=EDGE_LOOP('',(#3821,#3822,#3823,#3824,#3825));
#1674=EDGE_LOOP('',(#3826,#3827,#3828,#3829));
#1675=EDGE_LOOP('',(#3830,#3831,#3832,#3833));
#1676=EDGE_LOOP('',(#3834,#3835,#3836,#3837));
#1677=EDGE_LOOP('',(#3838,#3839,#3840,#3841,#3842,#3843));
#1678=EDGE_LOOP('',(#3844,#3845,#3846,#3847));
#1679=EDGE_LOOP('',(#3848,#3849,#3850,#3851,#3852));
#1680=EDGE_LOOP('',(#3853,#3854,#3855,#3856,#3857,#3858,#3859,#3860,#3861,
#3862,#3863,#3864,#3865));
#1681=EDGE_LOOP('',(#3866,#3867,#3868));
#1682=EDGE_LOOP('',(#3869,#3870,#3871,#3872));
#1683=EDGE_LOOP('',(#3873));
#1684=EDGE_LOOP('',(#3874));
#1685=EDGE_LOOP('',(#3875,#3876,#3877,#3878));
#1686=EDGE_LOOP('',(#3879));
#1687=EDGE_LOOP('',(#3880));
#1688=EDGE_LOOP('',(#3881,#3882,#3883,#3884));
#1689=EDGE_LOOP('',(#3885));
#1690=EDGE_LOOP('',(#3886));
#1691=EDGE_LOOP('',(#3887,#3888,#3889,#3890));
#1692=EDGE_LOOP('',(#3891));
#1693=EDGE_LOOP('',(#3892));
#1694=EDGE_LOOP('',(#3893,#3894,#3895,#3896,#3897,#3898,#3899,#3900,#3901,
#3902));
#1695=EDGE_LOOP('',(#3903,#3904,#3905,#3906,#3907,#3908,#3909,#3910,#3911,
#3912,#3913,#3914));
#1696=EDGE_LOOP('',(#3915,#3916,#3917,#3918,#3919,#3920,#3921,#3922,#3923,
#3924,#3925,#3926));
#1697=EDGE_LOOP('',(#3927,#3928,#3929,#3930,#3931,#3932,#3933,#3934,#3935,
#3936));
#1698=EDGE_LOOP('',(#3937,#3938,#3939,#3940));
#1699=EDGE_LOOP('',(#3941,#3942,#3943,#3944));
#1700=EDGE_LOOP('',(#3945,#3946,#3947,#3948));
#1701=EDGE_LOOP('',(#3949,#3950,#3951,#3952));
#1702=EDGE_LOOP('',(#3953));
#1703=EDGE_LOOP('',(#3954));
#1704=EDGE_LOOP('',(#3955));
#1705=EDGE_LOOP('',(#3956));
#1706=EDGE_LOOP('',(#3957,#3958,#3959,#3960));
#1707=EDGE_LOOP('',(#3961,#3962,#3963,#3964,#3965,#3966,#3967,#3968,#3969,
#3970));
#1708=EDGE_LOOP('',(#3971,#3972,#3973,#3974,#3975));
#1709=EDGE_LOOP('',(#3976,#3977,#3978,#3979,#3980,#3981,#3982,#3983));
#1710=EDGE_LOOP('',(#3984,#3985,#3986,#3987,#3988,#3989));
#1711=EDGE_LOOP('',(#3990,#3991));
#1712=EDGE_LOOP('',(#3992,#3993,#3994,#3995,#3996));
#1713=EDGE_LOOP('',(#3997,#3998,#3999,#4000));
#1714=EDGE_LOOP('',(#4001,#4002,#4003,#4004));
#1715=EDGE_LOOP('',(#4005,#4006,#4007,#4008,#4009));
#1716=EDGE_LOOP('',(#4010,#4011,#4012,#4013));
#1717=EDGE_LOOP('',(#4014,#4015,#4016,#4017,#4018));
#1718=EDGE_LOOP('',(#4019,#4020,#4021,#4022));
#1719=EDGE_LOOP('',(#4023,#4024,#4025,#4026,#4027,#4028,#4029,#4030,#4031,
#4032,#4033,#4034,#4035,#4036,#4037,#4038,#4039,#4040,#4041,#4042,#4043,
#4044,#4045,#4046,#4047,#4048,#4049,#4050,#4051,#4052,#4053,#4054,#4055,
#4056,#4057,#4058,#4059,#4060,#4061,#4062,#4063,#4064,#4065,#4066,#4067,
#4068,#4069,#4070,#4071,#4072,#4073,#4074,#4075,#4076,#4077,#4078,#4079,
#4080,#4081,#4082,#4083,#4084,#4085,#4086,#4087,#4088,#4089,#4090,#4091));
#1720=EDGE_LOOP('',(#4092));
#1721=EDGE_LOOP('',(#4093));
#1722=EDGE_LOOP('',(#4094));
#1723=EDGE_LOOP('',(#4095));
#1724=EDGE_LOOP('',(#4096,#4097,#4098,#4099));
#1725=EDGE_LOOP('',(#4100,#4101,#4102,#4103));
#1726=EDGE_LOOP('',(#4104,#4105,#4106,#4107));
#1727=EDGE_LOOP('',(#4108,#4109,#4110,#4111));
#1728=EDGE_LOOP('',(#4112,#4113,#4114,#4115));
#1729=EDGE_LOOP('',(#4116,#4117,#4118,#4119));
#1730=EDGE_LOOP('',(#4120,#4121,#4122,#4123,#4124));
#1731=EDGE_LOOP('',(#4125,#4126,#4127,#4128));
#1732=EDGE_LOOP('',(#4129,#4130,#4131,#4132,#4133,#4134,#4135,#4136,#4137));
#1733=EDGE_LOOP('',(#4138,#4139,#4140,#4141));
#1734=EDGE_LOOP('',(#4142,#4143,#4144,#4145,#4146,#4147,#4148,#4149,#4150,
#4151,#4152,#4153));
#1735=EDGE_LOOP('',(#4154,#4155,#4156,#4157));
#1736=EDGE_LOOP('',(#4158,#4159,#4160,#4161));
#1737=EDGE_LOOP('',(#4162,#4163,#4164,#4165,#4166));
#1738=EDGE_LOOP('',(#4167,#4168,#4169,#4170,#4171,#4172,#4173,#4174,#4175,
#4176,#4177,#4178,#4179,#4180,#4181));
#1739=EDGE_LOOP('',(#4182,#4183,#4184,#4185,#4186,#4187));
#1740=EDGE_LOOP('',(#4188,#4189,#4190,#4191));
#1741=EDGE_LOOP('',(#4192,#4193,#4194,#4195,#4196,#4197,#4198));
#1742=EDGE_LOOP('',(#4199,#4200,#4201,#4202,#4203,#4204,#4205,#4206,#4207,
#4208,#4209,#4210));
#1743=EDGE_LOOP('',(#4211,#4212,#4213,#4214));
#1744=EDGE_LOOP('',(#4215));
#1745=EDGE_LOOP('',(#4216));
#1746=EDGE_LOOP('',(#4217));
#1747=EDGE_LOOP('',(#4218));
#1748=EDGE_LOOP('',(#4219,#4220,#4221,#4222));
#1749=EDGE_LOOP('',(#4223,#4224,#4225,#4226));
#1750=EDGE_LOOP('',(#4227,#4228,#4229,#4230));
#1751=EDGE_LOOP('',(#4231));
#1752=EDGE_LOOP('',(#4232));
#1753=EDGE_LOOP('',(#4233));
#1754=EDGE_LOOP('',(#4234));
#1755=EDGE_LOOP('',(#4235));
#1756=EDGE_LOOP('',(#4236,#4237,#4238,#4239));
#1757=EDGE_LOOP('',(#4240,#4241,#4242,#4243,#4244,#4245,#4246,#4247,#4248,
#4249,#4250,#4251));
#1758=EDGE_LOOP('',(#4252));
#1759=EDGE_LOOP('',(#4253));
#1760=EDGE_LOOP('',(#4254));
#1761=EDGE_LOOP('',(#4255,#4256,#4257,#4258));
#1762=EDGE_LOOP('',(#4259,#4260,#4261,#4262));
#1763=EDGE_LOOP('',(#4263,#4264,#4265,#4266,#4267));
#1764=EDGE_LOOP('',(#4268,#4269,#4270,#4271,#4272));
#1765=EDGE_LOOP('',(#4273,#4274,#4275,#4276));
#1766=EDGE_LOOP('',(#4277,#4278,#4279,#4280,#4281,#4282,#4283));
#1767=EDGE_LOOP('',(#4284,#4285,#4286,#4287));
#1768=EDGE_LOOP('',(#4288,#4289,#4290,#4291));
#1769=EDGE_LOOP('',(#4292,#4293,#4294,#4295));
#1770=EDGE_LOOP('',(#4296,#4297,#4298,#4299));
#1771=EDGE_LOOP('',(#4300,#4301,#4302,#4303));
#1772=EDGE_LOOP('',(#4304,#4305,#4306,#4307));
#1773=EDGE_LOOP('',(#4308,#4309,#4310,#4311));
#1774=EDGE_LOOP('',(#4312,#4313,#4314,#4315,#4316,#4317,#4318));
#1775=EDGE_LOOP('',(#4319,#4320,#4321,#4322,#4323));
#1776=EDGE_LOOP('',(#4324,#4325,#4326,#4327));
#1777=EDGE_LOOP('',(#4328,#4329,#4330,#4331));
#1778=EDGE_LOOP('',(#4332,#4333,#4334,#4335));
#1779=EDGE_LOOP('',(#4336,#4337,#4338,#4339,#4340,#4341,#4342,#4343,#4344));
#1780=EDGE_LOOP('',(#4345,#4346,#4347,#4348));
#1781=EDGE_LOOP('',(#4349,#4350,#4351,#4352,#4353,#4354));
#1782=EDGE_LOOP('',(#4355,#4356,#4357,#4358,#4359));
#1783=EDGE_LOOP('',(#4360,#4361,#4362,#4363,#4364));
#1784=EDGE_LOOP('',(#4365,#4366,#4367,#4368));
#1785=EDGE_LOOP('',(#4369,#4370,#4371,#4372,#4373));
#1786=EDGE_LOOP('',(#4374,#4375,#4376,#4377,#4378,#4379));
#1787=EDGE_LOOP('',(#4380,#4381,#4382,#4383,#4384));
#1788=EDGE_LOOP('',(#4385,#4386,#4387,#4388,#4389));
#1789=EDGE_LOOP('',(#4390,#4391,#4392,#4393,#4394));
#1790=EDGE_LOOP('',(#4395,#4396,#4397,#4398));
#1791=EDGE_LOOP('',(#4399,#4400,#4401,#4402,#4403));
#1792=EDGE_LOOP('',(#4404,#4405,#4406,#4407,#4408,#4409));
#1793=EDGE_LOOP('',(#4410,#4411,#4412,#4413,#4414,#4415,#4416,#4417,#4418,
#4419,#4420,#4421,#4422,#4423,#4424,#4425,#4426,#4427,#4428,#4429,#4430,
#4431,#4432,#4433,#4434,#4435,#4436,#4437,#4438,#4439,#4440,#4441,#4442,
#4443,#4444,#4445,#4446,#4447,#4448,#4449,#4450,#4451,#4452,#4453,#4454,
#4455,#4456,#4457));
#1794=EDGE_LOOP('',(#4458,#4459));
#1795=EDGE_LOOP('',(#4460,#4461));
#1796=CIRCLE('',#4839,18.7);
#1797=CIRCLE('',#4840,14.2);
#1798=CIRCLE('',#4843,0.203000000000002);
#1799=CIRCLE('',#4844,0.202999999996846);
#1800=CIRCLE('',#4846,0.202999999996846);
#1801=CIRCLE('',#4847,0.203000000000002);
#1802=CIRCLE('',#4855,0.202999999996846);
#1803=CIRCLE('',#4861,0.203000000000002);
#1804=CIRCLE('',#4868,7.5);
#1805=CIRCLE('',#4869,7.5);
#1806=CIRCLE('',#4872,0.203000000000002);
#1807=CIRCLE('',#4873,0.202999999996846);
#1808=CIRCLE('',#4875,0.25375);
#1809=CIRCLE('',#4876,0.253750000173843);
#1810=CIRCLE('',#4878,0.202992270382027);
#1811=CIRCLE('',#4879,0.202999941285666);
#1812=CIRCLE('',#4881,0.253750000000089);
#1813=CIRCLE('',#4882,0.253750000000001);
#1814=CIRCLE('',#4884,1.515);
#1815=CIRCLE('',#4885,1.515);
#1816=CIRCLE('',#4887,1.515);
#1817=CIRCLE('',#4888,1.515);
#1818=CIRCLE('',#4890,1.515);
#1819=CIRCLE('',#4891,1.515);
#1820=CIRCLE('',#4893,1.515);
#1821=CIRCLE('',#4894,1.515);
#1822=CIRCLE('',#4896,1.515);
#1823=CIRCLE('',#4897,1.515);
#1824=CIRCLE('',#4899,1.515);
#1825=CIRCLE('',#4900,1.515);
#1826=CIRCLE('',#4902,1.515);
#1827=CIRCLE('',#4903,1.515);
#1828=CIRCLE('',#4905,1.515);
#1829=CIRCLE('',#4906,1.515);
#1830=CIRCLE('',#4997,2.);
#1831=CIRCLE('',#4998,2.);
#1832=CIRCLE('',#5002,2.);
#1833=CIRCLE('',#5003,2.);
#1834=CIRCLE('',#5007,2.);
#1835=CIRCLE('',#5008,2.);
#1836=CIRCLE('',#5012,2.);
#1837=CIRCLE('',#5013,2.);
#1838=CIRCLE('',#5025,2.);
#1839=CIRCLE('',#5028,2.);
#1840=CIRCLE('',#5031,1.015);
#1841=CIRCLE('',#5032,1.015);
#1842=CIRCLE('',#5033,1.015);
#1843=CIRCLE('',#5034,1.015);
#1844=CIRCLE('',#5038,1.015);
#1845=CIRCLE('',#5044,1.015);
#1846=CIRCLE('',#5048,0.253750000173843);
#1847=CIRCLE('',#5050,0.202992270382027);
#1848=CIRCLE('',#5055,0.253750000000001);
#1849=CIRCLE('',#5056,0.253750000000089);
#1850=CIRCLE('',#5058,0.202999941285666);
#1851=CIRCLE('',#5059,0.25375);
#1852=CIRCLE('',#5078,2.);
#1853=CIRCLE('',#5080,2.);
#1854=CIRCLE('',#5083,18.7);
#1855=CIRCLE('',#5093,14.2);
#1856=CIRCLE('',#5095,14.2);
#1857=CIRCLE('',#5099,14.2);
#1858=CIRCLE('',#5101,14.2);
#1859=CIRCLE('',#5118,14.2);
#1860=CIRCLE('',#5119,14.2);
#1861=VERTEX_POINT('',#6218);
#1862=VERTEX_POINT('',#6220);
#1863=VERTEX_POINT('',#6223);
#1864=VERTEX_POINT('',#6224);
#1865=VERTEX_POINT('',#6229);
#1866=VERTEX_POINT('',#6231);
#1867=VERTEX_POINT('',#6235);
#1868=VERTEX_POINT('',#6246);
#1869=VERTEX_POINT('',#6248);
#1870=VERTEX_POINT('',#6250);
#1871=VERTEX_POINT('',#6261);
#1872=VERTEX_POINT('',#6263);
#1873=VERTEX_POINT('',#6265);
#1874=VERTEX_POINT('',#6267);
#1875=VERTEX_POINT('',#6269);
#1876=VERTEX_POINT('',#6271);
#1877=VERTEX_POINT('',#6273);
#1878=VERTEX_POINT('',#6275);
#1879=VERTEX_POINT('',#6358);
#1880=VERTEX_POINT('',#6360);
#1881=VERTEX_POINT('',#6362);
#1882=VERTEX_POINT('',#6364);
#1883=VERTEX_POINT('',#6366);
#1884=VERTEX_POINT('',#6368);
#1885=VERTEX_POINT('',#6372);
#1886=VERTEX_POINT('',#6383);
#1887=VERTEX_POINT('',#6385);
#1888=VERTEX_POINT('',#6387);
#1889=VERTEX_POINT('',#6389);
#1890=VERTEX_POINT('',#6391);
#1891=VERTEX_POINT('',#6393);
#1892=VERTEX_POINT('',#6395);
#1893=VERTEX_POINT('',#6397);
#1894=VERTEX_POINT('',#6480);
#1895=VERTEX_POINT('',#6482);
#1896=VERTEX_POINT('',#6484);
#1897=VERTEX_POINT('',#6486);
#1898=VERTEX_POINT('',#6488);
#1899=VERTEX_POINT('',#6490);
#1900=VERTEX_POINT('',#6492);
#1901=VERTEX_POINT('',#6494);
#1902=VERTEX_POINT('',#6505);
#1903=VERTEX_POINT('',#6582);
#1904=VERTEX_POINT('',#6584);
#1905=VERTEX_POINT('',#6619);
#1906=VERTEX_POINT('',#6628);
#1907=VERTEX_POINT('',#6630);
#1908=VERTEX_POINT('',#6665);
#1909=VERTEX_POINT('',#6667);
#1910=VERTEX_POINT('',#6714);
#1911=VERTEX_POINT('',#6747);
#1912=VERTEX_POINT('',#6758);
#1913=VERTEX_POINT('',#6762);
#1914=VERTEX_POINT('',#6766);
#1915=VERTEX_POINT('',#6768);
#1916=VERTEX_POINT('',#6770);
#1917=VERTEX_POINT('',#6774);
#1918=VERTEX_POINT('',#6778);
#1919=VERTEX_POINT('',#6782);
#1920=VERTEX_POINT('',#6786);
#1921=VERTEX_POINT('',#6901);
#1922=VERTEX_POINT('',#6960);
#1923=VERTEX_POINT('',#6964);
#1924=VERTEX_POINT('',#6968);
#1925=VERTEX_POINT('',#6972);
#1926=VERTEX_POINT('',#6976);
#1927=VERTEX_POINT('',#6978);
#1928=VERTEX_POINT('',#6980);
#1929=VERTEX_POINT('',#6984);
#1930=VERTEX_POINT('',#6988);
#1931=VERTEX_POINT('',#6992);
#1932=VERTEX_POINT('',#6994);
#1933=VERTEX_POINT('',#7005);
#1934=VERTEX_POINT('',#7013);
#1935=VERTEX_POINT('',#7015);
#1936=VERTEX_POINT('',#7033);
#1937=VERTEX_POINT('',#7034);
#1938=VERTEX_POINT('',#7051);
#1939=VERTEX_POINT('',#7053);
#1940=VERTEX_POINT('',#7073);
#1941=VERTEX_POINT('',#7074);
#1942=VERTEX_POINT('',#7081);
#1943=VERTEX_POINT('',#7083);
#1944=VERTEX_POINT('',#7119);
#1945=VERTEX_POINT('',#7134);
#1946=VERTEX_POINT('',#7158);
#1947=VERTEX_POINT('',#7163);
#1948=VERTEX_POINT('',#7229);
#1949=VERTEX_POINT('',#7230);
#1950=VERTEX_POINT('',#7261);
#1951=VERTEX_POINT('',#7263);
#1952=VERTEX_POINT('',#7303);
#1953=VERTEX_POINT('',#7308);
#1954=VERTEX_POINT('',#7346);
#1955=VERTEX_POINT('',#7376);
#1956=VERTEX_POINT('',#7377);
#1957=VERTEX_POINT('',#7384);
#1958=VERTEX_POINT('',#7386);
#1959=VERTEX_POINT('',#7422);
#1960=VERTEX_POINT('',#7423);
#1961=VERTEX_POINT('',#7438);
#1962=VERTEX_POINT('',#7440);
#1963=VERTEX_POINT('',#7468);
#1964=VERTEX_POINT('',#7469);
#1965=VERTEX_POINT('',#7476);
#1966=VERTEX_POINT('',#7478);
#1967=VERTEX_POINT('',#7498);
#1968=VERTEX_POINT('',#7499);
#1969=VERTEX_POINT('',#7506);
#1970=VERTEX_POINT('',#7508);
#1971=VERTEX_POINT('',#7528);
#1972=VERTEX_POINT('',#7529);
#1973=VERTEX_POINT('',#7536);
#1974=VERTEX_POINT('',#7538);
#1975=VERTEX_POINT('',#7574);
#1976=VERTEX_POINT('',#7575);
#1977=VERTEX_POINT('',#7590);
#1978=VERTEX_POINT('',#7592);
#1979=VERTEX_POINT('',#7609);
#1980=VERTEX_POINT('',#7611);
#1981=VERTEX_POINT('',#7614);
#1982=VERTEX_POINT('',#7616);
#1983=VERTEX_POINT('',#7618);
#1984=VERTEX_POINT('',#7620);
#1985=VERTEX_POINT('',#7622);
#1986=VERTEX_POINT('',#7624);
#1987=VERTEX_POINT('',#7626);
#1988=VERTEX_POINT('',#7628);
#1989=VERTEX_POINT('',#7630);
#1990=VERTEX_POINT('',#7632);
#1991=VERTEX_POINT('',#7635);
#1992=VERTEX_POINT('',#7637);
#1993=VERTEX_POINT('',#7639);
#1994=VERTEX_POINT('',#7641);
#1995=VERTEX_POINT('',#7643);
#1996=VERTEX_POINT('',#7645);
#1997=VERTEX_POINT('',#7648);
#1998=VERTEX_POINT('',#7650);
#1999=VERTEX_POINT('',#7652);
#2000=VERTEX_POINT('',#7654);
#2001=VERTEX_POINT('',#7656);
#2002=VERTEX_POINT('',#7658);
#2003=VERTEX_POINT('',#7661);
#2004=VERTEX_POINT('',#7663);
#2005=VERTEX_POINT('',#7665);
#2006=VERTEX_POINT('',#7667);
#2007=VERTEX_POINT('',#7669);
#2008=VERTEX_POINT('',#7671);
#2009=VERTEX_POINT('',#7673);
#2010=VERTEX_POINT('',#7675);
#2011=VERTEX_POINT('',#7677);
#2012=VERTEX_POINT('',#7679);
#2013=VERTEX_POINT('',#7681);
#2014=VERTEX_POINT('',#7683);
#2015=VERTEX_POINT('',#7685);
#2016=VERTEX_POINT('',#7688);
#2017=VERTEX_POINT('',#7690);
#2018=VERTEX_POINT('',#7693);
#2019=VERTEX_POINT('',#7695);
#2020=VERTEX_POINT('',#7698);
#2021=VERTEX_POINT('',#7700);
#2022=VERTEX_POINT('',#7702);
#2023=VERTEX_POINT('',#7705);
#2024=VERTEX_POINT('',#7707);
#2025=VERTEX_POINT('',#7709);
#2026=VERTEX_POINT('',#7712);
#2027=VERTEX_POINT('',#7714);
#2028=VERTEX_POINT('',#7718);
#2029=VERTEX_POINT('',#7720);
#2030=VERTEX_POINT('',#7724);
#2031=VERTEX_POINT('',#7726);
#2032=VERTEX_POINT('',#7730);
#2033=VERTEX_POINT('',#7732);
#2034=VERTEX_POINT('',#7736);
#2035=VERTEX_POINT('',#7738);
#2036=VERTEX_POINT('',#7742);
#2037=VERTEX_POINT('',#7744);
#2038=VERTEX_POINT('',#7748);
#2039=VERTEX_POINT('',#7750);
#2040=VERTEX_POINT('',#7754);
#2041=VERTEX_POINT('',#7756);
#2042=VERTEX_POINT('',#7760);
#2043=VERTEX_POINT('',#7762);
#2044=VERTEX_POINT('',#7766);
#2045=VERTEX_POINT('',#7767);
#2046=VERTEX_POINT('',#7769);
#2047=VERTEX_POINT('',#7771);
#2048=VERTEX_POINT('',#7773);
#2049=VERTEX_POINT('',#7775);
#2050=VERTEX_POINT('',#7777);
#2051=VERTEX_POINT('',#7779);
#2052=VERTEX_POINT('',#7781);
#2053=VERTEX_POINT('',#7785);
#2054=VERTEX_POINT('',#7787);
#2055=VERTEX_POINT('',#7791);
#2056=VERTEX_POINT('',#7792);
#2057=VERTEX_POINT('',#7794);
#2058=VERTEX_POINT('',#7796);
#2059=VERTEX_POINT('',#7798);
#2060=VERTEX_POINT('',#7800);
#2061=VERTEX_POINT('',#7803);
#2062=VERTEX_POINT('',#7807);
#2063=VERTEX_POINT('',#7808);
#2064=VERTEX_POINT('',#7810);
#2065=VERTEX_POINT('',#7812);
#2066=VERTEX_POINT('',#7814);
#2067=VERTEX_POINT('',#7816);
#2068=VERTEX_POINT('',#7823);
#2069=VERTEX_POINT('',#7825);
#2070=VERTEX_POINT('',#7829);
#2071=VERTEX_POINT('',#7831);
#2072=VERTEX_POINT('',#7833);
#2073=VERTEX_POINT('',#7835);
#2074=VERTEX_POINT('',#7842);
#2075=VERTEX_POINT('',#7843);
#2076=VERTEX_POINT('',#7845);
#2077=VERTEX_POINT('',#7847);
#2078=VERTEX_POINT('',#7849);
#2079=VERTEX_POINT('',#7851);
#2080=VERTEX_POINT('',#7853);
#2081=VERTEX_POINT('',#7857);
#2082=VERTEX_POINT('',#7859);
#2083=VERTEX_POINT('',#7861);
#2084=VERTEX_POINT('',#7863);
#2085=VERTEX_POINT('',#7865);
#2086=VERTEX_POINT('',#7867);
#2087=VERTEX_POINT('',#7869);
#2088=VERTEX_POINT('',#7873);
#2089=VERTEX_POINT('',#7874);
#2090=VERTEX_POINT('',#7876);
#2091=VERTEX_POINT('',#7878);
#2092=VERTEX_POINT('',#7880);
#2093=VERTEX_POINT('',#7882);
#2094=VERTEX_POINT('',#7886);
#2095=VERTEX_POINT('',#7888);
#2096=VERTEX_POINT('',#7892);
#2097=VERTEX_POINT('',#7894);
#2098=VERTEX_POINT('',#7896);
#2099=VERTEX_POINT('',#7898);
#2100=VERTEX_POINT('',#7900);
#2101=VERTEX_POINT('',#7902);
#2102=VERTEX_POINT('',#7904);
#2103=VERTEX_POINT('',#7906);
#2104=VERTEX_POINT('',#7911);
#2105=VERTEX_POINT('',#7913);
#2106=VERTEX_POINT('',#7915);
#2107=VERTEX_POINT('',#7917);
#2108=VERTEX_POINT('',#7919);
#2109=VERTEX_POINT('',#7921);
#2110=VERTEX_POINT('',#7923);
#2111=VERTEX_POINT('',#7927);
#2112=VERTEX_POINT('',#7929);
#2113=VERTEX_POINT('',#7931);
#2114=VERTEX_POINT('',#7933);
#2115=VERTEX_POINT('',#7935);
#2116=VERTEX_POINT('',#7942);
#2117=VERTEX_POINT('',#7943);
#2118=VERTEX_POINT('',#7945);
#2119=VERTEX_POINT('',#7947);
#2120=VERTEX_POINT('',#7949);
#2121=VERTEX_POINT('',#7951);
#2122=VERTEX_POINT('',#7953);
#2123=VERTEX_POINT('',#7957);
#2124=VERTEX_POINT('',#7959);
#2125=VERTEX_POINT('',#7963);
#2126=VERTEX_POINT('',#7965);
#2127=VERTEX_POINT('',#7967);
#2128=VERTEX_POINT('',#7969);
#2129=VERTEX_POINT('',#7971);
#2130=VERTEX_POINT('',#7975);
#2131=VERTEX_POINT('',#7976);
#2132=VERTEX_POINT('',#7978);
#2133=VERTEX_POINT('',#7980);
#2134=VERTEX_POINT('',#7982);
#2135=VERTEX_POINT('',#7984);
#2136=VERTEX_POINT('',#7986);
#2137=VERTEX_POINT('',#7993);
#2138=VERTEX_POINT('',#7995);
#2139=VERTEX_POINT('',#7999);
#2140=VERTEX_POINT('',#8001);
#2141=VERTEX_POINT('',#8003);
#2142=VERTEX_POINT('',#8005);
#2143=VERTEX_POINT('',#8007);
#2144=VERTEX_POINT('',#8015);
#2145=VERTEX_POINT('',#8017);
#2146=VERTEX_POINT('',#8019);
#2147=VERTEX_POINT('',#8021);
#2148=VERTEX_POINT('',#8024);
#2149=VERTEX_POINT('',#8028);
#2150=VERTEX_POINT('',#8036);
#2151=VERTEX_POINT('',#8044);
#2152=VERTEX_POINT('',#8052);
#2153=VERTEX_POINT('',#8060);
#2154=VERTEX_POINT('',#8062);
#2155=VERTEX_POINT('',#8069);
#2156=VERTEX_POINT('',#8072);
#2157=VERTEX_POINT('',#8077);
#2158=VERTEX_POINT('',#8079);
#2159=VERTEX_POINT('',#8085);
#2160=VERTEX_POINT('',#8087);
#2161=VERTEX_POINT('',#8089);
#2162=VERTEX_POINT('',#8093);
#2163=VERTEX_POINT('',#8103);
#2164=VERTEX_POINT('',#8108);
#2165=VERTEX_POINT('',#8110);
#2166=VERTEX_POINT('',#8117);
#2167=VERTEX_POINT('',#8119);
#2168=VERTEX_POINT('',#8121);
#2169=VERTEX_POINT('',#8123);
#2170=VERTEX_POINT('',#8125);
#2171=VERTEX_POINT('',#8127);
#2172=VERTEX_POINT('',#8132);
#2173=VERTEX_POINT('',#8141);
#2174=VERTEX_POINT('',#8142);
#2175=VERTEX_POINT('',#8144);
#2176=VERTEX_POINT('',#8146);
#2177=VERTEX_POINT('',#8150);
#2178=VERTEX_POINT('',#8152);
#2179=VERTEX_POINT('',#8156);
#2180=VERTEX_POINT('',#8158);
#2181=VERTEX_POINT('',#8162);
#2182=VERTEX_POINT('',#8164);
#2183=VERTEX_POINT('',#8168);
#2184=VERTEX_POINT('',#8170);
#2185=VERTEX_POINT('',#8174);
#2186=VERTEX_POINT('',#8175);
#2187=VERTEX_POINT('',#8177);
#2188=VERTEX_POINT('',#8179);
#2189=VERTEX_POINT('',#8183);
#2190=VERTEX_POINT('',#8185);
#2191=VERTEX_POINT('',#8189);
#2192=VERTEX_POINT('',#8191);
#2193=VERTEX_POINT('',#8195);
#2194=VERTEX_POINT('',#8197);
#2195=VERTEX_POINT('',#8201);
#2196=VERTEX_POINT('',#8203);
#2197=VERTEX_POINT('',#8207);
#2198=VERTEX_POINT('',#8208);
#2199=VERTEX_POINT('',#8210);
#2200=VERTEX_POINT('',#8220);
#2201=VERTEX_POINT('',#8237);
#2202=VERTEX_POINT('',#8241);
#2203=VERTEX_POINT('',#8245);
#2204=VERTEX_POINT('',#8249);
#2205=VERTEX_POINT('',#8322);
#2206=VERTEX_POINT('',#8329);
#2207=VERTEX_POINT('',#8333);
#2208=VERTEX_POINT('',#8337);
#2209=VERTEX_POINT('',#8471);
#2210=VERTEX_POINT('',#8473);
#2211=VERTEX_POINT('',#8477);
#2212=VERTEX_POINT('',#8481);
#2213=VERTEX_POINT('',#8548);
#2214=VERTEX_POINT('',#8550);
#2215=VERTEX_POINT('',#8589);
#2216=VERTEX_POINT('',#8591);
#2217=VERTEX_POINT('',#8624);
#2218=VERTEX_POINT('',#8626);
#2219=VERTEX_POINT('',#8744);
#2220=VERTEX_POINT('',#8746);
#2221=VERTEX_POINT('',#8750);
#2222=VERTEX_POINT('',#8753);
#2223=VERTEX_POINT('',#8755);
#2224=VERTEX_POINT('',#8759);
#2225=VERTEX_POINT('',#8762);
#2226=VERTEX_POINT('',#8764);
#2227=VERTEX_POINT('',#8768);
#2228=VERTEX_POINT('',#8771);
#2229=VERTEX_POINT('',#8773);
#2230=VERTEX_POINT('',#8777);
#2231=VERTEX_POINT('',#8780);
#2232=VERTEX_POINT('',#8786);
#2233=VERTEX_POINT('',#8790);
#2234=VERTEX_POINT('',#8796);
#2235=VERTEX_POINT('',#8800);
#2236=VERTEX_POINT('',#8806);
#2237=VERTEX_POINT('',#8812);
#2238=VERTEX_POINT('',#8814);
#2239=VERTEX_POINT('',#8817);
#2240=VERTEX_POINT('',#8819);
#2241=VERTEX_POINT('',#8822);
#2242=VERTEX_POINT('',#8823);
#2243=VERTEX_POINT('',#8825);
#2244=VERTEX_POINT('',#8827);
#2245=VERTEX_POINT('',#8831);
#2246=VERTEX_POINT('',#8833);
#2247=VERTEX_POINT('',#8835);
#2248=VERTEX_POINT('',#8840);
#2249=VERTEX_POINT('',#8865);
#2250=VERTEX_POINT('',#8876);
#2251=VERTEX_POINT('',#8877);
#2252=VERTEX_POINT('',#8879);
#2253=VERTEX_POINT('',#8884);
#2254=VERTEX_POINT('',#8909);
#2255=VERTEX_POINT('',#8924);
#2256=VERTEX_POINT('',#8925);
#2257=VERTEX_POINT('',#8930);
#2258=VERTEX_POINT('',#8932);
#2259=VERTEX_POINT('',#8959);
#2260=VERTEX_POINT('',#8991);
#2261=VERTEX_POINT('',#9006);
#2262=VERTEX_POINT('',#9007);
#2263=VERTEX_POINT('',#9018);
#2264=VERTEX_POINT('',#9020);
#2265=VERTEX_POINT('',#9022);
#2266=VERTEX_POINT('',#9031);
#2267=VERTEX_POINT('',#9036);
#2268=VERTEX_POINT('',#9045);
#2269=VERTEX_POINT('',#9046);
#2270=VERTEX_POINT('',#9048);
#2271=VERTEX_POINT('',#9050);
#2272=VERTEX_POINT('',#9052);
#2273=VERTEX_POINT('',#9065);
#2274=VERTEX_POINT('',#9067);
#2275=VERTEX_POINT('',#9069);
#2276=VERTEX_POINT('',#9071);
#2277=VERTEX_POINT('',#9073);
#2278=VERTEX_POINT('',#9087);
#2279=VERTEX_POINT('',#9089);
#2280=VERTEX_POINT('',#9091);
#2281=VERTEX_POINT('',#9121);
#2282=VERTEX_POINT('',#9123);
#2283=VERTEX_POINT('',#9125);
#2284=VERTEX_POINT('',#9127);
#2285=VERTEX_POINT('',#9129);
#2286=VERTEX_POINT('',#9132);
#2287=VERTEX_POINT('',#9134);
#2288=VERTEX_POINT('',#9139);
#2289=VERTEX_POINT('',#9141);
#2290=VERTEX_POINT('',#9143);
#2291=VERTEX_POINT('',#9186);
#2292=VERTEX_POINT('',#9187);
#2293=VERTEX_POINT('',#9190);
#2294=VERTEX_POINT('',#9192);
#2295=VERTEX_POINT('',#9251);
#2296=VERTEX_POINT('',#9277);
#2297=VERTEX_POINT('',#9293);
#2298=VERTEX_POINT('',#9295);
#2299=VERTEX_POINT('',#9310);
#2300=VERTEX_POINT('',#9314);
#2301=VERTEX_POINT('',#9320);
#2302=VERTEX_POINT('',#9325);
#2303=VERTEX_POINT('',#9352);
#2304=VERTEX_POINT('',#9363);
#2305=VERTEX_POINT('',#9365);
#2306=VERTEX_POINT('',#9369);
#2307=VERTEX_POINT('',#9382);
#2308=VERTEX_POINT('',#9386);
#2309=VERTEX_POINT('',#9390);
#2310=VERTEX_POINT('',#9399);
#2311=VERTEX_POINT('',#9406);
#2312=VERTEX_POINT('',#9436);
#2313=VERTEX_POINT('',#9470);
#2314=VERTEX_POINT('',#9549);
#2315=VERTEX_POINT('',#9553);
#2316=VERTEX_POINT('',#9554);
#2317=VERTEX_POINT('',#9559);
#2318=VERTEX_POINT('',#9566);
#2319=VERTEX_POINT('',#9624);
#2320=VERTEX_POINT('',#9694);
#2321=VERTEX_POINT('',#9717);
#2322=VERTEX_POINT('',#9719);
#2323=VERTEX_POINT('',#9723);
#2324=VERTEX_POINT('',#9753);
#2325=VERTEX_POINT('',#9792);
#2326=VERTEX_POINT('',#9799);
#2327=VERTEX_POINT('',#9801);
#2328=VERTEX_POINT('',#9805);
#2329=VERTEX_POINT('',#9812);
#2330=VERTEX_POINT('',#9848);
#2331=VERTEX_POINT('',#9882);
#2332=VERTEX_POINT('',#9891);
#2333=VERTEX_POINT('',#9921);
#2334=VERTEX_POINT('',#9928);
#2335=VERTEX_POINT('',#9937);
#2336=VERTEX_POINT('',#9941);
#2337=VERTEX_POINT('',#9952);
#2338=EDGE_CURVE('',#1861,#1861,#1796,.T.);
#2339=EDGE_CURVE('',#1862,#1862,#1797,.T.);
#2340=EDGE_CURVE('',#1863,#1864,#1173,.T.);
#2341=EDGE_CURVE('',#1865,#1863,#125,.T.);
#2342=EDGE_CURVE('',#1866,#1865,#126,.T.);
#2343=EDGE_CURVE('',#1866,#1864,#127,.T.);
#2344=EDGE_CURVE('',#1864,#1867,#1174,.T.);
#2345=EDGE_CURVE('',#1868,#1866,#128,.T.);
#2346=EDGE_CURVE('',#1868,#1869,#129,.T.);
#2347=EDGE_CURVE('',#1870,#1869,#1175,.T.);
#2348=EDGE_CURVE('',#1871,#1870,#130,.T.);
#2349=EDGE_CURVE('',#1872,#1871,#131,.T.);
#2350=EDGE_CURVE('',#1873,#1872,#132,.T.);
#2351=EDGE_CURVE('',#1874,#1873,#133,.T.);
#2352=EDGE_CURVE('',#1875,#1874,#1798,.T.);
#2353=EDGE_CURVE('',#1876,#1875,#134,.T.);
#2354=EDGE_CURVE('',#1877,#1876,#135,.T.);
#2355=EDGE_CURVE('',#1878,#1877,#1176,.T.);
#2356=EDGE_CURVE('',#1879,#1878,#136,.T.);
#2357=EDGE_CURVE('',#1880,#1879,#137,.T.);
#2358=EDGE_CURVE('',#1881,#1880,#1799,.T.);
#2359=EDGE_CURVE('',#1882,#1881,#138,.T.);
#2360=EDGE_CURVE('',#1883,#1882,#139,.T.);
#2361=EDGE_CURVE('',#1884,#1883,#140,.T.);
#2362=EDGE_CURVE('',#1867,#1884,#141,.T.);
#2363=EDGE_CURVE('',#1885,#1863,#1177,.T.);
#2364=EDGE_CURVE('',#1886,#1885,#142,.T.);
#2365=EDGE_CURVE('',#1887,#1886,#143,.T.);
#2366=EDGE_CURVE('',#1888,#1887,#144,.T.);
#2367=EDGE_CURVE('',#1889,#1888,#145,.T.);
#2368=EDGE_CURVE('',#1890,#1889,#1800,.T.);
#2369=EDGE_CURVE('',#1891,#1890,#146,.T.);
#2370=EDGE_CURVE('',#1892,#1891,#147,.T.);
#2371=EDGE_CURVE('',#1893,#1892,#1178,.T.);
#2372=EDGE_CURVE('',#1894,#1893,#148,.T.);
#2373=EDGE_CURVE('',#1895,#1894,#149,.T.);
#2374=EDGE_CURVE('',#1896,#1895,#1801,.T.);
#2375=EDGE_CURVE('',#1897,#1896,#150,.T.);
#2376=EDGE_CURVE('',#1898,#1897,#151,.T.);
#2377=EDGE_CURVE('',#1899,#1898,#152,.T.);
#2378=EDGE_CURVE('',#1900,#1899,#153,.T.);
#2379=EDGE_CURVE('',#1901,#1900,#1179,.T.);
#2380=EDGE_CURVE('',#1902,#1901,#154,.T.);
#2381=EDGE_CURVE('',#1865,#1902,#155,.T.);
#2382=EDGE_CURVE('',#1869,#1901,#1180,.T.);
#2383=EDGE_CURVE('',#1902,#1868,#156,.T.);
#2384=EDGE_CURVE('',#1867,#1903,#157,.T.);
#2385=EDGE_CURVE('',#1903,#1904,#1181,.T.);
#2386=EDGE_CURVE('',#1904,#1905,#1182,.T.);
#2387=EDGE_CURVE('',#1905,#1906,#158,.T.);
#2388=EDGE_CURVE('',#1907,#1906,#1183,.T.);
#2389=EDGE_CURVE('',#1908,#1907,#159,.T.);
#2390=EDGE_CURVE('',#1908,#1909,#1184,.T.);
#2391=EDGE_CURVE('',#1909,#1910,#1185,.T.);
#2392=EDGE_CURVE('',#1910,#1911,#1186,.T.);
#2393=EDGE_CURVE('',#1911,#1885,#160,.T.);
#2394=EDGE_CURVE('',#1912,#1884,#161,.T.);
#2395=EDGE_CURVE('',#1912,#1903,#162,.T.);
#2396=EDGE_CURVE('',#1883,#1913,#163,.T.);
#2397=EDGE_CURVE('',#1913,#1912,#164,.T.);
#2398=EDGE_CURVE('',#1882,#1914,#165,.T.);
#2399=EDGE_CURVE('',#1915,#1914,#166,.T.);
#2400=EDGE_CURVE('',#1916,#1915,#167,.T.);
#2401=EDGE_CURVE('',#1916,#1913,#63,.T.);
#2402=EDGE_CURVE('',#1881,#1917,#168,.T.);
#2403=EDGE_CURVE('',#1914,#1917,#169,.T.);
#2404=EDGE_CURVE('',#1880,#1918,#170,.T.);
#2405=EDGE_CURVE('',#1917,#1918,#1802,.T.);
#2406=EDGE_CURVE('',#1879,#1919,#171,.T.);
#2407=EDGE_CURVE('',#1918,#1919,#172,.T.);
#2408=EDGE_CURVE('',#1878,#1920,#173,.T.);
#2409=EDGE_CURVE('',#1919,#1920,#174,.T.);
#2410=EDGE_CURVE('',#1877,#1921,#175,.T.);
#2411=EDGE_CURVE('',#1920,#1921,#1187,.T.);
#2412=EDGE_CURVE('',#1876,#1922,#176,.T.);
#2413=EDGE_CURVE('',#1921,#1922,#177,.T.);
#2414=EDGE_CURVE('',#1875,#1923,#178,.T.);
#2415=EDGE_CURVE('',#1922,#1923,#179,.T.);
#2416=EDGE_CURVE('',#1874,#1924,#180,.T.);
#2417=EDGE_CURVE('',#1923,#1924,#1803,.T.);
#2418=EDGE_CURVE('',#1873,#1925,#181,.T.);
#2419=EDGE_CURVE('',#1924,#1925,#182,.T.);
#2420=EDGE_CURVE('',#1872,#1926,#183,.T.);
#2421=EDGE_CURVE('',#1926,#1927,#64,.T.);
#2422=EDGE_CURVE('',#1927,#1928,#184,.T.);
#2423=EDGE_CURVE('',#1925,#1928,#185,.T.);
#2424=EDGE_CURVE('',#1929,#1871,#186,.T.);
#2425=EDGE_CURVE('',#1929,#1926,#187,.T.);
#2426=EDGE_CURVE('',#1870,#1930,#188,.T.);
#2427=EDGE_CURVE('',#1930,#1929,#189,.T.);
#2428=EDGE_CURVE('',#1931,#1931,#1804,.T.);
#2429=EDGE_CURVE('',#1931,#1932,#190,.T.);
#2430=EDGE_CURVE('',#1932,#1932,#1805,.T.);
#2431=EDGE_CURVE('',#1933,#1909,#1188,.T.);
#2432=EDGE_CURVE('',#1909,#1934,#191,.T.);
#2433=EDGE_CURVE('',#1934,#1935,#1189,.T.);
#2434=EDGE_CURVE('',#1933,#1935,#192,.T.);
#2435=EDGE_CURVE('',#1936,#1937,#1190,.T.);
#2436=EDGE_CURVE('',#1937,#1938,#193,.T.);
#2437=EDGE_CURVE('',#1938,#1939,#1191,.T.);
#2438=EDGE_CURVE('',#1936,#1939,#194,.T.);
#2439=EDGE_CURVE('',#1940,#1941,#1192,.T.);
#2440=EDGE_CURVE('',#1940,#1942,#195,.T.);
#2441=EDGE_CURVE('',#1942,#1943,#1193,.T.);
#2442=EDGE_CURVE('',#1941,#1943,#196,.T.);
#2443=EDGE_CURVE('',#1936,#1944,#1194,.T.);
#2444=EDGE_CURVE('',#1939,#1945,#1195,.T.);
#2445=EDGE_CURVE('',#1944,#1945,#197,.T.);
#2446=EDGE_CURVE('',#1946,#1937,#1196,.T.);
#2447=EDGE_CURVE('',#1946,#1947,#198,.T.);
#2448=EDGE_CURVE('',#1947,#1938,#1197,.T.);
#2449=EDGE_CURVE('',#1948,#1949,#1198,.T.);
#2450=EDGE_CURVE('',#1948,#1950,#199,.T.);
#2451=EDGE_CURVE('',#1950,#1951,#1199,.T.);
#2452=EDGE_CURVE('',#1949,#1951,#200,.T.);
#2453=EDGE_CURVE('',#1933,#1952,#1200,.T.);
#2454=EDGE_CURVE('',#1935,#1953,#1201,.T.);
#2455=EDGE_CURVE('',#1952,#1953,#201,.T.);
#2456=EDGE_CURVE('',#1908,#1954,#202,.T.);
#2457=EDGE_CURVE('',#1954,#1934,#1202,.T.);
#2458=EDGE_CURVE('',#1955,#1956,#1203,.T.);
#2459=EDGE_CURVE('',#1955,#1957,#203,.T.);
#2460=EDGE_CURVE('',#1957,#1958,#1204,.T.);
#2461=EDGE_CURVE('',#1956,#1958,#204,.T.);
#2462=EDGE_CURVE('',#1959,#1960,#1205,.T.);
#2463=EDGE_CURVE('',#1959,#1961,#205,.T.);
#2464=EDGE_CURVE('',#1961,#1962,#1206,.T.);
#2465=EDGE_CURVE('',#1960,#1962,#206,.T.);
#2466=EDGE_CURVE('',#1963,#1964,#1207,.T.);
#2467=EDGE_CURVE('',#1963,#1965,#207,.T.);
#2468=EDGE_CURVE('',#1965,#1966,#1208,.T.);
#2469=EDGE_CURVE('',#1964,#1966,#208,.T.);
#2470=EDGE_CURVE('',#1967,#1968,#1209,.T.);
#2471=EDGE_CURVE('',#1967,#1969,#209,.T.);
#2472=EDGE_CURVE('',#1969,#1970,#1210,.T.);
#2473=EDGE_CURVE('',#1968,#1970,#210,.T.);
#2474=EDGE_CURVE('',#1971,#1972,#1211,.T.);
#2475=EDGE_CURVE('',#1971,#1973,#211,.T.);
#2476=EDGE_CURVE('',#1973,#1974,#1212,.T.);
#2477=EDGE_CURVE('',#1972,#1974,#212,.T.);
#2478=EDGE_CURVE('',#1975,#1976,#1213,.T.);
#2479=EDGE_CURVE('',#1975,#1977,#213,.T.);
#2480=EDGE_CURVE('',#1977,#1978,#1214,.T.);
#2481=EDGE_CURVE('',#1978,#1976,#214,.T.);
#2482=EDGE_CURVE('',#1979,#1977,#215,.T.);
#2483=EDGE_CURVE('',#1980,#1979,#216,.T.);
#2484=EDGE_CURVE('',#1943,#1980,#65,.T.);
#2485=EDGE_CURVE('',#1981,#1942,#217,.T.);
#2486=EDGE_CURVE('',#1982,#1981,#218,.T.);
#2487=EDGE_CURVE('',#1983,#1982,#219,.T.);
#2488=EDGE_CURVE('',#1984,#1983,#220,.T.);
#2489=EDGE_CURVE('',#1985,#1984,#221,.T.);
#2490=EDGE_CURVE('',#1986,#1985,#222,.T.);
#2491=EDGE_CURVE('',#1987,#1986,#223,.T.);
#2492=EDGE_CURVE('',#1988,#1987,#224,.T.);
#2493=EDGE_CURVE('',#1989,#1988,#225,.T.);
#2494=EDGE_CURVE('',#1990,#1989,#226,.T.);
#2495=EDGE_CURVE('',#1945,#1990,#227,.T.);
#2496=EDGE_CURVE('',#1991,#1947,#228,.T.);
#2497=EDGE_CURVE('',#1992,#1991,#229,.T.);
#2498=EDGE_CURVE('',#1993,#1992,#230,.T.);
#2499=EDGE_CURVE('',#1994,#1993,#231,.T.);
#2500=EDGE_CURVE('',#1995,#1994,#1806,.T.);
#2501=EDGE_CURVE('',#1996,#1995,#232,.T.);
#2502=EDGE_CURVE('',#1951,#1996,#233,.T.);
#2503=EDGE_CURVE('',#1997,#1950,#234,.T.);
#2504=EDGE_CURVE('',#1998,#1997,#235,.T.);
#2505=EDGE_CURVE('',#1999,#1998,#1807,.T.);
#2506=EDGE_CURVE('',#2000,#1999,#236,.T.);
#2507=EDGE_CURVE('',#2001,#2000,#237,.T.);
#2508=EDGE_CURVE('',#2002,#2001,#238,.T.);
#2509=EDGE_CURVE('',#1953,#2002,#239,.T.);
#2510=EDGE_CURVE('',#2003,#1954,#240,.T.);
#2511=EDGE_CURVE('',#2004,#2003,#241,.T.);
#2512=EDGE_CURVE('',#2005,#2004,#242,.T.);
#2513=EDGE_CURVE('',#2006,#2005,#243,.T.);
#2514=EDGE_CURVE('',#2007,#2006,#244,.T.);
#2515=EDGE_CURVE('',#2008,#2007,#245,.T.);
#2516=EDGE_CURVE('',#2009,#2008,#246,.T.);
#2517=EDGE_CURVE('',#2010,#2009,#247,.T.);
#2518=EDGE_CURVE('',#2011,#2010,#248,.T.);
#2519=EDGE_CURVE('',#2012,#2011,#249,.T.);
#2520=EDGE_CURVE('',#2013,#2012,#250,.T.);
#2521=EDGE_CURVE('',#2014,#2013,#251,.T.);
#2522=EDGE_CURVE('',#2015,#2014,#252,.T.);
#2523=EDGE_CURVE('',#1958,#2015,#253,.T.);
#2524=EDGE_CURVE('',#2016,#1957,#66,.T.);
#2525=EDGE_CURVE('',#2017,#2016,#254,.T.);
#2526=EDGE_CURVE('',#1962,#2017,#255,.T.);
#2527=EDGE_CURVE('',#2018,#1961,#1808,.T.);
#2528=EDGE_CURVE('',#2019,#2018,#256,.T.);
#2529=EDGE_CURVE('',#1966,#2019,#1809,.T.);
#2530=EDGE_CURVE('',#2020,#1965,#67,.T.);
#2531=EDGE_CURVE('',#2021,#2020,#257,.T.);
#2532=EDGE_CURVE('',#2022,#2021,#1810,.T.);
#2533=EDGE_CURVE('',#1970,#2022,#258,.T.);
#2534=EDGE_CURVE('',#2023,#1969,#259,.T.);
#2535=EDGE_CURVE('',#2024,#2023,#1811,.T.);
#2536=EDGE_CURVE('',#2025,#2024,#260,.T.);
#2537=EDGE_CURVE('',#1974,#2025,#68,.T.);
#2538=EDGE_CURVE('',#2026,#1973,#1812,.T.);
#2539=EDGE_CURVE('',#2027,#2026,#261,.T.);
#2540=EDGE_CURVE('',#1978,#2027,#1813,.T.);
#2541=EDGE_CURVE('',#2028,#2028,#1814,.T.);
#2542=EDGE_CURVE('',#2028,#2029,#262,.T.);
#2543=EDGE_CURVE('',#2029,#2029,#1815,.T.);
#2544=EDGE_CURVE('',#2030,#2030,#1816,.T.);
#2545=EDGE_CURVE('',#2030,#2031,#263,.T.);
#2546=EDGE_CURVE('',#2031,#2031,#1817,.T.);
#2547=EDGE_CURVE('',#2032,#2032,#1818,.T.);
#2548=EDGE_CURVE('',#2032,#2033,#264,.T.);
#2549=EDGE_CURVE('',#2033,#2033,#1819,.T.);
#2550=EDGE_CURVE('',#2034,#2034,#1820,.T.);
#2551=EDGE_CURVE('',#2034,#2035,#265,.T.);
#2552=EDGE_CURVE('',#2035,#2035,#1821,.T.);
#2553=EDGE_CURVE('',#2036,#2036,#1822,.T.);
#2554=EDGE_CURVE('',#2036,#2037,#266,.T.);
#2555=EDGE_CURVE('',#2037,#2037,#1823,.T.);
#2556=EDGE_CURVE('',#2038,#2038,#1824,.T.);
#2557=EDGE_CURVE('',#2038,#2039,#267,.T.);
#2558=EDGE_CURVE('',#2039,#2039,#1825,.T.);
#2559=EDGE_CURVE('',#2040,#2040,#1826,.T.);
#2560=EDGE_CURVE('',#2040,#2041,#268,.T.);
#2561=EDGE_CURVE('',#2041,#2041,#1827,.T.);
#2562=EDGE_CURVE('',#2042,#2042,#1828,.T.);
#2563=EDGE_CURVE('',#2042,#2043,#269,.T.);
#2564=EDGE_CURVE('',#2043,#2043,#1829,.T.);
#2565=EDGE_CURVE('',#2044,#2045,#270,.T.);
#2566=EDGE_CURVE('',#2046,#2044,#271,.T.);
#2567=EDGE_CURVE('',#2047,#2046,#272,.T.);
#2568=EDGE_CURVE('',#2047,#2048,#273,.T.);
#2569=EDGE_CURVE('',#2049,#2048,#274,.T.);
#2570=EDGE_CURVE('',#2050,#2049,#275,.T.);
#2571=EDGE_CURVE('',#2051,#2050,#276,.T.);
#2572=EDGE_CURVE('',#2052,#2051,#277,.T.);
#2573=EDGE_CURVE('',#2045,#2052,#278,.T.);
#2574=EDGE_CURVE('',#2048,#2053,#279,.T.);
#2575=EDGE_CURVE('',#2054,#2047,#280,.T.);
#2576=EDGE_CURVE('',#2054,#2053,#281,.T.);
#2577=EDGE_CURVE('',#2055,#2056,#282,.T.);
#2578=EDGE_CURVE('',#2057,#2055,#283,.T.);
#2579=EDGE_CURVE('',#2058,#2057,#284,.T.);
#2580=EDGE_CURVE('',#2059,#2058,#285,.T.);
#2581=EDGE_CURVE('',#2060,#2059,#286,.T.);
#2582=EDGE_CURVE('',#2053,#2060,#287,.T.);
#2583=EDGE_CURVE('',#2061,#2054,#288,.T.);
#2584=EDGE_CURVE('',#2061,#2056,#289,.T.);
#2585=EDGE_CURVE('',#2062,#2063,#290,.T.);
#2586=EDGE_CURVE('',#2064,#2062,#291,.T.);
#2587=EDGE_CURVE('',#2065,#2064,#292,.T.);
#2588=EDGE_CURVE('',#2066,#2065,#293,.T.);
#2589=EDGE_CURVE('',#2067,#2066,#294,.T.);
#2590=EDGE_CURVE('',#2067,#2063,#295,.T.);
#2591=EDGE_CURVE('',#2056,#2044,#296,.T.);
#2592=EDGE_CURVE('',#2046,#2061,#297,.T.);
#2593=EDGE_CURVE('',#2063,#2068,#298,.T.);
#2594=EDGE_CURVE('',#2069,#2067,#299,.T.);
#2595=EDGE_CURVE('',#2069,#2068,#300,.T.);
#2596=EDGE_CURVE('',#2068,#2070,#301,.T.);
#2597=EDGE_CURVE('',#2071,#2069,#302,.T.);
#2598=EDGE_CURVE('',#2072,#2071,#303,.T.);
#2599=EDGE_CURVE('',#2073,#2072,#304,.T.);
#2600=EDGE_CURVE('',#2073,#2070,#305,.T.);
#2601=EDGE_CURVE('',#2070,#2062,#306,.T.);
#2602=EDGE_CURVE('',#2064,#2073,#307,.T.);
#2603=EDGE_CURVE('',#2074,#2075,#308,.T.);
#2604=EDGE_CURVE('',#2076,#2074,#309,.T.);
#2605=EDGE_CURVE('',#2077,#2076,#310,.T.);
#2606=EDGE_CURVE('',#2077,#2078,#311,.T.);
#2607=EDGE_CURVE('',#2079,#2078,#312,.T.);
#2608=EDGE_CURVE('',#2080,#2079,#313,.T.);
#2609=EDGE_CURVE('',#2075,#2080,#314,.T.);
#2610=EDGE_CURVE('',#2081,#2074,#315,.T.);
#2611=EDGE_CURVE('',#2082,#2081,#316,.T.);
#2612=EDGE_CURVE('',#2083,#2082,#317,.T.);
#2613=EDGE_CURVE('',#2084,#2083,#318,.T.);
#2614=EDGE_CURVE('',#2085,#2084,#319,.T.);
#2615=EDGE_CURVE('',#2086,#2085,#320,.T.);
#2616=EDGE_CURVE('',#2087,#2086,#321,.T.);
#2617=EDGE_CURVE('',#2076,#2087,#322,.T.);
#2618=EDGE_CURVE('',#2088,#2089,#323,.T.);
#2619=EDGE_CURVE('',#2090,#2088,#324,.T.);
#2620=EDGE_CURVE('',#2091,#2090,#325,.T.);
#2621=EDGE_CURVE('',#2092,#2091,#326,.T.);
#2622=EDGE_CURVE('',#2093,#2092,#327,.T.);
#2623=EDGE_CURVE('',#2093,#2089,#328,.T.);
#2624=EDGE_CURVE('',#2078,#2094,#329,.T.);
#2625=EDGE_CURVE('',#2095,#2077,#330,.T.);
#2626=EDGE_CURVE('',#2095,#2094,#331,.T.);
#2627=EDGE_CURVE('',#2096,#2086,#332,.T.);
#2628=EDGE_CURVE('',#2097,#2096,#333,.T.);
#2629=EDGE_CURVE('',#2098,#2097,#334,.T.);
#2630=EDGE_CURVE('',#2099,#2098,#335,.T.);
#2631=EDGE_CURVE('',#2100,#2099,#336,.T.);
#2632=EDGE_CURVE('',#2101,#2100,#337,.T.);
#2633=EDGE_CURVE('',#2102,#2101,#338,.T.);
#2634=EDGE_CURVE('',#2103,#2102,#339,.T.);
#2635=EDGE_CURVE('',#2094,#2103,#340,.T.);
#2636=EDGE_CURVE('',#2087,#2095,#341,.T.);
#2637=EDGE_CURVE('',#2104,#2088,#342,.T.);
#2638=EDGE_CURVE('',#2105,#2104,#343,.T.);
#2639=EDGE_CURVE('',#2106,#2105,#344,.T.);
#2640=EDGE_CURVE('',#2107,#2106,#345,.T.);
#2641=EDGE_CURVE('',#2108,#2107,#346,.T.);
#2642=EDGE_CURVE('',#2109,#2108,#347,.T.);
#2643=EDGE_CURVE('',#2110,#2109,#348,.T.);
#2644=EDGE_CURVE('',#2090,#2110,#349,.T.);
#2645=EDGE_CURVE('',#2089,#2111,#350,.T.);
#2646=EDGE_CURVE('',#2112,#2093,#351,.T.);
#2647=EDGE_CURVE('',#2113,#2112,#352,.T.);
#2648=EDGE_CURVE('',#2114,#2113,#353,.T.);
#2649=EDGE_CURVE('',#2115,#2114,#354,.T.);
#2650=EDGE_CURVE('',#2115,#2111,#355,.T.);
#2651=EDGE_CURVE('',#2111,#2104,#356,.T.);
#2652=EDGE_CURVE('',#2105,#2115,#357,.T.);
#2653=EDGE_CURVE('',#2116,#2117,#358,.T.);
#2654=EDGE_CURVE('',#2118,#2116,#359,.T.);
#2655=EDGE_CURVE('',#2119,#2118,#360,.T.);
#2656=EDGE_CURVE('',#2120,#2119,#361,.T.);
#2657=EDGE_CURVE('',#2121,#2120,#362,.T.);
#2658=EDGE_CURVE('',#2122,#2121,#363,.T.);
#2659=EDGE_CURVE('',#2122,#2117,#364,.T.);
#2660=EDGE_CURVE('',#2117,#2123,#365,.T.);
#2661=EDGE_CURVE('',#2124,#2122,#366,.T.);
#2662=EDGE_CURVE('',#2124,#2123,#367,.T.);
#2663=EDGE_CURVE('',#2123,#2125,#368,.T.);
#2664=EDGE_CURVE('',#2126,#2124,#369,.T.);
#2665=EDGE_CURVE('',#2126,#2127,#370,.T.);
#2666=EDGE_CURVE('',#2128,#2127,#371,.T.);
#2667=EDGE_CURVE('',#2129,#2128,#372,.T.);
#2668=EDGE_CURVE('',#2125,#2129,#373,.T.);
#2669=EDGE_CURVE('',#2130,#2131,#374,.T.);
#2670=EDGE_CURVE('',#2132,#2130,#375,.T.);
#2671=EDGE_CURVE('',#2133,#2132,#376,.T.);
#2672=EDGE_CURVE('',#2134,#2133,#377,.T.);
#2673=EDGE_CURVE('',#2135,#2134,#378,.T.);
#2674=EDGE_CURVE('',#2136,#2135,#379,.T.);
#2675=EDGE_CURVE('',#2136,#2131,#380,.T.);
#2676=EDGE_CURVE('',#2127,#2120,#381,.T.);
#2677=EDGE_CURVE('',#2121,#2126,#382,.T.);
#2678=EDGE_CURVE('',#2131,#2137,#383,.T.);
#2679=EDGE_CURVE('',#2138,#2136,#384,.T.);
#2680=EDGE_CURVE('',#2138,#2137,#385,.T.);
#2681=EDGE_CURVE('',#2137,#2139,#386,.T.);
#2682=EDGE_CURVE('',#2140,#2138,#387,.T.);
#2683=EDGE_CURVE('',#2141,#2140,#388,.T.);
#2684=EDGE_CURVE('',#2142,#2141,#389,.T.);
#2685=EDGE_CURVE('',#2143,#2142,#390,.T.);
#2686=EDGE_CURVE('',#2143,#2139,#391,.T.);
#2687=EDGE_CURVE('',#2139,#2130,#392,.T.);
#2688=EDGE_CURVE('',#2132,#2143,#393,.T.);
#2689=EDGE_CURVE('',#2060,#2096,#394,.T.);
#2690=EDGE_CURVE('',#2085,#2144,#395,.T.);
#2691=EDGE_CURVE('',#2144,#2145,#396,.T.);
#2692=EDGE_CURVE('',#2145,#2146,#397,.T.);
#2693=EDGE_CURVE('',#2147,#2146,#398,.T.);
#2694=EDGE_CURVE('',#1956,#2147,#399,.T.);
#2695=EDGE_CURVE('',#2148,#2015,#400,.T.);
#2696=EDGE_CURVE('',#2148,#2049,#401,.T.);
#2697=EDGE_CURVE('',#2084,#2149,#402,.T.);
#2698=EDGE_CURVE('',#2146,#2149,#403,.T.);
#2699=EDGE_CURVE('',#2059,#2097,#404,.T.);
#2700=EDGE_CURVE('',#2014,#2050,#405,.T.);
#2701=EDGE_CURVE('',#2150,#2083,#406,.T.);
#2702=EDGE_CURVE('',#2149,#2150,#407,.T.);
#2703=EDGE_CURVE('',#2098,#2058,#408,.T.);
#2704=EDGE_CURVE('',#2051,#2013,#409,.T.);
#2705=EDGE_CURVE('',#2082,#2151,#410,.T.);
#2706=EDGE_CURVE('',#2150,#2151,#411,.T.);
#2707=EDGE_CURVE('',#2057,#2099,#412,.T.);
#2708=EDGE_CURVE('',#2012,#2052,#413,.T.);
#2709=EDGE_CURVE('',#2081,#2152,#414,.T.);
#2710=EDGE_CURVE('',#2151,#2152,#415,.T.);
#2711=EDGE_CURVE('',#2055,#2100,#416,.T.);
#2712=EDGE_CURVE('',#2011,#2045,#417,.T.);
#2713=EDGE_CURVE('',#2091,#2153,#418,.T.);
#2714=EDGE_CURVE('',#2153,#2154,#419,.T.);
#2715=EDGE_CURVE('',#2092,#2154,#420,.T.);
#2716=EDGE_CURVE('',#2065,#2110,#421,.T.);
#2717=EDGE_CURVE('',#2066,#2109,#422,.T.);
#2718=EDGE_CURVE('',#2155,#2071,#423,.T.);
#2719=EDGE_CURVE('',#2155,#1982,#424,.T.);
#2720=EDGE_CURVE('',#2156,#1981,#425,.T.);
#2721=EDGE_CURVE('',#2156,#2072,#426,.T.);
#2722=EDGE_CURVE('',#2008,#2103,#427,.T.);
#2723=EDGE_CURVE('',#2007,#2157,#428,.T.);
#2724=EDGE_CURVE('',#2158,#2157,#429,.T.);
#2725=EDGE_CURVE('',#2116,#2158,#430,.T.);
#2726=EDGE_CURVE('',#2079,#2125,#431,.T.);
#2727=EDGE_CURVE('',#2075,#2128,#432,.T.);
#2728=EDGE_CURVE('',#2119,#2159,#433,.T.);
#2729=EDGE_CURVE('',#2159,#2160,#434,.T.);
#2730=EDGE_CURVE('',#2160,#2161,#435,.T.);
#2731=EDGE_CURVE('',#2152,#2161,#436,.T.);
#2732=EDGE_CURVE('',#2162,#2158,#437,.T.);
#2733=EDGE_CURVE('',#2118,#2162,#438,.T.);
#2734=EDGE_CURVE('',#2009,#2102,#439,.T.);
#2735=EDGE_CURVE('',#2080,#2129,#440,.T.);
#2736=EDGE_CURVE('',#2161,#2162,#441,.T.);
#2737=EDGE_CURVE('',#2163,#2101,#442,.T.);
#2738=EDGE_CURVE('',#2163,#2010,#443,.T.);
#2739=EDGE_CURVE('',#2141,#2164,#444,.T.);
#2740=EDGE_CURVE('',#2165,#2164,#445,.T.);
#2741=EDGE_CURVE('',#2142,#2165,#446,.T.);
#2742=EDGE_CURVE('',#1985,#2106,#447,.T.);
#2743=EDGE_CURVE('',#1984,#2107,#448,.T.);
#2744=EDGE_CURVE('',#2153,#2166,#449,.T.);
#2745=EDGE_CURVE('',#2166,#2167,#450,.T.);
#2746=EDGE_CURVE('',#2168,#2167,#451,.T.);
#2747=EDGE_CURVE('',#2169,#2168,#452,.T.);
#2748=EDGE_CURVE('',#2170,#2169,#453,.T.);
#2749=EDGE_CURVE('',#2171,#2170,#454,.T.);
#2750=EDGE_CURVE('',#2140,#2171,#455,.T.);
#2751=EDGE_CURVE('',#2112,#2135,#456,.T.);
#2752=EDGE_CURVE('',#2172,#2108,#457,.T.);
#2753=EDGE_CURVE('',#2172,#1983,#458,.T.);
#2754=EDGE_CURVE('',#2164,#2169,#459,.T.);
#2755=EDGE_CURVE('',#2113,#2134,#460,.T.);
#2756=EDGE_CURVE('',#2173,#2174,#461,.T.);
#2757=EDGE_CURVE('',#2173,#2175,#462,.T.);
#2758=EDGE_CURVE('',#2176,#2175,#463,.T.);
#2759=EDGE_CURVE('',#2174,#2176,#464,.T.);
#2760=EDGE_CURVE('',#2175,#2177,#465,.T.);
#2761=EDGE_CURVE('',#2177,#2178,#466,.T.);
#2762=EDGE_CURVE('',#2178,#2176,#467,.T.);
#2763=EDGE_CURVE('',#2174,#2179,#468,.T.);
#2764=EDGE_CURVE('',#2179,#2180,#469,.T.);
#2765=EDGE_CURVE('',#2180,#2173,#470,.T.);
#2766=EDGE_CURVE('',#2179,#2181,#471,.T.);
#2767=EDGE_CURVE('',#2182,#2181,#472,.T.);
#2768=EDGE_CURVE('',#2180,#2182,#473,.T.);
#2769=EDGE_CURVE('',#2181,#2183,#474,.T.);
#2770=EDGE_CURVE('',#2183,#2184,#475,.T.);
#2771=EDGE_CURVE('',#2184,#2182,#476,.T.);
#2772=EDGE_CURVE('',#2185,#2186,#477,.T.);
#2773=EDGE_CURVE('',#2185,#2187,#478,.T.);
#2774=EDGE_CURVE('',#2188,#2187,#479,.T.);
#2775=EDGE_CURVE('',#2186,#2188,#480,.T.);
#2776=EDGE_CURVE('',#2187,#2189,#481,.T.);
#2777=EDGE_CURVE('',#2189,#2190,#482,.T.);
#2778=EDGE_CURVE('',#2190,#2188,#483,.T.);
#2779=EDGE_CURVE('',#2186,#2191,#484,.T.);
#2780=EDGE_CURVE('',#2191,#2192,#485,.T.);
#2781=EDGE_CURVE('',#2192,#2185,#486,.T.);
#2782=EDGE_CURVE('',#2191,#2193,#487,.T.);
#2783=EDGE_CURVE('',#2194,#2193,#488,.T.);
#2784=EDGE_CURVE('',#2192,#2194,#489,.T.);
#2785=EDGE_CURVE('',#2193,#2195,#490,.T.);
#2786=EDGE_CURVE('',#2195,#2196,#491,.T.);
#2787=EDGE_CURVE('',#2196,#2194,#492,.T.);
#2788=EDGE_CURVE('',#2197,#2198,#493,.T.);
#2789=EDGE_CURVE('',#2199,#2198,#494,.T.);
#2790=EDGE_CURVE('',#2017,#2199,#495,.T.);
#2791=EDGE_CURVE('',#2197,#2016,#496,.T.);
#2792=EDGE_CURVE('',#1955,#2200,#497,.T.);
#2793=EDGE_CURVE('',#2198,#2200,#69,.T.);
#2794=EDGE_CURVE('',#2200,#2147,#1215,.T.);
#2795=EDGE_CURVE('',#2006,#2201,#498,.T.);
#2796=EDGE_CURVE('',#2157,#2201,#499,.T.);
#2797=EDGE_CURVE('',#2202,#2005,#500,.T.);
#2798=EDGE_CURVE('',#2201,#2202,#501,.T.);
#2799=EDGE_CURVE('',#2004,#2203,#502,.T.);
#2800=EDGE_CURVE('',#2202,#2203,#503,.T.);
#2801=EDGE_CURVE('',#2003,#2204,#504,.T.);
#2802=EDGE_CURVE('',#2203,#2204,#505,.T.);
#2803=EDGE_CURVE('',#2204,#1907,#506,.T.);
#2804=EDGE_CURVE('',#1952,#2205,#507,.T.);
#2805=EDGE_CURVE('',#2205,#1933,#1216,.T.);
#2806=EDGE_CURVE('',#2206,#2002,#508,.T.);
#2807=EDGE_CURVE('',#2206,#2205,#509,.T.);
#2808=EDGE_CURVE('',#2001,#2207,#510,.T.);
#2809=EDGE_CURVE('',#2207,#2206,#511,.T.);
#2810=EDGE_CURVE('',#2208,#1887,#512,.T.);
#2811=EDGE_CURVE('',#2208,#2207,#70,.T.);
#2812=EDGE_CURVE('',#2000,#1888,#513,.T.);
#2813=EDGE_CURVE('',#1999,#1889,#514,.T.);
#2814=EDGE_CURVE('',#1998,#1890,#515,.T.);
#2815=EDGE_CURVE('',#1997,#1891,#516,.T.);
#2816=EDGE_CURVE('',#1948,#1892,#517,.T.);
#2817=EDGE_CURVE('',#1949,#1893,#518,.T.);
#2818=EDGE_CURVE('',#1996,#1894,#519,.T.);
#2819=EDGE_CURVE('',#1995,#1895,#520,.T.);
#2820=EDGE_CURVE('',#1994,#1896,#521,.T.);
#2821=EDGE_CURVE('',#1993,#1897,#522,.T.);
#2822=EDGE_CURVE('',#1992,#2209,#523,.T.);
#2823=EDGE_CURVE('',#2209,#2210,#71,.T.);
#2824=EDGE_CURVE('',#2210,#1898,#524,.T.);
#2825=EDGE_CURVE('',#2211,#1991,#525,.T.);
#2826=EDGE_CURVE('',#2211,#2209,#526,.T.);
#2827=EDGE_CURVE('',#1946,#2212,#527,.T.);
#2828=EDGE_CURVE('',#2212,#2211,#528,.T.);
#2829=EDGE_CURVE('',#2213,#1900,#529,.T.);
#2830=EDGE_CURVE('',#2213,#2214,#1217,.T.);
#2831=EDGE_CURVE('',#2214,#1936,#1218,.T.);
#2832=EDGE_CURVE('',#1944,#2215,#530,.T.);
#2833=EDGE_CURVE('',#2216,#2215,#1219,.T.);
#2834=EDGE_CURVE('',#2217,#2216,#531,.T.);
#2835=EDGE_CURVE('',#2217,#2218,#1220,.T.);
#2836=EDGE_CURVE('',#2218,#1930,#1221,.T.);
#2837=EDGE_CURVE('',#1937,#2212,#1222,.T.);
#2838=EDGE_CURVE('',#2219,#2219,#1830,.T.);
#2839=EDGE_CURVE('',#2219,#2220,#532,.T.);
#2840=EDGE_CURVE('',#2220,#2220,#1831,.T.);
#2841=EDGE_CURVE('',#2221,#2221,#72,.T.);
#2842=EDGE_CURVE('',#2222,#2222,#1832,.T.);
#2843=EDGE_CURVE('',#2222,#2223,#533,.T.);
#2844=EDGE_CURVE('',#2223,#2223,#1833,.T.);
#2845=EDGE_CURVE('',#2224,#2224,#73,.T.);
#2846=EDGE_CURVE('',#2225,#2225,#1834,.T.);
#2847=EDGE_CURVE('',#2225,#2226,#534,.T.);
#2848=EDGE_CURVE('',#2226,#2226,#1835,.T.);
#2849=EDGE_CURVE('',#2227,#2227,#74,.T.);
#2850=EDGE_CURVE('',#2228,#2228,#1836,.T.);
#2851=EDGE_CURVE('',#2228,#2229,#535,.T.);
#2852=EDGE_CURVE('',#2229,#2229,#1837,.T.);
#2853=EDGE_CURVE('',#2230,#2230,#75,.T.);
#2854=EDGE_CURVE('',#2231,#1916,#536,.T.);
#2855=EDGE_CURVE('',#1905,#2231,#537,.T.);
#2856=EDGE_CURVE('',#1904,#2227,#538,.T.);
#2857=EDGE_CURVE('',#2214,#2230,#539,.T.);
#2858=EDGE_CURVE('',#2232,#2213,#540,.T.);
#2859=EDGE_CURVE('',#2210,#2232,#541,.T.);
#2860=EDGE_CURVE('',#2233,#2208,#542,.T.);
#2861=EDGE_CURVE('',#1911,#2233,#543,.T.);
#2862=EDGE_CURVE('',#1910,#2221,#544,.T.);
#2863=EDGE_CURVE('',#2218,#2224,#545,.T.);
#2864=EDGE_CURVE('',#2234,#2217,#546,.T.);
#2865=EDGE_CURVE('',#1927,#2234,#547,.T.);
#2866=EDGE_CURVE('',#2235,#2231,#548,.T.);
#2867=EDGE_CURVE('',#1906,#2235,#549,.T.);
#2868=EDGE_CURVE('',#2235,#1915,#550,.T.);
#2869=EDGE_CURVE('',#2236,#2216,#551,.T.);
#2870=EDGE_CURVE('',#2236,#2234,#552,.T.);
#2871=EDGE_CURVE('',#1928,#2236,#553,.T.);
#2872=EDGE_CURVE('',#2237,#2237,#1838,.T.);
#2873=EDGE_CURVE('',#2238,#2238,#76,.T.);
#2874=EDGE_CURVE('',#2239,#2239,#1839,.T.);
#2875=EDGE_CURVE('',#2240,#2240,#77,.T.);
#2876=EDGE_CURVE('',#2241,#2242,#1840,.T.);
#2877=EDGE_CURVE('',#2242,#2243,#1841,.T.);
#2878=EDGE_CURVE('',#2244,#2243,#1842,.T.);
#2879=EDGE_CURVE('',#2241,#2244,#1843,.T.);
#2880=EDGE_CURVE('',#2244,#2245,#554,.T.);
#2881=EDGE_CURVE('',#2246,#2245,#78,.T.);
#2882=EDGE_CURVE('',#2247,#2246,#1223,.T.);
#2883=EDGE_CURVE('',#2248,#2247,#1224,.T.);
#2884=EDGE_CURVE('',#2249,#2248,#1225,.T.);
#2885=EDGE_CURVE('',#2245,#2249,#79,.T.);
#2886=EDGE_CURVE('',#2241,#2243,#1844,.T.);
#2887=EDGE_CURVE('',#1971,#2247,#555,.T.);
#2888=EDGE_CURVE('',#2026,#2246,#556,.T.);
#2889=EDGE_CURVE('',#2250,#2251,#80,.T.);
#2890=EDGE_CURVE('',#2252,#2250,#1226,.T.);
#2891=EDGE_CURVE('',#2253,#2252,#1227,.T.);
#2892=EDGE_CURVE('',#2254,#2253,#1228,.T.);
#2893=EDGE_CURVE('',#2251,#2254,#81,.T.);
#2894=EDGE_CURVE('',#2251,#2240,#557,.T.);
#2895=EDGE_CURVE('',#2243,#2241,#1845,.T.);
#2896=EDGE_CURVE('',#2242,#2238,#558,.T.);
#2897=EDGE_CURVE('',#2019,#2254,#559,.T.);
#2898=EDGE_CURVE('',#1964,#2253,#560,.T.);
#2899=EDGE_CURVE('',#2255,#2256,#1229,.T.);
#2900=EDGE_CURVE('',#2256,#2257,#561,.T.);
#2901=EDGE_CURVE('',#2258,#2257,#1846,.T.);
#2902=EDGE_CURVE('',#2255,#2258,#562,.T.);
#2903=EDGE_CURVE('',#2259,#2255,#1230,.T.);
#2904=EDGE_CURVE('',#2260,#2258,#1231,.T.);
#2905=EDGE_CURVE('',#2259,#2260,#563,.T.);
#2906=EDGE_CURVE('',#2261,#2262,#1232,.T.);
#2907=EDGE_CURVE('',#2262,#2263,#564,.T.);
#2908=EDGE_CURVE('',#2263,#2264,#565,.T.);
#2909=EDGE_CURVE('',#2265,#2264,#1847,.T.);
#2910=EDGE_CURVE('',#2261,#2265,#566,.T.);
#2911=EDGE_CURVE('',#2266,#2259,#1233,.T.);
#2912=EDGE_CURVE('',#2267,#2260,#82,.T.);
#2913=EDGE_CURVE('',#2266,#2267,#567,.T.);
#2914=EDGE_CURVE('',#2262,#2266,#83,.T.);
#2915=EDGE_CURVE('',#2264,#2267,#568,.T.);
#2916=EDGE_CURVE('',#2177,#2190,#569,.T.);
#2917=EDGE_CURVE('',#2189,#2178,#570,.T.);
#2918=EDGE_CURVE('',#2268,#2269,#1848,.T.);
#2919=EDGE_CURVE('',#2269,#2270,#571,.T.);
#2920=EDGE_CURVE('',#2270,#2271,#1849,.T.);
#2921=EDGE_CURVE('',#2271,#2272,#1234,.T.);
#2922=EDGE_CURVE('',#2272,#2273,#84,.T.);
#2923=EDGE_CURVE('',#2273,#2274,#572,.T.);
#2924=EDGE_CURVE('',#2274,#2275,#1850,.T.);
#2925=EDGE_CURVE('',#2275,#2276,#573,.T.);
#2926=EDGE_CURVE('',#2276,#2277,#1235,.T.);
#2927=EDGE_CURVE('',#2277,#2265,#574,.T.);
#2928=EDGE_CURVE('',#2257,#2278,#575,.T.);
#2929=EDGE_CURVE('',#2278,#2279,#1851,.T.);
#2930=EDGE_CURVE('',#2279,#2280,#1236,.T.);
#2931=EDGE_CURVE('',#2280,#2199,#576,.T.);
#2932=EDGE_CURVE('',#2215,#2281,#577,.T.);
#2933=EDGE_CURVE('',#2281,#2282,#578,.T.);
#2934=EDGE_CURVE('',#2282,#2283,#579,.T.);
#2935=EDGE_CURVE('',#2283,#2284,#580,.T.);
#2936=EDGE_CURVE('',#2284,#2285,#581,.T.);
#2937=EDGE_CURVE('',#2285,#2165,#582,.T.);
#2938=EDGE_CURVE('',#2167,#2286,#583,.T.);
#2939=EDGE_CURVE('',#2286,#2287,#1237,.T.);
#2940=EDGE_CURVE('',#2287,#2288,#85,.T.);
#2941=EDGE_CURVE('',#2288,#2289,#584,.T.);
#2942=EDGE_CURVE('',#2289,#2290,#585,.T.);
#2943=EDGE_CURVE('',#2290,#2268,#1238,.T.);
#2944=EDGE_CURVE('',#2284,#1987,#586,.T.);
#2945=EDGE_CURVE('',#1988,#2283,#587,.T.);
#2946=EDGE_CURVE('',#1989,#2282,#588,.T.);
#2947=EDGE_CURVE('',#1886,#2233,#589,.T.);
#2948=EDGE_CURVE('',#1899,#2232,#590,.T.);
#2949=EDGE_CURVE('',#1990,#2281,#591,.T.);
#2950=EDGE_CURVE('',#2291,#2292,#592,.T.);
#2951=EDGE_CURVE('',#1960,#2292,#593,.T.);
#2952=EDGE_CURVE('',#2293,#2280,#594,.T.);
#2953=EDGE_CURVE('',#2293,#2294,#595,.T.);
#2954=EDGE_CURVE('',#2294,#2291,#596,.T.);
#2955=EDGE_CURVE('',#2292,#2295,#1239,.T.);
#2956=EDGE_CURVE('',#1959,#2295,#597,.T.);
#2957=EDGE_CURVE('',#2114,#2133,#598,.T.);
#2958=EDGE_CURVE('',#1986,#2285,#599,.T.);
#2959=EDGE_CURVE('',#2295,#2296,#1240,.T.);
#2960=EDGE_CURVE('',#2018,#2296,#600,.T.);
#2961=EDGE_CURVE('',#1940,#2286,#601,.T.);
#2962=EDGE_CURVE('',#1941,#2297,#602,.T.);
#2963=EDGE_CURVE('',#2297,#2298,#603,.T.);
#2964=EDGE_CURVE('',#2298,#2287,#604,.T.);
#2965=EDGE_CURVE('',#1979,#2289,#605,.T.);
#2966=EDGE_CURVE('',#1980,#2288,#606,.T.);
#2967=EDGE_CURVE('',#2195,#2184,#607,.T.);
#2968=EDGE_CURVE('',#2299,#2299,#1852,.T.);
#2969=EDGE_CURVE('',#2299,#2237,#608,.T.);
#2970=EDGE_CURVE('',#2300,#2300,#1853,.T.);
#2971=EDGE_CURVE('',#2300,#2239,#609,.T.);
#2972=EDGE_CURVE('',#2183,#2196,#610,.T.);
#2973=EDGE_CURVE('',#2301,#2301,#1854,.T.);
#2974=EDGE_CURVE('',#2301,#1861,#611,.T.);
#2975=EDGE_CURVE('',#2302,#2261,#86,.T.);
#2976=EDGE_CURVE('',#2302,#2277,#612,.T.);
#2977=EDGE_CURVE('',#2303,#2302,#1241,.T.);
#2978=EDGE_CURVE('',#2303,#2276,#613,.T.);
#2979=EDGE_CURVE('',#2304,#2303,#87,.T.);
#2980=EDGE_CURVE('',#2305,#2275,#614,.T.);
#2981=EDGE_CURVE('',#2304,#2305,#615,.T.);
#2982=EDGE_CURVE('',#2306,#2304,#1242,.T.);
#2983=EDGE_CURVE('',#2306,#2274,#616,.T.);
#2984=EDGE_CURVE('',#2307,#2306,#88,.T.);
#2985=EDGE_CURVE('',#2307,#2273,#617,.T.);
#2986=EDGE_CURVE('',#2296,#2308,#1855,.T.);
#2987=EDGE_CURVE('',#2250,#2308,#618,.T.);
#2988=EDGE_CURVE('',#2256,#2309,#1856,.T.);
#2989=EDGE_CURVE('',#2309,#2278,#619,.T.);
#2990=EDGE_CURVE('',#2310,#2307,#1243,.T.);
#2991=EDGE_CURVE('',#2310,#2272,#620,.T.);
#2992=EDGE_CURVE('',#2309,#2311,#1244,.T.);
#2993=EDGE_CURVE('',#2311,#2279,#621,.T.);
#2994=EDGE_CURVE('',#2312,#2310,#1245,.T.);
#2995=EDGE_CURVE('',#2312,#2271,#622,.T.);
#2996=EDGE_CURVE('',#2313,#2312,#1246,.T.);
#2997=EDGE_CURVE('',#2313,#2270,#623,.T.);
#2998=EDGE_CURVE('',#2311,#2293,#1247,.T.);
#2999=EDGE_CURVE('',#2314,#2313,#1857,.T.);
#3000=EDGE_CURVE('',#2314,#2269,#624,.T.);
#3001=EDGE_CURVE('',#2315,#2316,#1858,.T.);
#3002=EDGE_CURVE('',#2027,#2316,#625,.T.);
#3003=EDGE_CURVE('',#2249,#2315,#626,.T.);
#3004=EDGE_CURVE('',#2316,#2317,#1248,.T.);
#3005=EDGE_CURVE('',#1976,#2317,#627,.T.);
#3006=EDGE_CURVE('',#2318,#2314,#1249,.T.);
#3007=EDGE_CURVE('',#2318,#2268,#628,.T.);
#3008=EDGE_CURVE('',#2317,#2319,#1250,.T.);
#3009=EDGE_CURVE('',#1975,#2319,#629,.T.);
#3010=EDGE_CURVE('',#2320,#2318,#1251,.T.);
#3011=EDGE_CURVE('',#2320,#2290,#630,.T.);
#3012=EDGE_CURVE('',#2319,#2321,#631,.T.);
#3013=EDGE_CURVE('',#2321,#2322,#632,.T.);
#3014=EDGE_CURVE('',#2322,#2320,#633,.T.);
#3015=EDGE_CURVE('',#2308,#2323,#1252,.T.);
#3016=EDGE_CURVE('',#2252,#2323,#634,.T.);
#3017=EDGE_CURVE('',#2323,#2324,#1253,.T.);
#3018=EDGE_CURVE('',#1963,#2324,#635,.T.);
#3019=EDGE_CURVE('',#2324,#2325,#1254,.T.);
#3020=EDGE_CURVE('',#2020,#2325,#636,.T.);
#3021=EDGE_CURVE('',#2325,#2326,#89,.T.);
#3022=EDGE_CURVE('',#2327,#2326,#637,.T.);
#3023=EDGE_CURVE('',#2327,#2021,#638,.T.);
#3024=EDGE_CURVE('',#2328,#2315,#1255,.T.);
#3025=EDGE_CURVE('',#2248,#2328,#639,.T.);
#3026=EDGE_CURVE('',#2326,#2329,#1256,.T.);
#3027=EDGE_CURVE('',#2022,#2329,#640,.T.);
#3028=EDGE_CURVE('',#2330,#2328,#1257,.T.);
#3029=EDGE_CURVE('',#1972,#2330,#641,.T.);
#3030=EDGE_CURVE('',#2329,#2331,#90,.T.);
#3031=EDGE_CURVE('',#1968,#2331,#642,.T.);
#3032=EDGE_CURVE('',#2332,#2330,#1258,.T.);
#3033=EDGE_CURVE('',#2025,#2332,#643,.T.);
#3034=EDGE_CURVE('',#2331,#2333,#1259,.T.);
#3035=EDGE_CURVE('',#2333,#2334,#1260,.T.);
#3036=EDGE_CURVE('',#1967,#2334,#644,.T.);
#3037=EDGE_CURVE('',#2335,#2332,#91,.T.);
#3038=EDGE_CURVE('',#2024,#2335,#645,.T.);
#3039=EDGE_CURVE('',#2336,#2335,#1261,.T.);
#3040=EDGE_CURVE('',#2337,#2023,#646,.T.);
#3041=EDGE_CURVE('',#2337,#2336,#647,.T.);
#3042=EDGE_CURVE('',#2334,#2336,#92,.T.);
#3043=EDGE_CURVE('',#2322,#2321,#1859,.T.);
#3044=EDGE_CURVE('',#1862,#2333,#648,.T.);
#3045=EDGE_CURVE('',#2291,#2294,#1860,.T.);
#3046=ORIENTED_EDGE('',*,*,#2338,.F.);
#3047=ORIENTED_EDGE('',*,*,#2339,.F.);
#3048=ORIENTED_EDGE('',*,*,#2340,.F.);
#3049=ORIENTED_EDGE('',*,*,#2341,.F.);
#3050=ORIENTED_EDGE('',*,*,#2342,.F.);
#3051=ORIENTED_EDGE('',*,*,#2343,.T.);
#3052=ORIENTED_EDGE('',*,*,#2344,.F.);
#3053=ORIENTED_EDGE('',*,*,#2343,.F.);
#3054=ORIENTED_EDGE('',*,*,#2345,.F.);
#3055=ORIENTED_EDGE('',*,*,#2346,.T.);
#3056=ORIENTED_EDGE('',*,*,#2347,.F.);
#3057=ORIENTED_EDGE('',*,*,#2348,.F.);
#3058=ORIENTED_EDGE('',*,*,#2349,.F.);
#3059=ORIENTED_EDGE('',*,*,#2350,.F.);
#3060=ORIENTED_EDGE('',*,*,#2351,.F.);
#3061=ORIENTED_EDGE('',*,*,#2352,.F.);
#3062=ORIENTED_EDGE('',*,*,#2353,.F.);
#3063=ORIENTED_EDGE('',*,*,#2354,.F.);
#3064=ORIENTED_EDGE('',*,*,#2355,.F.);
#3065=ORIENTED_EDGE('',*,*,#2356,.F.);
#3066=ORIENTED_EDGE('',*,*,#2357,.F.);
#3067=ORIENTED_EDGE('',*,*,#2358,.F.);
#3068=ORIENTED_EDGE('',*,*,#2359,.F.);
#3069=ORIENTED_EDGE('',*,*,#2360,.F.);
#3070=ORIENTED_EDGE('',*,*,#2361,.F.);
#3071=ORIENTED_EDGE('',*,*,#2362,.F.);
#3072=ORIENTED_EDGE('',*,*,#2363,.F.);
#3073=ORIENTED_EDGE('',*,*,#2364,.F.);
#3074=ORIENTED_EDGE('',*,*,#2365,.F.);
#3075=ORIENTED_EDGE('',*,*,#2366,.F.);
#3076=ORIENTED_EDGE('',*,*,#2367,.F.);
#3077=ORIENTED_EDGE('',*,*,#2368,.F.);
#3078=ORIENTED_EDGE('',*,*,#2369,.F.);
#3079=ORIENTED_EDGE('',*,*,#2370,.F.);
#3080=ORIENTED_EDGE('',*,*,#2371,.F.);
#3081=ORIENTED_EDGE('',*,*,#2372,.F.);
#3082=ORIENTED_EDGE('',*,*,#2373,.F.);
#3083=ORIENTED_EDGE('',*,*,#2374,.F.);
#3084=ORIENTED_EDGE('',*,*,#2375,.F.);
#3085=ORIENTED_EDGE('',*,*,#2376,.F.);
#3086=ORIENTED_EDGE('',*,*,#2377,.F.);
#3087=ORIENTED_EDGE('',*,*,#2378,.F.);
#3088=ORIENTED_EDGE('',*,*,#2379,.F.);
#3089=ORIENTED_EDGE('',*,*,#2380,.F.);
#3090=ORIENTED_EDGE('',*,*,#2381,.F.);
#3091=ORIENTED_EDGE('',*,*,#2341,.T.);
#3092=ORIENTED_EDGE('',*,*,#2382,.F.);
#3093=ORIENTED_EDGE('',*,*,#2346,.F.);
#3094=ORIENTED_EDGE('',*,*,#2383,.F.);
#3095=ORIENTED_EDGE('',*,*,#2380,.T.);
#3096=ORIENTED_EDGE('',*,*,#2363,.T.);
#3097=ORIENTED_EDGE('',*,*,#2340,.T.);
#3098=ORIENTED_EDGE('',*,*,#2344,.T.);
#3099=ORIENTED_EDGE('',*,*,#2384,.T.);
#3100=ORIENTED_EDGE('',*,*,#2385,.T.);
#3101=ORIENTED_EDGE('',*,*,#2386,.T.);
#3102=ORIENTED_EDGE('',*,*,#2387,.T.);
#3103=ORIENTED_EDGE('',*,*,#2388,.F.);
#3104=ORIENTED_EDGE('',*,*,#2389,.F.);
#3105=ORIENTED_EDGE('',*,*,#2390,.T.);
#3106=ORIENTED_EDGE('',*,*,#2391,.T.);
#3107=ORIENTED_EDGE('',*,*,#2392,.T.);
#3108=ORIENTED_EDGE('',*,*,#2393,.T.);
#3109=ORIENTED_EDGE('',*,*,#2362,.T.);
#3110=ORIENTED_EDGE('',*,*,#2394,.F.);
#3111=ORIENTED_EDGE('',*,*,#2395,.T.);
#3112=ORIENTED_EDGE('',*,*,#2384,.F.);
#3113=ORIENTED_EDGE('',*,*,#2361,.T.);
#3114=ORIENTED_EDGE('',*,*,#2396,.T.);
#3115=ORIENTED_EDGE('',*,*,#2397,.T.);
#3116=ORIENTED_EDGE('',*,*,#2394,.T.);
#3117=ORIENTED_EDGE('',*,*,#2360,.T.);
#3118=ORIENTED_EDGE('',*,*,#2398,.T.);
#3119=ORIENTED_EDGE('',*,*,#2399,.F.);
#3120=ORIENTED_EDGE('',*,*,#2400,.F.);
#3121=ORIENTED_EDGE('',*,*,#2401,.T.);
#3122=ORIENTED_EDGE('',*,*,#2396,.F.);
#3123=ORIENTED_EDGE('',*,*,#2359,.T.);
#3124=ORIENTED_EDGE('',*,*,#2402,.T.);
#3125=ORIENTED_EDGE('',*,*,#2403,.F.);
#3126=ORIENTED_EDGE('',*,*,#2398,.F.);
#3127=ORIENTED_EDGE('',*,*,#2358,.T.);
#3128=ORIENTED_EDGE('',*,*,#2404,.T.);
#3129=ORIENTED_EDGE('',*,*,#2405,.F.);
#3130=ORIENTED_EDGE('',*,*,#2402,.F.);
#3131=ORIENTED_EDGE('',*,*,#2357,.T.);
#3132=ORIENTED_EDGE('',*,*,#2406,.T.);
#3133=ORIENTED_EDGE('',*,*,#2407,.F.);
#3134=ORIENTED_EDGE('',*,*,#2404,.F.);
#3135=ORIENTED_EDGE('',*,*,#2356,.T.);
#3136=ORIENTED_EDGE('',*,*,#2408,.T.);
#3137=ORIENTED_EDGE('',*,*,#2409,.F.);
#3138=ORIENTED_EDGE('',*,*,#2406,.F.);
#3139=ORIENTED_EDGE('',*,*,#2355,.T.);
#3140=ORIENTED_EDGE('',*,*,#2410,.T.);
#3141=ORIENTED_EDGE('',*,*,#2411,.F.);
#3142=ORIENTED_EDGE('',*,*,#2408,.F.);
#3143=ORIENTED_EDGE('',*,*,#2354,.T.);
#3144=ORIENTED_EDGE('',*,*,#2412,.T.);
#3145=ORIENTED_EDGE('',*,*,#2413,.F.);
#3146=ORIENTED_EDGE('',*,*,#2410,.F.);
#3147=ORIENTED_EDGE('',*,*,#2353,.T.);
#3148=ORIENTED_EDGE('',*,*,#2414,.T.);
#3149=ORIENTED_EDGE('',*,*,#2415,.F.);
#3150=ORIENTED_EDGE('',*,*,#2412,.F.);
#3151=ORIENTED_EDGE('',*,*,#2352,.T.);
#3152=ORIENTED_EDGE('',*,*,#2416,.T.);
#3153=ORIENTED_EDGE('',*,*,#2417,.F.);
#3154=ORIENTED_EDGE('',*,*,#2414,.F.);
#3155=ORIENTED_EDGE('',*,*,#2351,.T.);
#3156=ORIENTED_EDGE('',*,*,#2418,.T.);
#3157=ORIENTED_EDGE('',*,*,#2419,.F.);
#3158=ORIENTED_EDGE('',*,*,#2416,.F.);
#3159=ORIENTED_EDGE('',*,*,#2350,.T.);
#3160=ORIENTED_EDGE('',*,*,#2420,.T.);
#3161=ORIENTED_EDGE('',*,*,#2421,.T.);
#3162=ORIENTED_EDGE('',*,*,#2422,.T.);
#3163=ORIENTED_EDGE('',*,*,#2423,.F.);
#3164=ORIENTED_EDGE('',*,*,#2418,.F.);
#3165=ORIENTED_EDGE('',*,*,#2349,.T.);
#3166=ORIENTED_EDGE('',*,*,#2424,.F.);
#3167=ORIENTED_EDGE('',*,*,#2425,.T.);
#3168=ORIENTED_EDGE('',*,*,#2420,.F.);
#3169=ORIENTED_EDGE('',*,*,#2348,.T.);
#3170=ORIENTED_EDGE('',*,*,#2426,.T.);
#3171=ORIENTED_EDGE('',*,*,#2427,.T.);
#3172=ORIENTED_EDGE('',*,*,#2424,.T.);
#3173=ORIENTED_EDGE('',*,*,#2428,.F.);
#3174=ORIENTED_EDGE('',*,*,#2429,.T.);
#3175=ORIENTED_EDGE('',*,*,#2430,.F.);
#3176=ORIENTED_EDGE('',*,*,#2429,.F.);
#3177=ORIENTED_EDGE('',*,*,#2431,.T.);
#3178=ORIENTED_EDGE('',*,*,#2432,.T.);
#3179=ORIENTED_EDGE('',*,*,#2433,.T.);
#3180=ORIENTED_EDGE('',*,*,#2434,.F.);
#3181=ORIENTED_EDGE('',*,*,#2435,.T.);
#3182=ORIENTED_EDGE('',*,*,#2436,.T.);
#3183=ORIENTED_EDGE('',*,*,#2437,.T.);
#3184=ORIENTED_EDGE('',*,*,#2438,.F.);
#3185=ORIENTED_EDGE('',*,*,#2439,.F.);
#3186=ORIENTED_EDGE('',*,*,#2440,.T.);
#3187=ORIENTED_EDGE('',*,*,#2441,.T.);
#3188=ORIENTED_EDGE('',*,*,#2442,.F.);
#3189=ORIENTED_EDGE('',*,*,#2443,.F.);
#3190=ORIENTED_EDGE('',*,*,#2438,.T.);
#3191=ORIENTED_EDGE('',*,*,#2444,.T.);
#3192=ORIENTED_EDGE('',*,*,#2445,.F.);
#3193=ORIENTED_EDGE('',*,*,#2446,.F.);
#3194=ORIENTED_EDGE('',*,*,#2447,.T.);
#3195=ORIENTED_EDGE('',*,*,#2448,.T.);
#3196=ORIENTED_EDGE('',*,*,#2436,.F.);
#3197=ORIENTED_EDGE('',*,*,#2449,.F.);
#3198=ORIENTED_EDGE('',*,*,#2450,.T.);
#3199=ORIENTED_EDGE('',*,*,#2451,.T.);
#3200=ORIENTED_EDGE('',*,*,#2452,.F.);
#3201=ORIENTED_EDGE('',*,*,#2453,.F.);
#3202=ORIENTED_EDGE('',*,*,#2434,.T.);
#3203=ORIENTED_EDGE('',*,*,#2454,.T.);
#3204=ORIENTED_EDGE('',*,*,#2455,.F.);
#3205=ORIENTED_EDGE('',*,*,#2390,.F.);
#3206=ORIENTED_EDGE('',*,*,#2456,.T.);
#3207=ORIENTED_EDGE('',*,*,#2457,.T.);
#3208=ORIENTED_EDGE('',*,*,#2432,.F.);
#3209=ORIENTED_EDGE('',*,*,#2458,.F.);
#3210=ORIENTED_EDGE('',*,*,#2459,.T.);
#3211=ORIENTED_EDGE('',*,*,#2460,.T.);
#3212=ORIENTED_EDGE('',*,*,#2461,.F.);
#3213=ORIENTED_EDGE('',*,*,#2462,.F.);
#3214=ORIENTED_EDGE('',*,*,#2463,.T.);
#3215=ORIENTED_EDGE('',*,*,#2464,.T.);
#3216=ORIENTED_EDGE('',*,*,#2465,.F.);
#3217=ORIENTED_EDGE('',*,*,#2466,.F.);
#3218=ORIENTED_EDGE('',*,*,#2467,.T.);
#3219=ORIENTED_EDGE('',*,*,#2468,.T.);
#3220=ORIENTED_EDGE('',*,*,#2469,.F.);
#3221=ORIENTED_EDGE('',*,*,#2470,.F.);
#3222=ORIENTED_EDGE('',*,*,#2471,.T.);
#3223=ORIENTED_EDGE('',*,*,#2472,.T.);
#3224=ORIENTED_EDGE('',*,*,#2473,.F.);
#3225=ORIENTED_EDGE('',*,*,#2474,.F.);
#3226=ORIENTED_EDGE('',*,*,#2475,.T.);
#3227=ORIENTED_EDGE('',*,*,#2476,.T.);
#3228=ORIENTED_EDGE('',*,*,#2477,.F.);
#3229=ORIENTED_EDGE('',*,*,#2478,.F.);
#3230=ORIENTED_EDGE('',*,*,#2479,.T.);
#3231=ORIENTED_EDGE('',*,*,#2480,.T.);
#3232=ORIENTED_EDGE('',*,*,#2481,.T.);
#3233=ORIENTED_EDGE('',*,*,#2480,.F.);
#3234=ORIENTED_EDGE('',*,*,#2482,.F.);
#3235=ORIENTED_EDGE('',*,*,#2483,.F.);
#3236=ORIENTED_EDGE('',*,*,#2484,.F.);
#3237=ORIENTED_EDGE('',*,*,#2441,.F.);
#3238=ORIENTED_EDGE('',*,*,#2485,.F.);
#3239=ORIENTED_EDGE('',*,*,#2486,.F.);
#3240=ORIENTED_EDGE('',*,*,#2487,.F.);
#3241=ORIENTED_EDGE('',*,*,#2488,.F.);
#3242=ORIENTED_EDGE('',*,*,#2489,.F.);
#3243=ORIENTED_EDGE('',*,*,#2490,.F.);
#3244=ORIENTED_EDGE('',*,*,#2491,.F.);
#3245=ORIENTED_EDGE('',*,*,#2492,.F.);
#3246=ORIENTED_EDGE('',*,*,#2493,.F.);
#3247=ORIENTED_EDGE('',*,*,#2494,.F.);
#3248=ORIENTED_EDGE('',*,*,#2495,.F.);
#3249=ORIENTED_EDGE('',*,*,#2444,.F.);
#3250=ORIENTED_EDGE('',*,*,#2437,.F.);
#3251=ORIENTED_EDGE('',*,*,#2448,.F.);
#3252=ORIENTED_EDGE('',*,*,#2496,.F.);
#3253=ORIENTED_EDGE('',*,*,#2497,.F.);
#3254=ORIENTED_EDGE('',*,*,#2498,.F.);
#3255=ORIENTED_EDGE('',*,*,#2499,.F.);
#3256=ORIENTED_EDGE('',*,*,#2500,.F.);
#3257=ORIENTED_EDGE('',*,*,#2501,.F.);
#3258=ORIENTED_EDGE('',*,*,#2502,.F.);
#3259=ORIENTED_EDGE('',*,*,#2451,.F.);
#3260=ORIENTED_EDGE('',*,*,#2503,.F.);
#3261=ORIENTED_EDGE('',*,*,#2504,.F.);
#3262=ORIENTED_EDGE('',*,*,#2505,.F.);
#3263=ORIENTED_EDGE('',*,*,#2506,.F.);
#3264=ORIENTED_EDGE('',*,*,#2507,.F.);
#3265=ORIENTED_EDGE('',*,*,#2508,.F.);
#3266=ORIENTED_EDGE('',*,*,#2509,.F.);
#3267=ORIENTED_EDGE('',*,*,#2454,.F.);
#3268=ORIENTED_EDGE('',*,*,#2433,.F.);
#3269=ORIENTED_EDGE('',*,*,#2457,.F.);
#3270=ORIENTED_EDGE('',*,*,#2510,.F.);
#3271=ORIENTED_EDGE('',*,*,#2511,.F.);
#3272=ORIENTED_EDGE('',*,*,#2512,.F.);
#3273=ORIENTED_EDGE('',*,*,#2513,.F.);
#3274=ORIENTED_EDGE('',*,*,#2514,.F.);
#3275=ORIENTED_EDGE('',*,*,#2515,.F.);
#3276=ORIENTED_EDGE('',*,*,#2516,.F.);
#3277=ORIENTED_EDGE('',*,*,#2517,.F.);
#3278=ORIENTED_EDGE('',*,*,#2518,.F.);
#3279=ORIENTED_EDGE('',*,*,#2519,.F.);
#3280=ORIENTED_EDGE('',*,*,#2520,.F.);
#3281=ORIENTED_EDGE('',*,*,#2521,.F.);
#3282=ORIENTED_EDGE('',*,*,#2522,.F.);
#3283=ORIENTED_EDGE('',*,*,#2523,.F.);
#3284=ORIENTED_EDGE('',*,*,#2460,.F.);
#3285=ORIENTED_EDGE('',*,*,#2524,.F.);
#3286=ORIENTED_EDGE('',*,*,#2525,.F.);
#3287=ORIENTED_EDGE('',*,*,#2526,.F.);
#3288=ORIENTED_EDGE('',*,*,#2464,.F.);
#3289=ORIENTED_EDGE('',*,*,#2527,.F.);
#3290=ORIENTED_EDGE('',*,*,#2528,.F.);
#3291=ORIENTED_EDGE('',*,*,#2529,.F.);
#3292=ORIENTED_EDGE('',*,*,#2468,.F.);
#3293=ORIENTED_EDGE('',*,*,#2530,.F.);
#3294=ORIENTED_EDGE('',*,*,#2531,.F.);
#3295=ORIENTED_EDGE('',*,*,#2532,.F.);
#3296=ORIENTED_EDGE('',*,*,#2533,.F.);
#3297=ORIENTED_EDGE('',*,*,#2472,.F.);
#3298=ORIENTED_EDGE('',*,*,#2534,.F.);
#3299=ORIENTED_EDGE('',*,*,#2535,.F.);
#3300=ORIENTED_EDGE('',*,*,#2536,.F.);
#3301=ORIENTED_EDGE('',*,*,#2537,.F.);
#3302=ORIENTED_EDGE('',*,*,#2476,.F.);
#3303=ORIENTED_EDGE('',*,*,#2538,.F.);
#3304=ORIENTED_EDGE('',*,*,#2539,.F.);
#3305=ORIENTED_EDGE('',*,*,#2540,.F.);
#3306=ORIENTED_EDGE('',*,*,#2430,.T.);
#3307=ORIENTED_EDGE('',*,*,#2541,.F.);
#3308=ORIENTED_EDGE('',*,*,#2542,.T.);
#3309=ORIENTED_EDGE('',*,*,#2543,.F.);
#3310=ORIENTED_EDGE('',*,*,#2542,.F.);
#3311=ORIENTED_EDGE('',*,*,#2544,.F.);
#3312=ORIENTED_EDGE('',*,*,#2545,.T.);
#3313=ORIENTED_EDGE('',*,*,#2546,.F.);
#3314=ORIENTED_EDGE('',*,*,#2545,.F.);
#3315=ORIENTED_EDGE('',*,*,#2547,.F.);
#3316=ORIENTED_EDGE('',*,*,#2548,.T.);
#3317=ORIENTED_EDGE('',*,*,#2549,.F.);
#3318=ORIENTED_EDGE('',*,*,#2548,.F.);
#3319=ORIENTED_EDGE('',*,*,#2550,.F.);
#3320=ORIENTED_EDGE('',*,*,#2551,.T.);
#3321=ORIENTED_EDGE('',*,*,#2552,.F.);
#3322=ORIENTED_EDGE('',*,*,#2551,.F.);
#3323=ORIENTED_EDGE('',*,*,#2553,.F.);
#3324=ORIENTED_EDGE('',*,*,#2554,.T.);
#3325=ORIENTED_EDGE('',*,*,#2555,.F.);
#3326=ORIENTED_EDGE('',*,*,#2554,.F.);
#3327=ORIENTED_EDGE('',*,*,#2556,.F.);
#3328=ORIENTED_EDGE('',*,*,#2557,.T.);
#3329=ORIENTED_EDGE('',*,*,#2558,.F.);
#3330=ORIENTED_EDGE('',*,*,#2557,.F.);
#3331=ORIENTED_EDGE('',*,*,#2559,.F.);
#3332=ORIENTED_EDGE('',*,*,#2560,.T.);
#3333=ORIENTED_EDGE('',*,*,#2561,.F.);
#3334=ORIENTED_EDGE('',*,*,#2560,.F.);
#3335=ORIENTED_EDGE('',*,*,#2562,.F.);
#3336=ORIENTED_EDGE('',*,*,#2563,.T.);
#3337=ORIENTED_EDGE('',*,*,#2564,.F.);
#3338=ORIENTED_EDGE('',*,*,#2563,.F.);
#3339=ORIENTED_EDGE('',*,*,#2565,.F.);
#3340=ORIENTED_EDGE('',*,*,#2566,.F.);
#3341=ORIENTED_EDGE('',*,*,#2567,.F.);
#3342=ORIENTED_EDGE('',*,*,#2568,.T.);
#3343=ORIENTED_EDGE('',*,*,#2569,.F.);
#3344=ORIENTED_EDGE('',*,*,#2570,.F.);
#3345=ORIENTED_EDGE('',*,*,#2571,.F.);
#3346=ORIENTED_EDGE('',*,*,#2572,.F.);
#3347=ORIENTED_EDGE('',*,*,#2573,.F.);
#3348=ORIENTED_EDGE('',*,*,#2574,.F.);
#3349=ORIENTED_EDGE('',*,*,#2568,.F.);
#3350=ORIENTED_EDGE('',*,*,#2575,.F.);
#3351=ORIENTED_EDGE('',*,*,#2576,.T.);
#3352=ORIENTED_EDGE('',*,*,#2577,.F.);
#3353=ORIENTED_EDGE('',*,*,#2578,.F.);
#3354=ORIENTED_EDGE('',*,*,#2579,.F.);
#3355=ORIENTED_EDGE('',*,*,#2580,.F.);
#3356=ORIENTED_EDGE('',*,*,#2581,.F.);
#3357=ORIENTED_EDGE('',*,*,#2582,.F.);
#3358=ORIENTED_EDGE('',*,*,#2576,.F.);
#3359=ORIENTED_EDGE('',*,*,#2583,.F.);
#3360=ORIENTED_EDGE('',*,*,#2584,.T.);
#3361=ORIENTED_EDGE('',*,*,#2585,.F.);
#3362=ORIENTED_EDGE('',*,*,#2586,.F.);
#3363=ORIENTED_EDGE('',*,*,#2587,.F.);
#3364=ORIENTED_EDGE('',*,*,#2588,.F.);
#3365=ORIENTED_EDGE('',*,*,#2589,.F.);
#3366=ORIENTED_EDGE('',*,*,#2590,.T.);
#3367=ORIENTED_EDGE('',*,*,#2591,.F.);
#3368=ORIENTED_EDGE('',*,*,#2584,.F.);
#3369=ORIENTED_EDGE('',*,*,#2592,.F.);
#3370=ORIENTED_EDGE('',*,*,#2566,.T.);
#3371=ORIENTED_EDGE('',*,*,#2593,.F.);
#3372=ORIENTED_EDGE('',*,*,#2590,.F.);
#3373=ORIENTED_EDGE('',*,*,#2594,.F.);
#3374=ORIENTED_EDGE('',*,*,#2595,.T.);
#3375=ORIENTED_EDGE('',*,*,#2596,.F.);
#3376=ORIENTED_EDGE('',*,*,#2595,.F.);
#3377=ORIENTED_EDGE('',*,*,#2597,.F.);
#3378=ORIENTED_EDGE('',*,*,#2598,.F.);
#3379=ORIENTED_EDGE('',*,*,#2599,.F.);
#3380=ORIENTED_EDGE('',*,*,#2600,.T.);
#3381=ORIENTED_EDGE('',*,*,#2601,.F.);
#3382=ORIENTED_EDGE('',*,*,#2600,.F.);
#3383=ORIENTED_EDGE('',*,*,#2602,.F.);
#3384=ORIENTED_EDGE('',*,*,#2586,.T.);
#3385=ORIENTED_EDGE('',*,*,#2603,.F.);
#3386=ORIENTED_EDGE('',*,*,#2604,.F.);
#3387=ORIENTED_EDGE('',*,*,#2605,.F.);
#3388=ORIENTED_EDGE('',*,*,#2606,.T.);
#3389=ORIENTED_EDGE('',*,*,#2607,.F.);
#3390=ORIENTED_EDGE('',*,*,#2608,.F.);
#3391=ORIENTED_EDGE('',*,*,#2609,.F.);
#3392=ORIENTED_EDGE('',*,*,#2610,.F.);
#3393=ORIENTED_EDGE('',*,*,#2611,.F.);
#3394=ORIENTED_EDGE('',*,*,#2612,.F.);
#3395=ORIENTED_EDGE('',*,*,#2613,.F.);
#3396=ORIENTED_EDGE('',*,*,#2614,.F.);
#3397=ORIENTED_EDGE('',*,*,#2615,.F.);
#3398=ORIENTED_EDGE('',*,*,#2616,.F.);
#3399=ORIENTED_EDGE('',*,*,#2617,.F.);
#3400=ORIENTED_EDGE('',*,*,#2604,.T.);
#3401=ORIENTED_EDGE('',*,*,#2618,.F.);
#3402=ORIENTED_EDGE('',*,*,#2619,.F.);
#3403=ORIENTED_EDGE('',*,*,#2620,.F.);
#3404=ORIENTED_EDGE('',*,*,#2621,.F.);
#3405=ORIENTED_EDGE('',*,*,#2622,.F.);
#3406=ORIENTED_EDGE('',*,*,#2623,.T.);
#3407=ORIENTED_EDGE('',*,*,#2624,.F.);
#3408=ORIENTED_EDGE('',*,*,#2606,.F.);
#3409=ORIENTED_EDGE('',*,*,#2625,.F.);
#3410=ORIENTED_EDGE('',*,*,#2626,.T.);
#3411=ORIENTED_EDGE('',*,*,#2627,.F.);
#3412=ORIENTED_EDGE('',*,*,#2628,.F.);
#3413=ORIENTED_EDGE('',*,*,#2629,.F.);
#3414=ORIENTED_EDGE('',*,*,#2630,.F.);
#3415=ORIENTED_EDGE('',*,*,#2631,.F.);
#3416=ORIENTED_EDGE('',*,*,#2632,.F.);
#3417=ORIENTED_EDGE('',*,*,#2633,.F.);
#3418=ORIENTED_EDGE('',*,*,#2634,.F.);
#3419=ORIENTED_EDGE('',*,*,#2635,.F.);
#3420=ORIENTED_EDGE('',*,*,#2626,.F.);
#3421=ORIENTED_EDGE('',*,*,#2636,.F.);
#3422=ORIENTED_EDGE('',*,*,#2616,.T.);
#3423=ORIENTED_EDGE('',*,*,#2637,.F.);
#3424=ORIENTED_EDGE('',*,*,#2638,.F.);
#3425=ORIENTED_EDGE('',*,*,#2639,.F.);
#3426=ORIENTED_EDGE('',*,*,#2640,.F.);
#3427=ORIENTED_EDGE('',*,*,#2641,.F.);
#3428=ORIENTED_EDGE('',*,*,#2642,.F.);
#3429=ORIENTED_EDGE('',*,*,#2643,.F.);
#3430=ORIENTED_EDGE('',*,*,#2644,.F.);
#3431=ORIENTED_EDGE('',*,*,#2619,.T.);
#3432=ORIENTED_EDGE('',*,*,#2645,.F.);
#3433=ORIENTED_EDGE('',*,*,#2623,.F.);
#3434=ORIENTED_EDGE('',*,*,#2646,.F.);
#3435=ORIENTED_EDGE('',*,*,#2647,.F.);
#3436=ORIENTED_EDGE('',*,*,#2648,.F.);
#3437=ORIENTED_EDGE('',*,*,#2649,.F.);
#3438=ORIENTED_EDGE('',*,*,#2650,.T.);
#3439=ORIENTED_EDGE('',*,*,#2651,.F.);
#3440=ORIENTED_EDGE('',*,*,#2650,.F.);
#3441=ORIENTED_EDGE('',*,*,#2652,.F.);
#3442=ORIENTED_EDGE('',*,*,#2638,.T.);
#3443=ORIENTED_EDGE('',*,*,#2653,.F.);
#3444=ORIENTED_EDGE('',*,*,#2654,.F.);
#3445=ORIENTED_EDGE('',*,*,#2655,.F.);
#3446=ORIENTED_EDGE('',*,*,#2656,.F.);
#3447=ORIENTED_EDGE('',*,*,#2657,.F.);
#3448=ORIENTED_EDGE('',*,*,#2658,.F.);
#3449=ORIENTED_EDGE('',*,*,#2659,.T.);
#3450=ORIENTED_EDGE('',*,*,#2660,.F.);
#3451=ORIENTED_EDGE('',*,*,#2659,.F.);
#3452=ORIENTED_EDGE('',*,*,#2661,.F.);
#3453=ORIENTED_EDGE('',*,*,#2662,.T.);
#3454=ORIENTED_EDGE('',*,*,#2663,.F.);
#3455=ORIENTED_EDGE('',*,*,#2662,.F.);
#3456=ORIENTED_EDGE('',*,*,#2664,.F.);
#3457=ORIENTED_EDGE('',*,*,#2665,.T.);
#3458=ORIENTED_EDGE('',*,*,#2666,.F.);
#3459=ORIENTED_EDGE('',*,*,#2667,.F.);
#3460=ORIENTED_EDGE('',*,*,#2668,.F.);
#3461=ORIENTED_EDGE('',*,*,#2669,.F.);
#3462=ORIENTED_EDGE('',*,*,#2670,.F.);
#3463=ORIENTED_EDGE('',*,*,#2671,.F.);
#3464=ORIENTED_EDGE('',*,*,#2672,.F.);
#3465=ORIENTED_EDGE('',*,*,#2673,.F.);
#3466=ORIENTED_EDGE('',*,*,#2674,.F.);
#3467=ORIENTED_EDGE('',*,*,#2675,.T.);
#3468=ORIENTED_EDGE('',*,*,#2676,.F.);
#3469=ORIENTED_EDGE('',*,*,#2665,.F.);
#3470=ORIENTED_EDGE('',*,*,#2677,.F.);
#3471=ORIENTED_EDGE('',*,*,#2657,.T.);
#3472=ORIENTED_EDGE('',*,*,#2678,.F.);
#3473=ORIENTED_EDGE('',*,*,#2675,.F.);
#3474=ORIENTED_EDGE('',*,*,#2679,.F.);
#3475=ORIENTED_EDGE('',*,*,#2680,.T.);
#3476=ORIENTED_EDGE('',*,*,#2681,.F.);
#3477=ORIENTED_EDGE('',*,*,#2680,.F.);
#3478=ORIENTED_EDGE('',*,*,#2682,.F.);
#3479=ORIENTED_EDGE('',*,*,#2683,.F.);
#3480=ORIENTED_EDGE('',*,*,#2684,.F.);
#3481=ORIENTED_EDGE('',*,*,#2685,.F.);
#3482=ORIENTED_EDGE('',*,*,#2686,.T.);
#3483=ORIENTED_EDGE('',*,*,#2687,.F.);
#3484=ORIENTED_EDGE('',*,*,#2686,.F.);
#3485=ORIENTED_EDGE('',*,*,#2688,.F.);
#3486=ORIENTED_EDGE('',*,*,#2670,.T.);
#3487=ORIENTED_EDGE('',*,*,#2569,.T.);
#3488=ORIENTED_EDGE('',*,*,#2574,.T.);
#3489=ORIENTED_EDGE('',*,*,#2582,.T.);
#3490=ORIENTED_EDGE('',*,*,#2689,.T.);
#3491=ORIENTED_EDGE('',*,*,#2627,.T.);
#3492=ORIENTED_EDGE('',*,*,#2615,.T.);
#3493=ORIENTED_EDGE('',*,*,#2690,.T.);
#3494=ORIENTED_EDGE('',*,*,#2691,.T.);
#3495=ORIENTED_EDGE('',*,*,#2692,.T.);
#3496=ORIENTED_EDGE('',*,*,#2693,.F.);
#3497=ORIENTED_EDGE('',*,*,#2694,.F.);
#3498=ORIENTED_EDGE('',*,*,#2461,.T.);
#3499=ORIENTED_EDGE('',*,*,#2523,.T.);
#3500=ORIENTED_EDGE('',*,*,#2695,.F.);
#3501=ORIENTED_EDGE('',*,*,#2696,.T.);
#3502=ORIENTED_EDGE('',*,*,#2614,.T.);
#3503=ORIENTED_EDGE('',*,*,#2697,.T.);
#3504=ORIENTED_EDGE('',*,*,#2698,.F.);
#3505=ORIENTED_EDGE('',*,*,#2692,.F.);
#3506=ORIENTED_EDGE('',*,*,#2691,.F.);
#3507=ORIENTED_EDGE('',*,*,#2690,.F.);
#3508=ORIENTED_EDGE('',*,*,#2581,.T.);
#3509=ORIENTED_EDGE('',*,*,#2699,.T.);
#3510=ORIENTED_EDGE('',*,*,#2628,.T.);
#3511=ORIENTED_EDGE('',*,*,#2689,.F.);
#3512=ORIENTED_EDGE('',*,*,#2570,.T.);
#3513=ORIENTED_EDGE('',*,*,#2696,.F.);
#3514=ORIENTED_EDGE('',*,*,#2695,.T.);
#3515=ORIENTED_EDGE('',*,*,#2522,.T.);
#3516=ORIENTED_EDGE('',*,*,#2700,.T.);
#3517=ORIENTED_EDGE('',*,*,#2613,.T.);
#3518=ORIENTED_EDGE('',*,*,#2701,.F.);
#3519=ORIENTED_EDGE('',*,*,#2702,.F.);
#3520=ORIENTED_EDGE('',*,*,#2697,.F.);
#3521=ORIENTED_EDGE('',*,*,#2580,.T.);
#3522=ORIENTED_EDGE('',*,*,#2703,.F.);
#3523=ORIENTED_EDGE('',*,*,#2629,.T.);
#3524=ORIENTED_EDGE('',*,*,#2699,.F.);
#3525=ORIENTED_EDGE('',*,*,#2571,.T.);
#3526=ORIENTED_EDGE('',*,*,#2700,.F.);
#3527=ORIENTED_EDGE('',*,*,#2521,.T.);
#3528=ORIENTED_EDGE('',*,*,#2704,.F.);
#3529=ORIENTED_EDGE('',*,*,#2612,.T.);
#3530=ORIENTED_EDGE('',*,*,#2705,.T.);
#3531=ORIENTED_EDGE('',*,*,#2706,.F.);
#3532=ORIENTED_EDGE('',*,*,#2701,.T.);
#3533=ORIENTED_EDGE('',*,*,#2579,.T.);
#3534=ORIENTED_EDGE('',*,*,#2707,.T.);
#3535=ORIENTED_EDGE('',*,*,#2630,.T.);
#3536=ORIENTED_EDGE('',*,*,#2703,.T.);
#3537=ORIENTED_EDGE('',*,*,#2572,.T.);
#3538=ORIENTED_EDGE('',*,*,#2704,.T.);
#3539=ORIENTED_EDGE('',*,*,#2520,.T.);
#3540=ORIENTED_EDGE('',*,*,#2708,.T.);
#3541=ORIENTED_EDGE('',*,*,#2611,.T.);
#3542=ORIENTED_EDGE('',*,*,#2709,.T.);
#3543=ORIENTED_EDGE('',*,*,#2710,.F.);
#3544=ORIENTED_EDGE('',*,*,#2705,.F.);
#3545=ORIENTED_EDGE('',*,*,#2578,.T.);
#3546=ORIENTED_EDGE('',*,*,#2711,.T.);
#3547=ORIENTED_EDGE('',*,*,#2631,.T.);
#3548=ORIENTED_EDGE('',*,*,#2707,.F.);
#3549=ORIENTED_EDGE('',*,*,#2573,.T.);
#3550=ORIENTED_EDGE('',*,*,#2708,.F.);
#3551=ORIENTED_EDGE('',*,*,#2519,.T.);
#3552=ORIENTED_EDGE('',*,*,#2712,.T.);
#3553=ORIENTED_EDGE('',*,*,#2621,.T.);
#3554=ORIENTED_EDGE('',*,*,#2713,.T.);
#3555=ORIENTED_EDGE('',*,*,#2714,.T.);
#3556=ORIENTED_EDGE('',*,*,#2715,.F.);
#3557=ORIENTED_EDGE('',*,*,#2588,.T.);
#3558=ORIENTED_EDGE('',*,*,#2716,.T.);
#3559=ORIENTED_EDGE('',*,*,#2643,.T.);
#3560=ORIENTED_EDGE('',*,*,#2717,.F.);
#3561=ORIENTED_EDGE('',*,*,#2598,.T.);
#3562=ORIENTED_EDGE('',*,*,#2718,.F.);
#3563=ORIENTED_EDGE('',*,*,#2719,.T.);
#3564=ORIENTED_EDGE('',*,*,#2486,.T.);
#3565=ORIENTED_EDGE('',*,*,#2720,.F.);
#3566=ORIENTED_EDGE('',*,*,#2721,.T.);
#3567=ORIENTED_EDGE('',*,*,#2607,.T.);
#3568=ORIENTED_EDGE('',*,*,#2624,.T.);
#3569=ORIENTED_EDGE('',*,*,#2635,.T.);
#3570=ORIENTED_EDGE('',*,*,#2722,.F.);
#3571=ORIENTED_EDGE('',*,*,#2515,.T.);
#3572=ORIENTED_EDGE('',*,*,#2723,.T.);
#3573=ORIENTED_EDGE('',*,*,#2724,.F.);
#3574=ORIENTED_EDGE('',*,*,#2725,.F.);
#3575=ORIENTED_EDGE('',*,*,#2653,.T.);
#3576=ORIENTED_EDGE('',*,*,#2660,.T.);
#3577=ORIENTED_EDGE('',*,*,#2663,.T.);
#3578=ORIENTED_EDGE('',*,*,#2726,.F.);
#3579=ORIENTED_EDGE('',*,*,#2610,.T.);
#3580=ORIENTED_EDGE('',*,*,#2603,.T.);
#3581=ORIENTED_EDGE('',*,*,#2727,.T.);
#3582=ORIENTED_EDGE('',*,*,#2666,.T.);
#3583=ORIENTED_EDGE('',*,*,#2676,.T.);
#3584=ORIENTED_EDGE('',*,*,#2656,.T.);
#3585=ORIENTED_EDGE('',*,*,#2728,.T.);
#3586=ORIENTED_EDGE('',*,*,#2729,.T.);
#3587=ORIENTED_EDGE('',*,*,#2730,.T.);
#3588=ORIENTED_EDGE('',*,*,#2731,.F.);
#3589=ORIENTED_EDGE('',*,*,#2709,.F.);
#3590=ORIENTED_EDGE('',*,*,#2654,.T.);
#3591=ORIENTED_EDGE('',*,*,#2725,.T.);
#3592=ORIENTED_EDGE('',*,*,#2732,.F.);
#3593=ORIENTED_EDGE('',*,*,#2733,.F.);
#3594=ORIENTED_EDGE('',*,*,#2634,.T.);
#3595=ORIENTED_EDGE('',*,*,#2734,.F.);
#3596=ORIENTED_EDGE('',*,*,#2516,.T.);
#3597=ORIENTED_EDGE('',*,*,#2722,.T.);
#3598=ORIENTED_EDGE('',*,*,#2608,.T.);
#3599=ORIENTED_EDGE('',*,*,#2726,.T.);
#3600=ORIENTED_EDGE('',*,*,#2668,.T.);
#3601=ORIENTED_EDGE('',*,*,#2735,.F.);
#3602=ORIENTED_EDGE('',*,*,#2655,.T.);
#3603=ORIENTED_EDGE('',*,*,#2733,.T.);
#3604=ORIENTED_EDGE('',*,*,#2736,.F.);
#3605=ORIENTED_EDGE('',*,*,#2730,.F.);
#3606=ORIENTED_EDGE('',*,*,#2729,.F.);
#3607=ORIENTED_EDGE('',*,*,#2728,.F.);
#3608=ORIENTED_EDGE('',*,*,#2633,.T.);
#3609=ORIENTED_EDGE('',*,*,#2737,.F.);
#3610=ORIENTED_EDGE('',*,*,#2738,.T.);
#3611=ORIENTED_EDGE('',*,*,#2517,.T.);
#3612=ORIENTED_EDGE('',*,*,#2734,.T.);
#3613=ORIENTED_EDGE('',*,*,#2609,.T.);
#3614=ORIENTED_EDGE('',*,*,#2735,.T.);
#3615=ORIENTED_EDGE('',*,*,#2667,.T.);
#3616=ORIENTED_EDGE('',*,*,#2727,.F.);
#3617=ORIENTED_EDGE('',*,*,#2684,.T.);
#3618=ORIENTED_EDGE('',*,*,#2739,.T.);
#3619=ORIENTED_EDGE('',*,*,#2740,.F.);
#3620=ORIENTED_EDGE('',*,*,#2741,.F.);
#3621=ORIENTED_EDGE('',*,*,#2640,.T.);
#3622=ORIENTED_EDGE('',*,*,#2742,.F.);
#3623=ORIENTED_EDGE('',*,*,#2489,.T.);
#3624=ORIENTED_EDGE('',*,*,#2743,.T.);
#3625=ORIENTED_EDGE('',*,*,#2646,.T.);
#3626=ORIENTED_EDGE('',*,*,#2622,.T.);
#3627=ORIENTED_EDGE('',*,*,#2715,.T.);
#3628=ORIENTED_EDGE('',*,*,#2714,.F.);
#3629=ORIENTED_EDGE('',*,*,#2744,.T.);
#3630=ORIENTED_EDGE('',*,*,#2745,.T.);
#3631=ORIENTED_EDGE('',*,*,#2746,.F.);
#3632=ORIENTED_EDGE('',*,*,#2747,.F.);
#3633=ORIENTED_EDGE('',*,*,#2748,.F.);
#3634=ORIENTED_EDGE('',*,*,#2749,.F.);
#3635=ORIENTED_EDGE('',*,*,#2750,.F.);
#3636=ORIENTED_EDGE('',*,*,#2682,.T.);
#3637=ORIENTED_EDGE('',*,*,#2679,.T.);
#3638=ORIENTED_EDGE('',*,*,#2674,.T.);
#3639=ORIENTED_EDGE('',*,*,#2751,.F.);
#3640=ORIENTED_EDGE('',*,*,#2597,.T.);
#3641=ORIENTED_EDGE('',*,*,#2594,.T.);
#3642=ORIENTED_EDGE('',*,*,#2589,.T.);
#3643=ORIENTED_EDGE('',*,*,#2717,.T.);
#3644=ORIENTED_EDGE('',*,*,#2642,.T.);
#3645=ORIENTED_EDGE('',*,*,#2752,.F.);
#3646=ORIENTED_EDGE('',*,*,#2753,.T.);
#3647=ORIENTED_EDGE('',*,*,#2487,.T.);
#3648=ORIENTED_EDGE('',*,*,#2719,.F.);
#3649=ORIENTED_EDGE('',*,*,#2718,.T.);
#3650=ORIENTED_EDGE('',*,*,#2683,.T.);
#3651=ORIENTED_EDGE('',*,*,#2750,.T.);
#3652=ORIENTED_EDGE('',*,*,#2749,.T.);
#3653=ORIENTED_EDGE('',*,*,#2748,.T.);
#3654=ORIENTED_EDGE('',*,*,#2754,.F.);
#3655=ORIENTED_EDGE('',*,*,#2739,.F.);
#3656=ORIENTED_EDGE('',*,*,#2641,.T.);
#3657=ORIENTED_EDGE('',*,*,#2743,.F.);
#3658=ORIENTED_EDGE('',*,*,#2488,.T.);
#3659=ORIENTED_EDGE('',*,*,#2753,.F.);
#3660=ORIENTED_EDGE('',*,*,#2752,.T.);
#3661=ORIENTED_EDGE('',*,*,#2647,.T.);
#3662=ORIENTED_EDGE('',*,*,#2751,.T.);
#3663=ORIENTED_EDGE('',*,*,#2673,.T.);
#3664=ORIENTED_EDGE('',*,*,#2755,.F.);
#3665=ORIENTED_EDGE('',*,*,#2756,.F.);
#3666=ORIENTED_EDGE('',*,*,#2757,.T.);
#3667=ORIENTED_EDGE('',*,*,#2758,.F.);
#3668=ORIENTED_EDGE('',*,*,#2759,.F.);
#3669=ORIENTED_EDGE('',*,*,#2550,.T.);
#3670=ORIENTED_EDGE('',*,*,#2562,.T.);
#3671=ORIENTED_EDGE('',*,*,#2758,.T.);
#3672=ORIENTED_EDGE('',*,*,#2760,.T.);
#3673=ORIENTED_EDGE('',*,*,#2761,.T.);
#3674=ORIENTED_EDGE('',*,*,#2762,.T.);
#3675=ORIENTED_EDGE('',*,*,#2756,.T.);
#3676=ORIENTED_EDGE('',*,*,#2763,.T.);
#3677=ORIENTED_EDGE('',*,*,#2764,.T.);
#3678=ORIENTED_EDGE('',*,*,#2765,.T.);
#3679=ORIENTED_EDGE('',*,*,#2596,.T.);
#3680=ORIENTED_EDGE('',*,*,#2601,.T.);
#3681=ORIENTED_EDGE('',*,*,#2585,.T.);
#3682=ORIENTED_EDGE('',*,*,#2593,.T.);
#3683=ORIENTED_EDGE('',*,*,#2645,.T.);
#3684=ORIENTED_EDGE('',*,*,#2651,.T.);
#3685=ORIENTED_EDGE('',*,*,#2637,.T.);
#3686=ORIENTED_EDGE('',*,*,#2618,.T.);
#3687=ORIENTED_EDGE('',*,*,#2681,.T.);
#3688=ORIENTED_EDGE('',*,*,#2687,.T.);
#3689=ORIENTED_EDGE('',*,*,#2669,.T.);
#3690=ORIENTED_EDGE('',*,*,#2678,.T.);
#3691=ORIENTED_EDGE('',*,*,#2764,.F.);
#3692=ORIENTED_EDGE('',*,*,#2766,.T.);
#3693=ORIENTED_EDGE('',*,*,#2767,.F.);
#3694=ORIENTED_EDGE('',*,*,#2768,.F.);
#3695=ORIENTED_EDGE('',*,*,#2549,.T.);
#3696=ORIENTED_EDGE('',*,*,#2561,.T.);
#3697=ORIENTED_EDGE('',*,*,#2769,.T.);
#3698=ORIENTED_EDGE('',*,*,#2770,.T.);
#3699=ORIENTED_EDGE('',*,*,#2771,.T.);
#3700=ORIENTED_EDGE('',*,*,#2767,.T.);
#3701=ORIENTED_EDGE('',*,*,#2772,.F.);
#3702=ORIENTED_EDGE('',*,*,#2773,.T.);
#3703=ORIENTED_EDGE('',*,*,#2774,.F.);
#3704=ORIENTED_EDGE('',*,*,#2775,.F.);
#3705=ORIENTED_EDGE('',*,*,#2544,.T.);
#3706=ORIENTED_EDGE('',*,*,#2556,.T.);
#3707=ORIENTED_EDGE('',*,*,#2774,.T.);
#3708=ORIENTED_EDGE('',*,*,#2776,.T.);
#3709=ORIENTED_EDGE('',*,*,#2777,.T.);
#3710=ORIENTED_EDGE('',*,*,#2778,.T.);
#3711=ORIENTED_EDGE('',*,*,#2772,.T.);
#3712=ORIENTED_EDGE('',*,*,#2779,.T.);
#3713=ORIENTED_EDGE('',*,*,#2780,.T.);
#3714=ORIENTED_EDGE('',*,*,#2781,.T.);
#3715=ORIENTED_EDGE('',*,*,#2567,.T.);
#3716=ORIENTED_EDGE('',*,*,#2592,.T.);
#3717=ORIENTED_EDGE('',*,*,#2583,.T.);
#3718=ORIENTED_EDGE('',*,*,#2575,.T.);
#3719=ORIENTED_EDGE('',*,*,#2605,.T.);
#3720=ORIENTED_EDGE('',*,*,#2617,.T.);
#3721=ORIENTED_EDGE('',*,*,#2636,.T.);
#3722=ORIENTED_EDGE('',*,*,#2625,.T.);
#3723=ORIENTED_EDGE('',*,*,#2658,.T.);
#3724=ORIENTED_EDGE('',*,*,#2677,.T.);
#3725=ORIENTED_EDGE('',*,*,#2664,.T.);
#3726=ORIENTED_EDGE('',*,*,#2661,.T.);
#3727=ORIENTED_EDGE('',*,*,#2780,.F.);
#3728=ORIENTED_EDGE('',*,*,#2782,.T.);
#3729=ORIENTED_EDGE('',*,*,#2783,.F.);
#3730=ORIENTED_EDGE('',*,*,#2784,.F.);
#3731=ORIENTED_EDGE('',*,*,#2543,.T.);
#3732=ORIENTED_EDGE('',*,*,#2555,.T.);
#3733=ORIENTED_EDGE('',*,*,#2785,.T.);
#3734=ORIENTED_EDGE('',*,*,#2786,.T.);
#3735=ORIENTED_EDGE('',*,*,#2787,.T.);
#3736=ORIENTED_EDGE('',*,*,#2783,.T.);
#3737=ORIENTED_EDGE('',*,*,#2788,.T.);
#3738=ORIENTED_EDGE('',*,*,#2789,.F.);
#3739=ORIENTED_EDGE('',*,*,#2790,.F.);
#3740=ORIENTED_EDGE('',*,*,#2525,.T.);
#3741=ORIENTED_EDGE('',*,*,#2791,.F.);
#3742=ORIENTED_EDGE('',*,*,#2792,.T.);
#3743=ORIENTED_EDGE('',*,*,#2793,.F.);
#3744=ORIENTED_EDGE('',*,*,#2788,.F.);
#3745=ORIENTED_EDGE('',*,*,#2791,.T.);
#3746=ORIENTED_EDGE('',*,*,#2524,.T.);
#3747=ORIENTED_EDGE('',*,*,#2459,.F.);
#3748=ORIENTED_EDGE('',*,*,#2458,.T.);
#3749=ORIENTED_EDGE('',*,*,#2694,.T.);
#3750=ORIENTED_EDGE('',*,*,#2794,.F.);
#3751=ORIENTED_EDGE('',*,*,#2792,.F.);
#3752=ORIENTED_EDGE('',*,*,#2565,.T.);
#3753=ORIENTED_EDGE('',*,*,#2712,.F.);
#3754=ORIENTED_EDGE('',*,*,#2518,.T.);
#3755=ORIENTED_EDGE('',*,*,#2738,.F.);
#3756=ORIENTED_EDGE('',*,*,#2737,.T.);
#3757=ORIENTED_EDGE('',*,*,#2632,.T.);
#3758=ORIENTED_EDGE('',*,*,#2711,.F.);
#3759=ORIENTED_EDGE('',*,*,#2577,.T.);
#3760=ORIENTED_EDGE('',*,*,#2591,.T.);
#3761=ORIENTED_EDGE('',*,*,#2795,.T.);
#3762=ORIENTED_EDGE('',*,*,#2796,.F.);
#3763=ORIENTED_EDGE('',*,*,#2723,.F.);
#3764=ORIENTED_EDGE('',*,*,#2514,.T.);
#3765=ORIENTED_EDGE('',*,*,#2797,.F.);
#3766=ORIENTED_EDGE('',*,*,#2798,.F.);
#3767=ORIENTED_EDGE('',*,*,#2795,.F.);
#3768=ORIENTED_EDGE('',*,*,#2513,.T.);
#3769=ORIENTED_EDGE('',*,*,#2799,.T.);
#3770=ORIENTED_EDGE('',*,*,#2800,.F.);
#3771=ORIENTED_EDGE('',*,*,#2797,.T.);
#3772=ORIENTED_EDGE('',*,*,#2512,.T.);
#3773=ORIENTED_EDGE('',*,*,#2801,.T.);
#3774=ORIENTED_EDGE('',*,*,#2802,.F.);
#3775=ORIENTED_EDGE('',*,*,#2799,.F.);
#3776=ORIENTED_EDGE('',*,*,#2511,.T.);
#3777=ORIENTED_EDGE('',*,*,#2389,.T.);
#3778=ORIENTED_EDGE('',*,*,#2803,.F.);
#3779=ORIENTED_EDGE('',*,*,#2801,.F.);
#3780=ORIENTED_EDGE('',*,*,#2510,.T.);
#3781=ORIENTED_EDGE('',*,*,#2456,.F.);
#3782=ORIENTED_EDGE('',*,*,#2453,.T.);
#3783=ORIENTED_EDGE('',*,*,#2804,.T.);
#3784=ORIENTED_EDGE('',*,*,#2805,.T.);
#3785=ORIENTED_EDGE('',*,*,#2806,.F.);
#3786=ORIENTED_EDGE('',*,*,#2807,.T.);
#3787=ORIENTED_EDGE('',*,*,#2804,.F.);
#3788=ORIENTED_EDGE('',*,*,#2455,.T.);
#3789=ORIENTED_EDGE('',*,*,#2509,.T.);
#3790=ORIENTED_EDGE('',*,*,#2808,.T.);
#3791=ORIENTED_EDGE('',*,*,#2809,.T.);
#3792=ORIENTED_EDGE('',*,*,#2806,.T.);
#3793=ORIENTED_EDGE('',*,*,#2508,.T.);
#3794=ORIENTED_EDGE('',*,*,#2366,.T.);
#3795=ORIENTED_EDGE('',*,*,#2810,.F.);
#3796=ORIENTED_EDGE('',*,*,#2811,.T.);
#3797=ORIENTED_EDGE('',*,*,#2808,.F.);
#3798=ORIENTED_EDGE('',*,*,#2507,.T.);
#3799=ORIENTED_EDGE('',*,*,#2812,.T.);
#3800=ORIENTED_EDGE('',*,*,#2367,.T.);
#3801=ORIENTED_EDGE('',*,*,#2812,.F.);
#3802=ORIENTED_EDGE('',*,*,#2506,.T.);
#3803=ORIENTED_EDGE('',*,*,#2813,.T.);
#3804=ORIENTED_EDGE('',*,*,#2368,.T.);
#3805=ORIENTED_EDGE('',*,*,#2813,.F.);
#3806=ORIENTED_EDGE('',*,*,#2505,.T.);
#3807=ORIENTED_EDGE('',*,*,#2814,.T.);
#3808=ORIENTED_EDGE('',*,*,#2369,.T.);
#3809=ORIENTED_EDGE('',*,*,#2814,.F.);
#3810=ORIENTED_EDGE('',*,*,#2504,.T.);
#3811=ORIENTED_EDGE('',*,*,#2815,.T.);
#3812=ORIENTED_EDGE('',*,*,#2370,.T.);
#3813=ORIENTED_EDGE('',*,*,#2815,.F.);
#3814=ORIENTED_EDGE('',*,*,#2503,.T.);
#3815=ORIENTED_EDGE('',*,*,#2450,.F.);
#3816=ORIENTED_EDGE('',*,*,#2816,.T.);
#3817=ORIENTED_EDGE('',*,*,#2371,.T.);
#3818=ORIENTED_EDGE('',*,*,#2816,.F.);
#3819=ORIENTED_EDGE('',*,*,#2449,.T.);
#3820=ORIENTED_EDGE('',*,*,#2817,.T.);
#3821=ORIENTED_EDGE('',*,*,#2372,.T.);
#3822=ORIENTED_EDGE('',*,*,#2817,.F.);
#3823=ORIENTED_EDGE('',*,*,#2452,.T.);
#3824=ORIENTED_EDGE('',*,*,#2502,.T.);
#3825=ORIENTED_EDGE('',*,*,#2818,.T.);
#3826=ORIENTED_EDGE('',*,*,#2373,.T.);
#3827=ORIENTED_EDGE('',*,*,#2818,.F.);
#3828=ORIENTED_EDGE('',*,*,#2501,.T.);
#3829=ORIENTED_EDGE('',*,*,#2819,.T.);
#3830=ORIENTED_EDGE('',*,*,#2374,.T.);
#3831=ORIENTED_EDGE('',*,*,#2819,.F.);
#3832=ORIENTED_EDGE('',*,*,#2500,.T.);
#3833=ORIENTED_EDGE('',*,*,#2820,.T.);
#3834=ORIENTED_EDGE('',*,*,#2375,.T.);
#3835=ORIENTED_EDGE('',*,*,#2820,.F.);
#3836=ORIENTED_EDGE('',*,*,#2499,.T.);
#3837=ORIENTED_EDGE('',*,*,#2821,.T.);
#3838=ORIENTED_EDGE('',*,*,#2376,.T.);
#3839=ORIENTED_EDGE('',*,*,#2821,.F.);
#3840=ORIENTED_EDGE('',*,*,#2498,.T.);
#3841=ORIENTED_EDGE('',*,*,#2822,.T.);
#3842=ORIENTED_EDGE('',*,*,#2823,.T.);
#3843=ORIENTED_EDGE('',*,*,#2824,.T.);
#3844=ORIENTED_EDGE('',*,*,#2825,.F.);
#3845=ORIENTED_EDGE('',*,*,#2826,.T.);
#3846=ORIENTED_EDGE('',*,*,#2822,.F.);
#3847=ORIENTED_EDGE('',*,*,#2497,.T.);
#3848=ORIENTED_EDGE('',*,*,#2827,.T.);
#3849=ORIENTED_EDGE('',*,*,#2828,.T.);
#3850=ORIENTED_EDGE('',*,*,#2825,.T.);
#3851=ORIENTED_EDGE('',*,*,#2496,.T.);
#3852=ORIENTED_EDGE('',*,*,#2447,.F.);
#3853=ORIENTED_EDGE('',*,*,#2379,.T.);
#3854=ORIENTED_EDGE('',*,*,#2829,.F.);
#3855=ORIENTED_EDGE('',*,*,#2830,.T.);
#3856=ORIENTED_EDGE('',*,*,#2831,.T.);
#3857=ORIENTED_EDGE('',*,*,#2443,.T.);
#3858=ORIENTED_EDGE('',*,*,#2832,.T.);
#3859=ORIENTED_EDGE('',*,*,#2833,.F.);
#3860=ORIENTED_EDGE('',*,*,#2834,.F.);
#3861=ORIENTED_EDGE('',*,*,#2835,.T.);
#3862=ORIENTED_EDGE('',*,*,#2836,.T.);
#3863=ORIENTED_EDGE('',*,*,#2426,.F.);
#3864=ORIENTED_EDGE('',*,*,#2347,.T.);
#3865=ORIENTED_EDGE('',*,*,#2382,.T.);
#3866=ORIENTED_EDGE('',*,*,#2446,.T.);
#3867=ORIENTED_EDGE('',*,*,#2837,.T.);
#3868=ORIENTED_EDGE('',*,*,#2827,.F.);
#3869=ORIENTED_EDGE('',*,*,#2838,.T.);
#3870=ORIENTED_EDGE('',*,*,#2839,.T.);
#3871=ORIENTED_EDGE('',*,*,#2840,.T.);
#3872=ORIENTED_EDGE('',*,*,#2839,.F.);
#3873=ORIENTED_EDGE('',*,*,#2840,.F.);
#3874=ORIENTED_EDGE('',*,*,#2841,.F.);
#3875=ORIENTED_EDGE('',*,*,#2842,.T.);
#3876=ORIENTED_EDGE('',*,*,#2843,.T.);
#3877=ORIENTED_EDGE('',*,*,#2844,.T.);
#3878=ORIENTED_EDGE('',*,*,#2843,.F.);
#3879=ORIENTED_EDGE('',*,*,#2844,.F.);
#3880=ORIENTED_EDGE('',*,*,#2845,.F.);
#3881=ORIENTED_EDGE('',*,*,#2846,.T.);
#3882=ORIENTED_EDGE('',*,*,#2847,.T.);
#3883=ORIENTED_EDGE('',*,*,#2848,.T.);
#3884=ORIENTED_EDGE('',*,*,#2847,.F.);
#3885=ORIENTED_EDGE('',*,*,#2848,.F.);
#3886=ORIENTED_EDGE('',*,*,#2849,.F.);
#3887=ORIENTED_EDGE('',*,*,#2850,.T.);
#3888=ORIENTED_EDGE('',*,*,#2851,.T.);
#3889=ORIENTED_EDGE('',*,*,#2852,.T.);
#3890=ORIENTED_EDGE('',*,*,#2851,.F.);
#3891=ORIENTED_EDGE('',*,*,#2852,.F.);
#3892=ORIENTED_EDGE('',*,*,#2853,.F.);
#3893=ORIENTED_EDGE('',*,*,#2401,.F.);
#3894=ORIENTED_EDGE('',*,*,#2854,.F.);
#3895=ORIENTED_EDGE('',*,*,#2855,.F.);
#3896=ORIENTED_EDGE('',*,*,#2386,.F.);
#3897=ORIENTED_EDGE('',*,*,#2856,.T.);
#3898=ORIENTED_EDGE('',*,*,#2849,.T.);
#3899=ORIENTED_EDGE('',*,*,#2856,.F.);
#3900=ORIENTED_EDGE('',*,*,#2385,.F.);
#3901=ORIENTED_EDGE('',*,*,#2395,.F.);
#3902=ORIENTED_EDGE('',*,*,#2397,.F.);
#3903=ORIENTED_EDGE('',*,*,#2823,.F.);
#3904=ORIENTED_EDGE('',*,*,#2826,.F.);
#3905=ORIENTED_EDGE('',*,*,#2828,.F.);
#3906=ORIENTED_EDGE('',*,*,#2837,.F.);
#3907=ORIENTED_EDGE('',*,*,#2435,.F.);
#3908=ORIENTED_EDGE('',*,*,#2831,.F.);
#3909=ORIENTED_EDGE('',*,*,#2857,.T.);
#3910=ORIENTED_EDGE('',*,*,#2853,.T.);
#3911=ORIENTED_EDGE('',*,*,#2857,.F.);
#3912=ORIENTED_EDGE('',*,*,#2830,.F.);
#3913=ORIENTED_EDGE('',*,*,#2858,.F.);
#3914=ORIENTED_EDGE('',*,*,#2859,.F.);
#3915=ORIENTED_EDGE('',*,*,#2811,.F.);
#3916=ORIENTED_EDGE('',*,*,#2860,.F.);
#3917=ORIENTED_EDGE('',*,*,#2861,.F.);
#3918=ORIENTED_EDGE('',*,*,#2392,.F.);
#3919=ORIENTED_EDGE('',*,*,#2862,.T.);
#3920=ORIENTED_EDGE('',*,*,#2841,.T.);
#3921=ORIENTED_EDGE('',*,*,#2862,.F.);
#3922=ORIENTED_EDGE('',*,*,#2391,.F.);
#3923=ORIENTED_EDGE('',*,*,#2431,.F.);
#3924=ORIENTED_EDGE('',*,*,#2805,.F.);
#3925=ORIENTED_EDGE('',*,*,#2807,.F.);
#3926=ORIENTED_EDGE('',*,*,#2809,.F.);
#3927=ORIENTED_EDGE('',*,*,#2421,.F.);
#3928=ORIENTED_EDGE('',*,*,#2425,.F.);
#3929=ORIENTED_EDGE('',*,*,#2427,.F.);
#3930=ORIENTED_EDGE('',*,*,#2836,.F.);
#3931=ORIENTED_EDGE('',*,*,#2863,.T.);
#3932=ORIENTED_EDGE('',*,*,#2845,.T.);
#3933=ORIENTED_EDGE('',*,*,#2863,.F.);
#3934=ORIENTED_EDGE('',*,*,#2835,.F.);
#3935=ORIENTED_EDGE('',*,*,#2864,.F.);
#3936=ORIENTED_EDGE('',*,*,#2865,.F.);
#3937=ORIENTED_EDGE('',*,*,#2855,.T.);
#3938=ORIENTED_EDGE('',*,*,#2866,.F.);
#3939=ORIENTED_EDGE('',*,*,#2867,.F.);
#3940=ORIENTED_EDGE('',*,*,#2387,.F.);
#3941=ORIENTED_EDGE('',*,*,#2854,.T.);
#3942=ORIENTED_EDGE('',*,*,#2400,.T.);
#3943=ORIENTED_EDGE('',*,*,#2868,.F.);
#3944=ORIENTED_EDGE('',*,*,#2866,.T.);
#3945=ORIENTED_EDGE('',*,*,#2864,.T.);
#3946=ORIENTED_EDGE('',*,*,#2834,.T.);
#3947=ORIENTED_EDGE('',*,*,#2869,.F.);
#3948=ORIENTED_EDGE('',*,*,#2870,.T.);
#3949=ORIENTED_EDGE('',*,*,#2865,.T.);
#3950=ORIENTED_EDGE('',*,*,#2870,.F.);
#3951=ORIENTED_EDGE('',*,*,#2871,.F.);
#3952=ORIENTED_EDGE('',*,*,#2422,.F.);
#3953=ORIENTED_EDGE('',*,*,#2872,.F.);
#3954=ORIENTED_EDGE('',*,*,#2873,.F.);
#3955=ORIENTED_EDGE('',*,*,#2874,.F.);
#3956=ORIENTED_EDGE('',*,*,#2875,.F.);
#3957=ORIENTED_EDGE('',*,*,#2876,.T.);
#3958=ORIENTED_EDGE('',*,*,#2877,.T.);
#3959=ORIENTED_EDGE('',*,*,#2878,.F.);
#3960=ORIENTED_EDGE('',*,*,#2879,.F.);
#3961=ORIENTED_EDGE('',*,*,#2879,.T.);
#3962=ORIENTED_EDGE('',*,*,#2880,.T.);
#3963=ORIENTED_EDGE('',*,*,#2881,.F.);
#3964=ORIENTED_EDGE('',*,*,#2882,.F.);
#3965=ORIENTED_EDGE('',*,*,#2883,.F.);
#3966=ORIENTED_EDGE('',*,*,#2884,.F.);
#3967=ORIENTED_EDGE('',*,*,#2885,.F.);
#3968=ORIENTED_EDGE('',*,*,#2880,.F.);
#3969=ORIENTED_EDGE('',*,*,#2878,.T.);
#3970=ORIENTED_EDGE('',*,*,#2886,.F.);
#3971=ORIENTED_EDGE('',*,*,#2887,.T.);
#3972=ORIENTED_EDGE('',*,*,#2882,.T.);
#3973=ORIENTED_EDGE('',*,*,#2888,.F.);
#3974=ORIENTED_EDGE('',*,*,#2538,.T.);
#3975=ORIENTED_EDGE('',*,*,#2475,.F.);
#3976=ORIENTED_EDGE('',*,*,#2889,.F.);
#3977=ORIENTED_EDGE('',*,*,#2890,.F.);
#3978=ORIENTED_EDGE('',*,*,#2891,.F.);
#3979=ORIENTED_EDGE('',*,*,#2892,.F.);
#3980=ORIENTED_EDGE('',*,*,#2893,.F.);
#3981=ORIENTED_EDGE('',*,*,#2894,.T.);
#3982=ORIENTED_EDGE('',*,*,#2875,.T.);
#3983=ORIENTED_EDGE('',*,*,#2894,.F.);
#3984=ORIENTED_EDGE('',*,*,#2876,.F.);
#3985=ORIENTED_EDGE('',*,*,#2895,.F.);
#3986=ORIENTED_EDGE('',*,*,#2877,.F.);
#3987=ORIENTED_EDGE('',*,*,#2896,.T.);
#3988=ORIENTED_EDGE('',*,*,#2873,.T.);
#3989=ORIENTED_EDGE('',*,*,#2896,.F.);
#3990=ORIENTED_EDGE('',*,*,#2886,.T.);
#3991=ORIENTED_EDGE('',*,*,#2895,.T.);
#3992=ORIENTED_EDGE('',*,*,#2897,.T.);
#3993=ORIENTED_EDGE('',*,*,#2892,.T.);
#3994=ORIENTED_EDGE('',*,*,#2898,.F.);
#3995=ORIENTED_EDGE('',*,*,#2469,.T.);
#3996=ORIENTED_EDGE('',*,*,#2529,.T.);
#3997=ORIENTED_EDGE('',*,*,#2899,.T.);
#3998=ORIENTED_EDGE('',*,*,#2900,.T.);
#3999=ORIENTED_EDGE('',*,*,#2901,.F.);
#4000=ORIENTED_EDGE('',*,*,#2902,.F.);
#4001=ORIENTED_EDGE('',*,*,#2903,.T.);
#4002=ORIENTED_EDGE('',*,*,#2902,.T.);
#4003=ORIENTED_EDGE('',*,*,#2904,.F.);
#4004=ORIENTED_EDGE('',*,*,#2905,.F.);
#4005=ORIENTED_EDGE('',*,*,#2906,.T.);
#4006=ORIENTED_EDGE('',*,*,#2907,.T.);
#4007=ORIENTED_EDGE('',*,*,#2908,.T.);
#4008=ORIENTED_EDGE('',*,*,#2909,.F.);
#4009=ORIENTED_EDGE('',*,*,#2910,.F.);
#4010=ORIENTED_EDGE('',*,*,#2911,.T.);
#4011=ORIENTED_EDGE('',*,*,#2905,.T.);
#4012=ORIENTED_EDGE('',*,*,#2912,.F.);
#4013=ORIENTED_EDGE('',*,*,#2913,.F.);
#4014=ORIENTED_EDGE('',*,*,#2914,.T.);
#4015=ORIENTED_EDGE('',*,*,#2913,.T.);
#4016=ORIENTED_EDGE('',*,*,#2915,.F.);
#4017=ORIENTED_EDGE('',*,*,#2908,.F.);
#4018=ORIENTED_EDGE('',*,*,#2907,.F.);
#4019=ORIENTED_EDGE('',*,*,#2916,.T.);
#4020=ORIENTED_EDGE('',*,*,#2777,.F.);
#4021=ORIENTED_EDGE('',*,*,#2917,.T.);
#4022=ORIENTED_EDGE('',*,*,#2761,.F.);
#4023=ORIENTED_EDGE('',*,*,#2918,.T.);
#4024=ORIENTED_EDGE('',*,*,#2919,.T.);
#4025=ORIENTED_EDGE('',*,*,#2920,.T.);
#4026=ORIENTED_EDGE('',*,*,#2921,.T.);
#4027=ORIENTED_EDGE('',*,*,#2922,.T.);
#4028=ORIENTED_EDGE('',*,*,#2923,.T.);
#4029=ORIENTED_EDGE('',*,*,#2924,.T.);
#4030=ORIENTED_EDGE('',*,*,#2925,.T.);
#4031=ORIENTED_EDGE('',*,*,#2926,.T.);
#4032=ORIENTED_EDGE('',*,*,#2927,.T.);
#4033=ORIENTED_EDGE('',*,*,#2909,.T.);
#4034=ORIENTED_EDGE('',*,*,#2915,.T.);
#4035=ORIENTED_EDGE('',*,*,#2912,.T.);
#4036=ORIENTED_EDGE('',*,*,#2904,.T.);
#4037=ORIENTED_EDGE('',*,*,#2901,.T.);
#4038=ORIENTED_EDGE('',*,*,#2928,.T.);
#4039=ORIENTED_EDGE('',*,*,#2929,.T.);
#4040=ORIENTED_EDGE('',*,*,#2930,.T.);
#4041=ORIENTED_EDGE('',*,*,#2931,.T.);
#4042=ORIENTED_EDGE('',*,*,#2789,.T.);
#4043=ORIENTED_EDGE('',*,*,#2793,.T.);
#4044=ORIENTED_EDGE('',*,*,#2794,.T.);
#4045=ORIENTED_EDGE('',*,*,#2693,.T.);
#4046=ORIENTED_EDGE('',*,*,#2698,.T.);
#4047=ORIENTED_EDGE('',*,*,#2702,.T.);
#4048=ORIENTED_EDGE('',*,*,#2706,.T.);
#4049=ORIENTED_EDGE('',*,*,#2710,.T.);
#4050=ORIENTED_EDGE('',*,*,#2731,.T.);
#4051=ORIENTED_EDGE('',*,*,#2736,.T.);
#4052=ORIENTED_EDGE('',*,*,#2732,.T.);
#4053=ORIENTED_EDGE('',*,*,#2724,.T.);
#4054=ORIENTED_EDGE('',*,*,#2796,.T.);
#4055=ORIENTED_EDGE('',*,*,#2798,.T.);
#4056=ORIENTED_EDGE('',*,*,#2800,.T.);
#4057=ORIENTED_EDGE('',*,*,#2802,.T.);
#4058=ORIENTED_EDGE('',*,*,#2803,.T.);
#4059=ORIENTED_EDGE('',*,*,#2388,.T.);
#4060=ORIENTED_EDGE('',*,*,#2867,.T.);
#4061=ORIENTED_EDGE('',*,*,#2868,.T.);
#4062=ORIENTED_EDGE('',*,*,#2399,.T.);
#4063=ORIENTED_EDGE('',*,*,#2403,.T.);
#4064=ORIENTED_EDGE('',*,*,#2405,.T.);
#4065=ORIENTED_EDGE('',*,*,#2407,.T.);
#4066=ORIENTED_EDGE('',*,*,#2409,.T.);
#4067=ORIENTED_EDGE('',*,*,#2411,.T.);
#4068=ORIENTED_EDGE('',*,*,#2413,.T.);
#4069=ORIENTED_EDGE('',*,*,#2415,.T.);
#4070=ORIENTED_EDGE('',*,*,#2417,.T.);
#4071=ORIENTED_EDGE('',*,*,#2419,.T.);
#4072=ORIENTED_EDGE('',*,*,#2423,.T.);
#4073=ORIENTED_EDGE('',*,*,#2871,.T.);
#4074=ORIENTED_EDGE('',*,*,#2869,.T.);
#4075=ORIENTED_EDGE('',*,*,#2833,.T.);
#4076=ORIENTED_EDGE('',*,*,#2932,.T.);
#4077=ORIENTED_EDGE('',*,*,#2933,.T.);
#4078=ORIENTED_EDGE('',*,*,#2934,.T.);
#4079=ORIENTED_EDGE('',*,*,#2935,.T.);
#4080=ORIENTED_EDGE('',*,*,#2936,.T.);
#4081=ORIENTED_EDGE('',*,*,#2937,.T.);
#4082=ORIENTED_EDGE('',*,*,#2740,.T.);
#4083=ORIENTED_EDGE('',*,*,#2754,.T.);
#4084=ORIENTED_EDGE('',*,*,#2747,.T.);
#4085=ORIENTED_EDGE('',*,*,#2746,.T.);
#4086=ORIENTED_EDGE('',*,*,#2938,.T.);
#4087=ORIENTED_EDGE('',*,*,#2939,.T.);
#4088=ORIENTED_EDGE('',*,*,#2940,.T.);
#4089=ORIENTED_EDGE('',*,*,#2941,.T.);
#4090=ORIENTED_EDGE('',*,*,#2942,.T.);
#4091=ORIENTED_EDGE('',*,*,#2943,.T.);
#4092=ORIENTED_EDGE('',*,*,#2564,.T.);
#4093=ORIENTED_EDGE('',*,*,#2558,.T.);
#4094=ORIENTED_EDGE('',*,*,#2552,.T.);
#4095=ORIENTED_EDGE('',*,*,#2546,.T.);
#4096=ORIENTED_EDGE('',*,*,#2944,.F.);
#4097=ORIENTED_EDGE('',*,*,#2935,.F.);
#4098=ORIENTED_EDGE('',*,*,#2945,.F.);
#4099=ORIENTED_EDGE('',*,*,#2492,.T.);
#4100=ORIENTED_EDGE('',*,*,#2945,.T.);
#4101=ORIENTED_EDGE('',*,*,#2934,.F.);
#4102=ORIENTED_EDGE('',*,*,#2946,.F.);
#4103=ORIENTED_EDGE('',*,*,#2493,.T.);
#4104=ORIENTED_EDGE('',*,*,#2364,.T.);
#4105=ORIENTED_EDGE('',*,*,#2393,.F.);
#4106=ORIENTED_EDGE('',*,*,#2861,.T.);
#4107=ORIENTED_EDGE('',*,*,#2947,.F.);
#4108=ORIENTED_EDGE('',*,*,#2365,.T.);
#4109=ORIENTED_EDGE('',*,*,#2947,.T.);
#4110=ORIENTED_EDGE('',*,*,#2860,.T.);
#4111=ORIENTED_EDGE('',*,*,#2810,.T.);
#4112=ORIENTED_EDGE('',*,*,#2377,.T.);
#4113=ORIENTED_EDGE('',*,*,#2824,.F.);
#4114=ORIENTED_EDGE('',*,*,#2859,.T.);
#4115=ORIENTED_EDGE('',*,*,#2948,.F.);
#4116=ORIENTED_EDGE('',*,*,#2378,.T.);
#4117=ORIENTED_EDGE('',*,*,#2948,.T.);
#4118=ORIENTED_EDGE('',*,*,#2858,.T.);
#4119=ORIENTED_EDGE('',*,*,#2829,.T.);
#4120=ORIENTED_EDGE('',*,*,#2949,.T.);
#4121=ORIENTED_EDGE('',*,*,#2932,.F.);
#4122=ORIENTED_EDGE('',*,*,#2832,.F.);
#4123=ORIENTED_EDGE('',*,*,#2445,.T.);
#4124=ORIENTED_EDGE('',*,*,#2495,.T.);
#4125=ORIENTED_EDGE('',*,*,#2946,.T.);
#4126=ORIENTED_EDGE('',*,*,#2933,.F.);
#4127=ORIENTED_EDGE('',*,*,#2949,.F.);
#4128=ORIENTED_EDGE('',*,*,#2494,.T.);
#4129=ORIENTED_EDGE('',*,*,#2950,.T.);
#4130=ORIENTED_EDGE('',*,*,#2951,.F.);
#4131=ORIENTED_EDGE('',*,*,#2465,.T.);
#4132=ORIENTED_EDGE('',*,*,#2526,.T.);
#4133=ORIENTED_EDGE('',*,*,#2790,.T.);
#4134=ORIENTED_EDGE('',*,*,#2931,.F.);
#4135=ORIENTED_EDGE('',*,*,#2952,.F.);
#4136=ORIENTED_EDGE('',*,*,#2953,.T.);
#4137=ORIENTED_EDGE('',*,*,#2954,.T.);
#4138=ORIENTED_EDGE('',*,*,#2955,.T.);
#4139=ORIENTED_EDGE('',*,*,#2956,.F.);
#4140=ORIENTED_EDGE('',*,*,#2462,.T.);
#4141=ORIENTED_EDGE('',*,*,#2951,.T.);
#4142=ORIENTED_EDGE('',*,*,#2649,.T.);
#4143=ORIENTED_EDGE('',*,*,#2957,.T.);
#4144=ORIENTED_EDGE('',*,*,#2671,.T.);
#4145=ORIENTED_EDGE('',*,*,#2688,.T.);
#4146=ORIENTED_EDGE('',*,*,#2685,.T.);
#4147=ORIENTED_EDGE('',*,*,#2741,.T.);
#4148=ORIENTED_EDGE('',*,*,#2937,.F.);
#4149=ORIENTED_EDGE('',*,*,#2958,.F.);
#4150=ORIENTED_EDGE('',*,*,#2490,.T.);
#4151=ORIENTED_EDGE('',*,*,#2742,.T.);
#4152=ORIENTED_EDGE('',*,*,#2639,.T.);
#4153=ORIENTED_EDGE('',*,*,#2652,.T.);
#4154=ORIENTED_EDGE('',*,*,#2648,.T.);
#4155=ORIENTED_EDGE('',*,*,#2755,.T.);
#4156=ORIENTED_EDGE('',*,*,#2672,.T.);
#4157=ORIENTED_EDGE('',*,*,#2957,.F.);
#4158=ORIENTED_EDGE('',*,*,#2958,.T.);
#4159=ORIENTED_EDGE('',*,*,#2936,.F.);
#4160=ORIENTED_EDGE('',*,*,#2944,.T.);
#4161=ORIENTED_EDGE('',*,*,#2491,.T.);
#4162=ORIENTED_EDGE('',*,*,#2959,.T.);
#4163=ORIENTED_EDGE('',*,*,#2960,.F.);
#4164=ORIENTED_EDGE('',*,*,#2527,.T.);
#4165=ORIENTED_EDGE('',*,*,#2463,.F.);
#4166=ORIENTED_EDGE('',*,*,#2956,.T.);
#4167=ORIENTED_EDGE('',*,*,#2599,.T.);
#4168=ORIENTED_EDGE('',*,*,#2721,.F.);
#4169=ORIENTED_EDGE('',*,*,#2720,.T.);
#4170=ORIENTED_EDGE('',*,*,#2485,.T.);
#4171=ORIENTED_EDGE('',*,*,#2440,.F.);
#4172=ORIENTED_EDGE('',*,*,#2961,.T.);
#4173=ORIENTED_EDGE('',*,*,#2938,.F.);
#4174=ORIENTED_EDGE('',*,*,#2745,.F.);
#4175=ORIENTED_EDGE('',*,*,#2744,.F.);
#4176=ORIENTED_EDGE('',*,*,#2713,.F.);
#4177=ORIENTED_EDGE('',*,*,#2620,.T.);
#4178=ORIENTED_EDGE('',*,*,#2644,.T.);
#4179=ORIENTED_EDGE('',*,*,#2716,.F.);
#4180=ORIENTED_EDGE('',*,*,#2587,.T.);
#4181=ORIENTED_EDGE('',*,*,#2602,.T.);
#4182=ORIENTED_EDGE('',*,*,#2439,.T.);
#4183=ORIENTED_EDGE('',*,*,#2962,.T.);
#4184=ORIENTED_EDGE('',*,*,#2963,.T.);
#4185=ORIENTED_EDGE('',*,*,#2964,.T.);
#4186=ORIENTED_EDGE('',*,*,#2939,.F.);
#4187=ORIENTED_EDGE('',*,*,#2961,.F.);
#4188=ORIENTED_EDGE('',*,*,#2965,.T.);
#4189=ORIENTED_EDGE('',*,*,#2941,.F.);
#4190=ORIENTED_EDGE('',*,*,#2966,.F.);
#4191=ORIENTED_EDGE('',*,*,#2483,.T.);
#4192=ORIENTED_EDGE('',*,*,#2966,.T.);
#4193=ORIENTED_EDGE('',*,*,#2940,.F.);
#4194=ORIENTED_EDGE('',*,*,#2964,.F.);
#4195=ORIENTED_EDGE('',*,*,#2963,.F.);
#4196=ORIENTED_EDGE('',*,*,#2962,.F.);
#4197=ORIENTED_EDGE('',*,*,#2442,.T.);
#4198=ORIENTED_EDGE('',*,*,#2484,.T.);
#4199=ORIENTED_EDGE('',*,*,#2916,.F.);
#4200=ORIENTED_EDGE('',*,*,#2760,.F.);
#4201=ORIENTED_EDGE('',*,*,#2757,.F.);
#4202=ORIENTED_EDGE('',*,*,#2765,.F.);
#4203=ORIENTED_EDGE('',*,*,#2768,.T.);
#4204=ORIENTED_EDGE('',*,*,#2771,.F.);
#4205=ORIENTED_EDGE('',*,*,#2967,.F.);
#4206=ORIENTED_EDGE('',*,*,#2785,.F.);
#4207=ORIENTED_EDGE('',*,*,#2782,.F.);
#4208=ORIENTED_EDGE('',*,*,#2779,.F.);
#4209=ORIENTED_EDGE('',*,*,#2775,.T.);
#4210=ORIENTED_EDGE('',*,*,#2778,.F.);
#4211=ORIENTED_EDGE('',*,*,#2381,.T.);
#4212=ORIENTED_EDGE('',*,*,#2383,.T.);
#4213=ORIENTED_EDGE('',*,*,#2345,.T.);
#4214=ORIENTED_EDGE('',*,*,#2342,.T.);
#4215=ORIENTED_EDGE('',*,*,#2850,.F.);
#4216=ORIENTED_EDGE('',*,*,#2846,.F.);
#4217=ORIENTED_EDGE('',*,*,#2842,.F.);
#4218=ORIENTED_EDGE('',*,*,#2838,.F.);
#4219=ORIENTED_EDGE('',*,*,#2968,.T.);
#4220=ORIENTED_EDGE('',*,*,#2969,.T.);
#4221=ORIENTED_EDGE('',*,*,#2872,.T.);
#4222=ORIENTED_EDGE('',*,*,#2969,.F.);
#4223=ORIENTED_EDGE('',*,*,#2970,.T.);
#4224=ORIENTED_EDGE('',*,*,#2971,.T.);
#4225=ORIENTED_EDGE('',*,*,#2874,.T.);
#4226=ORIENTED_EDGE('',*,*,#2971,.F.);
#4227=ORIENTED_EDGE('',*,*,#2967,.T.);
#4228=ORIENTED_EDGE('',*,*,#2770,.F.);
#4229=ORIENTED_EDGE('',*,*,#2972,.T.);
#4230=ORIENTED_EDGE('',*,*,#2786,.F.);
#4231=ORIENTED_EDGE('',*,*,#2428,.T.);
#4232=ORIENTED_EDGE('',*,*,#2541,.T.);
#4233=ORIENTED_EDGE('',*,*,#2547,.T.);
#4234=ORIENTED_EDGE('',*,*,#2553,.T.);
#4235=ORIENTED_EDGE('',*,*,#2559,.T.);
#4236=ORIENTED_EDGE('',*,*,#2973,.F.);
#4237=ORIENTED_EDGE('',*,*,#2974,.T.);
#4238=ORIENTED_EDGE('',*,*,#2338,.T.);
#4239=ORIENTED_EDGE('',*,*,#2974,.F.);
#4240=ORIENTED_EDGE('',*,*,#2917,.F.);
#4241=ORIENTED_EDGE('',*,*,#2776,.F.);
#4242=ORIENTED_EDGE('',*,*,#2773,.F.);
#4243=ORIENTED_EDGE('',*,*,#2781,.F.);
#4244=ORIENTED_EDGE('',*,*,#2784,.T.);
#4245=ORIENTED_EDGE('',*,*,#2787,.F.);
#4246=ORIENTED_EDGE('',*,*,#2972,.F.);
#4247=ORIENTED_EDGE('',*,*,#2769,.F.);
#4248=ORIENTED_EDGE('',*,*,#2766,.F.);
#4249=ORIENTED_EDGE('',*,*,#2763,.F.);
#4250=ORIENTED_EDGE('',*,*,#2759,.T.);
#4251=ORIENTED_EDGE('',*,*,#2762,.F.);
#4252=ORIENTED_EDGE('',*,*,#2973,.T.);
#4253=ORIENTED_EDGE('',*,*,#2968,.F.);
#4254=ORIENTED_EDGE('',*,*,#2970,.F.);
#4255=ORIENTED_EDGE('',*,*,#2975,.T.);
#4256=ORIENTED_EDGE('',*,*,#2910,.T.);
#4257=ORIENTED_EDGE('',*,*,#2927,.F.);
#4258=ORIENTED_EDGE('',*,*,#2976,.F.);
#4259=ORIENTED_EDGE('',*,*,#2977,.T.);
#4260=ORIENTED_EDGE('',*,*,#2976,.T.);
#4261=ORIENTED_EDGE('',*,*,#2926,.F.);
#4262=ORIENTED_EDGE('',*,*,#2978,.F.);
#4263=ORIENTED_EDGE('',*,*,#2979,.T.);
#4264=ORIENTED_EDGE('',*,*,#2978,.T.);
#4265=ORIENTED_EDGE('',*,*,#2925,.F.);
#4266=ORIENTED_EDGE('',*,*,#2980,.F.);
#4267=ORIENTED_EDGE('',*,*,#2981,.F.);
#4268=ORIENTED_EDGE('',*,*,#2982,.T.);
#4269=ORIENTED_EDGE('',*,*,#2981,.T.);
#4270=ORIENTED_EDGE('',*,*,#2980,.T.);
#4271=ORIENTED_EDGE('',*,*,#2924,.F.);
#4272=ORIENTED_EDGE('',*,*,#2983,.F.);
#4273=ORIENTED_EDGE('',*,*,#2984,.T.);
#4274=ORIENTED_EDGE('',*,*,#2983,.T.);
#4275=ORIENTED_EDGE('',*,*,#2923,.F.);
#4276=ORIENTED_EDGE('',*,*,#2985,.F.);
#4277=ORIENTED_EDGE('',*,*,#2986,.T.);
#4278=ORIENTED_EDGE('',*,*,#2987,.F.);
#4279=ORIENTED_EDGE('',*,*,#2889,.T.);
#4280=ORIENTED_EDGE('',*,*,#2893,.T.);
#4281=ORIENTED_EDGE('',*,*,#2897,.F.);
#4282=ORIENTED_EDGE('',*,*,#2528,.T.);
#4283=ORIENTED_EDGE('',*,*,#2960,.T.);
#4284=ORIENTED_EDGE('',*,*,#2988,.T.);
#4285=ORIENTED_EDGE('',*,*,#2989,.T.);
#4286=ORIENTED_EDGE('',*,*,#2928,.F.);
#4287=ORIENTED_EDGE('',*,*,#2900,.F.);
#4288=ORIENTED_EDGE('',*,*,#2990,.T.);
#4289=ORIENTED_EDGE('',*,*,#2985,.T.);
#4290=ORIENTED_EDGE('',*,*,#2922,.F.);
#4291=ORIENTED_EDGE('',*,*,#2991,.F.);
#4292=ORIENTED_EDGE('',*,*,#2992,.T.);
#4293=ORIENTED_EDGE('',*,*,#2993,.T.);
#4294=ORIENTED_EDGE('',*,*,#2929,.F.);
#4295=ORIENTED_EDGE('',*,*,#2989,.F.);
#4296=ORIENTED_EDGE('',*,*,#2994,.T.);
#4297=ORIENTED_EDGE('',*,*,#2991,.T.);
#4298=ORIENTED_EDGE('',*,*,#2921,.F.);
#4299=ORIENTED_EDGE('',*,*,#2995,.F.);
#4300=ORIENTED_EDGE('',*,*,#2996,.T.);
#4301=ORIENTED_EDGE('',*,*,#2995,.T.);
#4302=ORIENTED_EDGE('',*,*,#2920,.F.);
#4303=ORIENTED_EDGE('',*,*,#2997,.F.);
#4304=ORIENTED_EDGE('',*,*,#2998,.T.);
#4305=ORIENTED_EDGE('',*,*,#2952,.T.);
#4306=ORIENTED_EDGE('',*,*,#2930,.F.);
#4307=ORIENTED_EDGE('',*,*,#2993,.F.);
#4308=ORIENTED_EDGE('',*,*,#2999,.T.);
#4309=ORIENTED_EDGE('',*,*,#2997,.T.);
#4310=ORIENTED_EDGE('',*,*,#2919,.F.);
#4311=ORIENTED_EDGE('',*,*,#3000,.F.);
#4312=ORIENTED_EDGE('',*,*,#3001,.T.);
#4313=ORIENTED_EDGE('',*,*,#3002,.F.);
#4314=ORIENTED_EDGE('',*,*,#2539,.T.);
#4315=ORIENTED_EDGE('',*,*,#2888,.T.);
#4316=ORIENTED_EDGE('',*,*,#2881,.T.);
#4317=ORIENTED_EDGE('',*,*,#2885,.T.);
#4318=ORIENTED_EDGE('',*,*,#3003,.T.);
#4319=ORIENTED_EDGE('',*,*,#3004,.T.);
#4320=ORIENTED_EDGE('',*,*,#3005,.F.);
#4321=ORIENTED_EDGE('',*,*,#2481,.F.);
#4322=ORIENTED_EDGE('',*,*,#2540,.T.);
#4323=ORIENTED_EDGE('',*,*,#3002,.T.);
#4324=ORIENTED_EDGE('',*,*,#3006,.T.);
#4325=ORIENTED_EDGE('',*,*,#3000,.T.);
#4326=ORIENTED_EDGE('',*,*,#2918,.F.);
#4327=ORIENTED_EDGE('',*,*,#3007,.F.);
#4328=ORIENTED_EDGE('',*,*,#3008,.T.);
#4329=ORIENTED_EDGE('',*,*,#3009,.F.);
#4330=ORIENTED_EDGE('',*,*,#2478,.T.);
#4331=ORIENTED_EDGE('',*,*,#3005,.T.);
#4332=ORIENTED_EDGE('',*,*,#3010,.T.);
#4333=ORIENTED_EDGE('',*,*,#3007,.T.);
#4334=ORIENTED_EDGE('',*,*,#2943,.F.);
#4335=ORIENTED_EDGE('',*,*,#3011,.F.);
#4336=ORIENTED_EDGE('',*,*,#3012,.T.);
#4337=ORIENTED_EDGE('',*,*,#3013,.T.);
#4338=ORIENTED_EDGE('',*,*,#3014,.T.);
#4339=ORIENTED_EDGE('',*,*,#3011,.T.);
#4340=ORIENTED_EDGE('',*,*,#2942,.F.);
#4341=ORIENTED_EDGE('',*,*,#2965,.F.);
#4342=ORIENTED_EDGE('',*,*,#2482,.T.);
#4343=ORIENTED_EDGE('',*,*,#2479,.F.);
#4344=ORIENTED_EDGE('',*,*,#3009,.T.);
#4345=ORIENTED_EDGE('',*,*,#3015,.T.);
#4346=ORIENTED_EDGE('',*,*,#3016,.F.);
#4347=ORIENTED_EDGE('',*,*,#2890,.T.);
#4348=ORIENTED_EDGE('',*,*,#2987,.T.);
#4349=ORIENTED_EDGE('',*,*,#3017,.T.);
#4350=ORIENTED_EDGE('',*,*,#3018,.F.);
#4351=ORIENTED_EDGE('',*,*,#2466,.T.);
#4352=ORIENTED_EDGE('',*,*,#2898,.T.);
#4353=ORIENTED_EDGE('',*,*,#2891,.T.);
#4354=ORIENTED_EDGE('',*,*,#3016,.T.);
#4355=ORIENTED_EDGE('',*,*,#3019,.T.);
#4356=ORIENTED_EDGE('',*,*,#3020,.F.);
#4357=ORIENTED_EDGE('',*,*,#2530,.T.);
#4358=ORIENTED_EDGE('',*,*,#2467,.F.);
#4359=ORIENTED_EDGE('',*,*,#3018,.T.);
#4360=ORIENTED_EDGE('',*,*,#3021,.T.);
#4361=ORIENTED_EDGE('',*,*,#3022,.F.);
#4362=ORIENTED_EDGE('',*,*,#3023,.T.);
#4363=ORIENTED_EDGE('',*,*,#2531,.T.);
#4364=ORIENTED_EDGE('',*,*,#3020,.T.);
#4365=ORIENTED_EDGE('',*,*,#3024,.T.);
#4366=ORIENTED_EDGE('',*,*,#3003,.F.);
#4367=ORIENTED_EDGE('',*,*,#2884,.T.);
#4368=ORIENTED_EDGE('',*,*,#3025,.T.);
#4369=ORIENTED_EDGE('',*,*,#3026,.T.);
#4370=ORIENTED_EDGE('',*,*,#3027,.F.);
#4371=ORIENTED_EDGE('',*,*,#2532,.T.);
#4372=ORIENTED_EDGE('',*,*,#3023,.F.);
#4373=ORIENTED_EDGE('',*,*,#3022,.T.);
#4374=ORIENTED_EDGE('',*,*,#3028,.T.);
#4375=ORIENTED_EDGE('',*,*,#3025,.F.);
#4376=ORIENTED_EDGE('',*,*,#2883,.T.);
#4377=ORIENTED_EDGE('',*,*,#2887,.F.);
#4378=ORIENTED_EDGE('',*,*,#2474,.T.);
#4379=ORIENTED_EDGE('',*,*,#3029,.T.);
#4380=ORIENTED_EDGE('',*,*,#3030,.T.);
#4381=ORIENTED_EDGE('',*,*,#3031,.F.);
#4382=ORIENTED_EDGE('',*,*,#2473,.T.);
#4383=ORIENTED_EDGE('',*,*,#2533,.T.);
#4384=ORIENTED_EDGE('',*,*,#3027,.T.);
#4385=ORIENTED_EDGE('',*,*,#3032,.T.);
#4386=ORIENTED_EDGE('',*,*,#3029,.F.);
#4387=ORIENTED_EDGE('',*,*,#2477,.T.);
#4388=ORIENTED_EDGE('',*,*,#2537,.T.);
#4389=ORIENTED_EDGE('',*,*,#3033,.T.);
#4390=ORIENTED_EDGE('',*,*,#3034,.T.);
#4391=ORIENTED_EDGE('',*,*,#3035,.T.);
#4392=ORIENTED_EDGE('',*,*,#3036,.F.);
#4393=ORIENTED_EDGE('',*,*,#2470,.T.);
#4394=ORIENTED_EDGE('',*,*,#3031,.T.);
#4395=ORIENTED_EDGE('',*,*,#3037,.T.);
#4396=ORIENTED_EDGE('',*,*,#3033,.F.);
#4397=ORIENTED_EDGE('',*,*,#2536,.T.);
#4398=ORIENTED_EDGE('',*,*,#3038,.T.);
#4399=ORIENTED_EDGE('',*,*,#3039,.T.);
#4400=ORIENTED_EDGE('',*,*,#3038,.F.);
#4401=ORIENTED_EDGE('',*,*,#2535,.T.);
#4402=ORIENTED_EDGE('',*,*,#3040,.F.);
#4403=ORIENTED_EDGE('',*,*,#3041,.T.);
#4404=ORIENTED_EDGE('',*,*,#3042,.T.);
#4405=ORIENTED_EDGE('',*,*,#3041,.F.);
#4406=ORIENTED_EDGE('',*,*,#3040,.T.);
#4407=ORIENTED_EDGE('',*,*,#2534,.T.);
#4408=ORIENTED_EDGE('',*,*,#2471,.F.);
#4409=ORIENTED_EDGE('',*,*,#3036,.T.);
#4410=ORIENTED_EDGE('',*,*,#3010,.F.);
#4411=ORIENTED_EDGE('',*,*,#3014,.F.);
#4412=ORIENTED_EDGE('',*,*,#3043,.T.);
#4413=ORIENTED_EDGE('',*,*,#3012,.F.);
#4414=ORIENTED_EDGE('',*,*,#3008,.F.);
#4415=ORIENTED_EDGE('',*,*,#3004,.F.);
#4416=ORIENTED_EDGE('',*,*,#3001,.F.);
#4417=ORIENTED_EDGE('',*,*,#3024,.F.);
#4418=ORIENTED_EDGE('',*,*,#3028,.F.);
#4419=ORIENTED_EDGE('',*,*,#3032,.F.);
#4420=ORIENTED_EDGE('',*,*,#3037,.F.);
#4421=ORIENTED_EDGE('',*,*,#3039,.F.);
#4422=ORIENTED_EDGE('',*,*,#3042,.F.);
#4423=ORIENTED_EDGE('',*,*,#3035,.F.);
#4424=ORIENTED_EDGE('',*,*,#3044,.F.);
#4425=ORIENTED_EDGE('',*,*,#2339,.T.);
#4426=ORIENTED_EDGE('',*,*,#3044,.T.);
#4427=ORIENTED_EDGE('',*,*,#3034,.F.);
#4428=ORIENTED_EDGE('',*,*,#3030,.F.);
#4429=ORIENTED_EDGE('',*,*,#3026,.F.);
#4430=ORIENTED_EDGE('',*,*,#3021,.F.);
#4431=ORIENTED_EDGE('',*,*,#3019,.F.);
#4432=ORIENTED_EDGE('',*,*,#3017,.F.);
#4433=ORIENTED_EDGE('',*,*,#3015,.F.);
#4434=ORIENTED_EDGE('',*,*,#2986,.F.);
#4435=ORIENTED_EDGE('',*,*,#2959,.F.);
#4436=ORIENTED_EDGE('',*,*,#2955,.F.);
#4437=ORIENTED_EDGE('',*,*,#2950,.F.);
#4438=ORIENTED_EDGE('',*,*,#3045,.T.);
#4439=ORIENTED_EDGE('',*,*,#2953,.F.);
#4440=ORIENTED_EDGE('',*,*,#2998,.F.);
#4441=ORIENTED_EDGE('',*,*,#2992,.F.);
#4442=ORIENTED_EDGE('',*,*,#2988,.F.);
#4443=ORIENTED_EDGE('',*,*,#2899,.F.);
#4444=ORIENTED_EDGE('',*,*,#2903,.F.);
#4445=ORIENTED_EDGE('',*,*,#2911,.F.);
#4446=ORIENTED_EDGE('',*,*,#2914,.F.);
#4447=ORIENTED_EDGE('',*,*,#2906,.F.);
#4448=ORIENTED_EDGE('',*,*,#2975,.F.);
#4449=ORIENTED_EDGE('',*,*,#2977,.F.);
#4450=ORIENTED_EDGE('',*,*,#2979,.F.);
#4451=ORIENTED_EDGE('',*,*,#2982,.F.);
#4452=ORIENTED_EDGE('',*,*,#2984,.F.);
#4453=ORIENTED_EDGE('',*,*,#2990,.F.);
#4454=ORIENTED_EDGE('',*,*,#2994,.F.);
#4455=ORIENTED_EDGE('',*,*,#2996,.F.);
#4456=ORIENTED_EDGE('',*,*,#2999,.F.);
#4457=ORIENTED_EDGE('',*,*,#3006,.F.);
#4458=ORIENTED_EDGE('',*,*,#3013,.F.);
#4459=ORIENTED_EDGE('',*,*,#3043,.F.);
#4460=ORIENTED_EDGE('',*,*,#2954,.F.);
#4461=ORIENTED_EDGE('',*,*,#3045,.F.);
#4462=PLANE('',#4838);
#4463=PLANE('',#4841);
#4464=PLANE('',#4842);
#4465=PLANE('',#4845);
#4466=PLANE('',#4848);
#4467=PLANE('',#4849);
#4468=PLANE('',#4850);
#4469=PLANE('',#4851);
#4470=PLANE('',#4853);
#4471=PLANE('',#4856);
#4472=PLANE('',#4857);
#4473=PLANE('',#4858);
#4474=PLANE('',#4859);
#4475=PLANE('',#4862);
#4476=PLANE('',#4863);
#4477=PLANE('',#4865);
#4478=PLANE('',#4866);
#4479=PLANE('',#4870);
#4480=PLANE('',#4907);
#4481=PLANE('',#4908);
#4482=PLANE('',#4909);
#4483=PLANE('',#4910);
#4484=PLANE('',#4911);
#4485=PLANE('',#4912);
#4486=PLANE('',#4913);
#4487=PLANE('',#4914);
#4488=PLANE('',#4915);
#4489=PLANE('',#4916);
#4490=PLANE('',#4917);
#4491=PLANE('',#4918);
#4492=PLANE('',#4919);
#4493=PLANE('',#4920);
#4494=PLANE('',#4921);
#4495=PLANE('',#4922);
#4496=PLANE('',#4923);
#4497=PLANE('',#4924);
#4498=PLANE('',#4925);
#4499=PLANE('',#4926);
#4500=PLANE('',#4927);
#4501=PLANE('',#4928);
#4502=PLANE('',#4929);
#4503=PLANE('',#4930);
#4504=PLANE('',#4931);
#4505=PLANE('',#4932);
#4506=PLANE('',#4933);
#4507=PLANE('',#4934);
#4508=PLANE('',#4935);
#4509=PLANE('',#4936);
#4510=PLANE('',#4937);
#4511=PLANE('',#4938);
#4512=PLANE('',#4939);
#4513=PLANE('',#4940);
#4514=PLANE('',#4941);
#4515=PLANE('',#4942);
#4516=PLANE('',#4943);
#4517=PLANE('',#4944);
#4518=PLANE('',#4945);
#4519=PLANE('',#4946);
#4520=PLANE('',#4947);
#4521=PLANE('',#4948);
#4522=PLANE('',#4949);
#4523=PLANE('',#4950);
#4524=PLANE('',#4951);
#4525=PLANE('',#4952);
#4526=PLANE('',#4953);
#4527=PLANE('',#4954);
#4528=PLANE('',#4955);
#4529=PLANE('',#4956);
#4530=PLANE('',#4957);
#4531=PLANE('',#4958);
#4532=PLANE('',#4959);
#4533=PLANE('',#4960);
#4534=PLANE('',#4961);
#4535=PLANE('',#4962);
#4536=PLANE('',#4963);
#4537=PLANE('',#4964);
#4538=PLANE('',#4965);
#4539=PLANE('',#4966);
#4540=PLANE('',#4967);
#4541=PLANE('',#4968);
#4542=PLANE('',#4969);
#4543=PLANE('',#4970);
#4544=PLANE('',#4971);
#4545=PLANE('',#4972);
#4546=PLANE('',#4974);
#4547=PLANE('',#4975);
#4548=PLANE('',#4976);
#4549=PLANE('',#4977);
#4550=PLANE('',#4978);
#4551=PLANE('',#4979);
#4552=PLANE('',#4980);
#4553=PLANE('',#4981);
#4554=PLANE('',#4982);
#4555=PLANE('',#4984);
#4556=PLANE('',#4986);
#4557=PLANE('',#4987);
#4558=PLANE('',#4988);
#4559=PLANE('',#4989);
#4560=PLANE('',#4991);
#4561=PLANE('',#4992);
#4562=PLANE('',#4994);
#4563=PLANE('',#4995);
#4564=PLANE('',#4999);
#4565=PLANE('',#5004);
#4566=PLANE('',#5009);
#4567=PLANE('',#5014);
#4568=PLANE('',#5020);
#4569=PLANE('',#5021);
#4570=PLANE('',#5022);
#4571=PLANE('',#5023);
#4572=PLANE('',#5024);
#4573=PLANE('',#5027);
#4574=PLANE('',#5030);
#4575=PLANE('',#5045);
#4576=PLANE('',#5052);
#4577=PLANE('',#5054);
#4578=PLANE('',#5061);
#4579=PLANE('',#5062);
#4580=PLANE('',#5063);
#4581=PLANE('',#5064);
#4582=PLANE('',#5065);
#4583=PLANE('',#5066);
#4584=PLANE('',#5067);
#4585=PLANE('',#5068);
#4586=PLANE('',#5069);
#4587=PLANE('',#5070);
#4588=PLANE('',#5071);
#4589=PLANE('',#5072);
#4590=PLANE('',#5074);
#4591=PLANE('',#5075);
#4592=PLANE('',#5076);
#4593=PLANE('',#5081);
#4594=PLANE('',#5084);
#4595=PLANE('',#5085);
#4596=PLANE('',#5087);
#4597=PLANE('',#5090);
#4598=PLANE('',#5092);
#4599=PLANE('',#5094);
#4600=PLANE('',#5098);
#4601=PLANE('',#5100);
#4602=PLANE('',#5104);
#4603=PLANE('',#5106);
#4604=PLANE('',#5110);
#4605=PLANE('',#5112);
#4606=PLANE('',#5115);
#4607=PLANE('',#5120);
#4608=PLANE('',#5121);
#4609=ADVANCED_FACE('',(#1302,#1262),#4462,.T.);
#4610=ADVANCED_FACE('',(#1303),#4463,.F.);
#4611=ADVANCED_FACE('',(#1304),#4464,.F.);
#4612=ADVANCED_FACE('',(#1305),#4465,.F.);
#4613=ADVANCED_FACE('',(#1306),#4466,.F.);
#4614=ADVANCED_FACE('',(#1307),#93,.F.);
#4615=ADVANCED_FACE('',(#1308),#4467,.F.);
#4616=ADVANCED_FACE('',(#1309),#4468,.F.);
#4617=ADVANCED_FACE('',(#1310),#4469,.F.);
#4618=ADVANCED_FACE('',(#1311),#4470,.F.);
#4619=ADVANCED_FACE('',(#1312),#21,.F.);
#4620=ADVANCED_FACE('',(#1313),#4471,.F.);
#4621=ADVANCED_FACE('',(#1314),#4472,.F.);
#4622=ADVANCED_FACE('',(#1315),#94,.F.);
#4623=ADVANCED_FACE('',(#1316),#4473,.F.);
#4624=ADVANCED_FACE('',(#1317),#4474,.F.);
#4625=ADVANCED_FACE('',(#1318),#22,.F.);
#4626=ADVANCED_FACE('',(#1319),#4475,.F.);
#4627=ADVANCED_FACE('',(#1320),#4476,.F.);
#4628=ADVANCED_FACE('',(#1321),#4477,.F.);
#4629=ADVANCED_FACE('',(#1322),#4478,.F.);
#4630=ADVANCED_FACE('',(#1323),#23,.F.);
#4631=ADVANCED_FACE('',(#1324),#95,.F.);
#4632=ADVANCED_FACE('',(#1325),#96,.F.);
#4633=ADVANCED_FACE('',(#1326),#97,.F.);
#4634=ADVANCED_FACE('',(#1327),#98,.F.);
#4635=ADVANCED_FACE('',(#1328),#99,.F.);
#4636=ADVANCED_FACE('',(#1329),#100,.F.);
#4637=ADVANCED_FACE('',(#1330),#101,.F.);
#4638=ADVANCED_FACE('',(#1331),#102,.F.);
#4639=ADVANCED_FACE('',(#1332),#103,.F.);
#4640=ADVANCED_FACE('',(#1333),#104,.F.);
#4641=ADVANCED_FACE('',(#1334),#105,.F.);
#4642=ADVANCED_FACE('',(#1335),#106,.F.);
#4643=ADVANCED_FACE('',(#1336),#107,.F.);
#4644=ADVANCED_FACE('',(#1337),#108,.F.);
#4645=ADVANCED_FACE('',(#1338,#1263),#4479,.F.);
#4646=ADVANCED_FACE('',(#1339),#24,.F.);
#4647=ADVANCED_FACE('',(#1340),#25,.F.);
#4648=ADVANCED_FACE('',(#1341),#26,.F.);
#4649=ADVANCED_FACE('',(#1342),#27,.F.);
#4650=ADVANCED_FACE('',(#1343),#28,.F.);
#4651=ADVANCED_FACE('',(#1344),#29,.F.);
#4652=ADVANCED_FACE('',(#1345),#30,.F.);
#4653=ADVANCED_FACE('',(#1346),#31,.F.);
#4654=ADVANCED_FACE('',(#1347),#4480,.F.);
#4655=ADVANCED_FACE('',(#1348),#4481,.F.);
#4656=ADVANCED_FACE('',(#1349),#4482,.F.);
#4657=ADVANCED_FACE('',(#1350),#4483,.F.);
#4658=ADVANCED_FACE('',(#1351),#4484,.F.);
#4659=ADVANCED_FACE('',(#1352),#4485,.F.);
#4660=ADVANCED_FACE('',(#1353),#4486,.F.);
#4661=ADVANCED_FACE('',(#1354),#4487,.F.);
#4662=ADVANCED_FACE('',(#1355),#4488,.F.);
#4663=ADVANCED_FACE('',(#1356),#4489,.F.);
#4664=ADVANCED_FACE('',(#1357),#4490,.F.);
#4665=ADVANCED_FACE('',(#1358),#4491,.F.);
#4666=ADVANCED_FACE('',(#1359),#4492,.F.);
#4667=ADVANCED_FACE('',(#1360),#4493,.F.);
#4668=ADVANCED_FACE('',(#1361),#4494,.F.);
#4669=ADVANCED_FACE('',(#1362),#4495,.F.);
#4670=ADVANCED_FACE('',(#1363),#4496,.F.);
#4671=ADVANCED_FACE('',(#1364),#4497,.F.);
#4672=ADVANCED_FACE('',(#1365),#4498,.F.);
#4673=ADVANCED_FACE('',(#1366),#4499,.F.);
#4674=ADVANCED_FACE('',(#1367),#4500,.F.);
#4675=ADVANCED_FACE('',(#1368),#4501,.F.);
#4676=ADVANCED_FACE('',(#1369),#4502,.F.);
#4677=ADVANCED_FACE('',(#1370),#4503,.F.);
#4678=ADVANCED_FACE('',(#1371),#4504,.F.);
#4679=ADVANCED_FACE('',(#1372),#4505,.F.);
#4680=ADVANCED_FACE('',(#1373),#4506,.F.);
#4681=ADVANCED_FACE('',(#1374),#4507,.F.);
#4682=ADVANCED_FACE('',(#1375),#4508,.F.);
#4683=ADVANCED_FACE('',(#1376),#4509,.F.);
#4684=ADVANCED_FACE('',(#1377),#4510,.F.);
#4685=ADVANCED_FACE('',(#1378),#4511,.F.);
#4686=ADVANCED_FACE('',(#1379),#4512,.F.);
#4687=ADVANCED_FACE('',(#1380),#4513,.F.);
#4688=ADVANCED_FACE('',(#1381),#4514,.F.);
#4689=ADVANCED_FACE('',(#1382),#4515,.F.);
#4690=ADVANCED_FACE('',(#1383),#4516,.F.);
#4691=ADVANCED_FACE('',(#1384),#4517,.F.);
#4692=ADVANCED_FACE('',(#1385),#4518,.F.);
#4693=ADVANCED_FACE('',(#1386),#4519,.F.);
#4694=ADVANCED_FACE('',(#1387),#4520,.F.);
#4695=ADVANCED_FACE('',(#1388),#4521,.F.);
#4696=ADVANCED_FACE('',(#1389),#4522,.F.);
#4697=ADVANCED_FACE('',(#1390),#4523,.F.);
#4698=ADVANCED_FACE('',(#1391),#4524,.F.);
#4699=ADVANCED_FACE('',(#1392),#4525,.F.);
#4700=ADVANCED_FACE('',(#1393),#4526,.F.);
#4701=ADVANCED_FACE('',(#1394),#4527,.F.);
#4702=ADVANCED_FACE('',(#1395),#4528,.F.);
#4703=ADVANCED_FACE('',(#1396),#4529,.F.);
#4704=ADVANCED_FACE('',(#1397),#4530,.F.);
#4705=ADVANCED_FACE('',(#1398),#4531,.F.);
#4706=ADVANCED_FACE('',(#1399),#4532,.F.);
#4707=ADVANCED_FACE('',(#1400),#4533,.F.);
#4708=ADVANCED_FACE('',(#1401),#4534,.F.);
#4709=ADVANCED_FACE('',(#1402,#1264,#1265),#4535,.T.);
#4710=ADVANCED_FACE('',(#1403),#4536,.T.);
#4711=ADVANCED_FACE('',(#1404,#1266,#1267,#1268),#4537,.T.);
#4712=ADVANCED_FACE('',(#1405,#1269,#1270),#4538,.T.);
#4713=ADVANCED_FACE('',(#1406),#4539,.T.);
#4714=ADVANCED_FACE('',(#1407,#1271,#1272),#4540,.T.);
#4715=ADVANCED_FACE('',(#1408),#4541,.T.);
#4716=ADVANCED_FACE('',(#1409,#1273,#1274,#1275),#4542,.T.);
#4717=ADVANCED_FACE('',(#1410,#1276,#1277),#4543,.T.);
#4718=ADVANCED_FACE('',(#1411),#4544,.T.);
#4719=ADVANCED_FACE('',(#1412),#4545,.F.);
#4720=ADVANCED_FACE('',(#1413),#15,.T.);
#4721=ADVANCED_FACE('',(#1414),#109,.F.);
#4722=ADVANCED_FACE('',(#1415),#4546,.F.);
#4723=ADVANCED_FACE('',(#1416),#4547,.F.);
#4724=ADVANCED_FACE('',(#1417),#4548,.T.);
#4725=ADVANCED_FACE('',(#1418),#4549,.F.);
#4726=ADVANCED_FACE('',(#1419),#4550,.F.);
#4727=ADVANCED_FACE('',(#1420),#4551,.F.);
#4728=ADVANCED_FACE('',(#1421),#110,.F.);
#4729=ADVANCED_FACE('',(#1422),#4552,.F.);
#4730=ADVANCED_FACE('',(#1423),#4553,.F.);
#4731=ADVANCED_FACE('',(#1424),#4554,.F.);
#4732=ADVANCED_FACE('',(#1425),#4555,.F.);
#4733=ADVANCED_FACE('',(#1426),#32,.F.);
#4734=ADVANCED_FACE('',(#1427),#4556,.F.);
#4735=ADVANCED_FACE('',(#1428),#4557,.F.);
#4736=ADVANCED_FACE('',(#1429),#111,.F.);
#4737=ADVANCED_FACE('',(#1430),#4558,.F.);
#4738=ADVANCED_FACE('',(#1431),#4559,.F.);
#4739=ADVANCED_FACE('',(#1432),#33,.F.);
#4740=ADVANCED_FACE('',(#1433),#4560,.F.);
#4741=ADVANCED_FACE('',(#1434),#4561,.F.);
#4742=ADVANCED_FACE('',(#1435),#4562,.F.);
#4743=ADVANCED_FACE('',(#1436),#4563,.F.);
#4744=ADVANCED_FACE('',(#1437),#112,.F.);
#4745=ADVANCED_FACE('',(#1438),#113,.F.);
#4746=ADVANCED_FACE('',(#1439),#34,.F.);
#4747=ADVANCED_FACE('',(#1440,#1278),#4564,.T.);
#4748=ADVANCED_FACE('',(#1441),#35,.F.);
#4749=ADVANCED_FACE('',(#1442,#1279),#4565,.T.);
#4750=ADVANCED_FACE('',(#1443),#36,.F.);
#4751=ADVANCED_FACE('',(#1444,#1280),#4566,.T.);
#4752=ADVANCED_FACE('',(#1445),#37,.F.);
#4753=ADVANCED_FACE('',(#1446,#1281),#4567,.T.);
#4754=ADVANCED_FACE('',(#1447),#38,.F.);
#4755=ADVANCED_FACE('',(#1448),#39,.F.);
#4756=ADVANCED_FACE('',(#1449),#40,.F.);
#4757=ADVANCED_FACE('',(#1450),#41,.F.);
#4758=ADVANCED_FACE('',(#1451),#4568,.F.);
#4759=ADVANCED_FACE('',(#1452),#4569,.F.);
#4760=ADVANCED_FACE('',(#1453),#4570,.F.);
#4761=ADVANCED_FACE('',(#1454),#4571,.F.);
#4762=ADVANCED_FACE('',(#1455,#1282),#4572,.T.);
#4763=ADVANCED_FACE('',(#1456,#1283),#4573,.T.);
#4764=ADVANCED_FACE('',(#1457),#4574,.F.);
#4765=ADVANCED_FACE('',(#1458),#42,.F.);
#4766=ADVANCED_FACE('',(#1459),#43,.F.);
#4767=ADVANCED_FACE('',(#1460),#44,.F.);
#4768=ADVANCED_FACE('',(#1461),#45,.F.);
#4769=ADVANCED_FACE('',(#1462),#4575,.T.);
#4770=ADVANCED_FACE('',(#1463),#46,.F.);
#4771=ADVANCED_FACE('',(#1464),#47,.F.);
#4772=ADVANCED_FACE('',(#1465),#114,.F.);
#4773=ADVANCED_FACE('',(#1466),#48,.F.);
#4774=ADVANCED_FACE('',(#1467),#16,.F.);
#4775=ADVANCED_FACE('',(#1468),#4576,.F.);
#4776=ADVANCED_FACE('',(#1469,#1284,#1285,#1286,#1287,#1288),#4577,.F.);
#4777=ADVANCED_FACE('',(#1470),#4578,.T.);
#4778=ADVANCED_FACE('',(#1471),#4579,.F.);
#4779=ADVANCED_FACE('',(#1472),#4580,.F.);
#4780=ADVANCED_FACE('',(#1473),#4581,.F.);
#4781=ADVANCED_FACE('',(#1474),#4582,.F.);
#4782=ADVANCED_FACE('',(#1475),#4583,.F.);
#4783=ADVANCED_FACE('',(#1476),#4584,.F.);
#4784=ADVANCED_FACE('',(#1477),#4585,.F.);
#4785=ADVANCED_FACE('',(#1478),#4586,.F.);
#4786=ADVANCED_FACE('',(#1479),#115,.F.);
#4787=ADVANCED_FACE('',(#1480),#4587,.F.);
#4788=ADVANCED_FACE('',(#1481),#4588,.F.);
#4789=ADVANCED_FACE('',(#1482),#4589,.F.);
#4790=ADVANCED_FACE('',(#1483),#49,.F.);
#4791=ADVANCED_FACE('',(#1484),#4590,.F.);
#4792=ADVANCED_FACE('',(#1485),#116,.F.);
#4793=ADVANCED_FACE('',(#1486),#4591,.F.);
#4794=ADVANCED_FACE('',(#1487),#17,.T.);
#4795=ADVANCED_FACE('',(#1488,#1289,#1290,#1291,#1292,#1293),#4592,.T.);
#4796=ADVANCED_FACE('',(#1489),#50,.F.);
#4797=ADVANCED_FACE('',(#1490),#51,.F.);
#4798=ADVANCED_FACE('',(#1491,#1294,#1295,#1296,#1297,#1298),#4593,.T.);
#4799=ADVANCED_FACE('',(#1492),#52,.F.);
#4800=ADVANCED_FACE('',(#1493,#1299,#1300,#1301),#4594,.T.);
#4801=ADVANCED_FACE('',(#1494),#4595,.F.);
#4802=ADVANCED_FACE('',(#1495),#117,.F.);
#4803=ADVANCED_FACE('',(#1496),#4596,.F.);
#4804=ADVANCED_FACE('',(#1497),#53,.F.);
#4805=ADVANCED_FACE('',(#1498),#4597,.F.);
#4806=ADVANCED_FACE('',(#1499),#4598,.F.);
#4807=ADVANCED_FACE('',(#1500),#4599,.F.);
#4808=ADVANCED_FACE('',(#1501),#18,.F.);
#4809=ADVANCED_FACE('',(#1502),#54,.F.);
#4810=ADVANCED_FACE('',(#1503),#118,.F.);
#4811=ADVANCED_FACE('',(#1504),#55,.F.);
#4812=ADVANCED_FACE('',(#1505),#119,.F.);
#4813=ADVANCED_FACE('',(#1506),#4600,.F.);
#4814=ADVANCED_FACE('',(#1507),#4601,.F.);
#4815=ADVANCED_FACE('',(#1508),#56,.F.);
#4816=ADVANCED_FACE('',(#1509),#57,.F.);
#4817=ADVANCED_FACE('',(#1510),#120,.F.);
#4818=ADVANCED_FACE('',(#1511),#121,.F.);
#4819=ADVANCED_FACE('',(#1512),#4602,.F.);
#4820=ADVANCED_FACE('',(#1513),#58,.F.);
#4821=ADVANCED_FACE('',(#1514),#122,.F.);
#4822=ADVANCED_FACE('',(#1515),#19,.F.);
#4823=ADVANCED_FACE('',(#1516),#4603,.F.);
#4824=ADVANCED_FACE('',(#1517),#59,.F.);
#4825=ADVANCED_FACE('',(#1518),#60,.F.);
#4826=ADVANCED_FACE('',(#1519),#123,.F.);
#4827=ADVANCED_FACE('',(#1520),#4604,.F.);
#4828=ADVANCED_FACE('',(#1521),#20,.F.);
#4829=ADVANCED_FACE('',(#1522),#124,.F.);
#4830=ADVANCED_FACE('',(#1523),#4605,.F.);
#4831=ADVANCED_FACE('',(#1524),#61,.F.);
#4832=ADVANCED_FACE('',(#1525),#4606,.F.);
#4833=ADVANCED_FACE('',(#1526),#62,.F.);
#4834=ADVANCED_FACE('',(#1527),#4607,.T.);
#4835=ADVANCED_FACE('',(#1528),#4608,.T.);
#4836=CLOSED_SHELL('',(#4609,#4610,#4611,#4612,#4613,#4614,#4615,#4616,
#4617,#4618,#4619,#4620,#4621,#4622,#4623,#4624,#4625,#4626,#4627,#4628,
#4629,#4630,#4631,#4632,#4633,#4634,#4635,#4636,#4637,#4638,#4639,#4640,
#4641,#4642,#4643,#4644,#4645,#4646,#4647,#4648,#4649,#4650,#4651,#4652,
#4653,#4654,#4655,#4656,#4657,#4658,#4659,#4660,#4661,#4662,#4663,#4664,
#4665,#4666,#4667,#4668,#4669,#4670,#4671,#4672,#4673,#4674,#4675,#4676,
#4677,#4678,#4679,#4680,#4681,#4682,#4683,#4684,#4685,#4686,#4687,#4688,
#4689,#4690,#4691,#4692,#4693,#4694,#4695,#4696,#4697,#4698,#4699,#4700,
#4701,#4702,#4703,#4704,#4705,#4706,#4707,#4708,#4709,#4710,#4711,#4712,
#4713,#4714,#4715,#4716,#4717,#4718,#4719,#4720,#4721,#4722,#4723,#4724,
#4725,#4726,#4727,#4728,#4729,#4730,#4731,#4732,#4733,#4734,#4735,#4736,
#4737,#4738,#4739,#4740,#4741,#4742,#4743,#4744,#4745,#4746,#4747,#4748,
#4749,#4750,#4751,#4752,#4753,#4754,#4755,#4756,#4757,#4758,#4759,#4760,
#4761,#4762,#4763,#4764,#4765,#4766,#4767,#4768,#4769,#4770,#4771,#4772,
#4773,#4774,#4775,#4776,#4777,#4778,#4779,#4780,#4781,#4782,#4783,#4784,
#4785,#4786,#4787,#4788,#4789,#4790,#4791,#4792,#4793,#4794,#4795,#4796,
#4797,#4798,#4799,#4800,#4801,#4802,#4803,#4804,#4805,#4806,#4807,#4808,
#4809,#4810,#4811,#4812,#4813,#4814,#4815,#4816,#4817,#4818,#4819,#4820,
#4821,#4822,#4823,#4824,#4825,#4826,#4827,#4828,#4829,#4830,#4831,#4832,
#4833,#4834,#4835));
#4837=AXIS2_PLACEMENT_3D('',#6216,#5122,#5123);
#4838=AXIS2_PLACEMENT_3D('',#6217,#5124,#5125);
#4839=AXIS2_PLACEMENT_3D('',#6219,#5126,#5127);
#4840=AXIS2_PLACEMENT_3D('',#6221,#5128,#5129);
#4841=AXIS2_PLACEMENT_3D('',#6222,#5130,#5131);
#4842=AXIS2_PLACEMENT_3D('',#6234,#5135,#5136);
#4843=AXIS2_PLACEMENT_3D('',#6270,#5143,#5144);
#4844=AXIS2_PLACEMENT_3D('',#6363,#5149,#5150);
#4845=AXIS2_PLACEMENT_3D('',#6371,#5155,#5156);
#4846=AXIS2_PLACEMENT_3D('',#6392,#5161,#5162);
#4847=AXIS2_PLACEMENT_3D('',#6485,#5167,#5168);
#4848=AXIS2_PLACEMENT_3D('',#6508,#5175,#5176);
#4849=AXIS2_PLACEMENT_3D('',#6757,#5182,#5183);
#4850=AXIS2_PLACEMENT_3D('',#6761,#5186,#5187);
#4851=AXIS2_PLACEMENT_3D('',#6765,#5190,#5191);
#4852=AXIS2_PLACEMENT_3D('',#6772,#5195,#5196);
#4853=AXIS2_PLACEMENT_3D('',#6773,#5197,#5198);
#4854=AXIS2_PLACEMENT_3D('',#6777,#5201,#5202);
#4855=AXIS2_PLACEMENT_3D('',#6780,#5204,#5205);
#4856=AXIS2_PLACEMENT_3D('',#6781,#5206,#5207);
#4857=AXIS2_PLACEMENT_3D('',#6785,#5210,#5211);
#4858=AXIS2_PLACEMENT_3D('',#6959,#5215,#5216);
#4859=AXIS2_PLACEMENT_3D('',#6963,#5219,#5220);
#4860=AXIS2_PLACEMENT_3D('',#6967,#5223,#5224);
#4861=AXIS2_PLACEMENT_3D('',#6970,#5226,#5227);
#4862=AXIS2_PLACEMENT_3D('',#6971,#5228,#5229);
#4863=AXIS2_PLACEMENT_3D('',#6975,#5232,#5233);
#4864=AXIS2_PLACEMENT_3D('',#6979,#5235,#5236);
#4865=AXIS2_PLACEMENT_3D('',#6983,#5239,#5240);
#4866=AXIS2_PLACEMENT_3D('',#6987,#5243,#5244);
#4867=AXIS2_PLACEMENT_3D('',#6991,#5247,#5248);
#4868=AXIS2_PLACEMENT_3D('',#6993,#5249,#5250);
#4869=AXIS2_PLACEMENT_3D('',#6996,#5252,#5253);
#4870=AXIS2_PLACEMENT_3D('',#7608,#5278,#5279);
#4871=AXIS2_PLACEMENT_3D('',#7613,#5282,#5283);
#4872=AXIS2_PLACEMENT_3D('',#7644,#5299,#5300);
#4873=AXIS2_PLACEMENT_3D('',#7653,#5305,#5306);
#4874=AXIS2_PLACEMENT_3D('',#7689,#5325,#5326);
#4875=AXIS2_PLACEMENT_3D('',#7694,#5329,#5330);
#4876=AXIS2_PLACEMENT_3D('',#7697,#5332,#5333);
#4877=AXIS2_PLACEMENT_3D('',#7699,#5334,#5335);
#4878=AXIS2_PLACEMENT_3D('',#7703,#5337,#5338);
#4879=AXIS2_PLACEMENT_3D('',#7708,#5341,#5342);
#4880=AXIS2_PLACEMENT_3D('',#7711,#5344,#5345);
#4881=AXIS2_PLACEMENT_3D('',#7713,#5346,#5347);
#4882=AXIS2_PLACEMENT_3D('',#7716,#5349,#5350);
#4883=AXIS2_PLACEMENT_3D('',#7717,#5351,#5352);
#4884=AXIS2_PLACEMENT_3D('',#7719,#5353,#5354);
#4885=AXIS2_PLACEMENT_3D('',#7722,#5356,#5357);
#4886=AXIS2_PLACEMENT_3D('',#7723,#5358,#5359);
#4887=AXIS2_PLACEMENT_3D('',#7725,#5360,#5361);
#4888=AXIS2_PLACEMENT_3D('',#7728,#5363,#5364);
#4889=AXIS2_PLACEMENT_3D('',#7729,#5365,#5366);
#4890=AXIS2_PLACEMENT_3D('',#7731,#5367,#5368);
#4891=AXIS2_PLACEMENT_3D('',#7734,#5370,#5371);
#4892=AXIS2_PLACEMENT_3D('',#7735,#5372,#5373);
#4893=AXIS2_PLACEMENT_3D('',#7737,#5374,#5375);
#4894=AXIS2_PLACEMENT_3D('',#7740,#5377,#5378);
#4895=AXIS2_PLACEMENT_3D('',#7741,#5379,#5380);
#4896=AXIS2_PLACEMENT_3D('',#7743,#5381,#5382);
#4897=AXIS2_PLACEMENT_3D('',#7746,#5384,#5385);
#4898=AXIS2_PLACEMENT_3D('',#7747,#5386,#5387);
#4899=AXIS2_PLACEMENT_3D('',#7749,#5388,#5389);
#4900=AXIS2_PLACEMENT_3D('',#7752,#5391,#5392);
#4901=AXIS2_PLACEMENT_3D('',#7753,#5393,#5394);
#4902=AXIS2_PLACEMENT_3D('',#7755,#5395,#5396);
#4903=AXIS2_PLACEMENT_3D('',#7758,#5398,#5399);
#4904=AXIS2_PLACEMENT_3D('',#7759,#5400,#5401);
#4905=AXIS2_PLACEMENT_3D('',#7761,#5402,#5403);
#4906=AXIS2_PLACEMENT_3D('',#7764,#5405,#5406);
#4907=AXIS2_PLACEMENT_3D('',#7765,#5407,#5408);
#4908=AXIS2_PLACEMENT_3D('',#7784,#5418,#5419);
#4909=AXIS2_PLACEMENT_3D('',#7790,#5423,#5424);
#4910=AXIS2_PLACEMENT_3D('',#7806,#5433,#5434);
#4911=AXIS2_PLACEMENT_3D('',#7819,#5441,#5442);
#4912=AXIS2_PLACEMENT_3D('',#7822,#5445,#5446);
#4913=AXIS2_PLACEMENT_3D('',#7828,#5450,#5451);
#4914=AXIS2_PLACEMENT_3D('',#7838,#5457,#5458);
#4915=AXIS2_PLACEMENT_3D('',#7841,#5461,#5462);
#4916=AXIS2_PLACEMENT_3D('',#7856,#5470,#5471);
#4917=AXIS2_PLACEMENT_3D('',#7872,#5480,#5481);
#4918=AXIS2_PLACEMENT_3D('',#7885,#5488,#5489);
#4919=AXIS2_PLACEMENT_3D('',#7891,#5493,#5494);
#4920=AXIS2_PLACEMENT_3D('',#7910,#5505,#5506);
#4921=AXIS2_PLACEMENT_3D('',#7926,#5515,#5516);
#4922=AXIS2_PLACEMENT_3D('',#7938,#5523,#5524);
#4923=AXIS2_PLACEMENT_3D('',#7941,#5527,#5528);
#4924=AXIS2_PLACEMENT_3D('',#7956,#5536,#5537);
#4925=AXIS2_PLACEMENT_3D('',#7962,#5541,#5542);
#4926=AXIS2_PLACEMENT_3D('',#7974,#5549,#5550);
#4927=AXIS2_PLACEMENT_3D('',#7989,#5558,#5559);
#4928=AXIS2_PLACEMENT_3D('',#7992,#5562,#5563);
#4929=AXIS2_PLACEMENT_3D('',#7998,#5567,#5568);
#4930=AXIS2_PLACEMENT_3D('',#8010,#5575,#5576);
#4931=AXIS2_PLACEMENT_3D('',#8013,#5579,#5580);
#4932=AXIS2_PLACEMENT_3D('',#8027,#5589,#5590);
#4933=AXIS2_PLACEMENT_3D('',#8031,#5593,#5594);
#4934=AXIS2_PLACEMENT_3D('',#8033,#5596,#5597);
#4935=AXIS2_PLACEMENT_3D('',#8035,#5599,#5600);
#4936=AXIS2_PLACEMENT_3D('',#8039,#5603,#5604);
#4937=AXIS2_PLACEMENT_3D('',#8041,#5606,#5607);
#4938=AXIS2_PLACEMENT_3D('',#8043,#5609,#5610);
#4939=AXIS2_PLACEMENT_3D('',#8047,#5613,#5614);
#4940=AXIS2_PLACEMENT_3D('',#8049,#5616,#5617);
#4941=AXIS2_PLACEMENT_3D('',#8051,#5619,#5620);
#4942=AXIS2_PLACEMENT_3D('',#8055,#5623,#5624);
#4943=AXIS2_PLACEMENT_3D('',#8057,#5626,#5627);
#4944=AXIS2_PLACEMENT_3D('',#8059,#5629,#5630);
#4945=AXIS2_PLACEMENT_3D('',#8065,#5634,#5635);
#4946=AXIS2_PLACEMENT_3D('',#8068,#5638,#5639);
#4947=AXIS2_PLACEMENT_3D('',#8075,#5644,#5645);
#4948=AXIS2_PLACEMENT_3D('',#8083,#5651,#5652);
#4949=AXIS2_PLACEMENT_3D('',#8092,#5658,#5659);
#4950=AXIS2_PLACEMENT_3D('',#8096,#5662,#5663);
#4951=AXIS2_PLACEMENT_3D('',#8098,#5665,#5666);
#4952=AXIS2_PLACEMENT_3D('',#8100,#5668,#5669);
#4953=AXIS2_PLACEMENT_3D('',#8102,#5671,#5672);
#4954=AXIS2_PLACEMENT_3D('',#8106,#5675,#5676);
#4955=AXIS2_PLACEMENT_3D('',#8107,#5677,#5678);
#4956=AXIS2_PLACEMENT_3D('',#8113,#5682,#5683);
#4957=AXIS2_PLACEMENT_3D('',#8116,#5686,#5687);
#4958=AXIS2_PLACEMENT_3D('',#8131,#5696,#5697);
#4959=AXIS2_PLACEMENT_3D('',#8135,#5700,#5701);
#4960=AXIS2_PLACEMENT_3D('',#8137,#5703,#5704);
#4961=AXIS2_PLACEMENT_3D('',#8138,#5705,#5706);
#4962=AXIS2_PLACEMENT_3D('',#8140,#5708,#5709);
#4963=AXIS2_PLACEMENT_3D('',#8149,#5714,#5715);
#4964=AXIS2_PLACEMENT_3D('',#8155,#5719,#5720);
#4965=AXIS2_PLACEMENT_3D('',#8161,#5724,#5725);
#4966=AXIS2_PLACEMENT_3D('',#8167,#5729,#5730);
#4967=AXIS2_PLACEMENT_3D('',#8173,#5734,#5735);
#4968=AXIS2_PLACEMENT_3D('',#8182,#5740,#5741);
#4969=AXIS2_PLACEMENT_3D('',#8188,#5745,#5746);
#4970=AXIS2_PLACEMENT_3D('',#8194,#5750,#5751);
#4971=AXIS2_PLACEMENT_3D('',#8200,#5755,#5756);
#4972=AXIS2_PLACEMENT_3D('',#8206,#5760,#5761);
#4973=AXIS2_PLACEMENT_3D('',#8222,#5767,#5768);
#4974=AXIS2_PLACEMENT_3D('',#8235,#5769,#5770);
#4975=AXIS2_PLACEMENT_3D('',#8236,#5771,#5772);
#4976=AXIS2_PLACEMENT_3D('',#8240,#5775,#5776);
#4977=AXIS2_PLACEMENT_3D('',#8244,#5779,#5780);
#4978=AXIS2_PLACEMENT_3D('',#8248,#5783,#5784);
#4979=AXIS2_PLACEMENT_3D('',#8252,#5787,#5788);
#4980=AXIS2_PLACEMENT_3D('',#8328,#5791,#5792);
#4981=AXIS2_PLACEMENT_3D('',#8332,#5795,#5796);
#4982=AXIS2_PLACEMENT_3D('',#8336,#5799,#5800);
#4983=AXIS2_PLACEMENT_3D('',#8339,#5802,#5803);
#4984=AXIS2_PLACEMENT_3D('',#8341,#5805,#5806);
#4985=AXIS2_PLACEMENT_3D('',#8343,#5808,#5809);
#4986=AXIS2_PLACEMENT_3D('',#8345,#5811,#5812);
#4987=AXIS2_PLACEMENT_3D('',#8347,#5814,#5815);
#4988=AXIS2_PLACEMENT_3D('',#8462,#5818,#5819);
#4989=AXIS2_PLACEMENT_3D('',#8464,#5821,#5822);
#4990=AXIS2_PLACEMENT_3D('',#8466,#5824,#5825);
#4991=AXIS2_PLACEMENT_3D('',#8468,#5827,#5828);
#4992=AXIS2_PLACEMENT_3D('',#8470,#5830,#5831);
#4993=AXIS2_PLACEMENT_3D('',#8474,#5833,#5834);
#4994=AXIS2_PLACEMENT_3D('',#8476,#5836,#5837);
#4995=AXIS2_PLACEMENT_3D('',#8480,#5840,#5841);
#4996=AXIS2_PLACEMENT_3D('',#8743,#5847,#5848);
#4997=AXIS2_PLACEMENT_3D('',#8745,#5849,#5850);
#4998=AXIS2_PLACEMENT_3D('',#8748,#5852,#5853);
#4999=AXIS2_PLACEMENT_3D('',#8749,#5854,#5855);
#5000=AXIS2_PLACEMENT_3D('',#8751,#5856,#5857);
#5001=AXIS2_PLACEMENT_3D('',#8752,#5858,#5859);
#5002=AXIS2_PLACEMENT_3D('',#8754,#5860,#5861);
#5003=AXIS2_PLACEMENT_3D('',#8757,#5863,#5864);
#5004=AXIS2_PLACEMENT_3D('',#8758,#5865,#5866);
#5005=AXIS2_PLACEMENT_3D('',#8760,#5867,#5868);
#5006=AXIS2_PLACEMENT_3D('',#8761,#5869,#5870);
#5007=AXIS2_PLACEMENT_3D('',#8763,#5871,#5872);
#5008=AXIS2_PLACEMENT_3D('',#8766,#5874,#5875);
#5009=AXIS2_PLACEMENT_3D('',#8767,#5876,#5877);
#5010=AXIS2_PLACEMENT_3D('',#8769,#5878,#5879);
#5011=AXIS2_PLACEMENT_3D('',#8770,#5880,#5881);
#5012=AXIS2_PLACEMENT_3D('',#8772,#5882,#5883);
#5013=AXIS2_PLACEMENT_3D('',#8775,#5885,#5886);
#5014=AXIS2_PLACEMENT_3D('',#8776,#5887,#5888);
#5015=AXIS2_PLACEMENT_3D('',#8778,#5889,#5890);
#5016=AXIS2_PLACEMENT_3D('',#8779,#5891,#5892);
#5017=AXIS2_PLACEMENT_3D('',#8784,#5896,#5897);
#5018=AXIS2_PLACEMENT_3D('',#8789,#5901,#5902);
#5019=AXIS2_PLACEMENT_3D('',#8794,#5906,#5907);
#5020=AXIS2_PLACEMENT_3D('',#8799,#5911,#5912);
#5021=AXIS2_PLACEMENT_3D('',#8803,#5915,#5916);
#5022=AXIS2_PLACEMENT_3D('',#8805,#5918,#5919);
#5023=AXIS2_PLACEMENT_3D('',#8809,#5922,#5923);
#5024=AXIS2_PLACEMENT_3D('',#8811,#5925,#5926);
#5025=AXIS2_PLACEMENT_3D('',#8813,#5927,#5928);
#5026=AXIS2_PLACEMENT_3D('',#8815,#5929,#5930);
#5027=AXIS2_PLACEMENT_3D('',#8816,#5931,#5932);
#5028=AXIS2_PLACEMENT_3D('',#8818,#5933,#5934);
#5029=AXIS2_PLACEMENT_3D('',#8820,#5935,#5936);
#5030=AXIS2_PLACEMENT_3D('',#8821,#5937,#5938);
#5031=AXIS2_PLACEMENT_3D('',#8824,#5939,#5940);
#5032=AXIS2_PLACEMENT_3D('',#8826,#5941,#5942);
#5033=AXIS2_PLACEMENT_3D('',#8828,#5943,#5944);
#5034=AXIS2_PLACEMENT_3D('',#8829,#5945,#5946);
#5035=AXIS2_PLACEMENT_3D('',#8830,#5947,#5948);
#5036=AXIS2_PLACEMENT_3D('',#8834,#5950,#5951);
#5037=AXIS2_PLACEMENT_3D('',#8870,#5952,#5953);
#5038=AXIS2_PLACEMENT_3D('',#8871,#5954,#5955);
#5039=AXIS2_PLACEMENT_3D('',#8872,#5956,#5957);
#5040=AXIS2_PLACEMENT_3D('',#8875,#5960,#5961);
#5041=AXIS2_PLACEMENT_3D('',#8878,#5962,#5963);
#5042=AXIS2_PLACEMENT_3D('',#8914,#5964,#5965);
#5043=AXIS2_PLACEMENT_3D('',#8916,#5967,#5968);
#5044=AXIS2_PLACEMENT_3D('',#8917,#5969,#5970);
#5045=AXIS2_PLACEMENT_3D('',#8919,#5972,#5973);
#5046=AXIS2_PLACEMENT_3D('',#8920,#5974,#5975);
#5047=AXIS2_PLACEMENT_3D('',#8923,#5978,#5979);
#5048=AXIS2_PLACEMENT_3D('',#8933,#5981,#5982);
#5049=AXIS2_PLACEMENT_3D('',#9005,#5985,#5986);
#5050=AXIS2_PLACEMENT_3D('',#9023,#5989,#5990);
#5051=AXIS2_PLACEMENT_3D('',#9037,#5992,#5993);
#5052=AXIS2_PLACEMENT_3D('',#9039,#5995,#5996);
#5053=AXIS2_PLACEMENT_3D('',#9040,#5997,#5998);
#5054=AXIS2_PLACEMENT_3D('',#9042,#6000,#6001);
#5055=AXIS2_PLACEMENT_3D('',#9047,#6004,#6005);
#5056=AXIS2_PLACEMENT_3D('',#9051,#6007,#6008);
#5057=AXIS2_PLACEMENT_3D('',#9066,#6009,#6010);
#5058=AXIS2_PLACEMENT_3D('',#9070,#6012,#6013);
#5059=AXIS2_PLACEMENT_3D('',#9090,#6017,#6018);
#5060=AXIS2_PLACEMENT_3D('',#9140,#6027,#6028);
#5061=AXIS2_PLACEMENT_3D('',#9171,#6031,#6032);
#5062=AXIS2_PLACEMENT_3D('',#9174,#6035,#6036);
#5063=AXIS2_PLACEMENT_3D('',#9176,#6038,#6039);
#5064=AXIS2_PLACEMENT_3D('',#9178,#6041,#6042);
#5065=AXIS2_PLACEMENT_3D('',#9179,#6043,#6044);
#5066=AXIS2_PLACEMENT_3D('',#9181,#6046,#6047);
#5067=AXIS2_PLACEMENT_3D('',#9182,#6048,#6049);
#5068=AXIS2_PLACEMENT_3D('',#9184,#6051,#6052);
#5069=AXIS2_PLACEMENT_3D('',#9185,#6053,#6054);
#5070=AXIS2_PLACEMENT_3D('',#9271,#6061,#6062);
#5071=AXIS2_PLACEMENT_3D('',#9274,#6065,#6066);
#5072=AXIS2_PLACEMENT_3D('',#9275,#6067,#6068);
#5073=AXIS2_PLACEMENT_3D('',#9276,#6069,#6070);
#5074=AXIS2_PLACEMENT_3D('',#9283,#6072,#6073);
#5075=AXIS2_PLACEMENT_3D('',#9298,#6078,#6079);
#5076=AXIS2_PLACEMENT_3D('',#9307,#6082,#6083);
#5077=AXIS2_PLACEMENT_3D('',#9309,#6085,#6086);
#5078=AXIS2_PLACEMENT_3D('',#9311,#6087,#6088);
#5079=AXIS2_PLACEMENT_3D('',#9313,#6090,#6091);
#5080=AXIS2_PLACEMENT_3D('',#9315,#6092,#6093);
#5081=AXIS2_PLACEMENT_3D('',#9317,#6095,#6096);
#5082=AXIS2_PLACEMENT_3D('',#9319,#6098,#6099);
#5083=AXIS2_PLACEMENT_3D('',#9321,#6100,#6101);
#5084=AXIS2_PLACEMENT_3D('',#9323,#6103,#6104);
#5085=AXIS2_PLACEMENT_3D('',#9324,#6105,#6106);
#5086=AXIS2_PLACEMENT_3D('',#9326,#6107,#6108);
#5087=AXIS2_PLACEMENT_3D('',#9362,#6111,#6112);
#5088=AXIS2_PLACEMENT_3D('',#9364,#6113,#6114);
#5089=AXIS2_PLACEMENT_3D('',#9368,#6117,#6118);
#5090=AXIS2_PLACEMENT_3D('',#9381,#6120,#6121);
#5091=AXIS2_PLACEMENT_3D('',#9383,#6122,#6123);
#5092=AXIS2_PLACEMENT_3D('',#9385,#6125,#6126);
#5093=AXIS2_PLACEMENT_3D('',#9387,#6127,#6128);
#5094=AXIS2_PLACEMENT_3D('',#9389,#6130,#6131);
#5095=AXIS2_PLACEMENT_3D('',#9391,#6132,#6133);
#5096=AXIS2_PLACEMENT_3D('',#9405,#6136,#6137);
#5097=AXIS2_PLACEMENT_3D('',#9469,#6140,#6141);
#5098=AXIS2_PLACEMENT_3D('',#9548,#6143,#6144);
#5099=AXIS2_PLACEMENT_3D('',#9550,#6145,#6146);
#5100=AXIS2_PLACEMENT_3D('',#9552,#6148,#6149);
#5101=AXIS2_PLACEMENT_3D('',#9555,#6150,#6151);
#5102=AXIS2_PLACEMENT_3D('',#9558,#6154,#6155);
#5103=AXIS2_PLACEMENT_3D('',#9565,#6157,#6158);
#5104=AXIS2_PLACEMENT_3D('',#9716,#6162,#6163);
#5105=AXIS2_PLACEMENT_3D('',#9722,#6167,#6168);
#5106=AXIS2_PLACEMENT_3D('',#9798,#6172,#6173);
#5107=AXIS2_PLACEMENT_3D('',#9800,#6174,#6175);
#5108=AXIS2_PLACEMENT_3D('',#9804,#6178,#6179);
#5109=AXIS2_PLACEMENT_3D('',#9811,#6181,#6182);
#5110=AXIS2_PLACEMENT_3D('',#9881,#6185,#6186);
#5111=AXIS2_PLACEMENT_3D('',#9883,#6187,#6188);
#5112=AXIS2_PLACEMENT_3D('',#9936,#6192,#6193);
#5113=AXIS2_PLACEMENT_3D('',#9938,#6194,#6195);
#5114=AXIS2_PLACEMENT_3D('',#9940,#6197,#6198);
#5115=AXIS2_PLACEMENT_3D('',#9955,#6201,#6202);
#5116=AXIS2_PLACEMENT_3D('',#9956,#6203,#6204);
#5117=AXIS2_PLACEMENT_3D('',#9957,#6205,#6206);
#5118=AXIS2_PLACEMENT_3D('',#9958,#6207,#6208);
#5119=AXIS2_PLACEMENT_3D('',#9960,#6210,#6211);
#5120=AXIS2_PLACEMENT_3D('',#9961,#6212,#6213);
#5121=AXIS2_PLACEMENT_3D('',#9962,#6214,#6215);
#5122=DIRECTION('axis',(0.,0.,1.));
#5123=DIRECTION('refdir',(1.,0.,0.));
#5124=DIRECTION('center_axis',(-0.00872653549837188,0.999961923064171,0.));
#5125=DIRECTION('ref_axis',(-0.999961923064171,-0.00872653549837188,0.));
#5126=DIRECTION('center_axis',(0.00872653549837188,-0.999961923064171,0.));
#5127=DIRECTION('ref_axis',(-0.999961923064171,-0.00872653549837149,0.));
#5128=DIRECTION('center_axis',(-0.00872653549837188,0.999961923064171,0.));
#5129=DIRECTION('ref_axis',(-0.999961923064171,-0.00872653549837199,0.));
#5130=DIRECTION('center_axis',(1.44357169468968E-16,-1.6541693185941E-14,
1.));
#5131=DIRECTION('ref_axis',(0.999961923064171,0.00872653549837188,0.));
#5132=DIRECTION('',(-0.00872653549837188,0.999961923064171,1.65423230669148E-14));
#5133=DIRECTION('',(0.999961923064171,0.00872653549837188,0.));
#5134=DIRECTION('',(-0.00872653549837188,0.999961923064171,1.65423230669148E-14));
#5135=DIRECTION('center_axis',(-0.999961923064171,-0.00872653549837188,
0.));
#5136=DIRECTION('ref_axis',(0.,0.,1.));
#5137=DIRECTION('',(0.,0.,1.));
#5138=DIRECTION('',(-0.00872653549837188,0.999961923064171,1.65423230669148E-14));
#5139=DIRECTION('',(-0.00872649631157624,0.999957432702156,-0.00299683930772365));
#5140=DIRECTION('',(0.00872653549837188,-0.999961923064171,0.));
#5141=DIRECTION('',(0.,0.,-1.));
#5142=DIRECTION('',(-0.00859355047477399,0.984723348722672,-0.173913994177138));
#5143=DIRECTION('center_axis',(0.999961923064171,0.00872653549837188,0.));
#5144=DIRECTION('ref_axis',(0.00872653549837372,-0.999961923064171,-5.4690789390401E-15));
#5145=DIRECTION('',(1.4513025898489E-20,-1.66302804699996E-18,-1.));
#5146=DIRECTION('',(-0.00872653549837188,0.999961923064171,0.));
#5147=DIRECTION('',(0.00872653549837188,-0.999961923064171,0.));
#5148=DIRECTION('',(-1.45130258984144E-20,1.66302804699141E-18,-1.));
#5149=DIRECTION('center_axis',(0.999961923064171,0.00872653549837188,0.));
#5150=DIRECTION('ref_axis',(0.00151766783136086,-0.173907508140322,0.984760821365664));
#5151=DIRECTION('',(0.00859355047477466,-0.984723348722748,-0.173913994176703));
#5152=DIRECTION('',(0.,0.,-1.));
#5153=DIRECTION('',(-0.00872653549837188,0.999961923064171,0.));
#5154=DIRECTION('',(0.00872649631157624,-0.999957432702157,-0.00299683930764759));
#5155=DIRECTION('center_axis',(0.999961923064171,0.00872653549837188,0.));
#5156=DIRECTION('ref_axis',(-1.44297053427022E-16,1.65348045698433E-14,
-1.));
#5157=DIRECTION('',(-0.00872649631157624,0.999957432702157,0.00299683930764759));
#5158=DIRECTION('',(0.00872653549837188,-0.999961923064171,0.));
#5159=DIRECTION('',(0.,0.,1.));
#5160=DIRECTION('',(-0.00859355047477466,0.984723348722748,0.173913994176703));
#5161=DIRECTION('center_axis',(-0.999961923064171,-0.00872653549837188,
0.));
#5162=DIRECTION('ref_axis',(0.00151766783136086,-0.173907508140322,0.984760821365664));
#5163=DIRECTION('',(1.45130258984144E-20,-1.66302804699141E-18,1.));
#5164=DIRECTION('',(-0.00872653549837188,0.999961923064171,0.));
#5165=DIRECTION('',(0.00872653549837188,-0.999961923064171,0.));
#5166=DIRECTION('',(-1.4513025898489E-20,1.66302804699996E-18,1.));
#5167=DIRECTION('center_axis',(-0.999961923064171,-0.00872653549837188,
0.));
#5168=DIRECTION('ref_axis',(0.00872653549837372,-0.999961923064171,-5.4690789390401E-15));
#5169=DIRECTION('',(0.00859355047477399,-0.984723348722672,0.173913994177138));
#5170=DIRECTION('',(0.,0.,1.));
#5171=DIRECTION('',(-0.00872653549837188,0.999961923064171,0.));
#5172=DIRECTION('',(0.00872649631157624,-0.999957432702156,0.00299683930772365));
#5173=DIRECTION('',(-0.00872653549837188,0.999961923064171,1.65423230669148E-14));
#5174=DIRECTION('',(0.,0.,-1.));
#5175=DIRECTION('center_axis',(-1.44357169469879E-16,1.65416931859409E-14,
-1.));
#5176=DIRECTION('ref_axis',(-0.999961923064171,-0.00872653549842692,0.));
#5177=DIRECTION('',(-0.999961923064171,-0.00872653549837188,9.10468744141488E-28));
#5178=DIRECTION('',(-0.999961923064171,-0.00872653549837372,0.));
#5179=DIRECTION('',(-0.999961923064171,-0.00872653549837372,0.));
#5180=DIRECTION('',(-0.999961923064171,-0.00872653549837372,0.));
#5181=DIRECTION('',(-0.999961923064171,-0.00872653549837372,0.));
#5182=DIRECTION('center_axis',(2.61520246011085E-5,-0.00299672519718959,
0.999995509467));
#5183=DIRECTION('ref_axis',(0.999999999658033,0.,-2.61521420292221E-5));
#5184=DIRECTION('',(0.999961923064171,0.00872653549837372,0.));
#5185=DIRECTION('',(0.00174970526980676,0.999993979217523,0.0029966748528898));
#5186=DIRECTION('center_axis',(0.,0.,-1.));
#5187=DIRECTION('ref_axis',(-1.,0.,0.));
#5188=DIRECTION('',(-0.999961923064171,-0.00872653549837372,0.));
#5189=DIRECTION('',(0.,-1.,0.));
#5190=DIRECTION('center_axis',(0.00872653549837372,-0.999961923064171,0.));
#5191=DIRECTION('ref_axis',(0.,0.,1.));
#5192=DIRECTION('',(-0.999961923064171,-0.00872653549837372,0.));
#5193=DIRECTION('',(0.,0.,-1.));
#5194=DIRECTION('',(-0.999961923064171,-0.00872653549837372,0.));
#5195=DIRECTION('center_axis',(0.00872653549837372,-0.999961923064171,0.));
#5196=DIRECTION('ref_axis',(0.999961923064171,0.00872653549837372,0.));
#5197=DIRECTION('center_axis',(0.00151766664384696,-0.173907372064707,0.984760845398265));
#5198=DIRECTION('ref_axis',(-0.00859355047477664,0.984723348722748,0.173913994176703));
#5199=DIRECTION('',(-0.999961923064171,-0.00872653549837372,0.));
#5200=DIRECTION('',(0.00859355047477664,-0.984723348722748,-0.173913994176703));
#5201=DIRECTION('center_axis',(-0.999961923064171,-0.00872653549837372,
0.));
#5202=DIRECTION('ref_axis',(0.00151766783136086,-0.173907508140322,0.984760821365664));
#5203=DIRECTION('',(-0.999961923064171,-0.00872653549837372,0.));
#5204=DIRECTION('center_axis',(0.999961923064171,0.00872653549837294,4.60677503089091E-15));
#5205=DIRECTION('ref_axis',(0.00151766783135619,-0.173907508140322,0.984760821365664));
#5206=DIRECTION('center_axis',(0.00872653549837372,-0.999961923064171,-1.66309137241488E-18));
#5207=DIRECTION('ref_axis',(1.90578652057831E-16,0.,1.));
#5208=DIRECTION('',(-0.999961923064171,-0.00872653549837372,0.));
#5209=DIRECTION('',(-1.90578652057831E-16,0.,-1.));
#5210=DIRECTION('center_axis',(0.,0.,1.));
#5211=DIRECTION('ref_axis',(-0.00872653549837141,0.999961923064171,0.));
#5212=DIRECTION('',(-0.999961923064171,-0.00872653549837372,0.));
#5213=DIRECTION('',(0.00872653549837141,-0.999961923064171,0.));
#5214=DIRECTION('',(-0.999961923064171,-0.00872653549837372,0.));
#5215=DIRECTION('center_axis',(0.,0.,-1.));
#5216=DIRECTION('ref_axis',(0.00872653549837141,-0.999961923064171,0.));
#5217=DIRECTION('',(-0.999961923064171,-0.00872653549837372,0.));
#5218=DIRECTION('',(-0.00872653549837141,0.999961923064171,0.));
#5219=DIRECTION('center_axis',(0.00872653549837372,-0.999961923064171,1.66309137242342E-18));
#5220=DIRECTION('ref_axis',(-1.90578652058811E-16,0.,1.));
#5221=DIRECTION('',(-0.999961923064171,-0.00872653549837372,0.));
#5222=DIRECTION('',(1.90578652058811E-16,0.,-1.));
#5223=DIRECTION('center_axis',(-0.999961923064171,-0.00872653549837372,
0.));
#5224=DIRECTION('ref_axis',(0.00872653549837372,-0.999961923064171,-5.4690789390401E-15));
#5225=DIRECTION('',(-0.999961923064171,-0.00872653549837372,0.));
#5226=DIRECTION('center_axis',(0.999961923064171,0.00872653549837375,6.16297582203915E-33));
#5227=DIRECTION('ref_axis',(0.00872653549837375,-0.999961923064171,-5.4690789390401E-15));
#5228=DIRECTION('center_axis',(0.00151766664385075,-0.173907372065142,-0.984760845398188));
#5229=DIRECTION('ref_axis',(0.00859355047477646,-0.984723348722672,0.173913994177138));
#5230=DIRECTION('',(-0.999961923064171,-0.00872653549837372,0.));
#5231=DIRECTION('',(-0.00859355047477646,0.984723348722672,-0.173913994177138));
#5232=DIRECTION('center_axis',(0.00872653549837372,-0.999961923064171,0.));
#5233=DIRECTION('ref_axis',(0.,0.,1.));
#5234=DIRECTION('',(-0.999961923064171,-0.00872653549837372,0.));
#5235=DIRECTION('center_axis',(0.00872653549837372,-0.999961923064171,0.));
#5236=DIRECTION('ref_axis',(0.999961923064171,0.00872653549837372,0.));
#5237=DIRECTION('',(-0.999961923064171,-0.00872653549837372,0.));
#5238=DIRECTION('',(0.,0.,-1.));
#5239=DIRECTION('center_axis',(0.,0.,1.));
#5240=DIRECTION('ref_axis',(1.,0.,0.));
#5241=DIRECTION('',(0.999961923064171,0.00872653549837372,0.));
#5242=DIRECTION('',(0.,1.,0.));
#5243=DIRECTION('center_axis',(2.61520246017722E-5,-0.00299672519726565,
-0.999995509467));
#5244=DIRECTION('ref_axis',(-0.999999999658033,0.,-2.61521420298859E-5));
#5245=DIRECTION('',(-0.999961923064171,-0.00872653549837372,0.));
#5246=DIRECTION('',(-0.0017497052683971,-0.999993979217525,0.00299667485296763));
#5247=DIRECTION('center_axis',(-0.999961923064171,-0.00872653549837195,
0.));
#5248=DIRECTION('ref_axis',(-0.00872653549837196,0.999961923064171,0.));
#5249=DIRECTION('center_axis',(-0.999961923064171,-0.00872653549837195,
0.));
#5250=DIRECTION('ref_axis',(-0.00872653549837196,0.999961923064171,0.));
#5251=DIRECTION('',(-0.999961923064171,-0.00872653549837195,0.));
#5252=DIRECTION('center_axis',(0.999961923064171,0.00872653549837193,0.));
#5253=DIRECTION('ref_axis',(-0.00872653549837196,0.999961923064171,0.));
#5254=DIRECTION('',(0.999961923064171,0.00872653549837195,0.));
#5255=DIRECTION('',(0.999961923064171,0.00872653549837195,0.));
#5256=DIRECTION('',(0.999961923064171,0.00872653549837195,0.));
#5257=DIRECTION('',(0.999961923064171,0.00872653549837195,0.));
#5258=DIRECTION('',(0.999961923064171,0.00872653549837195,0.));
#5259=DIRECTION('',(0.999961923064171,0.00872653549837195,0.));
#5260=DIRECTION('',(0.999961923064171,0.00872653549837195,0.));
#5261=DIRECTION('',(0.999961923064171,0.00872653549837195,0.));
#5262=DIRECTION('',(0.999961923064171,0.00872653549837195,0.));
#5263=DIRECTION('',(0.999961923064171,0.00872653549837195,0.));
#5264=DIRECTION('',(0.999961923064171,0.00872653549837195,0.));
#5265=DIRECTION('',(0.999961923064171,0.00872653549837195,0.));
#5266=DIRECTION('',(0.999961923064171,0.00872653549837195,0.));
#5267=DIRECTION('',(0.999961923064171,0.00872653549837195,0.));
#5268=DIRECTION('',(0.999961923064171,0.00872653549837195,0.));
#5269=DIRECTION('',(0.999961923064171,0.00872653549837195,0.));
#5270=DIRECTION('',(0.999961923064171,0.00872653549837195,0.));
#5271=DIRECTION('',(0.999961923064171,0.00872653549837195,0.));
#5272=DIRECTION('',(0.999961923064171,0.00872653549837195,0.));
#5273=DIRECTION('',(0.999961923064171,0.00872653549837195,0.));
#5274=DIRECTION('',(0.999961923064171,0.00872653549837195,0.));
#5275=DIRECTION('',(0.999961923064171,0.00872653549837195,0.));
#5276=DIRECTION('',(0.999961923064171,0.00872653549837195,0.));
#5277=DIRECTION('',(-0.999961923064171,-0.00872653549837374,0.));
#5278=DIRECTION('center_axis',(0.999961923064171,0.00872653549837193,0.));
#5279=DIRECTION('ref_axis',(-0.00872653549837193,0.999961923064171,0.));
#5280=DIRECTION('',(-0.00872653549837193,0.999961923064171,2.64533361818264E-15));
#5281=DIRECTION('',(-0.00805868710298204,0.923434076945401,0.383672468517316));
#5282=DIRECTION('center_axis',(0.999961923064171,0.00872653549837193,0.));
#5283=DIRECTION('ref_axis',(0.00872567970458973,-0.999863858809671,-0.0140045121274146));
#5284=DIRECTION('',(-0.00872568467249077,0.999864428074955,0.0139638066922937));
#5285=DIRECTION('',(-0.00872653549837193,0.999961923064171,0.));
#5286=DIRECTION('',(-0.00872620317240535,0.999923842280258,0.00872714258392874));
#5287=DIRECTION('',(3.12224491532912E-14,-3.57773830220747E-12,-1.));
#5288=DIRECTION('',(-0.00872653549837193,0.999961923064171,-3.57787453670661E-12));
#5289=DIRECTION('',(-0.00872568459875212,0.999864419625342,-0.0139644117513504));
#5290=DIRECTION('',(-0.000121860934862042,0.0139638800293403,0.999902492848397));
#5291=DIRECTION('',(-0.00872653549837193,0.999961923064171,0.));
#5292=DIRECTION('',(0.00333815671121242,-0.382514871458015,-0.923943304442015));
#5293=DIRECTION('',(-0.0080628240446963,0.923908123512102,-0.382529437006841));
#5294=DIRECTION('',(-0.00872653549837193,0.999961923064171,0.));
#5295=DIRECTION('',(-0.00872649631157629,0.999957432702156,-0.00299683930772365));
#5296=DIRECTION('',(0.00872653549837193,-0.999961923064171,0.));
#5297=DIRECTION('',(0.,0.,-1.));
#5298=DIRECTION('',(-0.00859355047477404,0.984723348722672,-0.173913994177138));
#5299=DIRECTION('center_axis',(0.999961923064171,0.00872653549837193,0.));
#5300=DIRECTION('ref_axis',(0.00872653549837372,-0.999961923064171,-5.4690789390401E-15));
#5301=DIRECTION('',(1.45130258984891E-20,-1.66302804699996E-18,-1.));
#5302=DIRECTION('',(-0.00872653549837193,0.999961923064171,0.));
#5303=DIRECTION('',(0.00872653549837193,-0.999961923064171,0.));
#5304=DIRECTION('',(-1.45130258984145E-20,1.66302804699142E-18,-1.));
#5305=DIRECTION('center_axis',(0.999961923064171,0.00872653549837193,0.));
#5306=DIRECTION('ref_axis',(0.00151766783136086,-0.173907508140322,0.984760821365664));
#5307=DIRECTION('',(0.00859355047477471,-0.984723348722748,-0.173913994176703));
#5308=DIRECTION('',(0.,0.,-1.));
#5309=DIRECTION('',(-0.00872653549837193,0.999961923064171,0.));
#5310=DIRECTION('',(0.00872649631157629,-0.999957432702157,-0.00299683930764759));
#5311=DIRECTION('',(0.00872653549837193,-0.999961923064171,0.));
#5312=DIRECTION('',(0.00806282404464538,-0.923908123506267,-0.382529437020935));
#5313=DIRECTION('',(-0.00333815671133542,0.382514871472109,-0.923943304436179));
#5314=DIRECTION('',(0.00872653549837193,-0.999961923064171,0.));
#5315=DIRECTION('',(0.000121860934858501,-0.0139638800289346,0.999902492848403));
#5316=DIRECTION('',(0.00872568459875217,-0.999864419625348,-0.0139644117509447));
#5317=DIRECTION('',(0.00872653549837193,-0.999961923064171,-1.89305531042773E-14));
#5318=DIRECTION('',(-1.65198143668291E-16,1.89298322868216E-14,-1.));
#5319=DIRECTION('',(0.00872620317240418,-0.999923842280124,0.00872714259927065));
#5320=DIRECTION('',(-4.40579711386442E-14,5.04854344021449E-12,1.));
#5321=DIRECTION('',(0.00872653549837193,-0.999961923064171,5.04873568059901E-12));
#5322=DIRECTION('',(0.00872620317240418,-0.999923842280124,0.00872714259927065));
#5323=DIRECTION('',(7.61577196918892E-5,-0.00872681029642193,-0.999961917765898));
#5324=DIRECTION('',(0.00872568466495371,-0.999864427211292,0.0139638685385632));
#5325=DIRECTION('center_axis',(0.999961923064171,0.00872653549837193,0.));
#5326=DIRECTION('ref_axis',(0.00872567970458973,-0.999863858809671,0.0140045121274146));
#5327=DIRECTION('',(0.00805868710298202,-0.923434076945399,0.383672468517321));
#5328=DIRECTION('',(0.00872653549837193,-0.999961923064171,0.));
#5329=DIRECTION('center_axis',(0.999961923064171,0.00872653549837193,0.));
#5330=DIRECTION('ref_axis',(-0.00872653549837375,0.999961923064171,8.75052630246427E-15));
#5331=DIRECTION('',(0.,0.,1.));
#5332=DIRECTION('center_axis',(0.999961923064171,0.00872653549837193,0.));
#5333=DIRECTION('ref_axis',(-0.00872575613029549,0.999872616328131,-0.0133645911682013));
#5334=DIRECTION('center_axis',(-0.999961923064171,-0.00872653549837193,
0.));
#5335=DIRECTION('ref_axis',(-0.00869333093310468,0.996157056751858,-0.0871524198216103));
#5336=DIRECTION('',(0.00869235053111808,-0.996044713811837,0.0884272080851839));
#5337=DIRECTION('center_axis',(0.999961923064171,0.00872653549837193,0.));
#5338=DIRECTION('ref_axis',(-0.00872653549837372,0.999961923064169,6.86396581853142E-8));
#5339=DIRECTION('',(4.79346883388191E-5,-0.0054927712311157,0.999984913469432));
#5340=DIRECTION('',(-4.79526098130851E-5,0.00549482482866017,0.999984902186353));
#5341=DIRECTION('center_axis',(0.999961923064171,0.00872653549837193,0.));
#5342=DIRECTION('ref_axis',(-0.000760538942881218,0.0871491308355328,-0.996194986222641));
#5343=DIRECTION('',(-0.00869235049856551,0.996044710081683,0.088427250104854));
#5344=DIRECTION('center_axis',(-0.999961923064171,-0.00872653549837193,
0.));
#5345=DIRECTION('ref_axis',(0.00869333088411314,-0.996157051137984,-0.0871524839933693));
#5346=DIRECTION('center_axis',(0.999961923064171,0.00872653549837193,0.));
#5347=DIRECTION('ref_axis',(-0.00872653549837374,0.999961923064171,0.));
#5348=DIRECTION('',(-5.20139011657243E-18,5.96020272254104E-16,1.));
#5349=DIRECTION('center_axis',(0.999961923064171,0.00872653549837193,0.));
#5350=DIRECTION('ref_axis',(-0.00837144405470406,0.959272473861594,-0.282358353543678));
#5351=DIRECTION('center_axis',(-0.999961923064171,-0.00872653549837195,
0.));
#5352=DIRECTION('ref_axis',(-0.00872653549837195,0.999961923064171,0.));
#5353=DIRECTION('center_axis',(-0.999961923064171,-0.00872653549837195,
0.));
#5354=DIRECTION('ref_axis',(-0.00872653549837195,0.999961923064171,0.));
#5355=DIRECTION('',(-0.999961923064171,-0.00872653549837195,0.));
#5356=DIRECTION('center_axis',(0.999961923064171,0.00872653549837196,0.));
#5357=DIRECTION('ref_axis',(-0.00872653549837195,0.999961923064171,0.));
#5358=DIRECTION('center_axis',(-0.999961923064171,-0.00872653549837195,
0.));
#5359=DIRECTION('ref_axis',(-0.00872653549837195,0.999961923064171,0.));
#5360=DIRECTION('center_axis',(-0.999961923064171,-0.00872653549837196,
0.));
#5361=DIRECTION('ref_axis',(-0.00872653549837195,0.999961923064171,0.));
#5362=DIRECTION('',(-0.999961923064171,-0.00872653549837195,0.));
#5363=DIRECTION('center_axis',(0.999961923064171,0.00872653549837196,2.49637550214787E-17));
#5364=DIRECTION('ref_axis',(-0.00872653549837195,0.999961923064171,0.));
#5365=DIRECTION('center_axis',(-0.999961923064171,-0.00872653549837192,
0.));
#5366=DIRECTION('ref_axis',(-0.00872653549837192,0.999961923064171,0.));
#5367=DIRECTION('center_axis',(-0.999961923064171,-0.00872653549837195,
0.));
#5368=DIRECTION('ref_axis',(-0.00872653549837192,0.999961923064171,0.));
#5369=DIRECTION('',(-0.999961923064171,-0.00872653549837192,0.));
#5370=DIRECTION('center_axis',(0.999961923064171,0.00872653549837196,0.));
#5371=DIRECTION('ref_axis',(-0.00872653549837192,0.999961923064171,0.));
#5372=DIRECTION('center_axis',(-0.999961923064171,-0.00872653549837192,
0.));
#5373=DIRECTION('ref_axis',(-0.00872653549837192,0.999961923064171,0.));
#5374=DIRECTION('center_axis',(-0.999961923064171,-0.00872653549837196,
0.));
#5375=DIRECTION('ref_axis',(-0.00872653549837192,0.999961923064171,0.));
#5376=DIRECTION('',(-0.999961923064171,-0.00872653549837192,0.));
#5377=DIRECTION('center_axis',(0.999961923064171,0.00872653549837196,2.49637550214787E-17));
#5378=DIRECTION('ref_axis',(-0.00872653549837192,0.999961923064171,0.));
#5379=DIRECTION('center_axis',(-0.999961923064171,-0.00872653549837198,
0.));
#5380=DIRECTION('ref_axis',(-0.00872653549837198,0.999961923064171,0.));
#5381=DIRECTION('center_axis',(-0.999961923064171,-0.00872653549837195,
0.));
#5382=DIRECTION('ref_axis',(-0.00872653549837198,0.999961923064171,0.));
#5383=DIRECTION('',(-0.999961923064171,-0.00872653549837198,0.));
#5384=DIRECTION('center_axis',(0.999961923064171,0.00872653549837196,0.));
#5385=DIRECTION('ref_axis',(-0.00872653549837198,0.999961923064171,0.));
#5386=DIRECTION('center_axis',(-0.999961923064171,-0.00872653549837198,
0.));
#5387=DIRECTION('ref_axis',(-0.00872653549837198,0.999961923064171,0.));
#5388=DIRECTION('center_axis',(-0.999961923064171,-0.00872653549837196,
0.));
#5389=DIRECTION('ref_axis',(-0.00872653549837198,0.999961923064171,0.));
#5390=DIRECTION('',(-0.999961923064171,-0.00872653549837198,0.));
#5391=DIRECTION('center_axis',(0.999961923064171,0.00872653549837196,2.49637550214787E-17));
#5392=DIRECTION('ref_axis',(-0.00872653549837198,0.999961923064171,0.));
#5393=DIRECTION('center_axis',(-0.999961923064171,-0.00872653549837195,
0.));
#5394=DIRECTION('ref_axis',(-0.00872653549837195,0.999961923064171,0.));
#5395=DIRECTION('center_axis',(-0.999961923064171,-0.00872653549837195,
0.));
#5396=DIRECTION('ref_axis',(-0.00872653549837195,0.999961923064171,0.));
#5397=DIRECTION('',(-0.999961923064171,-0.00872653549837195,0.));
#5398=DIRECTION('center_axis',(0.999961923064171,0.00872653549837196,0.));
#5399=DIRECTION('ref_axis',(-0.00872653549837195,0.999961923064171,0.));
#5400=DIRECTION('center_axis',(-0.999961923064171,-0.00872653549837195,
0.));
#5401=DIRECTION('ref_axis',(-0.00872653549837195,0.999961923064171,0.));
#5402=DIRECTION('center_axis',(-0.999961923064171,-0.00872653549837196,
0.));
#5403=DIRECTION('ref_axis',(-0.00872653549837195,0.999961923064171,0.));
#5404=DIRECTION('',(-0.999961923064171,-0.00872653549837195,0.));
#5405=DIRECTION('center_axis',(0.999961923064171,0.00872653549837196,2.49637550214787E-17));
#5406=DIRECTION('ref_axis',(-0.00872653549837195,0.999961923064171,0.));
#5407=DIRECTION('center_axis',(0.763143383096791,0.646229198377468,0.));
#5408=DIRECTION('ref_axis',(0.646229198377468,-0.763143383096791,0.));
#5409=DIRECTION('',(-0.646214654053389,0.763126207449651,-0.00670912737768465));
#5410=DIRECTION('',(0.,0.,-1.));
#5411=DIRECTION('',(0.646229198377468,-0.763143383096791,0.));
#5412=DIRECTION('',(0.,0.,-1.));
#5413=DIRECTION('',(-0.646191960095493,0.763099407757145,-0.0107352032416306));
#5414=DIRECTION('',(-0.00733601148524077,0.00866322449889282,0.999935563662364));
#5415=DIRECTION('',(-0.646214654053389,0.763126207449651,-0.00670912737768465));
#5416=DIRECTION('',(-0.646229198377468,0.763143383096791,-3.88123406804746E-12));
#5417=DIRECTION('',(4.24406484398569E-12,-5.01189053551487E-12,-1.));
#5418=DIRECTION('center_axis',(-0.646229198377466,0.763143383096792,0.));
#5419=DIRECTION('ref_axis',(0.763143383096792,0.646229198377466,0.));
#5420=DIRECTION('',(-0.763112947027248,-0.646203425138441,0.00893103682309708));
#5421=DIRECTION('',(0.763143383096792,0.646229198377466,0.));
#5422=DIRECTION('',(0.,0.,-1.));
#5423=DIRECTION('center_axis',(-0.763143383096791,-0.646229198377468,0.));
#5424=DIRECTION('ref_axis',(-0.646229198377468,0.763143383096791,0.));
#5425=DIRECTION('',(0.646214654053389,-0.763126207449652,0.00670912737768465));
#5426=DIRECTION('',(-4.24406484398569E-12,5.01189053551487E-12,1.));
#5427=DIRECTION('',(0.646229198377468,-0.763143383096791,3.88123406804746E-12));
#5428=DIRECTION('',(0.646214654053389,-0.763126207449652,0.00670912737768465));
#5429=DIRECTION('',(0.00733601148524076,-0.00866322449889282,-0.999935563662364));
#5430=DIRECTION('',(0.646191960095493,-0.763099407757146,0.0107352032416306));
#5431=DIRECTION('',(-0.646229198377468,0.763143383096791,0.));
#5432=DIRECTION('',(0.,0.,-1.));
#5433=DIRECTION('center_axis',(-0.763143383096791,-0.646229198377468,0.));
#5434=DIRECTION('ref_axis',(-0.646229198377468,0.763143383096791,0.));
#5435=DIRECTION('',(0.646229198377468,-0.763143383096791,0.));
#5436=DIRECTION('',(0.,0.,-1.));
#5437=DIRECTION('',(-0.646191960425386,0.763099408146722,0.0107351556913958));
#5438=DIRECTION('',(-0.646229198377468,0.763143383096791,0.));
#5439=DIRECTION('',(-0.64621465405344,0.763126207449712,0.00670912736588996));
#5440=DIRECTION('',(0.,0.,-1.));
#5441=DIRECTION('center_axis',(0.646229198377468,-0.763143383096791,0.));
#5442=DIRECTION('ref_axis',(-0.763143383096791,-0.646229198377468,0.));
#5443=DIRECTION('',(0.763131495736365,0.646219132170293,-0.00558152597880717));
#5444=DIRECTION('',(-0.763143383096791,-0.646229198377468,0.));
#5445=DIRECTION('center_axis',(0.646229198377468,-0.763143383096791,0.));
#5446=DIRECTION('ref_axis',(-0.763143383096791,-0.646229198377468,0.));
#5447=DIRECTION('',(0.763143383096791,0.646229198377468,0.));
#5448=DIRECTION('',(-0.763131495736407,-0.646219132170328,-0.00558152596899467));
#5449=DIRECTION('',(0.,0.,-1.));
#5450=DIRECTION('center_axis',(0.763143383096791,0.646229198377468,0.));
#5451=DIRECTION('ref_axis',(0.646229198377468,-0.763143383096791,0.));
#5452=DIRECTION('',(-0.646229198377468,0.763143383096791,0.));
#5453=DIRECTION('',(0.64621465405344,-0.763126207449712,-0.00670912736588996));
#5454=DIRECTION('',(0.646229198377468,-0.763143383096791,0.));
#5455=DIRECTION('',(0.646191960425386,-0.763099408146722,-0.0107351556913958));
#5456=DIRECTION('',(0.,0.,-1.));
#5457=DIRECTION('center_axis',(-0.646229198377466,0.763143383096792,0.));
#5458=DIRECTION('ref_axis',(0.763143383096792,0.646229198377466,0.));
#5459=DIRECTION('',(-0.763143383096792,-0.646229198377466,0.));
#5460=DIRECTION('',(0.763112947296888,0.646203425366772,0.00893099726278717));
#5461=DIRECTION('center_axis',(-0.763143383096791,-0.646229198377467,0.));
#5462=DIRECTION('ref_axis',(-0.646229198377467,0.763143383096791,0.));
#5463=DIRECTION('',(0.646214654053388,-0.763126207449652,0.00670912737768465));
#5464=DIRECTION('',(0.,0.,-1.));
#5465=DIRECTION('',(-0.646229198377467,0.763143383096791,0.));
#5466=DIRECTION('',(0.,0.,-1.));
#5467=DIRECTION('',(0.646191957197887,-0.763099404335314,-0.0107356208881054));
#5468=DIRECTION('',(0.646229198377467,-0.763143383096791,-1.45529321167761E-14));
#5469=DIRECTION('',(-1.59133890125805E-14,1.87923999071649E-14,-1.));
#5470=DIRECTION('center_axis',(-0.646229198377461,0.763143383096796,0.));
#5471=DIRECTION('ref_axis',(0.763143383096796,0.646229198377461,0.));
#5472=DIRECTION('',(-0.763131495736371,-0.646219132170286,0.00558152597880711));
#5473=DIRECTION('',(6.02445373357098E-12,5.10150253954816E-12,1.));
#5474=DIRECTION('',(-0.763143383096796,-0.646229198377461,3.22889363119646E-12));
#5475=DIRECTION('',(-0.763131495736371,-0.646219132170286,0.00558152597880711));
#5476=DIRECTION('',(-0.0104131761816318,-0.00881786915207476,-0.999906901139015));
#5477=DIRECTION('',(-0.763112947027253,-0.646203425138436,0.00893103682309702));
#5478=DIRECTION('',(0.,0.,-1.));
#5479=DIRECTION('',(0.763143383096796,0.646229198377461,0.));
#5480=DIRECTION('center_axis',(-0.646229198377461,0.763143383096796,0.));
#5481=DIRECTION('ref_axis',(0.763143383096796,0.646229198377461,0.));
#5482=DIRECTION('',(-0.763143383096796,-0.646229198377461,0.));
#5483=DIRECTION('',(0.,0.,-1.));
#5484=DIRECTION('',(0.763112947296892,0.646203425366767,0.0089309972627871));
#5485=DIRECTION('',(0.763143383096796,0.646229198377461,0.));
#5486=DIRECTION('',(0.763131495736412,0.646219132170321,0.00558152596899461));
#5487=DIRECTION('',(0.,0.,-1.));
#5488=DIRECTION('center_axis',(0.646229198377468,-0.763143383096791,0.));
#5489=DIRECTION('ref_axis',(-0.763143383096791,-0.646229198377468,0.));
#5490=DIRECTION('',(0.763112944658876,0.646203423132908,0.00893138429191814));
#5491=DIRECTION('',(-0.763143383096791,-0.646229198377468,0.));
#5492=DIRECTION('',(0.,0.,-1.));
#5493=DIRECTION('center_axis',(0.763143383096791,0.646229198377467,0.));
#5494=DIRECTION('ref_axis',(0.646229198377467,-0.763143383096791,0.));
#5495=DIRECTION('',(-0.646191960095492,0.763099407757146,-0.0107352032416306));
#5496=DIRECTION('',(-0.00733601148524075,0.00866322449889282,0.999935563662364));
#5497=DIRECTION('',(-0.646214654053388,0.763126207449652,-0.00670912737768466));
#5498=DIRECTION('',(-0.646229198377467,0.763143383096791,-3.88123406804746E-12));
#5499=DIRECTION('',(4.24406484398568E-12,-5.01189053551487E-12,-1.));
#5500=DIRECTION('',(-0.646214654053388,0.763126207449652,-0.00670912737768466));
#5501=DIRECTION('',(1.59133890125805E-14,-1.87923999071649E-14,1.));
#5502=DIRECTION('',(-0.646229198377467,0.763143383096791,1.45529321167761E-14));
#5503=DIRECTION('',(-0.646191957197887,0.763099404335314,0.0107356208881054));
#5504=DIRECTION('',(0.646229198377467,-0.763143383096791,0.));
#5505=DIRECTION('center_axis',(0.763143383096791,0.646229198377467,0.));
#5506=DIRECTION('ref_axis',(0.646229198377467,-0.763143383096791,0.));
#5507=DIRECTION('',(-0.646229198377467,0.763143383096791,0.));
#5508=DIRECTION('',(0.,0.,-1.));
#5509=DIRECTION('',(0.646191957197885,-0.763099404335311,0.0107356208884173));
#5510=DIRECTION('',(0.646229198377467,-0.763143383096791,2.7505041700693E-12));
#5511=DIRECTION('',(-3.00763052337619E-12,3.55176358245238E-12,1.));
#5512=DIRECTION('',(0.646214654053439,-0.763126207449713,-0.00670912736588996));
#5513=DIRECTION('',(0.646229198377467,-0.763143383096791,0.));
#5514=DIRECTION('',(0.646191960425385,-0.763099408146723,-0.0107351556913958));
#5515=DIRECTION('center_axis',(-0.763143383096791,-0.646229198377467,0.));
#5516=DIRECTION('ref_axis',(-0.646229198377467,0.763143383096791,0.));
#5517=DIRECTION('',(0.646229198377467,-0.763143383096791,0.));
#5518=DIRECTION('',(-0.64621465405344,0.763126207449712,0.00670912736588996));
#5519=DIRECTION('',(3.00763052337619E-12,-3.55176358245238E-12,-1.));
#5520=DIRECTION('',(-0.646229198377467,0.763143383096791,-2.7505041700693E-12));
#5521=DIRECTION('',(-0.646191957197885,0.763099404335311,-0.0107356208884173));
#5522=DIRECTION('',(0.,0.,-1.));
#5523=DIRECTION('center_axis',(0.646229198377468,-0.763143383096791,0.));
#5524=DIRECTION('ref_axis',(-0.763143383096791,-0.646229198377468,0.));
#5525=DIRECTION('',(0.763143383096791,0.646229198377468,0.));
#5526=DIRECTION('',(-0.763112944658875,-0.646203423132907,0.00893138429217767));
#5527=DIRECTION('center_axis',(-0.763143383096792,-0.646229198377467,0.));
#5528=DIRECTION('ref_axis',(-0.646229198377467,0.763143383096792,0.));
#5529=DIRECTION('',(0.646191957197887,-0.763099404335314,-0.0107356208881054));
#5530=DIRECTION('',(0.646229198377467,-0.763143383096792,-1.45529321167761E-14));
#5531=DIRECTION('',(-1.59133890125805E-14,1.87923999071649E-14,-1.));
#5532=DIRECTION('',(0.646214654053388,-0.763126207449652,0.00670912737768466));
#5533=DIRECTION('',(0.,0.,-1.));
#5534=DIRECTION('',(-0.646229198377467,0.763143383096792,0.));
#5535=DIRECTION('',(0.,0.,-1.));
#5536=DIRECTION('center_axis',(0.646229198377468,-0.763143383096791,0.));
#5537=DIRECTION('ref_axis',(-0.763143383096791,-0.646229198377468,0.));
#5538=DIRECTION('',(0.763112944658877,0.646203423132908,0.00893138429191814));
#5539=DIRECTION('',(-0.763143383096791,-0.646229198377468,0.));
#5540=DIRECTION('',(0.,0.,-1.));
#5541=DIRECTION('center_axis',(0.763143383096791,0.646229198377467,0.));
#5542=DIRECTION('ref_axis',(0.646229198377467,-0.763143383096791,0.));
#5543=DIRECTION('',(-0.646191957197887,0.763099404335314,0.0107356208881054));
#5544=DIRECTION('',(0.646229198377467,-0.763143383096791,0.));
#5545=DIRECTION('',(0.,0.,-1.));
#5546=DIRECTION('',(-0.646214654053388,0.763126207449652,-0.00670912737768466));
#5547=DIRECTION('',(1.59133890125805E-14,-1.87923999071649E-14,1.));
#5548=DIRECTION('',(-0.646229198377467,0.763143383096791,1.45529321167761E-14));
#5549=DIRECTION('center_axis',(0.763143383096791,0.646229198377467,0.));
#5550=DIRECTION('ref_axis',(0.646229198377467,-0.763143383096791,0.));
#5551=DIRECTION('',(-0.646229198377467,0.763143383096791,0.));
#5552=DIRECTION('',(0.,0.,-1.));
#5553=DIRECTION('',(0.646191957197885,-0.763099404335311,0.0107356208884173));
#5554=DIRECTION('',(0.646229198377467,-0.763143383096791,2.7505041700693E-12));
#5555=DIRECTION('',(-3.00763052337619E-12,3.55176358245238E-12,1.));
#5556=DIRECTION('',(0.646214654053439,-0.763126207449713,-0.00670912736588996));
#5557=DIRECTION('',(0.,0.,-1.));
#5558=DIRECTION('center_axis',(-0.646229198377465,0.763143383096793,0.));
#5559=DIRECTION('ref_axis',(0.763143383096793,0.646229198377465,0.));
#5560=DIRECTION('',(-0.763131495736367,-0.64621913217029,0.00558152597880715));
#5561=DIRECTION('',(0.763143383096793,0.646229198377465,0.));
#5562=DIRECTION('center_axis',(-0.646229198377465,0.763143383096793,0.));
#5563=DIRECTION('ref_axis',(0.763143383096793,0.646229198377465,0.));
#5564=DIRECTION('',(-0.763143383096793,-0.646229198377465,0.));
#5565=DIRECTION('',(0.763131495736409,0.646219132170325,0.00558152596899465));
#5566=DIRECTION('',(0.,0.,-1.));
#5567=DIRECTION('center_axis',(-0.763143383096792,-0.646229198377467,0.));
#5568=DIRECTION('ref_axis',(-0.646229198377467,0.763143383096792,0.));
#5569=DIRECTION('',(0.646229198377467,-0.763143383096792,0.));
#5570=DIRECTION('',(-0.646214654053439,0.763126207449713,0.00670912736588996));
#5571=DIRECTION('',(3.00763052337619E-12,-3.55176358245238E-12,-1.));
#5572=DIRECTION('',(-0.646229198377467,0.763143383096792,-2.7505041700693E-12));
#5573=DIRECTION('',(-0.646191957197885,0.763099404335312,-0.0107356208884173));
#5574=DIRECTION('',(0.,0.,-1.));
#5575=DIRECTION('center_axis',(0.646229198377468,-0.763143383096791,0.));
#5576=DIRECTION('ref_axis',(-0.763143383096791,-0.646229198377468,0.));
#5577=DIRECTION('',(0.763143383096791,0.646229198377468,0.));
#5578=DIRECTION('',(-0.763112944658875,-0.646203423132907,0.00893138429217767));
#5579=DIRECTION('center_axis',(-0.000121856194496396,0.0139633368372369,
0.999902500434636));
#5580=DIRECTION('ref_axis',(-0.00872568466495374,0.999864427211292,-0.0139638685385632));
#5581=DIRECTION('',(-0.999961923064171,-0.00872653549837375,0.));
#5582=DIRECTION('',(-0.999961923064171,-0.00872653549837375,0.));
#5583=DIRECTION('',(-0.999961923064171,-0.00872653549837211,0.));
#5584=DIRECTION('',(-0.999961923064171,-0.0087265354983721,0.));
#5585=DIRECTION('',(0.00872568466495374,-0.999864427211292,0.0139638685385632));
#5586=DIRECTION('',(-0.999961923064171,-0.00872653549837375,0.));
#5587=DIRECTION('',(0.999961923064171,0.00872653549837195,0.));
#5588=DIRECTION('',(-0.999961923064171,-0.00872653549837375,0.));
#5589=DIRECTION('center_axis',(0.008726203172406,-0.999923842280124,0.00872714259927065));
#5590=DIRECTION('ref_axis',(0.,-0.00872747488946133,-0.999961914865788));
#5591=DIRECTION('',(-0.999961923064171,-0.00872653549837375,0.));
#5592=DIRECTION('',(7.61577196919051E-5,-0.00872681029642193,-0.999961917765898));
#5593=DIRECTION('center_axis',(0.008726203172406,-0.999923842280124,0.00872714259927065));
#5594=DIRECTION('ref_axis',(0.,-0.00872747488946133,-0.999961914865788));
#5595=DIRECTION('',(-0.999961923064171,-0.00872653549837375,0.));
#5596=DIRECTION('center_axis',(0.008726203172406,-0.999923842280124,0.00872714259927065));
#5597=DIRECTION('ref_axis',(0.,-0.00872747488946133,-0.999961914865788));
#5598=DIRECTION('',(-0.999961923064171,-0.00872653549837375,0.));
#5599=DIRECTION('center_axis',(-7.61577196919051E-5,0.00872681029642193,
0.999961917765898));
#5600=DIRECTION('ref_axis',(-0.00872620317240595,0.999923842280124,-0.00872714259927065));
#5601=DIRECTION('',(0.999961923064171,0.00872653549837375,-3.38968724601489E-29));
#5602=DIRECTION('',(0.00872620317240595,-0.999923842280124,0.00872714259927064));
#5603=DIRECTION('center_axis',(-7.61577196919051E-5,0.00872681029642193,
0.999961917765898));
#5604=DIRECTION('ref_axis',(-0.00872620317240595,0.999923842280124,-0.00872714259927065));
#5605=DIRECTION('',(0.999961923064171,0.00872653549837375,-3.38968724601489E-29));
#5606=DIRECTION('center_axis',(-7.61577196919051E-5,0.00872681029642193,
0.999961917765898));
#5607=DIRECTION('ref_axis',(-0.00872620317240595,0.999923842280124,-0.00872714259927065));
#5608=DIRECTION('',(0.999961923064171,0.00872653549837195,0.));
#5609=DIRECTION('center_axis',(-4.40579711386534E-14,5.04854344021448E-12,
1.));
#5610=DIRECTION('ref_axis',(-0.0087265354983754,0.999961923064171,-5.04873568059901E-12));
#5611=DIRECTION('',(-0.999961923064171,-0.00872653549837375,0.));
#5612=DIRECTION('',(0.0087265354983754,-0.999961923064171,5.04873568059901E-12));
#5613=DIRECTION('center_axis',(-4.40579711386534E-14,5.04854344021448E-12,
1.));
#5614=DIRECTION('ref_axis',(-0.0087265354983754,0.999961923064171,-5.04873568059901E-12));
#5615=DIRECTION('',(-0.999961923064171,-0.00872653549837375,0.));
#5616=DIRECTION('center_axis',(-4.40579711386534E-14,5.04854344021448E-12,
1.));
#5617=DIRECTION('ref_axis',(-0.0087265354983754,0.999961923064171,-5.04873568059901E-12));
#5618=DIRECTION('',(-0.999961923064171,-0.00872653549837375,0.));
#5619=DIRECTION('center_axis',(-0.00872653549837375,0.999961923064171,-5.04873568059901E-12));
#5620=DIRECTION('ref_axis',(0.,5.04892792830374E-12,1.));
#5621=DIRECTION('',(-0.999961923064171,-0.00872653549837375,-5.42121731449417E-20));
#5622=DIRECTION('',(-4.40579711386534E-14,5.04854344021449E-12,1.));
#5623=DIRECTION('center_axis',(-0.00872653549837375,0.999961923064171,-5.04873568059901E-12));
#5624=DIRECTION('ref_axis',(0.,5.04892792830374E-12,1.));
#5625=DIRECTION('',(-0.999961923064171,-0.00872653549837375,-5.42121731449417E-20));
#5626=DIRECTION('center_axis',(-0.00872653549837375,0.999961923064171,-5.04873568059901E-12));
#5627=DIRECTION('ref_axis',(0.,5.04892792830374E-12,1.));
#5628=DIRECTION('',(-0.999961923064171,-0.00872653549837375,-5.42121731449417E-20));
#5629=DIRECTION('center_axis',(0.,0.,-1.));
#5630=DIRECTION('ref_axis',(0.00872653549838753,-0.999961923064171,0.));
#5631=DIRECTION('',(-0.999961923064171,-0.00872653549837375,0.));
#5632=DIRECTION('',(0.00872620317240745,-0.999923842280258,-0.00872714258392874));
#5633=DIRECTION('',(-0.999961923064171,-0.00872653549837375,0.));
#5634=DIRECTION('center_axis',(0.,0.,-1.));
#5635=DIRECTION('ref_axis',(0.00872653549838753,-0.999961923064171,0.));
#5636=DIRECTION('',(-0.999961923064171,-0.00872653549837375,0.));
#5637=DIRECTION('',(-0.999961923064171,-0.00872653549837375,0.));
#5638=DIRECTION('center_axis',(0.,0.,-1.));
#5639=DIRECTION('ref_axis',(0.00872653549838753,-0.999961923064171,0.));
#5640=DIRECTION('',(-0.999961923064171,-0.00872653549837375,0.));
#5641=DIRECTION('',(0.999961923064171,0.00872653549837195,0.));
#5642=DIRECTION('',(0.999961923064171,0.00872653549837195,0.));
#5643=DIRECTION('',(-0.999961923064171,-0.00872653549837375,0.));
#5644=DIRECTION('center_axis',(0.000121860934858527,-0.0139638800289346,
0.999902492848403));
#5645=DIRECTION('ref_axis',(-0.00872568459875474,0.999864419625348,0.0139644117509447));
#5646=DIRECTION('',(-0.999961923064171,-0.00872653549837377,0.));
#5647=DIRECTION('',(-0.999961923064171,-0.00872653549837377,0.));
#5648=DIRECTION('',(0.00872568459875474,-0.999864419625348,-0.0139644117509447));
#5649=DIRECTION('',(-0.999961923064171,-0.00872653549837377,0.));
#5650=DIRECTION('',(-0.999961923064171,-0.00872653549837377,0.));
#5651=DIRECTION('center_axis',(-7.61577196919051E-5,0.00872681029642193,
0.999961917765898));
#5652=DIRECTION('ref_axis',(-0.00872620317240595,0.999923842280124,-0.00872714259927065));
#5653=DIRECTION('',(-0.999961923064171,-0.00872653549837375,0.));
#5654=DIRECTION('',(-0.999961923064171,-0.00872653549837375,0.));
#5655=DIRECTION('',(-0.999961923064171,-0.00872653549837211,0.));
#5656=DIRECTION('',(-0.999961923064171,-0.0087265354983721,0.));
#5657=DIRECTION('',(0.00872620317240595,-0.999923842280124,0.00872714259927064));
#5658=DIRECTION('center_axis',(1.65198143668326E-16,-1.89298322868216E-14,
1.));
#5659=DIRECTION('ref_axis',(-0.00872653549836034,0.999961923064171,1.89305531042773E-14));
#5660=DIRECTION('',(0.00872653549836034,-0.999961923064171,-1.89305531042773E-14));
#5661=DIRECTION('',(-0.999961923064171,-0.00872653549837377,0.));
#5662=DIRECTION('center_axis',(1.65198143668326E-16,-1.89298322868216E-14,
1.));
#5663=DIRECTION('ref_axis',(-0.00872653549836034,0.999961923064171,1.89305531042773E-14));
#5664=DIRECTION('',(-0.999961923064171,-0.00872653549837377,0.));
#5665=DIRECTION('center_axis',(1.65198143668326E-16,-1.89298322868216E-14,
1.));
#5666=DIRECTION('ref_axis',(-0.00872653549836034,0.999961923064171,1.89305531042773E-14));
#5667=DIRECTION('',(-0.999961923064171,-0.00872653549837377,0.));
#5668=DIRECTION('center_axis',(0.00872653549837377,-0.999961923064171,-1.89305531042773E-14));
#5669=DIRECTION('ref_axis',(0.,1.89312739491806E-14,-1.));
#5670=DIRECTION('',(-1.65198143668326E-16,1.89298322868216E-14,-1.));
#5671=DIRECTION('center_axis',(0.00872653549837377,-0.999961923064171,-1.89305531042773E-14));
#5672=DIRECTION('ref_axis',(0.,1.89312739491806E-14,-1.));
#5673=DIRECTION('',(-0.999961923064171,-0.00872653549837375,0.));
#5674=DIRECTION('',(0.999961923064171,0.00872653549837195,0.));
#5675=DIRECTION('center_axis',(0.00872653549837377,-0.999961923064171,-1.89305531042773E-14));
#5676=DIRECTION('ref_axis',(0.,1.89312739491806E-14,-1.));
#5677=DIRECTION('center_axis',(3.12224491532978E-14,-3.57773830220747E-12,
-1.));
#5678=DIRECTION('ref_axis',(0.00872653549838118,-0.999961923064171,3.57787453670661E-12));
#5679=DIRECTION('',(-0.999961923064171,-0.00872653549837377,0.));
#5680=DIRECTION('',(-0.00872653549838118,0.999961923064171,-3.57787453670661E-12));
#5681=DIRECTION('',(-0.999961923064171,-0.00872653549837377,0.));
#5682=DIRECTION('center_axis',(3.12224491532978E-14,-3.57773830220747E-12,
-1.));
#5683=DIRECTION('ref_axis',(0.00872653549838118,-0.999961923064171,3.57787453670661E-12));
#5684=DIRECTION('',(-0.999961923064171,-0.00872653549837377,0.));
#5685=DIRECTION('',(-0.999961923064171,-0.00872653549837377,0.));
#5686=DIRECTION('center_axis',(-7.61577195580234E-5,0.00872681028108061,
-0.999961917766032));
#5687=DIRECTION('ref_axis',(0.00872620317240745,-0.999923842280258,-0.00872714258392874));
#5688=DIRECTION('',(-0.999961923064171,-0.00872653549837211,0.));
#5689=DIRECTION('',(-0.999961923064171,-0.0087265354983721,0.));
#5690=DIRECTION('',(-0.00872620317240745,0.999923842280258,0.00872714258392874));
#5691=DIRECTION('',(-0.00872620317240745,0.999923842280258,0.00872714258392874));
#5692=DIRECTION('',(-0.999961923064171,-0.0087265354983721,0.));
#5693=DIRECTION('',(-0.999961923064171,-0.00872653549837211,0.));
#5694=DIRECTION('',(-0.999961923064171,-0.00872653549837375,0.));
#5695=DIRECTION('',(-0.999961923064171,-0.00872653549837375,0.));
#5696=DIRECTION('center_axis',(-7.61577195580234E-5,0.00872681028108061,
-0.999961917766032));
#5697=DIRECTION('ref_axis',(0.00872620317240745,-0.999923842280258,-0.00872714258392874));
#5698=DIRECTION('',(-0.999961923064171,-0.00872653549837375,0.));
#5699=DIRECTION('',(0.999961923064171,0.00872653549837195,0.));
#5700=DIRECTION('center_axis',(0.00872653549837377,-0.999961923064171,3.57787453670661E-12));
#5701=DIRECTION('ref_axis',(0.,-3.57801077639333E-12,-1.));
#5702=DIRECTION('',(3.12224491532978E-14,-3.57773830220747E-12,-1.));
#5703=DIRECTION('center_axis',(0.00872653549837377,-0.999961923064171,3.57787453670661E-12));
#5704=DIRECTION('ref_axis',(0.,-3.57801077639333E-12,-1.));
#5705=DIRECTION('center_axis',(0.00872653549837377,-0.999961923064171,3.57787453670661E-12));
#5706=DIRECTION('ref_axis',(0.,-3.57801077639333E-12,-1.));
#5707=DIRECTION('',(-0.999961923064171,-0.00872653549837377,0.));
#5708=DIRECTION('center_axis',(0.999961923064171,0.00872653549837196,0.));
#5709=DIRECTION('ref_axis',(0.00872653549837196,-0.999961923064171,0.));
#5710=DIRECTION('',(-0.00872653549837196,0.999961923064171,0.));
#5711=DIRECTION('',(0.,0.,-1.));
#5712=DIRECTION('',(0.00872653549837196,-0.999961923064171,0.));
#5713=DIRECTION('',(0.,0.,-1.));
#5714=DIRECTION('center_axis',(0.,0.,-1.));
#5715=DIRECTION('ref_axis',(-1.,0.,0.));
#5716=DIRECTION('',(-0.999961923064171,-0.0087265354983721,0.));
#5717=DIRECTION('',(-0.00872653549837196,0.999961923064171,0.));
#5718=DIRECTION('',(0.999961923064171,0.0087265354983721,0.));
#5719=DIRECTION('center_axis',(0.,0.,-1.));
#5720=DIRECTION('ref_axis',(-1.,0.,0.));
#5721=DIRECTION('',(0.999961923064171,0.00872653549837188,0.));
#5722=DIRECTION('',(0.00872653549837196,-0.999961923064171,0.));
#5723=DIRECTION('',(-0.999961923064171,-0.00872653549837188,0.));
#5724=DIRECTION('center_axis',(-0.999961923064171,-0.00872653549837196,
0.));
#5725=DIRECTION('ref_axis',(-0.00872653549837196,0.999961923064171,0.));
#5726=DIRECTION('',(0.,0.,-1.));
#5727=DIRECTION('',(-0.00872653549837196,0.999961923064171,0.));
#5728=DIRECTION('',(0.,0.,-1.));
#5729=DIRECTION('center_axis',(0.,0.,-1.));
#5730=DIRECTION('ref_axis',(-1.,0.,0.));
#5731=DIRECTION('',(0.999961923064171,0.0087265354983721,0.));
#5732=DIRECTION('',(0.00872653549837196,-0.999961923064171,0.));
#5733=DIRECTION('',(-0.999961923064171,-0.0087265354983721,0.));
#5734=DIRECTION('center_axis',(0.999961923064171,0.00872653549837196,0.));
#5735=DIRECTION('ref_axis',(-0.00872653549837196,0.999961923064171,0.));
#5736=DIRECTION('',(0.00872653549837196,-0.999961923064171,0.));
#5737=DIRECTION('',(0.,0.,1.));
#5738=DIRECTION('',(-0.00872653549837196,0.999961923064171,0.));
#5739=DIRECTION('',(0.,0.,1.));
#5740=DIRECTION('center_axis',(0.,0.,1.));
#5741=DIRECTION('ref_axis',(1.,0.,0.));
#5742=DIRECTION('',(-0.999961923064171,-0.0087265354983721,0.));
#5743=DIRECTION('',(0.00872653549837196,-0.999961923064171,0.));
#5744=DIRECTION('',(0.999961923064171,0.0087265354983721,0.));
#5745=DIRECTION('center_axis',(0.,0.,1.));
#5746=DIRECTION('ref_axis',(1.,0.,0.));
#5747=DIRECTION('',(0.999961923064171,0.00872653549837188,0.));
#5748=DIRECTION('',(-0.00872653549837196,0.999961923064171,0.));
#5749=DIRECTION('',(-0.999961923064171,-0.00872653549837188,0.));
#5750=DIRECTION('center_axis',(-0.999961923064171,-0.00872653549837196,
0.));
#5751=DIRECTION('ref_axis',(0.00872653549837196,-0.999961923064171,0.));
#5752=DIRECTION('',(0.,0.,1.));
#5753=DIRECTION('',(0.00872653549837196,-0.999961923064171,0.));
#5754=DIRECTION('',(0.,0.,1.));
#5755=DIRECTION('center_axis',(0.,0.,1.));
#5756=DIRECTION('ref_axis',(1.,0.,0.));
#5757=DIRECTION('',(0.999961923064171,0.0087265354983721,0.));
#5758=DIRECTION('',(-0.00872653549837196,0.999961923064171,0.));
#5759=DIRECTION('',(-0.999961923064171,-0.0087265354983721,0.));
#5760=DIRECTION('center_axis',(-0.00334813141626509,0.383657859445358,0.923469239824384));
#5761=DIRECTION('ref_axis',(-0.00805868710298025,0.923434076945399,-0.383672468517321));
#5762=DIRECTION('',(-0.999961923064171,-0.00872653549837375,0.));
#5763=DIRECTION('',(0.00805868710298025,-0.923434076945399,0.383672468517321));
#5764=DIRECTION('',(-0.999961923064171,-0.00872653549837375,0.));
#5765=DIRECTION('',(0.999961923064171,0.00872653549837195,0.));
#5766=DIRECTION('',(-0.999961923064171,-0.00872653549837375,0.));
#5767=DIRECTION('center_axis',(0.999961923064171,0.00872653549837379,-5.14996031930615E-19));
#5768=DIRECTION('ref_axis',(0.00872567970458977,-0.999863858809671,0.0140045121274146));
#5769=DIRECTION('center_axis',(-7.61577196919051E-5,0.00872681029642193,
0.999961917765898));
#5770=DIRECTION('ref_axis',(-0.00872620317240595,0.999923842280124,-0.00872714259927065));
#5771=DIRECTION('center_axis',(-0.00872568459875401,0.999864419625348,0.0139644117509447));
#5772=DIRECTION('ref_axis',(0.,-0.0139649433895037,0.999902485423518));
#5773=DIRECTION('',(-0.999961923064171,-0.00872653549837377,0.));
#5774=DIRECTION('',(0.000121860934858527,-0.0139638800289346,0.999902492848403));
#5775=DIRECTION('center_axis',(0.,0.,-1.));
#5776=DIRECTION('ref_axis',(0.00872653549837196,-0.999961923064171,0.));
#5777=DIRECTION('',(0.999961923064171,0.00872653549837195,0.));
#5778=DIRECTION('',(0.00872653549837196,-0.999961923064171,0.));
#5779=DIRECTION('center_axis',(0.00806282404464704,-0.923908123506267,-0.382529437020935));
#5780=DIRECTION('ref_axis',(0.,0.382541871580459,-0.923938156202957));
#5781=DIRECTION('',(-0.999961923064171,-0.00872653549837372,0.));
#5782=DIRECTION('',(-0.0033381567113361,0.382514871472109,-0.923943304436179));
#5783=DIRECTION('center_axis',(0.0033381567113361,-0.382514871472109,0.92394330443618));
#5784=DIRECTION('ref_axis',(-0.00806282404464579,0.923908123506267,0.382529437020935));
#5785=DIRECTION('',(-0.999961923064171,-0.00872653549837372,0.));
#5786=DIRECTION('',(0.00806282404464579,-0.923908123506267,-0.382529437020935));
#5787=DIRECTION('center_axis',(0.,0.,1.));
#5788=DIRECTION('ref_axis',(-0.00872653549838193,0.999961923064171,0.));
#5789=DIRECTION('',(0.00872653549838193,-0.999961923064171,0.));
#5790=DIRECTION('',(-0.999961923064171,-0.00872653549837372,0.));
#5791=DIRECTION('center_axis',(2.61520246011085E-5,-0.00299672519718959,
0.999995509467));
#5792=DIRECTION('ref_axis',(0.999999999658033,0.,-2.61521420292221E-5));
#5793=DIRECTION('',(0.999961923064171,0.00872653549837195,0.));
#5794=DIRECTION('',(0.00175268239391405,0.99999397400425,0.00299667475940813));
#5795=DIRECTION('center_axis',(0.,0.,-1.));
#5796=DIRECTION('ref_axis',(-1.,0.,0.));
#5797=DIRECTION('',(-0.999961923064171,-0.00872653549837372,0.));
#5798=DIRECTION('',(0.,-1.,0.));
#5799=DIRECTION('center_axis',(0.00872653549837372,-0.999961923064171,0.));
#5800=DIRECTION('ref_axis',(0.,0.,1.));
#5801=DIRECTION('',(-0.999961923064171,-0.00872653549837372,0.));
#5802=DIRECTION('center_axis',(0.00872653549837372,-0.999961923064171,0.));
#5803=DIRECTION('ref_axis',(0.999961923064171,0.00872653549837372,0.));
#5804=DIRECTION('',(-0.999961923064171,-0.00872653549837372,0.));
#5805=DIRECTION('center_axis',(0.00151766664384696,-0.173907372064707,0.984760845398265));
#5806=DIRECTION('ref_axis',(-0.00859355047477664,0.984723348722748,0.173913994176703));
#5807=DIRECTION('',(-0.999961923064171,-0.00872653549837372,0.));
#5808=DIRECTION('center_axis',(-0.999961923064171,-0.00872653549837372,
0.));
#5809=DIRECTION('ref_axis',(0.00151766783136086,-0.173907508140322,0.984760821365664));
#5810=DIRECTION('',(-0.999961923064171,-0.00872653549837372,0.));
#5811=DIRECTION('center_axis',(0.00872653549837372,-0.999961923064171,-1.66309137241488E-18));
#5812=DIRECTION('ref_axis',(1.90578652057831E-16,0.,1.));
#5813=DIRECTION('',(-0.999961923064171,-0.00872653549837372,0.));
#5814=DIRECTION('center_axis',(0.,0.,1.));
#5815=DIRECTION('ref_axis',(-0.00872653549837141,0.999961923064171,0.));
#5816=DIRECTION('',(-0.999961923064171,-0.00872653549837372,0.));
#5817=DIRECTION('',(-0.999961923064171,-0.00872653549837372,0.));
#5818=DIRECTION('center_axis',(0.,0.,-1.));
#5819=DIRECTION('ref_axis',(0.00872653549837141,-0.999961923064171,0.));
#5820=DIRECTION('',(-0.999961923064171,-0.00872653549837372,0.));
#5821=DIRECTION('center_axis',(0.00872653549837372,-0.999961923064171,1.66309137242342E-18));
#5822=DIRECTION('ref_axis',(-1.90578652058811E-16,0.,1.));
#5823=DIRECTION('',(-0.999961923064171,-0.00872653549837372,0.));
#5824=DIRECTION('center_axis',(-0.999961923064171,-0.00872653549837372,
0.));
#5825=DIRECTION('ref_axis',(0.00872653549837372,-0.999961923064171,-5.4690789390401E-15));
#5826=DIRECTION('',(-0.999961923064171,-0.00872653549837372,0.));
#5827=DIRECTION('center_axis',(0.00151766664385075,-0.173907372065142,-0.984760845398188));
#5828=DIRECTION('ref_axis',(0.00859355047477646,-0.984723348722672,0.173913994177138));
#5829=DIRECTION('',(-0.999961923064171,-0.00872653549837372,0.));
#5830=DIRECTION('center_axis',(0.00872653549837372,-0.999961923064171,0.));
#5831=DIRECTION('ref_axis',(0.,0.,1.));
#5832=DIRECTION('',(-0.999961923064171,-0.00872653549837372,0.));
#5833=DIRECTION('center_axis',(0.00872653549837372,-0.999961923064171,0.));
#5834=DIRECTION('ref_axis',(0.999961923064171,0.00872653549837372,0.));
#5835=DIRECTION('',(-0.999961923064171,-0.00872653549837372,0.));
#5836=DIRECTION('center_axis',(0.,0.,1.));
#5837=DIRECTION('ref_axis',(1.,0.,0.));
#5838=DIRECTION('',(0.999961923064171,0.00872653549837195,0.));
#5839=DIRECTION('',(0.,1.,0.));
#5840=DIRECTION('center_axis',(2.61520246017722E-5,-0.00299672519726565,
-0.999995509467));
#5841=DIRECTION('ref_axis',(-0.999999999658033,0.,-2.61521420298859E-5));
#5842=DIRECTION('',(-0.999961923064171,-0.00872653549837372,0.));
#5843=DIRECTION('',(-0.00175268239250831,-0.999993974004252,0.00299667475948595));
#5844=DIRECTION('',(-0.999961923064171,-0.00872653549837372,0.));
#5845=DIRECTION('',(-0.999961923064171,-0.00872653549837372,0.));
#5846=DIRECTION('',(-0.999961923064171,-0.00872653549837372,0.));
#5847=DIRECTION('center_axis',(-0.00872653549837188,0.999961923064171,0.));
#5848=DIRECTION('ref_axis',(0.999961923064171,0.00872653549837188,0.));
#5849=DIRECTION('center_axis',(0.00872653549837188,-0.999961923064171,0.));
#5850=DIRECTION('ref_axis',(0.999961923064171,0.00872653549837188,0.));
#5851=DIRECTION('',(-0.00872653549837188,0.999961923064171,0.));
#5852=DIRECTION('center_axis',(-0.00872653549837188,0.999961923064171,0.));
#5853=DIRECTION('ref_axis',(0.999961923064171,0.00872653549837188,0.));
#5854=DIRECTION('center_axis',(0.00872653549837188,-0.999961923064171,0.));
#5855=DIRECTION('ref_axis',(0.999961923064171,0.00872653549837188,0.));
#5856=DIRECTION('center_axis',(0.00872653549837188,-0.999961923064171,0.));
#5857=DIRECTION('ref_axis',(0.999961923064171,0.00872653549837188,0.));
#5858=DIRECTION('center_axis',(-0.00872653549837188,0.999961923064171,0.));
#5859=DIRECTION('ref_axis',(0.999961923064171,0.00872653549837188,0.));
#5860=DIRECTION('center_axis',(0.00872653549837188,-0.999961923064171,0.));
#5861=DIRECTION('ref_axis',(0.999961923064171,0.00872653549837188,0.));
#5862=DIRECTION('',(-0.00872653549837188,0.999961923064171,0.));
#5863=DIRECTION('center_axis',(-0.00872653549837188,0.999961923064171,0.));
#5864=DIRECTION('ref_axis',(0.999961923064171,0.00872653549837188,0.));
#5865=DIRECTION('center_axis',(0.00872653549837188,-0.999961923064171,0.));
#5866=DIRECTION('ref_axis',(0.999961923064171,0.00872653549837188,0.));
#5867=DIRECTION('center_axis',(0.00872653549837188,-0.999961923064171,0.));
#5868=DIRECTION('ref_axis',(0.999961923064171,0.00872653549837188,0.));
#5869=DIRECTION('center_axis',(-0.00872653549837188,0.999961923064171,0.));
#5870=DIRECTION('ref_axis',(0.999961923064171,0.00872653549837188,0.));
#5871=DIRECTION('center_axis',(0.00872653549837188,-0.999961923064171,0.));
#5872=DIRECTION('ref_axis',(0.999961923064171,0.00872653549837188,0.));
#5873=DIRECTION('',(-0.00872653549837188,0.999961923064171,0.));
#5874=DIRECTION('center_axis',(-0.00872653549837188,0.999961923064171,0.));
#5875=DIRECTION('ref_axis',(0.999961923064171,0.00872653549837188,0.));
#5876=DIRECTION('center_axis',(0.00872653549837188,-0.999961923064171,0.));
#5877=DIRECTION('ref_axis',(0.999961923064171,0.00872653549837188,0.));
#5878=DIRECTION('center_axis',(0.00872653549837188,-0.999961923064171,0.));
#5879=DIRECTION('ref_axis',(0.999961923064171,0.00872653549837188,0.));
#5880=DIRECTION('center_axis',(-0.00872653549837188,0.999961923064171,0.));
#5881=DIRECTION('ref_axis',(0.999961923064171,0.00872653549837188,0.));
#5882=DIRECTION('center_axis',(0.00872653549837188,-0.999961923064171,0.));
#5883=DIRECTION('ref_axis',(0.999961923064171,0.00872653549837188,0.));
#5884=DIRECTION('',(-0.00872653549837188,0.999961923064171,0.));
#5885=DIRECTION('center_axis',(-0.00872653549837188,0.999961923064171,0.));
#5886=DIRECTION('ref_axis',(0.999961923064171,0.00872653549837188,0.));
#5887=DIRECTION('center_axis',(0.00872653549837188,-0.999961923064171,0.));
#5888=DIRECTION('ref_axis',(0.999961923064171,0.00872653549837188,0.));
#5889=DIRECTION('center_axis',(0.00872653549837188,-0.999961923064171,0.));
#5890=DIRECTION('ref_axis',(0.999961923064171,0.00872653549837188,0.));
#5891=DIRECTION('center_axis',(0.,-1.,0.));
#5892=DIRECTION('ref_axis',(1.,0.,0.));
#5893=DIRECTION('',(0.,1.,0.));
#5894=DIRECTION('',(0.0017495485284789,-0.999993979217523,-0.00299676636587439));
#5895=DIRECTION('',(0.,-1.,0.));
#5896=DIRECTION('center_axis',(0.,-1.,0.));
#5897=DIRECTION('ref_axis',(1.,0.,0.));
#5898=DIRECTION('',(0.,-1.,0.));
#5899=DIRECTION('',(-0.00175252565118136,0.999993974004252,-0.0029967664281857));
#5900=DIRECTION('',(0.,-1.,0.));
#5901=DIRECTION('center_axis',(0.,-1.,0.));
#5902=DIRECTION('ref_axis',(1.,0.,0.));
#5903=DIRECTION('',(0.,1.,0.));
#5904=DIRECTION('',(0.00175252565258701,-0.99999397400425,-0.00299676642810665));
#5905=DIRECTION('',(0.,-1.,0.));
#5906=DIRECTION('center_axis',(0.,-1.,0.));
#5907=DIRECTION('ref_axis',(1.,0.,0.));
#5908=DIRECTION('',(0.,-1.,0.));
#5909=DIRECTION('',(-0.00174954852707689,0.999993979217525,-0.00299676636594965));
#5910=DIRECTION('',(0.,-1.,0.));
#5911=DIRECTION('center_axis',(2.61520246011085E-5,-0.00299672519718959,
0.999995509467));
#5912=DIRECTION('ref_axis',(0.999999999658033,0.,-2.61521420292221E-5));
#5913=DIRECTION('',(0.999961923064171,0.00872653549837372,0.));
#5914=DIRECTION('',(0.00872649631157809,-0.999957432702157,-0.00299683930764759));
#5915=DIRECTION('center_axis',(0.,0.,-1.));
#5916=DIRECTION('ref_axis',(-1.,0.,0.));
#5917=DIRECTION('',(-0.00872653549837372,0.999961923064171,0.));
#5918=DIRECTION('center_axis',(2.61520246017722E-5,-0.00299672519726565,
-0.999995509467));
#5919=DIRECTION('ref_axis',(-0.999999999658033,0.,-2.61521420298859E-5));
#5920=DIRECTION('',(-0.00872649631157808,0.999957432702156,-0.00299683930772365));
#5921=DIRECTION('',(0.999961923064171,0.00872653549837372,0.));
#5922=DIRECTION('center_axis',(0.,0.,1.));
#5923=DIRECTION('ref_axis',(1.,0.,0.));
#5924=DIRECTION('',(0.00872653549837372,-0.999961923064171,0.));
#5925=DIRECTION('center_axis',(-0.00872653549837188,0.999961923064171,0.));
#5926=DIRECTION('ref_axis',(-0.999961923064171,-0.00872653549837188,0.));
#5927=DIRECTION('center_axis',(0.00872653549837188,-0.999961923064171,0.));
#5928=DIRECTION('ref_axis',(-0.999961923064171,-0.00872653549837188,0.));
#5929=DIRECTION('center_axis',(-0.00872653549837188,0.999961923064171,0.));
#5930=DIRECTION('ref_axis',(-0.999961923064171,-0.00872653549837188,0.));
#5931=DIRECTION('center_axis',(-0.00872653549837188,0.999961923064171,0.));
#5932=DIRECTION('ref_axis',(-0.999961923064171,-0.00872653549837188,0.));
#5933=DIRECTION('center_axis',(0.00872653549837188,-0.999961923064171,0.));
#5934=DIRECTION('ref_axis',(-0.999961923064171,-0.00872653549837188,0.));
#5935=DIRECTION('center_axis',(-0.00872653549837188,0.999961923064171,0.));
#5936=DIRECTION('ref_axis',(-0.999961923064171,-0.00872653549837188,0.));
#5937=DIRECTION('center_axis',(0.,1.,0.));
#5938=DIRECTION('ref_axis',(-1.,0.,0.));
#5939=DIRECTION('center_axis',(0.,1.,0.));
#5940=DIRECTION('ref_axis',(-1.,0.,0.));
#5941=DIRECTION('center_axis',(0.,1.,0.));
#5942=DIRECTION('ref_axis',(-1.,0.,0.));
#5943=DIRECTION('center_axis',(0.,1.,0.));
#5944=DIRECTION('ref_axis',(-1.,0.,0.));
#5945=DIRECTION('center_axis',(0.,1.,0.));
#5946=DIRECTION('ref_axis',(-1.,0.,0.));
#5947=DIRECTION('center_axis',(0.,-1.,0.));
#5948=DIRECTION('ref_axis',(-1.,0.,0.));
#5949=DIRECTION('',(0.,-1.,0.));
#5950=DIRECTION('center_axis',(-0.00872653549837375,0.999961923064171,-5.96042967743938E-16));
#5951=DIRECTION('ref_axis',(-0.999961923064171,-0.00872653549837375,0.));
#5952=DIRECTION('center_axis',(-0.00872653549837375,0.999961923064171,-5.96042967743938E-16));
#5953=DIRECTION('ref_axis',(-0.999961923064171,-0.00872653549837375,0.));
#5954=DIRECTION('center_axis',(0.,-1.,0.));
#5955=DIRECTION('ref_axis',(-1.,0.,0.));
#5956=DIRECTION('center_axis',(-0.999961923064171,-0.00872653549837375,
0.));
#5957=DIRECTION('ref_axis',(-0.00872653549837375,0.999961923064171,0.));
#5958=DIRECTION('',(-0.999961923064171,-0.00872653549837375,0.));
#5959=DIRECTION('',(-0.999961923064171,-0.00872653549837375,0.));
#5960=DIRECTION('center_axis',(0.,1.,0.));
#5961=DIRECTION('ref_axis',(-1.,0.,0.));
#5962=DIRECTION('center_axis',(-0.00872653549837375,0.999961923064171,0.));
#5963=DIRECTION('ref_axis',(-0.999961923064171,-0.00872653549837374,0.));
#5964=DIRECTION('center_axis',(-0.00872653549837375,0.999961923064171,0.));
#5965=DIRECTION('ref_axis',(-0.999961923064171,-0.00872653549837374,0.));
#5966=DIRECTION('',(0.,1.,0.));
#5967=DIRECTION('center_axis',(0.,1.,0.));
#5968=DIRECTION('ref_axis',(-1.,0.,0.));
#5969=DIRECTION('center_axis',(0.,1.,0.));
#5970=DIRECTION('ref_axis',(-1.,0.,0.));
#5971=DIRECTION('',(0.,1.,0.));
#5972=DIRECTION('center_axis',(0.,1.,0.));
#5973=DIRECTION('ref_axis',(-1.,0.,0.));
#5974=DIRECTION('center_axis',(-0.999961923064171,-0.00872653549837375,
0.));
#5975=DIRECTION('ref_axis',(-0.00872575613029549,0.999872616328131,-0.0133645911682013));
#5976=DIRECTION('',(-0.999961923064171,-0.00872653549837375,0.));
#5977=DIRECTION('',(-0.999961923064171,-0.00872653549837375,0.));
#5978=DIRECTION('center_axis',(-0.999961923064171,-0.00872653549837375,
0.));
#5979=DIRECTION('ref_axis',(-0.00872575613029549,0.999872616328131,-0.0133645911682013));
#5980=DIRECTION('',(-0.999961923064171,-0.00872653549837375,0.));
#5981=DIRECTION('center_axis',(0.999961923064172,0.00872653549835188,2.92355115810716E-16));
#5982=DIRECTION('ref_axis',(-0.00872575613027362,0.999872616328131,-0.0133645911682013));
#5983=DIRECTION('',(-0.999961923064171,-0.00872653549837375,0.));
#5984=DIRECTION('',(-0.999961923064171,-0.00872653549837375,0.));
#5985=DIRECTION('center_axis',(-0.999961923064171,-0.00872653549837375,
0.));
#5986=DIRECTION('ref_axis',(-0.00872653549837373,0.999961923064169,6.86396581853142E-8));
#5987=DIRECTION('',(-0.999961923064171,-0.00872653549837211,0.));
#5988=DIRECTION('',(-0.999961923064171,-0.0087265354983721,0.));
#5989=DIRECTION('center_axis',(0.999961923064171,0.00872653549837375,0.));
#5990=DIRECTION('ref_axis',(-0.00872653549837373,0.999961923064169,6.86396581853142E-8));
#5991=DIRECTION('',(-0.999961923064171,-0.00872653549837375,0.));
#5992=DIRECTION('center_axis',(-0.999961923064171,-0.00872653549837372,
-3.03576608295941E-18));
#5993=DIRECTION('ref_axis',(-0.00869333093310465,0.996157056751858,-0.0871524198216103));
#5994=DIRECTION('',(-0.999961923064171,-0.00872653549837375,0.));
#5995=DIRECTION('center_axis',(-0.000771663170377439,0.0884238410480562,
0.996082641586661));
#5996=DIRECTION('ref_axis',(-0.00869235053135658,0.996044713811835,-0.0884272080851839));
#5997=DIRECTION('center_axis',(-0.000771663170377439,0.0884238410480562,
0.996082641586661));
#5998=DIRECTION('ref_axis',(-0.00869235053111814,0.996044713811837,-0.0884272080851839));
#5999=DIRECTION('',(0.00869235053135658,-0.996044713811835,0.0884272080851839));
#6000=DIRECTION('center_axis',(0.999961923064171,0.00872653549837196,2.49637550214787E-17));
#6001=DIRECTION('ref_axis',(2.49647056009719E-17,0.,-1.));
#6002=DIRECTION('',(-2.49628044781807E-17,-2.17847094367593E-19,1.));
#6003=DIRECTION('',(2.49628044781807E-17,2.17847094367593E-19,-1.));
#6004=DIRECTION('center_axis',(0.999961923064171,0.00872653549837375,0.));
#6005=DIRECTION('ref_axis',(-0.00837144405470407,0.959272473861594,-0.282358353543678));
#6006=DIRECTION('',(0.,5.96065664097979E-16,1.));
#6007=DIRECTION('center_axis',(0.999961923064171,0.00872653549836938,0.));
#6008=DIRECTION('ref_axis',(-0.00872653549836938,0.999961923064171,0.));
#6009=DIRECTION('center_axis',(-0.999961923064171,-0.00872653549837378,
-2.16840434497101E-18));
#6010=DIRECTION('ref_axis',(0.00869333088411317,-0.996157051137984,-0.0871524839933693));
#6011=DIRECTION('',(-0.00869235049893922,0.996044710081679,0.088427250104854));
#6012=DIRECTION('center_axis',(0.999961923064171,0.00872653549837321,6.22169416680806E-15));
#6013=DIRECTION('ref_axis',(-0.000760538942874974,0.0871491308355329,-0.996194986222641));
#6014=DIRECTION('',(-4.79526107201474E-5,0.00549482482865226,0.999984902186353));
#6015=DIRECTION('',(4.79346859432468E-5,-0.0054927712311366,0.999984913469432));
#6016=DIRECTION('',(0.,0.,1.));
#6017=DIRECTION('center_axis',(0.999961923064171,0.00872653549837375,0.));
#6018=DIRECTION('ref_axis',(-0.00872653549837375,0.999961923064171,8.75052630246427E-15));
#6019=DIRECTION('',(0.00872653549838285,-0.999961923064171,0.));
#6020=DIRECTION('',(-0.00872653549837372,0.999961923064171,0.));
#6021=DIRECTION('',(-0.00806282404469828,0.923908123512102,-0.382529437006841));
#6022=DIRECTION('',(0.00333815671121311,-0.382514871458015,-0.923943304442015));
#6023=DIRECTION('',(-0.00872653549837196,0.999961923064171,0.));
#6024=DIRECTION('',(-0.000121860934862068,0.0139638800293403,0.999902492848397));
#6025=DIRECTION('',(-0.00872568459875391,0.999864419625342,-0.0139644117513505));
#6026=DIRECTION('',(-0.00872568467249163,0.999864428074955,0.0139638066922937));
#6027=DIRECTION('center_axis',(0.999961923064171,0.00872653549837379,5.14996031930614E-19));
#6028=DIRECTION('ref_axis',(0.00872567970458977,-0.999863858809671,-0.0140045121274146));
#6029=DIRECTION('',(-0.00805868710298529,0.923434076945401,0.383672468517316));
#6030=DIRECTION('',(-0.00872653549838401,0.999961923064171,2.64533361818264E-15));
#6031=DIRECTION('center_axis',(0.,0.,1.));
#6032=DIRECTION('ref_axis',(-0.00872653549837196,0.999961923064171,0.));
#6033=DIRECTION('',(0.999961923064171,0.00872653549837377,0.));
#6034=DIRECTION('',(-0.999961923064171,-0.00872653549837372,0.));
#6035=DIRECTION('center_axis',(0.00806282404469796,-0.923908123512102,0.382529437006841));
#6036=DIRECTION('ref_axis',(0.,-0.382541871566365,-0.923938156208792));
#6037=DIRECTION('',(-0.999961923064171,-0.00872653549837372,0.));
#6038=DIRECTION('center_axis',(2.61520246011085E-5,-0.00299672519718959,
0.999995509467));
#6039=DIRECTION('ref_axis',(0.999999999658033,0.,-2.61521420292221E-5));
#6040=DIRECTION('',(0.999961923064171,0.00872653549837372,0.));
#6041=DIRECTION('center_axis',(0.,0.,-1.));
#6042=DIRECTION('ref_axis',(-1.,0.,0.));
#6043=DIRECTION('center_axis',(0.,0.,1.));
#6044=DIRECTION('ref_axis',(1.,0.,0.));
#6045=DIRECTION('',(0.999961923064171,0.00872653549837372,0.));
#6046=DIRECTION('center_axis',(2.61520246017722E-5,-0.00299672519726565,
-0.999995509467));
#6047=DIRECTION('ref_axis',(-0.999999999658033,0.,-2.61521420298859E-5));
#6048=DIRECTION('center_axis',(0.,0.,-1.));
#6049=DIRECTION('ref_axis',(0.00872653549837372,-0.999961923064171,0.));
#6050=DIRECTION('',(-0.999961923064171,-0.00872653549837372,0.));
#6051=DIRECTION('center_axis',(0.00333815671121311,-0.382514871458015,-0.923943304442015));
#6052=DIRECTION('ref_axis',(0.00806282404469828,-0.923908123512102,0.382529437006841));
#6053=DIRECTION('center_axis',(0.,0.,1.));
#6054=DIRECTION('ref_axis',(-0.00872653549838285,0.999961923064171,0.));
#6055=DIRECTION('',(-0.00872653549837199,0.999961923064171,0.));
#6056=DIRECTION('',(-0.999961923064171,-0.00872653549837375,0.));
#6057=DIRECTION('',(-0.999961923064171,-0.00872653549837375,0.));
#6058=DIRECTION('',(0.00872653549837199,-0.999961923064171,0.));
#6059=DIRECTION('',(0.999961923064171,0.00872653549837188,0.));
#6060=DIRECTION('',(-0.999961923064171,-0.00872653549837375,0.));
#6061=DIRECTION('center_axis',(0.000121860934862068,-0.0139638800293403,
-0.999902492848397));
#6062=DIRECTION('ref_axis',(0.00872568459875391,-0.999864419625342,0.0139644117513505));
#6063=DIRECTION('',(-0.999961923064171,-0.00872653549837377,0.));
#6064=DIRECTION('',(-0.999961923064171,-0.00872653549837377,0.));
#6065=DIRECTION('center_axis',(3.12224491532978E-14,-3.57773830220747E-12,
-1.));
#6066=DIRECTION('ref_axis',(0.00872653549838118,-0.999961923064171,3.57787453670661E-12));
#6067=DIRECTION('center_axis',(-0.00872568459875396,0.999864419625342,-0.0139644117513505));
#6068=DIRECTION('ref_axis',(0.,0.0139649433899095,0.999902485423512));
#6069=DIRECTION('center_axis',(-0.999961923064171,-0.00872653549837375,
0.));
#6070=DIRECTION('ref_axis',(-0.00872653549837374,0.999961923064171,8.75052630246428E-15));
#6071=DIRECTION('',(-0.999961923064171,-0.00872653549837375,0.));
#6072=DIRECTION('center_axis',(-0.00012185565479273,0.0139632749933224,
-0.999902501298332));
#6073=DIRECTION('ref_axis',(0.00872568467249163,-0.999864428074955,-0.0139638066922937));
#6074=DIRECTION('',(-0.999961923064171,-0.00872653549837375,0.));
#6075=DIRECTION('',(-0.999961923064171,-0.00872653549837375,0.));
#6076=DIRECTION('',(-0.999961923064171,-0.00872653549837211,0.));
#6077=DIRECTION('',(-0.999961923064171,-0.0087265354983721,0.));
#6078=DIRECTION('center_axis',(-0.00334813141626504,0.383657859445353,-0.923469239824386));
#6079=DIRECTION('ref_axis',(0.00805868710298529,-0.923434076945401,-0.383672468517316));
#6080=DIRECTION('',(-0.999961923064171,-0.00872653549837375,0.));
#6081=DIRECTION('',(-0.999961923064171,-0.00872653549837375,0.));
#6082=DIRECTION('center_axis',(0.00872653549837188,-0.999961923064171,0.));
#6083=DIRECTION('ref_axis',(0.,0.,-1.));
#6084=DIRECTION('',(0.,0.,-1.));
#6085=DIRECTION('center_axis',(0.00872653549837193,-0.999961923064171,0.));
#6086=DIRECTION('ref_axis',(-0.999961923064171,-0.00872653549837193,0.));
#6087=DIRECTION('center_axis',(-0.00872653549837188,0.999961923064171,0.));
#6088=DIRECTION('ref_axis',(-0.999961923064171,-0.00872653549837193,0.));
#6089=DIRECTION('',(0.00872653549837193,-0.999961923064171,0.));
#6090=DIRECTION('center_axis',(0.00872653549837193,-0.999961923064171,0.));
#6091=DIRECTION('ref_axis',(-0.999961923064171,-0.00872653549837193,0.));
#6092=DIRECTION('center_axis',(-0.00872653549837188,0.999961923064171,0.));
#6093=DIRECTION('ref_axis',(-0.999961923064171,-0.00872653549837193,0.));
#6094=DIRECTION('',(0.00872653549837193,-0.999961923064171,0.));
#6095=DIRECTION('center_axis',(0.999961923064171,0.00872653549837195,0.));
#6096=DIRECTION('ref_axis',(0.,0.,-1.));
#6097=DIRECTION('',(0.,0.,1.));
#6098=DIRECTION('center_axis',(0.00872653549837149,-0.999961923064171,0.));
#6099=DIRECTION('ref_axis',(-0.999961923064171,-0.00872653549837149,0.));
#6100=DIRECTION('center_axis',(0.00872653549837188,-0.999961923064171,0.));
#6101=DIRECTION('ref_axis',(-0.999961923064171,-0.00872653549837149,0.));
#6102=DIRECTION('',(0.00872653549837149,-0.999961923064171,0.));
#6103=DIRECTION('center_axis',(-0.00872653549837188,0.999961923064171,0.));
#6104=DIRECTION('ref_axis',(0.,0.,1.));
#6105=DIRECTION('center_axis',(-0.0087264038452292,0.999946837108053,0.0054929803869774));
#6106=DIRECTION('ref_axis',(-4.79346859432467E-5,0.0054927712311366,-0.999984913469432));
#6107=DIRECTION('center_axis',(-0.0087264038452292,0.999946837108053,0.0054929803869774));
#6108=DIRECTION('ref_axis',(-4.79346883388194E-5,0.0054927712311157,-0.999984913469432));
#6109=DIRECTION('',(-0.999961923064171,-0.00872653549837375,0.));
#6110=DIRECTION('',(-0.999961923064171,-0.00872653549837375,0.));
#6111=DIRECTION('center_axis',(-0.00872640374676701,0.999946825825403,-0.00549503406271955));
#6112=DIRECTION('ref_axis',(4.79526107201474E-5,-0.00549482482865225,-0.999984902186353));
#6113=DIRECTION('center_axis',(-0.00872640374676701,0.999946825825403,-0.00549503406271955));
#6114=DIRECTION('ref_axis',(4.79526098130854E-5,-0.00549482482866017,-0.999984902186353));
#6115=DIRECTION('',(-0.999961923064171,-0.0087265354983721,0.));
#6116=DIRECTION('',(-0.999961923064171,-0.00872653549837211,0.));
#6117=DIRECTION('center_axis',(-0.999961923064171,-0.00872653549837375,
0.));
#6118=DIRECTION('ref_axis',(-0.000760538942881218,0.0871491308355328,-0.996194986222641));
#6119=DIRECTION('',(-0.999961923064171,-0.00872653549837375,0.));
#6120=DIRECTION('center_axis',(-0.000771663537063582,0.0884238830661263,
-0.996082637856365));
#6121=DIRECTION('ref_axis',(0.00869235049893922,-0.996044710081679,-0.088427250104854));
#6122=DIRECTION('center_axis',(-0.000771663537063582,0.0884238830661263,
-0.996082637856365));
#6123=DIRECTION('ref_axis',(0.00869235049856558,-0.996044710081683,-0.0884272501048541));
#6124=DIRECTION('',(-0.999961923064171,-0.00872653549837375,0.));
#6125=DIRECTION('center_axis',(-0.00872653549837375,0.999961923064171,0.));
#6126=DIRECTION('ref_axis',(0.,0.,-1.));
#6127=DIRECTION('center_axis',(-0.00872653549837375,0.999961923064171,0.));
#6128=DIRECTION('ref_axis',(-0.999961923064171,-0.00872653549837199,0.));
#6129=DIRECTION('',(-0.999961923064171,-0.00872653549837375,0.));
#6130=DIRECTION('center_axis',(-0.00872653549837375,0.999961923064171,0.));
#6131=DIRECTION('ref_axis',(0.,0.,-1.));
#6132=DIRECTION('center_axis',(-0.00872653549837375,0.999961923064171,0.));
#6133=DIRECTION('ref_axis',(-0.999961923064171,-0.00872653549837199,0.));
#6134=DIRECTION('',(-0.999961923064171,-0.00872653549837375,0.));
#6135=DIRECTION('',(-0.999961923064171,-0.00872653549837375,0.));
#6136=DIRECTION('center_axis',(-0.999961923064171,-0.00872653549837375,
0.));
#6137=DIRECTION('ref_axis',(-0.00872653549837374,0.999961923064171,8.75052630246428E-15));
#6138=DIRECTION('',(-0.999961923064171,-0.00872653549837211,0.));
#6139=DIRECTION('',(-0.999961923064171,-0.00872653549837375,0.));
#6140=DIRECTION('center_axis',(-0.999961923064171,-0.00872653549837375,
0.));
#6141=DIRECTION('ref_axis',(-0.00872653549837375,0.999961923064171,0.));
#6142=DIRECTION('',(-0.999961923064171,-0.00872653549837375,0.));
#6143=DIRECTION('center_axis',(-0.00872653549837375,0.999961923064171,-5.96042967743938E-16));
#6144=DIRECTION('ref_axis',(0.,-5.96065664097979E-16,-1.));
#6145=DIRECTION('center_axis',(-0.00872653549837375,0.999961923064171,-5.96042967743938E-16));
#6146=DIRECTION('ref_axis',(-0.999961923064171,-0.00872653549837199,0.));
#6147=DIRECTION('',(-0.999961923064171,-0.00872653549837375,0.));
#6148=DIRECTION('center_axis',(-0.00872653549837375,0.999961923064171,-5.96042967743938E-16));
#6149=DIRECTION('ref_axis',(0.,-5.96065664097979E-16,-1.));
#6150=DIRECTION('center_axis',(-0.00872653549837375,0.999961923064171,-5.96042967743938E-16));
#6151=DIRECTION('ref_axis',(-0.999961923064171,-0.00872653549837199,0.));
#6152=DIRECTION('',(-0.999961923064171,-0.00872653549837375,0.));
#6153=DIRECTION('',(-0.999961923064171,-0.00872653549837375,0.));
#6154=DIRECTION('center_axis',(-0.999961923064171,-0.00872653549837375,
0.));
#6155=DIRECTION('ref_axis',(-0.00837144405470406,0.959272473861594,-0.282358353543678));
#6156=DIRECTION('',(-0.999961923064171,-0.00872653549837374,0.));
#6157=DIRECTION('center_axis',(-0.999961923064171,-0.00872653549837375,
0.));
#6158=DIRECTION('ref_axis',(-0.00837144405470406,0.959272473861594,-0.282358353543678));
#6159=DIRECTION('',(-0.999961923064171,-0.00872653549837375,0.));
#6160=DIRECTION('',(-0.999961923064171,-0.00872653549837375,0.));
#6161=DIRECTION('',(-0.999961923064171,-0.00872653549837375,0.));
#6162=DIRECTION('center_axis',(-2.30845977241123E-17,2.64523289198422E-15,
-1.));
#6163=DIRECTION('ref_axis',(0.00872653549838401,-0.999961923064171,-2.64533361818264E-15));
#6164=DIRECTION('',(0.00872653549837199,-0.999961923064171,0.));
#6165=DIRECTION('',(-0.999961923064171,-0.00872653549837188,4.93654363345336E-30));
#6166=DIRECTION('',(-0.00872653549837199,0.999961923064171,0.));
#6167=DIRECTION('center_axis',(-0.999961923064171,-0.00872653549837375,
0.));
#6168=DIRECTION('ref_axis',(-0.00872575613029549,0.999872616328131,-0.0133645911682013));
#6169=DIRECTION('',(-0.999961923064171,-0.00872653549837375,0.));
#6170=DIRECTION('',(-0.999961923064171,-0.00872653549837375,0.));
#6171=DIRECTION('',(-0.999961923064171,-0.00872653549837375,0.));
#6172=DIRECTION('center_axis',(-0.000771663170377439,0.0884238410480562,
0.996082641586661));
#6173=DIRECTION('ref_axis',(-0.00869235053135658,0.996044713811835,-0.0884272080851839));
#6174=DIRECTION('center_axis',(-0.000771663170377439,0.0884238410480562,
0.996082641586661));
#6175=DIRECTION('ref_axis',(-0.00869235053111814,0.996044713811837,-0.0884272080851839));
#6176=DIRECTION('',(-0.999961923064171,-0.00872653549837375,0.));
#6177=DIRECTION('',(0.999961923064171,0.00872653549837195,0.));
#6178=DIRECTION('center_axis',(-0.999961923064171,-0.00872653549837375,
0.));
#6179=DIRECTION('ref_axis',(-0.00872653549837375,0.999961923064171,0.));
#6180=DIRECTION('',(-0.999961923064171,-0.00872653549837375,0.));
#6181=DIRECTION('center_axis',(-0.999961923064171,-0.00872653549837375,
0.));
#6182=DIRECTION('ref_axis',(-0.00872653549837373,0.999961923064169,6.86396581853142E-8));
#6183=DIRECTION('',(-0.999961923064171,-0.00872653549837375,0.));
#6184=DIRECTION('',(-0.999961923064171,-0.00872653549837375,0.));
#6185=DIRECTION('center_axis',(-0.0087264038452292,0.999946837108053,0.0054929803869774));
#6186=DIRECTION('ref_axis',(-4.79346859432467E-5,0.0054927712311366,-0.999984913469432));
#6187=DIRECTION('center_axis',(-0.0087264038452292,0.999946837108053,0.0054929803869774));
#6188=DIRECTION('ref_axis',(-4.79346883388194E-5,0.0054927712311157,-0.999984913469432));
#6189=DIRECTION('',(-0.999961923064171,-0.00872653549837375,0.));
#6190=DIRECTION('',(-0.999961923064171,-0.00872653549837375,0.));
#6191=DIRECTION('',(-0.999961923064171,-0.00872653549837375,0.));
#6192=DIRECTION('center_axis',(-0.000771663537063582,0.0884238830661263,
-0.996082637856365));
#6193=DIRECTION('ref_axis',(0.00869235049893922,-0.996044710081679,-0.088427250104854));
#6194=DIRECTION('center_axis',(-0.000771663537063582,0.0884238830661263,
-0.996082637856365));
#6195=DIRECTION('ref_axis',(0.00869235049856558,-0.996044710081683,-0.0884272501048541));
#6196=DIRECTION('',(-0.999961923064171,-0.00872653549837375,0.));
#6197=DIRECTION('center_axis',(-0.999961923064171,-0.00872653549837375,
0.));
#6198=DIRECTION('ref_axis',(-0.000760538942881218,0.0871491308355328,-0.996194986222641));
#6199=DIRECTION('',(0.999961923064171,0.00872653549837195,0.));
#6200=DIRECTION('',(-0.999961923064171,-0.00872653549837375,0.));
#6201=DIRECTION('center_axis',(-0.00872640374676701,0.999946825825403,-0.00549503406271955));
#6202=DIRECTION('ref_axis',(4.79526107201474E-5,-0.00549482482865225,-0.999984902186353));
#6203=DIRECTION('center_axis',(-0.00872640374676701,0.999946825825403,-0.00549503406271955));
#6204=DIRECTION('ref_axis',(4.79526098130854E-5,-0.00549482482866017,-0.999984902186353));
#6205=DIRECTION('center_axis',(0.00872653549837199,-0.999961923064171,0.));
#6206=DIRECTION('ref_axis',(-0.999961923064171,-0.00872653549837199,0.));
#6207=DIRECTION('center_axis',(0.00872653549837188,-0.999961923064171,0.));
#6208=DIRECTION('ref_axis',(-0.999961923064171,-0.00872653549837188,0.));
#6209=DIRECTION('',(0.00872653549837199,-0.999961923064171,0.));
#6210=DIRECTION('center_axis',(0.00872653549837188,-0.999961923064171,0.));
#6211=DIRECTION('ref_axis',(-0.999961923064171,-0.00872653549837188,0.));
#6212=DIRECTION('center_axis',(-0.00872653549837188,0.999961923064171,0.));
#6213=DIRECTION('ref_axis',(-0.999961923064171,-0.00872653549837188,0.));
#6214=DIRECTION('center_axis',(-0.00872653549837188,0.999961923064171,0.));
#6215=DIRECTION('ref_axis',(-0.999961923064171,-0.00872653549837188,0.));
#6216=CARTESIAN_POINT('',(0.,0.,0.));
#6217=CARTESIAN_POINT('Origin',(-25.9364022537031,9.51409441509526,-0.15172117658254));
#6218=CARTESIAN_POINT('',(-7.23711429240312,9.67728062891481,-0.151721176582537));
#6219=CARTESIAN_POINT('Origin',(-25.9364022537031,9.51409441509526,-0.151721176582539));
#6220=CARTESIAN_POINT('',(-11.7599897264431,9.63781009296789,-0.151721176582541));
#6221=CARTESIAN_POINT('Origin',(-25.9594490339543,9.51389328889101,-0.151721176582539));
#6222=CARTESIAN_POINT('Origin',(-14.9035914462461,-35.124005550174,10.6813069466421));
#6223=CARTESIAN_POINT('',(-8.45415259147117,-26.2078990255396,10.6813069466422));
#6224=CARTESIAN_POINT('',(-14.980904063311,-26.2648571227375,10.6813069466422));
#6225=CARTESIAN_POINT('Ctrl Pts',(-8.45415259147117,-26.2078990255396,10.6813069466422));
#6226=CARTESIAN_POINT('Ctrl Pts',(-10.6297364154178,-26.2268850579389,10.6813069466422));
#6227=CARTESIAN_POINT('Ctrl Pts',(-12.8053202393644,-26.2458710903382,10.6813069466422));
#6228=CARTESIAN_POINT('Ctrl Pts',(-14.980904063311,-26.2648571227375,10.6813069466422));
#6229=CARTESIAN_POINT('',(-8.37683997440624,-35.0670474529762,10.6813069466421));
#6230=CARTESIAN_POINT('',(-8.37683997440624,-35.0670474529762,10.6813069466421));
#6231=CARTESIAN_POINT('',(-14.9035914462461,-35.124005550174,10.6813069466421));
#6232=CARTESIAN_POINT('',(-2.53073711621971,-35.0160292862414,10.6813069466421));
#6233=CARTESIAN_POINT('',(-14.9035914462461,-35.124005550174,10.6813069466421));
#6234=CARTESIAN_POINT('Origin',(-14.9035914462461,-35.124005550174,-11.0446930533579));
#6235=CARTESIAN_POINT('',(-14.9809060535058,-26.2646290689999,9.74215119632754));
#6236=CARTESIAN_POINT('Ctrl Pts',(-14.980904063311,-26.2648571227375,10.6813069466422));
#6237=CARTESIAN_POINT('Ctrl Pts',(-14.9809026373174,-26.2650205254154,10.6150115374727));
#6238=CARTESIAN_POINT('Ctrl Pts',(-14.9809015402084,-26.2651462416621,10.5475700126533));
#6239=CARTESIAN_POINT('Ctrl Pts',(-14.9809007919099,-26.2652319881705,10.4798177348118));
#6240=CARTESIAN_POINT('Ctrl Pts',(-14.9808989606934,-26.2654418248031,10.3140161168751));
#6241=CARTESIAN_POINT('Ctrl Pts',(-14.9808991727183,-26.2654175291497,10.1422239171362));
#6242=CARTESIAN_POINT('Ctrl Pts',(-14.9809014121693,-26.2651609134863,9.97728660200007));
#6243=CARTESIAN_POINT('Ctrl Pts',(-14.9809024944102,-26.2650369009679,9.89757871687088));
#6244=CARTESIAN_POINT('Ctrl Pts',(-14.9809040506758,-26.2648585705941,9.81873498314316));
#6245=CARTESIAN_POINT('Ctrl Pts',(-14.9809060535058,-26.2646290689999,9.74215119632754));
#6246=CARTESIAN_POINT('',(-14.9035914462461,-35.124005550174,-11.0446930533579));
#6247=CARTESIAN_POINT('',(-14.9035914462461,-35.1240055501739,-12.5468873337925));
#6248=CARTESIAN_POINT('',(-14.98090552545,-26.2646895782017,-11.0446930533578));
#6249=CARTESIAN_POINT('',(-14.9035914462461,-35.124005550174,-11.0446930533579));
#6250=CARTESIAN_POINT('',(-14.9809060535059,-26.264629068994,-10.0421511965181));
#6251=CARTESIAN_POINT('Ctrl Pts',(-14.9809060535059,-26.264629068994,-10.0421511965181));
#6252=CARTESIAN_POINT('Ctrl Pts',(-14.9809018379393,-26.2651121250755,-10.2033451267237));
#6253=CARTESIAN_POINT('Ctrl Pts',(-14.9808996134332,-26.2653670282334,-10.375809853624));
#6254=CARTESIAN_POINT('Ctrl Pts',(-14.9808995513552,-26.2653741416649,-10.546215555602));
#6255=CARTESIAN_POINT('Ctrl Pts',(-14.9808994903768,-26.265381129094,-10.7136028059657));
#6256=CARTESIAN_POINT('Ctrl Pts',(-14.9809015124732,-26.265149419801,-10.8832007180391));
#6257=CARTESIAN_POINT('Ctrl Pts',(-14.9809054671389,-26.2646962599916,-11.0423527346294));
#6258=CARTESIAN_POINT('Ctrl Pts',(-14.9809054865272,-26.2646940383187,-11.0431329974144));
#6259=CARTESIAN_POINT('Ctrl Pts',(-14.9809055059642,-26.2646918110534,-11.0439131041031));
#6260=CARTESIAN_POINT('Ctrl Pts',(-14.98090552545,-26.2646895782017,-11.0446930533577));
#6261=CARTESIAN_POINT('',(-14.9800428683079,-26.3635402956392,-10.0418547628477));
#6262=CARTESIAN_POINT('',(-14.9422622062498,-30.6927753618746,-10.0288801887363));
#6263=CARTESIAN_POINT('',(-14.9809060614832,-26.2646281548863,-10.0418547628477));
#6264=CARTESIAN_POINT('',(-14.9422487538646,-30.6943168525302,-10.0418547628477));
#6265=CARTESIAN_POINT('',(-14.9809060614832,-26.2646281548863,-9.52355248565381));
#6266=CARTESIAN_POINT('',(-14.9809060614832,-26.2646281548863,-10.5432739081028));
#6267=CARTESIAN_POINT('',(-14.9659286513534,-27.9808693640911,-9.22044363376016));
#6268=CARTESIAN_POINT('',(-14.9445546874954,-30.4300830304951,-8.7878830248642));
#6269=CARTESIAN_POINT('',(-14.964465251217,-28.1485584103242,-9.0205371870223));
#6270=CARTESIAN_POINT('Origin',(-14.9662367379232,-27.9455661399422,-9.0205371870223));
#6271=CARTESIAN_POINT('',(-14.964465251217,-28.1485584103242,-3.19499999997916));
#6272=CARTESIAN_POINT('',(-14.964465251217,-28.1485584103242,-10.0326151201901));
#6273=CARTESIAN_POINT('',(-14.9627366496973,-28.3466365250801,-3.19499999997916));
#6274=CARTESIAN_POINT('',(-14.9340283487315,-31.6362819802491,-3.19499999997916));
#6275=CARTESIAN_POINT('',(-14.9627366496973,-28.3466365250801,2.89500000002084));
#6276=CARTESIAN_POINT('Ctrl Pts',(-14.9627366496973,-28.3466365250802,2.89500000002084));
#6277=CARTESIAN_POINT('Ctrl Pts',(-14.9624959229437,-28.3742210788238,2.89500000002084));
#6278=CARTESIAN_POINT('Ctrl Pts',(-14.9622520937571,-28.4021611361727,2.89038256370764));
#6279=CARTESIAN_POINT('Ctrl Pts',(-14.9620243890126,-28.428253515475,2.88152715263558));
#6280=CARTESIAN_POINT('Ctrl Pts',(-14.9618010472635,-28.4538459450207,2.87284141794906));
#6281=CARTESIAN_POINT('Ctrl Pts',(-14.9615875873002,-28.4783060340705,2.8598571178461));
#6282=CARTESIAN_POINT('Ctrl Pts',(-14.9614004368765,-28.4997513484949,2.84365484293263));
#6283=CARTESIAN_POINT('Ctrl Pts',(-14.9612139611647,-28.5211193485986,2.82751098021368));
#6284=CARTESIAN_POINT('Ctrl Pts',(-14.9610486820751,-28.5400584563634,2.80766929723102));
#6285=CARTESIAN_POINT('Ctrl Pts',(-14.9609187314341,-28.5549493248951,2.78635328982915));
#6286=CARTESIAN_POINT('Ctrl Pts',(-14.9608590425633,-28.5617889920322,2.7765624307528));
#6287=CARTESIAN_POINT('Ctrl Pts',(-14.9608060592074,-28.5678602832587,2.7663700557474));
#6288=CARTESIAN_POINT('Ctrl Pts',(-14.9607611727755,-28.5730037589106,2.75630374213329));
#6289=CARTESIAN_POINT('Ctrl Pts',(-14.9607250929901,-28.5771380928085,2.74821242326297));
#6290=CARTESIAN_POINT('Ctrl Pts',(-14.9606939492398,-28.5807068131171,2.74013451417149));
#6291=CARTESIAN_POINT('Ctrl Pts',(-14.960668233699,-28.583653522227,2.73256095208053));
#6292=CARTESIAN_POINT('Ctrl Pts',(-14.9606289922468,-28.5881501472643,2.72100383271422));
#6293=CARTESIAN_POINT('Ctrl Pts',(-14.9606019448716,-28.5912494694719,2.71052731592107));
#6294=CARTESIAN_POINT('Ctrl Pts',(-14.960583606383,-28.5933508521244,2.70228161612911));
#6295=CARTESIAN_POINT('Ctrl Pts',(-14.9605678838493,-28.5951524760407,2.69521215168141));
#6296=CARTESIAN_POINT('Ctrl Pts',(-14.9605576822107,-28.5963214680398,2.68950768404469));
#6297=CARTESIAN_POINT('Ctrl Pts',(-14.9605499203689,-28.5972108870188,2.68474023702261));
#6298=CARTESIAN_POINT('Ctrl Pts',(-14.9605383617634,-28.5985353720171,2.67764075723869));
#6299=CARTESIAN_POINT('Ctrl Pts',(-14.9605319001309,-28.5992758017622,2.67241025565288));
#6300=CARTESIAN_POINT('Ctrl Pts',(-14.9605267083322,-28.5998707229698,2.66784961319113));
#6301=CARTESIAN_POINT('Ctrl Pts',(-14.9605150735094,-28.6012039416061,2.65762921182251));
#6302=CARTESIAN_POINT('Ctrl Pts',(-14.9605098958742,-28.6017972398337,2.65043885627218));
#6303=CARTESIAN_POINT('Ctrl Pts',(-14.9605048277387,-28.6023779906395,2.64288349510978));
#6304=CARTESIAN_POINT('Ctrl Pts',(-14.960489629271,-28.604119562532,2.62022626501055));
#6305=CARTESIAN_POINT('Ctrl Pts',(-14.9604804300198,-28.6051736923115,2.59520391199877));
#6306=CARTESIAN_POINT('Ctrl Pts',(-14.9604703236808,-28.6063317640567,2.56087813507392));
#6307=CARTESIAN_POINT('Ctrl Pts',(-14.9604550977718,-28.6080764804168,2.50916394308197));
#6308=CARTESIAN_POINT('Ctrl Pts',(-14.9604408362189,-28.6097106925122,2.43839973829341));
#6309=CARTESIAN_POINT('Ctrl Pts',(-14.960427316381,-28.6112599124859,2.34933937850626));
#6310=CARTESIAN_POINT('Ctrl Pts',(-14.9604058310893,-28.6137218830592,2.2078075181002));
#6311=CARTESIAN_POINT('Ctrl Pts',(-14.960386044559,-28.6159891948606,2.01658690274147));
#6312=CARTESIAN_POINT('Ctrl Pts',(-14.9603694483139,-28.6178909361875,1.79085277565929));
#6313=CARTESIAN_POINT('Ctrl Pts',(-14.9603536393909,-28.6197024593319,1.57582742498987));
#6314=CARTESIAN_POINT('Ctrl Pts',(-14.9603403350068,-28.6212269907388,1.32413804193154));
#6315=CARTESIAN_POINT('Ctrl Pts',(-14.9603305282693,-28.6223507315525,1.05469239810408));
#6316=CARTESIAN_POINT('Ctrl Pts',(-14.9603207630259,-28.6234697176193,0.786386826626944));
#6317=CARTESIAN_POINT('Ctrl Pts',(-14.9603142226543,-28.6242191699733,0.4937866145075));
#6318=CARTESIAN_POINT('Ctrl Pts',(-14.9603113956279,-28.6245431151026,0.198794773363378));
#6319=CARTESIAN_POINT('Ctrl Pts',(-14.9603085716118,-28.6248667153029,-0.0958829676251101));
#6320=CARTESIAN_POINT('Ctrl Pts',(-14.9603093826457,-28.6247737800156,-0.400285027952051));
#6321=CARTESIAN_POINT('Ctrl Pts',(-14.9603137682048,-28.624271244727,-0.691655909022049));
#6322=CARTESIAN_POINT('Ctrl Pts',(-14.9603181528783,-28.6237688109101,-0.982967956618265));
#6323=CARTESIAN_POINT('Ctrl Pts',(-14.9603262194569,-28.6228444725584,-1.26850134523216));
#6324=CARTESIAN_POINT('Ctrl Pts',(-14.9603373675084,-28.6215670323814,-1.52694559794138));
#6325=CARTESIAN_POINT('Ctrl Pts',(-14.9603485194415,-28.6202891474209,-1.78547983666385));
#6326=CARTESIAN_POINT('Ctrl Pts',(-14.9603630301782,-28.6186263816934,-2.02332229811677));
#6327=CARTESIAN_POINT('Ctrl Pts',(-14.9603798329002,-28.6167009804579,-2.22283192145933));
#6328=CARTESIAN_POINT('Ctrl Pts',(-14.9603966601944,-28.6147727635271,-2.42263330648541));
#6329=CARTESIAN_POINT('Ctrl Pts',(-14.9604161681564,-28.6125373724928,-2.58883287727926));
#6330=CARTESIAN_POINT('Ctrl Pts',(-14.9604371130704,-28.6101373230711,-2.70986240918877));
#6331=CARTESIAN_POINT('Ctrl Pts',(-14.9604581819128,-28.6077230728659,-2.83160805725572));
#6332=CARTESIAN_POINT('Ctrl Pts',(-14.9604679431885,-28.6066045414534,-2.89847886360597));
#6333=CARTESIAN_POINT('Ctrl Pts',(-14.960512061866,-28.6015490417524,-2.95268043269852));
#6334=CARTESIAN_POINT('Ctrl Pts',(-14.9605195552551,-28.6006903844124,-2.96188636245702));
#6335=CARTESIAN_POINT('Ctrl Pts',(-14.9605212742889,-28.600493402658,-2.97003231043349));
#6336=CARTESIAN_POINT('Ctrl Pts',(-14.9605634040264,-28.5956658129024,-2.99243074142436));
#6337=CARTESIAN_POINT('Ctrl Pts',(-14.9605732113126,-28.5945420092121,-2.99764482146828));
#6338=CARTESIAN_POINT('Ctrl Pts',(-14.9605862321169,-28.5930499728282,-3.00389377010642));
#6339=CARTESIAN_POINT('Ctrl Pts',(-14.9606050568728,-28.5908928694558,-3.01126650291921));
#6340=CARTESIAN_POINT('Ctrl Pts',(-14.960630194014,-28.5880124383767,-3.02111148717172));
#6341=CARTESIAN_POINT('Ctrl Pts',(-14.9606672390997,-28.5837674920174,-3.03329069849616));
#6342=CARTESIAN_POINT('Ctrl Pts',(-14.9607172435212,-28.5780375528526,-3.04587717626049));
#6343=CARTESIAN_POINT('Ctrl Pts',(-14.9607588363102,-28.5732714913147,-3.05634638471896));
#6344=CARTESIAN_POINT('Ctrl Pts',(-14.9608097921081,-28.5674325352156,-3.06723190035955));
#6345=CARTESIAN_POINT('Ctrl Pts',(-14.9608685065487,-28.560704526721,-3.07774779347489));
#6346=CARTESIAN_POINT('Ctrl Pts',(-14.9609492899024,-28.5514476712714,-3.092216280334));
#6347=CARTESIAN_POINT('Ctrl Pts',(-14.9610459863784,-28.5403673526151,-3.10622553497274));
#6348=CARTESIAN_POINT('Ctrl Pts',(-14.9611544627318,-28.527937193699,-3.11888980776572));
#6349=CARTESIAN_POINT('Ctrl Pts',(-14.9612984475033,-28.5114381730994,-3.13569957657873));
#6350=CARTESIAN_POINT('Ctrl Pts',(-14.9614661117899,-28.4922257488244,-3.1504839570477));
#6351=CARTESIAN_POINT('Ctrl Pts',(-14.9616470437594,-28.4714929986729,-3.16218827135407));
#6352=CARTESIAN_POINT('Ctrl Pts',(-14.9618487402067,-28.4483808750369,-3.17523581966998));
#6353=CARTESIAN_POINT('Ctrl Pts',(-14.9620717007711,-28.4228321249354,-3.18475753997601));
#6354=CARTESIAN_POINT('Ctrl Pts',(-14.9622994402269,-28.3967357681117,-3.1900090806255));
#6355=CARTESIAN_POINT('Ctrl Pts',(-14.9624429857159,-28.3802870842914,-3.19331915690536));
#6356=CARTESIAN_POINT('Ctrl Pts',(-14.9625901717064,-28.3634212403213,-3.19499999997916));
#6357=CARTESIAN_POINT('Ctrl Pts',(-14.9627366496973,-28.3466365250801,-3.19499999997916));
#6358=CARTESIAN_POINT('',(-14.964465251217,-28.1485584103242,2.89500000002084));
#6359=CARTESIAN_POINT('',(-14.9331640479717,-31.7353210376271,2.89500000002084));
#6360=CARTESIAN_POINT('',(-14.964465251217,-28.1485584103211,8.72053718709392));
#6361=CARTESIAN_POINT('',(-14.964465251217,-28.1485584103242,-4.07484652666854));
#6362=CARTESIAN_POINT('',(-14.9659286513534,-27.9808693640941,8.92044363379811));
#6363=CARTESIAN_POINT('Origin',(-14.9662367379232,-27.9455661399422,8.72053718706398));
#6364=CARTESIAN_POINT('',(-14.9809060614832,-26.2646281548863,9.22355248569152));
#6365=CARTESIAN_POINT('',(-14.9207834421767,-33.1539979434522,8.0068068699367));
#6366=CARTESIAN_POINT('',(-14.9809060614832,-26.2646281548863,9.74185476248834));
#6367=CARTESIAN_POINT('',(-14.9809060614832,-26.2646281548863,-0.9105702838332));
#6368=CARTESIAN_POINT('',(-14.9800428678162,-26.3635403519838,9.74185476248834));
#6369=CARTESIAN_POINT('',(-14.9422487538646,-30.6943168525302,9.74185476248833));
#6370=CARTESIAN_POINT('',(-14.9419772892484,-30.7254236164572,9.72878234280841));
#6371=CARTESIAN_POINT('Origin',(-8.37683997440624,-35.0670474529762,10.6813069466421));
#6372=CARTESIAN_POINT('',(-8.45415458166599,-26.207670971802,9.74215119632754));
#6373=CARTESIAN_POINT('Ctrl Pts',(-8.454154581666,-26.207670971802,9.74215119632754));
#6374=CARTESIAN_POINT('Ctrl Pts',(-8.45415257883593,-26.2079004733962,9.81873498314316));
#6375=CARTESIAN_POINT('Ctrl Pts',(-8.45415102257033,-26.20807880377,9.89757871687088));
#6376=CARTESIAN_POINT('Ctrl Pts',(-8.45414994032948,-26.2082028162884,9.97728660200007));
#6377=CARTESIAN_POINT('Ctrl Pts',(-8.45414770087851,-26.2084594319518,10.1422239171362));
#6378=CARTESIAN_POINT('Ctrl Pts',(-8.45414748885356,-26.2084837276052,10.3140161168751));
#6379=CARTESIAN_POINT('Ctrl Pts',(-8.45414932007011,-26.2082738909726,10.4798177348118));
#6380=CARTESIAN_POINT('Ctrl Pts',(-8.45415006836855,-26.2081881444642,10.5475700126533));
#6381=CARTESIAN_POINT('Ctrl Pts',(-8.45415116547762,-26.2080624282175,10.6150115374728));
#6382=CARTESIAN_POINT('Ctrl Pts',(-8.45415259147118,-26.2078990255396,10.6813069466424));
#6383=CARTESIAN_POINT('',(-8.45329139597638,-26.3065822547859,9.74185476248834));
#6384=CARTESIAN_POINT('',(-8.41550990557613,-30.6359122396245,9.72887990390932));
#6385=CARTESIAN_POINT('',(-8.45415458964334,-26.2076700576885,9.74185476248834));
#6386=CARTESIAN_POINT('',(-8.41549728202479,-30.6373587553323,9.74185476248834));
#6387=CARTESIAN_POINT('',(-8.45415458964334,-26.2076700576885,9.22355248569152));
#6388=CARTESIAN_POINT('',(-8.45415458964334,-26.2076700576885,9.9524297161668));
#6389=CARTESIAN_POINT('',(-8.43917717951354,-27.9239112668963,8.92044363379811));
#6390=CARTESIAN_POINT('',(-8.41026714409624,-31.2366732005554,8.33537000841238));
#6391=CARTESIAN_POINT('',(-8.43771377937716,-28.0916003131232,8.72053718709392));
#6392=CARTESIAN_POINT('Origin',(-8.43948526608331,-27.8886080427443,8.72053718706398));
#6393=CARTESIAN_POINT('',(-8.43771377937713,-28.0916003131263,2.89500000002084));
#6394=CARTESIAN_POINT('',(-8.43771377937713,-28.0916003131263,6.78815347333147));
#6395=CARTESIAN_POINT('',(-8.43598517785741,-28.2896784278823,2.89500000002084));
#6396=CARTESIAN_POINT('',(-8.40641257613183,-31.6783629404292,2.89500000002084));
#6397=CARTESIAN_POINT('',(-8.43598517785741,-28.2896784278823,-3.19499999997916));
#6398=CARTESIAN_POINT('Ctrl Pts',(-8.43598517785742,-28.2896784278823,-3.19499999997916));
#6399=CARTESIAN_POINT('Ctrl Pts',(-8.4358386998666,-28.3064631431234,-3.19499999997916));
#6400=CARTESIAN_POINT('Ctrl Pts',(-8.43569151387609,-28.3233289870936,-3.19331915690536));
#6401=CARTESIAN_POINT('Ctrl Pts',(-8.43554796838706,-28.3397776709138,-3.1900090806255));
#6402=CARTESIAN_POINT('Ctrl Pts',(-8.43532022893124,-28.3658740277375,-3.18475753997601));
#6403=CARTESIAN_POINT('Ctrl Pts',(-8.43509726836689,-28.3914227778391,-3.17523581966998));
#6404=CARTESIAN_POINT('Ctrl Pts',(-8.43489557191955,-28.414534901475,-3.16218827135406));
#6405=CARTESIAN_POINT('Ctrl Pts',(-8.43471463995004,-28.4352676516265,-3.1504839570477));
#6406=CARTESIAN_POINT('Ctrl Pts',(-8.43454697566345,-28.4544800759015,-3.13569957657873));
#6407=CARTESIAN_POINT('Ctrl Pts',(-8.434402990892,-28.4709790965011,-3.11888980776572));
#6408=CARTESIAN_POINT('Ctrl Pts',(-8.43429451453852,-28.4834092554173,-3.10622553497274));
#6409=CARTESIAN_POINT('Ctrl Pts',(-8.43419781806253,-28.4944895740735,-3.092216280334));
#6410=CARTESIAN_POINT('Ctrl Pts',(-8.43411703470887,-28.5037464295231,-3.07774779347489));
#6411=CARTESIAN_POINT('Ctrl Pts',(-8.43405832026824,-28.5104744380177,-3.06723190035955));
#6412=CARTESIAN_POINT('Ctrl Pts',(-8.43400736447033,-28.5163133941168,-3.05634638471896));
#6413=CARTESIAN_POINT('Ctrl Pts',(-8.4339657716814,-28.5210794556547,-3.04587717626049));
#6414=CARTESIAN_POINT('Ctrl Pts',(-8.43391576725986,-28.5268093948195,-3.03329069849616));
#6415=CARTESIAN_POINT('Ctrl Pts',(-8.4338787221742,-28.5310543411789,-3.02111148717172));
#6416=CARTESIAN_POINT('Ctrl Pts',(-8.433853585033,-28.533934772258,-3.01126650291921));
#6417=CARTESIAN_POINT('Ctrl Pts',(-8.43383476027706,-28.5360918756303,-3.00389377010642));
#6418=CARTESIAN_POINT('Ctrl Pts',(-8.43382173947279,-28.5375839120142,-2.99764482146828));
#6419=CARTESIAN_POINT('Ctrl Pts',(-8.43381193218656,-28.5387077157045,-2.99243074142436));
#6420=CARTESIAN_POINT('Ctrl Pts',(-8.43376980244902,-28.5435353054601,-2.97003231043349));
#6421=CARTESIAN_POINT('Ctrl Pts',(-8.4337680834153,-28.5437322872146,-2.96188636245702));
#6422=CARTESIAN_POINT('Ctrl Pts',(-8.43376059002621,-28.5445909445546,-2.95268043269852));
#6423=CARTESIAN_POINT('Ctrl Pts',(-8.4337164713487,-28.5496464442555,-2.89847886360597));
#6424=CARTESIAN_POINT('Ctrl Pts',(-8.43370671007294,-28.550764975668,-2.83160805725572));
#6425=CARTESIAN_POINT('Ctrl Pts',(-8.43368564123059,-28.5531792258732,-2.70986240918877));
#6426=CARTESIAN_POINT('Ctrl Pts',(-8.43366469631659,-28.5555792752949,-2.58883287727926));
#6427=CARTESIAN_POINT('Ctrl Pts',(-8.43364518835458,-28.5578146663292,-2.42263330648541));
#6428=CARTESIAN_POINT('Ctrl Pts',(-8.43362836106035,-28.55974288326,-2.22283192145933));
#6429=CARTESIAN_POINT('Ctrl Pts',(-8.43361155833833,-28.5616682844955,-2.02332229811677));
#6430=CARTESIAN_POINT('Ctrl Pts',(-8.43359704760166,-28.563331050223,-1.78547983666385));
#6431=CARTESIAN_POINT('Ctrl Pts',(-8.43358589566855,-28.5646089351835,-1.52694559794138));
#6432=CARTESIAN_POINT('Ctrl Pts',(-8.43357474761702,-28.5658863753605,-1.26850134523216));
#6433=CARTESIAN_POINT('Ctrl Pts',(-8.43356668103842,-28.5668107137122,-0.982967956618265));
#6434=CARTESIAN_POINT('Ctrl Pts',(-8.43356229636493,-28.5673131475291,-0.691655909022049));
#6435=CARTESIAN_POINT('Ctrl Pts',(-8.43355791080591,-28.5678156828178,-0.400285027952051));
#6436=CARTESIAN_POINT('Ctrl Pts',(-8.43355709977194,-28.567908618105,-0.09588296762511));
#6437=CARTESIAN_POINT('Ctrl Pts',(-8.43355992378811,-28.5675850179047,0.198794773363378));
#6438=CARTESIAN_POINT('Ctrl Pts',(-8.43356275081442,-28.5672610727754,0.493786614507499));
#6439=CARTESIAN_POINT('Ctrl Pts',(-8.43356929118603,-28.5665116204214,0.786386826626943));
#6440=CARTESIAN_POINT('Ctrl Pts',(-8.4335790564295,-28.5653926343546,1.05469239810408));
#6441=CARTESIAN_POINT('Ctrl Pts',(-8.43358886316701,-28.564268893541,1.32413804193154));
#6442=CARTESIAN_POINT('Ctrl Pts',(-8.43360216755104,-28.562744362134,1.57582742498987));
#6443=CARTESIAN_POINT('Ctrl Pts',(-8.43361797647402,-28.5609328389896,1.79085277565929));
#6444=CARTESIAN_POINT('Ctrl Pts',(-8.43363457271916,-28.5590310976627,2.01658690274147));
#6445=CARTESIAN_POINT('Ctrl Pts',(-8.43365435924949,-28.5567637858613,2.2078075181002));
#6446=CARTESIAN_POINT('Ctrl Pts',(-8.43367584454118,-28.554301815288,2.34933937850626));
#6447=CARTESIAN_POINT('Ctrl Pts',(-8.43368936437907,-28.5527525953143,2.43839973829341));
#6448=CARTESIAN_POINT('Ctrl Pts',(-8.43370362593197,-28.5511183832189,2.50916394308197));
#6449=CARTESIAN_POINT('Ctrl Pts',(-8.43371885184098,-28.5493736668588,2.56087813507392));
#6450=CARTESIAN_POINT('Ctrl Pts',(-8.43372895817999,-28.5482155951136,2.59520391199877));
#6451=CARTESIAN_POINT('Ctrl Pts',(-8.43373815743121,-28.5471614653341,2.62022626501055));
#6452=CARTESIAN_POINT('Ctrl Pts',(-8.43375335589886,-28.5454198934416,2.64288349510978));
#6453=CARTESIAN_POINT('Ctrl Pts',(-8.43375842403437,-28.5448391426358,2.65043885627218));
#6454=CARTESIAN_POINT('Ctrl Pts',(-8.43376360166956,-28.5442458444082,2.65762921182251));
#6455=CARTESIAN_POINT('Ctrl Pts',(-8.43377523649233,-28.5429126257719,2.66784961319113));
#6456=CARTESIAN_POINT('Ctrl Pts',(-8.43378042829106,-28.5423177045644,2.67241025565288));
#6457=CARTESIAN_POINT('Ctrl Pts',(-8.43378688992356,-28.5415772748193,2.67764075723869));
#6458=CARTESIAN_POINT('Ctrl Pts',(-8.43379844852903,-28.5402527898209,2.68474023702261));
#6459=CARTESIAN_POINT('Ctrl Pts',(-8.43380621037087,-28.5393633708419,2.68950768404469));
#6460=CARTESIAN_POINT('Ctrl Pts',(-8.43381641200949,-28.5381943788428,2.69521215168141));
#6461=CARTESIAN_POINT('Ctrl Pts',(-8.43383213454321,-28.5363927549265,2.70228161612911));
#6462=CARTESIAN_POINT('Ctrl Pts',(-8.4338504730318,-28.534291372274,2.71052731592107));
#6463=CARTESIAN_POINT('Ctrl Pts',(-8.43387752040695,-28.5311920500664,2.72100383271422));
#6464=CARTESIAN_POINT('Ctrl Pts',(-8.43391676185915,-28.5266954250291,2.73256095208053));
#6465=CARTESIAN_POINT('Ctrl Pts',(-8.43394247739997,-28.5237487159193,2.74013451417149));
#6466=CARTESIAN_POINT('Ctrl Pts',(-8.43397362115029,-28.5201799956106,2.74821242326297));
#6467=CARTESIAN_POINT('Ctrl Pts',(-8.43400970093562,-28.5160456617127,2.75630374213329));
#6468=CARTESIAN_POINT('Ctrl Pts',(-8.43405458736762,-28.5109021860608,2.7663700557474));
#6469=CARTESIAN_POINT('Ctrl Pts',(-8.43410757072347,-28.5048308948343,2.7765624307528));
#6470=CARTESIAN_POINT('Ctrl Pts',(-8.43416725959431,-28.4979912276973,2.78635328982915));
#6471=CARTESIAN_POINT('Ctrl Pts',(-8.43429721023528,-28.4831003591655,2.80766929723102));
#6472=CARTESIAN_POINT('Ctrl Pts',(-8.43446248932482,-28.4641612514007,2.82751098021368));
#6473=CARTESIAN_POINT('Ctrl Pts',(-8.43464896503667,-28.442793251297,2.84365484293263));
#6474=CARTESIAN_POINT('Ctrl Pts',(-8.43483611546038,-28.4213479368726,2.8598571178461));
#6475=CARTESIAN_POINT('Ctrl Pts',(-8.43504957542367,-28.3968878478228,2.87284141794906));
#6476=CARTESIAN_POINT('Ctrl Pts',(-8.43527291717276,-28.3712954182771,2.88152715263558));
#6477=CARTESIAN_POINT('Ctrl Pts',(-8.43550062191728,-28.3452030389748,2.89038256370764));
#6478=CARTESIAN_POINT('Ctrl Pts',(-8.43574445110383,-28.3172629816259,2.89500000002084));
#6479=CARTESIAN_POINT('Ctrl Pts',(-8.43598517785742,-28.2896784278823,2.89500000002084));
#6480=CARTESIAN_POINT('',(-8.43771377937713,-28.0916003131263,-3.19499999997916));
#6481=CARTESIAN_POINT('',(-8.40727687689169,-31.5793238830512,-3.19499999997916));
#6482=CARTESIAN_POINT('',(-8.43771377937713,-28.0916003131263,-9.0205371870223));
#6483=CARTESIAN_POINT('',(-8.43771377937713,-28.0916003131263,0.830384879809895));
#6484=CARTESIAN_POINT('',(-8.43917717951356,-27.9239112668932,-9.22044363376016));
#6485=CARTESIAN_POINT('Origin',(-8.43948526608331,-27.8886080427443,-9.0205371870223));
#6486=CARTESIAN_POINT('',(-8.45415458964334,-26.2076700576885,-9.52355248565381));
#6487=CARTESIAN_POINT('',(-8.40156804189615,-32.2334915790007,-8.45931988638687));
#6488=CARTESIAN_POINT('',(-8.45415458964334,-26.2076700576885,-10.0418547628477));
#6489=CARTESIAN_POINT('',(-8.45415458964334,-26.2076700576885,0.319726091897191));
#6490=CARTESIAN_POINT('',(-8.45329139646809,-26.3065821984414,-10.0418547628477));
#6491=CARTESIAN_POINT('',(-8.41549728202479,-30.6373587553323,-10.0418547628477));
#6492=CARTESIAN_POINT('',(-8.45415458166604,-26.2076709717961,-10.0421511965181));
#6493=CARTESIAN_POINT('',(-8.41522664624241,-30.6683705443124,-10.0287826276354));
#6494=CARTESIAN_POINT('',(-8.45415405361019,-26.2077314810038,-11.0446930533578));
#6495=CARTESIAN_POINT('Ctrl Pts',(-8.45415405361019,-26.2077314810038,-11.0446930533575));
#6496=CARTESIAN_POINT('Ctrl Pts',(-8.45415403412439,-26.2077337138555,-11.0439131041029));
#6497=CARTESIAN_POINT('Ctrl Pts',(-8.45415401468734,-26.2077359411208,-11.0431329974143));
#6498=CARTESIAN_POINT('Ctrl Pts',(-8.45415399529909,-26.2077381627937,-11.0423527346294));
#6499=CARTESIAN_POINT('Ctrl Pts',(-8.45415004063335,-26.2081913226031,-10.8832007180391));
#6500=CARTESIAN_POINT('Ctrl Pts',(-8.45414801853698,-26.2084230318961,-10.7136028059657));
#6501=CARTESIAN_POINT('Ctrl Pts',(-8.45414807951535,-26.208416044467,-10.546215555602));
#6502=CARTESIAN_POINT('Ctrl Pts',(-8.45414814159332,-26.2084089310355,-10.375809853624));
#6503=CARTESIAN_POINT('Ctrl Pts',(-8.45415036609948,-26.2081540278776,-10.2033451267237));
#6504=CARTESIAN_POINT('Ctrl Pts',(-8.45415458166604,-26.2076709717961,-10.0421511965181));
#6505=CARTESIAN_POINT('',(-8.37683997440625,-35.0670474529758,-11.0446930533579));
#6506=CARTESIAN_POINT('',(-8.37683997440625,-35.0670474529758,-11.0446930533579));
#6507=CARTESIAN_POINT('',(-8.37683997440625,-35.067047452976,-1.68388733379246));
#6508=CARTESIAN_POINT('Origin',(-8.37683997440625,-35.0670474529758,-11.0446930533579));
#6509=CARTESIAN_POINT('Ctrl Pts',(-14.98090552545,-26.2646895782017,-11.0446930533578));
#6510=CARTESIAN_POINT('Ctrl Pts',(-12.8053217015034,-26.2457035458024,-11.0446930533578));
#6511=CARTESIAN_POINT('Ctrl Pts',(-10.6297378775568,-26.2267175134031,-11.0446930533578));
#6512=CARTESIAN_POINT('Ctrl Pts',(-8.45415405361019,-26.2077314810038,-11.0446930533578));
#6513=CARTESIAN_POINT('',(0.732638619700215,-34.9875502376425,-11.0446930533579));
#6514=CARTESIAN_POINT('Ctrl Pts',(9.76480260654696,-26.048676541135,9.74215119632754));
#6515=CARTESIAN_POINT('Ctrl Pts',(-46.2368485624901,-26.5373955469514,9.74215119632754));
#6516=CARTESIAN_POINT('Ctrl Pts',(9.76480460937703,-26.0489060427292,9.81873498314316));
#6517=CARTESIAN_POINT('Ctrl Pts',(-46.2368465596601,-26.5376250485456,9.81873498314316));
#6518=CARTESIAN_POINT('Ctrl Pts',(9.76480616564262,-26.049084373103,9.89757871687088));
#6519=CARTESIAN_POINT('Ctrl Pts',(-46.2368450033944,-26.5378033789194,9.89757871687088));
#6520=CARTESIAN_POINT('Ctrl Pts',(9.76480948733444,-26.0494650012848,10.1422239171362));
#6521=CARTESIAN_POINT('Ctrl Pts',(-46.2368416817026,-26.5381840071011,10.1422239171362));
#6522=CARTESIAN_POINT('Ctrl Pts',(9.7648096993594,-26.0494892969382,10.3140161168751));
#6523=CARTESIAN_POINT('Ctrl Pts',(-46.2368414696777,-26.5382083027545,10.3140161168751));
#6524=CARTESIAN_POINT('Ctrl Pts',(9.76480603383132,-26.0490692690235,10.6458995776982));
#6525=CARTESIAN_POINT('Ctrl Pts',(-46.2368451352058,-26.5377882748399,10.6458995776982));
#6526=CARTESIAN_POINT('Ctrl Pts',(9.76480210354425,-26.0486189027341,10.8101141301624));
#6527=CARTESIAN_POINT('Ctrl Pts',(-46.2368490654928,-26.5373379085505,10.8101141301624));
#6528=CARTESIAN_POINT('Ctrl Pts',(9.7647906076409,-26.0473016026876,11.1109947375001));
#6529=CARTESIAN_POINT('Ctrl Pts',(-46.2368605613962,-26.536020608504,11.1109947375001));
#6530=CARTESIAN_POINT('Ctrl Pts',(9.7647828787369,-26.0464159580104,11.2512915575771));
#6531=CARTESIAN_POINT('Ctrl Pts',(-46.2368682903002,-26.5351349638267,11.2512915575771));
#6532=CARTESIAN_POINT('Ctrl Pts',(9.76476307079325,-26.0441461924863,11.5102239576648));
#6533=CARTESIAN_POINT('Ctrl Pts',(-46.2368880982438,-26.5328651983027,11.5102239576648));
#6534=CARTESIAN_POINT('Ctrl Pts',(9.76475016218566,-26.0426670125672,11.6250056123313));
#6535=CARTESIAN_POINT('Ctrl Pts',(-46.2369010068514,-26.5313860183836,11.6250056123313));
#6536=CARTESIAN_POINT('Ctrl Pts',(9.76472724722369,-26.0400412180073,11.7538907442698));
#6537=CARTESIAN_POINT('Ctrl Pts',(-46.2369239218134,-26.5287602238236,11.7538907442698));
#6538=CARTESIAN_POINT('Ctrl Pts',(9.7647184735713,-26.0390358570229,11.789774953523));
#6539=CARTESIAN_POINT('Ctrl Pts',(-46.2369326954658,-26.5277548628392,11.789774953523));
#6540=CARTESIAN_POINT('Ctrl Pts',(9.76470311716701,-26.0372761873846,11.8239017054594));
#6541=CARTESIAN_POINT('Ctrl Pts',(-46.2369480518701,-26.525995193201,11.8239017054594));
#6542=CARTESIAN_POINT('Ctrl Pts',(9.76469956922861,-26.0368696339125,11.8310496305261));
#6543=CARTESIAN_POINT('Ctrl Pts',(-46.2369515998085,-26.5255886397288,11.8310496305261));
#6544=CARTESIAN_POINT('Ctrl Pts',(9.76468879055902,-26.035634520714,11.8437814314365));
#6545=CARTESIAN_POINT('Ctrl Pts',(-46.2369623784781,-26.5243535265304,11.8437814314365));
#6546=CARTESIAN_POINT('Ctrl Pts',(9.76468524843351,-26.0352286333339,11.8476331607871));
#6547=CARTESIAN_POINT('Ctrl Pts',(-46.2369659206036,-26.5239476391503,11.8476331607871));
#6548=CARTESIAN_POINT('Ctrl Pts',(9.76467470886182,-26.0340209180407,11.8560531671618));
#6549=CARTESIAN_POINT('Ctrl Pts',(-46.2369764601753,-26.5227399238571,11.8560531671618));
#6550=CARTESIAN_POINT('Ctrl Pts',(9.76466965203548,-26.0334414631363,11.8597444194003));
#6551=CARTESIAN_POINT('Ctrl Pts',(-46.2369815170016,-26.5221604689526,11.8597444194003));
#6552=CARTESIAN_POINT('Ctrl Pts',(9.7646538262962,-26.0316280130345,11.8690166411483));
#6553=CARTESIAN_POINT('Ctrl Pts',(-46.2369973427409,-26.5203470188508,11.8690166411483));
#6554=CARTESIAN_POINT('Ctrl Pts',(9.76464276462476,-26.030360471036,11.8747449001949));
#6555=CARTESIAN_POINT('Ctrl Pts',(-46.2370084044123,-26.5190794768524,11.8747449001949));
#6556=CARTESIAN_POINT('Ctrl Pts',(9.76461567195178,-26.0272559582106,11.8857460240878));
#6557=CARTESIAN_POINT('Ctrl Pts',(-46.2370354970853,-26.515974964027,11.8857460240878));
#6558=CARTESIAN_POINT('Ctrl Pts',(9.76460252680234,-26.0257496732809,11.8905246121966));
#6559=CARTESIAN_POINT('Ctrl Pts',(-46.2370486422347,-26.5144686790973,11.8905246121966));
#6560=CARTESIAN_POINT('Ctrl Pts',(9.7645648577333,-26.0214332255088,11.9024827456799));
#6561=CARTESIAN_POINT('Ctrl Pts',(-46.2370863113038,-26.5101522313252,11.9024827456799));
#6562=CARTESIAN_POINT('Ctrl Pts',(9.76453758543193,-26.018308129308,11.9098981864369));
#6563=CARTESIAN_POINT('Ctrl Pts',(-46.2371135836052,-26.5070271351244,11.9098981864369));
#6564=CARTESIAN_POINT('Ctrl Pts',(9.76446812536686,-26.0103487942144,11.9258919471799));
#6565=CARTESIAN_POINT('Ctrl Pts',(-46.2371830436702,-26.4990678000308,11.9258919471799));
#6566=CARTESIAN_POINT('Ctrl Pts',(9.76442369958674,-26.0052581040389,11.9345369768719));
#6567=CARTESIAN_POINT('Ctrl Pts',(-46.2372274694503,-26.4939771098553,11.9345369768719));
#6568=CARTESIAN_POINT('Ctrl Pts',(9.76426824095961,-25.987444309805,11.960154635904));
#6569=CARTESIAN_POINT('Ctrl Pts',(-46.2373829280775,-26.4761633156213,11.960154635904));
#6570=CARTESIAN_POINT('Ctrl Pts',(9.76413525253317,-25.9722053455369,11.9760746636212));
#6571=CARTESIAN_POINT('Ctrl Pts',(-46.2375159165039,-26.4609243513533,11.9760746636212));
#6572=CARTESIAN_POINT('Ctrl Pts',(9.76383551199696,-25.9378584821038,12.0019874595614));
#6573=CARTESIAN_POINT('Ctrl Pts',(-46.2378156570401,-26.4265774879202,12.0019874595614));
#6574=CARTESIAN_POINT('Ctrl Pts',(9.763664838717,-25.9183012613401,12.0123415163746));
#6575=CARTESIAN_POINT('Ctrl Pts',(-46.2379863303201,-26.4070202671565,12.0123415163746));
#6576=CARTESIAN_POINT('Ctrl Pts',(9.76330453592021,-25.8770146502182,12.0263242749077));
#6577=CARTESIAN_POINT('Ctrl Pts',(-46.2383466331169,-26.3657336560345,12.0263242749077));
#6578=CARTESIAN_POINT('Ctrl Pts',(9.7631099378214,-25.8547159167573,12.0300000000208));
#6579=CARTESIAN_POINT('Ctrl Pts',(-46.2385412312157,-26.3434349225737,12.0300000000208));
#6580=CARTESIAN_POINT('Ctrl Pts',(9.7629178165662,-25.8327010014626,12.0300000000208));
#6581=CARTESIAN_POINT('Ctrl Pts',(-46.2387333524709,-26.321420007279,12.0300000000208));
#6582=CARTESIAN_POINT('',(-16.6751134367289,-26.2794141928434,9.74215119632754));
#6583=CARTESIAN_POINT('',(9.76480260654696,-26.048676541135,9.74215119632754));
#6584=CARTESIAN_POINT('',(-18.566750000002,-26.2966664406794,10.2537500000207));
#6585=CARTESIAN_POINT('Ctrl Pts',(-16.6751134367289,-26.2794141928434,9.74215119632754));
#6586=CARTESIAN_POINT('Ctrl Pts',(-16.6118073940836,-26.2791868295288,9.85062758692557));
#6587=CARTESIAN_POINT('Ctrl Pts',(-16.5691822858375,-26.279053983227,9.96991816517949));
#6588=CARTESIAN_POINT('Ctrl Pts',(-16.5302829348204,-26.2789300047275,10.2139129073744));
#6589=CARTESIAN_POINT('Ctrl Pts',(-16.5328483031749,-26.2789385586708,10.3363410969776));
#6590=CARTESIAN_POINT('Ctrl Pts',(-16.5817456580198,-26.2790942657154,10.5775611864498));
#6591=CARTESIAN_POINT('Ctrl Pts',(-16.6288022229897,-26.2792417645014,10.6941242249654));
#6592=CARTESIAN_POINT('Ctrl Pts',(-16.7579003315356,-26.2797168652154,10.8966989041927));
#6593=CARTESIAN_POINT('Ctrl Pts',(-16.8361999045722,-26.2800254094927,10.9828374534157));
#6594=CARTESIAN_POINT('Ctrl Pts',(-17.0065478132556,-26.2808266374962,11.1157723062253));
#6595=CARTESIAN_POINT('Ctrl Pts',(-17.094535549922,-26.2812883871256,11.1654970229503));
#6596=CARTESIAN_POINT('Ctrl Pts',(-17.2575818014857,-26.2823006077556,11.2280096935631));
#6597=CARTESIAN_POINT('Ctrl Pts',(-17.3294748886578,-26.2827933651944,11.2468816764415));
#6598=CARTESIAN_POINT('Ctrl Pts',(-17.4342048581489,-26.2835953419972,11.2624211477608));
#6599=CARTESIAN_POINT('Ctrl Pts',(-17.4658325018558,-26.2838480464857,11.265605976025));
#6600=CARTESIAN_POINT('Ctrl Pts',(-17.5078421499909,-26.2841982118784,11.2678521564533));
#6601=CARTESIAN_POINT('Ctrl Pts',(-17.5181348820124,-26.2842851499415,11.2682454935543));
#6602=CARTESIAN_POINT('Ctrl Pts',(-17.5350224955228,-26.2844296787124,11.2686335651529));
#6603=CARTESIAN_POINT('Ctrl Pts',(-17.5416145038693,-26.2844865659022,11.2687208034386));
#6604=CARTESIAN_POINT('Ctrl Pts',(-17.5543738667599,-26.2845975882514,11.2687653434558));
#6605=CARTESIAN_POINT('Ctrl Pts',(-17.5605409092695,-26.2846516617998,11.2687306658026));
#6606=CARTESIAN_POINT('Ctrl Pts',(-17.5747541030358,-26.2847772357149,11.2685211945211));
#6607=CARTESIAN_POINT('Ctrl Pts',(-17.5827992569179,-26.2848490172447,11.2683069030056));
#6608=CARTESIAN_POINT('Ctrl Pts',(-17.6084383733989,-26.2850800106106,11.2673187227897));
#6609=CARTESIAN_POINT('Ctrl Pts',(-17.6260150838671,-26.2852417240729,11.2661826263723));
#6610=CARTESIAN_POINT('Ctrl Pts',(-17.7709759445855,-26.2866027419677,11.2530174513174));
#6611=CARTESIAN_POINT('Ctrl Pts',(-17.8950680822255,-26.2879489791554,11.2174552071937));
#6612=CARTESIAN_POINT('Ctrl Pts',(-18.1189317102969,-26.2905964799948,11.1044086401493));
#6613=CARTESIAN_POINT('Ctrl Pts',(-18.2176289171949,-26.2918702144335,11.0295856405218));
#6614=CARTESIAN_POINT('Ctrl Pts',(-18.390785219177,-26.2941784206143,10.8403571161142));
#6615=CARTESIAN_POINT('Ctrl Pts',(-18.460655415118,-26.2951588615355,10.7248974788259));
#6616=CARTESIAN_POINT('Ctrl Pts',(-18.5462811552465,-26.296371898531,10.4883482695133));
#6617=CARTESIAN_POINT('Ctrl Pts',(-18.5667500000021,-26.2966666503174,10.3714341355622));
#6618=CARTESIAN_POINT('Ctrl Pts',(-18.566750000002,-26.2966664406794,10.2537500000206));
#6619=CARTESIAN_POINT('',(-18.4283865632711,-26.2947147756198,9.74215119632754));
#6620=CARTESIAN_POINT('Ctrl Pts',(-18.566750000002,-26.2966664406794,10.2537500000206));
#6621=CARTESIAN_POINT('Ctrl Pts',(-18.566750000002,-26.296666413576,10.2385350066245));
#6622=CARTESIAN_POINT('Ctrl Pts',(-18.5664078909421,-26.296661500324,10.2233071426126));
#6623=CARTESIAN_POINT('Ctrl Pts',(-18.559974243671,-26.2965693929268,10.0804732637187));
#6624=CARTESIAN_POINT('Ctrl Pts',(-18.5301901939978,-26.2961401516433,9.95509430465653));
#6625=CARTESIAN_POINT('Ctrl Pts',(-18.4631493174305,-26.2951985040022,9.80554997410254));
#6626=CARTESIAN_POINT('Ctrl Pts',(-18.4466084930515,-26.2949673724004,9.77337490088578));
#6627=CARTESIAN_POINT('Ctrl Pts',(-18.4283865632711,-26.2947147756198,9.74215119632754));
#6628=CARTESIAN_POINT('',(-46.2330650850466,-26.5373625290439,9.74215119632755));
#6629=CARTESIAN_POINT('',(9.76480260654696,-26.048676541135,9.74215119632754));
#6630=CARTESIAN_POINT('',(-46.2349498750274,-26.3213869893716,12.0300000000208));
#6631=CARTESIAN_POINT('Ctrl Pts',(-46.2349498750274,-26.3213869893716,12.0300000000208));
#6632=CARTESIAN_POINT('Ctrl Pts',(-46.2347577537722,-26.3434019046662,12.0300000000208));
#6633=CARTESIAN_POINT('Ctrl Pts',(-46.2345631556734,-26.3657006381271,12.0263242749077));
#6634=CARTESIAN_POINT('Ctrl Pts',(-46.2342028528766,-26.406987249249,12.0123415163746));
#6635=CARTESIAN_POINT('Ctrl Pts',(-46.2340321795966,-26.4265444700127,12.0019874595614));
#6636=CARTESIAN_POINT('Ctrl Pts',(-46.2337324390604,-26.4608913334458,11.9760746636212));
#6637=CARTESIAN_POINT('Ctrl Pts',(-46.233599450634,-26.4761302977139,11.960154635904));
#6638=CARTESIAN_POINT('Ctrl Pts',(-46.2334439920069,-26.4939440919478,11.9345369768719));
#6639=CARTESIAN_POINT('Ctrl Pts',(-46.2333995662267,-26.4990347821233,11.9258919471799));
#6640=CARTESIAN_POINT('Ctrl Pts',(-46.2333301061617,-26.5069941172169,11.9098981864369));
#6641=CARTESIAN_POINT('Ctrl Pts',(-46.2333028338603,-26.5101192134177,11.9024827456799));
#6642=CARTESIAN_POINT('Ctrl Pts',(-46.2332651647913,-26.5144356611898,11.8905246121966));
#6643=CARTESIAN_POINT('Ctrl Pts',(-46.2332520196418,-26.5159419461195,11.8857460240878));
#6644=CARTESIAN_POINT('Ctrl Pts',(-46.2332249269688,-26.519046458945,11.8747449001949));
#6645=CARTESIAN_POINT('Ctrl Pts',(-46.2332138652974,-26.5203140009434,11.8690166411483));
#6646=CARTESIAN_POINT('Ctrl Pts',(-46.2331980395581,-26.5221274510452,11.8597444194003));
#6647=CARTESIAN_POINT('Ctrl Pts',(-46.2331929827318,-26.5227069059496,11.8560531671618));
#6648=CARTESIAN_POINT('Ctrl Pts',(-46.2331824431601,-26.5239146212428,11.8476331607871));
#6649=CARTESIAN_POINT('Ctrl Pts',(-46.2331789010346,-26.5243205086229,11.8437814314365));
#6650=CARTESIAN_POINT('Ctrl Pts',(-46.233168122365,-26.5255556218214,11.8310496305261));
#6651=CARTESIAN_POINT('Ctrl Pts',(-46.2331645744266,-26.5259621752936,11.8239017054594));
#6652=CARTESIAN_POINT('Ctrl Pts',(-46.2331492180223,-26.5277218449318,11.789774953523));
#6653=CARTESIAN_POINT('Ctrl Pts',(-46.2331404443699,-26.5287272059162,11.7538907442698));
#6654=CARTESIAN_POINT('Ctrl Pts',(-46.2331175294079,-26.5313530004761,11.6250056123313));
#6655=CARTESIAN_POINT('Ctrl Pts',(-46.2331046208003,-26.5328321803953,11.5102239576648));
#6656=CARTESIAN_POINT('Ctrl Pts',(-46.2330848128567,-26.5351019459193,11.2512915575771));
#6657=CARTESIAN_POINT('Ctrl Pts',(-46.2330770839527,-26.5359875905965,11.1109947375001));
#6658=CARTESIAN_POINT('Ctrl Pts',(-46.2330655880493,-26.537304890643,10.8101141301624));
#6659=CARTESIAN_POINT('Ctrl Pts',(-46.2330616577623,-26.5377552569324,10.6458995776982));
#6660=CARTESIAN_POINT('Ctrl Pts',(-46.2330579922342,-26.5381752848471,10.3140161168751));
#6661=CARTESIAN_POINT('Ctrl Pts',(-46.2330582042592,-26.5381509891937,10.1422239171362));
#6662=CARTESIAN_POINT('Ctrl Pts',(-46.233061525951,-26.5377703610119,9.89757871687088));
#6663=CARTESIAN_POINT('Ctrl Pts',(-46.2330630822166,-26.5375920306381,9.81873498314316));
#6664=CARTESIAN_POINT('Ctrl Pts',(-46.2330650850466,-26.5373625290439,9.74215119632754));
#6665=CARTESIAN_POINT('',(8.26297493196994,-25.8457908047102,12.0300000000209));
#6666=CARTESIAN_POINT('',(9.7629178165662,-25.8327010014626,12.0300000000208));
#6667=CARTESIAN_POINT('',(8.2648654846589,-26.0624266853367,10.4283753492458));
#6668=CARTESIAN_POINT('Ctrl Pts',(8.26297493196992,-25.8457908047102,12.0300000000208));
#6669=CARTESIAN_POINT('Ctrl Pts',(8.26316705322512,-25.8678057200049,12.0300000000208));
#6670=CARTESIAN_POINT('Ctrl Pts',(8.26336165132393,-25.8901044534657,12.0263242749077));
#6671=CARTESIAN_POINT('Ctrl Pts',(8.26354352039293,-25.9109445845821,12.0192662356722));
#6672=CARTESIAN_POINT('Ctrl Pts',(8.26372195412072,-25.9313910645877,12.0123415163746));
#6673=CARTESIAN_POINT('Ctrl Pts',(8.26389262740068,-25.9509482853514,12.0019874595614));
#6674=CARTESIAN_POINT('Ctrl Pts',(8.26404260495002,-25.9681340102794,11.9890217870478));
#6675=CARTESIAN_POINT('Ctrl Pts',(8.26419236793689,-25.9852951487845,11.9760746636212));
#6676=CARTESIAN_POINT('Ctrl Pts',(8.26432535636332,-26.0005341130525,11.960154635904));
#6677=CARTESIAN_POINT('Ctrl Pts',(8.26443083113384,-26.012620324629,11.9427736982391));
#6678=CARTESIAN_POINT('Ctrl Pts',(8.26448081499046,-26.0183479072865,11.9345369768719));
#6679=CARTESIAN_POINT('Ctrl Pts',(8.26452524077058,-26.023438597462,11.9258919471799));
#6680=CARTESIAN_POINT('Ctrl Pts',(8.26456297272494,-26.0277622511789,11.9172038492081));
#6681=CARTESIAN_POINT('Ctrl Pts',(8.26459470083564,-26.0313979325555,11.9098981864369));
#6682=CARTESIAN_POINT('Ctrl Pts',(8.26462197313702,-26.0345230287564,11.9024827456799));
#6683=CARTESIAN_POINT('Ctrl Pts',(8.26464407748512,-26.0370559361672,11.8954656690189));
#6684=CARTESIAN_POINT('Ctrl Pts',(8.26465964220606,-26.0388394765285,11.8905246121966));
#6685=CARTESIAN_POINT('Ctrl Pts',(8.26467278735549,-26.0403457614582,11.8857460240878));
#6686=CARTESIAN_POINT('Ctrl Pts',(8.26468353081044,-26.0415768394589,11.8813835870908));
#6687=CARTESIAN_POINT('Ctrl Pts',(8.26469988002847,-26.0434502742836,11.8747449001949));
#6688=CARTESIAN_POINT('Ctrl Pts',(8.26471094169991,-26.044717816282,11.8690166411483));
#6689=CARTESIAN_POINT('Ctrl Pts',(8.26471881774875,-26.0456203220872,11.8644021033973));
#6690=CARTESIAN_POINT('Ctrl Pts',(8.2647267674392,-26.0465312663838,11.8597444194003));
#6691=CARTESIAN_POINT('Ctrl Pts',(8.26473182426554,-26.0471107212883,11.8560531671618));
#6692=CARTESIAN_POINT('Ctrl Pts',(8.26473574641782,-26.0475601554239,11.8529197810827));
#6693=CARTESIAN_POINT('Ctrl Pts',(8.26474236383723,-26.0483184365815,11.8476331607871));
#6694=CARTESIAN_POINT('Ctrl Pts',(8.26474590596274,-26.0487243239616,11.8437814314365));
#6695=CARTESIAN_POINT('Ctrl Pts',(8.26474887419856,-26.0490644500983,11.8402753412555));
#6696=CARTESIAN_POINT('Ctrl Pts',(8.26475668463233,-26.04995943716,11.8310496305261));
#6697=CARTESIAN_POINT('Ctrl Pts',(8.26476023257073,-26.0503659906322,11.8239017054594));
#6698=CARTESIAN_POINT('Ctrl Pts',(8.26476405943858,-26.0508045062541,11.8153972035208));
#6699=CARTESIAN_POINT('Ctrl Pts',(8.26477558897501,-26.0521256602704,11.789774953523));
#6700=CARTESIAN_POINT('Ctrl Pts',(8.26478436262741,-26.0531310212548,11.7538907442698));
#6701=CARTESIAN_POINT('Ctrl Pts',(8.26479322184955,-26.0541461875614,11.7040620770325));
#6702=CARTESIAN_POINT('Ctrl Pts',(8.26480727758938,-26.0557568158148,11.6250056123313));
#6703=CARTESIAN_POINT('Ctrl Pts',(8.26482018619697,-26.0572359957339,11.5102239576648));
#6704=CARTESIAN_POINT('Ctrl Pts',(8.26483087452653,-26.0584607569902,11.3705045160459));
#6705=CARTESIAN_POINT('Ctrl Pts',(8.26483999414061,-26.0595057612579,11.2512915575771));
#6706=CARTESIAN_POINT('Ctrl Pts',(8.26484772304462,-26.0603914059352,11.1109947375001));
#6707=CARTESIAN_POINT('Ctrl Pts',(8.26485348619169,-26.0610517971785,10.9601567268948));
#6708=CARTESIAN_POINT('Ctrl Pts',(8.26485921894797,-26.0617087059817,10.8101141301624));
#6709=CARTESIAN_POINT('Ctrl Pts',(8.26486314923504,-26.0621590722711,10.6458995776982));
#6710=CARTESIAN_POINT('Ctrl Pts',(8.26486498354656,-26.0623692635531,10.4798177348118));
#6711=CARTESIAN_POINT('Ctrl Pts',(8.26486517228278,-26.0623908905813,10.4627292206804));
#6712=CARTESIAN_POINT('Ctrl Pts',(8.26486533931444,-26.0624100305144,10.4455770709586));
#6713=CARTESIAN_POINT('Ctrl Pts',(8.26486548465888,-26.0624266853367,10.4283753492458));
#6714=CARTESIAN_POINT('',(6.24999999999797,-26.0800939444331,10.2537500000207));
#6715=CARTESIAN_POINT('Ctrl Pts',(8.2648654846589,-26.0624266853367,10.4283753492458));
#6716=CARTESIAN_POINT('Ctrl Pts',(8.26328926976598,-26.0624317019743,10.4374004013063));
#6717=CARTESIAN_POINT('Ctrl Pts',(8.26159005210472,-26.0624371108538,10.4464087469107));
#6718=CARTESIAN_POINT('Ctrl Pts',(8.23500434197977,-26.0625217694691,10.5775611864509));
#6719=CARTESIAN_POINT('Ctrl Pts',(8.18794777700976,-26.0626692682551,10.6941242249665));
#6720=CARTESIAN_POINT('Ctrl Pts',(8.0588496684636,-26.0631443689691,10.8966989041937));
#6721=CARTESIAN_POINT('Ctrl Pts',(7.98055009542691,-26.0634529132464,10.9828374534165));
#6722=CARTESIAN_POINT('Ctrl Pts',(7.81020218674349,-26.0642541412499,11.1157723062259));
#6723=CARTESIAN_POINT('Ctrl Pts',(7.72221445007712,-26.0647158908793,11.1654970229508));
#6724=CARTESIAN_POINT('Ctrl Pts',(7.55916819851358,-26.0657281115092,11.2280096935632));
#6725=CARTESIAN_POINT('Ctrl Pts',(7.48727511134173,-26.0662208689481,11.2468816764416));
#6726=CARTESIAN_POINT('Ctrl Pts',(7.38254514185091,-26.0670228457509,11.2624211477608));
#6727=CARTESIAN_POINT('Ctrl Pts',(7.35091749814412,-26.0672755502394,11.265605976025));
#6728=CARTESIAN_POINT('Ctrl Pts',(7.30890785000914,-26.0676257156321,11.2678521564533));
#6729=CARTESIAN_POINT('Ctrl Pts',(7.29861511798767,-26.0677126536952,11.2682454935543));
#6730=CARTESIAN_POINT('Ctrl Pts',(7.28172750447706,-26.0678571824661,11.2686335651529));
#6731=CARTESIAN_POINT('Ctrl Pts',(7.2751354961305,-26.0679140696559,11.2687208034386));
#6732=CARTESIAN_POINT('Ctrl Pts',(7.26237613324013,-26.0680250920051,11.2687653434558));
#6733=CARTESIAN_POINT('Ctrl Pts',(7.25620909073058,-26.0680791655535,11.2687306658026));
#6734=CARTESIAN_POINT('Ctrl Pts',(7.2419958969639,-26.0682047394686,11.2685211945211));
#6735=CARTESIAN_POINT('Ctrl Pts',(7.23395074308147,-26.0682765209984,11.2683069030056));
#6736=CARTESIAN_POINT('Ctrl Pts',(7.20831162660122,-26.0685075143643,11.2673187227897));
#6737=CARTESIAN_POINT('Ctrl Pts',(7.19073491613316,-26.0686692278265,11.2661826263723));
#6738=CARTESIAN_POINT('Ctrl Pts',(7.04577405541446,-26.0700302457214,11.2530174513174));
#6739=CARTESIAN_POINT('Ctrl Pts',(6.92168191777452,-26.0713764829091,11.2174552071937));
#6740=CARTESIAN_POINT('Ctrl Pts',(6.69781828970308,-26.0740239837484,11.1044086401493));
#6741=CARTESIAN_POINT('Ctrl Pts',(6.59912108280509,-26.0752977181872,11.0295856405218));
#6742=CARTESIAN_POINT('Ctrl Pts',(6.425964780823,-26.077605924368,10.8403571161142));
#6743=CARTESIAN_POINT('Ctrl Pts',(6.35609458488198,-26.0785863652892,10.7248974788259));
#6744=CARTESIAN_POINT('Ctrl Pts',(6.27046884475348,-26.0797994022847,10.4883482695133));
#6745=CARTESIAN_POINT('Ctrl Pts',(6.24999999999794,-26.0800941540711,10.3714341355622));
#6746=CARTESIAN_POINT('Ctrl Pts',(6.24999999999797,-26.0800939444331,10.2537500000206));
#6747=CARTESIAN_POINT('',(6.38836343672894,-26.0781422793735,9.74215119632754));
#6748=CARTESIAN_POINT('Ctrl Pts',(6.24999999999797,-26.0800939444331,10.2537500000206));
#6749=CARTESIAN_POINT('Ctrl Pts',(6.24999999999797,-26.0800939173297,10.2385350066245));
#6750=CARTESIAN_POINT('Ctrl Pts',(6.25034210905786,-26.0800890040777,10.2233071426126));
#6751=CARTESIAN_POINT('Ctrl Pts',(6.25677575632901,-26.0799968966805,10.0804732637187));
#6752=CARTESIAN_POINT('Ctrl Pts',(6.28655980600215,-26.079567655397,9.95509430465651));
#6753=CARTESIAN_POINT('Ctrl Pts',(6.35360068256953,-26.0786260077559,9.80554997410253));
#6754=CARTESIAN_POINT('Ctrl Pts',(6.37014150694853,-26.0783948761541,9.77337490088577));
#6755=CARTESIAN_POINT('Ctrl Pts',(6.38836343672894,-26.0781422793735,9.74215119632754));
#6756=CARTESIAN_POINT('',(9.76480260654696,-26.048676541135,9.74215119632754));
#6757=CARTESIAN_POINT('Origin',(-13.234321623929,-26.2493868575976,9.74215119632754));
#6758=CARTESIAN_POINT('',(-16.6752865005913,-26.3783345190401,9.74185476248834));
#6759=CARTESIAN_POINT('',(-13.2334584382394,-26.3482981405814,9.74185476248834));
#6760=CARTESIAN_POINT('',(-16.6752243410471,-26.3424751765814,9.74196222194039));
#6761=CARTESIAN_POINT('Origin',(-13.2343216319063,-26.249385943484,9.74185476248834));
#6762=CARTESIAN_POINT('',(-16.6752865005913,-26.2794147889657,9.74185476248834));
#6763=CARTESIAN_POINT('',(9.76480259856961,-26.0486756270214,9.74185476248834));
#6764=CARTESIAN_POINT('',(-16.6752865005913,-28.6965,9.74185476248834));
#6765=CARTESIAN_POINT('Origin',(9.76480259856961,-26.0486756270214,9.22355248569152));
#6766=CARTESIAN_POINT('',(-46.233065093024,-26.5373616149304,9.22355248569153));
#6767=CARTESIAN_POINT('',(9.76480259856961,-26.0486756270214,9.22355248569152));
#6768=CARTESIAN_POINT('',(-46.233065093024,-26.5373616149304,9.74185476248835));
#6769=CARTESIAN_POINT('',(-46.233065093024,-26.5373616149303,9.22355248569152));
#6770=CARTESIAN_POINT('',(-18.4282134994086,-26.2947123511312,9.74185476248834));
#6771=CARTESIAN_POINT('',(9.76480259856961,-26.0486756270214,9.74185476248834));
#6772=CARTESIAN_POINT('Origin',(-17.55175,-26.2870635700485,10.2537500000208));
#6773=CARTESIAN_POINT('Origin',(9.77978000869942,-27.7649168362292,8.92044363379811));
#6774=CARTESIAN_POINT('',(-46.2180876828942,-28.2536028241381,8.92044363379812));
#6775=CARTESIAN_POINT('',(9.77978000869942,-27.7649168362292,8.92044363379811));
#6776=CARTESIAN_POINT('',(-46.233065093024,-26.5373616149303,9.22355248569152));
#6777=CARTESIAN_POINT('Origin',(9.77947192212966,-27.7296136120773,8.72053718706398));
#6778=CARTESIAN_POINT('',(-46.2166242827578,-28.4212918703651,8.72053718709393));
#6779=CARTESIAN_POINT('',(9.7812434088358,-27.9326058824562,8.72053718709392));
#6780=CARTESIAN_POINT('Origin',(-46.2183957694639,-28.2182995999862,8.72053718706398));
#6781=CARTESIAN_POINT('Origin',(9.78124340883582,-27.9326058824593,2.89500000002084));
#6782=CARTESIAN_POINT('',(-46.2166242827578,-28.4212918703682,2.89500000002085));
#6783=CARTESIAN_POINT('',(9.78124340883582,-27.9326058824593,2.89500000002084));
#6784=CARTESIAN_POINT('',(-46.2166242827578,-28.4212918703682,8.72053718709392));
#6785=CARTESIAN_POINT('Origin',(9.78297201035554,-28.1306839972152,2.89500000002084));
#6786=CARTESIAN_POINT('',(-46.2148956812381,-28.6193699851242,2.89500000002085));
#6787=CARTESIAN_POINT('',(9.78297201035554,-28.1306839972152,2.89500000002084));
#6788=CARTESIAN_POINT('',(-46.2166242827578,-28.4212918703682,2.89500000002084));
#6789=CARTESIAN_POINT('Ctrl Pts',(9.78297201035554,-28.1306839972152,-3.19499999997916));
#6790=CARTESIAN_POINT('Ctrl Pts',(-46.2197514676009,-28.6194123609298,-3.19499999997916));
#6791=CARTESIAN_POINT('Ctrl Pts',(9.78311848834636,-28.1474687124563,-3.19499999997916));
#6792=CARTESIAN_POINT('Ctrl Pts',(-46.2196049896101,-28.6361970761709,-3.19499999997916));
#6793=CARTESIAN_POINT('Ctrl Pts',(9.78326567433687,-28.1643345564265,-3.19331915690536));
#6794=CARTESIAN_POINT('Ctrl Pts',(-46.2194578036196,-28.6530629201411,-3.19331915690536));
#6795=CARTESIAN_POINT('Ctrl Pts',(9.78363695928172,-28.2068795970704,-3.18475753997601));
#6796=CARTESIAN_POINT('Ctrl Pts',(-46.2190865186748,-28.695607960785,-3.18475753997601));
#6797=CARTESIAN_POINT('Ctrl Pts',(9.78385991984608,-28.232428347172,-3.17523581966998));
#6798=CARTESIAN_POINT('Ctrl Pts',(-46.2188635581104,-28.7211567108866,-3.17523581966998));
#6799=CARTESIAN_POINT('Ctrl Pts',(9.78424254826292,-28.2762732209595,-3.1504839570477));
#6800=CARTESIAN_POINT('Ctrl Pts',(-46.2184809296936,-28.765001584674,-3.1504839570477));
#6801=CARTESIAN_POINT('Ctrl Pts',(9.78441021254951,-28.2954856452345,-3.13569957657873));
#6802=CARTESIAN_POINT('Ctrl Pts',(-46.218313265407,-28.784214008949,-3.13569957657873));
#6803=CARTESIAN_POINT('Ctrl Pts',(9.78466267367444,-28.3244148247502,-3.10622553497274));
#6804=CARTESIAN_POINT('Ctrl Pts',(-46.218060804282,-28.8131431884648,-3.10622553497274));
#6805=CARTESIAN_POINT('Ctrl Pts',(9.78475937015043,-28.3354951434065,-3.092216280334));
#6806=CARTESIAN_POINT('Ctrl Pts',(-46.2179641078061,-28.824223507121,-3.092216280334));
#6807=CARTESIAN_POINT('Ctrl Pts',(9.78489886794472,-28.3514800073507,-3.06723190035955));
#6808=CARTESIAN_POINT('Ctrl Pts',(-46.2178246100118,-28.8402083710652,-3.06723190035955));
#6809=CARTESIAN_POINT('Ctrl Pts',(9.78494982374264,-28.3573189634498,-3.05634638471896));
#6810=CARTESIAN_POINT('Ctrl Pts',(-46.2177736542139,-28.8460473271643,-3.05634638471896));
#6811=CARTESIAN_POINT('Ctrl Pts',(9.7850414209531,-28.3678149641525,-3.03329069849616));
#6812=CARTESIAN_POINT('Ctrl Pts',(-46.2176820570034,-28.8565433278671,-3.03329069849616));
#6813=CARTESIAN_POINT('Ctrl Pts',(9.78507846603876,-28.3720599105118,-3.02111148717172));
#6814=CARTESIAN_POINT('Ctrl Pts',(-46.2176450119177,-28.8607882742264,-3.02111148717172));
#6815=CARTESIAN_POINT('Ctrl Pts',(9.7851224279359,-28.3770974449633,-3.00389377010642));
#6816=CARTESIAN_POINT('Ctrl Pts',(-46.2176010500206,-28.8658258086778,-3.00389377010642));
#6817=CARTESIAN_POINT('Ctrl Pts',(9.78513544874017,-28.3785894813472,-2.99764482146828));
#6818=CARTESIAN_POINT('Ctrl Pts',(-46.2175880292163,-28.8673178450617,-2.99764482146828));
#6819=CARTESIAN_POINT('Ctrl Pts',(9.78518738576394,-28.3845408747931,-2.97003231043349));
#6820=CARTESIAN_POINT('Ctrl Pts',(-46.2175360921925,-28.8732692385076,-2.97003231043349));
#6821=CARTESIAN_POINT('Ctrl Pts',(9.78518910479767,-28.3847378565475,-2.96188636245702));
#6822=CARTESIAN_POINT('Ctrl Pts',(-46.2175343731588,-28.8734662202621,-2.96188636245702));
#6823=CARTESIAN_POINT('Ctrl Pts',(9.78524071686426,-28.3906520135885,-2.89847886360597));
#6824=CARTESIAN_POINT('Ctrl Pts',(-46.2174827610922,-28.879380377303,-2.89847886360597));
#6825=CARTESIAN_POINT('Ctrl Pts',(9.78525047814002,-28.391770545001,-2.83160805725572));
#6826=CARTESIAN_POINT('Ctrl Pts',(-46.2174729998165,-28.8804989087156,-2.83160805725572));
#6827=CARTESIAN_POINT('Ctrl Pts',(9.78529249189636,-28.3965848446279,-2.58883287727926));
#6828=CARTESIAN_POINT('Ctrl Pts',(-46.2174309860601,-28.8853132083424,-2.58883287727926));
#6829=CARTESIAN_POINT('Ctrl Pts',(9.78531199985838,-28.3988202356622,-2.42263330648541));
#6830=CARTESIAN_POINT('Ctrl Pts',(-46.2174114780981,-28.8875485993768,-2.42263330648541));
#6831=CARTESIAN_POINT('Ctrl Pts',(9.78534562987464,-28.4026738538285,-2.02332229811677));
#6832=CARTESIAN_POINT('Ctrl Pts',(-46.2173778480819,-28.891402217543,-2.02332229811677));
#6833=CARTESIAN_POINT('Ctrl Pts',(9.7853601406113,-28.404336619556,-1.78547983666385));
#6834=CARTESIAN_POINT('Ctrl Pts',(-46.2173633373452,-28.8930649832706,-1.78547983666385));
#6835=CARTESIAN_POINT('Ctrl Pts',(9.78538244059595,-28.4068919446935,-1.26850134523216));
#6836=CARTESIAN_POINT('Ctrl Pts',(-46.2173410373605,-28.895620308408,-1.26850134523216));
#6837=CARTESIAN_POINT('Ctrl Pts',(9.78539050717454,-28.4078162830452,-0.982967956618265));
#6838=CARTESIAN_POINT('Ctrl Pts',(-46.2173329707819,-28.8965446467597,-0.982967956618265));
#6839=CARTESIAN_POINT('Ctrl Pts',(9.78539927740705,-28.4088212521507,-0.400285027952051));
#6840=CARTESIAN_POINT('Ctrl Pts',(-46.2173242005494,-28.8975496158653,-0.400285027952051));
#6841=CARTESIAN_POINT('Ctrl Pts',(9.78540008844102,-28.408914187438,-0.0958829676251101));
#6842=CARTESIAN_POINT('Ctrl Pts',(-46.2173233895155,-28.8976425511525,-0.0958829676251101));
#6843=CARTESIAN_POINT('Ctrl Pts',(9.78539443739854,-28.4082666421084,0.4937866145075));
#6844=CARTESIAN_POINT('Ctrl Pts',(-46.217329040558,-28.896995005823,0.4937866145075));
#6845=CARTESIAN_POINT('Ctrl Pts',(9.78538789702693,-28.4075171897544,0.786386826626943));
#6846=CARTESIAN_POINT('Ctrl Pts',(-46.2173355809296,-28.8962455534689,0.786386826626943));
#6847=CARTESIAN_POINT('Ctrl Pts',(9.78536832504595,-28.4052744628739,1.32413804193154));
#6848=CARTESIAN_POINT('Ctrl Pts',(-46.2173551529105,-28.8940028265885,1.32413804193154));
#6849=CARTESIAN_POINT('Ctrl Pts',(9.78535502066192,-28.4037499314669,1.57582742498987));
#6850=CARTESIAN_POINT('Ctrl Pts',(-46.2173684572946,-28.8924782951815,1.57582742498987));
#6851=CARTESIAN_POINT('Ctrl Pts',(9.78532261549381,-28.4000366669957,2.01658690274147));
#6852=CARTESIAN_POINT('Ctrl Pts',(-46.2174008624627,-28.8887650307102,2.01658690274147));
#6853=CARTESIAN_POINT('Ctrl Pts',(9.78530282896348,-28.3977693551943,2.2078075181002));
#6854=CARTESIAN_POINT('Ctrl Pts',(-46.217420648993,-28.8864977189088,2.2078075181002));
#6855=CARTESIAN_POINT('Ctrl Pts',(9.78526782383389,-28.3937581646473,2.43839973829341));
#6856=CARTESIAN_POINT('Ctrl Pts',(-46.2174556541226,-28.8824865283619,2.43839973829341));
#6857=CARTESIAN_POINT('Ctrl Pts',(9.78525356228099,-28.3921239525519,2.50916394308197));
#6858=CARTESIAN_POINT('Ctrl Pts',(-46.2174699156755,-28.8808523162664,2.50916394308197));
#6859=CARTESIAN_POINT('Ctrl Pts',(9.78522823003297,-28.3892211644466,2.59520391199877));
#6860=CARTESIAN_POINT('Ctrl Pts',(-46.2174952479235,-28.8779495281611,2.59520391199877));
#6861=CARTESIAN_POINT('Ctrl Pts',(9.78521903078175,-28.3881670346671,2.62022626501055));
#6862=CARTESIAN_POINT('Ctrl Pts',(-46.2175044471747,-28.8768953983816,2.62022626501055));
#6863=CARTESIAN_POINT('Ctrl Pts',(9.7851987641786,-28.3858447119688,2.65043885627218));
#6864=CARTESIAN_POINT('Ctrl Pts',(-46.2175247137779,-28.8745730756833,2.65043885627218));
#6865=CARTESIAN_POINT('Ctrl Pts',(9.7851935865434,-28.3852514137412,2.65762921182251));
#6866=CARTESIAN_POINT('Ctrl Pts',(-46.2175298914131,-28.8739797774557,2.65762921182251));
#6867=CARTESIAN_POINT('Ctrl Pts',(9.7851767599219,-28.3833232738973,2.67241025565288));
#6868=CARTESIAN_POINT('Ctrl Pts',(-46.2175467180346,-28.8720516376119,2.67241025565288));
#6869=CARTESIAN_POINT('Ctrl Pts',(9.78517029828941,-28.3825828441522,2.67764075723869));
#6870=CARTESIAN_POINT('Ctrl Pts',(-46.2175531796671,-28.8713112078668,2.67764075723869));
#6871=CARTESIAN_POINT('Ctrl Pts',(9.78515097784209,-28.3803689401749,2.68950768404469));
#6872=CARTESIAN_POINT('Ctrl Pts',(-46.2175725001144,-28.8690973038894,2.68950768404469));
#6873=CARTESIAN_POINT('Ctrl Pts',(9.78514077620347,-28.3791999481758,2.69521215168141));
#6874=CARTESIAN_POINT('Ctrl Pts',(-46.217582701753,-28.8679283118904,2.69521215168141));
#6875=CARTESIAN_POINT('Ctrl Pts',(9.78510671518116,-28.375296941607,2.71052731592107));
#6876=CARTESIAN_POINT('Ctrl Pts',(-46.2176167627753,-28.8640253053216,2.71052731592107));
#6877=CARTESIAN_POINT('Ctrl Pts',(9.78507966780601,-28.3721976193994,2.72100383271422));
#6878=CARTESIAN_POINT('Ctrl Pts',(-46.2176438101505,-28.860925983114,2.72100383271422));
#6879=CARTESIAN_POINT('Ctrl Pts',(9.78501471081299,-28.3647542852522,2.74013451417149));
#6880=CARTESIAN_POINT('Ctrl Pts',(-46.2177087671435,-28.8534826489668,2.74013451417149));
#6881=CARTESIAN_POINT('Ctrl Pts',(9.78498356706267,-28.3611855649436,2.74821242326297));
#6882=CARTESIAN_POINT('Ctrl Pts',(-46.2177399108938,-28.8499139286581,2.74821242326297));
#6883=CARTESIAN_POINT('Ctrl Pts',(9.78490260084535,-28.3519077553938,2.7663700557474));
#6884=CARTESIAN_POINT('Ctrl Pts',(-46.2178208771111,-28.8406361191083,2.7663700557474));
#6885=CARTESIAN_POINT('Ctrl Pts',(9.78484961748949,-28.3458364641672,2.7765624307528));
#6886=CARTESIAN_POINT('Ctrl Pts',(-46.217873860467,-28.8345648278818,2.7765624307528));
#6887=CARTESIAN_POINT('Ctrl Pts',(9.78465997797768,-28.3241059284985,2.80766929723102));
#6888=CARTESIAN_POINT('Ctrl Pts',(-46.2180634999788,-28.812834292213,2.80766929723102));
#6889=CARTESIAN_POINT('Ctrl Pts',(9.78449469888815,-28.3051668207337,2.82751098021368));
#6890=CARTESIAN_POINT('Ctrl Pts',(-46.2182287790683,-28.7938951844482,2.82751098021368));
#6891=CARTESIAN_POINT('Ctrl Pts',(9.78412107275258,-28.2623535062056,2.8598571178461));
#6892=CARTESIAN_POINT('Ctrl Pts',(-46.2186024052039,-28.7510818699201,2.8598571178461));
#6893=CARTESIAN_POINT('Ctrl Pts',(9.78390761278929,-28.2378934171558,2.87284141794906));
#6894=CARTESIAN_POINT('Ctrl Pts',(-46.2188158651672,-28.7266217808703,2.87284141794906));
#6895=CARTESIAN_POINT('Ctrl Pts',(9.78345656629568,-28.1862086083078,2.89038256370764));
#6896=CARTESIAN_POINT('Ctrl Pts',(-46.2192669116608,-28.6749369720223,2.89038256370764));
#6897=CARTESIAN_POINT('Ctrl Pts',(9.78321273710913,-28.1582685509589,2.89500000002084));
#6898=CARTESIAN_POINT('Ctrl Pts',(-46.2195107408474,-28.6469969146734,2.89500000002084));
#6899=CARTESIAN_POINT('Ctrl Pts',(9.78297201035554,-28.1306839972152,2.89500000002084));
#6900=CARTESIAN_POINT('Ctrl Pts',(-46.2197514676009,-28.6194123609298,2.89500000002084));
#6901=CARTESIAN_POINT('',(-46.2148956812381,-28.6193699851241,-3.19499999997915));
#6902=CARTESIAN_POINT('',(9.78297201035554,-28.1306839972152,-3.19499999997916));
#6903=CARTESIAN_POINT('Ctrl Pts',(-46.2148956812381,-28.6193699851241,2.89500000002084));
#6904=CARTESIAN_POINT('Ctrl Pts',(-46.2146549544845,-28.6469545388678,2.89500000002084));
#6905=CARTESIAN_POINT('Ctrl Pts',(-46.2144111252979,-28.6748945962167,2.89038256370764));
#6906=CARTESIAN_POINT('Ctrl Pts',(-46.2139600788043,-28.7265794050647,2.87284141794906));
#6907=CARTESIAN_POINT('Ctrl Pts',(-46.213746618841,-28.7510394941145,2.8598571178461));
#6908=CARTESIAN_POINT('Ctrl Pts',(-46.2133729927054,-28.7938528086426,2.82751098021368));
#6909=CARTESIAN_POINT('Ctrl Pts',(-46.2132077136159,-28.8127919164074,2.80766929723102));
#6910=CARTESIAN_POINT('Ctrl Pts',(-46.2130180741041,-28.8345224520762,2.7765624307528));
#6911=CARTESIAN_POINT('Ctrl Pts',(-46.2129650907482,-28.8405937433027,2.7663700557474));
#6912=CARTESIAN_POINT('Ctrl Pts',(-46.2128841245309,-28.8498715528525,2.74821242326297));
#6913=CARTESIAN_POINT('Ctrl Pts',(-46.2128529807806,-28.8534402731611,2.74013451417149));
#6914=CARTESIAN_POINT('Ctrl Pts',(-46.2127880237876,-28.8608836073083,2.72100383271422));
#6915=CARTESIAN_POINT('Ctrl Pts',(-46.2127609764124,-28.8639829295159,2.71052731592107));
#6916=CARTESIAN_POINT('Ctrl Pts',(-46.2127269153901,-28.8678859360847,2.69521215168141));
#6917=CARTESIAN_POINT('Ctrl Pts',(-46.2127167137515,-28.8690549280838,2.68950768404469));
#6918=CARTESIAN_POINT('Ctrl Pts',(-46.2126973933042,-28.8712688320611,2.67764075723869));
#6919=CARTESIAN_POINT('Ctrl Pts',(-46.2126909316717,-28.8720092618062,2.67241025565288));
#6920=CARTESIAN_POINT('Ctrl Pts',(-46.2126741050502,-28.8739374016501,2.65762921182251));
#6921=CARTESIAN_POINT('Ctrl Pts',(-46.212668927415,-28.8745306998777,2.65043885627218));
#6922=CARTESIAN_POINT('Ctrl Pts',(-46.2126486608118,-28.876853022576,2.62022626501055));
#6923=CARTESIAN_POINT('Ctrl Pts',(-46.2126394615606,-28.8779071523555,2.59520391199877));
#6924=CARTESIAN_POINT('Ctrl Pts',(-46.2126141293126,-28.8808099404608,2.50916394308197));
#6925=CARTESIAN_POINT('Ctrl Pts',(-46.2125998677597,-28.8824441525562,2.43839973829341));
#6926=CARTESIAN_POINT('Ctrl Pts',(-46.2125648626301,-28.8864553431032,2.2078075181002));
#6927=CARTESIAN_POINT('Ctrl Pts',(-46.2125450760998,-28.8887226549046,2.01658690274147));
#6928=CARTESIAN_POINT('Ctrl Pts',(-46.2125126709317,-28.8924359193759,1.57582742498987));
#6929=CARTESIAN_POINT('Ctrl Pts',(-46.2124993665476,-28.8939604507828,1.32413804193154));
#6930=CARTESIAN_POINT('Ctrl Pts',(-46.2124797945667,-28.8962031776633,0.786386826626943));
#6931=CARTESIAN_POINT('Ctrl Pts',(-46.2124732541951,-28.8969526300173,0.4937866145075));
#6932=CARTESIAN_POINT('Ctrl Pts',(-46.2124676031526,-28.8976001753469,-0.0958829676251101));
#6933=CARTESIAN_POINT('Ctrl Pts',(-46.2124684141865,-28.8975072400596,-0.400285027952051));
#6934=CARTESIAN_POINT('Ctrl Pts',(-46.2124771844191,-28.8965022709541,-0.982967956618265));
#6935=CARTESIAN_POINT('Ctrl Pts',(-46.2124852509977,-28.8955779326024,-1.26850134523216));
#6936=CARTESIAN_POINT('Ctrl Pts',(-46.2125075509823,-28.8930226074649,-1.78547983666385));
#6937=CARTESIAN_POINT('Ctrl Pts',(-46.212522061719,-28.8913598417374,-2.02332229811677));
#6938=CARTESIAN_POINT('Ctrl Pts',(-46.2125556917352,-28.8875062235711,-2.42263330648541));
#6939=CARTESIAN_POINT('Ctrl Pts',(-46.2125751996972,-28.8852708325368,-2.58883287727926));
#6940=CARTESIAN_POINT('Ctrl Pts',(-46.2126172134536,-28.8804565329099,-2.83160805725572));
#6941=CARTESIAN_POINT('Ctrl Pts',(-46.2126269747293,-28.8793380014974,-2.89847886360597));
#6942=CARTESIAN_POINT('Ctrl Pts',(-46.2126785867959,-28.8734238444564,-2.96188636245702));
#6943=CARTESIAN_POINT('Ctrl Pts',(-46.2126803058297,-28.873226862702,-2.97003231043349));
#6944=CARTESIAN_POINT('Ctrl Pts',(-46.2127322428534,-28.8672754692561,-2.99764482146828));
#6945=CARTESIAN_POINT('Ctrl Pts',(-46.2127452636577,-28.8657834328722,-3.00389377010642));
#6946=CARTESIAN_POINT('Ctrl Pts',(-46.2127892255548,-28.8607458984207,-3.02111148717172));
#6947=CARTESIAN_POINT('Ctrl Pts',(-46.2128262706405,-28.8565009520614,-3.03329069849616));
#6948=CARTESIAN_POINT('Ctrl Pts',(-46.212917867851,-28.8460049513587,-3.05634638471896));
#6949=CARTESIAN_POINT('Ctrl Pts',(-46.2129688236489,-28.8401659952596,-3.06723190035955));
#6950=CARTESIAN_POINT('Ctrl Pts',(-46.2131083214432,-28.8241811313154,-3.092216280334));
#6951=CARTESIAN_POINT('Ctrl Pts',(-46.2132050179192,-28.8131008126591,-3.10622553497274));
#6952=CARTESIAN_POINT('Ctrl Pts',(-46.2134574790441,-28.7841716331434,-3.13569957657873));
#6953=CARTESIAN_POINT('Ctrl Pts',(-46.2136251433307,-28.7649592088684,-3.1504839570477));
#6954=CARTESIAN_POINT('Ctrl Pts',(-46.2140077717475,-28.7211143350809,-3.17523581966998));
#6955=CARTESIAN_POINT('Ctrl Pts',(-46.2142307323119,-28.6955655849794,-3.18475753997601));
#6956=CARTESIAN_POINT('Ctrl Pts',(-46.2146020172567,-28.6530205443354,-3.19331915690536));
#6957=CARTESIAN_POINT('Ctrl Pts',(-46.2147492032472,-28.6361547003652,-3.19499999997916));
#6958=CARTESIAN_POINT('Ctrl Pts',(-46.2148956812381,-28.6193699851241,-3.19499999997916));
#6959=CARTESIAN_POINT('Origin',(9.78124340883582,-27.9326058824593,-3.19499999997916));
#6960=CARTESIAN_POINT('',(-46.2166242827578,-28.4212918703682,-3.19499999997915));
#6961=CARTESIAN_POINT('',(9.78124340883582,-27.9326058824593,-3.19499999997916));
#6962=CARTESIAN_POINT('',(-46.2166242827578,-28.4212918703682,-3.19499999997916));
#6963=CARTESIAN_POINT('Origin',(9.78124340883583,-27.9326058824593,-9.0205371870223));
#6964=CARTESIAN_POINT('',(-46.2166242827578,-28.4212918703682,-9.0205371870223));
#6965=CARTESIAN_POINT('',(9.78124340883583,-27.9326058824593,-9.0205371870223));
#6966=CARTESIAN_POINT('',(-46.2166242827578,-28.4212918703682,-3.19499999997916));
#6967=CARTESIAN_POINT('Origin',(9.77947192212966,-27.7296136120773,-9.0205371870223));
#6968=CARTESIAN_POINT('',(-46.2180876828942,-28.2536028241351,-9.22044363376016));
#6969=CARTESIAN_POINT('',(9.77978000869939,-27.7649168362262,-9.22044363376016));
#6970=CARTESIAN_POINT('Origin',(-46.2183957694639,-28.2182995999862,-9.0205371870223));
#6971=CARTESIAN_POINT('Origin',(9.76480259856961,-26.0486756270214,-9.52355248565381));
#6972=CARTESIAN_POINT('',(-46.233065093024,-26.5373616149303,-9.52355248565381));
#6973=CARTESIAN_POINT('',(9.76480259856961,-26.0486756270214,-9.52355248565381));
#6974=CARTESIAN_POINT('',(-46.2180876828942,-28.2536028241351,-9.22044363376016));
#6975=CARTESIAN_POINT('Origin',(9.76480259856961,-26.0486756270214,-10.0418547628477));
#6976=CARTESIAN_POINT('',(-16.6752865003571,-26.2794147889636,-10.0418547628477));
#6977=CARTESIAN_POINT('',(9.76480259856961,-26.0486756270214,-10.0418547628477));
#6978=CARTESIAN_POINT('',(-18.4282134996429,-26.2947123511333,-10.0418547628477));
#6979=CARTESIAN_POINT('Origin',(-17.55175,-26.2870635700485,-10.5537499999792));
#6980=CARTESIAN_POINT('',(-46.233065093024,-26.5373616149304,-10.0418547628477));
#6981=CARTESIAN_POINT('',(9.76480259856961,-26.0486756270214,-10.0418547628477));
#6982=CARTESIAN_POINT('',(-46.233065093024,-26.5373616149303,-10.0418547628477));
#6983=CARTESIAN_POINT('Origin',(-13.2343216319063,-26.249385943484,-10.0418547628477));
#6984=CARTESIAN_POINT('',(-16.6752865003571,-26.3783344626893,-10.0418547628477));
#6985=CARTESIAN_POINT('',(-13.2334584387311,-26.3482980842369,-10.0418547628477));
#6986=CARTESIAN_POINT('',(-16.6752865003571,-28.6965,-10.0418547628477));
#6987=CARTESIAN_POINT('Origin',(-13.234321623929,-26.2493868575917,-10.0421511965181));
#6988=CARTESIAN_POINT('',(-16.6751134365934,-26.2794141928363,-10.0421511965181));
#6989=CARTESIAN_POINT('',(9.7648026065469,-26.0486765411291,-10.0421511965181));
#6990=CARTESIAN_POINT('',(-16.6752243408621,-26.3424751484062,-10.0419622222153));
#6991=CARTESIAN_POINT('Origin',(12.6274450574985,-10.2959703581345,-0.181693053357914));
#6992=CARTESIAN_POINT('',(12.6928940737362,-17.7956847811158,-0.181693053357915));
#6993=CARTESIAN_POINT('Origin',(12.6274450574985,-10.2959703581345,-0.181693053357914));
#6994=CARTESIAN_POINT('',(9.69300830454374,-17.8218643876109,-0.181693053357915));
#6995=CARTESIAN_POINT('',(12.6928940737362,-17.7956847811158,-0.181693053357913));
#6996=CARTESIAN_POINT('Origin',(9.62755928830595,-10.3221499646297,-0.181693053357914));
#6997=CARTESIAN_POINT('Ctrl Pts',(8.2648654846589,-26.0624266853367,10.4283753492458));
#6998=CARTESIAN_POINT('Ctrl Pts',(9.76480836925516,-26.0493368820891,10.4283753492458));
#6999=CARTESIAN_POINT('Ctrl Pts',(8.26486646141856,-26.0625386109067,10.3127744450142));
#7000=CARTESIAN_POINT('Ctrl Pts',(9.76480934601481,-26.0494488076592,10.3127744450142));
#7001=CARTESIAN_POINT('Ctrl Pts',(8.26486645872702,-26.062538302487,10.1949347423756));
#7002=CARTESIAN_POINT('Ctrl Pts',(9.76480934332328,-26.0494484992394,10.1949347423756));
#7003=CARTESIAN_POINT('Ctrl Pts',(8.26486548183959,-26.0624263622747,10.0791246346531));
#7004=CARTESIAN_POINT('Ctrl Pts',(9.76480836643584,-26.0493365590272,10.0791246346531));
#7005=CARTESIAN_POINT('',(8.26486548183959,-26.0624263622747,10.0791246346531));
#7006=CARTESIAN_POINT('Ctrl Pts',(8.26486548183959,-26.0624263622747,10.0791246346531));
#7007=CARTESIAN_POINT('Ctrl Pts',(8.26572717681548,-26.0624236117414,10.0840585058605));
#7008=CARTESIAN_POINT('Ctrl Pts',(8.2665526241801,-26.0624209790134,10.0890003119012));
#7009=CARTESIAN_POINT('Ctrl Pts',(8.267341685049,-26.0624184641493,10.0939496670511));
#7010=CARTESIAN_POINT('Ctrl Pts',(8.2850230444066,-26.062362110808,10.2048553404192));
#7011=CARTESIAN_POINT('Ctrl Pts',(8.28416549921245,-26.062365258954,10.317867805575));
#7012=CARTESIAN_POINT('Ctrl Pts',(8.2648654846589,-26.0624266853367,10.4283753492458));
#7013=CARTESIAN_POINT('',(9.76480836925516,-26.0493368820891,10.4283753492458));
#7014=CARTESIAN_POINT('',(8.2648654846589,-26.0624266853367,10.4283753492458));
#7015=CARTESIAN_POINT('',(9.76480836643584,-26.0493365590272,10.0791246346531));
#7016=CARTESIAN_POINT('Ctrl Pts',(9.76480836925516,-26.0493368820891,10.4283753492458));
#7017=CARTESIAN_POINT('Ctrl Pts',(9.76480934601481,-26.0494488076592,10.3127744450142));
#7018=CARTESIAN_POINT('Ctrl Pts',(9.76480934332328,-26.0494484992394,10.1949347423756));
#7019=CARTESIAN_POINT('Ctrl Pts',(9.76480836643584,-26.0493365590272,10.0791246346531));
#7020=CARTESIAN_POINT('',(8.26486548183959,-26.0624263622747,10.0791246346531));
#7021=CARTESIAN_POINT('Ctrl Pts',(8.26486547783797,-26.0624259037348,-10.3791246116991));
#7022=CARTESIAN_POINT('Ctrl Pts',(9.76480836243422,-26.0493361004872,-10.3791246116991));
#7023=CARTESIAN_POINT('Ctrl Pts',(8.26486595309275,-26.0624803625387,-10.4347318345732));
#7024=CARTESIAN_POINT('Ctrl Pts',(9.764808837689,-26.0493905592911,-10.4347318345732));
#7025=CARTESIAN_POINT('Ctrl Pts',(8.26486620383482,-26.0625090947346,-10.4905834224118));
#7026=CARTESIAN_POINT('Ctrl Pts',(9.76480908843108,-26.0494192914871,-10.4905834224118));
#7027=CARTESIAN_POINT('Ctrl Pts',(8.2648662461887,-26.0625139480086,-10.6068459525816));
#7028=CARTESIAN_POINT('Ctrl Pts',(9.76480913078496,-26.049424144761,-10.6068459525816));
#7029=CARTESIAN_POINT('Ctrl Pts',(8.26486599497525,-26.0624851617982,-10.667766389872));
#7030=CARTESIAN_POINT('Ctrl Pts',(9.76480887957151,-26.0493953585507,-10.667766389872));
#7031=CARTESIAN_POINT('Ctrl Pts',(8.26486547761346,-26.0624258780085,-10.7283753895448));
#7032=CARTESIAN_POINT('Ctrl Pts',(9.76480836220971,-26.0493360747609,-10.7283753895448));
#7033=CARTESIAN_POINT('',(8.26486547761346,-26.0624258780085,-10.7283753895448));
#7034=CARTESIAN_POINT('',(8.26486547783797,-26.0624259037348,-10.3791246116991));
#7035=CARTESIAN_POINT('Ctrl Pts',(8.26486547761346,-26.0624258780085,-10.7283753895448));
#7036=CARTESIAN_POINT('Ctrl Pts',(8.274823289534,-26.0623947512729,-10.6713592111031));
#7037=CARTESIAN_POINT('Ctrl Pts',(8.27989971934012,-26.0623797374298,-10.6135164282079));
#7038=CARTESIAN_POINT('Ctrl Pts',(8.27999852916137,-26.0623795025853,-10.5554781092259));
#7039=CARTESIAN_POINT('Ctrl Pts',(8.28000378476854,-26.0623794900941,-10.5523911022749));
#7040=CARTESIAN_POINT('Ctrl Pts',(8.2799949582804,-26.0623795194999,-10.5493035540722));
#7041=CARTESIAN_POINT('Ctrl Pts',(8.27997203521571,-26.0623795906314,-10.5462155634234));
#7042=CARTESIAN_POINT('Ctrl Pts',(8.2799117642838,-26.0623797776554,-10.5380964014963));
#7043=CARTESIAN_POINT('Ctrl Pts',(8.27975404275451,-26.0623802526066,-10.529974089856));
#7044=CARTESIAN_POINT('Ctrl Pts',(8.27949860204688,-26.0623810206749,-10.5218503592286));
#7045=CARTESIAN_POINT('Ctrl Pts',(8.27935417731109,-26.0623814549363,-10.5172572477377));
#7046=CARTESIAN_POINT('Ctrl Pts',(8.27917851460898,-26.0623819829015,-10.5126636825993));
#7047=CARTESIAN_POINT('Ctrl Pts',(8.27897156539738,-26.0623826055299,-10.5080699762301));
#7048=CARTESIAN_POINT('Ctrl Pts',(8.27701978287547,-26.0623884776717,-10.464745743521));
#7049=CARTESIAN_POINT('Ctrl Pts',(8.27229735469262,-26.062402724324,-10.4216778576829));
#7050=CARTESIAN_POINT('Ctrl Pts',(8.26486547783797,-26.0624259037348,-10.3791246116991));
#7051=CARTESIAN_POINT('',(9.76480836243422,-26.0493361004872,-10.379124611699));
#7052=CARTESIAN_POINT('',(8.26486547783797,-26.0624259037348,-10.3791246116991));
#7053=CARTESIAN_POINT('',(9.76480836220971,-26.0493360747609,-10.7283753895448));
#7054=CARTESIAN_POINT('Ctrl Pts',(9.76480836243422,-26.0493361004872,-10.3791246116991));
#7055=CARTESIAN_POINT('Ctrl Pts',(9.764808837689,-26.0493905592911,-10.4347318345732));
#7056=CARTESIAN_POINT('Ctrl Pts',(9.76480908843108,-26.0494192914871,-10.4905834224118));
#7057=CARTESIAN_POINT('Ctrl Pts',(9.76480913078496,-26.049424144761,-10.6068459525816));
#7058=CARTESIAN_POINT('Ctrl Pts',(9.76480887957151,-26.0493953585507,-10.667766389872));
#7059=CARTESIAN_POINT('Ctrl Pts',(9.76480836220971,-26.0493360747609,-10.7283753895448));
#7060=CARTESIAN_POINT('',(8.26486547761346,-26.0624258780085,-10.7283753895448));
#7061=CARTESIAN_POINT('Ctrl Pts',(7.99375146867277,5.00416243765448,-12.5022034580449));
#7062=CARTESIAN_POINT('Ctrl Pts',(9.49369435326903,5.01725224090204,-12.5022034580449));
#7063=CARTESIAN_POINT('Ctrl Pts',(7.99371155095894,5.00873655459829,-12.5021395833432));
#7064=CARTESIAN_POINT('Ctrl Pts',(9.4936544355552,5.02182635784585,-12.5021395833432));
#7065=CARTESIAN_POINT('Ctrl Pts',(7.99367163489687,5.01331048226979,-12.5019472380388));
#7066=CARTESIAN_POINT('Ctrl Pts',(9.49361451949313,5.02640028551734,-12.5019472380388));
#7067=CARTESIAN_POINT('Ctrl Pts',(7.99359186584548,5.02245111019095,-12.5013155151205));
#7068=CARTESIAN_POINT('Ctrl Pts',(9.49353475044173,5.03554091343851,-12.5013155151205));
#7069=CARTESIAN_POINT('Ctrl Pts',(7.99355198258869,5.02702127874937,-12.5008751798856));
#7070=CARTESIAN_POINT('Ctrl Pts',(9.49349486718494,5.04011108199693,-12.5008751798856));
#7071=CARTESIAN_POINT('Ctrl Pts',(7.99351224376309,5.03157489713271,-12.5003156856298));
#7072=CARTESIAN_POINT('Ctrl Pts',(9.49345512835934,5.04466470038027,-12.5003156856298));
#7073=CARTESIAN_POINT('',(7.99375146867274,5.00416243765448,-12.5022034580449));
#7074=CARTESIAN_POINT('',(7.99351222484093,5.03157706539358,-12.500333370301));
#7075=CARTESIAN_POINT('Ctrl Pts',(7.99375146867277,5.00416243765448,-12.5022034580449));
#7076=CARTESIAN_POINT('Ctrl Pts',(7.99371155095894,5.00873655459829,-12.5021395833432));
#7077=CARTESIAN_POINT('Ctrl Pts',(7.99367163489687,5.01331048226979,-12.5019472380388));
#7078=CARTESIAN_POINT('Ctrl Pts',(7.99359186585831,5.02245110872068,-12.5013155152221));
#7079=CARTESIAN_POINT('Ctrl Pts',(7.99355198261431,5.02702127581317,-12.5008751801685));
#7080=CARTESIAN_POINT('Ctrl Pts',(7.99351224380138,5.03157489274436,-12.500315686169));
#7081=CARTESIAN_POINT('',(9.493694353269,5.01725224090204,-12.5022034580449));
#7082=CARTESIAN_POINT('',(7.99375146867274,5.00416243765448,-12.5022034580449));
#7083=CARTESIAN_POINT('',(9.49345510943719,5.04466686864114,-12.500333370301));
#7084=CARTESIAN_POINT('Ctrl Pts',(9.49369435326903,5.01725224090204,-12.5022034580449));
#7085=CARTESIAN_POINT('Ctrl Pts',(9.4936544355552,5.02182635784585,-12.5021395833432));
#7086=CARTESIAN_POINT('Ctrl Pts',(9.49361451949313,5.02640028551734,-12.5019472380388));
#7087=CARTESIAN_POINT('Ctrl Pts',(9.49353475045456,5.03554091196824,-12.5013155152221));
#7088=CARTESIAN_POINT('Ctrl Pts',(9.49349486721057,5.04011107906073,-12.5008751801685));
#7089=CARTESIAN_POINT('Ctrl Pts',(9.49345512839764,5.04466469599191,-12.500315686169));
#7090=CARTESIAN_POINT('',(7.99351222484093,5.03157706539358,-12.500333370301));
#7091=CARTESIAN_POINT('Ctrl Pts',(8.26486547761343,-26.0624258780085,-10.7283753895448));
#7092=CARTESIAN_POINT('Ctrl Pts',(9.76480836220969,-26.0493360747609,-10.7283753895448));
#7093=CARTESIAN_POINT('Ctrl Pts',(8.26486055358238,-26.0618616399371,-11.3052262496264));
#7094=CARTESIAN_POINT('Ctrl Pts',(9.76480343817864,-26.0487718366895,-11.3052262496264));
#7095=CARTESIAN_POINT('Ctrl Pts',(8.26483110207071,-26.0584868309642,-11.8379892097541));
#7096=CARTESIAN_POINT('Ctrl Pts',(9.76477398666697,-26.0453970277166,-11.8379892097541));
#7097=CARTESIAN_POINT('Ctrl Pts',(8.26476736811746,-26.0511836432935,-12.1252477864806));
#7098=CARTESIAN_POINT('Ctrl Pts',(9.76471025271372,-26.038093840046,-12.1252477864806));
#7099=CARTESIAN_POINT('Ctrl Pts',(8.26475123180886,-26.0493346054625,-12.1413944157381));
#7100=CARTESIAN_POINT('Ctrl Pts',(9.76469411640511,-26.0362448022149,-12.1413944157381));
#7101=CARTESIAN_POINT('Ctrl Pts',(8.2647208679991,-26.0458552574891,-12.1641524007838));
#7102=CARTESIAN_POINT('Ctrl Pts',(9.76466375259535,-26.0327654542416,-12.1641524007838));
#7103=CARTESIAN_POINT('Ctrl Pts',(8.26469057968994,-26.042384561038,-12.184508272475));
#7104=CARTESIAN_POINT('Ctrl Pts',(9.76463346428619,-26.0292947577904,-12.184508272475));
#7105=CARTESIAN_POINT('Ctrl Pts',(8.26452717361443,-26.0236600794232,-12.2271149096767));
#7106=CARTESIAN_POINT('Ctrl Pts',(9.76447005821069,-26.0105702761756,-12.2271149096767));
#7107=CARTESIAN_POINT('Ctrl Pts',(8.26440952182251,-26.0101785194014,-12.2500611698174));
#7108=CARTESIAN_POINT('Ctrl Pts',(9.76435240641876,-25.9970887161539,-12.2500611698174));
#7109=CARTESIAN_POINT('Ctrl Pts',(8.26408817174177,-25.973355447431,-12.2863413703831));
#7110=CARTESIAN_POINT('Ctrl Pts',(9.76403105633803,-25.9602656441835,-12.2863413703831));
#7111=CARTESIAN_POINT('Ctrl Pts',(8.26389940868103,-25.9517253431128,-12.3030685246734));
#7112=CARTESIAN_POINT('Ctrl Pts',(9.76384229327729,-25.9386355398652,-12.3030685246734));
#7113=CARTESIAN_POINT('Ctrl Pts',(8.26339825659282,-25.8942990018149,-12.3263957369559));
#7114=CARTESIAN_POINT('Ctrl Pts',(9.76334114118908,-25.8812091985673,-12.3263957369559));
#7115=CARTESIAN_POINT('Ctrl Pts',(8.26316728116553,-25.8678318393892,-12.3299999999792));
#7116=CARTESIAN_POINT('Ctrl Pts',(9.76311016576179,-25.8547420361417,-12.3299999999792));
#7117=CARTESIAN_POINT('Ctrl Pts',(8.26297493196992,-25.8457908047102,-12.3299999999792));
#7118=CARTESIAN_POINT('Ctrl Pts',(9.76291781656617,-25.8327010014626,-12.3299999999792));
#7119=CARTESIAN_POINT('',(8.26297493196994,-25.8457908047102,-12.3299999999792));
#7120=CARTESIAN_POINT('Ctrl Pts',(8.26486547761343,-26.0624258780085,-10.7283753895448));
#7121=CARTESIAN_POINT('Ctrl Pts',(8.26486055358238,-26.0618616399371,-11.3052262496264));
#7122=CARTESIAN_POINT('Ctrl Pts',(8.26483110207071,-26.0584868309642,-11.8379892097541));
#7123=CARTESIAN_POINT('Ctrl Pts',(8.26476736811746,-26.0511836432935,-12.1252477864806));
#7124=CARTESIAN_POINT('Ctrl Pts',(8.26475123180886,-26.0493346054625,-12.1413944157381));
#7125=CARTESIAN_POINT('Ctrl Pts',(8.2647208679991,-26.0458552574891,-12.1641524007838));
#7126=CARTESIAN_POINT('Ctrl Pts',(8.26469057968994,-26.042384561038,-12.184508272475));
#7127=CARTESIAN_POINT('Ctrl Pts',(8.26452717361443,-26.0236600794232,-12.2271149096767));
#7128=CARTESIAN_POINT('Ctrl Pts',(8.26440952182251,-26.0101785194014,-12.2500611698174));
#7129=CARTESIAN_POINT('Ctrl Pts',(8.26408817174177,-25.973355447431,-12.2863413703831));
#7130=CARTESIAN_POINT('Ctrl Pts',(8.26389940868103,-25.9517253431128,-12.3030685246734));
#7131=CARTESIAN_POINT('Ctrl Pts',(8.26339825659282,-25.8942990018149,-12.3263957369559));
#7132=CARTESIAN_POINT('Ctrl Pts',(8.26316728116553,-25.8678318393892,-12.3299999999792));
#7133=CARTESIAN_POINT('Ctrl Pts',(8.26297493196992,-25.8457908047102,-12.3299999999792));
#7134=CARTESIAN_POINT('',(9.7629178165662,-25.8327010014627,-12.3299999999792));
#7135=CARTESIAN_POINT('Ctrl Pts',(9.76480836220969,-26.0493360747609,-10.7283753895448));
#7136=CARTESIAN_POINT('Ctrl Pts',(9.76480343817864,-26.0487718366895,-11.3052262496264));
#7137=CARTESIAN_POINT('Ctrl Pts',(9.76477398666697,-26.0453970277166,-11.8379892097541));
#7138=CARTESIAN_POINT('Ctrl Pts',(9.76471025271372,-26.038093840046,-12.1252477864806));
#7139=CARTESIAN_POINT('Ctrl Pts',(9.76469411640511,-26.0362448022149,-12.1413944157381));
#7140=CARTESIAN_POINT('Ctrl Pts',(9.76466375259535,-26.0327654542416,-12.1641524007838));
#7141=CARTESIAN_POINT('Ctrl Pts',(9.76463346428619,-26.0292947577904,-12.184508272475));
#7142=CARTESIAN_POINT('Ctrl Pts',(9.76447005821069,-26.0105702761756,-12.2271149096767));
#7143=CARTESIAN_POINT('Ctrl Pts',(9.76435240641876,-25.9970887161539,-12.2500611698174));
#7144=CARTESIAN_POINT('Ctrl Pts',(9.76403105633803,-25.9602656441835,-12.2863413703831));
#7145=CARTESIAN_POINT('Ctrl Pts',(9.76384229327729,-25.9386355398652,-12.3030685246734));
#7146=CARTESIAN_POINT('Ctrl Pts',(9.76334114118908,-25.8812091985673,-12.3263957369559));
#7147=CARTESIAN_POINT('Ctrl Pts',(9.76311016576179,-25.8547420361417,-12.3299999999792));
#7148=CARTESIAN_POINT('Ctrl Pts',(9.76291781656617,-25.8327010014626,-12.3299999999792));
#7149=CARTESIAN_POINT('',(8.26297493196994,-25.8457908047102,-12.3299999999792));
#7150=CARTESIAN_POINT('Ctrl Pts',(8.26485972195062,-26.0617663443767,-10.0421511965181));
#7151=CARTESIAN_POINT('Ctrl Pts',(9.76480260654688,-26.0486765411291,-10.0421511965181));
#7152=CARTESIAN_POINT('Ctrl Pts',(8.2648626118405,-26.0620974929562,-10.1526541858606));
#7153=CARTESIAN_POINT('Ctrl Pts',(9.76480549643675,-26.0490076897087,-10.1526541858606));
#7154=CARTESIAN_POINT('Ctrl Pts',(8.26486450813857,-26.0623147871929,-10.2656648610901));
#7155=CARTESIAN_POINT('Ctrl Pts',(9.76480739273483,-26.0492249839453,-10.2656648610901));
#7156=CARTESIAN_POINT('Ctrl Pts',(8.26486547783794,-26.0624259037348,-10.3791246116991));
#7157=CARTESIAN_POINT('Ctrl Pts',(9.7648083624342,-26.0493361004872,-10.3791246116991));
#7158=CARTESIAN_POINT('',(8.26485972195065,-26.0617663443767,-10.0421511965181));
#7159=CARTESIAN_POINT('Ctrl Pts',(8.26485972195062,-26.0617663443767,-10.0421511965181));
#7160=CARTESIAN_POINT('Ctrl Pts',(8.2648626118405,-26.0620974929562,-10.1526541858606));
#7161=CARTESIAN_POINT('Ctrl Pts',(8.26486450813857,-26.0623147871929,-10.2656648610901));
#7162=CARTESIAN_POINT('Ctrl Pts',(8.26486547783794,-26.0624259037348,-10.3791246116991));
#7163=CARTESIAN_POINT('',(9.7648026065469,-26.0486765411291,-10.0421511965181));
#7164=CARTESIAN_POINT('',(8.26485972195065,-26.0617663443767,-10.0421511965181));
#7165=CARTESIAN_POINT('Ctrl Pts',(9.76480260654688,-26.0486765411291,-10.0421511965181));
#7166=CARTESIAN_POINT('Ctrl Pts',(9.76480549643675,-26.0490076897087,-10.1526541858606));
#7167=CARTESIAN_POINT('Ctrl Pts',(9.76480739273483,-26.0492249839453,-10.2656648610901));
#7168=CARTESIAN_POINT('Ctrl Pts',(9.7648083624342,-26.0493361004872,-10.3791246116991));
#7169=CARTESIAN_POINT('Ctrl Pts',(8.28302912575926,-28.1437738004628,2.89500000002084));
#7170=CARTESIAN_POINT('Ctrl Pts',(9.78297201035551,-28.1306839972152,2.89500000002084));
#7171=CARTESIAN_POINT('Ctrl Pts',(8.28322622532238,-28.1663591733426,2.89500000002084));
#7172=CARTESIAN_POINT('Ctrl Pts',(9.78316910991864,-28.153269370095,2.89500000002084));
#7173=CARTESIAN_POINT('Ctrl Pts',(8.28342507948469,-28.1891456034219,2.89190505036807));
#7174=CARTESIAN_POINT('Ctrl Pts',(9.78336796408095,-28.1760558001744,2.89190505036807));
#7175=CARTESIAN_POINT('Ctrl Pts',(8.2838042601939,-28.2325954090454,2.8800291127029));
#7176=CARTESIAN_POINT('Ctrl Pts',(9.78374714479016,-28.2195056057979,2.8800291127029));
#7177=CARTESIAN_POINT('Ctrl Pts',(8.283984089009,-28.2532017502211,2.87134795205776));
#7178=CARTESIAN_POINT('Ctrl Pts',(9.78392697360525,-28.2401119469735,2.87134795205776));
#7179=CARTESIAN_POINT('Ctrl Pts',(8.28446205715431,-28.3079714747972,2.83896384002592));
#7180=CARTESIAN_POINT('Ctrl Pts',(9.78440494175057,-28.2948816715497,2.83896384002592));
#7181=CARTESIAN_POINT('Ctrl Pts',(8.28466621798901,-28.3313659892523,2.81409094541406));
#7182=CARTESIAN_POINT('Ctrl Pts',(9.78460910258527,-28.3182761860047,2.81409094541406));
#7183=CARTESIAN_POINT('Ctrl Pts',(8.2849709303231,-28.3662825642932,2.76781010562614));
#7184=CARTESIAN_POINT('Ctrl Pts',(9.78491381491936,-28.3531927610456,2.76781010562614));
#7185=CARTESIAN_POINT('Ctrl Pts',(8.28509563338818,-28.3805721201837,2.73846714394572));
#7186=CARTESIAN_POINT('Ctrl Pts',(9.78503851798444,-28.3674823169362,2.73846714394572));
#7187=CARTESIAN_POINT('Ctrl Pts',(8.28522912395717,-28.3958686242889,2.68292861120227));
#7188=CARTESIAN_POINT('Ctrl Pts',(9.78517200855343,-28.3827788210413,2.68292861120227));
#7189=CARTESIAN_POINT('Ctrl Pts',(8.28525456249495,-28.3987835919935,2.65887939625207));
#7190=CARTESIAN_POINT('Ctrl Pts',(9.7851974470912,-28.3856937887459,2.65887939625207));
#7191=CARTESIAN_POINT('Ctrl Pts',(8.28529557597446,-28.403483271248,2.5769691255742));
#7192=CARTESIAN_POINT('Ctrl Pts',(9.78523846057072,-28.3903934680005,2.5769691255742));
#7193=CARTESIAN_POINT('Ctrl Pts',(8.28531345814873,-28.405532365458,2.49547363971343));
#7194=CARTESIAN_POINT('Ctrl Pts',(9.78525634274499,-28.3924425622104,2.49547363971343));
#7195=CARTESIAN_POINT('Ctrl Pts',(8.28536944933394,-28.4119483197903,2.18094511808141));
#7196=CARTESIAN_POINT('Ctrl Pts',(9.7853123339302,-28.3988585165428,2.18094511808141));
#7197=CARTESIAN_POINT('Ctrl Pts',(8.28539605122853,-28.4149965949867,1.82025468755473));
#7198=CARTESIAN_POINT('Ctrl Pts',(9.78533893582479,-28.4019067917391,1.82025468755473));
#7199=CARTESIAN_POINT('Ctrl Pts',(8.28545916989068,-28.4222292772806,0.75841470145724));
#7200=CARTESIAN_POINT('Ctrl Pts',(9.78540205448694,-28.4091394740331,0.75841470145724));
#7201=CARTESIAN_POINT('Ctrl Pts',(8.28546675851883,-28.4230988479271,-0.243434411602878));
#7202=CARTESIAN_POINT('Ctrl Pts',(9.78540964311509,-28.4100090446796,-0.243434411602878));
#7203=CARTESIAN_POINT('Ctrl Pts',(8.28543033534421,-28.4189251655143,-1.57611795970698));
#7204=CARTESIAN_POINT('Ctrl Pts',(9.78537321994047,-28.4058353622667,-1.57611795970698));
#7205=CARTESIAN_POINT('Ctrl Pts',(8.28539120534449,-28.4144413116428,-2.66959750917218));
#7206=CARTESIAN_POINT('Ctrl Pts',(9.78533408994075,-28.4013515083952,-2.66959750917218));
#7207=CARTESIAN_POINT('Ctrl Pts',(8.2852579203463,-28.3991683636169,-2.95935636213401));
#7208=CARTESIAN_POINT('Ctrl Pts',(9.78520080494255,-28.3860785603693,-2.95935636213401));
#7209=CARTESIAN_POINT('Ctrl Pts',(8.2852265604399,-28.3955748742723,-2.97852433817241));
#7210=CARTESIAN_POINT('Ctrl Pts',(9.78516944503616,-28.3824850710247,-2.97852433817241));
#7211=CARTESIAN_POINT('Ctrl Pts',(8.28517094262591,-28.3892017040435,-3.01242866119794));
#7212=CARTESIAN_POINT('Ctrl Pts',(9.78511382722217,-28.3761119007959,-3.01242866119794));
#7213=CARTESIAN_POINT('Ctrl Pts',(8.28509687144483,-28.3807139873906,-3.03359764774957));
#7214=CARTESIAN_POINT('Ctrl Pts',(9.78503975604108,-28.3676241841431,-3.03359764774957));
#7215=CARTESIAN_POINT('Ctrl Pts',(8.28496887557721,-28.3660471136982,-3.06612196220612));
#7216=CARTESIAN_POINT('Ctrl Pts',(9.78491176017347,-28.3529573104506,-3.06612196220612));
#7217=CARTESIAN_POINT('Ctrl Pts',(8.28482465174418,-28.3495206993544,-3.0948798667944));
#7218=CARTESIAN_POINT('Ctrl Pts',(9.78476753634044,-28.3364308961068,-3.0948798667944));
#7219=CARTESIAN_POINT('Ctrl Pts',(8.28442364131478,-28.3035694555616,-3.14010865865343));
#7220=CARTESIAN_POINT('Ctrl Pts',(9.78436652591104,-28.2904796523141,-3.14010865865343));
#7221=CARTESIAN_POINT('Ctrl Pts',(8.28418868658473,-28.2766463102043,-3.1611458472181));
#7222=CARTESIAN_POINT('Ctrl Pts',(9.78413157118099,-28.2635565069567,-3.1611458472181));
#7223=CARTESIAN_POINT('Ctrl Pts',(8.28357488608629,-28.2063117396393,-3.18973846697347));
#7224=CARTESIAN_POINT('Ctrl Pts',(9.78351777068255,-28.1932219363917,-3.18973846697347));
#7225=CARTESIAN_POINT('Ctrl Pts',(8.28328866815706,-28.1735144134781,-3.19499999997916));
#7226=CARTESIAN_POINT('Ctrl Pts',(9.78323155275331,-28.1604246102305,-3.19499999997916));
#7227=CARTESIAN_POINT('Ctrl Pts',(8.28302912575926,-28.1437738004628,-3.19499999997915));
#7228=CARTESIAN_POINT('Ctrl Pts',(9.78297201035551,-28.1306839972152,-3.19499999997915));
#7229=CARTESIAN_POINT('',(8.28302912575928,-28.1437738004628,2.89500000002085));
#7230=CARTESIAN_POINT('',(8.28302912575929,-28.1437738004628,-3.19499999997915));
#7231=CARTESIAN_POINT('Ctrl Pts',(8.28302912575926,-28.1437738004628,2.89500000002084));
#7232=CARTESIAN_POINT('Ctrl Pts',(8.28322622532238,-28.1663591733426,2.89500000002084));
#7233=CARTESIAN_POINT('Ctrl Pts',(8.28342507948469,-28.1891456034219,2.89190505036807));
#7234=CARTESIAN_POINT('Ctrl Pts',(8.2838042601939,-28.2325954090454,2.8800291127029));
#7235=CARTESIAN_POINT('Ctrl Pts',(8.283984089009,-28.2532017502211,2.87134795205776));
#7236=CARTESIAN_POINT('Ctrl Pts',(8.28446205715431,-28.3079714747972,2.83896384002592));
#7237=CARTESIAN_POINT('Ctrl Pts',(8.28466621798901,-28.3313659892523,2.81409094541406));
#7238=CARTESIAN_POINT('Ctrl Pts',(8.2849709303231,-28.3662825642932,2.76781010562614));
#7239=CARTESIAN_POINT('Ctrl Pts',(8.28509563338818,-28.3805721201837,2.73846714394572));
#7240=CARTESIAN_POINT('Ctrl Pts',(8.28522912395717,-28.3958686242889,2.68292861120227));
#7241=CARTESIAN_POINT('Ctrl Pts',(8.28525456249495,-28.3987835919935,2.65887939625207));
#7242=CARTESIAN_POINT('Ctrl Pts',(8.28529557597446,-28.403483271248,2.5769691255742));
#7243=CARTESIAN_POINT('Ctrl Pts',(8.28531345814873,-28.405532365458,2.49547363971343));
#7244=CARTESIAN_POINT('Ctrl Pts',(8.28536944933394,-28.4119483197903,2.18094511808141));
#7245=CARTESIAN_POINT('Ctrl Pts',(8.28539605122853,-28.4149965949867,1.82025468755473));
#7246=CARTESIAN_POINT('Ctrl Pts',(8.28545916989068,-28.4222292772806,0.75841470145724));
#7247=CARTESIAN_POINT('Ctrl Pts',(8.28546675851883,-28.4230988479271,-0.243434411602878));
#7248=CARTESIAN_POINT('Ctrl Pts',(8.28543033534421,-28.4189251655143,-1.57611795970698));
#7249=CARTESIAN_POINT('Ctrl Pts',(8.28539120534449,-28.4144413116428,-2.66959750917218));
#7250=CARTESIAN_POINT('Ctrl Pts',(8.2852579203463,-28.3991683636169,-2.95935636213401));
#7251=CARTESIAN_POINT('Ctrl Pts',(8.2852265604399,-28.3955748742723,-2.97852433817241));
#7252=CARTESIAN_POINT('Ctrl Pts',(8.28517094262591,-28.3892017040435,-3.01242866119794));
#7253=CARTESIAN_POINT('Ctrl Pts',(8.28509687144483,-28.3807139873906,-3.03359764774957));
#7254=CARTESIAN_POINT('Ctrl Pts',(8.28496887557721,-28.3660471136982,-3.06612196220612));
#7255=CARTESIAN_POINT('Ctrl Pts',(8.28482465174418,-28.3495206993544,-3.0948798667944));
#7256=CARTESIAN_POINT('Ctrl Pts',(8.28442364131478,-28.3035694555616,-3.14010865865343));
#7257=CARTESIAN_POINT('Ctrl Pts',(8.28418868658473,-28.2766463102043,-3.1611458472181));
#7258=CARTESIAN_POINT('Ctrl Pts',(8.28357488608629,-28.2063117396393,-3.18973846697347));
#7259=CARTESIAN_POINT('Ctrl Pts',(8.28328866815706,-28.1735144134781,-3.19499999997916));
#7260=CARTESIAN_POINT('Ctrl Pts',(8.28302912575926,-28.1437738004628,-3.19499999997915));
#7261=CARTESIAN_POINT('',(9.78297201035554,-28.1306839972153,2.89500000002086));
#7262=CARTESIAN_POINT('',(8.28302912575928,-28.1437738004628,2.89500000002085));
#7263=CARTESIAN_POINT('',(9.78297201035554,-28.1306839972153,-3.19499999997915));
#7264=CARTESIAN_POINT('Ctrl Pts',(9.78297201035551,-28.1306839972152,2.89500000002084));
#7265=CARTESIAN_POINT('Ctrl Pts',(9.78316910991864,-28.153269370095,2.89500000002084));
#7266=CARTESIAN_POINT('Ctrl Pts',(9.78336796408095,-28.1760558001744,2.89190505036807));
#7267=CARTESIAN_POINT('Ctrl Pts',(9.78374714479016,-28.2195056057979,2.8800291127029));
#7268=CARTESIAN_POINT('Ctrl Pts',(9.78392697360525,-28.2401119469735,2.87134795205776));
#7269=CARTESIAN_POINT('Ctrl Pts',(9.78440494175057,-28.2948816715497,2.83896384002592));
#7270=CARTESIAN_POINT('Ctrl Pts',(9.78460910258527,-28.3182761860047,2.81409094541406));
#7271=CARTESIAN_POINT('Ctrl Pts',(9.78491381491936,-28.3531927610456,2.76781010562614));
#7272=CARTESIAN_POINT('Ctrl Pts',(9.78503851798444,-28.3674823169362,2.73846714394572));
#7273=CARTESIAN_POINT('Ctrl Pts',(9.78517200855343,-28.3827788210413,2.68292861120227));
#7274=CARTESIAN_POINT('Ctrl Pts',(9.7851974470912,-28.3856937887459,2.65887939625207));
#7275=CARTESIAN_POINT('Ctrl Pts',(9.78523846057072,-28.3903934680005,2.5769691255742));
#7276=CARTESIAN_POINT('Ctrl Pts',(9.78525634274499,-28.3924425622104,2.49547363971343));
#7277=CARTESIAN_POINT('Ctrl Pts',(9.7853123339302,-28.3988585165428,2.18094511808141));
#7278=CARTESIAN_POINT('Ctrl Pts',(9.78533893582479,-28.4019067917391,1.82025468755473));
#7279=CARTESIAN_POINT('Ctrl Pts',(9.78540205448694,-28.4091394740331,0.75841470145724));
#7280=CARTESIAN_POINT('Ctrl Pts',(9.78540964311509,-28.4100090446796,-0.243434411602878));
#7281=CARTESIAN_POINT('Ctrl Pts',(9.78537321994047,-28.4058353622667,-1.57611795970698));
#7282=CARTESIAN_POINT('Ctrl Pts',(9.78533408994075,-28.4013515083952,-2.66959750917218));
#7283=CARTESIAN_POINT('Ctrl Pts',(9.78520080494255,-28.3860785603693,-2.95935636213401));
#7284=CARTESIAN_POINT('Ctrl Pts',(9.78516944503616,-28.3824850710247,-2.97852433817241));
#7285=CARTESIAN_POINT('Ctrl Pts',(9.78511382722217,-28.3761119007959,-3.01242866119794));
#7286=CARTESIAN_POINT('Ctrl Pts',(9.78503975604108,-28.3676241841431,-3.03359764774957));
#7287=CARTESIAN_POINT('Ctrl Pts',(9.78491176017347,-28.3529573104506,-3.06612196220612));
#7288=CARTESIAN_POINT('Ctrl Pts',(9.78476753634044,-28.3364308961068,-3.0948798667944));
#7289=CARTESIAN_POINT('Ctrl Pts',(9.78436652591104,-28.2904796523141,-3.14010865865343));
#7290=CARTESIAN_POINT('Ctrl Pts',(9.78413157118099,-28.2635565069567,-3.1611458472181));
#7291=CARTESIAN_POINT('Ctrl Pts',(9.78351777068255,-28.1932219363917,-3.18973846697347));
#7292=CARTESIAN_POINT('Ctrl Pts',(9.78323155275331,-28.1604246102305,-3.19499999997916));
#7293=CARTESIAN_POINT('Ctrl Pts',(9.78297201035551,-28.1306839972152,-3.19499999997915));
#7294=CARTESIAN_POINT('',(8.28302912575929,-28.1437738004628,-3.19499999997915));
#7295=CARTESIAN_POINT('Ctrl Pts',(8.26486548183956,-26.0624263622747,10.0791246346531));
#7296=CARTESIAN_POINT('Ctrl Pts',(9.76480836643582,-26.0493365590272,10.0791246346531));
#7297=CARTESIAN_POINT('Ctrl Pts',(8.26486450603195,-26.0623145457982,9.96344254035393));
#7298=CARTESIAN_POINT('Ctrl Pts',(9.76480739062821,-26.0492247425507,9.96344254035393));
#7299=CARTESIAN_POINT('Ctrl Pts',(8.26486254989362,-26.0620903945476,9.85028547242254));
#7300=CARTESIAN_POINT('Ctrl Pts',(9.76480543448988,-26.0490005913,9.85028547242254));
#7301=CARTESIAN_POINT('Ctrl Pts',(8.26485972195067,-26.0617663443825,9.74215119632754));
#7302=CARTESIAN_POINT('Ctrl Pts',(9.76480260654693,-26.048676541135,9.74215119632754));
#7303=CARTESIAN_POINT('',(8.2648597219507,-26.0617663443825,9.74215119632755));
#7304=CARTESIAN_POINT('Ctrl Pts',(8.26486548183956,-26.0624263622747,10.0791246346531));
#7305=CARTESIAN_POINT('Ctrl Pts',(8.26486450603195,-26.0623145457982,9.96344254035393));
#7306=CARTESIAN_POINT('Ctrl Pts',(8.26486254989362,-26.0620903945476,9.85028547242254));
#7307=CARTESIAN_POINT('Ctrl Pts',(8.26485972195067,-26.0617663443825,9.74215119632754));
#7308=CARTESIAN_POINT('',(9.76480260654696,-26.048676541135,9.74215119632756));
#7309=CARTESIAN_POINT('Ctrl Pts',(9.76480836643582,-26.0493365590272,10.0791246346531));
#7310=CARTESIAN_POINT('Ctrl Pts',(9.76480739062821,-26.0492247425507,9.96344254035393));
#7311=CARTESIAN_POINT('Ctrl Pts',(9.76480543448988,-26.0490005913,9.85028547242254));
#7312=CARTESIAN_POINT('Ctrl Pts',(9.76480260654693,-26.048676541135,9.74215119632754));
#7313=CARTESIAN_POINT('',(8.2648597219507,-26.0617663443825,9.74215119632755));
#7314=CARTESIAN_POINT('Ctrl Pts',(8.26297493196992,-25.8457908047102,12.0300000000208));
#7315=CARTESIAN_POINT('Ctrl Pts',(9.76291781656617,-25.8327010014626,12.0300000000208));
#7316=CARTESIAN_POINT('Ctrl Pts',(8.26315000599144,-25.8658523005093,12.0300000000208));
#7317=CARTESIAN_POINT('Ctrl Pts',(9.7630928905877,-25.8527624972617,12.0300000000208));
#7318=CARTESIAN_POINT('Ctrl Pts',(8.26338866898042,-25.893200370254,12.02703033004));
#7319=CARTESIAN_POINT('Ctrl Pts',(9.76333155357667,-25.8801105670065,12.02703033004));
#7320=CARTESIAN_POINT('Ctrl Pts',(8.26382397560205,-25.9430815684192,12.0064663232639));
#7321=CARTESIAN_POINT('Ctrl Pts',(9.7637668601983,-25.9299917651717,12.0064663232639));
#7322=CARTESIAN_POINT('Ctrl Pts',(8.26403312510284,-25.9670477273877,11.9929511907037));
#7323=CARTESIAN_POINT('Ctrl Pts',(9.7639760096991,-25.9539579241401,11.9929511907037));
#7324=CARTESIAN_POINT('Ctrl Pts',(8.26437870479141,-26.0066472374134,11.9531765502538));
#7325=CARTESIAN_POINT('Ctrl Pts',(9.76432158938767,-25.9935574341659,11.9531765502538));
#7326=CARTESIAN_POINT('Ctrl Pts',(8.26451832626278,-26.022646273362,11.9312110823008));
#7327=CARTESIAN_POINT('Ctrl Pts',(9.76446121085903,-26.0095564701144,11.9312110823008));
#7328=CARTESIAN_POINT('Ctrl Pts',(8.26470827571224,-26.0444123243688,11.8779055839692));
#7329=CARTESIAN_POINT('Ctrl Pts',(9.7646511603085,-26.0313225211212,11.8779055839692));
#7330=CARTESIAN_POINT('Ctrl Pts',(8.26473867251109,-26.0478954525168,11.8550163819419));
#7331=CARTESIAN_POINT('Ctrl Pts',(9.76468155710734,-26.0348056492692,11.8550163819419));
#7332=CARTESIAN_POINT('Ctrl Pts',(8.26476541099509,-26.0509593793048,11.8178304437113));
#7333=CARTESIAN_POINT('Ctrl Pts',(9.76470829559135,-26.0378695760573,11.8178304437113));
#7334=CARTESIAN_POINT('Ctrl Pts',(8.26477631456016,-26.0522088041091,11.7907303936176));
#7335=CARTESIAN_POINT('Ctrl Pts',(9.76471919915642,-26.0391190008616,11.7907303936176));
#7336=CARTESIAN_POINT('Ctrl Pts',(8.26481408104919,-26.0565364151074,11.6002790383703));
#7337=CARTESIAN_POINT('Ctrl Pts',(9.76475696564545,-26.0434466118598,11.6002790383703));
#7338=CARTESIAN_POINT('Ctrl Pts',(8.26482981124382,-26.0583389168732,11.3978096054776));
#7339=CARTESIAN_POINT('Ctrl Pts',(9.76477269584008,-26.0452491136256,11.3978096054776));
#7340=CARTESIAN_POINT('Ctrl Pts',(8.26485446813895,-26.0611643172023,11.0091196815434));
#7341=CARTESIAN_POINT('Ctrl Pts',(9.7647973527352,-26.0480745139548,11.0091196815434));
#7342=CARTESIAN_POINT('Ctrl Pts',(8.26486303239246,-26.0621456834384,10.7186045927617));
#7343=CARTESIAN_POINT('Ctrl Pts',(9.76480591698872,-26.0490558801908,10.7186045927617));
#7344=CARTESIAN_POINT('Ctrl Pts',(8.26486548465888,-26.0624266853367,10.4283753492458));
#7345=CARTESIAN_POINT('Ctrl Pts',(9.76480836925514,-26.0493368820891,10.4283753492458));
#7346=CARTESIAN_POINT('',(9.7629178165662,-25.8327010014627,12.0300000000209));
#7347=CARTESIAN_POINT('',(8.26297493196994,-25.8457908047102,12.0300000000209));
#7348=CARTESIAN_POINT('Ctrl Pts',(9.76291781656617,-25.8327010014626,12.0300000000208));
#7349=CARTESIAN_POINT('Ctrl Pts',(9.7630928905877,-25.8527624972617,12.0300000000208));
#7350=CARTESIAN_POINT('Ctrl Pts',(9.76333155357667,-25.8801105670065,12.02703033004));
#7351=CARTESIAN_POINT('Ctrl Pts',(9.7637668601983,-25.9299917651717,12.0064663232639));
#7352=CARTESIAN_POINT('Ctrl Pts',(9.7639760096991,-25.9539579241401,11.9929511907037));
#7353=CARTESIAN_POINT('Ctrl Pts',(9.76432158938767,-25.9935574341659,11.9531765502538));
#7354=CARTESIAN_POINT('Ctrl Pts',(9.76446121085903,-26.0095564701144,11.9312110823008));
#7355=CARTESIAN_POINT('Ctrl Pts',(9.7646511603085,-26.0313225211212,11.8779055839692));
#7356=CARTESIAN_POINT('Ctrl Pts',(9.76468155710734,-26.0348056492692,11.8550163819419));
#7357=CARTESIAN_POINT('Ctrl Pts',(9.76470829559135,-26.0378695760573,11.8178304437113));
#7358=CARTESIAN_POINT('Ctrl Pts',(9.76471919915642,-26.0391190008616,11.7907303936176));
#7359=CARTESIAN_POINT('Ctrl Pts',(9.76475696564545,-26.0434466118598,11.6002790383703));
#7360=CARTESIAN_POINT('Ctrl Pts',(9.76477269584008,-26.0452491136256,11.3978096054776));
#7361=CARTESIAN_POINT('Ctrl Pts',(9.7647973527352,-26.0480745139548,11.0091196815434));
#7362=CARTESIAN_POINT('Ctrl Pts',(9.76480591698872,-26.0490558801908,10.7186045927617));
#7363=CARTESIAN_POINT('Ctrl Pts',(9.76480836925514,-26.0493368820891,10.4283753492458));
#7364=CARTESIAN_POINT('Ctrl Pts',(7.99351227051584,5.03157183157114,12.2003274984758));
#7365=CARTESIAN_POINT('Ctrl Pts',(9.49345515511209,5.0446616348187,12.2003274984758));
#7366=CARTESIAN_POINT('Ctrl Pts',(7.99355197960277,5.02702162090108,12.2008865120349));
#7367=CARTESIAN_POINT('Ctrl Pts',(9.49349486419903,5.04011142414864,12.2008865120349));
#7368=CARTESIAN_POINT('Ctrl Pts',(7.99359183457448,5.02245469349232,12.2013236014567));
#7369=CARTESIAN_POINT('Ctrl Pts',(9.49353471917074,5.03554449673988,12.2013236014567));
#7370=CARTESIAN_POINT('Ctrl Pts',(7.9936715960405,5.01331493476937,12.2019496057082));
#7371=CARTESIAN_POINT('Ctrl Pts',(9.49361448063675,5.02640473801693,12.2019496057082));
#7372=CARTESIAN_POINT('Ctrl Pts',(7.99371153189953,5.00873873859089,12.2021391653097));
#7373=CARTESIAN_POINT('Ctrl Pts',(9.49365441649579,5.02182854183845,12.2021391653097));
#7374=CARTESIAN_POINT('Ctrl Pts',(7.99375146862193,5.00416244348079,12.2022030904917));
#7375=CARTESIAN_POINT('Ctrl Pts',(9.49369435321818,5.01725224672835,12.2022030904917));
#7376=CARTESIAN_POINT('',(7.9935122705158,5.03157183157114,12.2003274984758));
#7377=CARTESIAN_POINT('',(7.9937514686219,5.00416244348079,12.2022030904917));
#7378=CARTESIAN_POINT('Ctrl Pts',(7.99351227051584,5.03157183157114,12.2003274984758));
#7379=CARTESIAN_POINT('Ctrl Pts',(7.99355197960277,5.02702162090108,12.2008865120349));
#7380=CARTESIAN_POINT('Ctrl Pts',(7.99359183457448,5.02245469349232,12.2013236014567));
#7381=CARTESIAN_POINT('Ctrl Pts',(7.9936715960405,5.01331493476937,12.2019496057082));
#7382=CARTESIAN_POINT('Ctrl Pts',(7.99371153189953,5.00873873859089,12.2021391653097));
#7383=CARTESIAN_POINT('Ctrl Pts',(7.99375146862193,5.00416244348079,12.2022030904917));
#7384=CARTESIAN_POINT('',(9.49345515423818,5.0446617349596,12.2003304743463));
#7385=CARTESIAN_POINT('',(7.9935122705158,5.03157183157114,12.2003274984758));
#7386=CARTESIAN_POINT('',(9.49369435321816,5.01725224672835,12.2022030904917));
#7387=CARTESIAN_POINT('Ctrl Pts',(9.49345515511209,5.0446616348187,12.2003274984758));
#7388=CARTESIAN_POINT('Ctrl Pts',(9.49349486419903,5.04011142414864,12.2008865120349));
#7389=CARTESIAN_POINT('Ctrl Pts',(9.49353471917074,5.03554449673988,12.2013236014567));
#7390=CARTESIAN_POINT('Ctrl Pts',(9.49361448063675,5.02640473801693,12.2019496057082));
#7391=CARTESIAN_POINT('Ctrl Pts',(9.49365441649579,5.02182854183845,12.2021391653097));
#7392=CARTESIAN_POINT('Ctrl Pts',(9.49369435321818,5.01725224672835,12.2022030904917));
#7393=CARTESIAN_POINT('',(7.9937514686219,5.00416244348079,12.2022030904917));
#7394=CARTESIAN_POINT('Ctrl Pts',(7.97935949089337,6.65331974408778,11.4704590721273));
#7395=CARTESIAN_POINT('Ctrl Pts',(9.47930237548962,6.66640954733534,11.4704590721273));
#7396=CARTESIAN_POINT('Ctrl Pts',(7.97936644923845,6.65252239671714,11.5396394645147));
#7397=CARTESIAN_POINT('Ctrl Pts',(9.47930933383471,6.6656121999647,11.5396394645147));
#7398=CARTESIAN_POINT('Ctrl Pts',(7.97937848362751,6.65114339227776,11.6430772010074));
#7399=CARTESIAN_POINT('Ctrl Pts',(9.47932136822376,6.66423319552532,11.6430772010074));
#7400=CARTESIAN_POINT('Ctrl Pts',(7.9794095492096,6.64758362915966,11.7718796746156));
#7401=CARTESIAN_POINT('Ctrl Pts',(9.47935243380586,6.66067343240722,11.7718796746156));
#7402=CARTESIAN_POINT('Ctrl Pts',(7.97942346693454,6.64598881586608,11.7911046216073));
#7403=CARTESIAN_POINT('Ctrl Pts',(9.47936635153079,6.65907861911363,11.7911046216073));
#7404=CARTESIAN_POINT('Ctrl Pts',(7.97945848218041,6.64197646610729,11.821618838657));
#7405=CARTESIAN_POINT('Ctrl Pts',(9.47940136677667,6.65506626935485,11.821618838657));
#7406=CARTESIAN_POINT('Ctrl Pts',(7.97949734963189,6.63752269730489,11.8470280576478));
#7407=CARTESIAN_POINT('Ctrl Pts',(9.47944023422815,6.65061250055245,11.8470280576478));
#7408=CARTESIAN_POINT('Ctrl Pts',(7.97975213343633,6.60832736507867,11.9146918039683));
#7409=CARTESIAN_POINT('Ctrl Pts',(9.47969501803259,6.62141716832623,11.9146918039683));
#7410=CARTESIAN_POINT('Ctrl Pts',(7.97994408451032,6.58633195061808,11.9406646550843));
#7411=CARTESIAN_POINT('Ctrl Pts',(9.47988696910658,6.59942175386564,11.9406646550843));
#7412=CARTESIAN_POINT('Ctrl Pts',(7.98033563420033,6.54146480018173,11.9847496189617));
#7413=CARTESIAN_POINT('Ctrl Pts',(9.48027851879658,6.55455460342929,11.9847496189617));
#7414=CARTESIAN_POINT('Ctrl Pts',(7.98059198628745,6.51208976056224,12.0010330117547));
#7415=CARTESIAN_POINT('Ctrl Pts',(9.48053487088371,6.52517956380979,12.0010330117547));
#7416=CARTESIAN_POINT('Ctrl Pts',(7.98106732445027,6.45762140212974,12.0235033870171));
#7417=CARTESIAN_POINT('Ctrl Pts',(9.48101020904652,6.4707112053773,12.0235033870171));
#7418=CARTESIAN_POINT('Ctrl Pts',(7.98135437038445,6.42472919603355,12.0300000000208));
#7419=CARTESIAN_POINT('Ctrl Pts',(9.48129725498071,6.43781899928111,12.0300000000208));
#7420=CARTESIAN_POINT('Ctrl Pts',(7.9816436891348,6.39157655097447,12.0300000000208));
#7421=CARTESIAN_POINT('Ctrl Pts',(9.48158657373105,6.40466635422203,12.0300000000208));
#7422=CARTESIAN_POINT('',(7.97935949089334,6.65331974408778,11.4704590721273));
#7423=CARTESIAN_POINT('',(7.98164368913476,6.39157655097447,12.0300000000209));
#7424=CARTESIAN_POINT('Ctrl Pts',(7.97935949089337,6.65331974408778,11.4704590721273));
#7425=CARTESIAN_POINT('Ctrl Pts',(7.97936644923845,6.65252239671714,11.5396394645147));
#7426=CARTESIAN_POINT('Ctrl Pts',(7.97937848362751,6.65114339227776,11.6430772010074));
#7427=CARTESIAN_POINT('Ctrl Pts',(7.9794095492096,6.64758362915966,11.7718796746156));
#7428=CARTESIAN_POINT('Ctrl Pts',(7.97942346693454,6.64598881586608,11.7911046216073));
#7429=CARTESIAN_POINT('Ctrl Pts',(7.97945848218041,6.64197646610729,11.821618838657));
#7430=CARTESIAN_POINT('Ctrl Pts',(7.97949734963189,6.63752269730489,11.8470280576478));
#7431=CARTESIAN_POINT('Ctrl Pts',(7.97975213343633,6.60832736507867,11.9146918039683));
#7432=CARTESIAN_POINT('Ctrl Pts',(7.97994408451032,6.58633195061808,11.9406646550843));
#7433=CARTESIAN_POINT('Ctrl Pts',(7.98033563420033,6.54146480018173,11.9847496189617));
#7434=CARTESIAN_POINT('Ctrl Pts',(7.98059198628745,6.51208976056224,12.0010330117547));
#7435=CARTESIAN_POINT('Ctrl Pts',(7.98106732445027,6.45762140212974,12.0235033870171));
#7436=CARTESIAN_POINT('Ctrl Pts',(7.98135437038445,6.42472919603355,12.0300000000208));
#7437=CARTESIAN_POINT('Ctrl Pts',(7.9816436891348,6.39157655097447,12.0300000000208));
#7438=CARTESIAN_POINT('',(9.47930230504866,6.66641761906941,11.470460805835));
#7439=CARTESIAN_POINT('',(7.97935949089334,6.65331974408778,11.4704590721273));
#7440=CARTESIAN_POINT('',(9.48158657373102,6.40466635422203,12.0300000000209));
#7441=CARTESIAN_POINT('Ctrl Pts',(9.47930237548962,6.66640954733534,11.4704590721273));
#7442=CARTESIAN_POINT('Ctrl Pts',(9.47930933383471,6.6656121999647,11.5396394645147));
#7443=CARTESIAN_POINT('Ctrl Pts',(9.47932136822376,6.66423319552532,11.6430772010074));
#7444=CARTESIAN_POINT('Ctrl Pts',(9.47935243380586,6.66067343240722,11.7718796746156));
#7445=CARTESIAN_POINT('Ctrl Pts',(9.47936635153079,6.65907861911363,11.7911046216073));
#7446=CARTESIAN_POINT('Ctrl Pts',(9.47940136677667,6.65506626935485,11.821618838657));
#7447=CARTESIAN_POINT('Ctrl Pts',(9.47944023422815,6.65061250055245,11.8470280576478));
#7448=CARTESIAN_POINT('Ctrl Pts',(9.47969501803259,6.62141716832623,11.9146918039683));
#7449=CARTESIAN_POINT('Ctrl Pts',(9.47988696910658,6.59942175386564,11.9406646550843));
#7450=CARTESIAN_POINT('Ctrl Pts',(9.48027851879658,6.55455460342929,11.9847496189617));
#7451=CARTESIAN_POINT('Ctrl Pts',(9.48053487088371,6.52517956380979,12.0010330117547));
#7452=CARTESIAN_POINT('Ctrl Pts',(9.48101020904652,6.4707112053773,12.0235033870171));
#7453=CARTESIAN_POINT('Ctrl Pts',(9.48129725498071,6.43781899928111,12.0300000000208));
#7454=CARTESIAN_POINT('Ctrl Pts',(9.48158657373105,6.40466635422203,12.0300000000208));
#7455=CARTESIAN_POINT('',(7.98164368913476,6.39157655097447,12.0300000000209));
#7456=CARTESIAN_POINT('Ctrl Pts',(7.97948293660835,6.63917426624376,6.95487061253411));
#7457=CARTESIAN_POINT('Ctrl Pts',(9.47942582120461,6.65226406949132,6.95487061253411));
#7458=CARTESIAN_POINT('Ctrl Pts',(7.97945540166127,6.64232945866102,7.41928222494812));
#7459=CARTESIAN_POINT('Ctrl Pts',(9.47939828625753,6.65541926190858,7.41928222494812));
#7460=CARTESIAN_POINT('Ctrl Pts',(7.97942279518524,6.64606579072113,7.8960605948904));
#7461=CARTESIAN_POINT('Ctrl Pts',(9.4793656797815,6.65915559396868,7.8960605948904));
#7462=CARTESIAN_POINT('Ctrl Pts',(7.97935251532618,6.65411906490205,8.74525281373273));
#7463=CARTESIAN_POINT('Ctrl Pts',(9.47929539992244,6.6672088681496,8.74525281373273));
#7464=CARTESIAN_POINT('Ctrl Pts',(7.97931443812643,6.6584822798361,9.14834545500741));
#7465=CARTESIAN_POINT('Ctrl Pts',(9.47925732272268,6.67157208308366,9.14834545500741));
#7466=CARTESIAN_POINT('Ctrl Pts',(7.97926958580348,6.66362184697763,9.53289279723131));
#7467=CARTESIAN_POINT('Ctrl Pts',(9.47921247039974,6.67671165022519,9.53289279723131));
#7468=CARTESIAN_POINT('',(7.97948293660832,6.63917426624377,6.95487061253413));
#7469=CARTESIAN_POINT('',(7.97926958580345,6.66362184697763,9.53289279723132));
#7470=CARTESIAN_POINT('Ctrl Pts',(7.97948293660835,6.63917426624376,6.95487061253411));
#7471=CARTESIAN_POINT('Ctrl Pts',(7.97945540166127,6.64232945866102,7.41928222494812));
#7472=CARTESIAN_POINT('Ctrl Pts',(7.97942279518524,6.64606579072113,7.8960605948904));
#7473=CARTESIAN_POINT('Ctrl Pts',(7.97935251532618,6.65411906490205,8.74525281373273));
#7474=CARTESIAN_POINT('Ctrl Pts',(7.97931443812643,6.6584822798361,9.14834545500741));
#7475=CARTESIAN_POINT('Ctrl Pts',(7.97926958580348,6.66362184697763,9.53289279723131));
#7476=CARTESIAN_POINT('',(9.47942582120458,6.65226406949133,6.95487061253413));
#7477=CARTESIAN_POINT('',(7.97948293660832,6.63917426624377,6.95487061253413));
#7478=CARTESIAN_POINT('',(9.47921247039971,6.67671165022519,9.53289279723133));
#7479=CARTESIAN_POINT('Ctrl Pts',(9.47942582120461,6.65226406949132,6.95487061253411));
#7480=CARTESIAN_POINT('Ctrl Pts',(9.47939828625753,6.65541926190858,7.41928222494812));
#7481=CARTESIAN_POINT('Ctrl Pts',(9.4793656797815,6.65915559396868,7.8960605948904));
#7482=CARTESIAN_POINT('Ctrl Pts',(9.47929539992244,6.6672088681496,8.74525281373273));
#7483=CARTESIAN_POINT('Ctrl Pts',(9.47925732272268,6.67157208308366,9.14834545500741));
#7484=CARTESIAN_POINT('Ctrl Pts',(9.47921247039974,6.67671165022519,9.53289279723131));
#7485=CARTESIAN_POINT('',(7.97926958580345,6.66362184697763,9.53289279723132));
#7486=CARTESIAN_POINT('Ctrl Pts',(7.9697845077841,7.75050413359018,-6.97006243507371));
#7487=CARTESIAN_POINT('Ctrl Pts',(9.46972739238035,7.76359393683774,-6.97006243507371));
#7488=CARTESIAN_POINT('Ctrl Pts',(7.96990097011409,7.73715887240559,-4.79304745341829));
#7489=CARTESIAN_POINT('Ctrl Pts',(9.46984385471034,7.75024867565315,-4.79304745341829));
#7490=CARTESIAN_POINT('Ctrl Pts',(7.96994868701495,7.73169105716103,-2.37908067708357));
#7491=CARTESIAN_POINT('Ctrl Pts',(9.46989157161121,7.74478086040858,-2.37908067708357));
#7492=CARTESIAN_POINT('Ctrl Pts',(7.96994868703606,7.73169105474261,2.07907929980126));
#7493=CARTESIAN_POINT('Ctrl Pts',(9.46989157163232,7.74478085799017,2.07907929980126));
#7494=CARTESIAN_POINT('Ctrl Pts',(7.96990097015386,7.73715886784821,4.49304613456723));
#7495=CARTESIAN_POINT('Ctrl Pts',(9.46984385475012,7.75024867109576,4.49304613456723));
#7496=CARTESIAN_POINT('Ctrl Pts',(7.96978450784866,7.75050412619168,6.67006122819503));
#7497=CARTESIAN_POINT('Ctrl Pts',(9.46972739244492,7.76359392943924,6.67006122819503));
#7498=CARTESIAN_POINT('',(7.96978450778406,7.75050413359019,-6.9700624350737));
#7499=CARTESIAN_POINT('',(7.96978450774247,7.7505041383562,6.67006122811823));
#7500=CARTESIAN_POINT('Ctrl Pts',(7.9697845077841,7.75050413359018,-6.97006243507371));
#7501=CARTESIAN_POINT('Ctrl Pts',(7.96990097011409,7.73715887240559,-4.79304745341829));
#7502=CARTESIAN_POINT('Ctrl Pts',(7.96994868701495,7.73169105716103,-2.37908067708357));
#7503=CARTESIAN_POINT('Ctrl Pts',(7.96994868703606,7.73169105474261,2.07907929980126));
#7504=CARTESIAN_POINT('Ctrl Pts',(7.96990097015386,7.73715886784821,4.49304613456723));
#7505=CARTESIAN_POINT('Ctrl Pts',(7.96978450784866,7.75050412619168,6.67006122819503));
#7506=CARTESIAN_POINT('',(9.46972739238031,7.76359393683775,-6.9700624350737));
#7507=CARTESIAN_POINT('',(7.96978450778406,7.75050413359019,-6.9700624350737));
#7508=CARTESIAN_POINT('',(9.46972739233873,7.76359394160376,6.67006122811824));
#7509=CARTESIAN_POINT('Ctrl Pts',(9.46972739238035,7.76359393683774,-6.97006243507371));
#7510=CARTESIAN_POINT('Ctrl Pts',(9.46984385471034,7.75024867565315,-4.79304745341829));
#7511=CARTESIAN_POINT('Ctrl Pts',(9.46989157161121,7.74478086040858,-2.37908067708357));
#7512=CARTESIAN_POINT('Ctrl Pts',(9.46989157163232,7.74478085799017,2.07907929980126));
#7513=CARTESIAN_POINT('Ctrl Pts',(9.46984385475012,7.75024867109576,4.49304613456723));
#7514=CARTESIAN_POINT('Ctrl Pts',(9.46972739244492,7.76359392943924,6.67006122819503));
#7515=CARTESIAN_POINT('',(7.96978450774247,7.7505041383562,6.67006122811823));
#7516=CARTESIAN_POINT('Ctrl Pts',(7.97926958580388,6.66362184693156,-9.83289279374211));
#7517=CARTESIAN_POINT('Ctrl Pts',(9.47921247040014,6.67671165017911,-9.83289279374211));
#7518=CARTESIAN_POINT('Ctrl Pts',(7.97931443812674,6.65848227980059,-9.44834545185051));
#7519=CARTESIAN_POINT('Ctrl Pts',(9.47925732272299,6.67157208304815,-9.44834545185051));
#7520=CARTESIAN_POINT('Ctrl Pts',(7.97935251532648,6.65411906487432,-9.04525281099836));
#7521=CARTESIAN_POINT('Ctrl Pts',(9.47929539992273,6.66720886812188,-9.04525281099836));
#7522=CARTESIAN_POINT('Ctrl Pts',(7.97942279518541,6.64606579070732,-8.19606059311439));
#7523=CARTESIAN_POINT('Ctrl Pts',(9.47936567978167,6.65915559395487,-8.19606059311439));
#7524=CARTESIAN_POINT('Ctrl Pts',(7.97945540166134,6.64232945865342,-7.71928222383634));
#7525=CARTESIAN_POINT('Ctrl Pts',(9.4793982862576,6.65541926190097,-7.71928222383634));
#7526=CARTESIAN_POINT('Ctrl Pts',(7.97948293660838,6.63917426624052,-7.25487061201453));
#7527=CARTESIAN_POINT('Ctrl Pts',(9.47942582120464,6.65226406948808,-7.25487061201453));
#7528=CARTESIAN_POINT('',(7.97926958580385,6.66362184693156,-9.83289279374211));
#7529=CARTESIAN_POINT('',(7.97948293662658,6.63917426415239,-7.25487061219771));
#7530=CARTESIAN_POINT('Ctrl Pts',(7.97926958580388,6.66362184693156,-9.83289279374211));
#7531=CARTESIAN_POINT('Ctrl Pts',(7.97931443812674,6.65848227980059,-9.44834545185051));
#7532=CARTESIAN_POINT('Ctrl Pts',(7.97935251532648,6.65411906487432,-9.04525281099836));
#7533=CARTESIAN_POINT('Ctrl Pts',(7.97942279518541,6.64606579070732,-8.19606059311439));
#7534=CARTESIAN_POINT('Ctrl Pts',(7.97945540166134,6.64232945865342,-7.71928222383634));
#7535=CARTESIAN_POINT('Ctrl Pts',(7.97948293660838,6.63917426624052,-7.25487061201453));
#7536=CARTESIAN_POINT('',(9.47921247040011,6.67671165017912,-9.83289279374211));
#7537=CARTESIAN_POINT('',(7.97926958580385,6.66362184693156,-9.83289279374211));
#7538=CARTESIAN_POINT('',(9.47942582122284,6.65226406739995,-7.25487061219771));
#7539=CARTESIAN_POINT('Ctrl Pts',(9.47921247040014,6.67671165017911,-9.83289279374211));
#7540=CARTESIAN_POINT('Ctrl Pts',(9.47925732272299,6.67157208304815,-9.44834545185051));
#7541=CARTESIAN_POINT('Ctrl Pts',(9.47929539992273,6.66720886812188,-9.04525281099836));
#7542=CARTESIAN_POINT('Ctrl Pts',(9.47936567978167,6.65915559395487,-8.19606059311439));
#7543=CARTESIAN_POINT('Ctrl Pts',(9.4793982862576,6.65541926190097,-7.71928222383634));
#7544=CARTESIAN_POINT('Ctrl Pts',(9.47942582120464,6.65226406948808,-7.25487061201453));
#7545=CARTESIAN_POINT('',(7.97948293662658,6.63917426415239,-7.25487061219771));
#7546=CARTESIAN_POINT('Ctrl Pts',(7.9816436891348,6.39157655097447,-12.3299999999792));
#7547=CARTESIAN_POINT('Ctrl Pts',(9.48158657373105,6.40466635422203,-12.3299999999792));
#7548=CARTESIAN_POINT('Ctrl Pts',(7.98147057897656,6.41141301033089,-12.3299999999792));
#7549=CARTESIAN_POINT('Ctrl Pts',(9.48141346357281,6.42450281357845,-12.3299999999792));
#7550=CARTESIAN_POINT('Ctrl Pts',(7.98129631325942,6.43138188359338,-12.3276131638438));
#7551=CARTESIAN_POINT('Ctrl Pts',(9.48123919785568,6.44447168684094,-12.3276131638438));
#7552=CARTESIAN_POINT('Ctrl Pts',(7.9809581341142,6.47013337534658,-12.3183669119641));
#7553=CARTESIAN_POINT('Ctrl Pts',(9.48090101871045,6.48322317859414,-12.3183669119641));
#7554=CARTESIAN_POINT('Ctrl Pts',(7.98079549567005,6.48876989511813,-12.311474438074));
#7555=CARTESIAN_POINT('Ctrl Pts',(9.48073838026631,6.50185969836569,-12.311474438074));
#7556=CARTESIAN_POINT('Ctrl Pts',(7.98033440616426,6.54160551917625,-12.2846501109411));
#7557=CARTESIAN_POINT('Ctrl Pts',(9.48027729076051,6.55469532242381,-12.2846501109411));
#7558=CARTESIAN_POINT('Ctrl Pts',(7.98011287728566,6.56699021434002,-12.2615992718967));
#7559=CARTESIAN_POINT('Ctrl Pts',(9.48005576188192,6.58008001758758,-12.2615992718967));
#7560=CARTESIAN_POINT('Ctrl Pts',(7.97974824368173,6.60877308680585,-12.2127380420958));
#7561=CARTESIAN_POINT('Ctrl Pts',(9.47969112827799,6.62186289005341,-12.2127380420958));
#7562=CARTESIAN_POINT('Ctrl Pts',(7.97961448714446,6.62410006788258,-12.1824722655778));
#7563=CARTESIAN_POINT('Ctrl Pts',(9.47955737174072,6.63718987113014,-12.1824722655778));
#7564=CARTESIAN_POINT('Ctrl Pts',(7.97944053766611,6.64403270379756,-12.1207242391217));
#7565=CARTESIAN_POINT('Ctrl Pts',(9.47938342226237,6.65712250704512,-12.1207242391217));
#7566=CARTESIAN_POINT('Ctrl Pts',(7.97941957789686,6.64643445546243,-12.0905886149502));
#7567=CARTESIAN_POINT('Ctrl Pts',(9.47936246249312,6.65952425870999,-12.0905886149502));
#7568=CARTESIAN_POINT('Ctrl Pts',(7.97938273974483,6.65065568957722,-11.9816007158779));
#7569=CARTESIAN_POINT('Ctrl Pts',(9.47932562434109,6.66374549282477,-11.9816007158779));
#7570=CARTESIAN_POINT('Ctrl Pts',(7.97936758069064,6.65239274513793,-11.8508970181357));
#7571=CARTESIAN_POINT('Ctrl Pts',(9.4793104652869,6.66548254838549,-11.8508970181357));
#7572=CARTESIAN_POINT('Ctrl Pts',(7.97935949226506,6.65331958690793,-11.770481280039));
#7573=CARTESIAN_POINT('Ctrl Pts',(9.47930237686131,6.66640939015549,-11.770481280039));
#7574=CARTESIAN_POINT('',(7.98164368913476,6.39157655097447,-12.3299999999792));
#7575=CARTESIAN_POINT('',(7.97935939958895,6.65333020653328,-11.7704814024462));
#7576=CARTESIAN_POINT('Ctrl Pts',(7.9816436891348,6.39157655097447,-12.3299999999792));
#7577=CARTESIAN_POINT('Ctrl Pts',(7.98147057897656,6.41141301033089,-12.3299999999792));
#7578=CARTESIAN_POINT('Ctrl Pts',(7.98129631325942,6.43138188359338,-12.3276131638438));
#7579=CARTESIAN_POINT('Ctrl Pts',(7.9809581341142,6.47013337534658,-12.3183669119641));
#7580=CARTESIAN_POINT('Ctrl Pts',(7.98079549567005,6.48876989511813,-12.311474438074));
#7581=CARTESIAN_POINT('Ctrl Pts',(7.98033440616426,6.54160551917625,-12.2846501109411));
#7582=CARTESIAN_POINT('Ctrl Pts',(7.98011287728566,6.56699021434002,-12.2615992718967));
#7583=CARTESIAN_POINT('Ctrl Pts',(7.97974824368173,6.60877308680585,-12.2127380420958));
#7584=CARTESIAN_POINT('Ctrl Pts',(7.97961448714446,6.62410006788258,-12.1824722655778));
#7585=CARTESIAN_POINT('Ctrl Pts',(7.97944053766611,6.64403270379756,-12.1207242391217));
#7586=CARTESIAN_POINT('Ctrl Pts',(7.97941957789686,6.64643445546243,-12.0905886149502));
#7587=CARTESIAN_POINT('Ctrl Pts',(7.97938273974483,6.65065568957722,-11.9816007158779));
#7588=CARTESIAN_POINT('Ctrl Pts',(7.97936758069064,6.65239274513793,-11.8508970181357));
#7589=CARTESIAN_POINT('Ctrl Pts',(7.97935949226506,6.65331958690793,-11.770481280039));
#7590=CARTESIAN_POINT('',(9.48158657373102,6.40466635422203,-12.3299999999792));
#7591=CARTESIAN_POINT('',(7.98164368913476,6.39157655097447,-12.3299999999792));
#7592=CARTESIAN_POINT('',(9.47930233407473,6.6664142930113,-11.7704827224452));
#7593=CARTESIAN_POINT('Ctrl Pts',(9.48158657373105,6.40466635422203,-12.3299999999792));
#7594=CARTESIAN_POINT('Ctrl Pts',(9.48141346357281,6.42450281357845,-12.3299999999792));
#7595=CARTESIAN_POINT('Ctrl Pts',(9.48123919785568,6.44447168684094,-12.3276131638438));
#7596=CARTESIAN_POINT('Ctrl Pts',(9.48090101871045,6.48322317859414,-12.3183669119641));
#7597=CARTESIAN_POINT('Ctrl Pts',(9.48073838026631,6.50185969836569,-12.311474438074));
#7598=CARTESIAN_POINT('Ctrl Pts',(9.48027729076051,6.55469532242381,-12.2846501109411));
#7599=CARTESIAN_POINT('Ctrl Pts',(9.48005576188192,6.58008001758758,-12.2615992718967));
#7600=CARTESIAN_POINT('Ctrl Pts',(9.47969112827799,6.62186289005341,-12.2127380420958));
#7601=CARTESIAN_POINT('Ctrl Pts',(9.47955737174072,6.63718987113014,-12.1824722655778));
#7602=CARTESIAN_POINT('Ctrl Pts',(9.47938342226237,6.65712250704512,-12.1207242391217));
#7603=CARTESIAN_POINT('Ctrl Pts',(9.47936246249312,6.65952425870999,-12.0905886149502));
#7604=CARTESIAN_POINT('Ctrl Pts',(9.47932562434109,6.66374549282477,-11.9816007158779));
#7605=CARTESIAN_POINT('Ctrl Pts',(9.4793104652869,6.66548254838549,-11.8508970181357));
#7606=CARTESIAN_POINT('Ctrl Pts',(9.47930237686131,6.66640939015549,-11.770481280039));
#7607=CARTESIAN_POINT('',(9.47930228418521,6.66642000978084,-11.7704814024462));
#7608=CARTESIAN_POINT('Origin',(9.62711423499553,-10.2711519065534,-0.181693053357916));
#7609=CARTESIAN_POINT('',(9.4889114726163,5.56531607862466,-12.3299999999792));
#7610=CARTESIAN_POINT('',(9.55435040436329,-1.93324277616566,-12.3299999999792));
#7611=CARTESIAN_POINT('',(9.49245507130583,5.15925988819169,-12.4987100172635));
#7612=CARTESIAN_POINT('',(9.52906016208034,0.964731948481615,-14.2414710122601));
#7613=CARTESIAN_POINT('Origin',(9.49842790278111,4.47484119198962,-12.5082962722789));
#7614=CARTESIAN_POINT('',(9.54553672319653,-0.923294948598407,-12.5837499942924));
#7615=CARTESIAN_POINT('',(9.55964069775837,-2.53945035509583,-12.6077380998611));
#7616=CARTESIAN_POINT('',(9.54859547106886,-1.27379273837406,-12.5859881229184));
#7617=CARTESIAN_POINT('',(9.58632546072776,-5.59722132277933,-12.5851672994313));
#7618=CARTESIAN_POINT('',(9.65978967250276,-14.015386182892,-12.6980152433967));
#7619=CARTESIAN_POINT('',(9.58585013429865,-5.54275430889684,-12.6240677452983));
#7620=CARTESIAN_POINT('',(9.65978975119284,-14.0153951998819,-12.6953999999804));
#7621=CARTESIAN_POINT('',(9.65978975119264,-14.0153951998595,-6.43854652666247));
#7622=CARTESIAN_POINT('',(9.66286046991367,-14.3672647130291,-12.6953999999792));
#7623=CARTESIAN_POINT('',(9.64345199309438,-12.14327355324,-12.6953999999871));
#7624=CARTESIAN_POINT('',(9.751421972803,-24.5154077825403,-12.5536679355585));
#7625=CARTESIAN_POINT('',(9.64575322946588,-12.4069691226788,-12.7227780866884));
#7626=CARTESIAN_POINT('',(9.7514252407344,-24.5157822503887,-12.5804822116999));
#7627=CARTESIAN_POINT('',(9.75065609579171,-24.4276469696527,-6.26943637553861));
#7628=CARTESIAN_POINT('',(9.75152382559017,-24.5270789559346,-12.5804822116999));
#7629=CARTESIAN_POINT('',(9.6921714505047,-17.7259704129222,-12.5804822116999));
#7630=CARTESIAN_POINT('',(9.75142621371644,-24.5158937430872,-12.5534649548814));
#7631=CARTESIAN_POINT('',(9.72325207697464,-21.2874574452858,-4.7553574203914));
#7632=CARTESIAN_POINT('',(9.75613633125833,-25.0556197541622,-12.3299999999792));
#7633=CARTESIAN_POINT('',(9.71744436109777,-20.6219591226218,-14.1656865386097));
#7634=CARTESIAN_POINT('',(9.69162528312692,-17.6633858303578,-12.3299999999792));
#7635=CARTESIAN_POINT('',(9.76566579174486,-26.1475877677743,-10.0418547628477));
#7636=CARTESIAN_POINT('',(9.69608797395698,-18.1747595485188,-10.0657490649648));
#7637=CARTESIAN_POINT('',(9.76480259856961,-26.0486756270215,-10.0418547628477));
#7638=CARTESIAN_POINT('',(9.69595841678256,-18.1599137667874,-10.0418547628477));
#7639=CARTESIAN_POINT('',(9.76480259856961,-26.0486756270214,-9.52355248565381));
#7640=CARTESIAN_POINT('',(9.76480259856958,-26.0486756270214,-5.11177390810281));
#7641=CARTESIAN_POINT('',(9.77978000869939,-27.7649168362262,-9.22044363376016));
#7642=CARTESIAN_POINT('',(9.70502156839752,-19.1984480762641,-10.733385111152));
#7643=CARTESIAN_POINT('',(9.78124340883583,-27.9326058824593,-9.0205371870223));
#7644=CARTESIAN_POINT('Origin',(9.77947192212966,-27.7296136120773,-9.0205371870223));
#7645=CARTESIAN_POINT('',(9.78124340883582,-27.9326058824593,-3.19499999997915));
#7646=CARTESIAN_POINT('',(9.7812434088358,-27.9326058824593,-4.60111512019011));
#7647=CARTESIAN_POINT('',(9.70417882191566,-19.1018788945064,-3.19499999997916));
#7648=CARTESIAN_POINT('',(9.78124340883582,-27.9326058824593,2.89500000002086));
#7649=CARTESIAN_POINT('',(9.70504312267552,-19.2009179518843,2.89500000002084));
#7650=CARTESIAN_POINT('',(9.7812434088358,-27.9326058824562,8.72053718709394));
#7651=CARTESIAN_POINT('',(9.7812434088358,-27.9326058824593,1.35665347333146));
#7652=CARTESIAN_POINT('',(9.77978000869942,-27.7649168362293,8.92044363379813));
#7653=CARTESIAN_POINT('Origin',(9.77947192212966,-27.7296136120773,8.72053718706398));
#7654=CARTESIAN_POINT('',(9.76480259856961,-26.0486756270215,9.22355248569153));
#7655=CARTESIAN_POINT('',(9.71255763995679,-20.0619963435182,10.2808720946959));
#7656=CARTESIAN_POINT('',(9.76480259856961,-26.0486756270215,9.74185476248835));
#7657=CARTESIAN_POINT('',(9.76480259856958,-26.0486756270214,4.5209297161668));
#7658=CARTESIAN_POINT('',(9.76566579223657,-26.1475878241188,9.74185476248835));
#7659=CARTESIAN_POINT('',(9.69595841678256,-18.1599137667874,9.74185476248834));
#7660=CARTESIAN_POINT('',(9.69608880279079,-18.1748545234661,9.76574878013689));
#7661=CARTESIAN_POINT('',(9.75613633125859,-25.0556197541923,12.0300000000209));
#7662=CARTESIAN_POINT('',(9.69501602578085,-18.051926454008,12.0300000000208));
#7663=CARTESIAN_POINT('',(9.75142620243905,-24.5158924508254,12.2534654899856));
#7664=CARTESIAN_POINT('',(9.71989716972599,-20.9030231523553,13.7493164556954));
#7665=CARTESIAN_POINT('',(9.75152970296517,-24.5277524364016,12.2821126226362));
#7666=CARTESIAN_POINT('',(9.72315431584009,-21.2762551288429,4.42830250762167));
#7667=CARTESIAN_POINT('',(9.75142543937937,-24.5158050128466,12.2821126226362));
#7668=CARTESIAN_POINT('',(9.68785659816935,-17.2315373083076,12.2821126226362));
#7669=CARTESIAN_POINT('',(9.7514219727452,-24.5154077759173,12.2536679356968));
#7670=CARTESIAN_POINT('',(9.7506522339654,-24.4272044481897,5.93774950259631));
#7671=CARTESIAN_POINT('',(9.66286046991366,-14.3672647130291,12.3954000000209));
#7672=CARTESIAN_POINT('',(9.69003784265014,-17.4814831689629,12.3519058742699));
#7673=CARTESIAN_POINT('',(9.65978975119284,-14.0153951998821,12.3954000000209));
#7674=CARTESIAN_POINT('',(9.6449873524546,-12.3192083097914,12.3954000000209));
#7675=CARTESIAN_POINT('',(9.65978967250276,-14.015386182892,12.3980152434384));
#7676=CARTESIAN_POINT('',(9.65978975119284,-14.015395199882,6.10685347333143));
#7677=CARTESIAN_POINT('',(9.54859553358328,-1.27379990181792,12.2868091338188));
#7678=CARTESIAN_POINT('',(9.64297419537216,-12.0885233572164,12.3811979560232));
#7679=CARTESIAN_POINT('',(9.54859553358328,-1.27379990181793,12.2851672994831));
#7680=CARTESIAN_POINT('',(9.54859553358359,-1.2737999018494,6.05173712303988));
#7681=CARTESIAN_POINT('',(9.54695387598072,-1.08568457316635,12.2851672994822));
#7682=CARTESIAN_POINT('',(9.58785488428914,-5.77247590415419,12.2851672995058));
#7683=CARTESIAN_POINT('',(9.54553672319654,-0.923294948598407,12.2837499941332));
#7684=CARTESIAN_POINT('',(9.64297419537216,-12.0885233572164,12.3811979560232));
#7685=CARTESIAN_POINT('',(9.54553668645996,-0.923290739005014,12.2851672994813));
#7686=CARTESIAN_POINT('',(9.54601448157354,-0.978040636104754,6.01071313315019));
#7687=CARTESIAN_POINT('',(9.58555799931894,-5.50927895591667,12.3492141190676));
#7688=CARTESIAN_POINT('',(9.49245507134923,5.15925988321822,12.1987100213759));
#7689=CARTESIAN_POINT('Origin',(9.49842790278127,4.47484119197106,12.2082962723208));
#7690=CARTESIAN_POINT('',(9.48891147261646,5.56531607860674,12.0300000000209));
#7691=CARTESIAN_POINT('',(9.53073396981,0.772932580163924,14.0211606609003));
#7692=CARTESIAN_POINT('',(9.55801285380601,-2.35291791397333,12.0300000000208));
#7693=CARTESIAN_POINT('',(9.47921227263657,6.67673431163555,11.3988691508262));
#7694=CARTESIAN_POINT('Origin',(9.48142663101929,6.42299397365802,11.3988691508262));
#7695=CARTESIAN_POINT('',(9.47921227263657,6.67673431163555,9.53628406224259));
#7696=CARTESIAN_POINT('',(9.47921227263661,6.67673431163555,5.60858804873414));
#7697=CARTESIAN_POINT('Origin',(9.48142663101929,6.42299397365811,9.53628406224257));
#7698=CARTESIAN_POINT('',(9.47166800742702,7.54122147821623,6.87682242635821));
#7699=CARTESIAN_POINT('Origin',(9.05657107187044,55.1066189964586,2.80685476287112));
#7700=CARTESIAN_POINT('',(9.47134448018988,7.5782940275996,6.87353118652549));
#7701=CARTESIAN_POINT('',(9.54607064564376,-0.984476401097928,7.63371983266203));
#7702=CARTESIAN_POINT('',(9.46972745189678,7.76358711692653,6.67130369280195));
#7703=CARTESIAN_POINT('Origin',(9.47149887115017,7.56060257586815,6.67130367886861));
#7704=CARTESIAN_POINT('',(9.46956558064575,7.78213572508131,3.29444207956662));
#7705=CARTESIAN_POINT('',(9.46972745190194,7.7635871163358,-6.97130367554644));
#7706=CARTESIAN_POINT('',(9.46956701100284,7.78197182239271,-3.6255321430039));
#7707=CARTESIAN_POINT('',(9.4713444817945,7.57829384372904,-7.17353120253919));
#7708=CARTESIAN_POINT('Origin',(9.47149887115525,7.56060257528633,-6.97130367882692));
#7709=CARTESIAN_POINT('',(9.47166797849514,7.54122479348232,-7.17682213330177));
#7710=CARTESIAN_POINT('',(9.5459332415455,-0.968731450955535,-7.93232238503903));
#7711=CARTESIAN_POINT('Origin',(9.05480862696968,55.3085751785643,-3.08954710449923));
#7712=CARTESIAN_POINT('',(9.47921227263657,6.67673431163555,-9.83628405069281));
#7713=CARTESIAN_POINT('Origin',(9.48142663101929,6.42299397365793,-9.83628405069281));
#7714=CARTESIAN_POINT('',(9.47921227263657,6.67673431163555,-11.6988691507845));
#7715=CARTESIAN_POINT('',(9.47921227263661,6.67673431163556,-5.00898855202537));
#7716=CARTESIAN_POINT('Origin',(9.48142663101929,6.42299397365802,-11.6988691507845));
#7717=CARTESIAN_POINT('Origin',(12.5183633637688,2.2035536801676,26.5466955075112));
#7718=CARTESIAN_POINT('',(12.5315840650488,0.688611366725385,26.5466955075112));
#7719=CARTESIAN_POINT('Origin',(12.5183633637688,2.2035536801676,26.5466955075112));
#7720=CARTESIAN_POINT('',(7.53177444972799,0.644978689233525,26.5466955075112));
#7721=CARTESIAN_POINT('',(12.5315840650488,0.688611366725385,26.5466955075112));
#7722=CARTESIAN_POINT('Origin',(7.51855374844795,2.15992100267574,26.5466955075112));
#7723=CARTESIAN_POINT('Origin',(12.5183633637688,2.2035536801676,26.5466955075112));
#7724=CARTESIAN_POINT('',(-41.4663597804164,0.217378449813299,26.5466955075112));
#7725=CARTESIAN_POINT('Origin',(-41.4795804816965,1.73232076325552,26.5466955075112));
#7726=CARTESIAN_POINT('',(-46.4661693957373,0.173745772321439,26.5466955075112));
#7727=CARTESIAN_POINT('',(12.5315840650488,0.688611366725385,26.5466955075112));
#7728=CARTESIAN_POINT('Origin',(-46.4793900970173,1.68868808576366,26.5466955075112));
#7729=CARTESIAN_POINT('Origin',(12.7365267512281,-22.7954943964367,-26.910081614227));
#7730=CARTESIAN_POINT('',(12.7497474525081,-24.3104367098789,-26.910081614227));
#7731=CARTESIAN_POINT('Origin',(12.7365267512281,-22.7954943964367,-26.910081614227));
#7732=CARTESIAN_POINT('',(7.74993783718729,-24.3540693873708,-26.910081614227));
#7733=CARTESIAN_POINT('',(12.7497474525081,-24.3104367098789,-26.910081614227));
#7734=CARTESIAN_POINT('Origin',(7.73671713590725,-22.8391270739285,-26.910081614227));
#7735=CARTESIAN_POINT('Origin',(12.7365267512281,-22.7954943964367,-26.910081614227));
#7736=CARTESIAN_POINT('',(-41.2481963929571,-24.781669626791,-26.910081614227));
#7737=CARTESIAN_POINT('Origin',(-41.2614170942372,-23.2667273133488,-26.910081614227));
#7738=CARTESIAN_POINT('',(-46.248006008278,-24.8253023042828,-26.910081614227));
#7739=CARTESIAN_POINT('',(12.7497474525081,-24.3104367098789,-26.910081614227));
#7740=CARTESIAN_POINT('Origin',(-46.261226709558,-23.3103599908406,-26.910081614227));
#7741=CARTESIAN_POINT('Origin',(12.7365267512281,-22.7954943964367,26.5466955075112));
#7742=CARTESIAN_POINT('',(12.7497474525081,-24.3104367098789,26.5466955075112));
#7743=CARTESIAN_POINT('Origin',(12.7365267512281,-22.7954943964367,26.5466955075112));
#7744=CARTESIAN_POINT('',(7.74993783718729,-24.3540693873708,26.5466955075112));
#7745=CARTESIAN_POINT('',(12.7497474525081,-24.3104367098789,26.5466955075112));
#7746=CARTESIAN_POINT('Origin',(7.73671713590725,-22.8391270739285,26.5466955075112));
#7747=CARTESIAN_POINT('Origin',(12.7365267512281,-22.7954943964367,26.5466955075112));
#7748=CARTESIAN_POINT('',(-41.2481963929571,-24.781669626791,26.5466955075112));
#7749=CARTESIAN_POINT('Origin',(-41.2614170942372,-23.2667273133488,26.5466955075112));
#7750=CARTESIAN_POINT('',(-46.248006008278,-24.8253023042829,26.5466955075112));
#7751=CARTESIAN_POINT('',(12.7497474525081,-24.3104367098789,26.5466955075112));
#7752=CARTESIAN_POINT('Origin',(-46.261226709558,-23.3103599908406,26.5466955075112));
#7753=CARTESIAN_POINT('Origin',(12.5183633637688,2.20355368016761,-26.910081614227));
#7754=CARTESIAN_POINT('',(12.5315840650488,0.688611366725388,-26.910081614227));
#7755=CARTESIAN_POINT('Origin',(12.5183633637688,2.20355368016761,-26.910081614227));
#7756=CARTESIAN_POINT('',(7.53177444972799,0.644978689233528,-26.910081614227));
#7757=CARTESIAN_POINT('',(12.5315840650488,0.688611366725388,-26.910081614227));
#7758=CARTESIAN_POINT('Origin',(7.51855374844795,2.15992100267575,-26.910081614227));
#7759=CARTESIAN_POINT('Origin',(12.5183633637688,2.20355368016761,-26.910081614227));
#7760=CARTESIAN_POINT('',(-41.4663597804164,0.217378449813302,-26.910081614227));
#7761=CARTESIAN_POINT('Origin',(-41.4795804816965,1.73232076325552,-26.910081614227));
#7762=CARTESIAN_POINT('',(-46.4661693957373,0.173745772321443,-26.910081614227));
#7763=CARTESIAN_POINT('',(12.5315840650488,0.688611366725388,-26.910081614227));
#7764=CARTESIAN_POINT('Origin',(-46.4793900970173,1.68868808576366,-26.910081614227));
#7765=CARTESIAN_POINT('Origin',(-5.64477445512149,4.03681124800843,21.5466955075112));
#7766=CARTESIAN_POINT('',(3.79911919481098,-7.11564823186495,12.3373538938255));
#7767=CARTESIAN_POINT('',(-1.06928809026147,-1.36646076842087,12.2868091338188));
#7768=CARTESIAN_POINT('',(2.02244863079835,-5.01754683336218,12.3189081513043));
#7769=CARTESIAN_POINT('',(3.79911919481098,-7.11564823186495,21.5466955075112));
#7770=CARTESIAN_POINT('',(3.79911919481098,-7.11564823186495,21.5466955075112));
#7771=CARTESIAN_POINT('',(-5.64477445512149,4.03681124800843,21.5466955075112));
#7772=CARTESIAN_POINT('',(5.89623576536467,-9.59216993410143,21.5466955075112));
#7773=CARTESIAN_POINT('',(-5.64477445512149,4.03681124800843,12.2140497572512));
#7774=CARTESIAN_POINT('',(-5.64477445512149,4.03681124800843,21.5466955075112));
#7775=CARTESIAN_POINT('',(-1.36395087767103,-1.01849639464211,12.2851672994813));
#7776=CARTESIAN_POINT('',(-1.21775885106222,-1.19112904560036,12.2875958785252));
#7777=CARTESIAN_POINT('',(-1.36394055135599,-1.01850051443971,12.2837499941332));
#7778=CARTESIAN_POINT('',(-1.39851269379692,-0.977673665684621,16.9961083114887));
#7779=CARTESIAN_POINT('',(-1.2274274947053,-1.17971117491569,12.2851672994821));
#7780=CARTESIAN_POINT('',(2.02244863079835,-5.01754683336218,12.3189081513043));
#7781=CARTESIAN_POINT('',(-1.06928809026146,-1.36646076842088,12.2851672994831));
#7782=CARTESIAN_POINT('',(-1.16280109891444,-1.2560296180393,12.2851672994825));
#7783=CARTESIAN_POINT('',(-1.06928809028111,-1.36646076839767,16.9159314035464));
#7784=CARTESIAN_POINT('Origin',(-9.46049137060544,0.805665256121111,21.5466955075112));
#7785=CARTESIAN_POINT('',(-9.46049137060544,0.805665256121111,12.2587067223983));
#7786=CARTESIAN_POINT('',(-4.38453071462276,5.10398462619839,12.1993005863764));
#7787=CARTESIAN_POINT('',(-9.46049137060544,0.805665256121111,21.5466955075112));
#7788=CARTESIAN_POINT('',(-11.372960466733,-0.813812024671154,21.5466955075112));
#7789=CARTESIAN_POINT('',(-9.46049137060544,0.805665256121111,21.5466955075112));
#7790=CARTESIAN_POINT('Origin',(-0.0165977206729628,-10.3467942237523,21.5466955075112));
#7791=CARTESIAN_POINT('',(-7.5730744526674,-1.42321845214493,12.2868091338188));
#7792=CARTESIAN_POINT('',(-0.0165977206729634,-10.3467942237523,12.365261958439));
#7793=CARTESIAN_POINT('',(2.92834499773704,-13.8245286789524,12.3958369317762));
#7794=CARTESIAN_POINT('',(-7.57307445266739,-1.42321845214494,12.2851672994831));
#7795=CARTESIAN_POINT('',(-7.57307445268704,-1.42321845212173,16.9159314034711));
#7796=CARTESIAN_POINT('',(-7.73121385711122,-1.23646885863974,12.2851672994821));
#7797=CARTESIAN_POINT('',(-0.256571189432146,-10.0634053498633,12.285167299527));
#7798=CARTESIAN_POINT('',(-7.86772691376192,-1.07525819816376,12.2837499941332));
#7799=CARTESIAN_POINT('',(2.92834499773704,-13.8245286789524,12.3958369317762));
#7800=CARTESIAN_POINT('',(-7.86773724007696,-1.07525407836616,12.2851672994813));
#7801=CARTESIAN_POINT('',(-7.90134413834879,-1.03555902863388,16.8659481659411));
#7802=CARTESIAN_POINT('',(-0.312382905856989,-9.99749631604709,12.4106844777871));
#7803=CARTESIAN_POINT('',(-0.0165977206729634,-10.3467942237523,21.5466955075112));
#7804=CARTESIAN_POINT('',(6.80246567484696,-18.3995456659255,21.5466955075112));
#7805=CARTESIAN_POINT('',(-0.0165977206729634,-10.3467942237523,21.5466955075112));
#7806=CARTESIAN_POINT('Origin',(-0.0165977206729628,-10.3467942237523,21.5466955075112));
#7807=CARTESIAN_POINT('',(-9.46049137060544,0.805665256121111,-21.910081614227));
#7808=CARTESIAN_POINT('',(-0.0165977206729634,-10.3467942237523,-21.910081614227));
#7809=CARTESIAN_POINT('',(-2.84563375756987,-7.00593599957904,-21.910081614227));
#7810=CARTESIAN_POINT('',(-9.46049137060544,0.805665256121111,-12.5587068395656));
#7811=CARTESIAN_POINT('',(-9.46049137060544,0.805665256121111,21.5466955075112));
#7812=CARTESIAN_POINT('',(-7.86772691376192,-1.07525819816376,-12.5837499942924));
#7813=CARTESIAN_POINT('',(-1.93867062134569,-8.07698465825929,-12.6836664827851));
#7814=CARTESIAN_POINT('',(-7.57308637200974,-1.42321855616324,-12.5851672994313));
#7815=CARTESIAN_POINT('',(-0.343639415046034,-9.96058495669315,-12.5851672994313));
#7816=CARTESIAN_POINT('',(-0.0165977206729634,-10.3467942237523,-12.6652619584549));
#7817=CARTESIAN_POINT('',(-0.417963941317796,-9.87281382136143,-12.6610948955791));
#7818=CARTESIAN_POINT('',(-0.0165977206729634,-10.3467942237523,21.5466955075112));
#7819=CARTESIAN_POINT('Origin',(3.79911919481098,-7.11564823186495,21.5466955075112));
#7820=CARTESIAN_POINT('',(3.78461160505391,-7.12793324711471,12.337460001999));
#7821=CARTESIAN_POINT('',(-0.0212083590586032,-10.3506985086009,21.5466955075112));
#7822=CARTESIAN_POINT('Origin',(3.79911919481098,-7.11564823186495,21.5466955075112));
#7823=CARTESIAN_POINT('',(3.79911919481098,-7.11564823186495,-21.910081614227));
#7824=CARTESIAN_POINT('',(9.45741443024209,-2.32420841181749,-21.910081614227));
#7825=CARTESIAN_POINT('',(3.79911919481098,-7.11564823186495,-12.6373538938905));
#7826=CARTESIAN_POINT('',(7.07218549416213,-4.34401834197081,-12.6134147632818));
#7827=CARTESIAN_POINT('',(3.79911919481098,-7.11564823186495,21.5466955075112));
#7828=CARTESIAN_POINT('Origin',(-5.64477445512149,4.03681124800843,21.5466955075112));
#7829=CARTESIAN_POINT('',(-5.64477445512149,4.03681124800843,-21.910081614227));
#7830=CARTESIAN_POINT('',(-3.75186366705217,1.80143973224498,-21.910081614227));
#7831=CARTESIAN_POINT('',(-1.06930000960381,-1.36646087243918,-12.5851672994313));
#7832=CARTESIAN_POINT('',(-1.32386030825766,-1.06583197576983,-12.5841661152424));
#7833=CARTESIAN_POINT('',(-1.36394055135599,-1.01850051443971,-12.5837499942924));
#7834=CARTESIAN_POINT('',(-1.24986932452833,-1.15320922486913,-12.5851672994313));
#7835=CARTESIAN_POINT('',(-5.64477445512149,4.03681124800843,-12.5140500722437));
#7836=CARTESIAN_POINT('',(-2.84404657411595,0.729382621121127,-12.5605784286659));
#7837=CARTESIAN_POINT('',(-5.64477445512149,4.03681124800843,21.5466955075112));
#7838=CARTESIAN_POINT('Origin',(-9.46049137060544,0.805665256121111,21.5466955075112));
#7839=CARTESIAN_POINT('',(-1.89433767743234,7.21267807211222,-21.910081614227));
#7840=CARTESIAN_POINT('',(-2.78675334588747,6.45698120725176,-12.4806015784211));
#7841=CARTESIAN_POINT('Origin',(-7.74632477136352,-23.4842657622876,21.5466955075112));
#7842=CARTESIAN_POINT('',(-25.9011474343823,-2.0449175846372,12.2908389134278));
#7843=CARTESIAN_POINT('',(-15.5780515308781,-14.2356334863981,12.3980152434383));
#7844=CARTESIAN_POINT('',(-6.42726344638785,-25.0419683925331,12.4930205993339));
#7845=CARTESIAN_POINT('',(-25.9011474343823,-2.0449175846372,21.5466955075112));
#7846=CARTESIAN_POINT('',(-25.9011474343823,-2.0449175846372,21.5466955075112));
#7847=CARTESIAN_POINT('',(-7.74632477136352,-23.4842657622876,21.5466955075112));
#7848=CARTESIAN_POINT('',(-2.55272140698057,-29.617482973626,21.5466955075112));
#7849=CARTESIAN_POINT('',(-7.74632477136352,-23.4842657622876,12.2702005828954));
#7850=CARTESIAN_POINT('',(-7.74632477136352,-23.4842657622876,21.5466955075112));
#7851=CARTESIAN_POINT('',(-15.2822518719522,-14.5849574104622,12.3954000000208));
#7852=CARTESIAN_POINT('',(-3.87099670237289,-28.0607085794876,12.2058171554908));
#7853=CARTESIAN_POINT('',(-15.578051452188,-14.2356425033881,12.3954000000208));
#7854=CARTESIAN_POINT('',(-6.35927625639375,-25.1222556564166,12.3954000000206));
#7855=CARTESIAN_POINT('',(-15.5780514521879,-14.2356425033882,16.9710477537662));
#7856=CARTESIAN_POINT('Origin',(-25.9011474343823,-2.0449175846372,21.5466955075112));
#7857=CARTESIAN_POINT('',(-25.350177726054,-1.57835688211443,12.2868091338188));
#7858=CARTESIAN_POINT('',(-18.5179016163647,4.20720899089526,12.2368380255449));
#7859=CARTESIAN_POINT('',(-25.350177726054,-1.57835688211444,12.2851672994831));
#7860=CARTESIAN_POINT('',(-25.3501777260261,-1.57835688209082,16.9159314035304));
#7861=CARTESIAN_POINT('',(-25.1256987040437,-1.38826822818728,12.2851672994821));
#7862=CARTESIAN_POINT('',(-15.3882537820124,6.85739224085046,12.2851672994409));
#7863=CARTESIAN_POINT('',(-24.9319183015161,-1.2241751403609,12.2837499941332));
#7864=CARTESIAN_POINT('',(-18.5179016163647,4.20720899089526,12.2368380255449));
#7865=CARTESIAN_POINT('',(-24.9319034710324,-1.22417080102324,12.2851672994813));
#7866=CARTESIAN_POINT('',(-24.8831577587239,-1.18288475223851,16.965895229251));
#7867=CARTESIAN_POINT('',(-22.0854305188983,1.1862284072501,12.2518536957238));
#7868=CARTESIAN_POINT('',(-15.3350435003162,6.90245066427069,12.1728510326607));
#7869=CARTESIAN_POINT('',(-22.0854305188983,1.1862284072501,21.5466955075112));
#7870=CARTESIAN_POINT('',(-22.0854305188983,1.1862284072501,21.5466955075112));
#7871=CARTESIAN_POINT('',(-22.3232929740275,0.98480667300344,21.5466955075112));
#7872=CARTESIAN_POINT('Origin',(-25.9011474343823,-2.0449175846372,21.5466955075112));
#7873=CARTESIAN_POINT('',(-22.0854305188983,1.1862284072501,-21.910081614227));
#7874=CARTESIAN_POINT('',(-25.9011474343823,-2.0449175846372,-21.910081614227));
#7875=CARTESIAN_POINT('',(-12.8446701847268,9.01129676978669,-21.910081614227));
#7876=CARTESIAN_POINT('',(-22.0854305188983,1.1862284072501,-12.5518538432491));
#7877=CARTESIAN_POINT('',(-22.0854305188983,1.1862284072501,21.5466955075112));
#7878=CARTESIAN_POINT('',(-24.9319183015161,-1.2241751403609,-12.5837499942924));
#7879=CARTESIAN_POINT('',(-13.7372661299839,8.25544724667646,-12.4541521418552));
#7880=CARTESIAN_POINT('',(-25.3501605040182,-1.57835673181979,-12.5851672994313));
#7881=CARTESIAN_POINT('',(-15.3027149799603,6.92982642910999,-12.5851672994313));
#7882=CARTESIAN_POINT('',(-25.9011474343823,-2.0449175846372,-12.5908389135746));
#7883=CARTESIAN_POINT('',(-15.230327727255,6.99112389604038,-12.5127927870046));
#7884=CARTESIAN_POINT('',(-25.9011474343823,-2.0449175846372,21.5466955075112));
#7885=CARTESIAN_POINT('Origin',(-3.93060785587958,-20.2531197704003,21.5466955075112));
#7886=CARTESIAN_POINT('',(-3.93060785587958,-20.2531197704003,12.3148592855945));
#7887=CARTESIAN_POINT('',(-0.96647284562459,-17.7430926457639,12.3495511736761));
#7888=CARTESIAN_POINT('',(-3.93060785587958,-20.2531197704003,21.5466955075112));
#7889=CARTESIAN_POINT('',(-2.26061185326691,-18.8389685087034,21.5466955075112));
#7890=CARTESIAN_POINT('',(-3.93060785587958,-20.2531197704003,21.5466955075112));
#7891=CARTESIAN_POINT('Origin',(-22.0854305188983,1.1862284072501,21.5466955075112));
#7892=CARTESIAN_POINT('',(-20.0801671289054,-1.18183033940988,12.2851672994813));
#7893=CARTESIAN_POINT('',(-14.9289873036733,-7.26494077532342,12.3707438663648));
#7894=CARTESIAN_POINT('',(-20.0801568025903,-1.18183445920748,12.2837499941332));
#7895=CARTESIAN_POINT('',(-20.1140838853052,-1.14176937278511,16.9081833999689));
#7896=CARTESIAN_POINT('',(-19.9436437459396,-1.34304511968346,12.2851672994821));
#7897=CARTESIAN_POINT('',(-11.6884282700019,-11.0917737167783,12.3708745668907));
#7898=CARTESIAN_POINT('',(-19.7855043414958,-1.52979471318865,12.2851672994831));
#7899=CARTESIAN_POINT('',(-14.8734526872851,-7.33052257685131,12.2851672995126));
#7900=CARTESIAN_POINT('',(-19.7855043414958,-1.52979471318864,12.2868091338188));
#7901=CARTESIAN_POINT('',(-19.7855043415155,-1.52979471316544,16.9159314034955));
#7902=CARTESIAN_POINT('',(-9.07426516847215,-14.178875802674,12.3980152434383));
#7903=CARTESIAN_POINT('',(-11.6884282700019,-11.0917737167783,12.3708745668907));
#7904=CARTESIAN_POINT('',(-9.07426508978206,-14.1788848196641,12.3954000000208));
#7905=CARTESIAN_POINT('',(-9.07426508978199,-14.1788848196642,16.9710477537657));
#7906=CARTESIAN_POINT('',(-8.77846550954627,-14.5281997267381,12.3954000000208));
#7907=CARTESIAN_POINT('',(-11.6209706724192,-11.1714355757041,12.3954000000209));
#7908=CARTESIAN_POINT('',(-9.13133510490226,-14.1114898388716,12.4012624595524));
#7909=CARTESIAN_POINT('',(-7.81441582300598,-15.6666628929135,21.5466955075112));
#7910=CARTESIAN_POINT('Origin',(-22.0854305188983,1.1862284072501,21.5466955075112));
#7911=CARTESIAN_POINT('',(-3.93060785587958,-20.2531197704003,-21.910081614227));
#7912=CARTESIAN_POINT('',(-17.4625152554228,-4.27305322656702,-21.910081614227));
#7913=CARTESIAN_POINT('',(-3.93060785587958,-20.2531197704003,-12.6148592855505));
#7914=CARTESIAN_POINT('',(-3.93060785587958,-20.2531197704003,21.5466955075112));
#7915=CARTESIAN_POINT('',(-8.77846550954626,-14.5281997267381,-12.6953999999792));
#7916=CARTESIAN_POINT('',(-11.5018697005626,-11.3120840001655,-12.7406457425097));
#7917=CARTESIAN_POINT('',(-9.0742650897822,-14.1788848196639,-12.6953999999804));
#7918=CARTESIAN_POINT('',(-11.7083768158042,-11.0682161295172,-12.6953999999916));
#7919=CARTESIAN_POINT('',(-9.07427266992689,-14.1788758681382,-12.6980152433967));
#7920=CARTESIAN_POINT('',(-9.0742650898337,-14.1788848196031,4.42564775381858));
#7921=CARTESIAN_POINT('',(-19.7855162608382,-1.52979481720695,-12.5851672994313));
#7922=CARTESIAN_POINT('',(-15.0347372090571,-7.14005885918688,-12.6361325307375));
#7923=CARTESIAN_POINT('',(-20.0801568025903,-1.18183445920748,-12.5837499942924));
#7924=CARTESIAN_POINT('',(-14.960520912899,-7.22770218368114,-12.5851672994313));
#7925=CARTESIAN_POINT('',(-16.5552750216168,-5.34442911463675,-12.6437260482544));
#7926=CARTESIAN_POINT('Origin',(-7.74632477136352,-23.4842657622876,21.5466955075112));
#7927=CARTESIAN_POINT('',(-7.74632477136352,-23.4842657622876,-21.910081614227));
#7928=CARTESIAN_POINT('',(-12.2008208393974,-18.2238733072795,-21.910081614227));
#7929=CARTESIAN_POINT('',(-15.5780590323328,-14.2356335518623,-12.6980152433967));
#7930=CARTESIAN_POINT('',(-9.77357238544121,-21.0902535349439,-12.758278562966));
#7931=CARTESIAN_POINT('',(-15.5780514521881,-14.235642503388,-12.6953999999804));
#7932=CARTESIAN_POINT('',(-15.5780514522396,-14.2356425033272,4.42564775373385));
#7933=CARTESIAN_POINT('',(-15.2822518719522,-14.5849574104622,-12.6953999999792));
#7934=CARTESIAN_POINT('',(-6.4466823997788,-25.0190362102297,-12.6953999999415));
#7935=CARTESIAN_POINT('',(-7.74632477136352,-23.4842657622876,-12.5702005828501));
#7936=CARTESIAN_POINT('',(-6.24153129803327,-25.2613027407815,-12.5452004384424));
#7937=CARTESIAN_POINT('',(-7.74632477136352,-23.4842657622876,21.5466955075112));
#7938=CARTESIAN_POINT('Origin',(-3.93060785587958,-20.2531197704003,21.5466955075112));
#7939=CARTESIAN_POINT('',(7.21801093603378,-10.8124784119199,-21.910081614227));
#7940=CARTESIAN_POINT('',(1.36250404700555,-15.7709169004189,-12.6768092456934));
#7941=CARTESIAN_POINT('Origin',(-26.0547923099464,-22.6770514248847,21.5466955075112));
#7942=CARTESIAN_POINT('',(-32.7778799418797,-14.7376394435447,12.3954000000208));
#7943=CARTESIAN_POINT('',(-26.0547923099464,-22.6770514248847,12.2837048307914));
#7944=CARTESIAN_POINT('',(-18.1578694664161,-32.0026659746406,12.152507948988));
#7945=CARTESIAN_POINT('',(-33.0736795221154,-14.3883245364707,12.3954000000208));
#7946=CARTESIAN_POINT('',(-20.6457791573501,-29.0646498293694,12.3954000000206));
#7947=CARTESIAN_POINT('',(-33.0736796008055,-14.3883155194806,12.3980152434383));
#7948=CARTESIAN_POINT('',(-33.0736795221154,-14.3883245364708,16.9710477537663));
#7949=CARTESIAN_POINT('',(-36.2044578250078,-10.6911335834866,12.3655109672857));
#7950=CARTESIAN_POINT('',(-20.7139107977384,-28.9841919814845,12.5263368670143));
#7951=CARTESIAN_POINT('',(-36.2044578250078,-10.6911335834866,21.5466955075112));
#7952=CARTESIAN_POINT('',(-36.2044578250078,-10.6911335834866,21.5466955075112));
#7953=CARTESIAN_POINT('',(-26.0547923099464,-22.6770514248847,21.5466955075112));
#7954=CARTESIAN_POINT('',(-16.8392243079369,-33.5598771465788,21.5466955075112));
#7955=CARTESIAN_POINT('',(-26.0547923099464,-22.6770514248847,21.5466955075112));
#7956=CARTESIAN_POINT('Origin',(-22.2390753944624,-19.4459054329974,21.5466955075112));
#7957=CARTESIAN_POINT('',(-22.2390753944624,-19.4459054329974,12.3283635334905));
#7958=CARTESIAN_POINT('',(-14.1431726920227,-12.5903015852522,12.4231170280178));
#7959=CARTESIAN_POINT('',(-22.2390753944624,-19.4459054329974,21.5466955075112));
#7960=CARTESIAN_POINT('',(-15.4368102601849,-13.6857528296462,21.5466955075112));
#7961=CARTESIAN_POINT('',(-22.2390753944624,-19.4459054329974,21.5466955075112));
#7962=CARTESIAN_POINT('Origin',(-32.3887409095239,-7.45998759159927,21.5466955075112));
#7963=CARTESIAN_POINT('',(-26.2740935794737,-14.6808817598207,12.3954000000208));
#7964=CARTESIAN_POINT('',(-19.4160906063801,-22.7796176314201,12.2814633916361));
#7965=CARTESIAN_POINT('',(-32.3887409095239,-7.45998759159927,21.5466955075112));
#7966=CARTESIAN_POINT('',(-18.0983401499837,-24.3357722339924,21.5466955075112));
#7967=CARTESIAN_POINT('',(-32.3887409095239,-7.45998759159927,12.3376029026723));
#7968=CARTESIAN_POINT('',(-32.3887409095239,-7.45998759159927,21.5466955075112));
#7969=CARTESIAN_POINT('',(-26.5698932383996,-14.3315578357566,12.3980152434383));
#7970=CARTESIAN_POINT('',(-21.9726772130023,-19.7604997131084,12.4457445204392));
#7971=CARTESIAN_POINT('',(-26.5698931597095,-14.3315668527466,12.3954000000208));
#7972=CARTESIAN_POINT('',(-26.5698931597095,-14.3315668527467,16.971047753766));
#7973=CARTESIAN_POINT('',(-21.9048949993969,-19.8405449167831,12.3954000000207));
#7974=CARTESIAN_POINT('Origin',(-32.3887409095239,-7.45998759159927,21.5466955075112));
#7975=CARTESIAN_POINT('',(-22.2390753944624,-19.4459054329974,-21.910081614227));
#7976=CARTESIAN_POINT('',(-32.3887409095239,-7.45998759159927,-21.910081614227));
#7977=CARTESIAN_POINT('',(-27.7464395824005,-12.942162567646,-21.910081614227));
#7978=CARTESIAN_POINT('',(-22.2390753944624,-19.4459054329974,-12.6283635334468));
#7979=CARTESIAN_POINT('',(-22.2390753944624,-19.4459054329974,21.5466955075112));
#7980=CARTESIAN_POINT('',(-26.2740935794737,-14.6808817598207,-12.6953999999792));
#7981=CARTESIAN_POINT('',(-21.7866252020405,-19.980211792714,-12.6208466745899));
#7982=CARTESIAN_POINT('',(-26.5698931597097,-14.3315668527465,-12.6953999999804));
#7983=CARTESIAN_POINT('',(-21.9923011427819,-19.7373254705962,-12.6953999999609));
#7984=CARTESIAN_POINT('',(-26.5699007398544,-14.3315579012208,-12.6980152433967));
#7985=CARTESIAN_POINT('',(-26.5698931597612,-14.3315668526857,4.42564775376665));
#7986=CARTESIAN_POINT('',(-32.3887409095239,-7.45998759159927,-12.6376029027368));
#7987=CARTESIAN_POINT('',(-25.3189861520564,-15.8087848555183,-12.7110024841544));
#7988=CARTESIAN_POINT('',(-32.3887409095239,-7.45998759159927,21.5466955075112));
#7989=CARTESIAN_POINT('Origin',(-36.2044578250078,-10.6911335834866,21.5466955075112));
#7990=CARTESIAN_POINT('',(-23.6887847021204,-0.0928717253579816,12.2739716256808));
#7991=CARTESIAN_POINT('',(-27.4943342329883,-3.31540798419176,21.5466955075112));
#7992=CARTESIAN_POINT('Origin',(-36.2044578250078,-10.6911335834866,21.5466955075112));
#7993=CARTESIAN_POINT('',(-36.2044578250078,-10.6911335834866,-21.910081614227));
#7994=CARTESIAN_POINT('',(-18.0157114436876,4.7110821125916,-21.910081614227));
#7995=CARTESIAN_POINT('',(-36.2044578250078,-10.6911335834866,-12.6655109673011));
#7996=CARTESIAN_POINT('',(-20.4012108130112,2.6910431797867,-12.5499263870752));
#7997=CARTESIAN_POINT('',(-36.2044578250078,-10.6911335834866,21.5466955075112));
#7998=CARTESIAN_POINT('Origin',(-26.0547923099464,-22.6770514248847,21.5466955075112));
#7999=CARTESIAN_POINT('',(-26.0547923099464,-22.6770514248847,-21.910081614227));
#8000=CARTESIAN_POINT('',(-26.4873237403537,-22.1662674802323,-21.910081614227));
#8001=CARTESIAN_POINT('',(-33.0736871022603,-14.3883155849448,-12.6980152433967));
#8002=CARTESIAN_POINT('',(-24.0602197367912,-25.0324771238959,-12.7915948305878));
#8003=CARTESIAN_POINT('',(-33.0736795221156,-14.3883245364705,-12.6953999999804));
#8004=CARTESIAN_POINT('',(-33.0736795221671,-14.3883245364097,4.42564775371074));
#8005=CARTESIAN_POINT('',(-32.7778799418796,-14.7376394435447,-12.6953999999792));
#8006=CARTESIAN_POINT('',(-20.7331853007351,-28.9614303831826,-12.6953999999279));
#8007=CARTESIAN_POINT('',(-26.0547923099464,-22.6770514248847,-12.5837048307464));
#8008=CARTESIAN_POINT('',(-20.5284040620765,-29.2032601359345,-12.4918912319381));
#8009=CARTESIAN_POINT('',(-26.0547923099464,-22.6770514248847,21.5466955075112));
#8010=CARTESIAN_POINT('Origin',(-22.2390753944624,-19.4459054329974,21.5466955075112));
#8011=CARTESIAN_POINT('',(-5.95818747088416,-5.65926273286279,-21.910081614227));
#8012=CARTESIAN_POINT('',(-11.8141957993926,-10.6181258399073,-12.7503751000372));
#8013=CARTESIAN_POINT('Origin',(9.54553668645996,-0.92329073900501,12.2851672994813));
#8014=CARTESIAN_POINT('',(9.54553668645996,-0.92329073900501,12.2851672994813));
#8015=CARTESIAN_POINT('',(-36.4527117744919,-1.3247113719302,12.2851672994813));
#8016=CARTESIAN_POINT('',(9.54553668645996,-0.92329073900501,12.2851672994813));
#8017=CARTESIAN_POINT('',(-41.4525213898128,-1.36834404942207,12.2851672994813));
#8018=CARTESIAN_POINT('',(-36.4527117744919,-1.3247113719302,12.2851672994813));
#8019=CARTESIAN_POINT('',(-46.4523310051336,-1.41197672691392,12.2851672994813));
#8020=CARTESIAN_POINT('',(-41.4525213898128,-1.36834404942207,12.2851672994813));
#8021=CARTESIAN_POINT('',(-46.5041733383754,4.52856625881945,12.2022030904917));
#8022=CARTESIAN_POINT('',(-46.5041733383754,4.52856625881944,12.2022030904917));
#8023=CARTESIAN_POINT('',(9.49369435321816,5.01725224672835,12.2022030904917));
#8024=CARTESIAN_POINT('',(8.04559380186371,-0.93638054225257,12.2851672994813));
#8025=CARTESIAN_POINT('',(8.04559380186371,-0.93638054225257,12.2851672994813));
#8026=CARTESIAN_POINT('',(9.54553668645996,-0.92329073900501,12.2851672994813));
#8027=CARTESIAN_POINT('Origin',(-13.4535875072794,-1.124005265061,12.2837499941332));
#8028=CARTESIAN_POINT('',(-46.4523309683971,-1.41198093650731,12.2837499941332));
#8029=CARTESIAN_POINT('',(9.54553672319654,-0.923294948598402,12.2837499941332));
#8030=CARTESIAN_POINT('',(-46.4523309683971,-1.41198093650731,12.2837499941332));
#8031=CARTESIAN_POINT('Origin',(-13.4535875072794,-1.124005265061,12.2837499941332));
#8032=CARTESIAN_POINT('',(9.54553672319654,-0.923294948598402,12.2837499941332));
#8033=CARTESIAN_POINT('Origin',(-13.4535875072794,-1.124005265061,12.2837499941332));
#8034=CARTESIAN_POINT('',(9.54553672319654,-0.923294948598402,12.2837499941332));
#8035=CARTESIAN_POINT('Origin',(9.65978967250276,-14.015386182892,12.3980152434383));
#8036=CARTESIAN_POINT('',(-46.4509138156129,-1.57437056107526,12.2851672994822));
#8037=CARTESIAN_POINT('',(9.54695387598073,-1.0856845731665,12.2851672994821));
#8038=CARTESIAN_POINT('',(-46.4523309683971,-1.41198093650731,12.2837499941332));
#8039=CARTESIAN_POINT('Origin',(9.65978967250276,-14.015386182892,12.3980152434383));
#8040=CARTESIAN_POINT('',(9.54695387598073,-1.0856845731665,12.2851672994821));
#8041=CARTESIAN_POINT('Origin',(9.65978967250276,-14.015386182892,12.3980152434383));
#8042=CARTESIAN_POINT('',(8.04701099138447,-1.0987743764139,12.2851672994822));
#8043=CARTESIAN_POINT('Origin',(9.54859553358328,-1.27379990181793,12.2851672994831));
#8044=CARTESIAN_POINT('',(-46.4492721580103,-1.76248588972683,12.2851672994831));
#8045=CARTESIAN_POINT('',(9.54859553358328,-1.27379990181793,12.2851672994831));
#8046=CARTESIAN_POINT('',(-46.4492721580103,-1.76248588972684,12.2851672994831));
#8047=CARTESIAN_POINT('Origin',(9.54859553358328,-1.27379990181793,12.2851672994831));
#8048=CARTESIAN_POINT('',(9.54859553358328,-1.27379990181793,12.2851672994831));
#8049=CARTESIAN_POINT('Origin',(9.54859553358328,-1.27379990181793,12.2851672994831));
#8050=CARTESIAN_POINT('',(9.54859553358328,-1.27379990181793,12.2851672994831));
#8051=CARTESIAN_POINT('Origin',(-13.4505286968927,-1.47451021828052,12.2851672994831));
#8052=CARTESIAN_POINT('',(-46.4492721580103,-1.76248588972682,12.2868091338188));
#8053=CARTESIAN_POINT('',(-1.95096658165469,-1.37415506004921,12.2868091338188));
#8054=CARTESIAN_POINT('',(-46.4492721580103,-1.76248588972684,12.2851672994831));
#8055=CARTESIAN_POINT('Origin',(-13.4505286968927,-1.47451021828052,12.2851672994831));
#8056=CARTESIAN_POINT('',(-1.95096658165469,-1.37415506004921,12.2868091338188));
#8057=CARTESIAN_POINT('Origin',(-13.4505286968927,-1.47451021828052,12.2851672994831));
#8058=CARTESIAN_POINT('',(-1.95096658165469,-1.37415506004921,12.2868091338188));
#8059=CARTESIAN_POINT('Origin',(9.54553668645996,-0.923290739005275,-12.5851672994313));
#8060=CARTESIAN_POINT('',(-36.4527117377554,-1.32471558152359,-12.5837499942924));
#8061=CARTESIAN_POINT('',(9.54553672319653,-0.923294948598402,-12.5837499942924));
#8062=CARTESIAN_POINT('',(-36.449652989883,-1.67521337129925,-12.5859881229184));
#8063=CARTESIAN_POINT('',(-36.4527117377554,-1.32471558152359,-12.5837499942924));
#8064=CARTESIAN_POINT('',(9.54859553358328,-1.27379990181771,-12.5851672994313));
#8065=CARTESIAN_POINT('Origin',(9.54553668645996,-0.923290739005275,-12.5851672994313));
#8066=CARTESIAN_POINT('',(9.54553672319653,-0.923294948598402,-12.5837499942924));
#8067=CARTESIAN_POINT('',(9.54859553358328,-1.27379990181771,-12.5851672994313));
#8068=CARTESIAN_POINT('Origin',(9.54553668645996,-0.923290739005275,-12.5851672994313));
#8069=CARTESIAN_POINT('',(8.0486525864726,-1.28688254162162,-12.5859881229184));
#8070=CARTESIAN_POINT('',(9.54859553358328,-1.27379990181771,-12.5851672994313));
#8071=CARTESIAN_POINT('',(8.0486525864726,-1.28688254162162,-12.5859881229184));
#8072=CARTESIAN_POINT('',(8.04559383860027,-0.936384751845962,-12.5837499942924));
#8073=CARTESIAN_POINT('',(8.04559383860027,-0.936384751845962,-12.5837499942924));
#8074=CARTESIAN_POINT('',(9.54553672319653,-0.923294948598402,-12.5837499942924));
#8075=CARTESIAN_POINT('Origin',(9.7514219727452,-24.5154077759173,12.2536679356968));
#8076=CARTESIAN_POINT('',(9.66286046991366,-14.3672647130291,12.3954000000208));
#8077=CARTESIAN_POINT('',(-46.2464457188484,-25.0040937638262,12.2536679356968));
#8078=CARTESIAN_POINT('',(9.7514219727452,-24.5154077759173,12.2536679356968));
#8079=CARTESIAN_POINT('',(-46.3350072216799,-14.855950700938,12.3954000000209));
#8080=CARTESIAN_POINT('',(-46.2464457188484,-25.0040937638262,12.2536679356968));
#8081=CARTESIAN_POINT('',(9.66286046991366,-14.3672647130291,12.3954000000208));
#8082=CARTESIAN_POINT('',(9.66286046991366,-14.3672647130291,12.3954000000208));
#8083=CARTESIAN_POINT('Origin',(9.65978967250276,-14.015386182892,12.3980152434383));
#8084=CARTESIAN_POINT('',(9.65978967250276,-14.015386182892,12.3980152434383));
#8085=CARTESIAN_POINT('',(-36.3384587884491,-14.4168068158172,12.3980152434383));
#8086=CARTESIAN_POINT('',(9.65978967250276,-14.015386182892,12.3980152434383));
#8087=CARTESIAN_POINT('',(-41.33826840377,-14.4604394933091,12.3980152434383));
#8088=CARTESIAN_POINT('',(-36.3384587884491,-14.4168068158172,12.3980152434383));
#8089=CARTESIAN_POINT('',(-46.3380780190908,-14.5040721708009,12.3980152434383));
#8090=CARTESIAN_POINT('',(-41.33826840377,-14.4604394933091,12.3980152434383));
#8091=CARTESIAN_POINT('',(-46.4523309683971,-1.41198093650731,12.2837499941332));
#8092=CARTESIAN_POINT('Origin',(9.66286046991366,-14.3672647130291,12.3954000000208));
#8093=CARTESIAN_POINT('',(-46.3380779404008,-14.504081187791,12.3954000000209));
#8094=CARTESIAN_POINT('',(-46.3380779404008,-14.504081187791,12.3954000000208));
#8095=CARTESIAN_POINT('',(9.65978975119284,-14.0153951998821,12.3954000000208));
#8096=CARTESIAN_POINT('Origin',(9.66286046991366,-14.3672647130291,12.3954000000208));
#8097=CARTESIAN_POINT('',(9.65978975119284,-14.0153951998821,12.3954000000208));
#8098=CARTESIAN_POINT('Origin',(9.66286046991366,-14.3672647130291,12.3954000000208));
#8099=CARTESIAN_POINT('',(9.65978975119284,-14.0153951998821,12.3954000000208));
#8100=CARTESIAN_POINT('Origin',(-13.3393344792831,-14.2161055163447,12.3954000000208));
#8101=CARTESIAN_POINT('',(-46.3380779404008,-14.504081187791,12.3954000000208));
#8102=CARTESIAN_POINT('Origin',(-13.3393344792831,-14.2161055163447,12.3954000000208));
#8103=CARTESIAN_POINT('',(8.15984678790651,-14.0284759861396,12.3980152434384));
#8104=CARTESIAN_POINT('',(9.65978967250276,-14.015386182892,12.3980152434383));
#8105=CARTESIAN_POINT('',(8.15984678790651,-14.0284759861396,12.3980152434384));
#8106=CARTESIAN_POINT('Origin',(-13.3393344792831,-14.2161055163447,12.3954000000208));
#8107=CARTESIAN_POINT('Origin',(9.65978975119284,-14.0153951998819,-12.6953999999804));
#8108=CARTESIAN_POINT('',(-46.3380779404008,-14.5040811877908,-12.6953999999804));
#8109=CARTESIAN_POINT('',(9.65978975119284,-14.0153951998819,-12.6953999999804));
#8110=CARTESIAN_POINT('',(-46.3350072216799,-14.855950700938,-12.6953999999792));
#8111=CARTESIAN_POINT('',(-46.3350072216799,-14.855950700938,-12.6953999999792));
#8112=CARTESIAN_POINT('',(9.66286046991367,-14.3672647130291,-12.6953999999792));
#8113=CARTESIAN_POINT('Origin',(9.65978975119284,-14.0153951998819,-12.6953999999804));
#8114=CARTESIAN_POINT('',(9.66286046991367,-14.3672647130291,-12.6953999999792));
#8115=CARTESIAN_POINT('',(9.65978975119284,-14.0153951998819,-12.6953999999804));
#8116=CARTESIAN_POINT('Origin',(9.54553672319653,-0.923294948598402,-12.5837499942924));
#8117=CARTESIAN_POINT('',(-41.4525213530762,-1.36834825901545,-12.5837499942924));
#8118=CARTESIAN_POINT('',(-36.4527117377554,-1.32471558152359,-12.5837499942924));
#8119=CARTESIAN_POINT('',(-46.4523309683971,-1.41198093650731,-12.5837499942924));
#8120=CARTESIAN_POINT('',(-41.4525213530762,-1.36834825901545,-12.5837499942924));
#8121=CARTESIAN_POINT('',(-46.4492722205247,-1.76247872628296,-12.5859881229184));
#8122=CARTESIAN_POINT('',(-46.4523309683971,-1.41198093650731,-12.5837499942924));
#8123=CARTESIAN_POINT('',(-46.3380780190908,-14.5040721708009,-12.6980152433967));
#8124=CARTESIAN_POINT('',(-46.4523309683971,-1.41198093650731,-12.5837499942924));
#8125=CARTESIAN_POINT('',(-41.33826840377,-14.4604394933091,-12.6980152433967));
#8126=CARTESIAN_POINT('',(-41.33826840377,-14.4604394933091,-12.6980152433967));
#8127=CARTESIAN_POINT('',(-36.3384587884491,-14.4168068158172,-12.6980152433967));
#8128=CARTESIAN_POINT('',(-36.3384587884491,-14.4168068158172,-12.6980152433967));
#8129=CARTESIAN_POINT('',(9.65978967250276,-14.015386182892,-12.6980152433967));
#8130=CARTESIAN_POINT('',(9.65978967250276,-14.015386182892,-12.6980152433967));
#8131=CARTESIAN_POINT('Origin',(9.54553672319653,-0.923294948598402,-12.5837499942924));
#8132=CARTESIAN_POINT('',(8.15984678790651,-14.0284759861396,-12.6980152433967));
#8133=CARTESIAN_POINT('',(9.65978967250276,-14.015386182892,-12.6980152433967));
#8134=CARTESIAN_POINT('',(8.15984678790651,-14.0284759861396,-12.6980152433967));
#8135=CARTESIAN_POINT('Origin',(-13.3393344792831,-14.2161055163445,-12.6953999999804));
#8136=CARTESIAN_POINT('',(-46.3380779404008,-14.5040811877908,-12.6953999999804));
#8137=CARTESIAN_POINT('Origin',(-13.3393344792831,-14.2161055163445,-12.6953999999804));
#8138=CARTESIAN_POINT('Origin',(-13.3393344792831,-14.2161055163445,-12.6953999999804));
#8139=CARTESIAN_POINT('',(9.65978975119284,-14.0153951998819,-12.6953999999804));
#8140=CARTESIAN_POINT('Origin',(-41.5850567134675,13.8186997826327,-21.910081614227));
#8141=CARTESIAN_POINT('',(-41.1559408624661,-35.353106332726,-21.910081614227));
#8142=CARTESIAN_POINT('',(-41.5850567134675,13.8186997826327,-21.910081614227));
#8143=CARTESIAN_POINT('',(-41.5627385989305,11.2612971643961,-21.910081614227));
#8144=CARTESIAN_POINT('',(-41.1559408624661,-35.353106332726,-31.910081614227));
#8145=CARTESIAN_POINT('',(-41.1559408624661,-35.353106332726,-21.910081614227));
#8146=CARTESIAN_POINT('',(-41.5850567134675,13.8186997826327,-31.910081614227));
#8147=CARTESIAN_POINT('',(-41.1559408624661,-35.353106332726,-31.910081614227));
#8148=CARTESIAN_POINT('',(-41.5850567134675,13.8186997826327,-21.910081614227));
#8149=CARTESIAN_POINT('Origin',(-43.8704035956272,-10.7890196137926,-31.910081614227));
#8150=CARTESIAN_POINT('',(-46.1557504777869,-35.3967390102178,-31.910081614227));
#8151=CARTESIAN_POINT('',(-46.1557504777869,-35.3967390102178,-31.910081614227));
#8152=CARTESIAN_POINT('',(-46.5848663287884,13.7750671051409,-31.910081614227));
#8153=CARTESIAN_POINT('',(-46.5848663287884,13.7750671051409,-31.910081614227));
#8154=CARTESIAN_POINT('',(-41.5850567134675,13.8186997826327,-31.910081614227));
#8155=CARTESIAN_POINT('Origin',(9.45763759187939,9.14894785657645,-21.910081614227));
#8156=CARTESIAN_POINT('',(7.41307751667687,14.2463000220529,-21.910081614227));
#8157=CARTESIAN_POINT('',(9.41300136280521,14.2637530930497,-21.910081614227));
#8158=CARTESIAN_POINT('',(7.84219336767833,-34.9255060933057,-21.910081614227));
#8159=CARTESIAN_POINT('',(7.64995355671469,-12.897005653863,-21.910081614227));
#8160=CARTESIAN_POINT('',(9.84211721380667,-34.908053022309,-21.910081614227));
#8161=CARTESIAN_POINT('Origin',(7.84219336767833,-34.9255060933057,-21.910081614227));
#8162=CARTESIAN_POINT('',(7.41307751667687,14.2463000220529,-31.910081614227));
#8163=CARTESIAN_POINT('',(7.41307751667687,14.2463000220529,-21.910081614227));
#8164=CARTESIAN_POINT('',(7.84219336767833,-34.9255060933057,-31.910081614227));
#8165=CARTESIAN_POINT('',(7.84219336767833,-34.9255060933057,-31.910081614227));
#8166=CARTESIAN_POINT('',(7.84219336767833,-34.9255060933057,-21.910081614227));
#8167=CARTESIAN_POINT('Origin',(10.127540249838,-10.3177866968805,-31.910081614227));
#8168=CARTESIAN_POINT('',(12.4128871319977,14.2899326995448,-31.910081614227));
#8169=CARTESIAN_POINT('',(7.41307751667687,14.2463000220529,-31.910081614227));
#8170=CARTESIAN_POINT('',(12.8420029829992,-34.8818734158139,-31.910081614227));
#8171=CARTESIAN_POINT('',(12.4128871319977,14.2899326995448,-31.910081614227));
#8172=CARTESIAN_POINT('',(12.8420029829992,-34.8818734158139,-31.910081614227));
#8173=CARTESIAN_POINT('Origin',(-41.1559408624661,-35.353106332726,21.5466955075112));
#8174=CARTESIAN_POINT('',(-41.5850567134675,13.8186997826327,21.5466955075112));
#8175=CARTESIAN_POINT('',(-41.1559408624661,-35.353106332726,21.5466955075112));
#8176=CARTESIAN_POINT('',(-41.1787040303136,-32.7447056564131,21.5466955075112));
#8177=CARTESIAN_POINT('',(-41.5850567134675,13.8186997826327,31.5466955075112));
#8178=CARTESIAN_POINT('',(-41.5850567134675,13.8186997826327,21.5466955075112));
#8179=CARTESIAN_POINT('',(-41.1559408624661,-35.353106332726,31.5466955075112));
#8180=CARTESIAN_POINT('',(-41.5850567134675,13.8186997826327,31.5466955075112));
#8181=CARTESIAN_POINT('',(-41.1559408624661,-35.353106332726,21.5466955075112));
#8182=CARTESIAN_POINT('Origin',(-43.8704035956272,-10.7890196137926,31.5466955075112));
#8183=CARTESIAN_POINT('',(-46.5848663287884,13.7750671051409,31.5466955075112));
#8184=CARTESIAN_POINT('',(-46.5848663287884,13.7750671051409,31.5466955075112));
#8185=CARTESIAN_POINT('',(-46.1557504777869,-35.3967390102178,31.5466955075112));
#8186=CARTESIAN_POINT('',(-46.1557504777869,-35.3967390102178,31.5466955075112));
#8187=CARTESIAN_POINT('',(-41.1559408624661,-35.353106332726,31.5466955075112));
#8188=CARTESIAN_POINT('Origin',(9.79659087811167,-29.6912516696832,21.5466955075112));
#8189=CARTESIAN_POINT('',(7.84219336767833,-34.9255060933057,21.5466955075112));
#8190=CARTESIAN_POINT('',(9.84211721380668,-34.908053022309,21.5466955075112));
#8191=CARTESIAN_POINT('',(7.41307751667687,14.2463000220529,21.5466955075112));
#8192=CARTESIAN_POINT('',(7.6048722743301,-7.73120235931351,21.5466955075112));
#8193=CARTESIAN_POINT('',(9.41300136280522,14.2637530930497,21.5466955075112));
#8194=CARTESIAN_POINT('Origin',(7.41307751667687,14.2463000220529,21.5466955075112));
#8195=CARTESIAN_POINT('',(7.84219336767833,-34.9255060933057,31.5466955075112));
#8196=CARTESIAN_POINT('',(7.84219336767833,-34.9255060933057,21.5466955075112));
#8197=CARTESIAN_POINT('',(7.41307751667687,14.2463000220529,31.5466955075112));
#8198=CARTESIAN_POINT('',(7.41307751667687,14.2463000220529,31.5466955075112));
#8199=CARTESIAN_POINT('',(7.41307751667687,14.2463000220529,21.5466955075112));
#8200=CARTESIAN_POINT('Origin',(10.127540249838,-10.3177866968805,31.5466955075112));
#8201=CARTESIAN_POINT('',(12.8420029829992,-34.8818734158139,31.5466955075112));
#8202=CARTESIAN_POINT('',(7.84219336767833,-34.9255060933057,31.5466955075112));
#8203=CARTESIAN_POINT('',(12.4128871319977,14.2899326995448,31.5466955075112));
#8204=CARTESIAN_POINT('',(12.8420029829992,-34.8818734158139,31.5466955075112));
#8205=CARTESIAN_POINT('',(12.4128871319977,14.2899326995448,31.5466955075112));
#8206=CARTESIAN_POINT('Origin',(9.49245507134923,5.15925988321822,12.1987100213759));
#8207=CARTESIAN_POINT('',(7.99251218675297,5.14617007997066,12.1987100213759));
#8208=CARTESIAN_POINT('',(-46.5054126202444,4.67057389530931,12.1987100213759));
#8209=CARTESIAN_POINT('',(9.49245507134923,5.15925988321822,12.1987100213759));
#8210=CARTESIAN_POINT('',(-46.5089562189771,5.07663009069784,12.0300000000208));
#8211=CARTESIAN_POINT('',(-46.5054126202444,4.67057389530931,12.1987100213759));
#8212=CARTESIAN_POINT('',(9.48891147261646,5.56531607860674,12.0300000000208));
#8213=CARTESIAN_POINT('',(7.99251218675297,5.14617007997066,12.1987100213759));
#8214=CARTESIAN_POINT('Ctrl Pts',(9.49345515438181,5.04466171849758,12.2003334428517));
#8215=CARTESIAN_POINT('Ctrl Pts',(9.4924552885507,5.15923499439548,12.1987203623163));
#8216=CARTESIAN_POINT('Ctrl Pts',(9.49245507134923,5.15925988321824,12.1987100213759));
#8217=CARTESIAN_POINT('Ctrl Pts',(-46.5044125372118,4.55597573058865,12.2003334428517));
#8218=CARTESIAN_POINT('Ctrl Pts',(-46.5054124030429,4.67054900648655,12.1987203623163));
#8219=CARTESIAN_POINT('Ctrl Pts',(-46.5054126202444,4.67057389530931,12.1987100213759));
#8220=CARTESIAN_POINT('',(-46.5044125373552,4.55597574702016,12.2003304743488));
#8221=CARTESIAN_POINT('',(9.49345515511206,5.0446616348187,12.2003274984758));
#8222=CARTESIAN_POINT('Origin',(-46.4994397888123,3.98615520406216,12.2082962723208));
#8223=CARTESIAN_POINT('Ctrl Pts',(9.49369435321816,5.01725224672835,12.2022030904917));
#8224=CARTESIAN_POINT('Ctrl Pts',(-46.5046516981566,4.52856208423685,12.2022030904917));
#8225=CARTESIAN_POINT('Ctrl Pts',(9.4936145751966,5.02639390252778,12.2020753928681));
#8226=CARTESIAN_POINT('Ctrl Pts',(-46.5047314761782,4.53770374003628,12.2020753928681));
#8227=CARTESIAN_POINT('Ctrl Pts',(9.49353461059739,5.03555693800879,12.2014460508545));
#8228=CARTESIAN_POINT('Ctrl Pts',(-46.5048114407774,4.5468667755173,12.2014460508545));
#8229=CARTESIAN_POINT('Ctrl Pts',(9.49345515511206,5.0446616348187,12.2003274984758));
#8230=CARTESIAN_POINT('Ctrl Pts',(-46.5048908962627,4.5559714723272,12.2003274984758));
#8231=CARTESIAN_POINT('Ctrl Pts',(-46.5044125364815,4.55597564690979,12.2003274984758));
#8232=CARTESIAN_POINT('Ctrl Pts',(-46.5043330809962,4.54687095009989,12.2014460508545));
#8233=CARTESIAN_POINT('Ctrl Pts',(-46.504253116397,4.53770791461887,12.2020753928681));
#8234=CARTESIAN_POINT('Ctrl Pts',(-46.5041733383754,4.52856625881944,12.2022030904917));
#8235=CARTESIAN_POINT('Origin',(9.65978967250276,-14.015386182892,12.3980152434383));
#8236=CARTESIAN_POINT('Origin',(-13.2477022577307,-24.7161180923798,12.2536679356968));
#8237=CARTESIAN_POINT('',(-46.2464422522143,-25.0044910007555,12.2821126226362));
#8238=CARTESIAN_POINT('',(-1.74813667585862,-24.6161601710779,12.2821126226362));
#8239=CARTESIAN_POINT('',(-46.2464457188484,-25.0040937638262,12.2536679356968));
#8240=CARTESIAN_POINT('Origin',(9.74859896134318,-24.1919227100618,12.2821126226362));
#8241=CARTESIAN_POINT('',(-46.2463379886285,-25.0164384243105,12.2821126226362));
#8242=CARTESIAN_POINT('',(8.25158681836891,-24.5408422396492,12.2821126226362));
#8243=CARTESIAN_POINT('',(-46.2492687302504,-24.6806086979707,12.2821126226362));
#8244=CARTESIAN_POINT('Origin',(-13.2476980280369,-24.716602767288,12.2534654899856));
#8245=CARTESIAN_POINT('',(-46.2464414891545,-25.0045784387343,12.2534654899856));
#8246=CARTESIAN_POINT('',(9.75142620243905,-24.5158924508254,12.2534654899856));
#8247=CARTESIAN_POINT('',(-46.2464414891545,-25.0045784387343,12.2534654899856));
#8248=CARTESIAN_POINT('Origin',(9.75613633125859,-25.0556197541923,12.0300000000208));
#8249=CARTESIAN_POINT('',(-46.241731360335,-25.5443057421012,12.0300000000208));
#8250=CARTESIAN_POINT('',(9.75613633125859,-25.0556197541923,12.0300000000208));
#8251=CARTESIAN_POINT('',(-46.241731360335,-25.5443057421012,12.0300000000208));
#8252=CARTESIAN_POINT('Origin',(9.7629178165662,-25.8327010014626,12.0300000000208));
#8253=CARTESIAN_POINT('',(-46.2372825854546,-26.0540848503807,12.0300000000208));
#8254=CARTESIAN_POINT('Ctrl Pts',(9.76480260654696,-26.048676541135,9.74215119632754));
#8255=CARTESIAN_POINT('Ctrl Pts',(-46.2368485624901,-26.5373955469514,9.74215119632754));
#8256=CARTESIAN_POINT('Ctrl Pts',(9.76480460937703,-26.0489060427292,9.81873498314316));
#8257=CARTESIAN_POINT('Ctrl Pts',(-46.2368465596601,-26.5376250485456,9.81873498314316));
#8258=CARTESIAN_POINT('Ctrl Pts',(9.76480616564262,-26.049084373103,9.89757871687088));
#8259=CARTESIAN_POINT('Ctrl Pts',(-46.2368450033944,-26.5378033789194,9.89757871687088));
#8260=CARTESIAN_POINT('Ctrl Pts',(9.76480948733444,-26.0494650012848,10.1422239171362));
#8261=CARTESIAN_POINT('Ctrl Pts',(-46.2368416817026,-26.5381840071011,10.1422239171362));
#8262=CARTESIAN_POINT('Ctrl Pts',(9.7648096993594,-26.0494892969382,10.3140161168751));
#8263=CARTESIAN_POINT('Ctrl Pts',(-46.2368414696777,-26.5382083027545,10.3140161168751));
#8264=CARTESIAN_POINT('Ctrl Pts',(9.76480603383132,-26.0490692690235,10.6458995776982));
#8265=CARTESIAN_POINT('Ctrl Pts',(-46.2368451352058,-26.5377882748399,10.6458995776982));
#8266=CARTESIAN_POINT('Ctrl Pts',(9.76480210354425,-26.0486189027341,10.8101141301624));
#8267=CARTESIAN_POINT('Ctrl Pts',(-46.2368490654928,-26.5373379085505,10.8101141301624));
#8268=CARTESIAN_POINT('Ctrl Pts',(9.7647906076409,-26.0473016026876,11.1109947375001));
#8269=CARTESIAN_POINT('Ctrl Pts',(-46.2368605613962,-26.536020608504,11.1109947375001));
#8270=CARTESIAN_POINT('Ctrl Pts',(9.7647828787369,-26.0464159580104,11.2512915575771));
#8271=CARTESIAN_POINT('Ctrl Pts',(-46.2368682903002,-26.5351349638267,11.2512915575771));
#8272=CARTESIAN_POINT('Ctrl Pts',(9.76476307079325,-26.0441461924863,11.5102239576648));
#8273=CARTESIAN_POINT('Ctrl Pts',(-46.2368880982438,-26.5328651983027,11.5102239576648));
#8274=CARTESIAN_POINT('Ctrl Pts',(9.76475016218566,-26.0426670125672,11.6250056123313));
#8275=CARTESIAN_POINT('Ctrl Pts',(-46.2369010068514,-26.5313860183836,11.6250056123313));
#8276=CARTESIAN_POINT('Ctrl Pts',(9.76472724722369,-26.0400412180073,11.7538907442698));
#8277=CARTESIAN_POINT('Ctrl Pts',(-46.2369239218134,-26.5287602238236,11.7538907442698));
#8278=CARTESIAN_POINT('Ctrl Pts',(9.7647184735713,-26.0390358570229,11.789774953523));
#8279=CARTESIAN_POINT('Ctrl Pts',(-46.2369326954658,-26.5277548628392,11.789774953523));
#8280=CARTESIAN_POINT('Ctrl Pts',(9.76470311716701,-26.0372761873846,11.8239017054594));
#8281=CARTESIAN_POINT('Ctrl Pts',(-46.2369480518701,-26.525995193201,11.8239017054594));
#8282=CARTESIAN_POINT('Ctrl Pts',(9.76469956922861,-26.0368696339125,11.8310496305261));
#8283=CARTESIAN_POINT('Ctrl Pts',(-46.2369515998085,-26.5255886397288,11.8310496305261));
#8284=CARTESIAN_POINT('Ctrl Pts',(9.76468879055902,-26.035634520714,11.8437814314365));
#8285=CARTESIAN_POINT('Ctrl Pts',(-46.2369623784781,-26.5243535265304,11.8437814314365));
#8286=CARTESIAN_POINT('Ctrl Pts',(9.76468524843351,-26.0352286333339,11.8476331607871));
#8287=CARTESIAN_POINT('Ctrl Pts',(-46.2369659206036,-26.5239476391503,11.8476331607871));
#8288=CARTESIAN_POINT('Ctrl Pts',(9.76467470886182,-26.0340209180407,11.8560531671618));
#8289=CARTESIAN_POINT('Ctrl Pts',(-46.2369764601753,-26.5227399238571,11.8560531671618));
#8290=CARTESIAN_POINT('Ctrl Pts',(9.76466965203548,-26.0334414631363,11.8597444194003));
#8291=CARTESIAN_POINT('Ctrl Pts',(-46.2369815170016,-26.5221604689526,11.8597444194003));
#8292=CARTESIAN_POINT('Ctrl Pts',(9.7646538262962,-26.0316280130345,11.8690166411483));
#8293=CARTESIAN_POINT('Ctrl Pts',(-46.2369973427409,-26.5203470188508,11.8690166411483));
#8294=CARTESIAN_POINT('Ctrl Pts',(9.76464276462476,-26.030360471036,11.8747449001949));
#8295=CARTESIAN_POINT('Ctrl Pts',(-46.2370084044123,-26.5190794768524,11.8747449001949));
#8296=CARTESIAN_POINT('Ctrl Pts',(9.76461567195178,-26.0272559582106,11.8857460240878));
#8297=CARTESIAN_POINT('Ctrl Pts',(-46.2370354970853,-26.515974964027,11.8857460240878));
#8298=CARTESIAN_POINT('Ctrl Pts',(9.76460252680234,-26.0257496732809,11.8905246121966));
#8299=CARTESIAN_POINT('Ctrl Pts',(-46.2370486422347,-26.5144686790973,11.8905246121966));
#8300=CARTESIAN_POINT('Ctrl Pts',(9.7645648577333,-26.0214332255088,11.9024827456799));
#8301=CARTESIAN_POINT('Ctrl Pts',(-46.2370863113038,-26.5101522313252,11.9024827456799));
#8302=CARTESIAN_POINT('Ctrl Pts',(9.76453758543193,-26.018308129308,11.9098981864369));
#8303=CARTESIAN_POINT('Ctrl Pts',(-46.2371135836052,-26.5070271351244,11.9098981864369));
#8304=CARTESIAN_POINT('Ctrl Pts',(9.76446812536686,-26.0103487942144,11.9258919471799));
#8305=CARTESIAN_POINT('Ctrl Pts',(-46.2371830436702,-26.4990678000308,11.9258919471799));
#8306=CARTESIAN_POINT('Ctrl Pts',(9.76442369958674,-26.0052581040389,11.9345369768719));
#8307=CARTESIAN_POINT('Ctrl Pts',(-46.2372274694503,-26.4939771098553,11.9345369768719));
#8308=CARTESIAN_POINT('Ctrl Pts',(9.76426824095961,-25.987444309805,11.960154635904));
#8309=CARTESIAN_POINT('Ctrl Pts',(-46.2373829280775,-26.4761633156213,11.960154635904));
#8310=CARTESIAN_POINT('Ctrl Pts',(9.76413525253317,-25.9722053455369,11.9760746636212));
#8311=CARTESIAN_POINT('Ctrl Pts',(-46.2375159165039,-26.4609243513533,11.9760746636212));
#8312=CARTESIAN_POINT('Ctrl Pts',(9.76383551199696,-25.9378584821038,12.0019874595614));
#8313=CARTESIAN_POINT('Ctrl Pts',(-46.2378156570401,-26.4265774879202,12.0019874595614));
#8314=CARTESIAN_POINT('Ctrl Pts',(9.763664838717,-25.9183012613401,12.0123415163746));
#8315=CARTESIAN_POINT('Ctrl Pts',(-46.2379863303201,-26.4070202671565,12.0123415163746));
#8316=CARTESIAN_POINT('Ctrl Pts',(9.76330453592021,-25.8770146502182,12.0263242749077));
#8317=CARTESIAN_POINT('Ctrl Pts',(-46.2383466331169,-26.3657336560345,12.0263242749077));
#8318=CARTESIAN_POINT('Ctrl Pts',(9.7631099378214,-25.8547159167573,12.0300000000208));
#8319=CARTESIAN_POINT('Ctrl Pts',(-46.2385412312157,-26.3434349225737,12.0300000000208));
#8320=CARTESIAN_POINT('Ctrl Pts',(9.7629178165662,-25.8327010014626,12.0300000000208));
#8321=CARTESIAN_POINT('Ctrl Pts',(-46.2387333524709,-26.321420007279,12.0300000000208));
#8322=CARTESIAN_POINT('',(8.14163656327106,-26.0628416965971,9.74215119632754));
#8323=CARTESIAN_POINT('',(9.76480260654696,-26.048676541135,9.74215119632754));
#8324=CARTESIAN_POINT('Ctrl Pts',(8.14163656327106,-26.0628416965971,9.74215119632754));
#8325=CARTESIAN_POINT('Ctrl Pts',(8.20241644051934,-26.0626234059921,9.84629894319935));
#8326=CARTESIAN_POINT('Ctrl Pts',(8.24413298549606,-26.0624925404742,9.960415033659));
#8327=CARTESIAN_POINT('Ctrl Pts',(8.26486548183958,-26.0624263622747,10.0791246346531));
#8328=CARTESIAN_POINT('Origin',(-13.234321623929,-26.2493868575976,9.74215119632754));
#8329=CARTESIAN_POINT('',(8.14146349940865,-26.1617620227938,9.74185476248834));
#8330=CARTESIAN_POINT('',(8.26572290764031,-26.1606776273663,9.74185476248834));
#8331=CARTESIAN_POINT('',(8.1411463958051,-26.3424751765814,9.74131322068801));
#8332=CARTESIAN_POINT('Origin',(-13.2343216319063,-26.249385943484,9.74185476248834));
#8333=CARTESIAN_POINT('',(8.14146349940865,-26.0628422927194,9.74185476248834));
#8334=CARTESIAN_POINT('',(9.76480259856961,-26.0486756270214,9.74185476248834));
#8335=CARTESIAN_POINT('',(8.14146349940865,-28.6965,9.74185476248834));
#8336=CARTESIAN_POINT('Origin',(9.76480259856961,-26.0486756270214,9.22355248569152));
#8337=CARTESIAN_POINT('',(6.38853650059135,-26.0781398548849,9.74185476248834));
#8338=CARTESIAN_POINT('',(9.76480259856961,-26.0486756270214,9.74185476248834));
#8339=CARTESIAN_POINT('Origin',(7.265,-26.0704910738022,10.2537500000208));
#8340=CARTESIAN_POINT('',(9.76480259856961,-26.0486756270214,9.22355248569152));
#8341=CARTESIAN_POINT('Origin',(9.77978000869942,-27.7649168362292,8.92044363379811));
#8342=CARTESIAN_POINT('',(9.77978000869942,-27.7649168362292,8.92044363379811));
#8343=CARTESIAN_POINT('Origin',(9.77947192212966,-27.7296136120773,8.72053718706398));
#8344=CARTESIAN_POINT('',(9.7812434088358,-27.9326058824562,8.72053718709392));
#8345=CARTESIAN_POINT('Origin',(9.78124340883582,-27.9326058824593,2.89500000002084));
#8346=CARTESIAN_POINT('',(9.78124340883582,-27.9326058824593,2.89500000002084));
#8347=CARTESIAN_POINT('Origin',(9.78297201035554,-28.1306839972152,2.89500000002084));
#8348=CARTESIAN_POINT('',(9.78297201035554,-28.1306839972152,2.89500000002084));
#8349=CARTESIAN_POINT('Ctrl Pts',(9.78297201035554,-28.1306839972152,-3.19499999997916));
#8350=CARTESIAN_POINT('Ctrl Pts',(-46.2197514676009,-28.6194123609298,-3.19499999997916));
#8351=CARTESIAN_POINT('Ctrl Pts',(9.78311848834636,-28.1474687124563,-3.19499999997916));
#8352=CARTESIAN_POINT('Ctrl Pts',(-46.2196049896101,-28.6361970761709,-3.19499999997916));
#8353=CARTESIAN_POINT('Ctrl Pts',(9.78326567433687,-28.1643345564265,-3.19331915690536));
#8354=CARTESIAN_POINT('Ctrl Pts',(-46.2194578036196,-28.6530629201411,-3.19331915690536));
#8355=CARTESIAN_POINT('Ctrl Pts',(9.78363695928172,-28.2068795970704,-3.18475753997601));
#8356=CARTESIAN_POINT('Ctrl Pts',(-46.2190865186748,-28.695607960785,-3.18475753997601));
#8357=CARTESIAN_POINT('Ctrl Pts',(9.78385991984608,-28.232428347172,-3.17523581966998));
#8358=CARTESIAN_POINT('Ctrl Pts',(-46.2188635581104,-28.7211567108866,-3.17523581966998));
#8359=CARTESIAN_POINT('Ctrl Pts',(9.78424254826292,-28.2762732209595,-3.1504839570477));
#8360=CARTESIAN_POINT('Ctrl Pts',(-46.2184809296936,-28.765001584674,-3.1504839570477));
#8361=CARTESIAN_POINT('Ctrl Pts',(9.78441021254951,-28.2954856452345,-3.13569957657873));
#8362=CARTESIAN_POINT('Ctrl Pts',(-46.218313265407,-28.784214008949,-3.13569957657873));
#8363=CARTESIAN_POINT('Ctrl Pts',(9.78466267367444,-28.3244148247502,-3.10622553497274));
#8364=CARTESIAN_POINT('Ctrl Pts',(-46.218060804282,-28.8131431884648,-3.10622553497274));
#8365=CARTESIAN_POINT('Ctrl Pts',(9.78475937015043,-28.3354951434065,-3.092216280334));
#8366=CARTESIAN_POINT('Ctrl Pts',(-46.2179641078061,-28.824223507121,-3.092216280334));
#8367=CARTESIAN_POINT('Ctrl Pts',(9.78489886794472,-28.3514800073507,-3.06723190035955));
#8368=CARTESIAN_POINT('Ctrl Pts',(-46.2178246100118,-28.8402083710652,-3.06723190035955));
#8369=CARTESIAN_POINT('Ctrl Pts',(9.78494982374264,-28.3573189634498,-3.05634638471896));
#8370=CARTESIAN_POINT('Ctrl Pts',(-46.2177736542139,-28.8460473271643,-3.05634638471896));
#8371=CARTESIAN_POINT('Ctrl Pts',(9.7850414209531,-28.3678149641525,-3.03329069849616));
#8372=CARTESIAN_POINT('Ctrl Pts',(-46.2176820570034,-28.8565433278671,-3.03329069849616));
#8373=CARTESIAN_POINT('Ctrl Pts',(9.78507846603876,-28.3720599105118,-3.02111148717172));
#8374=CARTESIAN_POINT('Ctrl Pts',(-46.2176450119177,-28.8607882742264,-3.02111148717172));
#8375=CARTESIAN_POINT('Ctrl Pts',(9.7851224279359,-28.3770974449633,-3.00389377010642));
#8376=CARTESIAN_POINT('Ctrl Pts',(-46.2176010500206,-28.8658258086778,-3.00389377010642));
#8377=CARTESIAN_POINT('Ctrl Pts',(9.78513544874017,-28.3785894813472,-2.99764482146828));
#8378=CARTESIAN_POINT('Ctrl Pts',(-46.2175880292163,-28.8673178450617,-2.99764482146828));
#8379=CARTESIAN_POINT('Ctrl Pts',(9.78518738576394,-28.3845408747931,-2.97003231043349));
#8380=CARTESIAN_POINT('Ctrl Pts',(-46.2175360921925,-28.8732692385076,-2.97003231043349));
#8381=CARTESIAN_POINT('Ctrl Pts',(9.78518910479767,-28.3847378565475,-2.96188636245702));
#8382=CARTESIAN_POINT('Ctrl Pts',(-46.2175343731588,-28.8734662202621,-2.96188636245702));
#8383=CARTESIAN_POINT('Ctrl Pts',(9.78524071686426,-28.3906520135885,-2.89847886360597));
#8384=CARTESIAN_POINT('Ctrl Pts',(-46.2174827610922,-28.879380377303,-2.89847886360597));
#8385=CARTESIAN_POINT('Ctrl Pts',(9.78525047814002,-28.391770545001,-2.83160805725572));
#8386=CARTESIAN_POINT('Ctrl Pts',(-46.2174729998165,-28.8804989087156,-2.83160805725572));
#8387=CARTESIAN_POINT('Ctrl Pts',(9.78529249189636,-28.3965848446279,-2.58883287727926));
#8388=CARTESIAN_POINT('Ctrl Pts',(-46.2174309860601,-28.8853132083424,-2.58883287727926));
#8389=CARTESIAN_POINT('Ctrl Pts',(9.78531199985838,-28.3988202356622,-2.42263330648541));
#8390=CARTESIAN_POINT('Ctrl Pts',(-46.2174114780981,-28.8875485993768,-2.42263330648541));
#8391=CARTESIAN_POINT('Ctrl Pts',(9.78534562987464,-28.4026738538285,-2.02332229811677));
#8392=CARTESIAN_POINT('Ctrl Pts',(-46.2173778480819,-28.891402217543,-2.02332229811677));
#8393=CARTESIAN_POINT('Ctrl Pts',(9.7853601406113,-28.404336619556,-1.78547983666385));
#8394=CARTESIAN_POINT('Ctrl Pts',(-46.2173633373452,-28.8930649832706,-1.78547983666385));
#8395=CARTESIAN_POINT('Ctrl Pts',(9.78538244059595,-28.4068919446935,-1.26850134523216));
#8396=CARTESIAN_POINT('Ctrl Pts',(-46.2173410373605,-28.895620308408,-1.26850134523216));
#8397=CARTESIAN_POINT('Ctrl Pts',(9.78539050717454,-28.4078162830452,-0.982967956618265));
#8398=CARTESIAN_POINT('Ctrl Pts',(-46.2173329707819,-28.8965446467597,-0.982967956618265));
#8399=CARTESIAN_POINT('Ctrl Pts',(9.78539927740705,-28.4088212521507,-0.400285027952051));
#8400=CARTESIAN_POINT('Ctrl Pts',(-46.2173242005494,-28.8975496158653,-0.400285027952051));
#8401=CARTESIAN_POINT('Ctrl Pts',(9.78540008844102,-28.408914187438,-0.0958829676251101));
#8402=CARTESIAN_POINT('Ctrl Pts',(-46.2173233895155,-28.8976425511525,-0.0958829676251101));
#8403=CARTESIAN_POINT('Ctrl Pts',(9.78539443739854,-28.4082666421084,0.4937866145075));
#8404=CARTESIAN_POINT('Ctrl Pts',(-46.217329040558,-28.896995005823,0.4937866145075));
#8405=CARTESIAN_POINT('Ctrl Pts',(9.78538789702693,-28.4075171897544,0.786386826626943));
#8406=CARTESIAN_POINT('Ctrl Pts',(-46.2173355809296,-28.8962455534689,0.786386826626943));
#8407=CARTESIAN_POINT('Ctrl Pts',(9.78536832504595,-28.4052744628739,1.32413804193154));
#8408=CARTESIAN_POINT('Ctrl Pts',(-46.2173551529105,-28.8940028265885,1.32413804193154));
#8409=CARTESIAN_POINT('Ctrl Pts',(9.78535502066192,-28.4037499314669,1.57582742498987));
#8410=CARTESIAN_POINT('Ctrl Pts',(-46.2173684572946,-28.8924782951815,1.57582742498987));
#8411=CARTESIAN_POINT('Ctrl Pts',(9.78532261549381,-28.4000366669957,2.01658690274147));
#8412=CARTESIAN_POINT('Ctrl Pts',(-46.2174008624627,-28.8887650307102,2.01658690274147));
#8413=CARTESIAN_POINT('Ctrl Pts',(9.78530282896348,-28.3977693551943,2.2078075181002));
#8414=CARTESIAN_POINT('Ctrl Pts',(-46.217420648993,-28.8864977189088,2.2078075181002));
#8415=CARTESIAN_POINT('Ctrl Pts',(9.78526782383389,-28.3937581646473,2.43839973829341));
#8416=CARTESIAN_POINT('Ctrl Pts',(-46.2174556541226,-28.8824865283619,2.43839973829341));
#8417=CARTESIAN_POINT('Ctrl Pts',(9.78525356228099,-28.3921239525519,2.50916394308197));
#8418=CARTESIAN_POINT('Ctrl Pts',(-46.2174699156755,-28.8808523162664,2.50916394308197));
#8419=CARTESIAN_POINT('Ctrl Pts',(9.78522823003297,-28.3892211644466,2.59520391199877));
#8420=CARTESIAN_POINT('Ctrl Pts',(-46.2174952479235,-28.8779495281611,2.59520391199877));
#8421=CARTESIAN_POINT('Ctrl Pts',(9.78521903078175,-28.3881670346671,2.62022626501055));
#8422=CARTESIAN_POINT('Ctrl Pts',(-46.2175044471747,-28.8768953983816,2.62022626501055));
#8423=CARTESIAN_POINT('Ctrl Pts',(9.7851987641786,-28.3858447119688,2.65043885627218));
#8424=CARTESIAN_POINT('Ctrl Pts',(-46.2175247137779,-28.8745730756833,2.65043885627218));
#8425=CARTESIAN_POINT('Ctrl Pts',(9.7851935865434,-28.3852514137412,2.65762921182251));
#8426=CARTESIAN_POINT('Ctrl Pts',(-46.2175298914131,-28.8739797774557,2.65762921182251));
#8427=CARTESIAN_POINT('Ctrl Pts',(9.7851767599219,-28.3833232738973,2.67241025565288));
#8428=CARTESIAN_POINT('Ctrl Pts',(-46.2175467180346,-28.8720516376119,2.67241025565288));
#8429=CARTESIAN_POINT('Ctrl Pts',(9.78517029828941,-28.3825828441522,2.67764075723869));
#8430=CARTESIAN_POINT('Ctrl Pts',(-46.2175531796671,-28.8713112078668,2.67764075723869));
#8431=CARTESIAN_POINT('Ctrl Pts',(9.78515097784209,-28.3803689401749,2.68950768404469));
#8432=CARTESIAN_POINT('Ctrl Pts',(-46.2175725001144,-28.8690973038894,2.68950768404469));
#8433=CARTESIAN_POINT('Ctrl Pts',(9.78514077620347,-28.3791999481758,2.69521215168141));
#8434=CARTESIAN_POINT('Ctrl Pts',(-46.217582701753,-28.8679283118904,2.69521215168141));
#8435=CARTESIAN_POINT('Ctrl Pts',(9.78510671518116,-28.375296941607,2.71052731592107));
#8436=CARTESIAN_POINT('Ctrl Pts',(-46.2176167627753,-28.8640253053216,2.71052731592107));
#8437=CARTESIAN_POINT('Ctrl Pts',(9.78507966780601,-28.3721976193994,2.72100383271422));
#8438=CARTESIAN_POINT('Ctrl Pts',(-46.2176438101505,-28.860925983114,2.72100383271422));
#8439=CARTESIAN_POINT('Ctrl Pts',(9.78501471081299,-28.3647542852522,2.74013451417149));
#8440=CARTESIAN_POINT('Ctrl Pts',(-46.2177087671435,-28.8534826489668,2.74013451417149));
#8441=CARTESIAN_POINT('Ctrl Pts',(9.78498356706267,-28.3611855649436,2.74821242326297));
#8442=CARTESIAN_POINT('Ctrl Pts',(-46.2177399108938,-28.8499139286581,2.74821242326297));
#8443=CARTESIAN_POINT('Ctrl Pts',(9.78490260084535,-28.3519077553938,2.7663700557474));
#8444=CARTESIAN_POINT('Ctrl Pts',(-46.2178208771111,-28.8406361191083,2.7663700557474));
#8445=CARTESIAN_POINT('Ctrl Pts',(9.78484961748949,-28.3458364641672,2.7765624307528));
#8446=CARTESIAN_POINT('Ctrl Pts',(-46.217873860467,-28.8345648278818,2.7765624307528));
#8447=CARTESIAN_POINT('Ctrl Pts',(9.78465997797768,-28.3241059284985,2.80766929723102));
#8448=CARTESIAN_POINT('Ctrl Pts',(-46.2180634999788,-28.812834292213,2.80766929723102));
#8449=CARTESIAN_POINT('Ctrl Pts',(9.78449469888815,-28.3051668207337,2.82751098021368));
#8450=CARTESIAN_POINT('Ctrl Pts',(-46.2182287790683,-28.7938951844482,2.82751098021368));
#8451=CARTESIAN_POINT('Ctrl Pts',(9.78412107275258,-28.2623535062056,2.8598571178461));
#8452=CARTESIAN_POINT('Ctrl Pts',(-46.2186024052039,-28.7510818699201,2.8598571178461));
#8453=CARTESIAN_POINT('Ctrl Pts',(9.78390761278929,-28.2378934171558,2.87284141794906));
#8454=CARTESIAN_POINT('Ctrl Pts',(-46.2188158651672,-28.7266217808703,2.87284141794906));
#8455=CARTESIAN_POINT('Ctrl Pts',(9.78345656629568,-28.1862086083078,2.89038256370764));
#8456=CARTESIAN_POINT('Ctrl Pts',(-46.2192669116608,-28.6749369720223,2.89038256370764));
#8457=CARTESIAN_POINT('Ctrl Pts',(9.78321273710913,-28.1582685509589,2.89500000002084));
#8458=CARTESIAN_POINT('Ctrl Pts',(-46.2195107408474,-28.6469969146734,2.89500000002084));
#8459=CARTESIAN_POINT('Ctrl Pts',(9.78297201035554,-28.1306839972152,2.89500000002084));
#8460=CARTESIAN_POINT('Ctrl Pts',(-46.2197514676009,-28.6194123609298,2.89500000002084));
#8461=CARTESIAN_POINT('',(9.78297201035554,-28.1306839972152,-3.19499999997916));
#8462=CARTESIAN_POINT('Origin',(9.78124340883582,-27.9326058824593,-3.19499999997916));
#8463=CARTESIAN_POINT('',(9.78124340883582,-27.9326058824593,-3.19499999997916));
#8464=CARTESIAN_POINT('Origin',(9.78124340883583,-27.9326058824593,-9.0205371870223));
#8465=CARTESIAN_POINT('',(9.78124340883583,-27.9326058824593,-9.0205371870223));
#8466=CARTESIAN_POINT('Origin',(9.77947192212966,-27.7296136120773,-9.0205371870223));
#8467=CARTESIAN_POINT('',(9.77978000869939,-27.7649168362262,-9.22044363376016));
#8468=CARTESIAN_POINT('Origin',(9.76480259856961,-26.0486756270214,-9.52355248565381));
#8469=CARTESIAN_POINT('',(9.76480259856961,-26.0486756270214,-9.52355248565381));
#8470=CARTESIAN_POINT('Origin',(9.76480259856961,-26.0486756270214,-10.0418547628477));
#8471=CARTESIAN_POINT('',(8.14146349964289,-26.0628422927173,-10.0418547628477));
#8472=CARTESIAN_POINT('',(9.76480259856961,-26.0486756270214,-10.0418547628477));
#8473=CARTESIAN_POINT('',(6.38853650035712,-26.078139854887,-10.0418547628477));
#8474=CARTESIAN_POINT('Origin',(7.265,-26.0704910738022,-10.5537499999792));
#8475=CARTESIAN_POINT('',(9.76480259856961,-26.0486756270214,-10.0418547628477));
#8476=CARTESIAN_POINT('Origin',(-13.2343216319063,-26.249385943484,-10.0418547628477));
#8477=CARTESIAN_POINT('',(8.14146349964289,-26.1617619664429,-10.0418547628477));
#8478=CARTESIAN_POINT('',(8.2657229071486,-26.1606775710219,-10.0418547628477));
#8479=CARTESIAN_POINT('',(8.14146349964289,-28.6965,-10.0418547628477));
#8480=CARTESIAN_POINT('Origin',(-13.234321623929,-26.2493868575917,-10.0421511965181));
#8481=CARTESIAN_POINT('',(8.14163656340659,-26.06284169659,-10.0421511965181));
#8482=CARTESIAN_POINT('',(9.7648026065469,-26.0486765411291,-10.0421511965181));
#8483=CARTESIAN_POINT('',(8.14114639599039,-26.3424751484062,-10.0413132209629));
#8484=CARTESIAN_POINT('Ctrl Pts',(9.7629178165662,-25.8327010014626,-12.3299999999792));
#8485=CARTESIAN_POINT('Ctrl Pts',(-46.2387322931847,-26.3214199980348,-12.3299999999792));
#8486=CARTESIAN_POINT('Ctrl Pts',(9.76304401608507,-25.8471620339772,-12.3299999999792));
#8487=CARTESIAN_POINT('Ctrl Pts',(-46.2386060936658,-26.3358810305493,-12.3299999999792));
#8488=CARTESIAN_POINT('Ctrl Pts',(9.76317092582958,-25.8617044502886,-12.3284377109683));
#8489=CARTESIAN_POINT('Ctrl Pts',(-46.2384791839213,-26.3504234468607,-12.3284377109683));
#8490=CARTESIAN_POINT('Ctrl Pts',(9.7634766175985,-25.8967332574447,-12.3208254284595));
#8491=CARTESIAN_POINT('Ctrl Pts',(-46.2381734921524,-26.3854522540168,-12.3208254284595));
#8492=CARTESIAN_POINT('Ctrl Pts',(9.76365476199122,-25.917146582935,-12.3128430218922));
#8493=CARTESIAN_POINT('Ctrl Pts',(-46.2379953477597,-26.4058655795071,-12.3128430218922));
#8494=CARTESIAN_POINT('Ctrl Pts',(9.76396261547482,-25.9524230980589,-12.2921271448931));
#8495=CARTESIAN_POINT('Ctrl Pts',(-46.2376874942761,-26.441142094631,-12.2921271448931));
#8496=CARTESIAN_POINT('Ctrl Pts',(9.76409837857552,-25.9679800085045,-12.2796386491846));
#8497=CARTESIAN_POINT('Ctrl Pts',(-46.2375517311754,-26.4566990050766,-12.2796386491846));
#8498=CARTESIAN_POINT('Ctrl Pts',(9.76430084791779,-25.9911806971282,-12.2547761968277));
#8499=CARTESIAN_POINT('Ctrl Pts',(-46.2373492618331,-26.4798996937003,-12.2547761968277));
#8500=CARTESIAN_POINT('Ctrl Pts',(9.76437770418077,-25.9999875525575,-12.2429895242853));
#8501=CARTESIAN_POINT('Ctrl Pts',(-46.2372724055701,-26.4887065491296,-12.2429895242853));
#8502=CARTESIAN_POINT('Ctrl Pts',(9.7644843358083,-26.0122063268169,-12.2224810583392));
#8503=CARTESIAN_POINT('Ctrl Pts',(-46.2371657739426,-26.500925323389,-12.2224810583392));
#8504=CARTESIAN_POINT('Ctrl Pts',(9.76452173486246,-26.0164918339484,-12.213921450392));
#8505=CARTESIAN_POINT('Ctrl Pts',(-46.2371283748884,-26.5052108305205,-12.213921450392));
#8506=CARTESIAN_POINT('Ctrl Pts',(9.76457983363728,-26.0231492941301,-12.1981385872288));
#8507=CARTESIAN_POINT('Ctrl Pts',(-46.2370702761136,-26.5118682907022,-12.1981385872288));
#8508=CARTESIAN_POINT('Ctrl Pts',(9.76460222170345,-26.0257147124111,-12.1907751637625));
#8509=CARTESIAN_POINT('Ctrl Pts',(-46.2370478880475,-26.5144337089832,-12.1907751637625));
#8510=CARTESIAN_POINT('Ctrl Pts',(9.76463104176708,-26.029017164599,-12.1796745829447));
#8511=CARTESIAN_POINT('Ctrl Pts',(-46.2370190679838,-26.5177361611711,-12.1796745829447));
#8512=CARTESIAN_POINT('Ctrl Pts',(9.76464045639935,-26.0300959746023,-12.1754777859965));
#8513=CARTESIAN_POINT('Ctrl Pts',(-46.2370096533516,-26.5188149711744,-12.1754777859965));
#8514=CARTESIAN_POINT('Ctrl Pts',(9.76466112963643,-26.032464892933,-12.1652702881591));
#8515=CARTESIAN_POINT('Ctrl Pts',(-46.2369889801145,-26.5211838895051,-12.1652702881591));
#8516=CARTESIAN_POINT('Ctrl Pts',(9.7646688148743,-26.0333455339668,-12.1602113954658));
#8517=CARTESIAN_POINT('Ctrl Pts',(-46.2369812948766,-26.5220645305389,-12.1602113954658));
#8518=CARTESIAN_POINT('Ctrl Pts',(9.76469553714506,-26.0364076029018,-12.1407534172282));
#8519=CARTESIAN_POINT('Ctrl Pts',(-46.2369545726058,-26.5251265994739,-12.1407534172282));
#8520=CARTESIAN_POINT('Ctrl Pts',(9.76469651120728,-26.0365192193763,-12.1348382289433));
#8521=CARTESIAN_POINT('Ctrl Pts',(-46.2369535985436,-26.5252382159485,-12.1348382289433));
#8522=CARTESIAN_POINT('Ctrl Pts',(9.76471068067434,-26.0381428794801,-12.1103317624562));
#8523=CARTESIAN_POINT('Ctrl Pts',(-46.2369394290766,-26.5268618760522,-12.1103317624562));
#8524=CARTESIAN_POINT('Ctrl Pts',(9.76471669710167,-26.0388322937663,-12.0914756378625));
#8525=CARTESIAN_POINT('Ctrl Pts',(-46.2369334126492,-26.5275512903385,-12.0914756378625));
#8526=CARTESIAN_POINT('Ctrl Pts',(9.76473598658377,-26.041042649482,-12.0149735541938));
#8527=CARTESIAN_POINT('Ctrl Pts',(-46.2369141231671,-26.5297616460541,-12.0149735541938));
#8528=CARTESIAN_POINT('Ctrl Pts',(9.76474773803734,-26.0423892326838,-11.9390452838078));
#8529=CARTESIAN_POINT('Ctrl Pts',(-46.2369023717136,-26.5311082292559,-11.9390452838078));
#8530=CARTESIAN_POINT('Ctrl Pts',(9.76476871730951,-26.0447932191623,-11.7446339833924));
#8531=CARTESIAN_POINT('Ctrl Pts',(-46.2368813924414,-26.5335122157344,-11.7446339833924));
#8532=CARTESIAN_POINT('Ctrl Pts',(9.76477807981796,-26.0458660563671,-11.6242191595828));
#8533=CARTESIAN_POINT('Ctrl Pts',(-46.2368720299329,-26.5345850529392,-11.6242191595828));
#8534=CARTESIAN_POINT('Ctrl Pts',(9.76479324557197,-26.0476038796475,-11.3543551627793));
#8535=CARTESIAN_POINT('Ctrl Pts',(-46.2368568641789,-26.5363228762196,-11.3543551627793));
#8536=CARTESIAN_POINT('Ctrl Pts',(9.76479923575164,-26.0482902862491,-11.2016052198411));
#8537=CARTESIAN_POINT('Ctrl Pts',(-46.2368508739993,-26.5370092828212,-11.2016052198411));
#8538=CARTESIAN_POINT('Ctrl Pts',(9.7648071475796,-26.0491968919361,-10.8832007180391));
#8539=CARTESIAN_POINT('Ctrl Pts',(-46.2368429621713,-26.5379158885082,-10.8832007180391));
#8540=CARTESIAN_POINT('Ctrl Pts',(9.76480916967597,-26.0494286012291,-10.7136028059657));
#8541=CARTESIAN_POINT('Ctrl Pts',(-46.2368409400749,-26.5381475978012,-10.7136028059657));
#8542=CARTESIAN_POINT('Ctrl Pts',(9.76480904661962,-26.0494145003685,-10.375809853624));
#8543=CARTESIAN_POINT('Ctrl Pts',(-46.2368410631313,-26.5381334969406,-10.375809853624));
#8544=CARTESIAN_POINT('Ctrl Pts',(9.76480682211346,-26.0491595972106,-10.2033451267237));
#8545=CARTESIAN_POINT('Ctrl Pts',(-46.2368432876374,-26.5378785937827,-10.2033451267237));
#8546=CARTESIAN_POINT('Ctrl Pts',(9.7648026065469,-26.0486765411291,-10.0421511965181));
#8547=CARTESIAN_POINT('Ctrl Pts',(-46.236847503204,-26.5373955377012,-10.0421511965181));
#8548=CARTESIAN_POINT('',(6.38836343659342,-26.0781422793688,-10.0421511965181));
#8549=CARTESIAN_POINT('',(9.7648026065469,-26.0486765411291,-10.0421511965181));
#8550=CARTESIAN_POINT('',(6.24999999999797,-26.0800950415847,-10.5537499999796));
#8551=CARTESIAN_POINT('Ctrl Pts',(6.38836343659342,-26.0781422793688,-10.0421511965181));
#8552=CARTESIAN_POINT('Ctrl Pts',(6.32511834799429,-26.0790189980238,-10.1505231409925));
#8553=CARTESIAN_POINT('Ctrl Pts',(6.28251327291927,-26.0796278943559,-10.2696903026754));
#8554=CARTESIAN_POINT('Ctrl Pts',(6.25423497491953,-26.0800336779086,-10.4466653505142));
#8555=CARTESIAN_POINT('Ctrl Pts',(6.24999999999792,-26.0800950959782,-10.5002178304521));
#8556=CARTESIAN_POINT('Ctrl Pts',(6.24999999999797,-26.0800950415847,-10.5537499999801));
#8557=CARTESIAN_POINT('Ctrl Pts',(6.24999999999797,-26.0800950415847,-10.5537499999801));
#8558=CARTESIAN_POINT('Ctrl Pts',(6.24999999999803,-26.0800949737819,-10.6204791911596));
#8559=CARTESIAN_POINT('Ctrl Pts',(6.25658054239514,-26.0799995468757,-10.6871768235222));
#8560=CARTESIAN_POINT('Ctrl Pts',(6.29425851500555,-26.079460675033,-10.8755113120525));
#8561=CARTESIAN_POINT('Ctrl Pts',(6.34125525894292,-26.0787913523132,-10.9925715369554));
#8562=CARTESIAN_POINT('Ctrl Pts',(6.4703532035241,-26.0770104628031,-11.1957243652107));
#8563=CARTESIAN_POINT('Ctrl Pts',(6.54859012320656,-26.0759517262438,-11.2820019504511));
#8564=CARTESIAN_POINT('Ctrl Pts',(6.71908738810182,-26.073779261936,-11.4153599092922));
#8565=CARTESIAN_POINT('Ctrl Pts',(6.80732583348617,-26.0727028173631,-11.465301685802));
#8566=CARTESIAN_POINT('Ctrl Pts',(6.97068707813535,-26.0708652208067,-11.5279682048475));
#8567=CARTESIAN_POINT('Ctrl Pts',(7.04260686983702,-26.0701024133679,-11.5468575442301));
#8568=CARTESIAN_POINT('Ctrl Pts',(7.14740264672074,-26.0690754348164,-11.5624162356743));
#8569=CARTESIAN_POINT('Ctrl Pts',(7.17906748425826,-26.068775689508,-11.5656058822378));
#8570=CARTESIAN_POINT('Ctrl Pts',(7.22110674211238,-26.0683923177897,-11.5678527068181));
#8571=CARTESIAN_POINT('Ctrl Pts',(7.23139149599404,-26.0682996733157,-11.5682456317934));
#8572=CARTESIAN_POINT('Ctrl Pts',(7.24825944483501,-26.0681496164559,-11.5686332739735));
#8573=CARTESIAN_POINT('Ctrl Pts',(7.2548397573513,-26.068091548875,-11.5687204801398));
#8574=CARTESIAN_POINT('Ctrl Pts',(7.26757134129701,-26.0679801114783,-11.5687653801962));
#8575=CARTESIAN_POINT('Ctrl Pts',(7.27372230097374,-26.0679266848385,-11.5687311601134));
#8576=CARTESIAN_POINT('Ctrl Pts',(7.2878904335843,-26.0678045696537,-11.568523535288));
#8577=CARTESIAN_POINT('Ctrl Pts',(7.29590662730297,-26.0677361774712,-11.5683110284534));
#8578=CARTESIAN_POINT('Ctrl Pts',(7.32141758934651,-26.0675207443456,-11.5673321085511));
#8579=CARTESIAN_POINT('Ctrl Pts',(7.33889543742398,-26.0673764783815,-11.5662079505334));
#8580=CARTESIAN_POINT('Ctrl Pts',(7.48279821211438,-26.0662157155494,-11.5532060144947));
#8581=CARTESIAN_POINT('Ctrl Pts',(7.60600201238451,-26.0654011537369,-11.5181496053306));
#8582=CARTESIAN_POINT('Ctrl Pts',(7.82976425151323,-26.0641370216658,-11.4060785463119));
#8583=CARTESIAN_POINT('Ctrl Pts',(7.92901665219096,-26.0636820377979,-11.3312490410674));
#8584=CARTESIAN_POINT('Ctrl Pts',(8.10283214073669,-26.0629655974189,-11.1420683973552));
#8585=CARTESIAN_POINT('Ctrl Pts',(8.17292498105071,-26.0627274679935,-11.0267759780858));
#8586=CARTESIAN_POINT('Ctrl Pts',(8.23917574523047,-26.0625070627148,-10.8449445728721));
#8587=CARTESIAN_POINT('Ctrl Pts',(8.25460952886004,-26.0624579366784,-10.7870986320482));
#8588=CARTESIAN_POINT('Ctrl Pts',(8.26486547761345,-26.0624258780085,-10.7283753895448));
#8589=CARTESIAN_POINT('',(-46.2349498750274,-26.3213869893716,-12.3299999999792));
#8590=CARTESIAN_POINT('',(9.7629178165662,-25.8327010014626,-12.3299999999792));
#8591=CARTESIAN_POINT('',(-46.2330650850467,-26.537362529038,-10.0421511965181));
#8592=CARTESIAN_POINT('Ctrl Pts',(-46.2330650850467,-26.537362529038,-10.0421511965181));
#8593=CARTESIAN_POINT('Ctrl Pts',(-46.2330608694801,-26.5378455851195,-10.2033451267237));
#8594=CARTESIAN_POINT('Ctrl Pts',(-46.233058644974,-26.5381004882774,-10.375809853624));
#8595=CARTESIAN_POINT('Ctrl Pts',(-46.2330585219176,-26.538114589138,-10.7136028059657));
#8596=CARTESIAN_POINT('Ctrl Pts',(-46.233060544014,-26.537882879845,-10.8832007180391));
#8597=CARTESIAN_POINT('Ctrl Pts',(-46.233068455842,-26.536976274158,-11.2016052198411));
#8598=CARTESIAN_POINT('Ctrl Pts',(-46.2330744460216,-26.5362898675564,-11.3543551627793));
#8599=CARTESIAN_POINT('Ctrl Pts',(-46.2330896117756,-26.534552044276,-11.6242191595828));
#8600=CARTESIAN_POINT('Ctrl Pts',(-46.2330989742841,-26.5334792070712,-11.7446339833924));
#8601=CARTESIAN_POINT('Ctrl Pts',(-46.2331199535563,-26.5310752205927,-11.9390452838078));
#8602=CARTESIAN_POINT('Ctrl Pts',(-46.2331317050098,-26.5297286373909,-12.0149735541938));
#8603=CARTESIAN_POINT('Ctrl Pts',(-46.2331509944919,-26.5275182816752,-12.0914756378625));
#8604=CARTESIAN_POINT('Ctrl Pts',(-46.2331570109193,-26.526828867389,-12.1103317624562));
#8605=CARTESIAN_POINT('Ctrl Pts',(-46.2331711803863,-26.5252052072853,-12.1348382289433));
#8606=CARTESIAN_POINT('Ctrl Pts',(-46.2331721544485,-26.5250935908107,-12.1407534172282));
#8607=CARTESIAN_POINT('Ctrl Pts',(-46.2331988767193,-26.5220315218757,-12.1602113954658));
#8608=CARTESIAN_POINT('Ctrl Pts',(-46.2332065619572,-26.5211508808419,-12.1652702881591));
#8609=CARTESIAN_POINT('Ctrl Pts',(-46.2332272351942,-26.5187819625112,-12.1754777859965));
#8610=CARTESIAN_POINT('Ctrl Pts',(-46.2332366498265,-26.5177031525079,-12.1796745829447));
#8611=CARTESIAN_POINT('Ctrl Pts',(-46.2332654698902,-26.51440070032,-12.1907751637625));
#8612=CARTESIAN_POINT('Ctrl Pts',(-46.2332878579563,-26.511835282039,-12.1981385872288));
#8613=CARTESIAN_POINT('Ctrl Pts',(-46.2333459567311,-26.5051778218573,-12.213921450392));
#8614=CARTESIAN_POINT('Ctrl Pts',(-46.2333833557853,-26.5008923147258,-12.2224810583392));
#8615=CARTESIAN_POINT('Ctrl Pts',(-46.2334899874128,-26.4886735404664,-12.2429895242853));
#8616=CARTESIAN_POINT('Ctrl Pts',(-46.2335668436758,-26.4798666850371,-12.2547761968277));
#8617=CARTESIAN_POINT('Ctrl Pts',(-46.2337693130181,-26.4566659964134,-12.2796386491846));
#8618=CARTESIAN_POINT('Ctrl Pts',(-46.2339050761188,-26.4411090859678,-12.2921271448931));
#8619=CARTESIAN_POINT('Ctrl Pts',(-46.2342129296024,-26.4058325708439,-12.3128430218922));
#8620=CARTESIAN_POINT('Ctrl Pts',(-46.2343910739951,-26.3854192453536,-12.3208254284595));
#8621=CARTESIAN_POINT('Ctrl Pts',(-46.234696765764,-26.3503904381975,-12.3284377109683));
#8622=CARTESIAN_POINT('Ctrl Pts',(-46.2348236755085,-26.3358480218861,-12.3299999999792));
#8623=CARTESIAN_POINT('Ctrl Pts',(-46.2349498750274,-26.3213869893716,-12.3299999999792));
#8624=CARTESIAN_POINT('',(-18.4283865634066,-26.2947147756151,-10.0421511965181));
#8625=CARTESIAN_POINT('',(9.7648026065469,-26.0486765411291,-10.0421511965181));
#8626=CARTESIAN_POINT('',(-18.566750000002,-26.296667537831,-10.5537499999796));
#8627=CARTESIAN_POINT('Ctrl Pts',(-18.4283865634066,-26.2947147756151,-10.0421511965181));
#8628=CARTESIAN_POINT('Ctrl Pts',(-18.4916316520055,-26.2955914942701,-10.1505231409922));
#8629=CARTESIAN_POINT('Ctrl Pts',(-18.5342367270804,-26.2962003906022,-10.2696903026746));
#8630=CARTESIAN_POINT('Ctrl Pts',(-18.5625150250804,-26.2966061741549,-10.4466653505133));
#8631=CARTESIAN_POINT('Ctrl Pts',(-18.5667500000021,-26.2966675922245,-10.5002178304516));
#8632=CARTESIAN_POINT('Ctrl Pts',(-18.566750000002,-26.296667537831,-10.5537499999801));
#8633=CARTESIAN_POINT('Ctrl Pts',(-18.566750000002,-26.296667537831,-10.5537499999801));
#8634=CARTESIAN_POINT('Ctrl Pts',(-18.566750000002,-26.2966674700282,-10.6204791911587));
#8635=CARTESIAN_POINT('Ctrl Pts',(-18.560169457605,-26.296572043122,-10.6871768235205));
#8636=CARTESIAN_POINT('Ctrl Pts',(-18.5224914849952,-26.2960331712793,-10.8755113120501));
#8637=CARTESIAN_POINT('Ctrl Pts',(-18.4754947410581,-26.2953638485595,-10.9925715369532));
#8638=CARTESIAN_POINT('Ctrl Pts',(-18.3463967964774,-26.2935829590494,-11.1957243652088));
#8639=CARTESIAN_POINT('Ctrl Pts',(-18.2681598767951,-26.2925242224901,-11.2820019504495));
#8640=CARTESIAN_POINT('Ctrl Pts',(-18.0976626118999,-26.2903517581824,-11.4153599092911));
#8641=CARTESIAN_POINT('Ctrl Pts',(-18.0094241665154,-26.2892753136094,-11.4653016858012));
#8642=CARTESIAN_POINT('Ctrl Pts',(-17.846062921866,-26.287437717053,-11.5279682048471));
#8643=CARTESIAN_POINT('Ctrl Pts',(-17.7741431301639,-26.2866749096142,-11.5468575442299));
#8644=CARTESIAN_POINT('Ctrl Pts',(-17.6693473532796,-26.2856479310627,-11.5624162356742));
#8645=CARTESIAN_POINT('Ctrl Pts',(-17.637682515742,-26.2853481857543,-11.5656058822378));
#8646=CARTESIAN_POINT('Ctrl Pts',(-17.5956432578877,-26.284964814036,-11.5678527068181));
#8647=CARTESIAN_POINT('Ctrl Pts',(-17.585358504006,-26.2848721695621,-11.5682456317934));
#8648=CARTESIAN_POINT('Ctrl Pts',(-17.5684905551654,-26.2847221127022,-11.5686332739735));
#8649=CARTESIAN_POINT('Ctrl Pts',(-17.5619102426489,-26.2846640451213,-11.5687204801398));
#8650=CARTESIAN_POINT('Ctrl Pts',(-17.5491786587029,-26.2845526077246,-11.5687653801962));
#8651=CARTESIAN_POINT('Ctrl Pts',(-17.5430276990263,-26.2844991810848,-11.5687311601134));
#8652=CARTESIAN_POINT('Ctrl Pts',(-17.5288595664157,-26.2843770659,-11.568523535288));
#8653=CARTESIAN_POINT('Ctrl Pts',(-17.5208433726971,-26.2843086737175,-11.5683110284534));
#8654=CARTESIAN_POINT('Ctrl Pts',(-17.4953324106535,-26.2840932405919,-11.5673321085511));
#8655=CARTESIAN_POINT('Ctrl Pts',(-17.477854562576,-26.2839489746278,-11.5662079505334));
#8656=CARTESIAN_POINT('Ctrl Pts',(-17.3339517878856,-26.2827882117957,-11.5532060144947));
#8657=CARTESIAN_POINT('Ctrl Pts',(-17.2107479876155,-26.2819736499832,-11.5181496053306));
#8658=CARTESIAN_POINT('Ctrl Pts',(-16.9869857484868,-26.2807095179121,-11.4060785463119));
#8659=CARTESIAN_POINT('Ctrl Pts',(-16.8877333478091,-26.2802545340442,-11.3312490410674));
#8660=CARTESIAN_POINT('Ctrl Pts',(-16.7139178592633,-26.2795380936652,-11.1420683973552));
#8661=CARTESIAN_POINT('Ctrl Pts',(-16.6438250189493,-26.2792999642398,-11.0267759780858));
#8662=CARTESIAN_POINT('Ctrl Pts',(-16.5522479420368,-26.2789953025289,-10.7754341439722));
#8663=CARTESIAN_POINT('Ctrl Pts',(-16.5317532754243,-26.2789369744552,-10.6418120292654));
#8664=CARTESIAN_POINT('Ctrl Pts',(-16.5435244977892,-26.2789723894085,-10.3805230940056));
#8665=CARTESIAN_POINT('Ctrl Pts',(-16.573285374948,-26.2790613560448,-10.255198212502));
#8666=CARTESIAN_POINT('Ctrl Pts',(-16.6403016341383,-26.2792908121813,-10.1056454118742));
#8667=CARTESIAN_POINT('Ctrl Pts',(-16.6568644418149,-26.279348651669,-10.0734212776051));
#8668=CARTESIAN_POINT('Ctrl Pts',(-16.6751134365934,-26.2794141928363,-10.0421511965181));
#8669=CARTESIAN_POINT('Ctrl Pts',(9.7629178165662,-25.8327010014626,-12.3299999999792));
#8670=CARTESIAN_POINT('Ctrl Pts',(-46.2387322931847,-26.3214199980348,-12.3299999999792));
#8671=CARTESIAN_POINT('Ctrl Pts',(9.76304401608507,-25.8471620339772,-12.3299999999792));
#8672=CARTESIAN_POINT('Ctrl Pts',(-46.2386060936658,-26.3358810305493,-12.3299999999792));
#8673=CARTESIAN_POINT('Ctrl Pts',(9.76317092582958,-25.8617044502886,-12.3284377109683));
#8674=CARTESIAN_POINT('Ctrl Pts',(-46.2384791839213,-26.3504234468607,-12.3284377109683));
#8675=CARTESIAN_POINT('Ctrl Pts',(9.7634766175985,-25.8967332574447,-12.3208254284595));
#8676=CARTESIAN_POINT('Ctrl Pts',(-46.2381734921524,-26.3854522540168,-12.3208254284595));
#8677=CARTESIAN_POINT('Ctrl Pts',(9.76365476199122,-25.917146582935,-12.3128430218922));
#8678=CARTESIAN_POINT('Ctrl Pts',(-46.2379953477597,-26.4058655795071,-12.3128430218922));
#8679=CARTESIAN_POINT('Ctrl Pts',(9.76396261547482,-25.9524230980589,-12.2921271448931));
#8680=CARTESIAN_POINT('Ctrl Pts',(-46.2376874942761,-26.441142094631,-12.2921271448931));
#8681=CARTESIAN_POINT('Ctrl Pts',(9.76409837857552,-25.9679800085045,-12.2796386491846));
#8682=CARTESIAN_POINT('Ctrl Pts',(-46.2375517311754,-26.4566990050766,-12.2796386491846));
#8683=CARTESIAN_POINT('Ctrl Pts',(9.76430084791779,-25.9911806971282,-12.2547761968277));
#8684=CARTESIAN_POINT('Ctrl Pts',(-46.2373492618331,-26.4798996937003,-12.2547761968277));
#8685=CARTESIAN_POINT('Ctrl Pts',(9.76437770418077,-25.9999875525575,-12.2429895242853));
#8686=CARTESIAN_POINT('Ctrl Pts',(-46.2372724055701,-26.4887065491296,-12.2429895242853));
#8687=CARTESIAN_POINT('Ctrl Pts',(9.7644843358083,-26.0122063268169,-12.2224810583392));
#8688=CARTESIAN_POINT('Ctrl Pts',(-46.2371657739426,-26.500925323389,-12.2224810583392));
#8689=CARTESIAN_POINT('Ctrl Pts',(9.76452173486246,-26.0164918339484,-12.213921450392));
#8690=CARTESIAN_POINT('Ctrl Pts',(-46.2371283748884,-26.5052108305205,-12.213921450392));
#8691=CARTESIAN_POINT('Ctrl Pts',(9.76457983363728,-26.0231492941301,-12.1981385872288));
#8692=CARTESIAN_POINT('Ctrl Pts',(-46.2370702761136,-26.5118682907022,-12.1981385872288));
#8693=CARTESIAN_POINT('Ctrl Pts',(9.76460222170345,-26.0257147124111,-12.1907751637625));
#8694=CARTESIAN_POINT('Ctrl Pts',(-46.2370478880475,-26.5144337089832,-12.1907751637625));
#8695=CARTESIAN_POINT('Ctrl Pts',(9.76463104176708,-26.029017164599,-12.1796745829447));
#8696=CARTESIAN_POINT('Ctrl Pts',(-46.2370190679838,-26.5177361611711,-12.1796745829447));
#8697=CARTESIAN_POINT('Ctrl Pts',(9.76464045639935,-26.0300959746023,-12.1754777859965));
#8698=CARTESIAN_POINT('Ctrl Pts',(-46.2370096533516,-26.5188149711744,-12.1754777859965));
#8699=CARTESIAN_POINT('Ctrl Pts',(9.76466112963643,-26.032464892933,-12.1652702881591));
#8700=CARTESIAN_POINT('Ctrl Pts',(-46.2369889801145,-26.5211838895051,-12.1652702881591));
#8701=CARTESIAN_POINT('Ctrl Pts',(9.7646688148743,-26.0333455339668,-12.1602113954658));
#8702=CARTESIAN_POINT('Ctrl Pts',(-46.2369812948766,-26.5220645305389,-12.1602113954658));
#8703=CARTESIAN_POINT('Ctrl Pts',(9.76469553714506,-26.0364076029018,-12.1407534172282));
#8704=CARTESIAN_POINT('Ctrl Pts',(-46.2369545726058,-26.5251265994739,-12.1407534172282));
#8705=CARTESIAN_POINT('Ctrl Pts',(9.76469651120728,-26.0365192193763,-12.1348382289433));
#8706=CARTESIAN_POINT('Ctrl Pts',(-46.2369535985436,-26.5252382159485,-12.1348382289433));
#8707=CARTESIAN_POINT('Ctrl Pts',(9.76471068067434,-26.0381428794801,-12.1103317624562));
#8708=CARTESIAN_POINT('Ctrl Pts',(-46.2369394290766,-26.5268618760522,-12.1103317624562));
#8709=CARTESIAN_POINT('Ctrl Pts',(9.76471669710167,-26.0388322937663,-12.0914756378625));
#8710=CARTESIAN_POINT('Ctrl Pts',(-46.2369334126492,-26.5275512903385,-12.0914756378625));
#8711=CARTESIAN_POINT('Ctrl Pts',(9.76473598658377,-26.041042649482,-12.0149735541938));
#8712=CARTESIAN_POINT('Ctrl Pts',(-46.2369141231671,-26.5297616460541,-12.0149735541938));
#8713=CARTESIAN_POINT('Ctrl Pts',(9.76474773803734,-26.0423892326838,-11.9390452838078));
#8714=CARTESIAN_POINT('Ctrl Pts',(-46.2369023717136,-26.5311082292559,-11.9390452838078));
#8715=CARTESIAN_POINT('Ctrl Pts',(9.76476871730951,-26.0447932191623,-11.7446339833924));
#8716=CARTESIAN_POINT('Ctrl Pts',(-46.2368813924414,-26.5335122157344,-11.7446339833924));
#8717=CARTESIAN_POINT('Ctrl Pts',(9.76477807981796,-26.0458660563671,-11.6242191595828));
#8718=CARTESIAN_POINT('Ctrl Pts',(-46.2368720299329,-26.5345850529392,-11.6242191595828));
#8719=CARTESIAN_POINT('Ctrl Pts',(9.76479324557197,-26.0476038796475,-11.3543551627793));
#8720=CARTESIAN_POINT('Ctrl Pts',(-46.2368568641789,-26.5363228762196,-11.3543551627793));
#8721=CARTESIAN_POINT('Ctrl Pts',(9.76479923575164,-26.0482902862491,-11.2016052198411));
#8722=CARTESIAN_POINT('Ctrl Pts',(-46.2368508739993,-26.5370092828212,-11.2016052198411));
#8723=CARTESIAN_POINT('Ctrl Pts',(9.7648071475796,-26.0491968919361,-10.8832007180391));
#8724=CARTESIAN_POINT('Ctrl Pts',(-46.2368429621713,-26.5379158885082,-10.8832007180391));
#8725=CARTESIAN_POINT('Ctrl Pts',(9.76480916967597,-26.0494286012291,-10.7136028059657));
#8726=CARTESIAN_POINT('Ctrl Pts',(-46.2368409400749,-26.5381475978012,-10.7136028059657));
#8727=CARTESIAN_POINT('Ctrl Pts',(9.76480904661962,-26.0494145003685,-10.375809853624));
#8728=CARTESIAN_POINT('Ctrl Pts',(-46.2368410631313,-26.5381334969406,-10.375809853624));
#8729=CARTESIAN_POINT('Ctrl Pts',(9.76480682211346,-26.0491595972106,-10.2033451267237));
#8730=CARTESIAN_POINT('Ctrl Pts',(-46.2368432876374,-26.5378785937827,-10.2033451267237));
#8731=CARTESIAN_POINT('Ctrl Pts',(9.7648026065469,-26.0486765411291,-10.0421511965181));
#8732=CARTESIAN_POINT('Ctrl Pts',(-46.236847503204,-26.5373955377012,-10.0421511965181));
#8733=CARTESIAN_POINT('Ctrl Pts',(8.26486547783797,-26.0624259037348,-10.3791246117149));
#8734=CARTESIAN_POINT('Ctrl Pts',(8.25627654283271,-26.0624526788011,-10.3299329235183));
#8735=CARTESIAN_POINT('Ctrl Pts',(8.24407002381505,-26.062491361278,-10.2814402618274));
#8736=CARTESIAN_POINT('Ctrl Pts',(8.22833875106757,-26.0625430931427,-10.2340433101195));
#8737=CARTESIAN_POINT('Ctrl Pts',(8.21760753460382,-26.0625783824576,-10.2017110915722));
#8738=CARTESIAN_POINT('Ctrl Pts',(8.20523611003262,-26.0626197499357,-10.1698878482104));
#8739=CARTESIAN_POINT('Ctrl Pts',(8.19125394553595,-26.0626676232948,-10.1386853924992));
#8740=CARTESIAN_POINT('Ctrl Pts',(8.1764483658617,-26.062718315935,-10.1056454118743));
#8741=CARTESIAN_POINT('Ctrl Pts',(8.15988555818515,-26.0627761554227,-10.0734212776052));
#8742=CARTESIAN_POINT('Ctrl Pts',(8.14163656340659,-26.06284169659,-10.0421511965181));
#8743=CARTESIAN_POINT('Origin',(7.265,-39.7137253124341,10.2537500000208));
#8744=CARTESIAN_POINT('',(5.22333713458294,-34.948360505415,10.2537500000208));
#8745=CARTESIAN_POINT('Origin',(7.22326098071129,-34.9309074344182,10.2537500000208));
#8746=CARTESIAN_POINT('',(5.16348182759961,-28.0896216751178,10.2537500000208));
#8747=CARTESIAN_POINT('',(5.26507615387166,-39.7311783834309,10.2537500000208));
#8748=CARTESIAN_POINT('Origin',(7.16340567372795,-28.0721686041211,10.2537500000208));
#8749=CARTESIAN_POINT('Origin',(7.16340567372795,-28.0721686041211,10.2537500000208));
#8750=CARTESIAN_POINT('',(6.24999999999797,-28.080139774675,10.2537500000208));
#8751=CARTESIAN_POINT('Origin',(7.265,-28.0712820038674,10.2537500000208));
#8752=CARTESIAN_POINT('Origin',(-17.55175,-39.9302978086804,-10.5537499999792));
#8753=CARTESIAN_POINT('',(-19.5934128654171,-35.1649330016612,-10.5537499999792));
#8754=CARTESIAN_POINT('Origin',(-17.5934890192887,-35.1474799306645,-10.5537499999792));
#8755=CARTESIAN_POINT('',(-19.6532681724004,-28.3061941713641,-10.5537499999792));
#8756=CARTESIAN_POINT('',(-19.5516738461283,-39.9477508796772,-10.5537499999792));
#8757=CARTESIAN_POINT('Origin',(-17.653344326272,-28.2887411003673,-10.5537499999792));
#8758=CARTESIAN_POINT('Origin',(-17.653344326272,-28.2887411003673,-10.5537499999792));
#8759=CARTESIAN_POINT('',(-18.566750000002,-28.2967122709213,-10.5537499999792));
#8760=CARTESIAN_POINT('Origin',(-17.55175,-28.2878545001137,-10.5537499999792));
#8761=CARTESIAN_POINT('Origin',(-17.55175,-39.9302978086804,10.2537500000208));
#8762=CARTESIAN_POINT('',(-19.5934128654171,-35.1649330016612,10.2537500000208));
#8763=CARTESIAN_POINT('Origin',(-17.5934890192887,-35.1474799306645,10.2537500000208));
#8764=CARTESIAN_POINT('',(-19.6532681724004,-28.3061941713641,10.2537500000208));
#8765=CARTESIAN_POINT('',(-19.5516738461283,-39.9477508796772,10.2537500000208));
#8766=CARTESIAN_POINT('Origin',(-17.653344326272,-28.2887411003673,10.2537500000208));
#8767=CARTESIAN_POINT('Origin',(-17.653344326272,-28.2887411003673,10.2537500000208));
#8768=CARTESIAN_POINT('',(-18.566750000002,-28.2967122709213,10.2537500000208));
#8769=CARTESIAN_POINT('Origin',(-17.55175,-28.2878545001137,10.2537500000208));
#8770=CARTESIAN_POINT('Origin',(7.265,-39.7137253124341,-10.5537499999792));
#8771=CARTESIAN_POINT('',(5.22333713458294,-34.948360505415,-10.5537499999792));
#8772=CARTESIAN_POINT('Origin',(7.22326098071129,-34.9309074344182,-10.5537499999792));
#8773=CARTESIAN_POINT('',(5.16348182759961,-28.0896216751178,-10.5537499999792));
#8774=CARTESIAN_POINT('',(5.26507615387166,-39.7311783834309,-10.5537499999792));
#8775=CARTESIAN_POINT('Origin',(7.16340567372796,-28.0721686041211,-10.5537499999792));
#8776=CARTESIAN_POINT('Origin',(7.16340567372796,-28.0721686041211,-10.5537499999792));
#8777=CARTESIAN_POINT('',(6.24999999999797,-28.080139774675,-10.5537499999792));
#8778=CARTESIAN_POINT('Origin',(7.265,-28.0712820038674,-10.5537499999792));
#8779=CARTESIAN_POINT('Origin',(-17.55175,-28.6965,10.2537500000208));
#8780=CARTESIAN_POINT('',(-18.4282134994086,-26.3936320812056,9.74185476248834));
#8781=CARTESIAN_POINT('',(-18.4282134994086,-28.6965,9.74185476248834));
#8782=CARTESIAN_POINT('',(-18.4283024264472,-26.3424751765814,9.74200806868748));
#8783=CARTESIAN_POINT('',(-18.566750000002,-28.6965,10.2537500000208));
#8784=CARTESIAN_POINT('Origin',(7.265,-28.6965,-10.5537499999792));
#8785=CARTESIAN_POINT('',(6.24999999999797,-28.6965,-10.5537499999792));
#8786=CARTESIAN_POINT('',(6.38853650035712,-26.1770595286126,-10.0418547628477));
#8787=CARTESIAN_POINT('',(6.38882680256923,-26.3424751484062,-10.0413590478738));
#8788=CARTESIAN_POINT('',(6.38853650035712,-28.6965,-10.0418547628477));
#8789=CARTESIAN_POINT('Origin',(7.265,-28.6965,10.2537500000208));
#8790=CARTESIAN_POINT('',(6.38853650059135,-26.1770595849593,9.74185476248834));
#8791=CARTESIAN_POINT('',(6.38853650059135,-28.6965,9.74185476248834));
#8792=CARTESIAN_POINT('',(6.3888268027545,-26.3424751765814,9.7413590475989));
#8793=CARTESIAN_POINT('',(6.24999999999797,-28.6965,10.2537500000208));
#8794=CARTESIAN_POINT('Origin',(-17.55175,-28.6965,-10.5537499999792));
#8795=CARTESIAN_POINT('',(-18.566750000002,-28.6965,-10.5537499999792));
#8796=CARTESIAN_POINT('',(-18.4282134996429,-26.3936320248589,-10.0418547628477));
#8797=CARTESIAN_POINT('',(-18.4283024266322,-26.3424751484062,-10.0420080689624));
#8798=CARTESIAN_POINT('',(-18.4282134996429,-28.6965,-10.0418547628477));
#8799=CARTESIAN_POINT('Origin',(-13.234321623929,-26.2493868575976,9.74215119632754));
#8800=CARTESIAN_POINT('',(-46.232201899357,-26.6362738120276,9.74185476248835));
#8801=CARTESIAN_POINT('',(-13.2334584382394,-26.3482981405814,9.74185476248834));
#8802=CARTESIAN_POINT('',(-46.2330650850466,-26.5373625290439,9.74215119632754));
#8803=CARTESIAN_POINT('Origin',(-13.2343216319063,-26.249385943484,9.74185476248834));
#8804=CARTESIAN_POINT('',(-46.233065093024,-26.5373616149304,9.74185476248834));
#8805=CARTESIAN_POINT('Origin',(-13.234321623929,-26.2493868575917,-10.0421511965181));
#8806=CARTESIAN_POINT('',(-46.2322018998487,-26.6362737556832,-10.0418547628477));
#8807=CARTESIAN_POINT('',(-46.2330650850467,-26.537362529038,-10.0421511965181));
#8808=CARTESIAN_POINT('',(-13.2334584387311,-26.3482980842369,-10.0418547628477));
#8809=CARTESIAN_POINT('Origin',(-13.2343216319063,-26.249385943484,-10.0418547628477));
#8810=CARTESIAN_POINT('',(-46.233065093024,-26.5373616149304,-10.0418547628477));
#8811=CARTESIAN_POINT('Origin',(3.5437923613381,8.62532053811646,-10.5541101580671));
#8812=CARTESIAN_POINT('',(5.54371620746645,8.6427736091132,-10.5541101580671));
#8813=CARTESIAN_POINT('Origin',(3.5437923613381,8.62532053811646,-10.5541101580671));
#8814=CARTESIAN_POINT('',(4.46740808159915,8.63338081039664,-10.5541101580671));
#8815=CARTESIAN_POINT('Origin',(3.45240808159915,8.62452303958902,-10.5541101580671));
#8816=CARTESIAN_POINT('Origin',(3.55082730855137,8.6253819311707,10.2535543522696));
#8817=CARTESIAN_POINT('',(5.55075115467971,8.64283500216745,10.2535543522696));
#8818=CARTESIAN_POINT('Origin',(3.55082730855137,8.6253819311707,10.2535543522696));
#8819=CARTESIAN_POINT('',(4.47444302881242,8.63344220345089,10.2535543522696));
#8820=CARTESIAN_POINT('Origin',(3.45944302881242,8.62458443264327,10.2535543522696));
#8821=CARTESIAN_POINT('Origin',(3.45875,7.539,-10.5537499999792));
#8822=CARTESIAN_POINT('',(3.39803011247408,7.539,-9.54056783705936));
#8823=CARTESIAN_POINT('',(4.46740808159915,7.539,-10.5541101580671));
#8824=CARTESIAN_POINT('Origin',(3.45240808159915,7.539,-10.5541101580671));
#8825=CARTESIAN_POINT('',(3.51312796912507,7.539,-11.5672923209869));
#8826=CARTESIAN_POINT('Origin',(3.45240808159915,7.539,-10.5541101580671));
#8827=CARTESIAN_POINT('',(4.47375,7.539,-10.5537499999792));
#8828=CARTESIAN_POINT('Origin',(3.45875,7.539,-10.5537499999792));
#8829=CARTESIAN_POINT('Origin',(3.45875,7.539,-10.5537499999792));
#8830=CARTESIAN_POINT('Origin',(3.45875,7.539,-10.5537499999792));
#8831=CARTESIAN_POINT('',(4.47375,6.63305230415062,-10.5537499999792));
#8832=CARTESIAN_POINT('',(4.47375,7.539,-10.5537499999792));
#8833=CARTESIAN_POINT('',(4.17671073124833,6.63046008172356,-9.83628405069281));
#8834=CARTESIAN_POINT('Origin',(3.45875,6.624194533343,-10.5537499999792));
#8835=CARTESIAN_POINT('',(4.17330572785902,6.63040770352687,-9.83289279374212));
#8836=CARTESIAN_POINT('Ctrl Pts',(4.17330572785924,6.63040770350674,-9.83289279374234));
#8837=CARTESIAN_POINT('Ctrl Pts',(4.17444540107655,6.63043274929212,-9.83402250434004));
#8838=CARTESIAN_POINT('Ctrl Pts',(4.17558042591718,6.63045021769838,-9.83515296587562));
#8839=CARTESIAN_POINT('Ctrl Pts',(4.17671073124833,6.63046008172356,-9.83628405069281));
#8840=CARTESIAN_POINT('',(2.74419427214098,6.61793603679456,-9.83289279374212));
#8841=CARTESIAN_POINT('Ctrl Pts',(2.74419427214098,6.61793603679456,-9.83289279374212));
#8842=CARTESIAN_POINT('Ctrl Pts',(2.80118038228494,6.61767831449018,-9.77640483598925));
#8843=CARTESIAN_POINT('Ctrl Pts',(2.86466450463653,6.61759198248228,-9.72687286790551));
#8844=CARTESIAN_POINT('Ctrl Pts',(3.01099658620682,6.61774292503375,-9.63833465806283));
#8845=CARTESIAN_POINT('Ctrl Pts',(3.09463329464142,6.61802331996465,-9.60196893534724));
#8846=CARTESIAN_POINT('Ctrl Pts',(3.23070487538604,6.61873709301834,-9.56340423557108));
#8847=CARTESIAN_POINT('Ctrl Pts',(3.28038980405759,6.61904713273214,-9.55326167509321));
#8848=CARTESIAN_POINT('Ctrl Pts',(3.35445762211806,6.61957883985592,-9.54383644825439));
#8849=CARTESIAN_POINT('Ctrl Pts',(3.37839221465497,6.61976116980797,-9.54165074577578));
#8850=CARTESIAN_POINT('Ctrl Pts',(3.41489671032458,6.62005508702428,-9.53962032387151));
#8851=CARTESIAN_POINT('Ctrl Pts',(3.42742355512167,6.62015877325741,-9.53915610899195));
#8852=CARTESIAN_POINT('Ctrl Pts',(3.45001041696249,6.62035080915246,-9.5387378075951));
#8853=CARTESIAN_POINT('Ctrl Pts',(3.46006728031452,6.62043812789048,-9.53870103803803));
#8854=CARTESIAN_POINT('Ctrl Pts',(3.48165555651652,6.62062946173655,-9.53894294844374));
#8855=CARTESIAN_POINT('Ctrl Pts',(3.49318504331011,6.62073403161275,-9.53926873195055));
#8856=CARTESIAN_POINT('Ctrl Pts',(3.52418182538662,6.62102159133584,-9.54067362289146));
#8857=CARTESIAN_POINT('Ctrl Pts',(3.54362767114026,6.62120882030633,-9.54211723770077));
#8858=CARTESIAN_POINT('Ctrl Pts',(3.62643842033532,6.62203546155701,-9.55066953728278));
#8859=CARTESIAN_POINT('Ctrl Pts',(3.68909845874632,6.62273440808261,-9.56317984264444));
#8860=CARTESIAN_POINT('Ctrl Pts',(3.86004323602431,6.62485644401845,-9.61441741575924));
#8861=CARTESIAN_POINT('Ctrl Pts',(3.96354238804813,6.62639532161665,-9.66573779385989));
#8862=CARTESIAN_POINT('Ctrl Pts',(4.09773884659822,6.62882922801591,-9.76346463018176));
#8863=CARTESIAN_POINT('Ctrl Pts',(4.13686570100447,6.62960688723594,-9.79677131269571));
#8864=CARTESIAN_POINT('Ctrl Pts',(4.17330572785902,6.63040770352687,-9.83289279374212));
#8865=CARTESIAN_POINT('',(2.74078926875167,6.61792898496244,-9.83628405069281));
#8866=CARTESIAN_POINT('Ctrl Pts',(2.74078926875167,6.61792898496244,-9.83628405069281));
#8867=CARTESIAN_POINT('Ctrl Pts',(2.74191948478477,6.61793884820834,-9.83515305523525));
#8868=CARTESIAN_POINT('Ctrl Pts',(2.74305450972728,6.61794119140821,-9.83402259275649));
#8869=CARTESIAN_POINT('Ctrl Pts',(2.74419427214094,6.61793603677442,-9.83289279374216));
#8870=CARTESIAN_POINT('Origin',(3.45875,6.624194533343,-10.5537499999792));
#8871=CARTESIAN_POINT('Origin',(3.45875,7.539,-10.5537499999792));
#8872=CARTESIAN_POINT('Origin',(9.48142663101928,6.42299397365793,-9.83628405069281));
#8873=CARTESIAN_POINT('',(9.47921247040011,6.67671165017912,-9.83289279374212));
#8874=CARTESIAN_POINT('',(9.47921227263657,6.67673431163555,-9.83628405069281));
#8875=CARTESIAN_POINT('Origin',(3.45944302881242,7.539,10.2535543522696));
#8876=CARTESIAN_POINT('',(2.74128682641317,6.61793332708237,9.53628406224257));
#8877=CARTESIAN_POINT('',(4.47444302881242,6.63305835212144,10.2535543522696));
#8878=CARTESIAN_POINT('Origin',(3.45944302881242,6.62420058131382,10.2535543522696));
#8879=CARTESIAN_POINT('',(2.74468997838887,6.61794036280352,9.53289279723131));
#8880=CARTESIAN_POINT('Ctrl Pts',(2.74468997838887,6.61794036280352,9.53289279723131));
#8881=CARTESIAN_POINT('Ctrl Pts',(2.74355083405194,6.61794552294451,9.53402260203913));
#8882=CARTESIAN_POINT('Ctrl Pts',(2.74241642623693,6.61794318512463,9.53515306723143));
#8883=CARTESIAN_POINT('Ctrl Pts',(2.74128682641317,6.61793332725631,9.53628406224257));
#8884=CARTESIAN_POINT('',(4.17419607923597,6.6304154735517,9.53289279723131));
#8885=CARTESIAN_POINT('Ctrl Pts',(4.17419607923598,6.6304154735517,9.53289279723132));
#8886=CARTESIAN_POINT('Ctrl Pts',(4.11704187580655,6.62915902192369,9.47620718529585));
#8887=CARTESIAN_POINT('Ctrl Pts',(4.05334596782287,6.62796089279471,9.42652082497519));
#8888=CARTESIAN_POINT('Ctrl Pts',(3.90677103272774,6.6255552198772,9.33793371741853));
#8889=CARTESIAN_POINT('Ctrl Pts',(3.82314134435845,6.62437654283997,9.30161553935265));
#8890=CARTESIAN_POINT('Ctrl Pts',(3.6871569089779,6.62271721972479,9.26313666703596));
#8891=CARTESIAN_POINT('Ctrl Pts',(3.63755104510473,6.62216115035229,9.25302528061433));
#8892=CARTESIAN_POINT('Ctrl Pts',(3.56359742630614,6.62140143413255,9.24362737240358));
#8893=CARTESIAN_POINT('Ctrl Pts',(3.53969641616331,6.62116638297994,9.24144761578151));
#8894=CARTESIAN_POINT('Ctrl Pts',(3.50323406691663,6.62082358919623,9.23942209217853));
#8895=CARTESIAN_POINT('Ctrl Pts',(3.49071572245099,6.62070872222723,9.23895890783668));
#8896=CARTESIAN_POINT('Ctrl Pts',(3.46813960333168,6.62050664171364,9.23854181308423));
#8897=CARTESIAN_POINT('Ctrl Pts',(3.45808498899433,6.62041845539847,9.23850546601968));
#8898=CARTESIAN_POINT('Ctrl Pts',(3.43649645500801,6.62023300073491,9.23874819912764));
#8899=CARTESIAN_POINT('Ctrl Pts',(3.42496445512025,6.6201363225104,9.23907453354401));
#8900=CARTESIAN_POINT('Ctrl Pts',(3.3939487528438,6.61988273400103,9.24048169422275));
#8901=CARTESIAN_POINT('Ctrl Pts',(3.3744864897735,6.61973044731494,9.24192788883416));
#8902=CARTESIAN_POINT('Ctrl Pts',(3.29151517654514,6.6191106221163,9.25050468287082));
#8903=CARTESIAN_POINT('Ctrl Pts',(3.22871412845401,6.61871526329746,9.26306320828358));
#8904=CARTESIAN_POINT('Ctrl Pts',(3.05772642390647,6.6178546579299,9.31441189035415));
#8905=CARTESIAN_POINT('Ctrl Pts',(2.95431447595816,6.61758798348942,9.36574230813739));
#8906=CARTESIAN_POINT('Ctrl Pts',(2.82021661386773,6.61768042620467,9.46346205729701));
#8907=CARTESIAN_POINT('Ctrl Pts',(2.78111029473222,6.6177753859505,9.49677108098072));
#8908=CARTESIAN_POINT('Ctrl Pts',(2.74468997838887,6.61794036280352,9.53289279723131));
#8909=CARTESIAN_POINT('',(4.17759923121166,6.63046783554528,9.53628406224257));
#8910=CARTESIAN_POINT('Ctrl Pts',(4.17759923121166,6.63046783571921,9.53628406224257));
#8911=CARTESIAN_POINT('Ctrl Pts',(4.176469542132,6.63045797707197,9.53515297786528));
#8912=CARTESIAN_POINT('Ctrl Pts',(4.17533513441861,6.63044051405681,9.5340225136158));
#8913=CARTESIAN_POINT('Ctrl Pts',(4.17419607923597,6.6304154735517,9.53289279723131));
#8914=CARTESIAN_POINT('Origin',(3.45944302881242,6.62420058131382,10.2535543522696));
#8915=CARTESIAN_POINT('',(4.47444302881242,7.539,10.2535543522696));
#8916=CARTESIAN_POINT('Origin',(3.45240808159915,7.539,-10.5541101580671));
#8917=CARTESIAN_POINT('Origin',(3.45240808159915,7.539,-10.5541101580671));
#8918=CARTESIAN_POINT('',(4.46740808159915,7.539,-10.5541101580671));
#8919=CARTESIAN_POINT('Origin',(3.45240808159915,7.539,-10.5541101580671));
#8920=CARTESIAN_POINT('Origin',(9.48142663101928,6.42299397365811,9.53628406224257));
#8921=CARTESIAN_POINT('',(9.47921227263657,6.67673431163555,9.53628406224257));
#8922=CARTESIAN_POINT('',(9.47921247039971,6.67671165022519,9.53289279723131));
#8923=CARTESIAN_POINT('Origin',(9.48142663101928,6.42299397365811,9.53628406224257));
#8924=CARTESIAN_POINT('',(-36.3165983500116,6.27705766382487,9.53289279723131));
#8925=CARTESIAN_POINT('',(-36.3134350820182,6.27710793238265,9.53628406224257));
#8926=CARTESIAN_POINT('Ctrl Pts',(-36.3165983500116,6.27705766382487,9.53289279723131));
#8927=CARTESIAN_POINT('Ctrl Pts',(-36.3155409546955,6.2770820496293,9.5340268479649));
#8928=CARTESIAN_POINT('Ctrl Pts',(-36.3144864611743,6.27709875730969,9.53515734284748));
#8929=CARTESIAN_POINT('Ctrl Pts',(-36.3134350820197,6.27710793255657,9.53628406224257));
#8930=CARTESIAN_POINT('',(-46.518655418957,6.18804832372665,9.53628406224258));
#8931=CARTESIAN_POINT('',(9.47921227263657,6.67673431163555,9.53628406224257));
#8932=CARTESIAN_POINT('',(-46.5186552211939,6.18802566231629,9.53289279723132));
#8933=CARTESIAN_POINT('Origin',(-46.5164410605743,5.9343079857492,9.53628406224257));
#8934=CARTESIAN_POINT('',(9.47921247039971,6.67671165022519,9.53289279723131));
#8935=CARTESIAN_POINT('Ctrl Pts',(9.47921247039971,6.67671165022519,9.53289279723131));
#8936=CARTESIAN_POINT('Ctrl Pts',(-46.5190818903093,6.1880219388313,9.53289279723131));
#8937=CARTESIAN_POINT('Ctrl Pts',(9.47922896334875,6.67482174545759,9.39148831015622));
#8938=CARTESIAN_POINT('Ctrl Pts',(-46.5190653973602,6.1861320340637,9.39148831015622));
#8939=CARTESIAN_POINT('Ctrl Pts',(9.47924509750049,6.67297295478871,9.24278343912519));
#8940=CARTESIAN_POINT('Ctrl Pts',(-46.5190492632085,6.18428324339482,9.24278343912519));
#8941=CARTESIAN_POINT('Ctrl Pts',(9.47927657302371,6.66936621706991,8.93145345651949));
#8942=CARTESIAN_POINT('Ctrl Pts',(-46.5190177876853,6.18067650567602,8.93145345651949));
#8943=CARTESIAN_POINT('Ctrl Pts',(9.47929191440479,6.66760826892069,8.76882839370625));
#8944=CARTESIAN_POINT('Ctrl Pts',(-46.5190024463042,6.1789185575268,8.76882839370625));
#8945=CARTESIAN_POINT('Ctrl Pts',(9.47932173378909,6.66419130592613,8.43039800471902));
#8946=CARTESIAN_POINT('Ctrl Pts',(-46.5189726269199,6.17550159453223,8.43039800471902));
#8947=CARTESIAN_POINT('Ctrl Pts',(9.47933621179229,6.66253229108373,8.2545927620334));
#8948=CARTESIAN_POINT('Ctrl Pts',(-46.5189581489167,6.17384257968984,8.2545927620334));
#8949=CARTESIAN_POINT('Ctrl Pts',(9.47936423824488,6.65932077771301,7.89059939342637));
#8950=CARTESIAN_POINT('Ctrl Pts',(-46.5189301224641,6.17063106631912,7.89059939342637));
#8951=CARTESIAN_POINT('Ctrl Pts',(9.47937778669013,6.65776827966076,7.70241137274547));
#8952=CARTESIAN_POINT('Ctrl Pts',(-46.5189165740188,6.16907856826687,7.70241137274547));
#8953=CARTESIAN_POINT('Ctrl Pts',(9.47940293308686,6.65488678800419,7.32875820111271));
#8954=CARTESIAN_POINT('Ctrl Pts',(-46.5188914276221,6.1661970766103,7.32875820111271));
#8955=CARTESIAN_POINT('Ctrl Pts',(9.47941460122703,6.65354975157302,7.14410968567109));
#8956=CARTESIAN_POINT('Ctrl Pts',(-46.518879759482,6.16486004017913,7.14410968567109));
#8957=CARTESIAN_POINT('Ctrl Pts',(9.47942582120458,6.65226406949133,6.95487061253412));
#8958=CARTESIAN_POINT('Ctrl Pts',(-46.5188685395044,6.16357435809744,6.95487061253412));
#8959=CARTESIAN_POINT('',(-38.2250636174908,6.23595329713419,6.95487061253412));
#8960=CARTESIAN_POINT('Ctrl Pts',(-38.2250636174908,6.23595329713419,6.95487061253412));
#8961=CARTESIAN_POINT('Ctrl Pts',(-38.1484620171668,6.23752227706967,7.08740300173232));
#8962=CARTESIAN_POINT('Ctrl Pts',(-38.06973636987,6.23914119863687,7.21860675545191));
#8963=CARTESIAN_POINT('Ctrl Pts',(-37.9889198513662,6.24081187974838,7.34850367327123));
#8964=CARTESIAN_POINT('Ctrl Pts',(-37.9556088163106,6.24150050279355,7.40204471739452));
#8965=CARTESIAN_POINT('Ctrl Pts',(-37.921942556502,6.24219792329452,7.45536314520042));
#8966=CARTESIAN_POINT('Ctrl Pts',(-37.8879233952699,6.24290428440013,7.50845786506584));
#8967=CARTESIAN_POINT('Ctrl Pts',(-37.8089820587436,6.24454339270638,7.6316639641248));
#8968=CARTESIAN_POINT('Ctrl Pts',(-37.7281404527645,6.24623062852425,7.75366871362635));
#8969=CARTESIAN_POINT('Ctrl Pts',(-37.6454276087289,6.24796789179013,7.87443007527316));
#8970=CARTESIAN_POINT('Ctrl Pts',(-37.5999229527912,6.24892365105713,7.94086720818014));
#8971=CARTESIAN_POINT('Ctrl Pts',(-37.5538519339823,6.24989455626466,8.00692714290235));
#8972=CARTESIAN_POINT('Ctrl Pts',(-37.5072193866715,6.25088095345587,8.07259607772989));
#8973=CARTESIAN_POINT('Ctrl Pts',(-37.4335171074719,6.25243994444781,8.17638517887288));
#8974=CARTESIAN_POINT('Ctrl Pts',(-37.358412158698,6.25403762839447,8.27919928317866));
#8975=CARTESIAN_POINT('Ctrl Pts',(-37.2819236267768,6.25567541916595,8.38096216472518));
#8976=CARTESIAN_POINT('Ctrl Pts',(-37.226701471019,6.25685784919578,8.45443155358611));
#8977=CARTESIAN_POINT('Ctrl Pts',(-37.1707732816431,6.25806056946856,8.52730292140878));
#8978=CARTESIAN_POINT('Ctrl Pts',(-37.1141474645923,6.25928487193126,8.59961319921264));
#8979=CARTESIAN_POINT('Ctrl Pts',(-37.0444645169866,6.26079148161577,8.68859722738199));
#8980=CARTESIAN_POINT('Ctrl Pts',(-36.9737251222152,6.26233076904682,8.77673311953128));
#8981=CARTESIAN_POINT('Ctrl Pts',(-36.9019449464348,6.26390530677875,8.8640508812356));
#8982=CARTESIAN_POINT('Ctrl Pts',(-36.8403207794914,6.26525706685729,8.93901425748653));
#8983=CARTESIAN_POINT('Ctrl Pts',(-36.7779295117639,6.26663481201414,9.01337402926363));
#8984=CARTESIAN_POINT('Ctrl Pts',(-36.7147810572268,6.2680402896128,9.08711844782234));
#8985=CARTESIAN_POINT('Ctrl Pts',(-36.644761367992,6.26959869837206,9.16888705654181));
#8986=CARTESIAN_POINT('Ctrl Pts',(-36.5738107467835,6.27119120266317,9.24990008623513));
#8987=CARTESIAN_POINT('Ctrl Pts',(-36.5019427096194,6.2728202865694,9.33010070354461));
#8988=CARTESIAN_POINT('Ctrl Pts',(-36.4408220309113,6.27420575245868,9.39830788376251));
#8989=CARTESIAN_POINT('Ctrl Pts',(-36.3790378061945,6.27561767848626,9.46592681961628));
#8990=CARTESIAN_POINT('Ctrl Pts',(-36.3165983500116,6.27705766382487,9.53289279723131));
#8991=CARTESIAN_POINT('',(-46.518441870389,6.16357808158242,6.95487061253413));
#8992=CARTESIAN_POINT('Ctrl Pts',(-46.518441870389,6.16357808158242,6.95487061253412));
#8993=CARTESIAN_POINT('Ctrl Pts',(-46.5184530903666,6.16486376366411,7.14410968567109));
#8994=CARTESIAN_POINT('Ctrl Pts',(-46.5184647585067,6.16620080009528,7.32875820111271));
#8995=CARTESIAN_POINT('Ctrl Pts',(-46.5184899049035,6.16908229175186,7.70241137274547));
#8996=CARTESIAN_POINT('Ctrl Pts',(-46.5185034533487,6.1706347898041,7.89059939342637));
#8997=CARTESIAN_POINT('Ctrl Pts',(-46.5185314798013,6.17384630317482,8.2545927620334));
#8998=CARTESIAN_POINT('Ctrl Pts',(-46.5185459578045,6.17550531801722,8.43039800471902));
#8999=CARTESIAN_POINT('Ctrl Pts',(-46.5185757771888,6.17892228101178,8.76882839370625));
#9000=CARTESIAN_POINT('Ctrl Pts',(-46.5185911185699,6.18068022916101,8.93145345651949));
#9001=CARTESIAN_POINT('Ctrl Pts',(-46.5186225940931,6.1842869668798,9.24278343912519));
#9002=CARTESIAN_POINT('Ctrl Pts',(-46.5186387282448,6.18613575754869,9.39148831015622));
#9003=CARTESIAN_POINT('Ctrl Pts',(-46.5186552211939,6.18802566231628,9.53289279723131));
#9004=CARTESIAN_POINT('',(9.47942582120458,6.65226406949133,6.95487061253412));
#9005=CARTESIAN_POINT('Origin',(9.47149887115017,7.56060257586816,6.67130367886861));
#9006=CARTESIAN_POINT('',(-38.3943695800884,7.34588347020435,6.67130369280193));
#9007=CARTESIAN_POINT('',(-38.2798093934076,7.16157602088854,6.87353118652547));
#9008=CARTESIAN_POINT('Ctrl Pts',(-38.3943695800884,7.34588347020435,6.67130369280193));
#9009=CARTESIAN_POINT('Ctrl Pts',(-38.3802506297674,7.34600668264818,6.69707454344864));
#9010=CARTESIAN_POINT('Ctrl Pts',(-38.3649452810474,7.3409679775897,6.72471825880969));
#9011=CARTESIAN_POINT('Ctrl Pts',(-38.3362047345552,7.31948499331529,6.77605580122452));
#9012=CARTESIAN_POINT('Ctrl Pts',(-38.3227674392842,7.30306380831075,6.79975809625648));
#9013=CARTESIAN_POINT('Ctrl Pts',(-38.3026623474659,7.26620552412135,6.83487003480991));
#9014=CARTESIAN_POINT('Ctrl Pts',(-38.2941673183041,7.24443042479645,6.84952731092877));
#9015=CARTESIAN_POINT('Ctrl Pts',(-38.2838938705732,7.20152546187477,6.86696393279687));
#9016=CARTESIAN_POINT('Ctrl Pts',(-38.2809711838569,7.1814157405347,6.87178696287592));
#9017=CARTESIAN_POINT('Ctrl Pts',(-38.2798093875735,7.16157535237073,6.87352354482983));
#9018=CARTESIAN_POINT('',(-41.5267135960829,7.13324071718254,6.87353118652547));
#9019=CARTESIAN_POINT('',(-36.526903980762,7.1768733946744,6.87353118652547));
#9020=CARTESIAN_POINT('',(-46.5265232114037,7.08960803969069,6.87353118652548));
#9021=CARTESIAN_POINT('',(-41.5267135960829,7.13324071718254,6.87353118652547));
#9022=CARTESIAN_POINT('',(-46.5281402396968,7.27490112901763,6.67130369280194));
#9023=CARTESIAN_POINT('Origin',(-46.5263688204434,7.07191658795925,6.67130367886861));
#9024=CARTESIAN_POINT('',(9.46972745189678,7.76358711692653,6.67130369280193));
#9025=CARTESIAN_POINT('Ctrl Pts',(-38.232821431255,7.12491070585968,6.87682242635816));
#9026=CARTESIAN_POINT('Ctrl Pts',(-38.2289366934835,6.67976384851312,6.9159037042564));
#9027=CARTESIAN_POINT('Ctrl Pts',(-38.2250636174775,6.23595329713635,6.95487061255728));
#9028=CARTESIAN_POINT('Ctrl Pts',(-46.5261996841666,7.05253549030778,6.87682242635818));
#9029=CARTESIAN_POINT('Ctrl Pts',(-46.522314946395,6.6073886329612,6.9159037042564));
#9030=CARTESIAN_POINT('Ctrl Pts',(-46.518441870389,6.16357808158444,6.95487061255728));
#9031=CARTESIAN_POINT('',(-38.2776073421485,7.12451986513595,6.8768224263582));
#9032=CARTESIAN_POINT('Ctrl Pts',(-38.2776073421485,7.12451986513595,6.8768224263582));
#9033=CARTESIAN_POINT('Ctrl Pts',(-38.2601867871408,6.82805921143685,6.90286129341409));
#9034=CARTESIAN_POINT('Ctrl Pts',(-38.2426723371164,6.5318689727522,6.92887747561648));
#9035=CARTESIAN_POINT('Ctrl Pts',(-38.2250636174775,6.23595329713701,6.95487061255719));
#9036=CARTESIAN_POINT('',(-46.5261996841666,7.05253549030732,6.87682242635821));
#9037=CARTESIAN_POINT('Origin',(-46.9412966197231,54.6179330085497,2.80685476287112));
#9038=CARTESIAN_POINT('',(9.47166800742702,7.54122147821622,6.8768224263582));
#9039=CARTESIAN_POINT('Origin',(9.47166800741544,7.54122147954325,6.87682242624169));
#9040=CARTESIAN_POINT('Origin',(-26.630439270476,86.401758741876,-0.151721176582539));
#9041=CARTESIAN_POINT('',(-46.5265232114037,7.08960803969069,6.87353118652547));
#9042=CARTESIAN_POINT('Origin',(-46.4782521717545,1.55829476595276,12.2436851949865));
#9043=CARTESIAN_POINT('',(-46.1557504777869,-35.3967390102178,-0.90269820962025));
#9044=CARTESIAN_POINT('',(-46.5848663287884,13.7750671051409,12.9646903512488));
#9045=CARTESIAN_POINT('',(-46.5185653588052,6.17772845249876,-11.7704823650959));
#9046=CARTESIAN_POINT('',(-46.518655418957,6.18804832372664,-11.6988691507845));
#9047=CARTESIAN_POINT('Origin',(-46.5164410605743,5.93430798574911,-11.6988691507845));
#9048=CARTESIAN_POINT('',(-46.518655418957,6.18804832372665,-9.83628405069281));
#9049=CARTESIAN_POINT('',(-46.518655418957,6.18804832372664,-9.83628405069281));
#9050=CARTESIAN_POINT('',(-46.5186552211935,6.18802566227021,-9.83289279374212));
#9051=CARTESIAN_POINT('Origin',(-46.5164410605743,5.93430798574902,-9.83628405069281));
#9052=CARTESIAN_POINT('',(-46.5184418703708,6.16357807949105,-7.25487061219771));
#9053=CARTESIAN_POINT('Ctrl Pts',(-46.5186552211935,6.18802566227021,-9.83289279374212));
#9054=CARTESIAN_POINT('Ctrl Pts',(-46.5186387282445,6.18613575750915,-9.69148830698801));
#9055=CARTESIAN_POINT('Ctrl Pts',(-46.5186225940928,6.18428696684659,-9.54278343632602));
#9056=CARTESIAN_POINT('Ctrl Pts',(-46.5185911185697,6.18068022913992,-9.23145345454855));
#9057=CARTESIAN_POINT('Ctrl Pts',(-46.5185757771887,6.1789222809965,-9.0688283921945));
#9058=CARTESIAN_POINT('Ctrl Pts',(-46.5185459578045,6.17550531801293,-8.7303980042091));
#9059=CARTESIAN_POINT('Ctrl Pts',(-46.5185314798013,6.17384630317573,-8.55459276206613));
#9060=CARTESIAN_POINT('Ctrl Pts',(-46.5185034533488,6.17063478981475,-8.1905993946204));
#9061=CARTESIAN_POINT('Ctrl Pts',(-46.5184899049036,6.16908229176703,-8.00241137455817));
#9062=CARTESIAN_POINT('Ctrl Pts',(-46.5184647585068,6.16620080010655,-7.62875820263712));
#9063=CARTESIAN_POINT('Ctrl Pts',(-46.5184530903666,6.16486376366784,-7.44410968619857));
#9064=CARTESIAN_POINT('Ctrl Pts',(-46.518441870389,6.16357808157917,-7.25487061201453));
#9065=CARTESIAN_POINT('',(-46.5261997130985,7.05253880557341,-7.17682213330178));
#9066=CARTESIAN_POINT('Origin',(-46.9430590646239,54.8198891906554,-3.08954710449923));
#9067=CARTESIAN_POINT('',(-46.5265232097991,7.08960785582014,-7.17353120253919));
#9068=CARTESIAN_POINT('',(-46.5261997130985,7.05253880557341,-7.17682213330178));
#9069=CARTESIAN_POINT('',(-46.5281402396917,7.2749011284269,-6.97130367554645));
#9070=CARTESIAN_POINT('Origin',(-46.5263688204384,7.07191658737742,-6.97130367882692));
#9071=CARTESIAN_POINT('',(-46.5281402992133,7.27490794892884,-6.9700624350737));
#9072=CARTESIAN_POINT('',(-46.5281402992133,7.27490794892897,-6.97006243505036));
#9073=CARTESIAN_POINT('',(-46.5281402992549,7.27490795369485,6.67006122811823));
#9074=CARTESIAN_POINT('Ctrl Pts',(-46.5281402992133,7.27490794892884,-6.97006243507371));
#9075=CARTESIAN_POINT('Ctrl Pts',(-46.5280978964878,7.27004907785264,-6.17743387722775));
#9076=CARTESIAN_POINT('Ctrl Pts',(-46.5280629226249,7.26604147011321,-5.31624796297139));
#9077=CARTESIAN_POINT('Ctrl Pts',(-46.5280099197239,7.2599679392401,-3.5080418171818));
#9078=CARTESIAN_POINT('Ctrl Pts',(-46.527991893682,7.25790235942423,-2.56112882530619));
#9079=CARTESIAN_POINT('Ctrl Pts',(-46.5279738665888,7.25583665915153,-0.638034210444532));
#9080=CARTESIAN_POINT('Ctrl Pts',(-46.5279738665842,7.25583665862204,0.338032731632076));
#9081=CARTESIAN_POINT('Ctrl Pts',(-46.5279918936591,7.25790235680832,2.26112737594269));
#9082=CARTESIAN_POINT('Ctrl Pts',(-46.5280099196921,7.25996793559688,3.20804039726538));
#9083=CARTESIAN_POINT('Ctrl Pts',(-46.528062922576,7.26604146450839,5.01624662965028));
#9084=CARTESIAN_POINT('Ctrl Pts',(-46.5280978964307,7.27004907131365,5.8774326010491));
#9085=CARTESIAN_POINT('Ctrl Pts',(-46.5281402991487,7.27490794153033,6.67006122819503));
#9086=CARTESIAN_POINT('',(-46.5281402396968,7.27490112901762,6.67130369280193));
#9087=CARTESIAN_POINT('',(-46.518655418957,6.18804832372665,11.3988691508262));
#9088=CARTESIAN_POINT('',(-46.518655418957,6.18804832372664,9.53628406224257));
#9089=CARTESIAN_POINT('',(-46.5185653844925,6.17773139597009,11.4704613742329));
#9090=CARTESIAN_POINT('Origin',(-46.5164410605743,5.93430798574911,11.3988691508262));
#9091=CARTESIAN_POINT('',(-46.5162811178626,5.91598036631312,12.0300000000208));
#9092=CARTESIAN_POINT('Ctrl Pts',(-46.518565316104,6.17772355942643,11.4704590721273));
#9093=CARTESIAN_POINT('Ctrl Pts',(-46.5185573324122,6.17680871895525,11.5498335393902));
#9094=CARTESIAN_POINT('Ctrl Pts',(-46.5185485126221,6.1757980711207,11.6161825556996));
#9095=CARTESIAN_POINT('Ctrl Pts',(-46.518533227549,6.17404657522365,11.6988327671339));
#9096=CARTESIAN_POINT('Ctrl Pts',(-46.5185271289832,6.17334774880211,11.7248451233601));
#9097=CARTESIAN_POINT('Ctrl Pts',(-46.5185146999382,6.17192352130865,11.763037326724));
#9098=CARTESIAN_POINT('Ctrl Pts',(-46.5185108753079,6.17148526208756,11.7751708460623));
#9099=CARTESIAN_POINT('Ctrl Pts',(-46.5184944659083,6.16960493113471,11.7960743466187));
#9100=CARTESIAN_POINT('Ctrl Pts',(-46.5184905131075,6.16915198502523,11.8007231094011));
#9101=CARTESIAN_POINT('Ctrl Pts',(-46.5184785291568,6.16777876029729,11.8108451201616));
#9102=CARTESIAN_POINT('Ctrl Pts',(-46.5184729790693,6.16714278326565,11.8151145349407));
#9103=CARTESIAN_POINT('Ctrl Pts',(-46.5184578663903,6.16541104178184,11.8245415291231));
#9104=CARTESIAN_POINT('Ctrl Pts',(-46.5184492369472,6.1644222055366,11.8293891922168));
#9105=CARTESIAN_POINT('Ctrl Pts',(-46.5184224218142,6.16134949564703,11.8421163517848));
#9106=CARTESIAN_POINT('Ctrl Pts',(-46.5184014661612,6.15894821566011,11.8505884733124));
#9107=CARTESIAN_POINT('Ctrl Pts',(-46.5183479539452,6.15281632306151,11.8681846204508));
#9108=CARTESIAN_POINT('Ctrl Pts',(-46.5183148303758,6.14902073795932,11.8774434963639));
#9109=CARTESIAN_POINT('Ctrl Pts',(-46.5182185925735,6.13799297810254,11.9002377713775));
#9110=CARTESIAN_POINT('Ctrl Pts',(-46.5181480251496,6.12990675225527,11.9137399198421));
#9111=CARTESIAN_POINT('Ctrl Pts',(-46.5179502759499,6.10724693839777,11.9445964022096));
#9112=CARTESIAN_POINT('Ctrl Pts',(-46.5178096321404,6.09113075411913,11.9613131406689));
#9113=CARTESIAN_POINT('Ctrl Pts',(-46.5174725284632,6.05250249878773,11.9917839089843));
#9114=CARTESIAN_POINT('Ctrl Pts',(-46.5172665209075,6.02889637106166,12.0050354081961));
#9115=CARTESIAN_POINT('Ctrl Pts',(-46.5168296376785,5.97883451159203,12.0235675877757));
#9116=CARTESIAN_POINT('Ctrl Pts',(-46.516592906589,5.95170781560309,12.0289152900982));
#9117=CARTESIAN_POINT('Ctrl Pts',(-46.5163322222948,5.92183635422178,12.0299493329046));
#9118=CARTESIAN_POINT('Ctrl Pts',(-46.5163066681727,5.91890814185652,12.0300000000208));
#9119=CARTESIAN_POINT('Ctrl Pts',(-46.5162811178626,5.91598036631312,12.0300000000208));
#9120=CARTESIAN_POINT('',(-46.5089562189771,5.07663009069783,12.0300000000208));
#9121=CARTESIAN_POINT('',(-46.2417313603353,-25.5443057420711,-12.3299999999792));
#9122=CARTESIAN_POINT('',(-46.2417313603353,-25.5443057420711,-12.3299999999792));
#9123=CARTESIAN_POINT('',(-46.2464414778772,-25.0045797309961,-12.5534649548814));
#9124=CARTESIAN_POINT('',(-46.2464414778772,-25.0045797309961,-12.5534649548814));
#9125=CARTESIAN_POINT('',(-46.2463438660034,-25.0157649438435,-12.5804822116999));
#9126=CARTESIAN_POINT('',(-46.2464414778772,-25.0045797309961,-12.5534649548814));
#9127=CARTESIAN_POINT('',(-46.2464424508592,-25.0044682382976,-12.5804822116999));
#9128=CARTESIAN_POINT('',(-46.2406390255797,-25.6694749071998,-12.5804822116999));
#9129=CARTESIAN_POINT('',(-46.2464457187906,-25.0040937704492,-12.5536679355585));
#9130=CARTESIAN_POINT('',(-46.2464457187906,-25.0040937704492,-12.5536679355585));
#9131=CARTESIAN_POINT('',(-46.3350072216799,-14.855950700938,-12.6953999999792));
#9132=CARTESIAN_POINT('',(-46.5041733383246,4.52856625299313,-12.5022034580449));
#9133=CARTESIAN_POINT('',(-46.5041733383246,4.52856625299313,-12.5022034580449));
#9134=CARTESIAN_POINT('',(-46.5044125821564,4.55598088073223,-12.500333370301));
#9135=CARTESIAN_POINT('Ctrl Pts',(-46.5041733383246,4.52856625299313,-12.5022034580449));
#9136=CARTESIAN_POINT('Ctrl Pts',(-46.5042530318287,4.53769822405142,-12.5020759357418));
#9137=CARTESIAN_POINT('Ctrl Pts',(-46.5043329980826,4.54686144914432,-12.5014359060853));
#9138=CARTESIAN_POINT('Ctrl Pts',(-46.5044125632343,4.55597871247136,-12.5003156856298));
#9139=CARTESIAN_POINT('',(-46.5054126202878,4.67057390028278,-12.4987100172635));
#9140=CARTESIAN_POINT('Origin',(-46.4994397888125,3.98615520408072,-12.5082962722789));
#9141=CARTESIAN_POINT('',(-46.5089562189773,5.07663009071576,-12.3299999999792));
#9142=CARTESIAN_POINT('',(-46.5089562189773,5.07663009071575,-12.3299999999792));
#9143=CARTESIAN_POINT('',(-46.5162811178626,5.91598036631312,-12.3299999999792));
#9144=CARTESIAN_POINT('',(-46.5089562189773,5.07663009071575,-12.3299999999792));
#9145=CARTESIAN_POINT('Ctrl Pts',(-46.5162811178626,5.91598036631312,-12.3299999999792));
#9146=CARTESIAN_POINT('Ctrl Pts',(-46.5165209836547,5.94346626364465,-12.3299999999792));
#9147=CARTESIAN_POINT('Ctrl Pts',(-46.516763940968,5.97130641421957,-12.3254164578951));
#9148=CARTESIAN_POINT('Ctrl Pts',(-46.5172140035231,6.02287847487923,-12.3079686777541));
#9149=CARTESIAN_POINT('Ctrl Pts',(-46.5174272990278,6.0473197188433,-12.2950446575182));
#9150=CARTESIAN_POINT('Ctrl Pts',(-46.5178024005651,6.09030209765906,-12.2626390956871));
#9151=CARTESIAN_POINT('Ctrl Pts',(-46.5179690092512,6.10939356209626,-12.2427211343383));
#9152=CARTESIAN_POINT('Ctrl Pts',(-46.5181655094078,6.13191024979574,-12.2102810170589));
#9153=CARTESIAN_POINT('Ctrl Pts',(-46.5182222743705,6.1384148702413,-12.1991794156785));
#9154=CARTESIAN_POINT('Ctrl Pts',(-46.518312975198,6.14880815563944,-12.1780259732509));
#9155=CARTESIAN_POINT('Ctrl Pts',(-46.5183492437356,6.1529641184015,-12.1678904682325));
#9156=CARTESIAN_POINT('Ctrl Pts',(-46.5183983673827,6.15859313080904,-12.1515046423755));
#9157=CARTESIAN_POINT('Ctrl Pts',(-46.5184151813223,6.16051981745489,-12.1449654122402));
#9158=CARTESIAN_POINT('Ctrl Pts',(-46.5184470600949,6.16417276297357,-12.1308651930807));
#9159=CARTESIAN_POINT('Ctrl Pts',(-46.5184594307401,6.16559029850711,-12.1237757269504));
#9160=CARTESIAN_POINT('Ctrl Pts',(-46.5184760536274,6.167495092726,-12.1129002644386));
#9161=CARTESIAN_POINT('Ctrl Pts',(-46.5184812078037,6.16808570283266,-12.1087126790991));
#9162=CARTESIAN_POINT('Ctrl Pts',(-46.5184918534738,6.16930557579743,-12.0992323042974));
#9163=CARTESIAN_POINT('Ctrl Pts',(-46.5184954965636,6.16972303254202,-12.0948565151808));
#9164=CARTESIAN_POINT('Ctrl Pts',(-46.5185065062983,6.17098462317058,-12.0804387285005));
#9165=CARTESIAN_POINT('Ctrl Pts',(-46.518510262676,6.17141506142963,-12.0722013768146));
#9166=CARTESIAN_POINT('Ctrl Pts',(-46.5185263071244,6.17325357311549,-12.0329923583592));
#9167=CARTESIAN_POINT('Ctrl Pts',(-46.5185355092685,6.174308034382,-11.9916729699597));
#9168=CARTESIAN_POINT('Ctrl Pts',(-46.5185519885615,6.17619637431956,-11.8892941896211));
#9169=CARTESIAN_POINT('Ctrl Pts',(-46.5185589186055,6.17699047871045,-11.8340720557613));
#9170=CARTESIAN_POINT('Ctrl Pts',(-46.5185653147323,6.17772340224658,-11.770481280039));
#9171=CARTESIAN_POINT('Origin',(9.75722866601387,-25.180788919291,-12.5804822116999));
#9172=CARTESIAN_POINT('',(-1.74813687450358,-24.61613740862,-12.5804822116999));
#9173=CARTESIAN_POINT('',(-1.74803828964781,-24.6274341141659,-12.5804822116999));
#9174=CARTESIAN_POINT('Origin',(-13.2476980167595,-24.7166040595498,-12.5534649548814));
#9175=CARTESIAN_POINT('',(9.75142621371644,-24.5158937430872,-12.5534649548814));
#9176=CARTESIAN_POINT('Origin',(-13.234321623929,-26.2493868575976,9.74215119632754));
#9177=CARTESIAN_POINT('',(-13.2334584382394,-26.3482981405814,9.74185476248834));
#9178=CARTESIAN_POINT('Origin',(-13.2343216319063,-26.249385943484,9.74185476248834));
#9179=CARTESIAN_POINT('Origin',(-13.2343216319063,-26.249385943484,-10.0418547628477));
#9180=CARTESIAN_POINT('',(-13.2334584387311,-26.3482980842369,-10.0418547628477));
#9181=CARTESIAN_POINT('Origin',(-13.234321623929,-26.2493868575917,-10.0421511965181));
#9182=CARTESIAN_POINT('Origin',(9.75613633125833,-25.0556197541622,-12.3299999999792));
#9183=CARTESIAN_POINT('',(9.75613633125833,-25.0556197541622,-12.3299999999792));
#9184=CARTESIAN_POINT('Origin',(9.75142621371644,-24.5158937430872,-12.5534649548814));
#9185=CARTESIAN_POINT('Origin',(9.48891147261646,5.56531607860674,12.0300000000208));
#9186=CARTESIAN_POINT('',(-18.6291108164238,5.72131256828353,12.0300000000208));
#9187=CARTESIAN_POINT('',(-18.6329332027453,6.15931465713205,12.0300000000208));
#9188=CARTESIAN_POINT('',(-18.6784716334199,11.3775019571473,12.0300000000208));
#9189=CARTESIAN_POINT('',(9.48158657373102,6.40466635422203,12.0300000000208));
#9190=CARTESIAN_POINT('',(-33.2263035316082,6.03196024365049,12.0300000000208));
#9191=CARTESIAN_POINT('',(9.48158657373102,6.40466635422203,12.0300000000208));
#9192=CARTESIAN_POINT('',(-33.2224811452868,5.59395815480199,12.0300000000208));
#9193=CARTESIAN_POINT('',(-33.2718419622829,11.2501475436657,12.0300000000208));
#9194=CARTESIAN_POINT('',(-8.22019351040141,5.81214981345811,12.0300000000208));
#9195=CARTESIAN_POINT('Ctrl Pts',(9.48158657373102,6.40466635422203,12.0300000000208));
#9196=CARTESIAN_POINT('Ctrl Pts',(-46.520849166451,5.91594050155701,12.0300000000208));
#9197=CARTESIAN_POINT('Ctrl Pts',(9.48156102342093,6.40759412976542,12.0300000000208));
#9198=CARTESIAN_POINT('Ctrl Pts',(-46.5208747167611,5.9188682771004,12.0300000000208));
#9199=CARTESIAN_POINT('Ctrl Pts',(9.48153546929876,6.41052234213069,12.0299493329046));
#9200=CARTESIAN_POINT('Ctrl Pts',(-46.5209002708832,5.92179648946566,12.0299493329046));
#9201=CARTESIAN_POINT('Ctrl Pts',(9.48127478500457,6.440393803512,12.0289152900982));
#9202=CARTESIAN_POINT('Ctrl Pts',(-46.5211609551774,5.95166795084697,12.0289152900982));
#9203=CARTESIAN_POINT('Ctrl Pts',(9.48103805391507,6.46752049950094,12.0235675877757));
#9204=CARTESIAN_POINT('Ctrl Pts',(-46.5213976862669,5.97879464683592,12.0235675877757));
#9205=CARTESIAN_POINT('Ctrl Pts',(9.48060117068612,6.51758235897057,12.0050354081961));
#9206=CARTESIAN_POINT('Ctrl Pts',(-46.5218345694959,6.02885650630555,12.0050354081961));
#9207=CARTESIAN_POINT('Ctrl Pts',(9.4803951631304,6.54118848669664,11.9917839089843));
#9208=CARTESIAN_POINT('Ctrl Pts',(-46.5220405770516,6.05246263403161,11.9917839089843));
#9209=CARTESIAN_POINT('Ctrl Pts',(9.48005805945314,6.57981674202804,11.9613131406689));
#9210=CARTESIAN_POINT('Ctrl Pts',(-46.5223776807289,6.09109088936302,11.9613131406689));
#9211=CARTESIAN_POINT('Ctrl Pts',(9.47991741564365,6.59593292630668,11.9445964022096));
#9212=CARTESIAN_POINT('Ctrl Pts',(-46.5225183245383,6.10720707364166,11.9445964022096));
#9213=CARTESIAN_POINT('Ctrl Pts',(9.47971966644396,6.61859274016418,11.9137399198421));
#9214=CARTESIAN_POINT('Ctrl Pts',(-46.522716073738,6.12986688749916,11.9137399198421));
#9215=CARTESIAN_POINT('Ctrl Pts',(9.47964909902006,6.62667896601144,11.9002377713775));
#9216=CARTESIAN_POINT('Ctrl Pts',(-46.5227866411619,6.13795311334642,11.9002377713775));
#9217=CARTESIAN_POINT('Ctrl Pts',(9.47955286121776,6.63770672586823,11.8774434963639));
#9218=CARTESIAN_POINT('Ctrl Pts',(-46.5228828789642,6.14898087320321,11.8774434963639));
#9219=CARTESIAN_POINT('Ctrl Pts',(9.47951973764838,6.64150231097041,11.8681846204508));
#9220=CARTESIAN_POINT('Ctrl Pts',(-46.5229160025336,6.15277645830539,11.8681846204508));
#9221=CARTESIAN_POINT('Ctrl Pts',(9.47946622543236,6.64763420356902,11.8505884733124));
#9222=CARTESIAN_POINT('Ctrl Pts',(-46.5229695147496,6.15890835090399,11.8505884733124));
#9223=CARTESIAN_POINT('Ctrl Pts',(9.47944526977939,6.65003548355594,11.8421163517848));
#9224=CARTESIAN_POINT('Ctrl Pts',(-46.5229904704026,6.16130963089092,11.8421163517848));
#9225=CARTESIAN_POINT('Ctrl Pts',(9.47941845464643,6.65310819344551,11.8293891922168));
#9226=CARTESIAN_POINT('Ctrl Pts',(-46.5230172855356,6.16438234078049,11.8293891922168));
#9227=CARTESIAN_POINT('Ctrl Pts',(9.47940982520325,6.65409702969075,11.8245415291231));
#9228=CARTESIAN_POINT('Ctrl Pts',(-46.5230259149787,6.16537117702573,11.8245415291231));
#9229=CARTESIAN_POINT('Ctrl Pts',(9.47939471252427,6.65582877117456,11.8151145349407));
#9230=CARTESIAN_POINT('Ctrl Pts',(-46.5230410276577,6.16710291850953,11.8151145349407));
#9231=CARTESIAN_POINT('Ctrl Pts',(9.4793891624368,6.6564647482062,11.8108451201616));
#9232=CARTESIAN_POINT('Ctrl Pts',(-46.5230465777452,6.16773889554118,11.8108451201616));
#9233=CARTESIAN_POINT('Ctrl Pts',(9.47937717848615,6.65783797293413,11.8007231094011));
#9234=CARTESIAN_POINT('Ctrl Pts',(-46.5230585616958,6.16911212026911,11.8007231094011));
#9235=CARTESIAN_POINT('Ctrl Pts',(9.47937322568533,6.65829091904362,11.7960743466187));
#9236=CARTESIAN_POINT('Ctrl Pts',(-46.5230625144967,6.1695650663786,11.7960743466187));
#9237=CARTESIAN_POINT('Ctrl Pts',(9.47935681628571,6.66017124999646,11.7751708460623));
#9238=CARTESIAN_POINT('Ctrl Pts',(-46.5230789238963,6.17144539733144,11.7751708460623));
#9239=CARTESIAN_POINT('Ctrl Pts',(9.47935299165543,6.66060950921756,11.763037326724));
#9240=CARTESIAN_POINT('Ctrl Pts',(-46.5230827485266,6.17188365655253,11.763037326724));
#9241=CARTESIAN_POINT('Ctrl Pts',(9.47934056261039,6.66203373671101,11.7248451233601));
#9242=CARTESIAN_POINT('Ctrl Pts',(-46.5230951775716,6.17330788404599,11.7248451233601));
#9243=CARTESIAN_POINT('Ctrl Pts',(9.4793344640446,6.66273256313256,11.6988327671339));
#9244=CARTESIAN_POINT('Ctrl Pts',(-46.5231012761374,6.17400671046754,11.6988327671339));
#9245=CARTESIAN_POINT('Ctrl Pts',(9.47931917897147,6.6644840590296,11.6161825556996));
#9246=CARTESIAN_POINT('Ctrl Pts',(-46.5231165612105,6.17575820636458,11.6161825556996));
#9247=CARTESIAN_POINT('Ctrl Pts',(9.47931035918143,6.66549470686416,11.5498335393902));
#9248=CARTESIAN_POINT('Ctrl Pts',(-46.5231253810006,6.17676885419914,11.5498335393902));
#9249=CARTESIAN_POINT('Ctrl Pts',(9.47930237548959,6.66640954733534,11.4704590721273));
#9250=CARTESIAN_POINT('Ctrl Pts',(-46.5231333646924,6.17768369467032,11.4704590721273));
#9251=CARTESIAN_POINT('',(-17.7734821694394,6.42858599903835,11.4704609820853));
#9252=CARTESIAN_POINT('Ctrl Pts',(-18.6329332027453,6.15931465713205,12.0300000000208));
#9253=CARTESIAN_POINT('Ctrl Pts',(-18.6330236080913,6.16967408369078,12.0300000000208));
#9254=CARTESIAN_POINT('Ctrl Pts',(-18.6320534018393,6.17986514267974,12.0293657614815));
#9255=CARTESIAN_POINT('Ctrl Pts',(-18.628043108445,6.20043903045725,12.026854648842));
#9256=CARTESIAN_POINT('Ctrl Pts',(-18.624969287159,6.21059608451435,12.0249586000712));
#9257=CARTESIAN_POINT('Ctrl Pts',(-18.6124062033726,6.24196283978186,12.0172517576201));
#9258=CARTESIAN_POINT('Ctrl Pts',(-18.5997993171986,6.26112631171925,12.0095682609965));
#9259=CARTESIAN_POINT('Ctrl Pts',(-18.5545655581293,6.31397282492301,11.9819492149815));
#9260=CARTESIAN_POINT('Ctrl Pts',(-18.5136703425909,6.34134902775973,11.9568838634996));
#9261=CARTESIAN_POINT('Ctrl Pts',(-18.3799038126234,6.40719953550701,11.8739745633923));
#9262=CARTESIAN_POINT('Ctrl Pts',(-18.2836155142181,6.41462055236702,11.8124902853319));
#9263=CARTESIAN_POINT('Ctrl Pts',(-18.2290556070483,6.41811215556804,11.7773604760447));
#9264=CARTESIAN_POINT('Ctrl Pts',(-18.2138767982458,6.41873765671457,11.7675422211017));
#9265=CARTESIAN_POINT('Ctrl Pts',(-18.1900021998672,6.41955458899133,11.7520253886303));
#9266=CARTESIAN_POINT('Ctrl Pts',(-18.1816884890061,6.41982787487319,11.7466111609761));
#9267=CARTESIAN_POINT('Ctrl Pts',(-18.0631850383055,6.42374063537815,11.6693779115041));
#9268=CARTESIAN_POINT('Ctrl Pts',(-17.9248680664128,6.42603187562059,11.5767444916686));
#9269=CARTESIAN_POINT('Ctrl Pts',(-17.7734800962054,6.42857811777455,11.4704590721273));
#9270=CARTESIAN_POINT('',(9.47930237548959,6.66640954733534,11.4704590721273));
#9271=CARTESIAN_POINT('Origin',(9.66286046991367,-14.3672647130291,-12.6953999999792));
#9272=CARTESIAN_POINT('',(9.66286046991367,-14.3672647130291,-12.6953999999792));
#9273=CARTESIAN_POINT('',(9.751421972803,-24.5154077825403,-12.5536679355585));
#9274=CARTESIAN_POINT('Origin',(9.65978975119284,-14.0153951998819,-12.6953999999804));
#9275=CARTESIAN_POINT('Origin',(-13.2477022576729,-24.7161180990029,-12.5536679355585));
#9276=CARTESIAN_POINT('Origin',(9.48142663101928,6.42299397365802,11.3988691508262));
#9277=CARTESIAN_POINT('',(-17.6725333835497,6.43978461700571,11.3988691508262));
#9278=CARTESIAN_POINT('Ctrl Pts',(-17.7734805229946,6.42859508790003,11.4704592677616));
#9279=CARTESIAN_POINT('Ctrl Pts',(-17.7391024261866,6.43600545158027,11.4462814787165));
#9280=CARTESIAN_POINT('Ctrl Pts',(-17.7046642344272,6.4395042153181,11.4218466487908));
#9281=CARTESIAN_POINT('Ctrl Pts',(-17.6725333835497,6.43978461700571,11.3988691508262));
#9282=CARTESIAN_POINT('',(9.47921227263657,6.67673431163555,11.3988691508262));
#9283=CARTESIAN_POINT('Origin',(9.493694353269,5.01725224090204,-12.5022034580449));
#9284=CARTESIAN_POINT('',(9.493694353269,5.01725224090204,-12.5022034580449));
#9285=CARTESIAN_POINT('Ctrl Pts',(9.49345512835931,5.04466470038027,-12.5003156856298));
#9286=CARTESIAN_POINT('Ctrl Pts',(-46.5048909766185,4.55597453742099,-12.5003156856298));
#9287=CARTESIAN_POINT('Ctrl Pts',(9.49353469351098,5.03554743705323,-12.5014359060853));
#9288=CARTESIAN_POINT('Ctrl Pts',(-46.5048114114669,4.54685727409395,-12.5014359060853));
#9289=CARTESIAN_POINT('Ctrl Pts',(9.4936146597649,5.02638421196033,-12.5020759357418));
#9290=CARTESIAN_POINT('Ctrl Pts',(-46.5047314452129,4.53769404900104,-12.5020759357418));
#9291=CARTESIAN_POINT('Ctrl Pts',(9.493694353269,5.01725224090204,-12.5022034580449));
#9292=CARTESIAN_POINT('Ctrl Pts',(-46.5046517517089,4.52856207794275,-12.5022034580449));
#9293=CARTESIAN_POINT('',(-36.5047933515147,4.64324623571595,-12.500333370301));
#9294=CARTESIAN_POINT('',(9.49345510943719,5.04466686864114,-12.500333370301));
#9295=CARTESIAN_POINT('',(-41.5046029668355,4.59961355822408,-12.500333370301));
#9296=CARTESIAN_POINT('',(-36.5047933515147,4.64324623571595,-12.500333370301));
#9297=CARTESIAN_POINT('',(-41.5046029668355,4.59961355822408,-12.500333370301));
#9298=CARTESIAN_POINT('Origin',(9.4889114726163,5.56531607862466,-12.3299999999792));
#9299=CARTESIAN_POINT('',(9.4889114726163,5.56531607862466,-12.3299999999792));
#9300=CARTESIAN_POINT('',(9.49245507130583,5.15925988819169,-12.4987100172635));
#9301=CARTESIAN_POINT('Ctrl Pts',(9.49245507130583,5.15925988819169,-12.4987100172635));
#9302=CARTESIAN_POINT('Ctrl Pts',(9.49245507008457,5.15926002813392,-12.4987200095787));
#9303=CARTESIAN_POINT('Ctrl Pts',(9.49345510943729,5.04466686863016,-12.5003333703012));
#9304=CARTESIAN_POINT('Ctrl Pts',(-46.5054126202878,4.67057390028276,-12.4987100172635));
#9305=CARTESIAN_POINT('Ctrl Pts',(-46.5054126215091,4.67057404022499,-12.4987200095787));
#9306=CARTESIAN_POINT('Ctrl Pts',(-46.5044125821563,4.55598088072123,-12.5003333703012));
#9307=CARTESIAN_POINT('Origin',(9.84211721380668,-34.908053022309,-14.049081614227));
#9308=CARTESIAN_POINT('',(12.8420029829992,-34.8818734158139,-7.11538733379246));
#9309=CARTESIAN_POINT('Origin',(3.45240808159915,19.0969217964445,-10.5541101580671));
#9310=CARTESIAN_POINT('',(5.49496105363704,14.2295608732727,-10.5541101580671));
#9311=CARTESIAN_POINT('Origin',(3.4950372075087,14.212107802276,-10.5541101580671));
#9312=CARTESIAN_POINT('',(5.45233192772749,19.1143748674412,-10.5541101580671));
#9313=CARTESIAN_POINT('Origin',(3.45944302881242,19.0969831894987,10.2535543522696));
#9314=CARTESIAN_POINT('',(5.50199600085031,14.229622266327,10.2535543522696));
#9315=CARTESIAN_POINT('Origin',(3.50207215472196,14.2121691953302,10.2535543522696));
#9316=CARTESIAN_POINT('',(5.45936687494076,19.1144362604954,10.2535543522696));
#9317=CARTESIAN_POINT('Origin',(12.627000004188,-10.2449723000583,-0.181693053357916));
#9318=CARTESIAN_POINT('',(12.4128871319977,14.2899326995448,6.75200122707663));
#9319=CARTESIAN_POINT('Origin',(-25.9751567978514,13.9549253154232,-0.151721176582539));
#9320=CARTESIAN_POINT('',(-7.2758688365514,14.1181115292428,-0.151721176582537));
#9321=CARTESIAN_POINT('Origin',(-25.9751567978514,13.9549253154233,-0.151721176582539));
#9322=CARTESIAN_POINT('',(-7.2758688365514,14.1181115292428,-0.151721176582537));
#9323=CARTESIAN_POINT('Origin',(9.41300136280521,14.2637530930497,13.6856955075112));
#9324=CARTESIAN_POINT('Origin',(9.46972745189678,7.76358711692653,6.67130369280193));
#9325=CARTESIAN_POINT('',(-38.3950502621379,7.34588435517908,6.67006122811822));
#9326=CARTESIAN_POINT('Origin',(-25.9418045535159,7.49203609321869,-0.151721176582539));
#9327=CARTESIAN_POINT('',(9.46972739233873,7.76359394160376,6.67006122811822));
#9328=CARTESIAN_POINT('Ctrl Pts',(9.46972739244488,7.76359392943924,6.67006122819503));
#9329=CARTESIAN_POINT('Ctrl Pts',(-46.5284731390584,7.27490503688042,6.67006122819503));
#9330=CARTESIAN_POINT('Ctrl Pts',(9.46976979516288,7.75873505922256,5.8774326010491));
#9331=CARTESIAN_POINT('Ctrl Pts',(-46.5284307363404,7.27004616666374,5.8774326010491));
#9332=CARTESIAN_POINT('Ctrl Pts',(9.46980476901762,7.7547274524173,5.01624662965028));
#9333=CARTESIAN_POINT('Ctrl Pts',(-46.5283957624857,7.26603855985848,5.01624662965028));
#9334=CARTESIAN_POINT('Ctrl Pts',(9.46985777190145,7.74865392350578,3.20804039726538));
#9335=CARTESIAN_POINT('Ctrl Pts',(-46.5283427596019,7.25996503094697,3.20804039726538));
#9336=CARTESIAN_POINT('Ctrl Pts',(9.46987579793446,7.74658834471723,2.26112737594269));
#9337=CARTESIAN_POINT('Ctrl Pts',(-46.5283247335689,7.25789945215841,2.26112737594269));
#9338=CARTESIAN_POINT('Ctrl Pts',(9.46989382500943,7.74452264653095,0.338032731632076));
#9339=CARTESIAN_POINT('Ctrl Pts',(-46.5283067064939,7.25583375397213,0.338032731632076));
#9340=CARTESIAN_POINT('Ctrl Pts',(9.4698938250048,7.74452264706044,-0.638034210444532));
#9341=CARTESIAN_POINT('Ctrl Pts',(-46.5283067064985,7.25583375450162,-0.638034210444532));
#9342=CARTESIAN_POINT('Ctrl Pts',(9.46987579791163,7.74658834733314,-2.56112882530619));
#9343=CARTESIAN_POINT('Ctrl Pts',(-46.5283247335917,7.25789945477432,-2.56112882530619));
#9344=CARTESIAN_POINT('Ctrl Pts',(9.46985777186967,7.74865392714901,-3.5080418171818));
#9345=CARTESIAN_POINT('Ctrl Pts',(-46.5283427596336,7.25996503459019,-3.5080418171818));
#9346=CARTESIAN_POINT('Ctrl Pts',(9.46980476896871,7.75472745802212,-5.31624796297139));
#9347=CARTESIAN_POINT('Ctrl Pts',(-46.5283957625346,7.2660385654633,-5.31624796297139));
#9348=CARTESIAN_POINT('Ctrl Pts',(9.46976979510581,7.75873506576154,-6.17743387722775));
#9349=CARTESIAN_POINT('Ctrl Pts',(-46.5284307363975,7.27004617320273,-6.17743387722775));
#9350=CARTESIAN_POINT('Ctrl Pts',(9.46972739238031,7.76359393683775,-6.97006243507371));
#9351=CARTESIAN_POINT('Ctrl Pts',(-46.528473139123,7.27490504427893,-6.97006243507371));
#9352=CARTESIAN_POINT('',(-38.3969344818387,7.34586790707649,-6.97006243507371));
#9353=CARTESIAN_POINT('Ctrl Pts',(-38.3969344818387,7.34586790707649,-6.9700624350737));
#9354=CARTESIAN_POINT('Ctrl Pts',(-39.1199286346155,7.33146020524894,-5.6490976626651));
#9355=CARTESIAN_POINT('Ctrl Pts',(-39.6282456111605,7.32169855025178,-4.22146090077755));
#9356=CARTESIAN_POINT('Ctrl Pts',(-40.1527084948307,7.31159661561428,-1.39280467327507));
#9357=CARTESIAN_POINT('Ctrl Pts',(-40.2061405664428,7.3105778495794,-0.0157295909842228));
#9358=CARTESIAN_POINT('Ctrl Pts',(-39.8632243828622,7.31715754568746,3.21440636759184));
#9359=CARTESIAN_POINT('Ctrl Pts',(-39.2968108963088,7.32792083942633,5.02355694983288));
#9360=CARTESIAN_POINT('Ctrl Pts',(-38.3950502619896,7.34588434301493,6.67006122819503));
#9361=CARTESIAN_POINT('',(9.46972739238031,7.76359393683775,-6.97006243507371));
#9362=CARTESIAN_POINT('Origin',(9.46972739238032,7.76359393683787,-6.97006243505036));
#9363=CARTESIAN_POINT('',(-38.3962549163124,7.34586701653362,-6.97130367554645));
#9364=CARTESIAN_POINT('Origin',(-25.9418045107218,7.49203118950147,-0.151721176582539));
#9365=CARTESIAN_POINT('',(-41.5283306243708,7.31853380591875,-6.97130367554645));
#9366=CARTESIAN_POINT('',(-41.5283306243708,7.31853380591875,-6.97130367554645));
#9367=CARTESIAN_POINT('',(-36.5285210090499,7.36216648341061,-6.97130367554645));
#9368=CARTESIAN_POINT('Origin',(9.47149887115524,7.56060257528633,-6.97130367882692));
#9369=CARTESIAN_POINT('',(-38.2817640133606,7.16155877929407,-7.17353120253919));
#9370=CARTESIAN_POINT('Ctrl Pts',(-38.2817640133606,7.16155877929407,-7.17353120253919));
#9371=CARTESIAN_POINT('Ctrl Pts',(-38.2829804074373,7.18234318902157,-7.17171201213691));
#9372=CARTESIAN_POINT('Ctrl Pts',(-38.2861194525142,7.20336968054865,-7.166518884458));
#9373=CARTESIAN_POINT('Ctrl Pts',(-38.2971451282158,7.24768450044498,-7.14776557035447));
#9374=CARTESIAN_POINT('Ctrl Pts',(-38.3061828892179,7.26990677943707,-7.13214004008626));
#9375=CARTESIAN_POINT('Ctrl Pts',(-38.3267300384994,7.30569093458756,-7.09617794205915));
#9376=CARTESIAN_POINT('Ctrl Pts',(-38.3398603832057,7.32112238874082,-7.07297571486046));
#9377=CARTESIAN_POINT('Ctrl Pts',(-38.3677995257138,7.34128278130755,-7.02300313402329));
#9378=CARTESIAN_POINT('Ctrl Pts',(-38.382609696972,7.34599376776341,-6.99622630775927));
#9379=CARTESIAN_POINT('Ctrl Pts',(-38.3962549814567,7.34587468716975,-6.97130367882692));
#9380=CARTESIAN_POINT('',(9.4713444817945,7.57829384372904,-7.17353120253919));
#9381=CARTESIAN_POINT('Origin',(9.4713444817945,7.57829384372904,-7.17353120253919));
#9382=CARTESIAN_POINT('',(-38.279567734303,7.12450607257137,-7.17682213330178));
#9383=CARTESIAN_POINT('Origin',(-26.6301005582635,86.3629461666622,-0.151721176582539));
#9384=CARTESIAN_POINT('',(9.47166797849514,7.54122479348232,-7.17682213330178));
#9385=CARTESIAN_POINT('Origin',(9.47921227263657,6.67673431163555,11.3988691508262));
#9386=CARTESIAN_POINT('',(-15.5505502545242,6.45830288322694,9.53628406224257));
#9387=CARTESIAN_POINT('Origin',(-25.9319926682712,6.36770540780485,-0.151721176582539));
#9388=CARTESIAN_POINT('',(9.47921227263657,6.67673431163555,9.53628406224257));
#9389=CARTESIAN_POINT('Origin',(9.47921227263657,6.67673431163555,11.3988691508262));
#9390=CARTESIAN_POINT('',(-34.1914519529927,6.29562619860387,11.3988691508262));
#9391=CARTESIAN_POINT('Origin',(-25.9319926682712,6.36770540780485,-0.151721176582539));
#9392=CARTESIAN_POINT('',(9.47921227263657,6.67673431163555,11.3988691508262));
#9393=CARTESIAN_POINT('Ctrl Pts',(-38.2270528039513,6.2359359356752,-7.25487061219775));
#9394=CARTESIAN_POINT('Ctrl Pts',(-38.2309259187492,6.67975093215997,-7.21590331938492));
#9395=CARTESIAN_POINT('Ctrl Pts',(-38.234810646679,7.12489666175777,-7.1768221333018));
#9396=CARTESIAN_POINT('Ctrl Pts',(-46.5184418703708,6.16357807949081,-7.25487061219775));
#9397=CARTESIAN_POINT('Ctrl Pts',(-46.5223149851686,6.60739307597559,-7.21590331938492));
#9398=CARTESIAN_POINT('Ctrl Pts',(-46.5261997130985,7.05253880557339,-7.1768221333018));
#9399=CARTESIAN_POINT('',(-38.2270528039513,6.23593593567541,-7.25487061219771));
#9400=CARTESIAN_POINT('Ctrl Pts',(-38.2270528039513,6.23593593567541,-7.25487061219771));
#9401=CARTESIAN_POINT('Ctrl Pts',(-38.2446662655303,6.5320946942878,-7.22885613422811));
#9402=CARTESIAN_POINT('Ctrl Pts',(-38.2621744657883,6.82834619177852,-7.20283458015936));
#9403=CARTESIAN_POINT('Ctrl Pts',(-38.279567734303,7.12450607257137,-7.17682213330178));
#9404=CARTESIAN_POINT('',(9.47942582122284,6.65226406739995,-7.25487061219771));
#9405=CARTESIAN_POINT('Origin',(9.48142663101928,6.42299397365802,11.3988691508262));
#9406=CARTESIAN_POINT('',(-34.090325034631,6.2861831692346,11.4704590721273));
#9407=CARTESIAN_POINT('Ctrl Pts',(-34.1914519529927,6.29562619860387,11.3988691508262));
#9408=CARTESIAN_POINT('Ctrl Pts',(-34.1593211021153,6.29590660029149,11.4218466487908));
#9409=CARTESIAN_POINT('Ctrl Pts',(-34.1248270936125,6.29300939875188,11.4462814787165));
#9410=CARTESIAN_POINT('Ctrl Pts',(-34.0903249040763,6.28620014422395,11.4704592677616));
#9411=CARTESIAN_POINT('',(-36.5189462335795,6.26500588696756,11.4704592677616));
#9412=CARTESIAN_POINT('Ctrl Pts',(9.4794258212046,6.65226406948808,-7.25487061201453));
#9413=CARTESIAN_POINT('Ctrl Pts',(-46.5188685395036,6.16357435809419,-7.25487061201453));
#9414=CARTESIAN_POINT('Ctrl Pts',(9.47941460122699,6.65354975157675,-7.44410968619857));
#9415=CARTESIAN_POINT('Ctrl Pts',(-46.5188797594812,6.16486004018286,-7.44410968619857));
#9416=CARTESIAN_POINT('Ctrl Pts',(9.47940293308676,6.65488678801546,-7.62875820263712));
#9417=CARTESIAN_POINT('Ctrl Pts',(-46.5188914276215,6.16619707662157,-7.62875820263712));
#9418=CARTESIAN_POINT('Ctrl Pts',(9.47937778669,6.65776827967594,-8.00241137455817));
#9419=CARTESIAN_POINT('Ctrl Pts',(-46.5189165740182,6.16907856828205,-8.00241137455817));
#9420=CARTESIAN_POINT('Ctrl Pts',(9.47936423824479,6.65932077772365,-8.1905993946204));
#9421=CARTESIAN_POINT('Ctrl Pts',(-46.5189301224634,6.17063106632977,-8.1905993946204));
#9422=CARTESIAN_POINT('Ctrl Pts',(9.47933621179228,6.66253229108464,-8.55459276206613));
#9423=CARTESIAN_POINT('Ctrl Pts',(-46.5189581489159,6.17384257969076,-8.55459276206613));
#9424=CARTESIAN_POINT('Ctrl Pts',(9.47932173378913,6.66419130592184,-8.7303980042091));
#9425=CARTESIAN_POINT('Ctrl Pts',(-46.5189726269191,6.17550159452796,-8.7303980042091));
#9426=CARTESIAN_POINT('Ctrl Pts',(9.47929191440493,6.66760826890541,-9.0688283921945));
#9427=CARTESIAN_POINT('Ctrl Pts',(-46.5190024463033,6.17891855751152,-9.0688283921945));
#9428=CARTESIAN_POINT('Ctrl Pts',(9.4792765730239,6.66936621704883,-9.23145345454855));
#9429=CARTESIAN_POINT('Ctrl Pts',(-46.5190177876843,6.18067650565494,-9.23145345454855));
#9430=CARTESIAN_POINT('Ctrl Pts',(9.47924509750078,6.6729729547555,-9.54278343632602));
#9431=CARTESIAN_POINT('Ctrl Pts',(-46.5190492632074,6.18428324336162,-9.54278343632602));
#9432=CARTESIAN_POINT('Ctrl Pts',(9.47922896334909,6.67482174541806,-9.69148830698801));
#9433=CARTESIAN_POINT('Ctrl Pts',(-46.5190653973591,6.18613203402418,-9.69148830698801));
#9434=CARTESIAN_POINT('Ctrl Pts',(9.47921247040011,6.67671165017912,-9.83289279374212));
#9435=CARTESIAN_POINT('Ctrl Pts',(-46.5190818903081,6.18802193878523,-9.83289279374212));
#9436=CARTESIAN_POINT('',(-36.3198073580041,6.2770296591903,-9.83289279374212));
#9437=CARTESIAN_POINT('Ctrl Pts',(-36.3198073580041,6.2770296591903,-9.83289279374212));
#9438=CARTESIAN_POINT('Ctrl Pts',(-36.3933608099518,6.27533266075832,-9.75395467431439));
#9439=CARTESIAN_POINT('Ctrl Pts',(-36.4660037423799,6.27367461283598,-9.67410775855747));
#9440=CARTESIAN_POINT('Ctrl Pts',(-36.5377225841727,6.27205293728017,-9.59345605137629));
#9441=CARTESIAN_POINT('Ctrl Pts',(-36.5983810402205,6.27068135440227,-9.52524234472778));
#9442=CARTESIAN_POINT('Ctrl Pts',(-36.6583784517155,6.26933579163331,-9.45645183151834));
#9443=CARTESIAN_POINT('Ctrl Pts',(-36.7177066083829,6.26801475868749,-9.38711844543729));
#9444=CARTESIAN_POINT('Ctrl Pts',(-36.7913843887182,6.26637420923063,-9.30101548393415));
#9445=CARTESIAN_POINT('Ctrl Pts',(-36.8640300188644,6.26477148332559,-9.21407670600806));
#9446=CARTESIAN_POINT('Ctrl Pts',(-36.9356277750643,6.26320384454505,-9.12632044679821));
#9447=CARTESIAN_POINT('Ctrl Pts',(-36.9967897311591,6.26186469846901,-9.05135518590587));
#9448=CARTESIAN_POINT('Ctrl Pts',(-37.0571870192139,6.26055115916968,-8.97579229659977));
#9449=CARTESIAN_POINT('Ctrl Pts',(-37.1168098385313,6.2592616377361,-8.8996131982018));
#9450=CARTESIAN_POINT('Ctrl Pts',(-37.1832447038766,6.25782478547416,-8.81473046031483));
#9451=CARTESIAN_POINT('Ctrl Pts',(-37.2487180211323,6.25641774873406,-8.72908310892931));
#9452=CARTESIAN_POINT('Ctrl Pts',(-37.3132162331556,6.25503847060335,-8.64261243660955));
#9453=CARTESIAN_POINT('Ctrl Pts',(-37.3797681502,6.25361527450448,-8.5533884282151));
#9454=CARTESIAN_POINT('Ctrl Pts',(-37.4452597814341,6.25222259225014,-8.46336617272366));
#9455=CARTESIAN_POINT('Ctrl Pts',(-37.5096784060174,6.25085949392493,-8.37259607834326));
#9456=CARTESIAN_POINT('Ctrl Pts',(-37.5945687135036,6.2490632147167,-8.25298003139496));
#9457=CARTESIAN_POINT('Ctrl Pts',(-37.6775956653606,6.24731830122728,-8.13206709709459));
#9458=CARTESIAN_POINT('Ctrl Pts',(-37.7587301516418,6.2456227358329,-8.00993075936095));
#9459=CARTESIAN_POINT('Ctrl Pts',(-37.8031001196257,6.24469548299984,-7.9431381333976));
#9460=CARTESIAN_POINT('Ctrl Pts',(-37.8469041152633,6.24378299235746,-7.8759786692619));
#9461=CARTESIAN_POINT('Ctrl Pts',(-37.8901373778753,6.24288496328598,-7.80845786753118));
#9462=CARTESIAN_POINT('Ctrl Pts',(-37.9727787083362,6.24116836100395,-7.67939037292907));
#9463=CARTESIAN_POINT('Ctrl Pts',(-38.0533346279887,6.23950457943617,-7.54900596341852));
#9464=CARTESIAN_POINT('Ctrl Pts',(-38.1317718870361,6.23789167488236,-7.41730771890636));
#9465=CARTESIAN_POINT('Ctrl Pts',(-38.1638881481943,6.23723126853335,-7.36338366207154));
#9466=CARTESIAN_POINT('Ctrl Pts',(-38.1956492146372,6.23657939541679,-7.30923871630882));
#9467=CARTESIAN_POINT('Ctrl Pts',(-38.2270528040754,6.23593593776261,-7.25487061201453));
#9468=CARTESIAN_POINT('',(9.47921247040011,6.67671165017912,-9.83289279374212));
#9469=CARTESIAN_POINT('Origin',(9.48142663101928,6.42299397365793,-9.83628405069281));
#9470=CARTESIAN_POINT('',(-36.3166461991523,6.27707990938796,-9.83628405069281));
#9471=CARTESIAN_POINT('Ctrl Pts',(-36.3166461991523,6.27707990938796,-9.83628405069281));
#9472=CARTESIAN_POINT('Ctrl Pts',(-36.3176968780015,6.27707074025255,-9.83515733316096));
#9473=CARTESIAN_POINT('Ctrl Pts',(-36.31875066843,6.27705403873271,-9.83402684096326));
#9474=CARTESIAN_POINT('Ctrl Pts',(-36.3198073580038,6.27702965917017,-9.83289279374226));
#9475=CARTESIAN_POINT('',(9.47921227263657,6.67673431163555,-9.83628405069281));
#9476=CARTESIAN_POINT('Ctrl Pts',(9.48158657373102,6.40466635422203,12.0300000000208));
#9477=CARTESIAN_POINT('Ctrl Pts',(-46.520849166451,5.91594050155701,12.0300000000208));
#9478=CARTESIAN_POINT('Ctrl Pts',(9.48156102342093,6.40759412976542,12.0300000000208));
#9479=CARTESIAN_POINT('Ctrl Pts',(-46.5208747167611,5.9188682771004,12.0300000000208));
#9480=CARTESIAN_POINT('Ctrl Pts',(9.48153546929876,6.41052234213069,12.0299493329046));
#9481=CARTESIAN_POINT('Ctrl Pts',(-46.5209002708832,5.92179648946566,12.0299493329046));
#9482=CARTESIAN_POINT('Ctrl Pts',(9.48127478500457,6.440393803512,12.0289152900982));
#9483=CARTESIAN_POINT('Ctrl Pts',(-46.5211609551774,5.95166795084697,12.0289152900982));
#9484=CARTESIAN_POINT('Ctrl Pts',(9.48103805391507,6.46752049950094,12.0235675877757));
#9485=CARTESIAN_POINT('Ctrl Pts',(-46.5213976862669,5.97879464683592,12.0235675877757));
#9486=CARTESIAN_POINT('Ctrl Pts',(9.48060117068612,6.51758235897057,12.0050354081961));
#9487=CARTESIAN_POINT('Ctrl Pts',(-46.5218345694959,6.02885650630555,12.0050354081961));
#9488=CARTESIAN_POINT('Ctrl Pts',(9.4803951631304,6.54118848669664,11.9917839089843));
#9489=CARTESIAN_POINT('Ctrl Pts',(-46.5220405770516,6.05246263403161,11.9917839089843));
#9490=CARTESIAN_POINT('Ctrl Pts',(9.48005805945314,6.57981674202804,11.9613131406689));
#9491=CARTESIAN_POINT('Ctrl Pts',(-46.5223776807289,6.09109088936302,11.9613131406689));
#9492=CARTESIAN_POINT('Ctrl Pts',(9.47991741564365,6.59593292630668,11.9445964022096));
#9493=CARTESIAN_POINT('Ctrl Pts',(-46.5225183245383,6.10720707364166,11.9445964022096));
#9494=CARTESIAN_POINT('Ctrl Pts',(9.47971966644396,6.61859274016418,11.9137399198421));
#9495=CARTESIAN_POINT('Ctrl Pts',(-46.522716073738,6.12986688749916,11.9137399198421));
#9496=CARTESIAN_POINT('Ctrl Pts',(9.47964909902006,6.62667896601144,11.9002377713775));
#9497=CARTESIAN_POINT('Ctrl Pts',(-46.5227866411619,6.13795311334642,11.9002377713775));
#9498=CARTESIAN_POINT('Ctrl Pts',(9.47955286121776,6.63770672586823,11.8774434963639));
#9499=CARTESIAN_POINT('Ctrl Pts',(-46.5228828789642,6.14898087320321,11.8774434963639));
#9500=CARTESIAN_POINT('Ctrl Pts',(9.47951973764838,6.64150231097041,11.8681846204508));
#9501=CARTESIAN_POINT('Ctrl Pts',(-46.5229160025336,6.15277645830539,11.8681846204508));
#9502=CARTESIAN_POINT('Ctrl Pts',(9.47946622543236,6.64763420356902,11.8505884733124));
#9503=CARTESIAN_POINT('Ctrl Pts',(-46.5229695147496,6.15890835090399,11.8505884733124));
#9504=CARTESIAN_POINT('Ctrl Pts',(9.47944526977939,6.65003548355594,11.8421163517848));
#9505=CARTESIAN_POINT('Ctrl Pts',(-46.5229904704026,6.16130963089092,11.8421163517848));
#9506=CARTESIAN_POINT('Ctrl Pts',(9.47941845464643,6.65310819344551,11.8293891922168));
#9507=CARTESIAN_POINT('Ctrl Pts',(-46.5230172855356,6.16438234078049,11.8293891922168));
#9508=CARTESIAN_POINT('Ctrl Pts',(9.47940982520325,6.65409702969075,11.8245415291231));
#9509=CARTESIAN_POINT('Ctrl Pts',(-46.5230259149787,6.16537117702573,11.8245415291231));
#9510=CARTESIAN_POINT('Ctrl Pts',(9.47939471252427,6.65582877117456,11.8151145349407));
#9511=CARTESIAN_POINT('Ctrl Pts',(-46.5230410276577,6.16710291850953,11.8151145349407));
#9512=CARTESIAN_POINT('Ctrl Pts',(9.4793891624368,6.6564647482062,11.8108451201616));
#9513=CARTESIAN_POINT('Ctrl Pts',(-46.5230465777452,6.16773889554118,11.8108451201616));
#9514=CARTESIAN_POINT('Ctrl Pts',(9.47937717848615,6.65783797293413,11.8007231094011));
#9515=CARTESIAN_POINT('Ctrl Pts',(-46.5230585616958,6.16911212026911,11.8007231094011));
#9516=CARTESIAN_POINT('Ctrl Pts',(9.47937322568533,6.65829091904362,11.7960743466187));
#9517=CARTESIAN_POINT('Ctrl Pts',(-46.5230625144967,6.1695650663786,11.7960743466187));
#9518=CARTESIAN_POINT('Ctrl Pts',(9.47935681628571,6.66017124999646,11.7751708460623));
#9519=CARTESIAN_POINT('Ctrl Pts',(-46.5230789238963,6.17144539733144,11.7751708460623));
#9520=CARTESIAN_POINT('Ctrl Pts',(9.47935299165543,6.66060950921756,11.763037326724));
#9521=CARTESIAN_POINT('Ctrl Pts',(-46.5230827485266,6.17188365655253,11.763037326724));
#9522=CARTESIAN_POINT('Ctrl Pts',(9.47934056261039,6.66203373671101,11.7248451233601));
#9523=CARTESIAN_POINT('Ctrl Pts',(-46.5230951775716,6.17330788404599,11.7248451233601));
#9524=CARTESIAN_POINT('Ctrl Pts',(9.4793344640446,6.66273256313256,11.6988327671339));
#9525=CARTESIAN_POINT('Ctrl Pts',(-46.5231012761374,6.17400671046754,11.6988327671339));
#9526=CARTESIAN_POINT('Ctrl Pts',(9.47931917897147,6.6644840590296,11.6161825556996));
#9527=CARTESIAN_POINT('Ctrl Pts',(-46.5231165612105,6.17575820636458,11.6161825556996));
#9528=CARTESIAN_POINT('Ctrl Pts',(9.47931035918143,6.66549470686416,11.5498335393902));
#9529=CARTESIAN_POINT('Ctrl Pts',(-46.5231253810006,6.17676885419914,11.5498335393902));
#9530=CARTESIAN_POINT('Ctrl Pts',(9.47930237548959,6.66640954733534,11.4704590721273));
#9531=CARTESIAN_POINT('Ctrl Pts',(-46.5231333646924,6.17768369467032,11.4704590721273));
#9532=CARTESIAN_POINT('Ctrl Pts',(-34.090325034631,6.2861831692346,11.4704590721273));
#9533=CARTESIAN_POINT('Ctrl Pts',(-33.9558812760151,6.28626861658475,11.5648350877544));
#9534=CARTESIAN_POINT('Ctrl Pts',(-33.8283470536567,6.28631390389893,11.6508409773622));
#9535=CARTESIAN_POINT('Ctrl Pts',(-33.6380748709865,6.28410692535643,11.7754483315016));
#9536=CARTESIAN_POINT('Ctrl Pts',(-33.6040913638042,6.28260801072371,11.7970378170942));
#9537=CARTESIAN_POINT('Ctrl Pts',(-33.5099620989474,6.2741056460612,11.8571575255496));
#9538=CARTESIAN_POINT('Ctrl Pts',(-33.4502331188686,6.25760302921934,11.8944017909282));
#9539=CARTESIAN_POINT('Ctrl Pts',(-33.3784257761409,6.22651486974768,11.9386586431887));
#9540=CARTESIAN_POINT('Ctrl Pts',(-33.3549894031784,6.21404739926792,11.9529908416481));
#9541=CARTESIAN_POINT('Ctrl Pts',(-33.3008277783692,6.17739404595055,11.9858793513563));
#9542=CARTESIAN_POINT('Ctrl Pts',(-33.2794628501585,6.1554063333394,11.9986634458331));
#9543=CARTESIAN_POINT('Ctrl Pts',(-33.250210351272,6.11728647737141,12.0161081339583));
#9544=CARTESIAN_POINT('Ctrl Pts',(-33.2411274905691,6.09925590650312,12.0214629248118));
#9545=CARTESIAN_POINT('Ctrl Pts',(-33.2306257676725,6.06914888700338,12.0276056950296));
#9546=CARTESIAN_POINT('Ctrl Pts',(-33.2264799208245,6.05217244584444,12.0300000000208));
#9547=CARTESIAN_POINT('Ctrl Pts',(-33.2263035316082,6.03196024365049,12.0300000000208));
#9548=CARTESIAN_POINT('Origin',(9.47921227263657,6.67673431163555,-9.83628405069281));
#9549=CARTESIAN_POINT('',(-34.1962634887708,6.29558420896727,-11.6988691507845));
#9550=CARTESIAN_POINT('Origin',(-25.9319926682712,6.36770540780485,-0.151721176582539));
#9551=CARTESIAN_POINT('',(9.47921227263657,6.67673431163555,-11.6988691507845));
#9552=CARTESIAN_POINT('Origin',(9.47921227263657,6.67673431163555,-9.83628405069281));
#9553=CARTESIAN_POINT('',(-15.5473391373901,6.45833090622163,-9.83628405069281));
#9554=CARTESIAN_POINT('',(-17.6677218477716,6.43982660664232,-11.6988691507845));
#9555=CARTESIAN_POINT('Origin',(-25.9319926682712,6.36770540780485,-0.151721176582539));
#9556=CARTESIAN_POINT('',(9.47921227263657,6.67673431163555,-11.6988691507845));
#9557=CARTESIAN_POINT('',(9.47921227263657,6.67673431163555,-9.83628405069281));
#9558=CARTESIAN_POINT('Origin',(9.48142663101928,6.42299397365802,-11.6988691507845));
#9559=CARTESIAN_POINT('',(-17.7686104263837,6.42862045754745,-11.770481280039));
#9560=CARTESIAN_POINT('Ctrl Pts',(-17.6677218477716,6.43982660664232,-11.6988691507845));
#9561=CARTESIAN_POINT('Ctrl Pts',(-17.6998343797382,6.43954636482142,-11.7218537763278));
#9562=CARTESIAN_POINT('Ctrl Pts',(-17.7342533007917,6.43604571619788,-11.7462965807277));
#9563=CARTESIAN_POINT('Ctrl Pts',(-17.7686106932678,6.42863107565252,-11.7704814024462));
#9564=CARTESIAN_POINT('',(9.47930228418521,6.66642000978084,-11.7704814024462));
#9565=CARTESIAN_POINT('Origin',(9.48142663101928,6.42299397365802,-11.6988691507845));
#9566=CARTESIAN_POINT('',(-34.0951947017093,6.28614051510201,-11.770481280039));
#9567=CARTESIAN_POINT('Ctrl Pts',(-34.0951946201773,6.28615113624765,-11.7704814024462));
#9568=CARTESIAN_POINT('Ctrl Pts',(-34.1296761831765,6.29296502832973,-11.7462965807277));
#9569=CARTESIAN_POINT('Ctrl Pts',(-34.1641509568042,6.29586445078817,-11.7218537763278));
#9570=CARTESIAN_POINT('Ctrl Pts',(-34.1962634887708,6.29558420896727,-11.6988691507845));
#9571=CARTESIAN_POINT('',(9.47930237686128,6.66640939015549,-11.770481280039));
#9572=CARTESIAN_POINT('Ctrl Pts',(9.47930237686128,6.66640939015549,-11.770481280039));
#9573=CARTESIAN_POINT('Ctrl Pts',(-46.5231333605776,6.17768353751441,-11.770481280039));
#9574=CARTESIAN_POINT('Ctrl Pts',(9.47930877298808,6.66567646661936,-11.8340720557613));
#9575=CARTESIAN_POINT('Ctrl Pts',(-46.5231269644508,6.17695061397828,-11.8340720557613));
#9576=CARTESIAN_POINT('Ctrl Pts',(9.47931570303211,6.66488236222847,-11.8892941896211));
#9577=CARTESIAN_POINT('Ctrl Pts',(-46.5231200344067,6.17615650958739,-11.8892941896211));
#9578=CARTESIAN_POINT('Ctrl Pts',(9.47933218232509,6.66299402229091,-11.9916729699597));
#9579=CARTESIAN_POINT('Ctrl Pts',(-46.5231035551137,6.17426816964982,-11.9916729699597));
#9580=CARTESIAN_POINT('Ctrl Pts',(9.47934138446915,6.6619395610244,-12.0329923583592));
#9581=CARTESIAN_POINT('Ctrl Pts',(-46.5230943529697,6.17321370838332,-12.0329923583592));
#9582=CARTESIAN_POINT('Ctrl Pts',(9.47935742891757,6.66010104933854,-12.0722013768146));
#9583=CARTESIAN_POINT('Ctrl Pts',(-46.5230783085213,6.17137519669746,-12.0722013768146));
#9584=CARTESIAN_POINT('Ctrl Pts',(9.47936118529535,6.65967061107949,-12.0804387285005));
#9585=CARTESIAN_POINT('Ctrl Pts',(-46.5230745521435,6.17094475843841,-12.0804387285005));
#9586=CARTESIAN_POINT('Ctrl Pts',(9.47937219502997,6.65840902045093,-12.0948565151808));
#9587=CARTESIAN_POINT('Ctrl Pts',(-46.5230635424089,6.16968316780984,-12.0948565151808));
#9588=CARTESIAN_POINT('Ctrl Pts',(9.47937583811979,6.65799156370634,-12.0992323042974));
#9589=CARTESIAN_POINT('Ctrl Pts',(-46.5230598993191,6.16926571106525,-12.0992323042974));
#9590=CARTESIAN_POINT('Ctrl Pts',(9.47938648378987,6.65677169074157,-12.1087126790991));
#9591=CARTESIAN_POINT('Ctrl Pts',(-46.523049253649,6.16804583810049,-12.1087126790991));
#9592=CARTESIAN_POINT('Ctrl Pts',(9.47939163796619,6.65618108063491,-12.1129002644386));
#9593=CARTESIAN_POINT('Ctrl Pts',(-46.5230440994727,6.16745522799383,-12.1129002644386));
#9594=CARTESIAN_POINT('Ctrl Pts',(9.47940826085351,6.65427628641602,-12.1237757269504));
#9595=CARTESIAN_POINT('Ctrl Pts',(-46.5230274765853,6.16555043377493,-12.1237757269504));
#9596=CARTESIAN_POINT('Ctrl Pts',(9.4794206314987,6.65285875088248,-12.1308651930807));
#9597=CARTESIAN_POINT('Ctrl Pts',(-46.5230151059401,6.16413289824139,-12.1308651930807));
#9598=CARTESIAN_POINT('Ctrl Pts',(9.47945251027128,6.6492058053638,-12.1449654122402));
#9599=CARTESIAN_POINT('Ctrl Pts',(-46.5229832271676,6.16047995272272,-12.1449654122402));
#9600=CARTESIAN_POINT('Ctrl Pts',(9.47946932421091,6.64727911871795,-12.1515046423755));
#9601=CARTESIAN_POINT('Ctrl Pts',(-46.5229664132279,6.15855326607686,-12.1515046423755));
#9602=CARTESIAN_POINT('Ctrl Pts',(9.47951844785799,6.64165010631041,-12.1678904682325));
#9603=CARTESIAN_POINT('Ctrl Pts',(-46.5229172895809,6.15292425366933,-12.1678904682325));
#9604=CARTESIAN_POINT('Ctrl Pts',(9.47955471639556,6.63749414354835,-12.1780259732509));
#9605=CARTESIAN_POINT('Ctrl Pts',(-46.5228810210433,6.14876829090727,-12.1780259732509));
#9606=CARTESIAN_POINT('Ctrl Pts',(9.47964541722314,6.62710085815021,-12.1991794156785));
#9607=CARTESIAN_POINT('Ctrl Pts',(-46.5227903202157,6.13837500550912,-12.1991794156785));
#9608=CARTESIAN_POINT('Ctrl Pts',(9.4797021821858,6.62059623770465,-12.2102810170589));
#9609=CARTESIAN_POINT('Ctrl Pts',(-46.522733555253,6.13187038506357,-12.2102810170589));
#9610=CARTESIAN_POINT('Ctrl Pts',(9.47989868234244,6.59807955000517,-12.2427211343383));
#9611=CARTESIAN_POINT('Ctrl Pts',(-46.5225370550964,6.10935369736409,-12.2427211343383));
#9612=CARTESIAN_POINT('Ctrl Pts',(9.48006529102851,6.57898808556797,-12.2626390956871));
#9613=CARTESIAN_POINT('Ctrl Pts',(-46.5223704464103,6.09026223292688,-12.2626390956871));
#9614=CARTESIAN_POINT('Ctrl Pts',(9.48044039256577,6.53600570675221,-12.2950446575182));
#9615=CARTESIAN_POINT('Ctrl Pts',(-46.5219953448731,6.04727985411113,-12.2950446575182));
#9616=CARTESIAN_POINT('Ctrl Pts',(9.48065368807048,6.51156446278814,-12.3079686777541));
#9617=CARTESIAN_POINT('Ctrl Pts',(-46.5217820493684,6.02283861014706,-12.3079686777541));
#9618=CARTESIAN_POINT('Ctrl Pts',(9.48110375062556,6.45999240212848,-12.3254164578951));
#9619=CARTESIAN_POINT('Ctrl Pts',(-46.5213319868133,5.9712665494874,-12.3254164578951));
#9620=CARTESIAN_POINT('Ctrl Pts',(9.4813467079389,6.43215225155356,-12.3299999999792));
#9621=CARTESIAN_POINT('Ctrl Pts',(-46.5210890294999,5.94342639891248,-12.3299999999792));
#9622=CARTESIAN_POINT('Ctrl Pts',(9.48158657373102,6.40466635422203,-12.3299999999792));
#9623=CARTESIAN_POINT('Ctrl Pts',(-46.5208491637078,5.91594050158095,-12.3299999999792));
#9624=CARTESIAN_POINT('',(-18.6271897487557,6.15936477949568,-12.3299999999792));
#9625=CARTESIAN_POINT('Ctrl Pts',(-17.7686104263837,6.42862045754745,-11.770481280039));
#9626=CARTESIAN_POINT('Ctrl Pts',(-17.9137599601816,6.42617809446954,-11.8724777092072));
#9627=CARTESIAN_POINT('Ctrl Pts',(-18.0478482919586,6.42394635972149,-11.9625849807548));
#9628=CARTESIAN_POINT('Ctrl Pts',(-18.2321167201956,6.41813470609545,-12.0830364930434));
#9629=CARTESIAN_POINT('Ctrl Pts',(-18.260076804494,6.41603315011773,-12.1007960817841));
#9630=CARTESIAN_POINT('Ctrl Pts',(-18.359297381779,6.40481193917818,-12.1643063692912));
#9631=CARTESIAN_POINT('Ctrl Pts',(-18.4169842303643,6.38491019584878,-12.2003326374835));
#9632=CARTESIAN_POINT('Ctrl Pts',(-18.4811149198927,6.35519715980255,-12.2401875704981));
#9633=CARTESIAN_POINT('Ctrl Pts',(-18.5041406105346,6.34223097481764,-12.2544127872686));
#9634=CARTESIAN_POINT('Ctrl Pts',(-18.5566387455693,6.30480602069414,-12.2867017238709));
#9635=CARTESIAN_POINT('Ctrl Pts',(-18.577270629992,6.2826223231991,-12.2992881525623));
#9636=CARTESIAN_POINT('Ctrl Pts',(-18.6014470265759,6.2493846286244,-12.3140593367359));
#9637=CARTESIAN_POINT('Ctrl Pts',(-18.6123412918683,6.23118915670597,-12.3207102492992));
#9638=CARTESIAN_POINT('Ctrl Pts',(-18.624577101124,6.19297542448042,-12.3282585596056));
#9639=CARTESIAN_POINT('Ctrl Pts',(-18.6273377349527,6.17632231804093,-12.3299999999792));
#9640=CARTESIAN_POINT('Ctrl Pts',(-18.6271897487557,6.15936477949568,-12.3299999999792));
#9641=CARTESIAN_POINT('',(9.48158657373102,6.40466635422203,-12.3299999999792));
#9642=CARTESIAN_POINT('Ctrl Pts',(9.47930237686128,6.66640939015549,-11.770481280039));
#9643=CARTESIAN_POINT('Ctrl Pts',(-46.5231333605776,6.17768353751441,-11.770481280039));
#9644=CARTESIAN_POINT('Ctrl Pts',(9.47930877298808,6.66567646661936,-11.8340720557613));
#9645=CARTESIAN_POINT('Ctrl Pts',(-46.5231269644508,6.17695061397828,-11.8340720557613));
#9646=CARTESIAN_POINT('Ctrl Pts',(9.47931570303211,6.66488236222847,-11.8892941896211));
#9647=CARTESIAN_POINT('Ctrl Pts',(-46.5231200344067,6.17615650958739,-11.8892941896211));
#9648=CARTESIAN_POINT('Ctrl Pts',(9.47933218232509,6.66299402229091,-11.9916729699597));
#9649=CARTESIAN_POINT('Ctrl Pts',(-46.5231035551137,6.17426816964982,-11.9916729699597));
#9650=CARTESIAN_POINT('Ctrl Pts',(9.47934138446915,6.6619395610244,-12.0329923583592));
#9651=CARTESIAN_POINT('Ctrl Pts',(-46.5230943529697,6.17321370838332,-12.0329923583592));
#9652=CARTESIAN_POINT('Ctrl Pts',(9.47935742891757,6.66010104933854,-12.0722013768146));
#9653=CARTESIAN_POINT('Ctrl Pts',(-46.5230783085213,6.17137519669746,-12.0722013768146));
#9654=CARTESIAN_POINT('Ctrl Pts',(9.47936118529535,6.65967061107949,-12.0804387285005));
#9655=CARTESIAN_POINT('Ctrl Pts',(-46.5230745521435,6.17094475843841,-12.0804387285005));
#9656=CARTESIAN_POINT('Ctrl Pts',(9.47937219502997,6.65840902045093,-12.0948565151808));
#9657=CARTESIAN_POINT('Ctrl Pts',(-46.5230635424089,6.16968316780984,-12.0948565151808));
#9658=CARTESIAN_POINT('Ctrl Pts',(9.47937583811979,6.65799156370634,-12.0992323042974));
#9659=CARTESIAN_POINT('Ctrl Pts',(-46.5230598993191,6.16926571106525,-12.0992323042974));
#9660=CARTESIAN_POINT('Ctrl Pts',(9.47938648378987,6.65677169074157,-12.1087126790991));
#9661=CARTESIAN_POINT('Ctrl Pts',(-46.523049253649,6.16804583810049,-12.1087126790991));
#9662=CARTESIAN_POINT('Ctrl Pts',(9.47939163796619,6.65618108063491,-12.1129002644386));
#9663=CARTESIAN_POINT('Ctrl Pts',(-46.5230440994727,6.16745522799383,-12.1129002644386));
#9664=CARTESIAN_POINT('Ctrl Pts',(9.47940826085351,6.65427628641602,-12.1237757269504));
#9665=CARTESIAN_POINT('Ctrl Pts',(-46.5230274765853,6.16555043377493,-12.1237757269504));
#9666=CARTESIAN_POINT('Ctrl Pts',(9.4794206314987,6.65285875088248,-12.1308651930807));
#9667=CARTESIAN_POINT('Ctrl Pts',(-46.5230151059401,6.16413289824139,-12.1308651930807));
#9668=CARTESIAN_POINT('Ctrl Pts',(9.47945251027128,6.6492058053638,-12.1449654122402));
#9669=CARTESIAN_POINT('Ctrl Pts',(-46.5229832271676,6.16047995272272,-12.1449654122402));
#9670=CARTESIAN_POINT('Ctrl Pts',(9.47946932421091,6.64727911871795,-12.1515046423755));
#9671=CARTESIAN_POINT('Ctrl Pts',(-46.5229664132279,6.15855326607686,-12.1515046423755));
#9672=CARTESIAN_POINT('Ctrl Pts',(9.47951844785799,6.64165010631041,-12.1678904682325));
#9673=CARTESIAN_POINT('Ctrl Pts',(-46.5229172895809,6.15292425366933,-12.1678904682325));
#9674=CARTESIAN_POINT('Ctrl Pts',(9.47955471639556,6.63749414354835,-12.1780259732509));
#9675=CARTESIAN_POINT('Ctrl Pts',(-46.5228810210433,6.14876829090727,-12.1780259732509));
#9676=CARTESIAN_POINT('Ctrl Pts',(9.47964541722314,6.62710085815021,-12.1991794156785));
#9677=CARTESIAN_POINT('Ctrl Pts',(-46.5227903202157,6.13837500550912,-12.1991794156785));
#9678=CARTESIAN_POINT('Ctrl Pts',(9.4797021821858,6.62059623770465,-12.2102810170589));
#9679=CARTESIAN_POINT('Ctrl Pts',(-46.522733555253,6.13187038506357,-12.2102810170589));
#9680=CARTESIAN_POINT('Ctrl Pts',(9.47989868234244,6.59807955000517,-12.2427211343383));
#9681=CARTESIAN_POINT('Ctrl Pts',(-46.5225370550964,6.10935369736409,-12.2427211343383));
#9682=CARTESIAN_POINT('Ctrl Pts',(9.48006529102851,6.57898808556797,-12.2626390956871));
#9683=CARTESIAN_POINT('Ctrl Pts',(-46.5223704464103,6.09026223292688,-12.2626390956871));
#9684=CARTESIAN_POINT('Ctrl Pts',(9.48044039256577,6.53600570675221,-12.2950446575182));
#9685=CARTESIAN_POINT('Ctrl Pts',(-46.5219953448731,6.04727985411113,-12.2950446575182));
#9686=CARTESIAN_POINT('Ctrl Pts',(9.48065368807048,6.51156446278814,-12.3079686777541));
#9687=CARTESIAN_POINT('Ctrl Pts',(-46.5217820493684,6.02283861014706,-12.3079686777541));
#9688=CARTESIAN_POINT('Ctrl Pts',(9.48110375062556,6.45999240212848,-12.3254164578951));
#9689=CARTESIAN_POINT('Ctrl Pts',(-46.5213319868133,5.9712665494874,-12.3254164578951));
#9690=CARTESIAN_POINT('Ctrl Pts',(9.4813467079389,6.43215225155356,-12.3299999999792));
#9691=CARTESIAN_POINT('Ctrl Pts',(-46.5210890294999,5.94342639891248,-12.3299999999792));
#9692=CARTESIAN_POINT('Ctrl Pts',(9.48158657373102,6.40466635422203,-12.3299999999792));
#9693=CARTESIAN_POINT('Ctrl Pts',(-46.5208491637078,5.91594050158095,-12.3299999999792));
#9694=CARTESIAN_POINT('',(-33.2320469855978,6.03191012128686,-12.3299999999792));
#9695=CARTESIAN_POINT('Ctrl Pts',(-33.2320469855978,6.03191012128686,-12.3299999999792));
#9696=CARTESIAN_POINT('Ctrl Pts',(-33.2321337053366,6.04184721909505,-12.3299999999792));
#9697=CARTESIAN_POINT('Ctrl Pts',(-33.2332186648349,6.05170141556718,-12.3294011398618));
#9698=CARTESIAN_POINT('Ctrl Pts',(-33.2372576401766,6.07140435954238,-12.3270811118314));
#9699=CARTESIAN_POINT('Ctrl Pts',(-33.2402564791421,6.08113033927538,-12.3253323078762));
#9700=CARTESIAN_POINT('Ctrl Pts',(-33.2497643504001,6.10466501720295,-12.3197423611644));
#9701=CARTESIAN_POINT('Ctrl Pts',(-33.2595681756999,6.12378143806494,-12.3139570944901));
#9702=CARTESIAN_POINT('Ctrl Pts',(-33.3075756156581,6.18046258510106,-12.2852278045961));
#9703=CARTESIAN_POINT('Ctrl Pts',(-33.3466249779794,6.20691424806674,-12.2615774312649));
#9704=CARTESIAN_POINT('Ctrl Pts',(-33.4795600702026,6.27349562837848,-12.1799543222756));
#9705=CARTESIAN_POINT('Ctrl Pts',(-33.5771544173367,6.2805464730422,-12.1177738892531));
#9706=CARTESIAN_POINT('Ctrl Pts',(-33.6322184969761,6.28331433858962,-12.0823575071841));
#9707=CARTESIAN_POINT('Ctrl Pts',(-33.6496034353379,6.28378414463201,-12.0711215466221));
#9708=CARTESIAN_POINT('Ctrl Pts',(-33.6768864977234,6.28435273917319,-12.0534052627441));
#9709=CARTESIAN_POINT('Ctrl Pts',(-33.6878185486046,6.28453519647197,-12.0462851326052));
#9710=CARTESIAN_POINT('Ctrl Pts',(-33.7350219542378,6.28520858237051,-12.0154487970463));
#9711=CARTESIAN_POINT('Ctrl Pts',(-33.7731929927845,6.28547059707572,-11.9902633966312));
#9712=CARTESIAN_POINT('Ctrl Pts',(-33.9056890968239,6.28614763603757,-11.9018948398406));
#9713=CARTESIAN_POINT('Ctrl Pts',(-34.0005630694304,6.28619997686319,-11.8369694327277));
#9714=CARTESIAN_POINT('Ctrl Pts',(-34.0951947017093,6.28614051510201,-11.770481280039));
#9715=CARTESIAN_POINT('',(9.48158657373102,6.40466635422203,-12.3299999999792));
#9716=CARTESIAN_POINT('Origin',(9.48158657373102,6.40466635422203,-12.3299999999792));
#9717=CARTESIAN_POINT('',(-18.6233673624343,5.72136269064716,-12.3299999999792));
#9718=CARTESIAN_POINT('',(-18.6727281794303,11.3775520795109,-12.3299999999791));
#9719=CARTESIAN_POINT('',(-33.2282245992763,5.59390803243836,-12.3299999999792));
#9720=CARTESIAN_POINT('',(-8.22019351040142,5.81214981345811,-12.3299999999792));
#9721=CARTESIAN_POINT('',(-33.2775854162725,11.2500974213021,-12.3299999999791));
#9722=CARTESIAN_POINT('Origin',(9.48142663101928,6.42299397365811,9.53628406224257));
#9723=CARTESIAN_POINT('',(-15.5473865910046,6.45830782896399,9.53289279723131));
#9724=CARTESIAN_POINT('Ctrl Pts',(-15.5505502545258,6.45830288340086,9.53628406224257));
#9725=CARTESIAN_POINT('Ctrl Pts',(-15.5494988753712,6.45831205864774,9.53515734284748));
#9726=CARTESIAN_POINT('Ctrl Pts',(-15.5484442508652,6.45831375696153,9.5340268479649));
#9727=CARTESIAN_POINT('Ctrl Pts',(-15.5473865910046,6.45830782896399,9.53289279723131));
#9728=CARTESIAN_POINT('',(9.47921247039971,6.67671165022519,9.53289279723131));
#9729=CARTESIAN_POINT('Ctrl Pts',(9.47921247039971,6.67671165022519,9.53289279723131));
#9730=CARTESIAN_POINT('Ctrl Pts',(-46.5190818903093,6.1880219388313,9.53289279723131));
#9731=CARTESIAN_POINT('Ctrl Pts',(9.47922896334875,6.67482174545759,9.39148831015622));
#9732=CARTESIAN_POINT('Ctrl Pts',(-46.5190653973602,6.1861320340637,9.39148831015622));
#9733=CARTESIAN_POINT('Ctrl Pts',(9.47924509750049,6.67297295478871,9.24278343912519));
#9734=CARTESIAN_POINT('Ctrl Pts',(-46.5190492632085,6.18428324339482,9.24278343912519));
#9735=CARTESIAN_POINT('Ctrl Pts',(9.47927657302371,6.66936621706991,8.93145345651949));
#9736=CARTESIAN_POINT('Ctrl Pts',(-46.5190177876853,6.18067650567602,8.93145345651949));
#9737=CARTESIAN_POINT('Ctrl Pts',(9.47929191440479,6.66760826892069,8.76882839370625));
#9738=CARTESIAN_POINT('Ctrl Pts',(-46.5190024463042,6.1789185575268,8.76882839370625));
#9739=CARTESIAN_POINT('Ctrl Pts',(9.47932173378909,6.66419130592613,8.43039800471902));
#9740=CARTESIAN_POINT('Ctrl Pts',(-46.5189726269199,6.17550159453223,8.43039800471902));
#9741=CARTESIAN_POINT('Ctrl Pts',(9.47933621179229,6.66253229108373,8.2545927620334));
#9742=CARTESIAN_POINT('Ctrl Pts',(-46.5189581489167,6.17384257968984,8.2545927620334));
#9743=CARTESIAN_POINT('Ctrl Pts',(9.47936423824488,6.65932077771301,7.89059939342637));
#9744=CARTESIAN_POINT('Ctrl Pts',(-46.5189301224641,6.17063106631912,7.89059939342637));
#9745=CARTESIAN_POINT('Ctrl Pts',(9.47937778669013,6.65776827966076,7.70241137274547));
#9746=CARTESIAN_POINT('Ctrl Pts',(-46.5189165740188,6.16907856826687,7.70241137274547));
#9747=CARTESIAN_POINT('Ctrl Pts',(9.47940293308686,6.65488678800419,7.32875820111271));
#9748=CARTESIAN_POINT('Ctrl Pts',(-46.5188914276221,6.1661970766103,7.32875820111271));
#9749=CARTESIAN_POINT('Ctrl Pts',(9.47941460122703,6.65354975157302,7.14410968567109));
#9750=CARTESIAN_POINT('Ctrl Pts',(-46.518879759482,6.16486004017913,7.14410968567109));
#9751=CARTESIAN_POINT('Ctrl Pts',(9.47942582120458,6.65226406949133,6.95487061253412));
#9752=CARTESIAN_POINT('Ctrl Pts',(-46.5188685395044,6.16357435809744,6.95487061253412));
#9753=CARTESIAN_POINT('',(-13.6384946219156,6.45051703418694,6.95487061253412));
#9754=CARTESIAN_POINT('Ctrl Pts',(-15.5473865910046,6.45830782896399,9.53289279723131));
#9755=CARTESIAN_POINT('Ctrl Pts',(-15.4738191335735,6.45789549921396,9.45401183350612));
#9756=CARTESIAN_POINT('Ctrl Pts',(-15.4011615945345,6.45750619350428,9.37422378483755));
#9757=CARTESIAN_POINT('Ctrl Pts',(-15.3294274958161,6.45713709362185,9.2936317219114));
#9758=CARTESIAN_POINT('Ctrl Pts',(-15.2686603614744,6.45682442304341,9.22536086046331));
#9759=CARTESIAN_POINT('Ctrl Pts',(-15.2085558937017,6.45652625357064,9.15651193415874));
#9760=CARTESIAN_POINT('Ctrl Pts',(-15.1491223130383,6.45624094229395,9.08711844782233));
#9761=CARTESIAN_POINT('Ctrl Pts',(-15.0754272265299,6.45588716856901,9.00107350619842));
#9762=CARTESIAN_POINT('Ctrl Pts',(-15.0027636244951,6.45555315697541,8.91419271958972));
#9763=CARTESIAN_POINT('Ctrl Pts',(-14.9311471798203,6.45523589412814,8.8264932553995));
#9764=CARTESIAN_POINT('Ctrl Pts',(-14.8698848832588,6.45496450044578,8.7514731869235));
#9765=CARTESIAN_POINT('Ctrl Pts',(-14.8093888411206,6.45470536515157,8.67585297105625));
#9766=CARTESIAN_POINT('Ctrl Pts',(-14.7496688649207,6.45445671987985,8.59961319921263));
#9767=CARTESIAN_POINT('Ctrl Pts',(-14.6864029227852,6.45419331091062,8.51884657302142));
#9768=CARTESIAN_POINT('Ctrl Pts',(-14.6240079428764,6.4539416723747,8.43738477128585));
#9769=CARTESIAN_POINT('Ctrl Pts',(-14.5624955912927,6.45369982033439,8.35517696837924));
#9770=CARTESIAN_POINT('Ctrl Pts',(-14.4926569036379,6.45342523110691,8.26184148498163));
#9771=CARTESIAN_POINT('Ctrl Pts',(-14.4239802542918,6.45316386447344,8.16762850454885));
#9772=CARTESIAN_POINT('Ctrl Pts',(-14.3564802484975,6.45291439317306,8.07259607772989));
#9773=CARTESIAN_POINT('Ctrl Pts',(-14.271566849666,6.45260056422183,7.95304754931944));
#9774=CARTESIAN_POINT('Ctrl Pts',(-14.1885154939461,6.45230555158163,7.83220375535685));
#9775=CARTESIAN_POINT('Ctrl Pts',(-14.1073552577599,6.45202682755478,7.71013729490343));
#9776=CARTESIAN_POINT('Ctrl Pts',(-14.0629006807265,6.45187415970529,7.64327680848289));
#9777=CARTESIAN_POINT('Ctrl Pts',(-14.0190134723846,6.45172638258613,7.57604853932725));
#9778=CARTESIAN_POINT('Ctrl Pts',(-13.9756984111504,6.45158311041942,7.50845786506585));
#9779=CARTESIAN_POINT('Ctrl Pts',(-13.8930283917453,6.45130966482186,7.37945603074795));
#9780=CARTESIAN_POINT('Ctrl Pts',(-13.812442507513,6.45105260853721,7.24913745726081));
#9781=CARTESIAN_POINT('Ctrl Pts',(-13.7339739807155,6.45080941637789,7.11750415431184));
#9782=CARTESIAN_POINT('Ctrl Pts',(-13.7017905858288,6.45070967257466,7.06351554586012));
#9783=CARTESIAN_POINT('Ctrl Pts',(-13.669963368808,6.4506122646574,7.00930515068034));
#9784=CARTESIAN_POINT('Ctrl Pts',(-13.6384946219156,6.45051703418694,6.95487061253412));
#9785=CARTESIAN_POINT('',(9.47942582120458,6.65226406949133,6.95487061253412));
#9786=CARTESIAN_POINT('Ctrl Pts',(9.47166800742702,7.54122147821671,6.87682242635818));
#9787=CARTESIAN_POINT('Ctrl Pts',(9.47555274519855,7.09607462087011,6.91590370425642));
#9788=CARTESIAN_POINT('Ctrl Pts',(9.47942582120456,6.65226406949335,6.95487061255729));
#9789=CARTESIAN_POINT('Ctrl Pts',(-13.6462524357065,7.33947444291221,6.87682242635816));
#9790=CARTESIAN_POINT('Ctrl Pts',(-13.642367697935,6.89432758556561,6.91590370425642));
#9791=CARTESIAN_POINT('Ctrl Pts',(-13.638494621929,6.45051703418885,6.95487061255729));
#9792=CARTESIAN_POINT('',(-13.601466524813,7.33986528363498,6.8768224263582));
#9793=CARTESIAN_POINT('Ctrl Pts',(-13.638494621929,6.45051703418953,6.95487061255719));
#9794=CARTESIAN_POINT('Ctrl Pts',(-13.6260426749829,6.74694133768875,6.92885585259895));
#9795=CARTESIAN_POINT('Ctrl Pts',(-13.6137002291607,7.04339404339791,6.90283950437354));
#9796=CARTESIAN_POINT('Ctrl Pts',(-13.601466524813,7.33986528363498,6.8768224263582));
#9797=CARTESIAN_POINT('',(9.47166800742702,7.54122147821622,6.8768224263582));
#9798=CARTESIAN_POINT('Origin',(9.47166800741544,7.54122147954325,6.87682242624169));
#9799=CARTESIAN_POINT('',(-13.5999115280283,7.37695422664913,6.87353118652547));
#9800=CARTESIAN_POINT('Origin',(-26.630439270476,86.401758741876,-0.151721176582539));
#9801=CARTESIAN_POINT('',(7.97140159559362,7.56520422435204,6.87353118652548));
#9802=CARTESIAN_POINT('',(9.47134448018988,7.57829402759959,6.87353118652547));
#9803=CARTESIAN_POINT('',(7.97140159559362,7.56520422435204,6.87353118652548));
#9804=CARTESIAN_POINT('Origin',(9.48142663101928,6.42299397365793,-9.83628405069281));
#9805=CARTESIAN_POINT('',(-15.5441775830112,6.45833583350641,-9.83289279374212));
#9806=CARTESIAN_POINT('Ctrl Pts',(-15.5441775830112,6.45833583348628,-9.83289279374226));
#9807=CARTESIAN_POINT('Ctrl Pts',(-15.5452345371281,6.45834176755977,-9.83402684096326));
#9808=CARTESIAN_POINT('Ctrl Pts',(-15.5462884585409,6.45834007535703,-9.83515733316096));
#9809=CARTESIAN_POINT('Ctrl Pts',(-15.5473391373901,6.45833090622163,-9.83628405069281));
#9810=CARTESIAN_POINT('',(9.47921247040011,6.67671165017912,-9.83289279374212));
#9811=CARTESIAN_POINT('Origin',(9.47149887115017,7.56060257586816,6.67130367886861));
#9812=CARTESIAN_POINT('',(-13.4885853979336,7.56323295598718,6.67130369280193));
#9813=CARTESIAN_POINT('Ctrl Pts',(-13.5999115221942,7.37695355813132,6.87352354482983));
#9814=CARTESIAN_POINT('Ctrl Pts',(-13.5990573699504,7.39775604550403,6.87170433471284));
#9815=CARTESIAN_POINT('Ctrl Pts',(-13.5962837774501,7.41883382579553,6.86651108037093));
#9816=CARTESIAN_POINT('Ctrl Pts',(-13.5860264202873,7.46333273199583,6.84775802710927));
#9817=CARTESIAN_POINT('Ctrl Pts',(-13.5773724756104,7.48570790849165,6.83213312231188));
#9818=CARTESIAN_POINT('Ctrl Pts',(-13.5574406441948,7.52184383797404,6.79617250460936));
#9819=CARTESIAN_POINT('Ctrl Pts',(-13.5445734250214,7.53750147814317,6.77297076092375));
#9820=CARTESIAN_POINT('Ctrl Pts',(-13.5169733415316,7.55814543507344,6.72300013118883));
#9821=CARTESIAN_POINT('Ctrl Pts',(-13.5022387930075,7.56311380290284,6.69622478098764));
#9822=CARTESIAN_POINT('Ctrl Pts',(-13.4885853979336,7.56323295598718,6.67130369280194));
#9823=CARTESIAN_POINT('',(9.46972745189678,7.76358711692653,6.67130369280193));
#9824=CARTESIAN_POINT('Ctrl Pts',(9.4794258212046,6.65226406948808,-7.25487061201453));
#9825=CARTESIAN_POINT('Ctrl Pts',(-46.5188685395036,6.16357435809419,-7.25487061201453));
#9826=CARTESIAN_POINT('Ctrl Pts',(9.47941460122699,6.65354975157675,-7.44410968619857));
#9827=CARTESIAN_POINT('Ctrl Pts',(-46.5188797594812,6.16486004018286,-7.44410968619857));
#9828=CARTESIAN_POINT('Ctrl Pts',(9.47940293308676,6.65488678801546,-7.62875820263712));
#9829=CARTESIAN_POINT('Ctrl Pts',(-46.5188914276215,6.16619707662157,-7.62875820263712));
#9830=CARTESIAN_POINT('Ctrl Pts',(9.47937778669,6.65776827967594,-8.00241137455817));
#9831=CARTESIAN_POINT('Ctrl Pts',(-46.5189165740182,6.16907856828205,-8.00241137455817));
#9832=CARTESIAN_POINT('Ctrl Pts',(9.47936423824479,6.65932077772365,-8.1905993946204));
#9833=CARTESIAN_POINT('Ctrl Pts',(-46.5189301224634,6.17063106632977,-8.1905993946204));
#9834=CARTESIAN_POINT('Ctrl Pts',(9.47933621179228,6.66253229108464,-8.55459276206613));
#9835=CARTESIAN_POINT('Ctrl Pts',(-46.5189581489159,6.17384257969076,-8.55459276206613));
#9836=CARTESIAN_POINT('Ctrl Pts',(9.47932173378913,6.66419130592184,-8.7303980042091));
#9837=CARTESIAN_POINT('Ctrl Pts',(-46.5189726269191,6.17550159452796,-8.7303980042091));
#9838=CARTESIAN_POINT('Ctrl Pts',(9.47929191440493,6.66760826890541,-9.0688283921945));
#9839=CARTESIAN_POINT('Ctrl Pts',(-46.5190024463033,6.17891855751152,-9.0688283921945));
#9840=CARTESIAN_POINT('Ctrl Pts',(9.4792765730239,6.66936621704883,-9.23145345454855));
#9841=CARTESIAN_POINT('Ctrl Pts',(-46.5190177876843,6.18067650565494,-9.23145345454855));
#9842=CARTESIAN_POINT('Ctrl Pts',(9.47924509750078,6.6729729547555,-9.54278343632602));
#9843=CARTESIAN_POINT('Ctrl Pts',(-46.5190492632074,6.18428324336162,-9.54278343632602));
#9844=CARTESIAN_POINT('Ctrl Pts',(9.47922896334909,6.67482174541806,-9.69148830698801));
#9845=CARTESIAN_POINT('Ctrl Pts',(-46.5190653973591,6.18613203402418,-9.69148830698801));
#9846=CARTESIAN_POINT('Ctrl Pts',(9.47921247040011,6.67671165017912,-9.83289279374212));
#9847=CARTESIAN_POINT('Ctrl Pts',(-46.5190818903081,6.18802193878523,-9.83289279374212));
#9848=CARTESIAN_POINT('',(-13.6365054354186,6.45053439146298,-7.25487061219771));
#9849=CARTESIAN_POINT('Ctrl Pts',(-13.636505435331,6.45053439355203,-7.25487061201453));
#9850=CARTESIAN_POINT('Ctrl Pts',(-13.7131189064548,6.45076682271424,-7.38748202114647));
#9851=CARTESIAN_POINT('Ctrl Pts',(-13.7918593802098,6.45101215276714,-7.51876615321421));
#9852=CARTESIAN_POINT('Ctrl Pts',(-13.8726937213294,6.45127277911969,-7.64874348093142));
#9853=CARTESIAN_POINT('Ctrl Pts',(-13.9059412036072,6.45137997576306,-7.70220366678729));
#9854=CARTESIAN_POINT('Ctrl Pts',(-13.9395429073949,6.45148976393215,-7.75544218746533));
#9855=CARTESIAN_POINT('Ctrl Pts',(-13.9734965272555,6.4516023259884,-7.80845786753118));
#9856=CARTESIAN_POINT('Ctrl Pts',(-14.052458091074,6.45186409707568,-7.93174961144793));
#9857=CARTESIAN_POINT('Ctrl Pts',(-14.1333229160763,6.45214085517506,-8.05383942489103));
#9858=CARTESIAN_POINT('Ctrl Pts',(-14.2160620069497,6.45243500436831,-8.17468415722837));
#9859=CARTESIAN_POINT('Ctrl Pts',(-14.2614910638785,6.45259651110358,-8.24103565042152));
#9860=CARTESIAN_POINT('Ctrl Pts',(-14.3074851581865,6.45276326498938,-8.30701092396587));
#9861=CARTESIAN_POINT('Ctrl Pts',(-14.354039490622,6.45293569335013,-8.37259607834326));
#9862=CARTESIAN_POINT('Ctrl Pts',(-14.4241527598689,6.45319537951574,-8.47137076475583));
#9863=CARTESIAN_POINT('Ctrl Pts',(-14.4955367579332,6.45346793254607,-8.56926188017196));
#9864=CARTESIAN_POINT('Ctrl Pts',(-14.5681750908115,6.45375485047493,-8.66620399760876));
#9865=CARTESIAN_POINT('Ctrl Pts',(-14.6269711935047,6.45398709225886,-8.74467246551342));
#9866=CARTESIAN_POINT('Ctrl Pts',(-14.6865719221064,6.45422832858906,-8.8224606697327));
#9867=CARTESIAN_POINT('Ctrl Pts',(-14.7469671134223,6.45448029769819,-8.8996131982018));
#9868=CARTESIAN_POINT('Ctrl Pts',(-14.8166742895737,6.45477111646525,-8.98866142829009));
#9869=CARTESIAN_POINT('Ctrl Pts',(-14.8874398022019,6.45507622952208,-9.07686405764833));
#9870=CARTESIAN_POINT('Ctrl Pts',(-14.9592480265138,6.45539847987903,-9.16424962765304));
#9871=CARTESIAN_POINT('Ctrl Pts',(-15.0207919088879,6.45567466743628,-9.23914421379683));
#9872=CARTESIAN_POINT('Ctrl Pts',(-15.0831017152365,6.45596344727503,-9.31343801579134));
#9873=CARTESIAN_POINT('Ctrl Pts',(-15.1461676099617,6.45626672756991,-9.38711844543729));
#9874=CARTESIAN_POINT('Ctrl Pts',(-15.216217524384,6.45660359361763,-9.46895836563175));
#9875=CARTESIAN_POINT('Ctrl Pts',(-15.2872002605373,6.45695834910055,-9.55004252406987));
#9876=CARTESIAN_POINT('Ctrl Pts',(-15.3591023408553,6.45733371006264,-9.63031289458445));
#9877=CARTESIAN_POINT('Ctrl Pts',(-15.4201344483103,6.45765232491317,-9.69844819549692));
#9878=CARTESIAN_POINT('Ctrl Pts',(-15.4818289430117,6.45798578893961,-9.76599651054496));
#9879=CARTESIAN_POINT('Ctrl Pts',(-15.5441775830112,6.45833583350641,-9.83289279374212));
#9880=CARTESIAN_POINT('',(9.47942582122284,6.65226406739995,-7.25487061219771));
#9881=CARTESIAN_POINT('Origin',(9.46972745189678,7.76358711692653,6.67130369280193));
#9882=CARTESIAN_POINT('',(-13.4879048350002,7.56324572036691,6.67006122811822));
#9883=CARTESIAN_POINT('Origin',(-25.9418045535159,7.49203609321869,-0.151721176582539));
#9884=CARTESIAN_POINT('',(9.46972739233873,7.76359394160376,6.67006122811822));
#9885=CARTESIAN_POINT('Ctrl Pts',(9.47942582122284,6.65226406739961,-7.25487061219777));
#9886=CARTESIAN_POINT('Ctrl Pts',(9.47555270642497,7.09607906388446,-7.21590331938492));
#9887=CARTESIAN_POINT('Ctrl Pts',(9.47166797849514,7.54122479348232,-7.1768221333018));
#9888=CARTESIAN_POINT('Ctrl Pts',(-13.6365054354186,6.45053439146263,-7.25487061219777));
#9889=CARTESIAN_POINT('Ctrl Pts',(-13.6403785502165,6.8943493879475,-7.21590331938492));
#9890=CARTESIAN_POINT('Ctrl Pts',(-13.6442632781463,7.33949511754534,-7.1768221333018));
#9891=CARTESIAN_POINT('',(-13.5995061905223,7.33988570673174,-7.17682213330178));
#9892=CARTESIAN_POINT('Ctrl Pts',(-13.5995061905223,7.33988570673174,-7.17682213330178));
#9893=CARTESIAN_POINT('Ctrl Pts',(-13.6117290566987,7.04344435351544,-7.20283660070448));
#9894=CARTESIAN_POINT('Ctrl Pts',(-13.6240642784837,6.74693307009455,-7.22885809753734));
#9895=CARTESIAN_POINT('Ctrl Pts',(-13.6365054354186,6.45053439146298,-7.25487061219771));
#9896=CARTESIAN_POINT('',(9.47166797849514,7.54122479348232,-7.17682213330178));
#9897=CARTESIAN_POINT('Ctrl Pts',(9.46972739244488,7.76359392943924,6.67006122819503));
#9898=CARTESIAN_POINT('Ctrl Pts',(-46.5284731390584,7.27490503688042,6.67006122819503));
#9899=CARTESIAN_POINT('Ctrl Pts',(9.46976979516288,7.75873505922256,5.8774326010491));
#9900=CARTESIAN_POINT('Ctrl Pts',(-46.5284307363404,7.27004616666374,5.8774326010491));
#9901=CARTESIAN_POINT('Ctrl Pts',(9.46980476901762,7.7547274524173,5.01624662965028));
#9902=CARTESIAN_POINT('Ctrl Pts',(-46.5283957624857,7.26603855985848,5.01624662965028));
#9903=CARTESIAN_POINT('Ctrl Pts',(9.46985777190145,7.74865392350578,3.20804039726538));
#9904=CARTESIAN_POINT('Ctrl Pts',(-46.5283427596019,7.25996503094697,3.20804039726538));
#9905=CARTESIAN_POINT('Ctrl Pts',(9.46987579793446,7.74658834471723,2.26112737594269));
#9906=CARTESIAN_POINT('Ctrl Pts',(-46.5283247335689,7.25789945215841,2.26112737594269));
#9907=CARTESIAN_POINT('Ctrl Pts',(9.46989382500943,7.74452264653095,0.338032731632076));
#9908=CARTESIAN_POINT('Ctrl Pts',(-46.5283067064939,7.25583375397213,0.338032731632076));
#9909=CARTESIAN_POINT('Ctrl Pts',(9.4698938250048,7.74452264706044,-0.638034210444532));
#9910=CARTESIAN_POINT('Ctrl Pts',(-46.5283067064985,7.25583375450162,-0.638034210444532));
#9911=CARTESIAN_POINT('Ctrl Pts',(9.46987579791163,7.74658834733314,-2.56112882530619));
#9912=CARTESIAN_POINT('Ctrl Pts',(-46.5283247335917,7.25789945477432,-2.56112882530619));
#9913=CARTESIAN_POINT('Ctrl Pts',(9.46985777186967,7.74865392714901,-3.5080418171818));
#9914=CARTESIAN_POINT('Ctrl Pts',(-46.5283427596336,7.25996503459019,-3.5080418171818));
#9915=CARTESIAN_POINT('Ctrl Pts',(9.46980476896871,7.75472745802212,-5.31624796297139));
#9916=CARTESIAN_POINT('Ctrl Pts',(-46.5283957625346,7.2660385654633,-5.31624796297139));
#9917=CARTESIAN_POINT('Ctrl Pts',(9.46976979510581,7.75873506576154,-6.17743387722775));
#9918=CARTESIAN_POINT('Ctrl Pts',(-46.5284307363975,7.27004617320273,-6.17743387722775));
#9919=CARTESIAN_POINT('Ctrl Pts',(9.46972739238031,7.76359393683775,-6.97006243507371));
#9920=CARTESIAN_POINT('Ctrl Pts',(-46.528473139123,7.27490504427893,-6.97006243507371));
#9921=CARTESIAN_POINT('',(-11.7418540617844,7.55966876053218,-0.15172117657958));
#9922=CARTESIAN_POINT('Ctrl Pts',(-13.4879048349361,7.56324570820202,6.67006122819502));
#9923=CARTESIAN_POINT('Ctrl Pts',(-12.811488251395,7.56157864104272,5.43524876571185));
#9924=CARTESIAN_POINT('Ctrl Pts',(-12.3224714340814,7.56070232711714,4.10666702416838));
#9925=CARTESIAN_POINT('Ctrl Pts',(-11.8404643053972,7.55983060330446,1.77937086034547));
#9926=CARTESIAN_POINT('Ctrl Pts',(-11.7418540511385,7.55966754058589,0.814426740359113));
#9927=CARTESIAN_POINT('Ctrl Pts',(-11.7418540617844,7.55966876053218,-0.151721176576618));
#9928=CARTESIAN_POINT('',(-13.4860206152162,7.56326215893748,-6.97006243507371));
#9929=CARTESIAN_POINT('Ctrl Pts',(-11.7418540617844,7.55966876053218,-0.151721176576616));
#9930=CARTESIAN_POINT('Ctrl Pts',(-11.7418540672756,7.55966938978058,-0.650060353149954));
#9931=CARTESIAN_POINT('Ctrl Pts',(-11.768088484987,7.55971367613227,-1.14871979957644));
#9932=CARTESIAN_POINT('Ctrl Pts',(-12.0182282610366,7.56015293613613,-3.51305491196949));
#9933=CARTESIAN_POINT('Ctrl Pts',(-12.5843017200423,7.56103319869111,-5.32287609496021));
#9934=CARTESIAN_POINT('Ctrl Pts',(-13.4860206152162,7.56326215893748,-6.9700624350737));
#9935=CARTESIAN_POINT('',(9.46972739238031,7.76359393683775,-6.97006243507371));
#9936=CARTESIAN_POINT('Origin',(9.4713444817945,7.57829384372904,-7.17353120253919));
#9937=CARTESIAN_POINT('',(-13.597956904866,7.37697110050249,-7.17353120253919));
#9938=CARTESIAN_POINT('Origin',(-26.6301005582635,86.3629461666622,-0.151721176582539));
#9939=CARTESIAN_POINT('',(9.4713444817945,7.57829384372904,-7.17353120253919));
#9940=CARTESIAN_POINT('Origin',(9.47149887115524,7.56060257528633,-6.97130367882692));
#9941=CARTESIAN_POINT('',(-13.4867000616993,7.56324940847647,-6.97130367554645));
#9942=CARTESIAN_POINT('Ctrl Pts',(-13.4867001304359,7.56325707908125,-6.97130367882692));
#9943=CARTESIAN_POINT('Ctrl Pts',(-13.5003454149206,7.56313799848759,-6.99622630775927));
#9944=CARTESIAN_POINT('Ctrl Pts',(-13.5150711124677,7.55816925640958,-7.02300313402329));
#9945=CARTESIAN_POINT('Ctrl Pts',(-13.542654152344,7.53752432909773,-7.07297571486047));
#9946=CARTESIAN_POINT('Ctrl Pts',(-13.5555131812254,7.5218660691172,-7.09617794205915));
#9947=CARTESIAN_POINT('Ctrl Pts',(-13.5754326814569,7.48572876686648,-7.13214004008625));
#9948=CARTESIAN_POINT('Ctrl Pts',(-13.5840812337193,7.46335214175682,-7.14776557035446));
#9949=CARTESIAN_POINT('Ctrl Pts',(-13.5943318299091,7.41885164664861,-7.166518884458));
#9950=CARTESIAN_POINT('Ctrl Pts',(-13.5971034340181,7.39777357366753,-7.17171201213691));
#9951=CARTESIAN_POINT('Ctrl Pts',(-13.597956904866,7.37697110050249,-7.17353120253919));
#9952=CARTESIAN_POINT('',(7.96978456730568,7.75049731308824,-6.97130367554644));
#9953=CARTESIAN_POINT('',(7.96978456730568,7.75049731308824,-6.97130367554644));
#9954=CARTESIAN_POINT('',(9.46972745190194,7.7635871163358,-6.97130367554645));
#9955=CARTESIAN_POINT('Origin',(9.46972739238032,7.76359393683787,-6.97006243505036));
#9956=CARTESIAN_POINT('Origin',(-25.9418045107218,7.49203118950147,-0.151721176582539));
#9957=CARTESIAN_POINT('Origin',(-25.9751567978514,11.3138247504065,-0.151721176582539));
#9958=CARTESIAN_POINT('Origin',(-25.9257959808553,5.65763536154276,-0.151721176582539));
#9959=CARTESIAN_POINT('',(-11.7756974903402,11.4377415544834,-0.151721176582537));
#9960=CARTESIAN_POINT('Origin',(-25.9257959808553,5.65763536154276,-0.151721176582539));
#9961=CARTESIAN_POINT('Origin',(-25.9257959808553,5.65763536154276,-0.15172117658254));
#9962=CARTESIAN_POINT('Origin',(-25.9257959808553,5.65763536154276,-0.15172117658254));
#9963=UNCERTAINTY_MEASURE_WITH_UNIT(LENGTH_MEASURE(0.01),#9967,
'DISTANCE_ACCURACY_VALUE',
'Maximum model space distance between geometric entities at asserted c
onnectivities');
#9964=UNCERTAINTY_MEASURE_WITH_UNIT(LENGTH_MEASURE(0.01),#9967,
'DISTANCE_ACCURACY_VALUE',
'Maximum model space distance between geometric entities at asserted c
onnectivities');
#9965=(
GEOMETRIC_REPRESENTATION_CONTEXT(3)
GLOBAL_UNCERTAINTY_ASSIGNED_CONTEXT((#9963))
GLOBAL_UNIT_ASSIGNED_CONTEXT((#9967,#9968,#9969))
REPRESENTATION_CONTEXT('','3D')
);
#9966=(
GEOMETRIC_REPRESENTATION_CONTEXT(3)
GLOBAL_UNCERTAINTY_ASSIGNED_CONTEXT((#9964))
GLOBAL_UNIT_ASSIGNED_CONTEXT((#9967,#9968,#9969))
REPRESENTATION_CONTEXT('','3D')
);
#9967=(
LENGTH_UNIT()
NAMED_UNIT(*)
SI_UNIT(.MILLI.,.METRE.)
);
#9968=(
NAMED_UNIT(*)
PLANE_ANGLE_UNIT()
SI_UNIT($,.RADIAN.)
);
#9969=(
NAMED_UNIT(*)
SI_UNIT($,.STERADIAN.)
SOLID_ANGLE_UNIT()
);
#9970=SHAPE_DEFINITION_REPRESENTATION(#9971,#9972);
#9971=PRODUCT_DEFINITION_SHAPE('',$,#9974);
#9972=SHAPE_REPRESENTATION('',(#4837),#9965);
#9973=PRODUCT_DEFINITION_CONTEXT('part definition',#9978,'design');
#9974=PRODUCT_DEFINITION('ST3215-20200328_ASM','(\X2\672A4FDD5B58\X0\)',
#9975,#9973);
#9975=PRODUCT_DEFINITION_FORMATION('',$,#9980);
#9976=PRODUCT_RELATED_PRODUCT_CATEGORY('(\X2\672A4FDD5B58\X0\)',
'(\X2\672A4FDD5B58\X0\)',(#9980));
#9977=APPLICATION_PROTOCOL_DEFINITION('international standard',
'automotive_design',2009,#9978);
#9978=APPLICATION_CONTEXT(
'Core Data for Automotive Mechanical Design Process');
#9979=PRODUCT_CONTEXT('part definition',#9978,'mechanical');
#9980=PRODUCT('ST3215-20200328_ASM','(\X2\672A4FDD5B58\X0\)',$,(#9979));
#9981=PRESENTATION_STYLE_ASSIGNMENT((#9982));
#9982=SURFACE_STYLE_USAGE(.BOTH.,#9983);
#9983=SURFACE_SIDE_STYLE('',(#9984));
#9984=SURFACE_STYLE_FILL_AREA(#9985);
#9985=FILL_AREA_STYLE('\X2\94A2\X0\ - \X2\7F0E5149\X0\',(#9986));
#9986=FILL_AREA_STYLE_COLOUR('\X2\94A2\X0\ - \X2\7F0E5149\X0\',#9987);
#9987=COLOUR_RGB('\X2\94A2\X0\ - \X2\7F0E5149\X0\',0.627450980392157,0.627450980392157,
0.627450980392157);
ENDSEC;
END-ISO-10303-21;
