ISO-10303-21;
HEADER;
/* Generated by software containing ST-Developer
 * from STEP Tools, Inc. (www.steptools.com) 
 */

FILE_DESCRIPTION(
/* description */ (''),
/* implementation_level */ '2;1');

FILE_NAME(
/* name */ '',
/* time_stamp */ '2026-04-29T16:42:56+08:00',
/* author */ (''),
/* organization */ (''),
/* preprocessor_version */ 'ST-DEVELOPER v20.1',
/* originating_system */ 'Autodesk Translation Framework v15.8.0.0',
/* authorisation */ '');

FILE_SCHEMA (('AUTOMOTIVE_DESIGN { 1 0 10303 214 3 1 1 }'));
ENDSEC;

DATA;
#10=MECHANICAL_DESIGN_GEOMETRIC_PRESENTATION_REPRESENTATION('',(#13),#4551);
#11=SHAPE_REPRESENTATION_RELATIONSHIP('SRR','None',#4558,#12);
#12=ADVANCED_BREP_SHAPE_REPRESENTATION('',(#14),#4550);
#13=STYLED_ITEM('',(#4568),#14);
#14=MANIFOLD_SOLID_BREP('\X2\5B9E4F53\X0\3',#2280);
#15=FACE_BOUND('',#270,.T.);
#16=FACE_BOUND('',#271,.T.);
#17=FACE_BOUND('',#272,.T.);
#18=FACE_BOUND('',#273,.T.);
#19=FACE_BOUND('',#278,.T.);
#20=FACE_BOUND('',#280,.T.);
#21=FACE_BOUND('',#282,.T.);
#22=FACE_BOUND('',#284,.T.);
#23=FACE_BOUND('',#315,.T.);
#24=FACE_BOUND('',#316,.T.);
#25=FACE_BOUND('',#317,.T.);
#26=FACE_BOUND('',#318,.T.);
#27=FACE_BOUND('',#327,.T.);
#28=FACE_BOUND('',#330,.T.);
#29=FACE_BOUND('',#335,.T.);
#30=FACE_BOUND('',#338,.T.);
#31=FACE_BOUND('',#349,.T.);
#32=FACE_BOUND('',#350,.T.);
#33=FACE_BOUND('',#351,.T.);
#34=FACE_BOUND('',#352,.T.);
#35=FACE_BOUND('',#356,.T.);
#36=FACE_BOUND('',#360,.T.);
#37=FACE_BOUND('',#364,.T.);
#38=FACE_BOUND('',#368,.T.);
#39=FACE_BOUND('',#370,.T.);
#40=FACE_BOUND('',#371,.T.);
#41=FACE_BOUND('',#372,.T.);
#42=FACE_BOUND('',#373,.T.);
#43=B_SPLINE_SURFACE_WITH_KNOTS('',3,1,((#3543,#3544),(#3545,#3546),(#3547,
#3548),(#3549,#3550),(#3551,#3552),(#3553,#3554),(#3555,#3556),(#3557,#3558),
(#3559,#3560),(#3561,#3562),(#3563,#3564),(#3565,#3566)),.UNSPECIFIED.,
 .F.,.F.,.F.,(4,2,2,2,2,4),(2,2),(-4.91586009623882,-4.88824659428414,-4.84638972531102,
-4.72838516453854,-4.61508392993839,-4.50178269533825),(0.,0.600000000000003),
 .UNSPECIFIED.);
#44=B_SPLINE_SURFACE_WITH_KNOTS('',3,1,((#3587,#3588),(#3589,#3590),(#3591,
#3592),(#3593,#3594),(#3595,#3596),(#3597,#3598),(#3599,#3600),(#3601,#3602),
(#3603,#3604),(#3605,#3606),(#3607,#3608)),.UNSPECIFIED.,.F.,.F.,.F.,(4,
2,3,2,4),(2,2),(-0.28149064145977,-0.19294229341202,-2.43254711929097E-8,
0.192942244761078,0.281490592808828),(0.,0.600000000000002),
 .UNSPECIFIED.);
#45=B_SPLINE_SURFACE_WITH_KNOTS('',3,1,((#3646,#3647),(#3648,#3649),(#3650,
#3651),(#3652,#3653),(#3654,#3655),(#3656,#3657),(#3658,#3659),(#3660,#3661),
(#3662,#3663),(#3664,#3665),(#3666,#3667)),.UNSPECIFIED.,.F.,.F.,.F.,(4,
2,3,2,4),(2,2),(-0.281490592808826,-0.192942244761076,2.43254717480212E-8,
0.192942293412019,0.28149064145977),(0.,0.600000000000006),
 .UNSPECIFIED.);
#46=B_SPLINE_SURFACE_WITH_KNOTS('',3,1,((#3682,#3683),(#3684,#3685),(#3686,
#3687),(#3688,#3689),(#3690,#3691),(#3692,#3693),(#3694,#3695),(#3696,#3697),
(#3698,#3699),(#3700,#3701),(#3702,#3703),(#3704,#3705)),.UNSPECIFIED.,
 .F.,.F.,.F.,(4,2,2,2,2,4),(2,2),(-0.507781794141616,-0.394480559541471,
-0.281179324941327,-0.163174764168842,-0.121317895195726,-0.0937043932410409),
(0.,0.600000000000006),.UNSPECIFIED.);
#47=B_SPLINE_SURFACE_WITH_KNOTS('',3,3,((#3903,#3904,#3905,#3906),(#3907,
#3908,#3909,#3910),(#3911,#3912,#3913,#3914),(#3915,#3916,#3917,#3918)),
 .UNSPECIFIED.,.F.,.F.,.F.,(4,4),(4,4),(0.59632953787366,1.),(0.164015760185877,
0.328398435250585),.UNSPECIFIED.);
#48=B_SPLINE_SURFACE_WITH_KNOTS('',3,1,((#4399,#4400),(#4401,#4402),(#4403,
#4404),(#4405,#4406),(#4407,#4408),(#4409,#4410),(#4411,#4412),(#4413,#4414),
(#4415,#4416),(#4417,#4418),(#4419,#4420),(#4421,#4422)),.UNSPECIFIED.,
 .F.,.F.,.F.,(4,2,2,2,2,4),(2,2),(0.0776731190898886,0.121307829701208,
0.163169567636124,0.281184431002281,0.394498811508663,0.458112075906663),
(0.,0.600000000000003),.UNSPECIFIED.);
#49=ELLIPSE('',#2338,193.945834584444,25.8779747151043);
#50=ELLIPSE('',#2343,2.05607150496876,0.776690015276718);
#51=ELLIPSE('',#2344,2.05604293746986,0.776670493797537);
#52=ELLIPSE('',#2355,10.0902228237736,10.);
#53=ELLIPSE('',#2427,10.0902228237736,10.);
#54=TOROIDAL_SURFACE('',#2305,28.,5.);
#55=TOROIDAL_SURFACE('',#2387,28.,5.);
#56=TOROIDAL_SURFACE('',#2394,7.00000000000002,5.);
#57=TOROIDAL_SURFACE('',#2428,28.,5.);
#58=TOROIDAL_SURFACE('',#2433,7.00000000000002,5.);
#59=CYLINDRICAL_SURFACE('',#2302,25.8779747151043);
#60=CYLINDRICAL_SURFACE('',#2303,25.8779747151043);
#61=CYLINDRICAL_SURFACE('',#2313,4.);
#62=CYLINDRICAL_SURFACE('',#2319,5.);
#63=CYLINDRICAL_SURFACE('',#2335,5.);
#64=CYLINDRICAL_SURFACE('',#2337,25.8779747151043);
#65=CYLINDRICAL_SURFACE('',#2347,4.00000000000002);
#66=CYLINDRICAL_SURFACE('',#2352,4.00000000000002);
#67=CYLINDRICAL_SURFACE('',#2368,23.);
#68=CYLINDRICAL_SURFACE('',#2370,23.);
#69=CYLINDRICAL_SURFACE('',#2385,23.);
#70=CYLINDRICAL_SURFACE('',#2390,5.);
#71=CYLINDRICAL_SURFACE('',#2392,5.);
#72=CYLINDRICAL_SURFACE('',#2399,2.7);
#73=CYLINDRICAL_SURFACE('',#2403,23.);
#74=CYLINDRICAL_SURFACE('',#2405,23.);
#75=CYLINDRICAL_SURFACE('',#2406,2.7);
#76=CYLINDRICAL_SURFACE('',#2412,2.7);
#77=CYLINDRICAL_SURFACE('',#2414,12.);
#78=CYLINDRICAL_SURFACE('',#2416,1.6);
#79=CYLINDRICAL_SURFACE('',#2420,4.2);
#80=CYLINDRICAL_SURFACE('',#2421,1.6);
#81=CYLINDRICAL_SURFACE('',#2422,1.6);
#82=CYLINDRICAL_SURFACE('',#2424,2.7);
#83=CYLINDRICAL_SURFACE('',#2425,1.6);
#84=CYLINDRICAL_SURFACE('',#2435,12.);
#85=CYLINDRICAL_SURFACE('',#2449,10.);
#86=CYLINDRICAL_SURFACE('',#2450,1.6);
#87=CYLINDRICAL_SURFACE('',#2452,1.6);
#88=CYLINDRICAL_SURFACE('',#2457,2.7);
#89=CYLINDRICAL_SURFACE('',#2460,2.7);
#90=CYLINDRICAL_SURFACE('',#2461,1.6);
#91=CYLINDRICAL_SURFACE('',#2463,1.6);
#92=CYLINDRICAL_SURFACE('',#2467,2.7);
#93=CYLINDRICAL_SURFACE('',#2470,2.7);
#94=CYLINDRICAL_SURFACE('',#2471,4.2);
#95=CYLINDRICAL_SURFACE('',#2474,10.);
#96=CYLINDRICAL_SURFACE('',#2476,5.);
#97=CYLINDRICAL_SURFACE('',#2486,1.525);
#98=CYLINDRICAL_SURFACE('',#2488,3.75);
#99=CYLINDRICAL_SURFACE('',#2492,1.525);
#100=CYLINDRICAL_SURFACE('',#2494,3.75);
#101=CYLINDRICAL_SURFACE('',#2498,1.525);
#102=CYLINDRICAL_SURFACE('',#2500,3.75);
#103=CYLINDRICAL_SURFACE('',#2504,1.525);
#104=CYLINDRICAL_SURFACE('',#2506,3.75);
#105=CYLINDRICAL_SURFACE('',#2513,13.2426406871195);
#106=CYLINDRICAL_SURFACE('',#2515,13.2426406871195);
#107=CYLINDRICAL_SURFACE('',#2521,25.8779747151043);
#108=CYLINDRICAL_SURFACE('',#2522,25.8779747151043);
#109=CYLINDRICAL_SURFACE('',#2523,10.);
#110=(
BOUNDED_SURFACE()
B_SPLINE_SURFACE(2,2,((#3184,#3185,#3186,#3187,#3188),(#3189,#3190,#3191,
#3192,#3193),(#3194,#3195,#3196,#3197,#3198)),.UNSPECIFIED.,.F.,.F.,.F.)
B_SPLINE_SURFACE_WITH_KNOTS((3,3),(3,2,3),(1.57079632679489,3.14159265358979),
(-2.93813946258499,-1.46906973128359,9.82249520885229E-12),
 .UNSPECIFIED.)
GEOMETRIC_REPRESENTATION_ITEM()
RATIONAL_B_SPLINE_SURFACE(((1.,0.74214258626518,1.,0.74214258626518,1.),
(0.707106781186544,0.524774055355429,0.707106781186544,0.524774055355429,
0.707106781186544),(1.,0.74214258626518,1.,0.74214258626518,1.)))
REPRESENTATION_ITEM('')
SURFACE()
);
#111=(
BOUNDED_SURFACE()
B_SPLINE_SURFACE(2,2,((#3334,#3335,#3336),(#3337,#3338,#3339),(#3340,#3341,
#3342)),.UNSPECIFIED.,.F.,.F.,.F.)
B_SPLINE_SURFACE_WITH_KNOTS((3,3),(3,3),(5.78680956257225E-13,1.57079632679569),
(0.203453191002718,1.57079632679727),.UNSPECIFIED.)
GEOMETRIC_REPRESENTATION_ITEM()
RATIONAL_B_SPLINE_SURFACE(((1.,0.775258826662887,1.),(0.707106781186471,
0.548190773507994,0.707106781186471),(1.,0.775258826662887,1.)))
REPRESENTATION_ITEM('')
SURFACE()
);
#112=(
BOUNDED_SURFACE()
B_SPLINE_SURFACE(2,2,((#3354,#3355,#3356),(#3357,#3358,#3359),(#3360,#3361,
#3362)),.UNSPECIFIED.,.F.,.F.,.F.)
B_SPLINE_SURFACE_WITH_KNOTS((3,3),(3,3),(8.1425784165609E-13,1.57079632679604),
(1.57079632679181,2.91837148264835),.UNSPECIFIED.)
GEOMETRIC_REPRESENTATION_ITEM()
RATIONAL_B_SPLINE_SURFACE(((1.,0.78146401643943,1.),(0.707106781186432,
0.552578505277506,0.707106781186432),(1.,0.78146401643943,1.)))
REPRESENTATION_ITEM('')
SURFACE()
);
#113=(
BOUNDED_SURFACE()
B_SPLINE_SURFACE(2,2,((#3368,#3369,#3370,#3371,#3372),(#3373,#3374,#3375,
#3376,#3377),(#3378,#3379,#3380,#3381,#3382)),.UNSPECIFIED.,.F.,.F.,.F.)
B_SPLINE_SURFACE_WITH_KNOTS((3,3),(3,2,3),(1.57079632679487,3.14159265358979),
(-2.6726280998562,-1.44792463540065,-0.223221170945104),.UNSPECIFIED.)
GEOMETRIC_REPRESENTATION_ITEM()
RATIONAL_B_SPLINE_SURFACE(((1.,0.818298521629316,1.,0.818298521629316,1.),
(0.70710678118654,0.57862443367901,0.70710678118654,0.57862443367901,0.70710678118654),
(1.,0.818298521629316,1.,0.818298521629316,1.)))
REPRESENTATION_ITEM('')
SURFACE()
);
#114=FACE_OUTER_BOUND('',#234,.T.);
#115=FACE_OUTER_BOUND('',#235,.T.);
#116=FACE_OUTER_BOUND('',#236,.T.);
#117=FACE_OUTER_BOUND('',#237,.T.);
#118=FACE_OUTER_BOUND('',#238,.T.);
#119=FACE_OUTER_BOUND('',#239,.T.);
#120=FACE_OUTER_BOUND('',#240,.T.);
#121=FACE_OUTER_BOUND('',#241,.T.);
#122=FACE_OUTER_BOUND('',#242,.T.);
#123=FACE_OUTER_BOUND('',#243,.T.);
#124=FACE_OUTER_BOUND('',#244,.T.);
#125=FACE_OUTER_BOUND('',#245,.T.);
#126=FACE_OUTER_BOUND('',#246,.T.);
#127=FACE_OUTER_BOUND('',#247,.T.);
#128=FACE_OUTER_BOUND('',#248,.T.);
#129=FACE_OUTER_BOUND('',#249,.T.);
#130=FACE_OUTER_BOUND('',#250,.T.);
#131=FACE_OUTER_BOUND('',#251,.T.);
#132=FACE_OUTER_BOUND('',#252,.T.);
#133=FACE_OUTER_BOUND('',#253,.T.);
#134=FACE_OUTER_BOUND('',#254,.T.);
#135=FACE_OUTER_BOUND('',#255,.T.);
#136=FACE_OUTER_BOUND('',#256,.T.);
#137=FACE_OUTER_BOUND('',#257,.T.);
#138=FACE_OUTER_BOUND('',#258,.T.);
#139=FACE_OUTER_BOUND('',#259,.T.);
#140=FACE_OUTER_BOUND('',#260,.T.);
#141=FACE_OUTER_BOUND('',#261,.T.);
#142=FACE_OUTER_BOUND('',#262,.T.);
#143=FACE_OUTER_BOUND('',#263,.T.);
#144=FACE_OUTER_BOUND('',#264,.T.);
#145=FACE_OUTER_BOUND('',#265,.T.);
#146=FACE_OUTER_BOUND('',#266,.T.);
#147=FACE_OUTER_BOUND('',#267,.T.);
#148=FACE_OUTER_BOUND('',#268,.T.);
#149=FACE_OUTER_BOUND('',#269,.T.);
#150=FACE_OUTER_BOUND('',#274,.T.);
#151=FACE_OUTER_BOUND('',#275,.T.);
#152=FACE_OUTER_BOUND('',#276,.T.);
#153=FACE_OUTER_BOUND('',#277,.T.);
#154=FACE_OUTER_BOUND('',#279,.T.);
#155=FACE_OUTER_BOUND('',#281,.T.);
#156=FACE_OUTER_BOUND('',#283,.T.);
#157=FACE_OUTER_BOUND('',#285,.T.);
#158=FACE_OUTER_BOUND('',#286,.T.);
#159=FACE_OUTER_BOUND('',#287,.T.);
#160=FACE_OUTER_BOUND('',#288,.T.);
#161=FACE_OUTER_BOUND('',#289,.T.);
#162=FACE_OUTER_BOUND('',#290,.T.);
#163=FACE_OUTER_BOUND('',#291,.T.);
#164=FACE_OUTER_BOUND('',#292,.T.);
#165=FACE_OUTER_BOUND('',#293,.T.);
#166=FACE_OUTER_BOUND('',#294,.T.);
#167=FACE_OUTER_BOUND('',#295,.T.);
#168=FACE_OUTER_BOUND('',#296,.T.);
#169=FACE_OUTER_BOUND('',#297,.T.);
#170=FACE_OUTER_BOUND('',#298,.T.);
#171=FACE_OUTER_BOUND('',#299,.T.);
#172=FACE_OUTER_BOUND('',#300,.T.);
#173=FACE_OUTER_BOUND('',#301,.T.);
#174=FACE_OUTER_BOUND('',#302,.T.);
#175=FACE_OUTER_BOUND('',#303,.T.);
#176=FACE_OUTER_BOUND('',#304,.T.);
#177=FACE_OUTER_BOUND('',#305,.T.);
#178=FACE_OUTER_BOUND('',#306,.T.);
#179=FACE_OUTER_BOUND('',#307,.T.);
#180=FACE_OUTER_BOUND('',#308,.T.);
#181=FACE_OUTER_BOUND('',#309,.T.);
#182=FACE_OUTER_BOUND('',#310,.T.);
#183=FACE_OUTER_BOUND('',#311,.T.);
#184=FACE_OUTER_BOUND('',#312,.T.);
#185=FACE_OUTER_BOUND('',#313,.T.);
#186=FACE_OUTER_BOUND('',#314,.T.);
#187=FACE_OUTER_BOUND('',#319,.T.);
#188=FACE_OUTER_BOUND('',#320,.T.);
#189=FACE_OUTER_BOUND('',#321,.T.);
#190=FACE_OUTER_BOUND('',#322,.T.);
#191=FACE_OUTER_BOUND('',#323,.T.);
#192=FACE_OUTER_BOUND('',#324,.T.);
#193=FACE_OUTER_BOUND('',#325,.T.);
#194=FACE_OUTER_BOUND('',#326,.T.);
#195=FACE_OUTER_BOUND('',#328,.T.);
#196=FACE_OUTER_BOUND('',#329,.T.);
#197=FACE_OUTER_BOUND('',#331,.T.);
#198=FACE_OUTER_BOUND('',#332,.T.);
#199=FACE_OUTER_BOUND('',#333,.T.);
#200=FACE_OUTER_BOUND('',#334,.T.);
#201=FACE_OUTER_BOUND('',#336,.T.);
#202=FACE_OUTER_BOUND('',#337,.T.);
#203=FACE_OUTER_BOUND('',#339,.T.);
#204=FACE_OUTER_BOUND('',#340,.T.);
#205=FACE_OUTER_BOUND('',#341,.T.);
#206=FACE_OUTER_BOUND('',#342,.T.);
#207=FACE_OUTER_BOUND('',#343,.T.);
#208=FACE_OUTER_BOUND('',#344,.T.);
#209=FACE_OUTER_BOUND('',#345,.T.);
#210=FACE_OUTER_BOUND('',#346,.T.);
#211=FACE_OUTER_BOUND('',#347,.T.);
#212=FACE_OUTER_BOUND('',#348,.T.);
#213=FACE_OUTER_BOUND('',#353,.T.);
#214=FACE_OUTER_BOUND('',#354,.T.);
#215=FACE_OUTER_BOUND('',#355,.T.);
#216=FACE_OUTER_BOUND('',#357,.T.);
#217=FACE_OUTER_BOUND('',#358,.T.);
#218=FACE_OUTER_BOUND('',#359,.T.);
#219=FACE_OUTER_BOUND('',#361,.T.);
#220=FACE_OUTER_BOUND('',#362,.T.);
#221=FACE_OUTER_BOUND('',#363,.T.);
#222=FACE_OUTER_BOUND('',#365,.T.);
#223=FACE_OUTER_BOUND('',#366,.T.);
#224=FACE_OUTER_BOUND('',#367,.T.);
#225=FACE_OUTER_BOUND('',#369,.T.);
#226=FACE_OUTER_BOUND('',#374,.T.);
#227=FACE_OUTER_BOUND('',#375,.T.);
#228=FACE_OUTER_BOUND('',#376,.T.);
#229=FACE_OUTER_BOUND('',#377,.T.);
#230=FACE_OUTER_BOUND('',#378,.T.);
#231=FACE_OUTER_BOUND('',#379,.T.);
#232=FACE_OUTER_BOUND('',#380,.T.);
#233=FACE_OUTER_BOUND('',#381,.T.);
#234=EDGE_LOOP('',(#1434,#1435,#1436,#1437,#1438,#1439));
#235=EDGE_LOOP('',(#1440,#1441,#1442,#1443,#1444,#1445,#1446));
#236=EDGE_LOOP('',(#1447,#1448,#1449,#1450,#1451,#1452,#1453,#1454));
#237=EDGE_LOOP('',(#1455,#1456,#1457,#1458));
#238=EDGE_LOOP('',(#1459,#1460,#1461,#1462));
#239=EDGE_LOOP('',(#1463,#1464,#1465,#1466,#1467,#1468,#1469,#1470,#1471,
#1472,#1473,#1474));
#240=EDGE_LOOP('',(#1475,#1476,#1477));
#241=EDGE_LOOP('',(#1478,#1479,#1480,#1481,#1482,#1483,#1484,#1485,#1486,
#1487,#1488,#1489));
#242=EDGE_LOOP('',(#1490,#1491,#1492,#1493));
#243=EDGE_LOOP('',(#1494,#1495,#1496,#1497));
#244=EDGE_LOOP('',(#1498,#1499,#1500,#1501));
#245=EDGE_LOOP('',(#1502,#1503,#1504,#1505));
#246=EDGE_LOOP('',(#1506,#1507,#1508,#1509,#1510,#1511,#1512,#1513,#1514,
#1515));
#247=EDGE_LOOP('',(#1516,#1517,#1518,#1519,#1520,#1521,#1522,#1523,#1524,
#1525,#1526,#1527,#1528,#1529,#1530,#1531));
#248=EDGE_LOOP('',(#1532,#1533,#1534,#1535,#1536,#1537,#1538,#1539));
#249=EDGE_LOOP('',(#1540,#1541,#1542));
#250=EDGE_LOOP('',(#1543,#1544,#1545));
#251=EDGE_LOOP('',(#1546,#1547,#1548,#1549,#1550,#1551));
#252=EDGE_LOOP('',(#1552,#1553,#1554,#1555));
#253=EDGE_LOOP('',(#1556,#1557,#1558,#1559));
#254=EDGE_LOOP('',(#1560,#1561,#1562,#1563));
#255=EDGE_LOOP('',(#1564,#1565,#1566,#1567));
#256=EDGE_LOOP('',(#1568,#1569,#1570,#1571));
#257=EDGE_LOOP('',(#1572,#1573,#1574,#1575));
#258=EDGE_LOOP('',(#1576,#1577,#1578,#1579));
#259=EDGE_LOOP('',(#1580,#1581,#1582,#1583));
#260=EDGE_LOOP('',(#1584,#1585,#1586,#1587));
#261=EDGE_LOOP('',(#1588,#1589,#1590,#1591));
#262=EDGE_LOOP('',(#1592,#1593,#1594,#1595,#1596));
#263=EDGE_LOOP('',(#1597,#1598,#1599,#1600,#1601,#1602,#1603));
#264=EDGE_LOOP('',(#1604,#1605,#1606,#1607));
#265=EDGE_LOOP('',(#1608,#1609,#1610,#1611,#1612,#1613));
#266=EDGE_LOOP('',(#1614,#1615,#1616,#1617));
#267=EDGE_LOOP('',(#1618,#1619,#1620,#1621,#1622,#1623,#1624));
#268=EDGE_LOOP('',(#1625,#1626,#1627,#1628,#1629));
#269=EDGE_LOOP('',(#1630,#1631,#1632,#1633,#1634,#1635,#1636,#1637,#1638,
#1639,#1640,#1641,#1642,#1643));
#270=EDGE_LOOP('',(#1644));
#271=EDGE_LOOP('',(#1645));
#272=EDGE_LOOP('',(#1646));
#273=EDGE_LOOP('',(#1647));
#274=EDGE_LOOP('',(#1648,#1649,#1650));
#275=EDGE_LOOP('',(#1651,#1652,#1653,#1654));
#276=EDGE_LOOP('',(#1655,#1656,#1657,#1658,#1659,#1660,#1661));
#277=EDGE_LOOP('',(#1662));
#278=EDGE_LOOP('',(#1663));
#279=EDGE_LOOP('',(#1664));
#280=EDGE_LOOP('',(#1665));
#281=EDGE_LOOP('',(#1666));
#282=EDGE_LOOP('',(#1667));
#283=EDGE_LOOP('',(#1668));
#284=EDGE_LOOP('',(#1669));
#285=EDGE_LOOP('',(#1670,#1671,#1672,#1673,#1674));
#286=EDGE_LOOP('',(#1675,#1676,#1677));
#287=EDGE_LOOP('',(#1678,#1679,#1680,#1681,#1682,#1683,#1684,#1685,#1686));
#288=EDGE_LOOP('',(#1687,#1688,#1689,#1690));
#289=EDGE_LOOP('',(#1691,#1692,#1693,#1694));
#290=EDGE_LOOP('',(#1695,#1696,#1697,#1698,#1699,#1700,#1701,#1702,#1703,
#1704));
#291=EDGE_LOOP('',(#1705,#1706,#1707,#1708,#1709,#1710,#1711,#1712,#1713,
#1714));
#292=EDGE_LOOP('',(#1715,#1716,#1717));
#293=EDGE_LOOP('',(#1718,#1719,#1720));
#294=EDGE_LOOP('',(#1721,#1722,#1723,#1724,#1725,#1726));
#295=EDGE_LOOP('',(#1727,#1728,#1729,#1730,#1731,#1732,#1733,#1734,#1735,
#1736,#1737,#1738,#1739,#1740));
#296=EDGE_LOOP('',(#1741,#1742,#1743,#1744,#1745,#1746,#1747,#1748,#1749,
#1750));
#297=EDGE_LOOP('',(#1751,#1752,#1753,#1754,#1755,#1756));
#298=EDGE_LOOP('',(#1757,#1758,#1759,#1760));
#299=EDGE_LOOP('',(#1761,#1762,#1763,#1764));
#300=EDGE_LOOP('',(#1765,#1766,#1767,#1768,#1769));
#301=EDGE_LOOP('',(#1770,#1771,#1772,#1773));
#302=EDGE_LOOP('',(#1774,#1775,#1776,#1777));
#303=EDGE_LOOP('',(#1778,#1779,#1780,#1781));
#304=EDGE_LOOP('',(#1782,#1783,#1784,#1785));
#305=EDGE_LOOP('',(#1786,#1787,#1788,#1789,#1790,#1791));
#306=EDGE_LOOP('',(#1792,#1793,#1794,#1795));
#307=EDGE_LOOP('',(#1796,#1797,#1798,#1799,#1800,#1801,#1802,#1803));
#308=EDGE_LOOP('',(#1804,#1805,#1806,#1807,#1808,#1809,#1810,#1811,#1812));
#309=EDGE_LOOP('',(#1813,#1814,#1815,#1816));
#310=EDGE_LOOP('',(#1817,#1818,#1819,#1820,#1821,#1822));
#311=EDGE_LOOP('',(#1823,#1824,#1825,#1826,#1827,#1828));
#312=EDGE_LOOP('',(#1829,#1830,#1831,#1832,#1833,#1834,#1835,#1836));
#313=EDGE_LOOP('',(#1837,#1838,#1839,#1840,#1841,#1842));
#314=EDGE_LOOP('',(#1843,#1844,#1845,#1846,#1847,#1848,#1849,#1850,#1851));
#315=EDGE_LOOP('',(#1852));
#316=EDGE_LOOP('',(#1853));
#317=EDGE_LOOP('',(#1854));
#318=EDGE_LOOP('',(#1855));
#319=EDGE_LOOP('',(#1856,#1857,#1858,#1859,#1860));
#320=EDGE_LOOP('',(#1861,#1862,#1863,#1864));
#321=EDGE_LOOP('',(#1865,#1866,#1867,#1868));
#322=EDGE_LOOP('',(#1869,#1870,#1871,#1872));
#323=EDGE_LOOP('',(#1873,#1874,#1875,#1876));
#324=EDGE_LOOP('',(#1877,#1878,#1879,#1880));
#325=EDGE_LOOP('',(#1881,#1882,#1883,#1884));
#326=EDGE_LOOP('',(#1885));
#327=EDGE_LOOP('',(#1886));
#328=EDGE_LOOP('',(#1887,#1888,#1889,#1890,#1891,#1892));
#329=EDGE_LOOP('',(#1893));
#330=EDGE_LOOP('',(#1894));
#331=EDGE_LOOP('',(#1895,#1896,#1897,#1898,#1899,#1900));
#332=EDGE_LOOP('',(#1901,#1902,#1903,#1904));
#333=EDGE_LOOP('',(#1905,#1906,#1907,#1908));
#334=EDGE_LOOP('',(#1909));
#335=EDGE_LOOP('',(#1910));
#336=EDGE_LOOP('',(#1911,#1912,#1913,#1914,#1915,#1916));
#337=EDGE_LOOP('',(#1917));
#338=EDGE_LOOP('',(#1918));
#339=EDGE_LOOP('',(#1919,#1920,#1921,#1922,#1923,#1924));
#340=EDGE_LOOP('',(#1925,#1926,#1927,#1928));
#341=EDGE_LOOP('',(#1929,#1930,#1931,#1932));
#342=EDGE_LOOP('',(#1933,#1934,#1935,#1936,#1937,#1938,#1939,#1940,#1941,
#1942));
#343=EDGE_LOOP('',(#1943,#1944,#1945,#1946));
#344=EDGE_LOOP('',(#1947,#1948,#1949,#1950));
#345=EDGE_LOOP('',(#1951,#1952,#1953,#1954));
#346=EDGE_LOOP('',(#1955,#1956,#1957,#1958));
#347=EDGE_LOOP('',(#1959,#1960,#1961,#1962,#1963,#1964,#1965));
#348=EDGE_LOOP('',(#1966,#1967,#1968,#1969,#1970,#1971,#1972,#1973));
#349=EDGE_LOOP('',(#1974));
#350=EDGE_LOOP('',(#1975));
#351=EDGE_LOOP('',(#1976));
#352=EDGE_LOOP('',(#1977));
#353=EDGE_LOOP('',(#1978,#1979,#1980,#1981));
#354=EDGE_LOOP('',(#1982,#1983,#1984,#1985));
#355=EDGE_LOOP('',(#1986));
#356=EDGE_LOOP('',(#1987));
#357=EDGE_LOOP('',(#1988,#1989,#1990,#1991));
#358=EDGE_LOOP('',(#1992,#1993,#1994,#1995));
#359=EDGE_LOOP('',(#1996));
#360=EDGE_LOOP('',(#1997));
#361=EDGE_LOOP('',(#1998,#1999,#2000,#2001));
#362=EDGE_LOOP('',(#2002,#2003,#2004,#2005));
#363=EDGE_LOOP('',(#2006));
#364=EDGE_LOOP('',(#2007));
#365=EDGE_LOOP('',(#2008,#2009,#2010,#2011));
#366=EDGE_LOOP('',(#2012,#2013,#2014,#2015));
#367=EDGE_LOOP('',(#2016));
#368=EDGE_LOOP('',(#2017));
#369=EDGE_LOOP('',(#2018,#2019,#2020,#2021,#2022,#2023,#2024,#2025,#2026,
#2027,#2028,#2029,#2030,#2031,#2032,#2033,#2034,#2035,#2036,#2037,#2038,
#2039,#2040,#2041,#2042,#2043,#2044,#2045));
#370=EDGE_LOOP('',(#2046));
#371=EDGE_LOOP('',(#2047));
#372=EDGE_LOOP('',(#2048));
#373=EDGE_LOOP('',(#2049));
#374=EDGE_LOOP('',(#2050,#2051,#2052,#2053));
#375=EDGE_LOOP('',(#2054,#2055,#2056,#2057));
#376=EDGE_LOOP('',(#2058,#2059,#2060,#2061,#2062,#2063,#2064,#2065,#2066));
#377=EDGE_LOOP('',(#2067,#2068,#2069,#2070,#2071,#2072,#2073,#2074,#2075));
#378=EDGE_LOOP('',(#2076,#2077,#2078,#2079));
#379=EDGE_LOOP('',(#2080,#2081,#2082,#2083));
#380=EDGE_LOOP('',(#2084,#2085,#2086,#2087,#2088,#2089,#2090,#2091,#2092,
#2093,#2094,#2095));
#381=EDGE_LOOP('',(#2096,#2097,#2098,#2099,#2100,#2101,#2102,#2103,#2104,
#2105));
#382=CIRCLE('',#2295,10.);
#383=CIRCLE('',#2296,4.);
#384=CIRCLE('',#2297,4.);
#385=CIRCLE('',#2298,4.);
#386=CIRCLE('',#2300,25.8779747151043);
#387=CIRCLE('',#2301,25.8779747151043);
#388=CIRCLE('',#2306,28.);
#389=CIRCLE('',#2308,10.);
#390=CIRCLE('',#2309,28.);
#391=CIRCLE('',#2310,5.);
#392=CIRCLE('',#2311,4.);
#393=CIRCLE('',#2312,0.999999999999999);
#394=CIRCLE('',#2314,3.99999999999999);
#395=CIRCLE('',#2315,4.00000000000004);
#396=CIRCLE('',#2316,0.999999999999999);
#397=CIRCLE('',#2317,5.);
#398=CIRCLE('',#2318,4.);
#399=CIRCLE('',#2320,5.);
#400=CIRCLE('',#2321,5.);
#401=CIRCLE('',#2322,5.);
#402=CIRCLE('',#2324,2.7);
#403=CIRCLE('',#2325,2.7);
#404=CIRCLE('',#2326,7.00000000000002);
#405=CIRCLE('',#2327,2.7);
#406=CIRCLE('',#2328,2.7);
#407=CIRCLE('',#2329,7.00000000000002);
#408=CIRCLE('',#2330,2.7);
#409=CIRCLE('',#2331,2.7);
#410=CIRCLE('',#2332,7.00000000000002);
#411=CIRCLE('',#2333,2.7);
#412=CIRCLE('',#2334,2.7);
#413=CIRCLE('',#2336,5.);
#414=CIRCLE('',#2339,25.8779747151043);
#415=CIRCLE('',#2348,4.00000000000002);
#416=CIRCLE('',#2349,4.00000000000002);
#417=CIRCLE('',#2353,4.00000000000002);
#418=CIRCLE('',#2362,12.);
#419=CIRCLE('',#2363,4.2);
#420=CIRCLE('',#2364,1.6);
#421=CIRCLE('',#2365,1.6);
#422=CIRCLE('',#2366,1.6);
#423=CIRCLE('',#2367,1.6);
#424=CIRCLE('',#2369,23.);
#425=CIRCLE('',#2372,28.);
#426=CIRCLE('',#2374,2.7);
#427=CIRCLE('',#2375,1.6);
#428=CIRCLE('',#2377,2.7);
#429=CIRCLE('',#2378,1.6);
#430=CIRCLE('',#2380,2.7);
#431=CIRCLE('',#2381,1.6);
#432=CIRCLE('',#2383,2.7);
#433=CIRCLE('',#2384,1.6);
#434=CIRCLE('',#2386,23.);
#435=CIRCLE('',#2388,5.);
#436=CIRCLE('',#2389,23.);
#437=CIRCLE('',#2391,5.);
#438=CIRCLE('',#2393,5.);
#439=CIRCLE('',#2395,7.00000000000002);
#440=CIRCLE('',#2396,12.);
#441=CIRCLE('',#2397,7.00000000000002);
#442=CIRCLE('',#2398,7.00000000000002);
#443=CIRCLE('',#2400,2.7);
#444=CIRCLE('',#2401,2.7);
#445=CIRCLE('',#2402,2.7);
#446=CIRCLE('',#2404,23.);
#447=CIRCLE('',#2407,2.7);
#448=CIRCLE('',#2409,2.7);
#449=CIRCLE('',#2410,2.7);
#450=CIRCLE('',#2411,2.7);
#451=CIRCLE('',#2413,2.7);
#452=CIRCLE('',#2415,12.);
#453=CIRCLE('',#2419,4.2);
#454=CIRCLE('',#2432,10.);
#455=CIRCLE('',#2434,12.);
#456=CIRCLE('',#2436,12.);
#457=CIRCLE('',#2437,12.);
#458=CIRCLE('',#2439,10.);
#459=CIRCLE('',#2440,4.2);
#460=CIRCLE('',#2441,1.6);
#461=CIRCLE('',#2442,1.6);
#462=CIRCLE('',#2443,1.6);
#463=CIRCLE('',#2444,1.6);
#464=CIRCLE('',#2446,4.2);
#465=CIRCLE('',#2451,1.6);
#466=CIRCLE('',#2453,1.6);
#467=CIRCLE('',#2456,2.7);
#468=CIRCLE('',#2459,2.7);
#469=CIRCLE('',#2462,1.6);
#470=CIRCLE('',#2464,1.6);
#471=CIRCLE('',#2466,2.7);
#472=CIRCLE('',#2469,2.7);
#473=CIRCLE('',#2477,5.);
#474=CIRCLE('',#2478,5.);
#475=CIRCLE('',#2480,10.);
#476=CIRCLE('',#2482,1.525);
#477=CIRCLE('',#2483,1.525);
#478=CIRCLE('',#2484,1.525);
#479=CIRCLE('',#2485,1.525);
#480=CIRCLE('',#2487,1.525);
#481=CIRCLE('',#2489,3.75);
#482=CIRCLE('',#2490,3.75);
#483=CIRCLE('',#2493,1.525);
#484=CIRCLE('',#2495,3.75);
#485=CIRCLE('',#2496,3.75);
#486=CIRCLE('',#2499,1.525);
#487=CIRCLE('',#2501,3.75);
#488=CIRCLE('',#2502,3.75);
#489=CIRCLE('',#2505,1.525);
#490=CIRCLE('',#2507,3.75);
#491=CIRCLE('',#2508,3.75);
#492=CIRCLE('',#2511,13.2426406871195);
#493=CIRCLE('',#2512,13.2426406871195);
#494=CIRCLE('',#2514,13.2426406871195);
#495=CIRCLE('',#2516,13.2426406871195);
#496=CIRCLE('',#2518,25.8779747151043);
#497=CIRCLE('',#2520,25.8779747151043);
#498=CIRCLE('',#2524,10.);
#499=B_SPLINE_CURVE_WITH_KNOTS('',3,(#3165,#3166,#3167,#3168,#3169,#3170,
#3171,#3172,#3173,#3174,#3175,#3176,#3177,#3178,#3179,#3180),
 .UNSPECIFIED.,.F.,.F.,(4,2,2,2,2,2,2,4),(1.6291110500772,1.73320287390743,
1.8389174263899,1.94564731976217,1.98552875059608,2.00597561877976,2.02717727497543,
2.03440229790233),.UNSPECIFIED.);
#500=B_SPLINE_CURVE_WITH_KNOTS('',3,(#3200,#3201,#3202,#3203,#3204,#3205,
#3206,#3207),.UNSPECIFIED.,.F.,.F.,(4,2,2,4),(3.15878690200993,3.18971683540841,
3.22697183461408,3.23599148351259),.UNSPECIFIED.);
#501=B_SPLINE_CURVE_WITH_KNOTS('',3,(#3209,#3210,#3211,#3212,#3213,#3214),
 .UNSPECIFIED.,.F.,.F.,(4,2,4),(2.17074879110407,2.18352758573609,2.18977060976677),
 .UNSPECIFIED.);
#502=B_SPLINE_CURVE_WITH_KNOTS('',3,(#3216,#3217,#3218,#3219,#3220,#3221,
#3222,#3223,#3224,#3225,#3226,#3227),.UNSPECIFIED.,.F.,.F.,(4,2,2,2,2,4),
(0.751081737734249,0.75179087808733,0.756409500485782,0.758469236532246,
0.759388957606514,0.760009471338296),.UNSPECIFIED.);
#503=B_SPLINE_CURVE_WITH_KNOTS('',3,(#3239,#3240,#3241,#3242,#3243,#3244),
 .UNSPECIFIED.,.F.,.F.,(4,2,4),(-0.0168130412184689,-0.00841043598382743,
-9.14928371436006E-6),.UNSPECIFIED.);
#504=B_SPLINE_CURVE_WITH_KNOTS('',3,(#3248,#3249,#3250,#3251,#3252,#3253,
#3254,#3255,#3256,#3257),.UNSPECIFIED.,.F.,.F.,(4,2,2,2,4),(-0.58028886956401,
-0.489018294875769,-0.290144434782005,-0.0912705746882402,0.),
 .UNSPECIFIED.);
#505=B_SPLINE_CURVE_WITH_KNOTS('',3,(#3263,#3264,#3265,#3266),
 .UNSPECIFIED.,.F.,.F.,(4,4),(-3.51019391040014,-3.47305814610897),
 .UNSPECIFIED.);
#506=B_SPLINE_CURVE_WITH_KNOTS('',3,(#3298,#3299,#3300,#3301),
 .UNSPECIFIED.,.F.,.F.,(4,4),(-2.43428607249463,-2.32217485547578),
 .UNSPECIFIED.);
#507=B_SPLINE_CURVE_WITH_KNOTS('',3,(#3304,#3305,#3306,#3307,#3308,#3309,
#3310,#3311,#3312,#3313),.UNSPECIFIED.,.F.,.F.,(4,3,3,4),(-0.425820315253549,
-0.384894750526181,-0.320483603901095,-0.295359028017032),.UNSPECIFIED.);
#508=B_SPLINE_CURVE_WITH_KNOTS('',3,(#3329,#3330,#3331,#3332),
 .UNSPECIFIED.,.F.,.F.,(4,4),(0.,0.00400505756647123),.UNSPECIFIED.);
#509=B_SPLINE_CURVE_WITH_KNOTS('',3,(#3385,#3386,#3387,#3388,#3389,#3390,
#3391,#3392,#3393,#3394,#3395,#3396,#3397,#3398),.UNSPECIFIED.,.F.,.F.,
(4,2,2,2,2,2,4),(1.59750166902864,1.68809053580652,1.77867940258439,1.87304220980802,
1.9065084115646,1.9427911181253,1.96093235520346),.UNSPECIFIED.);
#510=B_SPLINE_CURVE_WITH_KNOTS('',3,(#3400,#3401,#3402,#3403,#3404,#3405,
#3406,#3407),.UNSPECIFIED.,.F.,.F.,(4,2,2,4),(-0.0116620122213415,0.,0.131181799219546,
0.263881775763676),.UNSPECIFIED.);
#511=B_SPLINE_CURVE_WITH_KNOTS('',3,(#3418,#3419,#3420,#3421,#3422,#3423,
#3424,#3425,#3426,#3427),.UNSPECIFIED.,.F.,.F.,(4,2,2,2,4),(0.748616605823772,
0.829202753805626,0.931736563651139,1.03353615526735,1.11481388476966),
 .UNSPECIFIED.);
#512=B_SPLINE_CURVE_WITH_KNOTS('',3,(#3464,#3465,#3466,#3467,#3468,#3469,
#3470,#3471,#3472,#3473,#3474,#3475,#3476,#3477,#3478,#3479,#3480,#3481,
#3482,#3483,#3484,#3485,#3486,#3487,#3488,#3489,#3490,#3491,#3492,#3493,
#3494,#3495,#3496,#3497,#3498,#3499,#3500,#3501,#3502,#3503),
 .UNSPECIFIED.,.F.,.F.,(4,3,3,3,3,3,3,3,3,3,3,3,3,4),(-0.787370830704427,
-0.782278521108758,-0.739241610786409,-0.687543418418845,-0.585955789258595,
-0.516299463923943,-0.437782824751416,-0.390628288677047,-0.320997523184443,
-0.242450500790493,-0.195311758998505,-0.125713714545875,-0.0471145389097149,
0.),.UNSPECIFIED.);
#513=B_SPLINE_CURVE_WITH_KNOTS('',3,(#3504,#3505,#3506,#3507,#3508,#3509,
#3510,#3511,#3512,#3513,#3514),.UNSPECIFIED.,.F.,.F.,(4,2,3,2,4),(1.68152594673401,
1.76321050769821,1.86501042604844,1.96754657743768,2.0485372438214),
 .UNSPECIFIED.);
#514=B_SPLINE_CURVE_WITH_KNOTS('',3,(#3609,#3610,#3611,#3612,#3613,#3614,
#3615,#3616,#3617,#3618),.UNSPECIFIED.,.F.,.F.,(4,2,2,2,4),(-0.580288787750324,
-0.489018225930127,-0.290144393875162,-0.091270561820197,0.),
 .UNSPECIFIED.);
#515=B_SPLINE_CURVE_WITH_KNOTS('',3,(#3619,#3620,#3621,#3622,#3623,#3624,
#3625,#3626,#3627,#3628),.UNSPECIFIED.,.F.,.F.,(4,2,2,2,4),(-0.28149064145977,
-0.19294229341202,-2.43254711651542E-8,0.192942244761078,0.281490592808828),
 .UNSPECIFIED.);
#516=B_SPLINE_CURVE_WITH_KNOTS('',3,(#3671,#3672,#3673,#3674,#3675,#3676,
#3677,#3678,#3679,#3680),.UNSPECIFIED.,.F.,.F.,(4,2,2,2,4),(-0.281490592808826,
-0.192942244761081,2.4325469083486E-8,0.192942293412018,0.28149064145977),
 .UNSPECIFIED.);
#517=B_SPLINE_CURVE_WITH_KNOTS('',3,(#3707,#3708,#3709,#3710,#3711,#3712),
 .UNSPECIFIED.,.F.,.F.,(4,2,4),(0.,0.0084025081748011,0.0164052190499024),
 .UNSPECIFIED.);
#518=B_SPLINE_CURVE_WITH_KNOTS('',3,(#3726,#3727,#3728,#3729,#3730,#3731,
#3732,#3733),.UNSPECIFIED.,.F.,.F.,(4,2,2,4),(-0.997763589892878,-0.994066446736145,
-0.885829943174555,-0.777593439612965),.UNSPECIFIED.);
#519=B_SPLINE_CURVE_WITH_KNOTS('',3,(#3746,#3747,#3748,#3749,#3750,#3751,
#3752,#3753),.UNSPECIFIED.,.F.,.F.,(4,2,2,4),(3.61599946382999E-9,0.0527166798214921,
0.0915606982089975,0.118065547900404),.UNSPECIFIED.);
#520=B_SPLINE_CURVE_WITH_KNOTS('',3,(#3755,#3756,#3757,#3758,#3759,#3760,
#3761,#3762,#3763,#3764),.UNSPECIFIED.,.F.,.F.,(4,2,2,2,4),(0.118065547900404,
0.121401783749678,0.145765368762062,0.16898564841707,0.173615247598675),
 .UNSPECIFIED.);
#521=B_SPLINE_CURVE_WITH_KNOTS('',3,(#3765,#3766,#3767,#3768),
 .UNSPECIFIED.,.F.,.F.,(4,4),(0.173615247598675,0.193852256015696),
 .UNSPECIFIED.);
#522=B_SPLINE_CURVE_WITH_KNOTS('',3,(#3778,#3779,#3780,#3781,#3782,#3783),
 .UNSPECIFIED.,.F.,.F.,(4,2,4),(-0.894411156761399,-0.881688098078005,-0.774714785012579),
 .UNSPECIFIED.);
#523=B_SPLINE_CURVE_WITH_KNOTS('',3,(#3784,#3785,#3786,#3787,#3788,#3789,
#3790,#3791),.UNSPECIFIED.,.F.,.F.,(4,2,2,4),(2.29701622057403E-5,0.0218087760709654,
0.0647790234277204,0.11616959052868),.UNSPECIFIED.);
#524=B_SPLINE_CURVE_WITH_KNOTS('',3,(#3817,#3818,#3819,#3820,#3821,#3822,
#3823,#3824,#3825,#3826,#3827,#3828,#3829,#3830,#3831,#3832),
 .UNSPECIFIED.,.F.,.F.,(4,3,3,3,3,4),(0.972856384467647,0.99100762743213,
1.00929612589553,1.02059906151238,1.03903667117522,1.04155517099569),
 .UNSPECIFIED.);
#525=B_SPLINE_CURVE_WITH_KNOTS('',3,(#3839,#3840,#3841,#3842,#3843,#3844,
#3845,#3846,#3847,#3848,#3849,#3850,#3851,#3852,#3853,#3854),
 .UNSPECIFIED.,.F.,.F.,(4,2,2,2,2,2,2,4),(-0.661002802167107,-0.613260118430196,
-0.51029018508432,-0.407320251738444,-0.305384081163349,-0.203447910588254,
-0.101723955294127,-0.0997980610608458),.UNSPECIFIED.);
#526=B_SPLINE_CURVE_WITH_KNOTS('',3,(#3857,#3858,#3859,#3860,#3861,#3862,
#3863,#3864,#3865,#3866,#3867,#3868,#3869,#3870,#3871,#3872),
 .UNSPECIFIED.,.F.,.F.,(4,2,2,2,2,2,2,4),(-1.53406166035799,-1.53213576612471,
-1.43041181083058,-1.32847564025549,-1.22653946968039,-1.12356953633452,
-1.02059960298864,-0.972856919251737),.UNSPECIFIED.);
#527=B_SPLINE_CURVE_WITH_KNOTS('',3,(#3920,#3921,#3922,#3923,#3924,#3925),
 .UNSPECIFIED.,.F.,.F.,(4,2,4),(0.,0.023159119128138,0.0489807705720576),
 .UNSPECIFIED.);
#528=B_SPLINE_CURVE_WITH_KNOTS('',3,(#3927,#3928,#3929,#3930),
 .UNSPECIFIED.,.F.,.F.,(4,4),(-0.328398435250585,-0.192129682168963),
 .UNSPECIFIED.);
#529=B_SPLINE_CURVE_WITH_KNOTS('',3,(#3932,#3933,#3934,#3935),
 .UNSPECIFIED.,.F.,.F.,(4,4),(-0.192129682168963,-0.164015760391061),
 .UNSPECIFIED.);
#530=B_SPLINE_CURVE_WITH_KNOTS('',3,(#3936,#3937,#3938,#3939,#3940,#3941),
 .UNSPECIFIED.,.F.,.F.,(4,2,4),(1.73599929673596E-10,0.00997585254710193,
0.0198243608094495),.UNSPECIFIED.);
#531=B_SPLINE_CURVE_WITH_KNOTS('',3,(#3948,#3949,#3950,#3951,#3952,#3953,
#3954,#3955,#3956,#3957,#3958,#3959,#3960,#3961,#3962,#3963),
 .UNSPECIFIED.,.F.,.F.,(4,3,3,3,3,4),(0.591894055011715,0.610331924358977,
0.613260118430196,0.631567803943685,0.649736955789514,0.661002795474933),
 .UNSPECIFIED.);
#532=B_SPLINE_CURVE_WITH_KNOTS('',3,(#3969,#3970,#3971,#3972,#3973,#3974,
#3975,#3976,#3977,#3978,#3979,#3980,#3981,#3982,#3983,#3984,#3985,#3986,
#3987,#3988,#3989),.UNSPECIFIED.,.F.,.F.,(4,2,2,2,3,2,2,2,2,4),(-0.187711258962267,
-0.143195396400437,-0.0639533390131656,-0.0255600481637812,0.,0.0102034316888213,
0.0364677226336818,0.0777606524356114,0.179284275857087,0.198487183617097),
 .UNSPECIFIED.);
#533=B_SPLINE_CURVE_WITH_KNOTS('',3,(#3990,#3991,#3992,#3993,#3994,#3995,
#3996,#3997,#3998,#3999,#4000,#4001),.UNSPECIFIED.,.F.,.F.,(4,2,2,2,2,4),
(-2.2135441518365,-2.1621865228884,-2.08488715445999,-1.9281188260559,-1.7713504976518,
-1.44627005054953),.UNSPECIFIED.);
#534=B_SPLINE_CURVE_WITH_KNOTS('',3,(#4007,#4008,#4009,#4010,#4011,#4012,
#4013,#4014,#4015,#4016,#4017,#4018,#4019,#4020,#4021,#4022,#4023,#4024,
#4025,#4026,#4027,#4028,#4029,#4030,#4031,#4032,#4033,#4034,#4035,#4036,
#4037,#4038,#4039,#4040,#4041,#4042,#4043,#4044,#4045,#4046),
 .UNSPECIFIED.,.F.,.F.,(4,3,3,3,3,3,3,3,3,3,3,3,3,4),(-0.00509232997003724,
0.,0.0430370825130696,0.0947354817254234,0.196323517338713,0.265980121365054,
0.344497074683894,0.391651799427474,0.46128284351324,0.539830180174278,
0.586969110569322,0.656567433486952,0.735166923598656,0.782281651012019),
 .UNSPECIFIED.);
#535=B_SPLINE_CURVE_WITH_KNOTS('',3,(#4054,#4055,#4056,#4057,#4058,#4059,
#4060,#4061,#4062,#4063),.UNSPECIFIED.,.F.,.F.,(4,2,2,2,4),(-0.485829089896125,
-0.474605776212173,-0.375126345699368,-0.27070684161334,-0.215684825321017),
 .UNSPECIFIED.);
#536=B_SPLINE_CURVE_WITH_KNOTS('',3,(#4065,#4066,#4067,#4068,#4069,#4070,
#4071,#4072,#4073,#4074,#4075,#4076,#4077,#4078,#4079,#4080,#4081,#4082,
#4083,#4084,#4085),.UNSPECIFIED.,.F.,.F.,(4,2,2,3,2,2,2,2,2,4),(-0.215684825321017,
-0.171028111432058,-0.0692021839812025,0.,0.0319420204476806,0.111222496764551,
0.220750840177698,0.333466800260441,0.435170990230423,0.485800226381505),
 .UNSPECIFIED.);
#537=B_SPLINE_CURVE_WITH_KNOTS('',3,(#4091,#4092,#4093,#4094,#4095,#4096,
#4097,#4098,#4099,#4100,#4101,#4102,#4103,#4104,#4105,#4106,#4107,#4108,
#4109,#4110,#4111),.UNSPECIFIED.,.F.,.F.,(4,2,2,2,2,2,3,2,2,4),(-0.485829089896551,
-0.474605776212583,-0.37512634569967,-0.270706841613531,-0.171028111432166,
-0.0692021839812235,0.,0.0319420204477099,0.111222496764781,0.215601652719962),
 .UNSPECIFIED.);
#538=B_SPLINE_CURVE_WITH_KNOTS('',3,(#4113,#4114,#4115,#4116,#4117,#4118,
#4119,#4120,#4121,#4122),.UNSPECIFIED.,.F.,.F.,(4,2,2,2,4),(0.215601652719962,
0.220750840178183,0.333466800261176,0.435170990231371,0.485800226382557),
 .UNSPECIFIED.);
#539=B_SPLINE_CURVE_WITH_KNOTS('',3,(#4130,#4131,#4132,#4133,#4134,#4135,
#4136,#4137),.UNSPECIFIED.,.F.,.F.,(4,2,2,4),(0.0997980610608467,0.101723955294127,
0.203447910588255,0.223942180541785),.UNSPECIFIED.);
#540=B_SPLINE_CURVE_WITH_KNOTS('',3,(#4143,#4144,#4145,#4146,#4147,#4148,
#4149,#4150),.UNSPECIFIED.,.F.,.F.,(4,2,2,4),(-0.22353586334424,-0.203447910588254,
-0.101723955294127,-0.0997980610608463),.UNSPECIFIED.);
#541=B_SPLINE_CURVE_WITH_KNOTS('',3,(#4164,#4165,#4166,#4167,#4168,#4169,
#4170,#4171,#4172,#4173,#4174,#4175,#4176,#4177,#4178,#4179,#4180,#4181,
#4182),.UNSPECIFIED.,.F.,.F.,(4,2,2,2,3,2,2,2,4),(-0.199450810817951,-0.123603053307653,
-0.0566123114335426,-0.0242935081239722,0.,0.00880309151994796,0.0371119113028504,
0.0857911715543875,0.187819533282866),.UNSPECIFIED.);
#542=B_SPLINE_CURVE_WITH_KNOTS('',3,(#4219,#4220,#4221,#4222,#4223,#4224,
#4225,#4226,#4227,#4228,#4229,#4230),.UNSPECIFIED.,.F.,.F.,(4,2,2,2,2,4),
(-3.05365343747513,-2.655599332285,-2.4988310038809,-2.3420626754768,-2.2647633070484,
-2.2134056781003),.UNSPECIFIED.);
#543=B_SPLINE_CURVE_WITH_KNOTS('',3,(#4232,#4233,#4234,#4235),
 .UNSPECIFIED.,.F.,.F.,(4,4),(3.32470641275656,3.51389929137969),
 .UNSPECIFIED.);
#544=B_SPLINE_CURVE_WITH_KNOTS('',3,(#4236,#4237,#4238,#4239,#4240,#4241),
 .UNSPECIFIED.,.F.,.F.,(4,2,4),(-1.14535560281145,-0.982577451356908,-0.935493792760702),
 .UNSPECIFIED.);
#545=B_SPLINE_CURVE_WITH_KNOTS('',3,(#4261,#4262,#4263,#4264,#4265,#4266,
#4267,#4268,#4269,#4270,#4271,#4272,#4273,#4274,#4275,#4276,#4277,#4278,
#4279,#4280,#4281,#4282,#4283,#4284),.UNSPECIFIED.,.F.,.F.,(4,2,2,2,2,2,
2,2,2,2,2,4),(-1.3491665549418,-1.27357016526936,-1.17052015672357,-1.06880359037388,
-0.960476758277205,-0.886187663088298,-0.820028716987195,-0.736787582838976,
-0.628088292302692,-0.516659308209557,-0.41737850294274,-0.382695840683427),
 .UNSPECIFIED.);
#546=B_SPLINE_CURVE_WITH_KNOTS('',3,(#4286,#4287,#4288,#4289,#4290,#4291,
#4292,#4293,#4294,#4295,#4296,#4297,#4298,#4299,#4300,#4301,#4302,#4303,
#4304,#4305,#4306,#4307,#4308,#4309),.UNSPECIFIED.,.F.,.F.,(4,2,2,2,2,2,
2,2,2,2,2,4),(-1.34916655494196,-1.27357016526951,-1.1705201567237,-1.06880359037399,
-0.960476758277309,-0.886187663088397,-0.820028716987288,-0.736787582839047,
-0.628088292302738,-0.516659308209585,-0.417378502942753,-0.382695840683438),
 .UNSPECIFIED.);
#547=B_SPLINE_CURVE_WITH_KNOTS('',3,(#4424,#4425,#4426,#4427,#4428,#4429,
#4430,#4431,#4432,#4433,#4434,#4435),.UNSPECIFIED.,.F.,.F.,(4,2,2,2,2,4),
(-0.296938655712966,-0.262881070181341,-0.230207318018286,-0.13809484043368,
-0.0496511644703962,0.),.UNSPECIFIED.);
#548=B_SPLINE_CURVE_WITH_KNOTS('',3,(#4438,#4439,#4440,#4441,#4442,#4443,
#4444,#4445,#4446,#4447,#4448,#4449),.UNSPECIFIED.,.F.,.F.,(4,2,2,2,2,4),
(0.0776731190898886,0.121307829701208,0.163169567636124,0.281184431002281,
0.394498811508663,0.458112075906663),.UNSPECIFIED.);
#549=B_SPLINE_CURVE_WITH_KNOTS('',3,(#4539,#4540,#4541,#4542),
 .UNSPECIFIED.,.F.,.F.,(4,4),(-6.09974996415081,-6.02258477436095),
 .UNSPECIFIED.);
#550=LINE('',#3159,#713);
#551=LINE('',#3161,#714);
#552=LINE('',#3163,#715);
#553=LINE('',#3182,#716);
#554=LINE('',#3237,#717);
#555=LINE('',#3246,#718);
#556=LINE('',#3259,#719);
#557=LINE('',#3267,#720);
#558=LINE('',#3269,#721);
#559=LINE('',#3273,#722);
#560=LINE('',#3275,#723);
#561=LINE('',#3277,#724);
#562=LINE('',#3279,#725);
#563=LINE('',#3281,#726);
#564=LINE('',#3283,#727);
#565=LINE('',#3285,#728);
#566=LINE('',#3287,#729);
#567=LINE('',#3289,#730);
#568=LINE('',#3291,#731);
#569=LINE('',#3293,#732);
#570=LINE('',#3294,#733);
#571=LINE('',#3317,#734);
#572=LINE('',#3321,#735);
#573=LINE('',#3323,#736);
#574=LINE('',#3325,#737);
#575=LINE('',#3327,#738);
#576=LINE('',#3333,#739);
#577=LINE('',#3352,#740);
#578=LINE('',#3353,#741);
#579=LINE('',#3411,#742);
#580=LINE('',#3414,#743);
#581=LINE('',#3416,#744);
#582=LINE('',#3429,#745);
#583=LINE('',#3434,#746);
#584=LINE('',#3440,#747);
#585=LINE('',#3459,#748);
#586=LINE('',#3463,#749);
#587=LINE('',#3520,#750);
#588=LINE('',#3524,#751);
#589=LINE('',#3525,#752);
#590=LINE('',#3529,#753);
#591=LINE('',#3530,#754);
#592=LINE('',#3532,#755);
#593=LINE('',#3533,#756);
#594=LINE('',#3537,#757);
#595=LINE('',#3539,#758);
#596=LINE('',#3541,#759);
#597=LINE('',#3542,#760);
#598=LINE('',#3570,#761);
#599=LINE('',#3574,#762);
#600=LINE('',#3576,#763);
#601=LINE('',#3577,#764);
#602=LINE('',#3581,#765);
#603=LINE('',#3583,#766);
#604=LINE('',#3585,#767);
#605=LINE('',#3586,#768);
#606=LINE('',#3633,#769);
#607=LINE('',#3636,#770);
#608=LINE('',#3637,#771);
#609=LINE('',#3640,#772);
#610=LINE('',#3641,#773);
#611=LINE('',#3644,#774);
#612=LINE('',#3669,#775);
#613=LINE('',#3681,#776);
#614=LINE('',#3713,#777);
#615=LINE('',#3716,#778);
#616=LINE('',#3719,#779);
#617=LINE('',#3721,#780);
#618=LINE('',#3723,#781);
#619=LINE('',#3734,#782);
#620=LINE('',#3738,#783);
#621=LINE('',#3740,#784);
#622=LINE('',#3742,#785);
#623=LINE('',#3744,#786);
#624=LINE('',#3772,#787);
#625=LINE('',#3774,#788);
#626=LINE('',#3776,#789);
#627=LINE('',#3794,#790);
#628=LINE('',#3795,#791);
#629=LINE('',#3796,#792);
#630=LINE('',#3800,#793);
#631=LINE('',#3803,#794);
#632=LINE('',#3815,#795);
#633=LINE('',#3837,#796);
#634=LINE('',#3856,#797);
#635=LINE('',#3877,#798);
#636=LINE('',#3879,#799);
#637=LINE('',#3881,#800);
#638=LINE('',#3882,#801);
#639=LINE('',#3945,#802);
#640=LINE('',#4006,#803);
#641=LINE('',#4050,#804);
#642=LINE('',#4126,#805);
#643=LINE('',#4151,#806);
#644=LINE('',#4153,#807);
#645=LINE('',#4155,#808);
#646=LINE('',#4163,#809);
#647=LINE('',#4187,#810);
#648=LINE('',#4189,#811);
#649=LINE('',#4192,#812);
#650=LINE('',#4193,#813);
#651=LINE('',#4196,#814);
#652=LINE('',#4199,#815);
#653=LINE('',#4201,#816);
#654=LINE('',#4203,#817);
#655=LINE('',#4206,#818);
#656=LINE('',#4208,#819);
#657=LINE('',#4211,#820);
#658=LINE('',#4215,#821);
#659=LINE('',#4216,#822);
#660=LINE('',#4245,#823);
#661=LINE('',#4247,#824);
#662=LINE('',#4249,#825);
#663=LINE('',#4251,#826);
#664=LINE('',#4252,#827);
#665=LINE('',#4254,#828);
#666=LINE('',#4256,#829);
#667=LINE('',#4259,#830);
#668=LINE('',#4314,#831);
#669=LINE('',#4318,#832);
#670=LINE('',#4321,#833);
#671=LINE('',#4323,#834);
#672=LINE('',#4326,#835);
#673=LINE('',#4337,#836);
#674=LINE('',#4339,#837);
#675=LINE('',#4342,#838);
#676=LINE('',#4344,#839);
#677=LINE('',#4346,#840);
#678=LINE('',#4350,#841);
#679=LINE('',#4354,#842);
#680=LINE('',#4360,#843);
#681=LINE('',#4365,#844);
#682=LINE('',#4369,#845);
#683=LINE('',#4373,#846);
#684=LINE('',#4378,#847);
#685=LINE('',#4383,#848);
#686=LINE('',#4385,#849);
#687=LINE('',#4388,#850);
#688=LINE('',#4390,#851);
#689=LINE('',#4392,#852);
#690=LINE('',#4398,#853);
#691=LINE('',#4437,#854);
#692=LINE('',#4453,#855);
#693=LINE('',#4454,#856);
#694=LINE('',#4455,#857);
#695=LINE('',#4459,#858);
#696=LINE('',#4460,#859);
#697=LINE('',#4472,#860);
#698=LINE('',#4477,#861);
#699=LINE('',#4483,#862);
#700=LINE('',#4488,#863);
#701=LINE('',#4494,#864);
#702=LINE('',#4499,#865);
#703=LINE('',#4505,#866);
#704=LINE('',#4510,#867);
#705=LINE('',#4516,#868);
#706=LINE('',#4518,#869);
#707=LINE('',#4522,#870);
#708=LINE('',#4526,#871);
#709=LINE('',#4530,#872);
#710=LINE('',#4534,#873);
#711=LINE('',#4538,#874);
#712=LINE('',#4544,#875);
#713=VECTOR('',#2530,10.);
#714=VECTOR('',#2531,10.);
#715=VECTOR('',#2532,10.);
#716=VECTOR('',#2533,10.);
#717=VECTOR('',#2546,10.);
#718=VECTOR('',#2547,10.);
#719=VECTOR('',#2548,10.);
#720=VECTOR('',#2553,10.);
#721=VECTOR('',#2556,10.);
#722=VECTOR('',#2559,10.);
#723=VECTOR('',#2560,10.);
#724=VECTOR('',#2561,10.);
#725=VECTOR('',#2562,10.);
#726=VECTOR('',#2563,10.);
#727=VECTOR('',#2564,10.);
#728=VECTOR('',#2565,10.);
#729=VECTOR('',#2566,10.);
#730=VECTOR('',#2567,10.);
#731=VECTOR('',#2568,10.);
#732=VECTOR('',#2569,10.);
#733=VECTOR('',#2570,10.);
#734=VECTOR('',#2579,10.);
#735=VECTOR('',#2582,10.);
#736=VECTOR('',#2583,10.);
#737=VECTOR('',#2584,10.);
#738=VECTOR('',#2585,10.);
#739=VECTOR('',#2586,10.);
#740=VECTOR('',#2597,10.);
#741=VECTOR('',#2598,10.);
#742=VECTOR('',#2609,10.);
#743=VECTOR('',#2612,10.);
#744=VECTOR('',#2613,10.);
#745=VECTOR('',#2614,10.);
#746=VECTOR('',#2621,10.);
#747=VECTOR('',#2626,10.);
#748=VECTOR('',#2647,10.);
#749=VECTOR('',#2650,10.);
#750=VECTOR('',#2655,10.);
#751=VECTOR('',#2660,10.);
#752=VECTOR('',#2661,10.);
#753=VECTOR('',#2664,10.);
#754=VECTOR('',#2665,10.);
#755=VECTOR('',#2666,10.);
#756=VECTOR('',#2667,10.);
#757=VECTOR('',#2670,10.);
#758=VECTOR('',#2671,10.);
#759=VECTOR('',#2672,10.);
#760=VECTOR('',#2673,10.);
#761=VECTOR('',#2676,10.);
#762=VECTOR('',#2681,10.);
#763=VECTOR('',#2682,10.);
#764=VECTOR('',#2683,10.);
#765=VECTOR('',#2686,10.);
#766=VECTOR('',#2687,10.);
#767=VECTOR('',#2688,10.);
#768=VECTOR('',#2689,10.);
#769=VECTOR('',#2694,10.);
#770=VECTOR('',#2699,10.);
#771=VECTOR('',#2700,10.);
#772=VECTOR('',#2703,10.);
#773=VECTOR('',#2704,10.);
#774=VECTOR('',#2707,10.);
#775=VECTOR('',#2710,10.);
#776=VECTOR('',#2711,10.);
#777=VECTOR('',#2712,10.);
#778=VECTOR('',#2715,10.);
#779=VECTOR('',#2718,10.);
#780=VECTOR('',#2721,10.);
#781=VECTOR('',#2724,10.);
#782=VECTOR('',#2727,10.);
#783=VECTOR('',#2730,10.);
#784=VECTOR('',#2731,10.);
#785=VECTOR('',#2732,10.);
#786=VECTOR('',#2733,10.);
#787=VECTOR('',#2736,10.);
#788=VECTOR('',#2737,10.);
#789=VECTOR('',#2738,10.);
#790=VECTOR('',#2741,10.);
#791=VECTOR('',#2742,10.);
#792=VECTOR('',#2743,10.);
#793=VECTOR('',#2746,7.92870920573033);
#794=VECTOR('',#2749,7.92870920573033);
#795=VECTOR('',#2760,10.);
#796=VECTOR('',#2765,10.);
#797=VECTOR('',#2766,10.);
#798=VECTOR('',#2771,10.);
#799=VECTOR('',#2772,10.);
#800=VECTOR('',#2773,10.);
#801=VECTOR('',#2774,10.);
#802=VECTOR('',#2801,10.);
#803=VECTOR('',#2814,10.);
#804=VECTOR('',#2819,10.);
#805=VECTOR('',#2832,2.7);
#806=VECTOR('',#2843,10.);
#807=VECTOR('',#2846,10.);
#808=VECTOR('',#2849,2.7);
#809=VECTOR('',#2862,2.7);
#810=VECTOR('',#2869,1.19999999999976);
#811=VECTOR('',#2872,1.6);
#812=VECTOR('',#2875,8.75894463489321);
#813=VECTOR('',#2876,2.);
#814=VECTOR('',#2879,8.75894463489321);
#815=VECTOR('',#2884,2.);
#816=VECTOR('',#2887,1.6);
#817=VECTOR('',#2890,1.6);
#818=VECTOR('',#2895,2.7);
#819=VECTOR('',#2898,1.6);
#820=VECTOR('',#2901,10.);
#821=VECTOR('',#2904,10.);
#822=VECTOR('',#2905,10.);
#823=VECTOR('',#2912,10.);
#824=VECTOR('',#2913,10.);
#825=VECTOR('',#2914,10.);
#826=VECTOR('',#2915,10.);
#827=VECTOR('',#2916,10.);
#828=VECTOR('',#2919,10.);
#829=VECTOR('',#2920,3.2486108576768);
#830=VECTOR('',#2923,3.2486108576768);
#831=VECTOR('',#2932,2.);
#832=VECTOR('',#2937,3.2486108576768);
#833=VECTOR('',#2940,3.2486108576768);
#834=VECTOR('',#2941,8.75894463489321);
#835=VECTOR('',#2944,8.75894463489321);
#836=VECTOR('',#2955,8.75894463489321);
#837=VECTOR('',#2956,8.75894463489321);
#838=VECTOR('',#2961,1.99999999999999);
#839=VECTOR('',#2964,1.5);
#840=VECTOR('',#2967,1.5);
#841=VECTOR('',#2972,1.6);
#842=VECTOR('',#2977,1.6);
#843=VECTOR('',#2986,2.7);
#844=VECTOR('',#2993,2.7);
#845=VECTOR('',#2998,1.6);
#846=VECTOR('',#3003,1.6);
#847=VECTOR('',#3010,2.7);
#848=VECTOR('',#3017,2.7);
#849=VECTOR('',#3020,1.99999999999999);
#850=VECTOR('',#3025,10.);
#851=VECTOR('',#3028,10.);
#852=VECTOR('',#3031,10.);
#853=VECTOR('',#3038,10.);
#854=VECTOR('',#3039,10.);
#855=VECTOR('',#3042,10.);
#856=VECTOR('',#3043,10.);
#857=VECTOR('',#3044,10.);
#858=VECTOR('',#3049,10.);
#859=VECTOR('',#3050,10.);
#860=VECTOR('',#3063,1.525);
#861=VECTOR('',#3068,3.75);
#862=VECTOR('',#3077,1.525);
#863=VECTOR('',#3082,3.75);
#864=VECTOR('',#3091,1.525);
#865=VECTOR('',#3096,3.75);
#866=VECTOR('',#3105,1.525);
#867=VECTOR('',#3110,3.75);
#868=VECTOR('',#3117,10.);
#869=VECTOR('',#3120,10.);
#870=VECTOR('',#3125,10.);
#871=VECTOR('',#3130,10.);
#872=VECTOR('',#3135,10.);
#873=VECTOR('',#3140,10.);
#874=VECTOR('',#3145,10.);
#875=VECTOR('',#3148,10.);
#876=VERTEX_POINT('',#3157);
#877=VERTEX_POINT('',#3158);
#878=VERTEX_POINT('',#3160);
#879=VERTEX_POINT('',#3162);
#880=VERTEX_POINT('',#3164);
#881=VERTEX_POINT('',#3181);
#882=VERTEX_POINT('',#3199);
#883=VERTEX_POINT('',#3208);
#884=VERTEX_POINT('',#3215);
#885=VERTEX_POINT('',#3228);
#886=VERTEX_POINT('',#3230);
#887=VERTEX_POINT('',#3234);
#888=VERTEX_POINT('',#3236);
#889=VERTEX_POINT('',#3238);
#890=VERTEX_POINT('',#3245);
#891=VERTEX_POINT('',#3247);
#892=VERTEX_POINT('',#3258);
#893=VERTEX_POINT('',#3262);
#894=VERTEX_POINT('',#3271);
#895=VERTEX_POINT('',#3272);
#896=VERTEX_POINT('',#3274);
#897=VERTEX_POINT('',#3276);
#898=VERTEX_POINT('',#3278);
#899=VERTEX_POINT('',#3280);
#900=VERTEX_POINT('',#3282);
#901=VERTEX_POINT('',#3284);
#902=VERTEX_POINT('',#3286);
#903=VERTEX_POINT('',#3288);
#904=VERTEX_POINT('',#3290);
#905=VERTEX_POINT('',#3292);
#906=VERTEX_POINT('',#3296);
#907=VERTEX_POINT('',#3297);
#908=VERTEX_POINT('',#3302);
#909=VERTEX_POINT('',#3316);
#910=VERTEX_POINT('',#3318);
#911=VERTEX_POINT('',#3320);
#912=VERTEX_POINT('',#3322);
#913=VERTEX_POINT('',#3324);
#914=VERTEX_POINT('',#3326);
#915=VERTEX_POINT('',#3328);
#916=VERTEX_POINT('',#3343);
#917=VERTEX_POINT('',#3345);
#918=VERTEX_POINT('',#3349);
#919=VERTEX_POINT('',#3350);
#920=VERTEX_POINT('',#3363);
#921=VERTEX_POINT('',#3364);
#922=VERTEX_POINT('',#3383);
#923=VERTEX_POINT('',#3384);
#924=VERTEX_POINT('',#3409);
#925=VERTEX_POINT('',#3410);
#926=VERTEX_POINT('',#3412);
#927=VERTEX_POINT('',#3415);
#928=VERTEX_POINT('',#3417);
#929=VERTEX_POINT('',#3428);
#930=VERTEX_POINT('',#3433);
#931=VERTEX_POINT('',#3435);
#932=VERTEX_POINT('',#3437);
#933=VERTEX_POINT('',#3439);
#934=VERTEX_POINT('',#3441);
#935=VERTEX_POINT('',#3443);
#936=VERTEX_POINT('',#3445);
#937=VERTEX_POINT('',#3447);
#938=VERTEX_POINT('',#3449);
#939=VERTEX_POINT('',#3451);
#940=VERTEX_POINT('',#3454);
#941=VERTEX_POINT('',#3458);
#942=VERTEX_POINT('',#3460);
#943=VERTEX_POINT('',#3462);
#944=VERTEX_POINT('',#3516);
#945=VERTEX_POINT('',#3517);
#946=VERTEX_POINT('',#3519);
#947=VERTEX_POINT('',#3523);
#948=VERTEX_POINT('',#3527);
#949=VERTEX_POINT('',#3528);
#950=VERTEX_POINT('',#3531);
#951=VERTEX_POINT('',#3535);
#952=VERTEX_POINT('',#3536);
#953=VERTEX_POINT('',#3538);
#954=VERTEX_POINT('',#3540);
#955=VERTEX_POINT('',#3567);
#956=VERTEX_POINT('',#3569);
#957=VERTEX_POINT('',#3573);
#958=VERTEX_POINT('',#3575);
#959=VERTEX_POINT('',#3579);
#960=VERTEX_POINT('',#3580);
#961=VERTEX_POINT('',#3582);
#962=VERTEX_POINT('',#3584);
#963=VERTEX_POINT('',#3630);
#964=VERTEX_POINT('',#3632);
#965=VERTEX_POINT('',#3639);
#966=VERTEX_POINT('',#3643);
#967=VERTEX_POINT('',#3668);
#968=VERTEX_POINT('',#3670);
#969=VERTEX_POINT('',#3706);
#970=VERTEX_POINT('',#3715);
#971=VERTEX_POINT('',#3717);
#972=VERTEX_POINT('',#3725);
#973=VERTEX_POINT('',#3736);
#974=VERTEX_POINT('',#3737);
#975=VERTEX_POINT('',#3739);
#976=VERTEX_POINT('',#3741);
#977=VERTEX_POINT('',#3743);
#978=VERTEX_POINT('',#3745);
#979=VERTEX_POINT('',#3754);
#980=VERTEX_POINT('',#3770);
#981=VERTEX_POINT('',#3771);
#982=VERTEX_POINT('',#3773);
#983=VERTEX_POINT('',#3775);
#984=VERTEX_POINT('',#3777);
#985=VERTEX_POINT('',#3793);
#986=VERTEX_POINT('',#3797);
#987=VERTEX_POINT('',#3799);
#988=VERTEX_POINT('',#3801);
#989=VERTEX_POINT('',#3804);
#990=VERTEX_POINT('',#3806);
#991=VERTEX_POINT('',#3808);
#992=VERTEX_POINT('',#3810);
#993=VERTEX_POINT('',#3813);
#994=VERTEX_POINT('',#3814);
#995=VERTEX_POINT('',#3816);
#996=VERTEX_POINT('',#3835);
#997=VERTEX_POINT('',#3836);
#998=VERTEX_POINT('',#3838);
#999=VERTEX_POINT('',#3855);
#1000=VERTEX_POINT('',#3874);
#1001=VERTEX_POINT('',#3876);
#1002=VERTEX_POINT('',#3878);
#1003=VERTEX_POINT('',#3880);
#1004=VERTEX_POINT('',#3884);
#1005=VERTEX_POINT('',#3886);
#1006=VERTEX_POINT('',#3889);
#1007=VERTEX_POINT('',#3891);
#1008=VERTEX_POINT('',#3894);
#1009=VERTEX_POINT('',#3896);
#1010=VERTEX_POINT('',#3899);
#1011=VERTEX_POINT('',#3901);
#1012=VERTEX_POINT('',#3919);
#1013=VERTEX_POINT('',#3926);
#1014=VERTEX_POINT('',#3931);
#1015=VERTEX_POINT('',#3943);
#1016=VERTEX_POINT('',#3944);
#1017=VERTEX_POINT('',#3946);
#1018=VERTEX_POINT('',#3965);
#1019=VERTEX_POINT('',#3967);
#1020=VERTEX_POINT('',#4003);
#1021=VERTEX_POINT('',#4005);
#1022=VERTEX_POINT('',#4048);
#1023=VERTEX_POINT('',#4052);
#1024=VERTEX_POINT('',#4053);
#1025=VERTEX_POINT('',#4064);
#1026=VERTEX_POINT('',#4088);
#1027=VERTEX_POINT('',#4090);
#1028=VERTEX_POINT('',#4112);
#1029=VERTEX_POINT('',#4125);
#1030=VERTEX_POINT('',#4129);
#1031=VERTEX_POINT('',#4140);
#1032=VERTEX_POINT('',#4142);
#1033=VERTEX_POINT('',#4159);
#1034=VERTEX_POINT('',#4185);
#1035=VERTEX_POINT('',#4191);
#1036=VERTEX_POINT('',#4195);
#1037=VERTEX_POINT('',#4210);
#1038=VERTEX_POINT('',#4212);
#1039=VERTEX_POINT('',#4214);
#1040=VERTEX_POINT('',#4218);
#1041=VERTEX_POINT('',#4231);
#1042=VERTEX_POINT('',#4244);
#1043=VERTEX_POINT('',#4246);
#1044=VERTEX_POINT('',#4248);
#1045=VERTEX_POINT('',#4250);
#1046=VERTEX_POINT('',#4255);
#1047=VERTEX_POINT('',#4257);
#1048=VERTEX_POINT('',#4311);
#1049=VERTEX_POINT('',#4313);
#1050=VERTEX_POINT('',#4317);
#1051=VERTEX_POINT('',#4319);
#1052=VERTEX_POINT('',#4322);
#1053=VERTEX_POINT('',#4324);
#1054=VERTEX_POINT('',#4327);
#1055=VERTEX_POINT('',#4329);
#1056=VERTEX_POINT('',#4331);
#1057=VERTEX_POINT('',#4333);
#1058=VERTEX_POINT('',#4336);
#1059=VERTEX_POINT('',#4338);
#1060=VERTEX_POINT('',#4348);
#1061=VERTEX_POINT('',#4352);
#1062=VERTEX_POINT('',#4357);
#1063=VERTEX_POINT('',#4362);
#1064=VERTEX_POINT('',#4367);
#1065=VERTEX_POINT('',#4371);
#1066=VERTEX_POINT('',#4375);
#1067=VERTEX_POINT('',#4380);
#1068=VERTEX_POINT('',#4394);
#1069=VERTEX_POINT('',#4396);
#1070=VERTEX_POINT('',#4423);
#1071=VERTEX_POINT('',#4436);
#1072=VERTEX_POINT('',#4451);
#1073=VERTEX_POINT('',#4452);
#1074=VERTEX_POINT('',#4458);
#1075=VERTEX_POINT('',#4461);
#1076=VERTEX_POINT('',#4463);
#1077=VERTEX_POINT('',#4465);
#1078=VERTEX_POINT('',#4467);
#1079=VERTEX_POINT('',#4470);
#1080=VERTEX_POINT('',#4474);
#1081=VERTEX_POINT('',#4476);
#1082=VERTEX_POINT('',#4481);
#1083=VERTEX_POINT('',#4485);
#1084=VERTEX_POINT('',#4487);
#1085=VERTEX_POINT('',#4492);
#1086=VERTEX_POINT('',#4496);
#1087=VERTEX_POINT('',#4498);
#1088=VERTEX_POINT('',#4503);
#1089=VERTEX_POINT('',#4507);
#1090=VERTEX_POINT('',#4509);
#1091=VERTEX_POINT('',#4514);
#1092=VERTEX_POINT('',#4515);
#1093=VERTEX_POINT('',#4521);
#1094=VERTEX_POINT('',#4525);
#1095=VERTEX_POINT('',#4529);
#1096=VERTEX_POINT('',#4533);
#1097=VERTEX_POINT('',#4537);
#1098=EDGE_CURVE('',#876,#877,#550,.T.);
#1099=EDGE_CURVE('',#878,#876,#551,.T.);
#1100=EDGE_CURVE('',#879,#878,#552,.T.);
#1101=EDGE_CURVE('',#880,#879,#499,.T.);
#1102=EDGE_CURVE('',#881,#880,#553,.T.);
#1103=EDGE_CURVE('',#877,#881,#382,.T.);
#1104=EDGE_CURVE('',#879,#882,#500,.T.);
#1105=EDGE_CURVE('',#882,#883,#501,.T.);
#1106=EDGE_CURVE('',#883,#884,#502,.T.);
#1107=EDGE_CURVE('',#884,#885,#383,.T.);
#1108=EDGE_CURVE('',#886,#885,#384,.T.);
#1109=EDGE_CURVE('',#886,#880,#385,.T.);
#1110=EDGE_CURVE('',#876,#887,#386,.T.);
#1111=EDGE_CURVE('',#888,#887,#554,.T.);
#1112=EDGE_CURVE('',#889,#888,#503,.T.);
#1113=EDGE_CURVE('',#890,#889,#555,.T.);
#1114=EDGE_CURVE('',#891,#890,#504,.T.);
#1115=EDGE_CURVE('',#892,#891,#556,.T.);
#1116=EDGE_CURVE('',#892,#878,#387,.T.);
#1117=EDGE_CURVE('',#893,#877,#505,.T.);
#1118=EDGE_CURVE('',#887,#893,#557,.T.);
#1119=EDGE_CURVE('',#882,#892,#558,.T.);
#1120=EDGE_CURVE('',#894,#895,#559,.T.);
#1121=EDGE_CURVE('',#896,#894,#560,.T.);
#1122=EDGE_CURVE('',#896,#897,#561,.T.);
#1123=EDGE_CURVE('',#897,#898,#562,.T.);
#1124=EDGE_CURVE('',#899,#898,#563,.T.);
#1125=EDGE_CURVE('',#900,#899,#564,.T.);
#1126=EDGE_CURVE('',#901,#900,#565,.T.);
#1127=EDGE_CURVE('',#901,#902,#566,.T.);
#1128=EDGE_CURVE('',#902,#903,#567,.T.);
#1129=EDGE_CURVE('',#903,#904,#568,.T.);
#1130=EDGE_CURVE('',#905,#904,#569,.T.);
#1131=EDGE_CURVE('',#905,#895,#570,.T.);
#1132=EDGE_CURVE('',#906,#907,#506,.T.);
#1133=EDGE_CURVE('',#906,#908,#388,.T.);
#1134=EDGE_CURVE('',#907,#908,#507,.T.);
#1135=EDGE_CURVE('',#908,#893,#389,.T.);
#1136=EDGE_CURVE('',#909,#906,#571,.T.);
#1137=EDGE_CURVE('',#910,#909,#390,.T.);
#1138=EDGE_CURVE('',#911,#910,#572,.T.);
#1139=EDGE_CURVE('',#911,#912,#573,.T.);
#1140=EDGE_CURVE('',#913,#912,#574,.T.);
#1141=EDGE_CURVE('',#914,#913,#575,.T.);
#1142=EDGE_CURVE('',#914,#915,#508,.T.);
#1143=EDGE_CURVE('',#888,#915,#576,.T.);
#1144=EDGE_CURVE('',#885,#916,#391,.T.);
#1145=EDGE_CURVE('',#916,#917,#392,.T.);
#1146=EDGE_CURVE('',#917,#886,#393,.T.);
#1147=EDGE_CURVE('',#918,#919,#394,.T.);
#1148=EDGE_CURVE('',#919,#917,#577,.T.);
#1149=EDGE_CURVE('',#916,#918,#578,.T.);
#1150=EDGE_CURVE('',#920,#921,#395,.T.);
#1151=EDGE_CURVE('',#921,#919,#396,.T.);
#1152=EDGE_CURVE('',#918,#920,#397,.T.);
#1153=EDGE_CURVE('',#922,#923,#509,.T.);
#1154=EDGE_CURVE('',#922,#921,#398,.T.);
#1155=EDGE_CURVE('',#920,#923,#510,.T.);
#1156=EDGE_CURVE('',#924,#925,#579,.T.);
#1157=EDGE_CURVE('',#925,#926,#399,.T.);
#1158=EDGE_CURVE('',#926,#920,#580,.T.);
#1159=EDGE_CURVE('',#918,#927,#581,.T.);
#1160=EDGE_CURVE('',#927,#928,#511,.T.);
#1161=EDGE_CURVE('',#928,#929,#582,.T.);
#1162=EDGE_CURVE('',#929,#900,#400,.T.);
#1163=EDGE_CURVE('',#924,#899,#401,.T.);
#1164=EDGE_CURVE('',#930,#916,#583,.T.);
#1165=EDGE_CURVE('',#931,#930,#402,.T.);
#1166=EDGE_CURVE('',#932,#931,#403,.T.);
#1167=EDGE_CURVE('',#933,#932,#584,.T.);
#1168=EDGE_CURVE('',#934,#933,#404,.T.);
#1169=EDGE_CURVE('',#935,#934,#405,.T.);
#1170=EDGE_CURVE('',#936,#935,#406,.T.);
#1171=EDGE_CURVE('',#937,#936,#407,.T.);
#1172=EDGE_CURVE('',#937,#938,#408,.T.);
#1173=EDGE_CURVE('',#938,#939,#409,.T.);
#1174=EDGE_CURVE('',#929,#939,#410,.T.);
#1175=EDGE_CURVE('',#928,#940,#411,.T.);
#1176=EDGE_CURVE('',#940,#927,#412,.T.);
#1177=EDGE_CURVE('',#885,#941,#585,.T.);
#1178=EDGE_CURVE('',#942,#941,#413,.T.);
#1179=EDGE_CURVE('',#942,#943,#586,.T.);
#1180=EDGE_CURVE('',#933,#943,#512,.T.);
#1181=EDGE_CURVE('',#932,#930,#513,.T.);
#1182=EDGE_CURVE('',#944,#945,#49,.T.);
#1183=EDGE_CURVE('',#946,#944,#587,.T.);
#1184=EDGE_CURVE('',#945,#946,#414,.T.);
#1185=EDGE_CURVE('',#945,#947,#588,.T.);
#1186=EDGE_CURVE('',#947,#946,#589,.T.);
#1187=EDGE_CURVE('',#948,#949,#590,.T.);
#1188=EDGE_CURVE('',#948,#947,#591,.T.);
#1189=EDGE_CURVE('',#944,#950,#592,.T.);
#1190=EDGE_CURVE('',#950,#949,#593,.T.);
#1191=EDGE_CURVE('',#951,#952,#594,.T.);
#1192=EDGE_CURVE('',#951,#953,#595,.T.);
#1193=EDGE_CURVE('',#953,#954,#596,.T.);
#1194=EDGE_CURVE('',#952,#954,#597,.T.);
#1195=EDGE_CURVE('',#954,#955,#50,.T.);
#1196=EDGE_CURVE('',#955,#956,#598,.T.);
#1197=EDGE_CURVE('',#952,#956,#51,.T.);
#1198=EDGE_CURVE('',#955,#957,#599,.T.);
#1199=EDGE_CURVE('',#958,#957,#600,.T.);
#1200=EDGE_CURVE('',#956,#958,#601,.T.);
#1201=EDGE_CURVE('',#959,#960,#602,.T.);
#1202=EDGE_CURVE('',#960,#961,#603,.T.);
#1203=EDGE_CURVE('',#962,#961,#604,.T.);
#1204=EDGE_CURVE('',#959,#962,#605,.T.);
#1205=EDGE_CURVE('',#960,#896,#514,.T.);
#1206=EDGE_CURVE('',#961,#894,#515,.T.);
#1207=EDGE_CURVE('',#897,#963,#415,.T.);
#1208=EDGE_CURVE('',#963,#964,#606,.T.);
#1209=EDGE_CURVE('',#898,#964,#416,.T.);
#1210=EDGE_CURVE('',#963,#925,#607,.T.);
#1211=EDGE_CURVE('',#964,#924,#608,.T.);
#1212=EDGE_CURVE('',#884,#965,#609,.T.);
#1213=EDGE_CURVE('',#941,#965,#610,.T.);
#1214=EDGE_CURVE('',#883,#966,#611,.T.);
#1215=EDGE_CURVE('',#965,#966,#417,.T.);
#1216=EDGE_CURVE('',#890,#967,#612,.T.);
#1217=EDGE_CURVE('',#968,#967,#516,.T.);
#1218=EDGE_CURVE('',#891,#968,#613,.T.);
#1219=EDGE_CURVE('',#969,#914,#517,.T.);
#1220=EDGE_CURVE('',#889,#969,#614,.T.);
#1221=EDGE_CURVE('',#970,#948,#615,.T.);
#1222=EDGE_CURVE('',#971,#970,#52,.T.);
#1223=EDGE_CURVE('',#971,#950,#616,.T.);
#1224=EDGE_CURVE('',#967,#969,#617,.T.);
#1225=EDGE_CURVE('',#966,#968,#618,.T.);
#1226=EDGE_CURVE('',#972,#909,#518,.T.);
#1227=EDGE_CURVE('',#907,#972,#619,.T.);
#1228=EDGE_CURVE('',#973,#974,#620,.T.);
#1229=EDGE_CURVE('',#975,#974,#621,.T.);
#1230=EDGE_CURVE('',#975,#976,#622,.T.);
#1231=EDGE_CURVE('',#977,#976,#623,.T.);
#1232=EDGE_CURVE('',#977,#978,#519,.T.);
#1233=EDGE_CURVE('',#978,#979,#520,.T.);
#1234=EDGE_CURVE('',#979,#973,#521,.T.);
#1235=EDGE_CURVE('',#980,#981,#624,.T.);
#1236=EDGE_CURVE('',#981,#982,#625,.T.);
#1237=EDGE_CURVE('',#983,#982,#626,.T.);
#1238=EDGE_CURVE('',#984,#983,#522,.T.);
#1239=EDGE_CURVE('',#980,#984,#523,.T.);
#1240=EDGE_CURVE('',#985,#982,#627,.T.);
#1241=EDGE_CURVE('',#981,#973,#628,.T.);
#1242=EDGE_CURVE('',#913,#975,#629,.T.);
#1243=EDGE_CURVE('',#912,#986,#418,.T.);
#1244=EDGE_CURVE('',#986,#987,#630,.T.);
#1245=EDGE_CURVE('',#987,#988,#419,.T.);
#1246=EDGE_CURVE('',#988,#985,#631,.T.);
#1247=EDGE_CURVE('',#989,#989,#420,.T.);
#1248=EDGE_CURVE('',#990,#990,#421,.T.);
#1249=EDGE_CURVE('',#991,#991,#422,.T.);
#1250=EDGE_CURVE('',#992,#992,#423,.T.);
#1251=EDGE_CURVE('',#993,#994,#632,.T.);
#1252=EDGE_CURVE('',#995,#994,#524,.F.);
#1253=EDGE_CURVE('',#993,#995,#424,.T.);
#1254=EDGE_CURVE('',#996,#997,#633,.T.);
#1255=EDGE_CURVE('',#998,#997,#525,.F.);
#1256=EDGE_CURVE('',#998,#999,#634,.T.);
#1257=EDGE_CURVE('',#996,#999,#526,.F.);
#1258=EDGE_CURVE('',#983,#1000,#425,.T.);
#1259=EDGE_CURVE('',#1001,#985,#635,.T.);
#1260=EDGE_CURVE('',#1002,#1001,#636,.T.);
#1261=EDGE_CURVE('',#1003,#1002,#637,.T.);
#1262=EDGE_CURVE('',#1000,#1003,#638,.T.);
#1263=EDGE_CURVE('',#1004,#1004,#426,.T.);
#1264=EDGE_CURVE('',#1005,#1005,#427,.T.);
#1265=EDGE_CURVE('',#1006,#1006,#428,.T.);
#1266=EDGE_CURVE('',#1007,#1007,#429,.T.);
#1267=EDGE_CURVE('',#1008,#1008,#430,.T.);
#1268=EDGE_CURVE('',#1009,#1009,#431,.T.);
#1269=EDGE_CURVE('',#1010,#1010,#432,.T.);
#1270=EDGE_CURVE('',#1011,#1011,#433,.T.);
#1271=EDGE_CURVE('',#1012,#980,#527,.T.);
#1272=EDGE_CURVE('',#984,#1013,#528,.T.);
#1273=EDGE_CURVE('',#1013,#1014,#529,.T.);
#1274=EDGE_CURVE('',#1014,#1012,#530,.T.);
#1275=EDGE_CURVE('',#1015,#1016,#639,.T.);
#1276=EDGE_CURVE('',#1017,#1016,#434,.T.);
#1277=EDGE_CURVE('',#1015,#1017,#531,.F.);
#1278=EDGE_CURVE('',#1000,#1018,#435,.T.);
#1279=EDGE_CURVE('',#1018,#1019,#436,.T.);
#1280=EDGE_CURVE('',#1019,#1017,#532,.T.);
#1281=EDGE_CURVE('',#1016,#1014,#533,.T.);
#1282=EDGE_CURVE('',#910,#1020,#437,.T.);
#1283=EDGE_CURVE('',#1020,#1021,#640,.T.);
#1284=EDGE_CURVE('',#1021,#911,#534,.T.);
#1285=EDGE_CURVE('',#1003,#1022,#438,.T.);
#1286=EDGE_CURVE('',#1022,#1018,#641,.T.);
#1287=EDGE_CURVE('',#1023,#1024,#535,.T.);
#1288=EDGE_CURVE('',#1024,#1025,#536,.T.);
#1289=EDGE_CURVE('',#1025,#1022,#439,.T.);
#1290=EDGE_CURVE('',#1003,#911,#440,.T.);
#1291=EDGE_CURVE('',#1021,#1026,#441,.T.);
#1292=EDGE_CURVE('',#1026,#1027,#537,.T.);
#1293=EDGE_CURVE('',#1027,#1028,#538,.T.);
#1294=EDGE_CURVE('',#1028,#1023,#442,.T.);
#1295=EDGE_CURVE('',#1008,#1029,#642,.T.);
#1296=EDGE_CURVE('',#1029,#998,#443,.T.);
#1297=EDGE_CURVE('',#997,#1015,#444,.T.);
#1298=EDGE_CURVE('',#1019,#1030,#539,.F.);
#1299=EDGE_CURVE('',#1030,#1029,#445,.T.);
#1300=EDGE_CURVE('',#1031,#1020,#446,.T.);
#1301=EDGE_CURVE('',#1032,#1031,#540,.F.);
#1302=EDGE_CURVE('',#1032,#1020,#643,.T.);
#1303=EDGE_CURVE('',#1018,#1030,#644,.T.);
#1304=EDGE_CURVE('',#1006,#1024,#645,.T.);
#1305=EDGE_CURVE('',#1023,#1025,#447,.T.);
#1306=EDGE_CURVE('',#1026,#1028,#448,.T.);
#1307=EDGE_CURVE('',#1033,#1032,#449,.T.);
#1308=EDGE_CURVE('',#999,#1033,#450,.T.);
#1309=EDGE_CURVE('',#1004,#1033,#646,.T.);
#1310=EDGE_CURVE('',#995,#1031,#541,.T.);
#1311=EDGE_CURVE('',#994,#996,#451,.T.);
#1312=EDGE_CURVE('',#1002,#1034,#452,.T.);
#1313=EDGE_CURVE('',#1034,#986,#647,.T.);
#1314=EDGE_CURVE('',#991,#1009,#648,.T.);
#1315=EDGE_CURVE('',#1035,#1034,#649,.T.);
#1316=EDGE_CURVE('',#1035,#987,#650,.T.);
#1317=EDGE_CURVE('',#1001,#1036,#651,.T.);
#1318=EDGE_CURVE('',#1036,#1035,#453,.F.);
#1319=EDGE_CURVE('',#1036,#988,#652,.T.);
#1320=EDGE_CURVE('',#992,#1005,#653,.T.);
#1321=EDGE_CURVE('',#990,#1011,#654,.T.);
#1322=EDGE_CURVE('',#1010,#1027,#655,.T.);
#1323=EDGE_CURVE('',#989,#1007,#656,.T.);
#1324=EDGE_CURVE('',#1037,#1012,#657,.T.);
#1325=EDGE_CURVE('',#1038,#1037,#53,.T.);
#1326=EDGE_CURVE('',#1038,#1039,#658,.T.);
#1327=EDGE_CURVE('',#974,#1039,#659,.T.);
#1328=EDGE_CURVE('',#1040,#993,#542,.T.);
#1329=EDGE_CURVE('',#972,#1041,#543,.T.);
#1330=EDGE_CURVE('',#1040,#1041,#544,.T.);
#1331=EDGE_CURVE('',#1042,#942,#660,.T.);
#1332=EDGE_CURVE('',#1042,#1043,#661,.T.);
#1333=EDGE_CURVE('',#1044,#1043,#662,.T.);
#1334=EDGE_CURVE('',#1045,#1044,#663,.T.);
#1335=EDGE_CURVE('',#1045,#943,#664,.T.);
#1336=EDGE_CURVE('',#895,#1042,#665,.T.);
#1337=EDGE_CURVE('',#1046,#905,#666,.T.);
#1338=EDGE_CURVE('',#1046,#1047,#454,.T.);
#1339=EDGE_CURVE('',#1047,#1043,#667,.T.);
#1340=EDGE_CURVE('',#936,#934,#545,.T.);
#1341=EDGE_CURVE('',#943,#900,#455,.T.);
#1342=EDGE_CURVE('',#939,#937,#546,.T.);
#1343=EDGE_CURVE('',#1045,#1048,#456,.T.);
#1344=EDGE_CURVE('',#1048,#1049,#668,.F.);
#1345=EDGE_CURVE('',#1049,#901,#457,.T.);
#1346=EDGE_CURVE('',#1050,#1044,#669,.T.);
#1347=EDGE_CURVE('',#1051,#1050,#458,.T.);
#1348=EDGE_CURVE('',#1051,#904,#670,.T.);
#1349=EDGE_CURVE('',#903,#1052,#671,.T.);
#1350=EDGE_CURVE('',#1052,#1053,#459,.T.);
#1351=EDGE_CURVE('',#1053,#1048,#672,.T.);
#1352=EDGE_CURVE('',#1054,#1054,#460,.T.);
#1353=EDGE_CURVE('',#1055,#1055,#461,.T.);
#1354=EDGE_CURVE('',#1056,#1056,#462,.T.);
#1355=EDGE_CURVE('',#1057,#1057,#463,.T.);
#1356=EDGE_CURVE('',#902,#1058,#673,.T.);
#1357=EDGE_CURVE('',#1059,#1049,#674,.T.);
#1358=EDGE_CURVE('',#1058,#1059,#464,.T.);
#1359=EDGE_CURVE('',#1052,#1058,#675,.T.);
#1360=EDGE_CURVE('',#1046,#1051,#676,.T.);
#1361=EDGE_CURVE('',#1047,#1050,#677,.T.);
#1362=EDGE_CURVE('',#1060,#1060,#465,.F.);
#1363=EDGE_CURVE('',#1060,#1056,#678,.T.);
#1364=EDGE_CURVE('',#1061,#1061,#466,.F.);
#1365=EDGE_CURVE('',#1061,#1057,#679,.T.);
#1366=EDGE_CURVE('',#1062,#1062,#467,.F.);
#1367=EDGE_CURVE('',#1062,#931,#680,.T.);
#1368=EDGE_CURVE('',#1063,#1063,#468,.F.);
#1369=EDGE_CURVE('',#1063,#935,#681,.T.);
#1370=EDGE_CURVE('',#1064,#1064,#469,.F.);
#1371=EDGE_CURVE('',#1064,#1054,#682,.T.);
#1372=EDGE_CURVE('',#1065,#1065,#470,.F.);
#1373=EDGE_CURVE('',#1065,#1055,#683,.T.);
#1374=EDGE_CURVE('',#1066,#1066,#471,.F.);
#1375=EDGE_CURVE('',#1066,#940,#684,.T.);
#1376=EDGE_CURVE('',#1067,#1067,#472,.F.);
#1377=EDGE_CURVE('',#1067,#938,#685,.T.);
#1378=EDGE_CURVE('',#1053,#1059,#686,.T.);
#1379=EDGE_CURVE('',#1037,#1040,#687,.T.);
#1380=EDGE_CURVE('',#1041,#1038,#688,.T.);
#1381=EDGE_CURVE('',#972,#1039,#689,.T.);
#1382=EDGE_CURVE('',#958,#1068,#473,.T.);
#1383=EDGE_CURVE('',#957,#1069,#474,.T.);
#1384=EDGE_CURVE('',#1069,#1068,#690,.T.);
#1385=EDGE_CURVE('',#1069,#1070,#547,.T.);
#1386=EDGE_CURVE('',#1070,#1071,#691,.T.);
#1387=EDGE_CURVE('',#1068,#1071,#548,.T.);
#1388=EDGE_CURVE('',#1072,#1073,#692,.T.);
#1389=EDGE_CURVE('',#1073,#953,#693,.T.);
#1390=EDGE_CURVE('',#949,#951,#694,.T.);
#1391=EDGE_CURVE('',#1072,#971,#475,.T.);
#1392=EDGE_CURVE('',#1074,#922,#695,.T.);
#1393=EDGE_CURVE('',#881,#1074,#696,.T.);
#1394=EDGE_CURVE('',#1075,#1075,#476,.T.);
#1395=EDGE_CURVE('',#1076,#1076,#477,.T.);
#1396=EDGE_CURVE('',#1077,#1077,#478,.T.);
#1397=EDGE_CURVE('',#1078,#1078,#479,.T.);
#1398=EDGE_CURVE('',#1079,#1079,#480,.T.);
#1399=EDGE_CURVE('',#1079,#1078,#697,.T.);
#1400=EDGE_CURVE('',#1080,#1080,#481,.T.);
#1401=EDGE_CURVE('',#1080,#1081,#698,.T.);
#1402=EDGE_CURVE('',#1081,#1081,#482,.T.);
#1403=EDGE_CURVE('',#1082,#1082,#483,.T.);
#1404=EDGE_CURVE('',#1082,#1077,#699,.T.);
#1405=EDGE_CURVE('',#1083,#1083,#484,.T.);
#1406=EDGE_CURVE('',#1083,#1084,#700,.T.);
#1407=EDGE_CURVE('',#1084,#1084,#485,.T.);
#1408=EDGE_CURVE('',#1085,#1085,#486,.T.);
#1409=EDGE_CURVE('',#1085,#1076,#701,.T.);
#1410=EDGE_CURVE('',#1086,#1086,#487,.T.);
#1411=EDGE_CURVE('',#1086,#1087,#702,.T.);
#1412=EDGE_CURVE('',#1087,#1087,#488,.T.);
#1413=EDGE_CURVE('',#1088,#1088,#489,.T.);
#1414=EDGE_CURVE('',#1088,#1075,#703,.T.);
#1415=EDGE_CURVE('',#1089,#1089,#490,.T.);
#1416=EDGE_CURVE('',#1089,#1090,#704,.T.);
#1417=EDGE_CURVE('',#1090,#1090,#491,.T.);
#1418=EDGE_CURVE('',#1091,#1092,#705,.T.);
#1419=EDGE_CURVE('',#1091,#962,#492,.T.);
#1420=EDGE_CURVE('',#1039,#970,#706,.T.);
#1421=EDGE_CURVE('',#1071,#1092,#493,.T.);
#1422=EDGE_CURVE('',#1092,#1093,#707,.T.);
#1423=EDGE_CURVE('',#1070,#1093,#494,.T.);
#1424=EDGE_CURVE('',#1094,#1091,#708,.T.);
#1425=EDGE_CURVE('',#1094,#959,#495,.T.);
#1426=EDGE_CURVE('',#1093,#1095,#709,.T.);
#1427=EDGE_CURVE('',#1073,#1095,#496,.T.);
#1428=EDGE_CURVE('',#1096,#1094,#710,.T.);
#1429=EDGE_CURVE('',#1096,#926,#497,.T.);
#1430=EDGE_CURVE('',#1095,#1097,#711,.T.);
#1431=EDGE_CURVE('',#1097,#1072,#549,.T.);
#1432=EDGE_CURVE('',#923,#1096,#712,.T.);
#1433=EDGE_CURVE('',#1097,#1074,#498,.T.);
#1434=ORIENTED_EDGE('',*,*,#1098,.F.);
#1435=ORIENTED_EDGE('',*,*,#1099,.F.);
#1436=ORIENTED_EDGE('',*,*,#1100,.F.);
#1437=ORIENTED_EDGE('',*,*,#1101,.F.);
#1438=ORIENTED_EDGE('',*,*,#1102,.F.);
#1439=ORIENTED_EDGE('',*,*,#1103,.F.);
#1440=ORIENTED_EDGE('',*,*,#1101,.T.);
#1441=ORIENTED_EDGE('',*,*,#1104,.T.);
#1442=ORIENTED_EDGE('',*,*,#1105,.T.);
#1443=ORIENTED_EDGE('',*,*,#1106,.T.);
#1444=ORIENTED_EDGE('',*,*,#1107,.T.);
#1445=ORIENTED_EDGE('',*,*,#1108,.F.);
#1446=ORIENTED_EDGE('',*,*,#1109,.T.);
#1447=ORIENTED_EDGE('',*,*,#1099,.T.);
#1448=ORIENTED_EDGE('',*,*,#1110,.T.);
#1449=ORIENTED_EDGE('',*,*,#1111,.F.);
#1450=ORIENTED_EDGE('',*,*,#1112,.F.);
#1451=ORIENTED_EDGE('',*,*,#1113,.F.);
#1452=ORIENTED_EDGE('',*,*,#1114,.F.);
#1453=ORIENTED_EDGE('',*,*,#1115,.F.);
#1454=ORIENTED_EDGE('',*,*,#1116,.T.);
#1455=ORIENTED_EDGE('',*,*,#1098,.T.);
#1456=ORIENTED_EDGE('',*,*,#1117,.F.);
#1457=ORIENTED_EDGE('',*,*,#1118,.F.);
#1458=ORIENTED_EDGE('',*,*,#1110,.F.);
#1459=ORIENTED_EDGE('',*,*,#1100,.T.);
#1460=ORIENTED_EDGE('',*,*,#1116,.F.);
#1461=ORIENTED_EDGE('',*,*,#1119,.F.);
#1462=ORIENTED_EDGE('',*,*,#1104,.F.);
#1463=ORIENTED_EDGE('',*,*,#1120,.F.);
#1464=ORIENTED_EDGE('',*,*,#1121,.F.);
#1465=ORIENTED_EDGE('',*,*,#1122,.T.);
#1466=ORIENTED_EDGE('',*,*,#1123,.T.);
#1467=ORIENTED_EDGE('',*,*,#1124,.F.);
#1468=ORIENTED_EDGE('',*,*,#1125,.F.);
#1469=ORIENTED_EDGE('',*,*,#1126,.F.);
#1470=ORIENTED_EDGE('',*,*,#1127,.T.);
#1471=ORIENTED_EDGE('',*,*,#1128,.T.);
#1472=ORIENTED_EDGE('',*,*,#1129,.T.);
#1473=ORIENTED_EDGE('',*,*,#1130,.F.);
#1474=ORIENTED_EDGE('',*,*,#1131,.T.);
#1475=ORIENTED_EDGE('',*,*,#1132,.F.);
#1476=ORIENTED_EDGE('',*,*,#1133,.T.);
#1477=ORIENTED_EDGE('',*,*,#1134,.F.);
#1478=ORIENTED_EDGE('',*,*,#1118,.T.);
#1479=ORIENTED_EDGE('',*,*,#1135,.F.);
#1480=ORIENTED_EDGE('',*,*,#1133,.F.);
#1481=ORIENTED_EDGE('',*,*,#1136,.F.);
#1482=ORIENTED_EDGE('',*,*,#1137,.F.);
#1483=ORIENTED_EDGE('',*,*,#1138,.F.);
#1484=ORIENTED_EDGE('',*,*,#1139,.T.);
#1485=ORIENTED_EDGE('',*,*,#1140,.F.);
#1486=ORIENTED_EDGE('',*,*,#1141,.F.);
#1487=ORIENTED_EDGE('',*,*,#1142,.T.);
#1488=ORIENTED_EDGE('',*,*,#1143,.F.);
#1489=ORIENTED_EDGE('',*,*,#1111,.T.);
#1490=ORIENTED_EDGE('',*,*,#1108,.T.);
#1491=ORIENTED_EDGE('',*,*,#1144,.T.);
#1492=ORIENTED_EDGE('',*,*,#1145,.T.);
#1493=ORIENTED_EDGE('',*,*,#1146,.T.);
#1494=ORIENTED_EDGE('',*,*,#1147,.T.);
#1495=ORIENTED_EDGE('',*,*,#1148,.T.);
#1496=ORIENTED_EDGE('',*,*,#1145,.F.);
#1497=ORIENTED_EDGE('',*,*,#1149,.T.);
#1498=ORIENTED_EDGE('',*,*,#1150,.T.);
#1499=ORIENTED_EDGE('',*,*,#1151,.T.);
#1500=ORIENTED_EDGE('',*,*,#1147,.F.);
#1501=ORIENTED_EDGE('',*,*,#1152,.T.);
#1502=ORIENTED_EDGE('',*,*,#1153,.F.);
#1503=ORIENTED_EDGE('',*,*,#1154,.T.);
#1504=ORIENTED_EDGE('',*,*,#1150,.F.);
#1505=ORIENTED_EDGE('',*,*,#1155,.T.);
#1506=ORIENTED_EDGE('',*,*,#1156,.T.);
#1507=ORIENTED_EDGE('',*,*,#1157,.T.);
#1508=ORIENTED_EDGE('',*,*,#1158,.T.);
#1509=ORIENTED_EDGE('',*,*,#1152,.F.);
#1510=ORIENTED_EDGE('',*,*,#1159,.T.);
#1511=ORIENTED_EDGE('',*,*,#1160,.T.);
#1512=ORIENTED_EDGE('',*,*,#1161,.T.);
#1513=ORIENTED_EDGE('',*,*,#1162,.T.);
#1514=ORIENTED_EDGE('',*,*,#1125,.T.);
#1515=ORIENTED_EDGE('',*,*,#1163,.F.);
#1516=ORIENTED_EDGE('',*,*,#1159,.F.);
#1517=ORIENTED_EDGE('',*,*,#1149,.F.);
#1518=ORIENTED_EDGE('',*,*,#1164,.F.);
#1519=ORIENTED_EDGE('',*,*,#1165,.F.);
#1520=ORIENTED_EDGE('',*,*,#1166,.F.);
#1521=ORIENTED_EDGE('',*,*,#1167,.F.);
#1522=ORIENTED_EDGE('',*,*,#1168,.F.);
#1523=ORIENTED_EDGE('',*,*,#1169,.F.);
#1524=ORIENTED_EDGE('',*,*,#1170,.F.);
#1525=ORIENTED_EDGE('',*,*,#1171,.F.);
#1526=ORIENTED_EDGE('',*,*,#1172,.T.);
#1527=ORIENTED_EDGE('',*,*,#1173,.T.);
#1528=ORIENTED_EDGE('',*,*,#1174,.F.);
#1529=ORIENTED_EDGE('',*,*,#1161,.F.);
#1530=ORIENTED_EDGE('',*,*,#1175,.T.);
#1531=ORIENTED_EDGE('',*,*,#1176,.T.);
#1532=ORIENTED_EDGE('',*,*,#1164,.T.);
#1533=ORIENTED_EDGE('',*,*,#1144,.F.);
#1534=ORIENTED_EDGE('',*,*,#1177,.T.);
#1535=ORIENTED_EDGE('',*,*,#1178,.F.);
#1536=ORIENTED_EDGE('',*,*,#1179,.T.);
#1537=ORIENTED_EDGE('',*,*,#1180,.F.);
#1538=ORIENTED_EDGE('',*,*,#1167,.T.);
#1539=ORIENTED_EDGE('',*,*,#1181,.T.);
#1540=ORIENTED_EDGE('',*,*,#1182,.F.);
#1541=ORIENTED_EDGE('',*,*,#1183,.F.);
#1542=ORIENTED_EDGE('',*,*,#1184,.F.);
#1543=ORIENTED_EDGE('',*,*,#1185,.F.);
#1544=ORIENTED_EDGE('',*,*,#1184,.T.);
#1545=ORIENTED_EDGE('',*,*,#1186,.F.);
#1546=ORIENTED_EDGE('',*,*,#1187,.F.);
#1547=ORIENTED_EDGE('',*,*,#1188,.T.);
#1548=ORIENTED_EDGE('',*,*,#1186,.T.);
#1549=ORIENTED_EDGE('',*,*,#1183,.T.);
#1550=ORIENTED_EDGE('',*,*,#1189,.T.);
#1551=ORIENTED_EDGE('',*,*,#1190,.T.);
#1552=ORIENTED_EDGE('',*,*,#1191,.F.);
#1553=ORIENTED_EDGE('',*,*,#1192,.T.);
#1554=ORIENTED_EDGE('',*,*,#1193,.T.);
#1555=ORIENTED_EDGE('',*,*,#1194,.F.);
#1556=ORIENTED_EDGE('',*,*,#1195,.T.);
#1557=ORIENTED_EDGE('',*,*,#1196,.T.);
#1558=ORIENTED_EDGE('',*,*,#1197,.F.);
#1559=ORIENTED_EDGE('',*,*,#1194,.T.);
#1560=ORIENTED_EDGE('',*,*,#1198,.T.);
#1561=ORIENTED_EDGE('',*,*,#1199,.F.);
#1562=ORIENTED_EDGE('',*,*,#1200,.F.);
#1563=ORIENTED_EDGE('',*,*,#1196,.F.);
#1564=ORIENTED_EDGE('',*,*,#1201,.T.);
#1565=ORIENTED_EDGE('',*,*,#1202,.T.);
#1566=ORIENTED_EDGE('',*,*,#1203,.F.);
#1567=ORIENTED_EDGE('',*,*,#1204,.F.);
#1568=ORIENTED_EDGE('',*,*,#1205,.T.);
#1569=ORIENTED_EDGE('',*,*,#1121,.T.);
#1570=ORIENTED_EDGE('',*,*,#1206,.F.);
#1571=ORIENTED_EDGE('',*,*,#1202,.F.);
#1572=ORIENTED_EDGE('',*,*,#1207,.T.);
#1573=ORIENTED_EDGE('',*,*,#1208,.T.);
#1574=ORIENTED_EDGE('',*,*,#1209,.F.);
#1575=ORIENTED_EDGE('',*,*,#1123,.F.);
#1576=ORIENTED_EDGE('',*,*,#1210,.T.);
#1577=ORIENTED_EDGE('',*,*,#1156,.F.);
#1578=ORIENTED_EDGE('',*,*,#1211,.F.);
#1579=ORIENTED_EDGE('',*,*,#1208,.F.);
#1580=ORIENTED_EDGE('',*,*,#1107,.F.);
#1581=ORIENTED_EDGE('',*,*,#1212,.T.);
#1582=ORIENTED_EDGE('',*,*,#1213,.F.);
#1583=ORIENTED_EDGE('',*,*,#1177,.F.);
#1584=ORIENTED_EDGE('',*,*,#1106,.F.);
#1585=ORIENTED_EDGE('',*,*,#1214,.T.);
#1586=ORIENTED_EDGE('',*,*,#1215,.F.);
#1587=ORIENTED_EDGE('',*,*,#1212,.F.);
#1588=ORIENTED_EDGE('',*,*,#1114,.T.);
#1589=ORIENTED_EDGE('',*,*,#1216,.T.);
#1590=ORIENTED_EDGE('',*,*,#1217,.F.);
#1591=ORIENTED_EDGE('',*,*,#1218,.F.);
#1592=ORIENTED_EDGE('',*,*,#1112,.T.);
#1593=ORIENTED_EDGE('',*,*,#1143,.T.);
#1594=ORIENTED_EDGE('',*,*,#1142,.F.);
#1595=ORIENTED_EDGE('',*,*,#1219,.F.);
#1596=ORIENTED_EDGE('',*,*,#1220,.F.);
#1597=ORIENTED_EDGE('',*,*,#1221,.F.);
#1598=ORIENTED_EDGE('',*,*,#1222,.F.);
#1599=ORIENTED_EDGE('',*,*,#1223,.T.);
#1600=ORIENTED_EDGE('',*,*,#1189,.F.);
#1601=ORIENTED_EDGE('',*,*,#1182,.T.);
#1602=ORIENTED_EDGE('',*,*,#1185,.T.);
#1603=ORIENTED_EDGE('',*,*,#1188,.F.);
#1604=ORIENTED_EDGE('',*,*,#1113,.T.);
#1605=ORIENTED_EDGE('',*,*,#1220,.T.);
#1606=ORIENTED_EDGE('',*,*,#1224,.F.);
#1607=ORIENTED_EDGE('',*,*,#1216,.F.);
#1608=ORIENTED_EDGE('',*,*,#1105,.F.);
#1609=ORIENTED_EDGE('',*,*,#1119,.T.);
#1610=ORIENTED_EDGE('',*,*,#1115,.T.);
#1611=ORIENTED_EDGE('',*,*,#1218,.T.);
#1612=ORIENTED_EDGE('',*,*,#1225,.F.);
#1613=ORIENTED_EDGE('',*,*,#1214,.F.);
#1614=ORIENTED_EDGE('',*,*,#1226,.T.);
#1615=ORIENTED_EDGE('',*,*,#1136,.T.);
#1616=ORIENTED_EDGE('',*,*,#1132,.T.);
#1617=ORIENTED_EDGE('',*,*,#1227,.T.);
#1618=ORIENTED_EDGE('',*,*,#1228,.T.);
#1619=ORIENTED_EDGE('',*,*,#1229,.F.);
#1620=ORIENTED_EDGE('',*,*,#1230,.T.);
#1621=ORIENTED_EDGE('',*,*,#1231,.F.);
#1622=ORIENTED_EDGE('',*,*,#1232,.T.);
#1623=ORIENTED_EDGE('',*,*,#1233,.T.);
#1624=ORIENTED_EDGE('',*,*,#1234,.T.);
#1625=ORIENTED_EDGE('',*,*,#1235,.T.);
#1626=ORIENTED_EDGE('',*,*,#1236,.T.);
#1627=ORIENTED_EDGE('',*,*,#1237,.F.);
#1628=ORIENTED_EDGE('',*,*,#1238,.F.);
#1629=ORIENTED_EDGE('',*,*,#1239,.F.);
#1630=ORIENTED_EDGE('',*,*,#1240,.T.);
#1631=ORIENTED_EDGE('',*,*,#1236,.F.);
#1632=ORIENTED_EDGE('',*,*,#1241,.T.);
#1633=ORIENTED_EDGE('',*,*,#1234,.F.);
#1634=ORIENTED_EDGE('',*,*,#1233,.F.);
#1635=ORIENTED_EDGE('',*,*,#1232,.F.);
#1636=ORIENTED_EDGE('',*,*,#1231,.T.);
#1637=ORIENTED_EDGE('',*,*,#1230,.F.);
#1638=ORIENTED_EDGE('',*,*,#1242,.F.);
#1639=ORIENTED_EDGE('',*,*,#1140,.T.);
#1640=ORIENTED_EDGE('',*,*,#1243,.T.);
#1641=ORIENTED_EDGE('',*,*,#1244,.T.);
#1642=ORIENTED_EDGE('',*,*,#1245,.T.);
#1643=ORIENTED_EDGE('',*,*,#1246,.T.);
#1644=ORIENTED_EDGE('',*,*,#1247,.F.);
#1645=ORIENTED_EDGE('',*,*,#1248,.T.);
#1646=ORIENTED_EDGE('',*,*,#1249,.F.);
#1647=ORIENTED_EDGE('',*,*,#1250,.T.);
#1648=ORIENTED_EDGE('',*,*,#1251,.T.);
#1649=ORIENTED_EDGE('',*,*,#1252,.F.);
#1650=ORIENTED_EDGE('',*,*,#1253,.F.);
#1651=ORIENTED_EDGE('',*,*,#1254,.T.);
#1652=ORIENTED_EDGE('',*,*,#1255,.F.);
#1653=ORIENTED_EDGE('',*,*,#1256,.T.);
#1654=ORIENTED_EDGE('',*,*,#1257,.F.);
#1655=ORIENTED_EDGE('',*,*,#1258,.F.);
#1656=ORIENTED_EDGE('',*,*,#1237,.T.);
#1657=ORIENTED_EDGE('',*,*,#1240,.F.);
#1658=ORIENTED_EDGE('',*,*,#1259,.F.);
#1659=ORIENTED_EDGE('',*,*,#1260,.F.);
#1660=ORIENTED_EDGE('',*,*,#1261,.F.);
#1661=ORIENTED_EDGE('',*,*,#1262,.F.);
#1662=ORIENTED_EDGE('',*,*,#1263,.F.);
#1663=ORIENTED_EDGE('',*,*,#1264,.F.);
#1664=ORIENTED_EDGE('',*,*,#1265,.F.);
#1665=ORIENTED_EDGE('',*,*,#1266,.F.);
#1666=ORIENTED_EDGE('',*,*,#1267,.F.);
#1667=ORIENTED_EDGE('',*,*,#1268,.F.);
#1668=ORIENTED_EDGE('',*,*,#1269,.F.);
#1669=ORIENTED_EDGE('',*,*,#1270,.F.);
#1670=ORIENTED_EDGE('',*,*,#1271,.T.);
#1671=ORIENTED_EDGE('',*,*,#1239,.T.);
#1672=ORIENTED_EDGE('',*,*,#1272,.T.);
#1673=ORIENTED_EDGE('',*,*,#1273,.T.);
#1674=ORIENTED_EDGE('',*,*,#1274,.T.);
#1675=ORIENTED_EDGE('',*,*,#1275,.T.);
#1676=ORIENTED_EDGE('',*,*,#1276,.F.);
#1677=ORIENTED_EDGE('',*,*,#1277,.F.);
#1678=ORIENTED_EDGE('',*,*,#1272,.F.);
#1679=ORIENTED_EDGE('',*,*,#1238,.T.);
#1680=ORIENTED_EDGE('',*,*,#1258,.T.);
#1681=ORIENTED_EDGE('',*,*,#1278,.T.);
#1682=ORIENTED_EDGE('',*,*,#1279,.T.);
#1683=ORIENTED_EDGE('',*,*,#1280,.T.);
#1684=ORIENTED_EDGE('',*,*,#1276,.T.);
#1685=ORIENTED_EDGE('',*,*,#1281,.T.);
#1686=ORIENTED_EDGE('',*,*,#1273,.F.);
#1687=ORIENTED_EDGE('',*,*,#1138,.T.);
#1688=ORIENTED_EDGE('',*,*,#1282,.T.);
#1689=ORIENTED_EDGE('',*,*,#1283,.T.);
#1690=ORIENTED_EDGE('',*,*,#1284,.T.);
#1691=ORIENTED_EDGE('',*,*,#1285,.T.);
#1692=ORIENTED_EDGE('',*,*,#1286,.T.);
#1693=ORIENTED_EDGE('',*,*,#1278,.F.);
#1694=ORIENTED_EDGE('',*,*,#1262,.T.);
#1695=ORIENTED_EDGE('',*,*,#1287,.T.);
#1696=ORIENTED_EDGE('',*,*,#1288,.T.);
#1697=ORIENTED_EDGE('',*,*,#1289,.T.);
#1698=ORIENTED_EDGE('',*,*,#1285,.F.);
#1699=ORIENTED_EDGE('',*,*,#1290,.T.);
#1700=ORIENTED_EDGE('',*,*,#1284,.F.);
#1701=ORIENTED_EDGE('',*,*,#1291,.T.);
#1702=ORIENTED_EDGE('',*,*,#1292,.T.);
#1703=ORIENTED_EDGE('',*,*,#1293,.T.);
#1704=ORIENTED_EDGE('',*,*,#1294,.T.);
#1705=ORIENTED_EDGE('',*,*,#1267,.T.);
#1706=ORIENTED_EDGE('',*,*,#1295,.T.);
#1707=ORIENTED_EDGE('',*,*,#1296,.T.);
#1708=ORIENTED_EDGE('',*,*,#1255,.T.);
#1709=ORIENTED_EDGE('',*,*,#1297,.T.);
#1710=ORIENTED_EDGE('',*,*,#1277,.T.);
#1711=ORIENTED_EDGE('',*,*,#1280,.F.);
#1712=ORIENTED_EDGE('',*,*,#1298,.T.);
#1713=ORIENTED_EDGE('',*,*,#1299,.T.);
#1714=ORIENTED_EDGE('',*,*,#1295,.F.);
#1715=ORIENTED_EDGE('',*,*,#1300,.F.);
#1716=ORIENTED_EDGE('',*,*,#1301,.F.);
#1717=ORIENTED_EDGE('',*,*,#1302,.T.);
#1718=ORIENTED_EDGE('',*,*,#1279,.F.);
#1719=ORIENTED_EDGE('',*,*,#1303,.T.);
#1720=ORIENTED_EDGE('',*,*,#1298,.F.);
#1721=ORIENTED_EDGE('',*,*,#1265,.T.);
#1722=ORIENTED_EDGE('',*,*,#1304,.T.);
#1723=ORIENTED_EDGE('',*,*,#1287,.F.);
#1724=ORIENTED_EDGE('',*,*,#1305,.T.);
#1725=ORIENTED_EDGE('',*,*,#1288,.F.);
#1726=ORIENTED_EDGE('',*,*,#1304,.F.);
#1727=ORIENTED_EDGE('',*,*,#1286,.F.);
#1728=ORIENTED_EDGE('',*,*,#1289,.F.);
#1729=ORIENTED_EDGE('',*,*,#1305,.F.);
#1730=ORIENTED_EDGE('',*,*,#1294,.F.);
#1731=ORIENTED_EDGE('',*,*,#1306,.F.);
#1732=ORIENTED_EDGE('',*,*,#1291,.F.);
#1733=ORIENTED_EDGE('',*,*,#1283,.F.);
#1734=ORIENTED_EDGE('',*,*,#1302,.F.);
#1735=ORIENTED_EDGE('',*,*,#1307,.F.);
#1736=ORIENTED_EDGE('',*,*,#1308,.F.);
#1737=ORIENTED_EDGE('',*,*,#1256,.F.);
#1738=ORIENTED_EDGE('',*,*,#1296,.F.);
#1739=ORIENTED_EDGE('',*,*,#1299,.F.);
#1740=ORIENTED_EDGE('',*,*,#1303,.F.);
#1741=ORIENTED_EDGE('',*,*,#1263,.T.);
#1742=ORIENTED_EDGE('',*,*,#1309,.T.);
#1743=ORIENTED_EDGE('',*,*,#1307,.T.);
#1744=ORIENTED_EDGE('',*,*,#1301,.T.);
#1745=ORIENTED_EDGE('',*,*,#1310,.F.);
#1746=ORIENTED_EDGE('',*,*,#1252,.T.);
#1747=ORIENTED_EDGE('',*,*,#1311,.T.);
#1748=ORIENTED_EDGE('',*,*,#1257,.T.);
#1749=ORIENTED_EDGE('',*,*,#1308,.T.);
#1750=ORIENTED_EDGE('',*,*,#1309,.F.);
#1751=ORIENTED_EDGE('',*,*,#1290,.F.);
#1752=ORIENTED_EDGE('',*,*,#1261,.T.);
#1753=ORIENTED_EDGE('',*,*,#1312,.T.);
#1754=ORIENTED_EDGE('',*,*,#1313,.T.);
#1755=ORIENTED_EDGE('',*,*,#1243,.F.);
#1756=ORIENTED_EDGE('',*,*,#1139,.F.);
#1757=ORIENTED_EDGE('',*,*,#1249,.T.);
#1758=ORIENTED_EDGE('',*,*,#1314,.T.);
#1759=ORIENTED_EDGE('',*,*,#1268,.T.);
#1760=ORIENTED_EDGE('',*,*,#1314,.F.);
#1761=ORIENTED_EDGE('',*,*,#1315,.F.);
#1762=ORIENTED_EDGE('',*,*,#1316,.T.);
#1763=ORIENTED_EDGE('',*,*,#1244,.F.);
#1764=ORIENTED_EDGE('',*,*,#1313,.F.);
#1765=ORIENTED_EDGE('',*,*,#1317,.T.);
#1766=ORIENTED_EDGE('',*,*,#1318,.T.);
#1767=ORIENTED_EDGE('',*,*,#1315,.T.);
#1768=ORIENTED_EDGE('',*,*,#1312,.F.);
#1769=ORIENTED_EDGE('',*,*,#1260,.T.);
#1770=ORIENTED_EDGE('',*,*,#1318,.F.);
#1771=ORIENTED_EDGE('',*,*,#1319,.T.);
#1772=ORIENTED_EDGE('',*,*,#1245,.F.);
#1773=ORIENTED_EDGE('',*,*,#1316,.F.);
#1774=ORIENTED_EDGE('',*,*,#1250,.F.);
#1775=ORIENTED_EDGE('',*,*,#1320,.T.);
#1776=ORIENTED_EDGE('',*,*,#1264,.T.);
#1777=ORIENTED_EDGE('',*,*,#1320,.F.);
#1778=ORIENTED_EDGE('',*,*,#1248,.F.);
#1779=ORIENTED_EDGE('',*,*,#1321,.T.);
#1780=ORIENTED_EDGE('',*,*,#1270,.T.);
#1781=ORIENTED_EDGE('',*,*,#1321,.F.);
#1782=ORIENTED_EDGE('',*,*,#1246,.F.);
#1783=ORIENTED_EDGE('',*,*,#1319,.F.);
#1784=ORIENTED_EDGE('',*,*,#1317,.F.);
#1785=ORIENTED_EDGE('',*,*,#1259,.T.);
#1786=ORIENTED_EDGE('',*,*,#1269,.T.);
#1787=ORIENTED_EDGE('',*,*,#1322,.T.);
#1788=ORIENTED_EDGE('',*,*,#1292,.F.);
#1789=ORIENTED_EDGE('',*,*,#1306,.T.);
#1790=ORIENTED_EDGE('',*,*,#1293,.F.);
#1791=ORIENTED_EDGE('',*,*,#1322,.F.);
#1792=ORIENTED_EDGE('',*,*,#1247,.T.);
#1793=ORIENTED_EDGE('',*,*,#1323,.T.);
#1794=ORIENTED_EDGE('',*,*,#1266,.T.);
#1795=ORIENTED_EDGE('',*,*,#1323,.F.);
#1796=ORIENTED_EDGE('',*,*,#1324,.F.);
#1797=ORIENTED_EDGE('',*,*,#1325,.F.);
#1798=ORIENTED_EDGE('',*,*,#1326,.T.);
#1799=ORIENTED_EDGE('',*,*,#1327,.F.);
#1800=ORIENTED_EDGE('',*,*,#1228,.F.);
#1801=ORIENTED_EDGE('',*,*,#1241,.F.);
#1802=ORIENTED_EDGE('',*,*,#1235,.F.);
#1803=ORIENTED_EDGE('',*,*,#1271,.F.);
#1804=ORIENTED_EDGE('',*,*,#1328,.T.);
#1805=ORIENTED_EDGE('',*,*,#1253,.T.);
#1806=ORIENTED_EDGE('',*,*,#1310,.T.);
#1807=ORIENTED_EDGE('',*,*,#1300,.T.);
#1808=ORIENTED_EDGE('',*,*,#1282,.F.);
#1809=ORIENTED_EDGE('',*,*,#1137,.T.);
#1810=ORIENTED_EDGE('',*,*,#1226,.F.);
#1811=ORIENTED_EDGE('',*,*,#1329,.T.);
#1812=ORIENTED_EDGE('',*,*,#1330,.F.);
#1813=ORIENTED_EDGE('',*,*,#1163,.T.);
#1814=ORIENTED_EDGE('',*,*,#1124,.T.);
#1815=ORIENTED_EDGE('',*,*,#1209,.T.);
#1816=ORIENTED_EDGE('',*,*,#1211,.T.);
#1817=ORIENTED_EDGE('',*,*,#1331,.F.);
#1818=ORIENTED_EDGE('',*,*,#1332,.T.);
#1819=ORIENTED_EDGE('',*,*,#1333,.F.);
#1820=ORIENTED_EDGE('',*,*,#1334,.F.);
#1821=ORIENTED_EDGE('',*,*,#1335,.T.);
#1822=ORIENTED_EDGE('',*,*,#1179,.F.);
#1823=ORIENTED_EDGE('',*,*,#1336,.F.);
#1824=ORIENTED_EDGE('',*,*,#1131,.F.);
#1825=ORIENTED_EDGE('',*,*,#1337,.F.);
#1826=ORIENTED_EDGE('',*,*,#1338,.T.);
#1827=ORIENTED_EDGE('',*,*,#1339,.T.);
#1828=ORIENTED_EDGE('',*,*,#1332,.F.);
#1829=ORIENTED_EDGE('',*,*,#1340,.T.);
#1830=ORIENTED_EDGE('',*,*,#1168,.T.);
#1831=ORIENTED_EDGE('',*,*,#1180,.T.);
#1832=ORIENTED_EDGE('',*,*,#1341,.T.);
#1833=ORIENTED_EDGE('',*,*,#1162,.F.);
#1834=ORIENTED_EDGE('',*,*,#1174,.T.);
#1835=ORIENTED_EDGE('',*,*,#1342,.T.);
#1836=ORIENTED_EDGE('',*,*,#1171,.T.);
#1837=ORIENTED_EDGE('',*,*,#1341,.F.);
#1838=ORIENTED_EDGE('',*,*,#1335,.F.);
#1839=ORIENTED_EDGE('',*,*,#1343,.T.);
#1840=ORIENTED_EDGE('',*,*,#1344,.T.);
#1841=ORIENTED_EDGE('',*,*,#1345,.T.);
#1842=ORIENTED_EDGE('',*,*,#1126,.T.);
#1843=ORIENTED_EDGE('',*,*,#1334,.T.);
#1844=ORIENTED_EDGE('',*,*,#1346,.F.);
#1845=ORIENTED_EDGE('',*,*,#1347,.F.);
#1846=ORIENTED_EDGE('',*,*,#1348,.T.);
#1847=ORIENTED_EDGE('',*,*,#1129,.F.);
#1848=ORIENTED_EDGE('',*,*,#1349,.T.);
#1849=ORIENTED_EDGE('',*,*,#1350,.T.);
#1850=ORIENTED_EDGE('',*,*,#1351,.T.);
#1851=ORIENTED_EDGE('',*,*,#1343,.F.);
#1852=ORIENTED_EDGE('',*,*,#1352,.F.);
#1853=ORIENTED_EDGE('',*,*,#1353,.F.);
#1854=ORIENTED_EDGE('',*,*,#1354,.T.);
#1855=ORIENTED_EDGE('',*,*,#1355,.T.);
#1856=ORIENTED_EDGE('',*,*,#1356,.F.);
#1857=ORIENTED_EDGE('',*,*,#1127,.F.);
#1858=ORIENTED_EDGE('',*,*,#1345,.F.);
#1859=ORIENTED_EDGE('',*,*,#1357,.F.);
#1860=ORIENTED_EDGE('',*,*,#1358,.F.);
#1861=ORIENTED_EDGE('',*,*,#1349,.F.);
#1862=ORIENTED_EDGE('',*,*,#1128,.F.);
#1863=ORIENTED_EDGE('',*,*,#1356,.T.);
#1864=ORIENTED_EDGE('',*,*,#1359,.F.);
#1865=ORIENTED_EDGE('',*,*,#1348,.F.);
#1866=ORIENTED_EDGE('',*,*,#1360,.F.);
#1867=ORIENTED_EDGE('',*,*,#1337,.T.);
#1868=ORIENTED_EDGE('',*,*,#1130,.T.);
#1869=ORIENTED_EDGE('',*,*,#1338,.F.);
#1870=ORIENTED_EDGE('',*,*,#1360,.T.);
#1871=ORIENTED_EDGE('',*,*,#1347,.T.);
#1872=ORIENTED_EDGE('',*,*,#1361,.F.);
#1873=ORIENTED_EDGE('',*,*,#1362,.F.);
#1874=ORIENTED_EDGE('',*,*,#1363,.T.);
#1875=ORIENTED_EDGE('',*,*,#1354,.F.);
#1876=ORIENTED_EDGE('',*,*,#1363,.F.);
#1877=ORIENTED_EDGE('',*,*,#1364,.F.);
#1878=ORIENTED_EDGE('',*,*,#1365,.T.);
#1879=ORIENTED_EDGE('',*,*,#1355,.F.);
#1880=ORIENTED_EDGE('',*,*,#1365,.F.);
#1881=ORIENTED_EDGE('',*,*,#1339,.F.);
#1882=ORIENTED_EDGE('',*,*,#1361,.T.);
#1883=ORIENTED_EDGE('',*,*,#1346,.T.);
#1884=ORIENTED_EDGE('',*,*,#1333,.T.);
#1885=ORIENTED_EDGE('',*,*,#1366,.F.);
#1886=ORIENTED_EDGE('',*,*,#1364,.T.);
#1887=ORIENTED_EDGE('',*,*,#1366,.T.);
#1888=ORIENTED_EDGE('',*,*,#1367,.T.);
#1889=ORIENTED_EDGE('',*,*,#1165,.T.);
#1890=ORIENTED_EDGE('',*,*,#1181,.F.);
#1891=ORIENTED_EDGE('',*,*,#1166,.T.);
#1892=ORIENTED_EDGE('',*,*,#1367,.F.);
#1893=ORIENTED_EDGE('',*,*,#1368,.F.);
#1894=ORIENTED_EDGE('',*,*,#1362,.T.);
#1895=ORIENTED_EDGE('',*,*,#1368,.T.);
#1896=ORIENTED_EDGE('',*,*,#1369,.T.);
#1897=ORIENTED_EDGE('',*,*,#1169,.T.);
#1898=ORIENTED_EDGE('',*,*,#1340,.F.);
#1899=ORIENTED_EDGE('',*,*,#1170,.T.);
#1900=ORIENTED_EDGE('',*,*,#1369,.F.);
#1901=ORIENTED_EDGE('',*,*,#1370,.T.);
#1902=ORIENTED_EDGE('',*,*,#1371,.T.);
#1903=ORIENTED_EDGE('',*,*,#1352,.T.);
#1904=ORIENTED_EDGE('',*,*,#1371,.F.);
#1905=ORIENTED_EDGE('',*,*,#1372,.T.);
#1906=ORIENTED_EDGE('',*,*,#1373,.T.);
#1907=ORIENTED_EDGE('',*,*,#1353,.T.);
#1908=ORIENTED_EDGE('',*,*,#1373,.F.);
#1909=ORIENTED_EDGE('',*,*,#1374,.T.);
#1910=ORIENTED_EDGE('',*,*,#1372,.F.);
#1911=ORIENTED_EDGE('',*,*,#1374,.F.);
#1912=ORIENTED_EDGE('',*,*,#1375,.T.);
#1913=ORIENTED_EDGE('',*,*,#1175,.F.);
#1914=ORIENTED_EDGE('',*,*,#1160,.F.);
#1915=ORIENTED_EDGE('',*,*,#1176,.F.);
#1916=ORIENTED_EDGE('',*,*,#1375,.F.);
#1917=ORIENTED_EDGE('',*,*,#1376,.T.);
#1918=ORIENTED_EDGE('',*,*,#1370,.F.);
#1919=ORIENTED_EDGE('',*,*,#1376,.F.);
#1920=ORIENTED_EDGE('',*,*,#1377,.T.);
#1921=ORIENTED_EDGE('',*,*,#1172,.F.);
#1922=ORIENTED_EDGE('',*,*,#1342,.F.);
#1923=ORIENTED_EDGE('',*,*,#1173,.F.);
#1924=ORIENTED_EDGE('',*,*,#1377,.F.);
#1925=ORIENTED_EDGE('',*,*,#1359,.T.);
#1926=ORIENTED_EDGE('',*,*,#1358,.T.);
#1927=ORIENTED_EDGE('',*,*,#1378,.F.);
#1928=ORIENTED_EDGE('',*,*,#1350,.F.);
#1929=ORIENTED_EDGE('',*,*,#1378,.T.);
#1930=ORIENTED_EDGE('',*,*,#1357,.T.);
#1931=ORIENTED_EDGE('',*,*,#1344,.F.);
#1932=ORIENTED_EDGE('',*,*,#1351,.F.);
#1933=ORIENTED_EDGE('',*,*,#1379,.F.);
#1934=ORIENTED_EDGE('',*,*,#1324,.T.);
#1935=ORIENTED_EDGE('',*,*,#1274,.F.);
#1936=ORIENTED_EDGE('',*,*,#1281,.F.);
#1937=ORIENTED_EDGE('',*,*,#1275,.F.);
#1938=ORIENTED_EDGE('',*,*,#1297,.F.);
#1939=ORIENTED_EDGE('',*,*,#1254,.F.);
#1940=ORIENTED_EDGE('',*,*,#1311,.F.);
#1941=ORIENTED_EDGE('',*,*,#1251,.F.);
#1942=ORIENTED_EDGE('',*,*,#1328,.F.);
#1943=ORIENTED_EDGE('',*,*,#1380,.T.);
#1944=ORIENTED_EDGE('',*,*,#1325,.T.);
#1945=ORIENTED_EDGE('',*,*,#1379,.T.);
#1946=ORIENTED_EDGE('',*,*,#1330,.T.);
#1947=ORIENTED_EDGE('',*,*,#1381,.T.);
#1948=ORIENTED_EDGE('',*,*,#1326,.F.);
#1949=ORIENTED_EDGE('',*,*,#1380,.F.);
#1950=ORIENTED_EDGE('',*,*,#1329,.F.);
#1951=ORIENTED_EDGE('',*,*,#1382,.F.);
#1952=ORIENTED_EDGE('',*,*,#1199,.T.);
#1953=ORIENTED_EDGE('',*,*,#1383,.T.);
#1954=ORIENTED_EDGE('',*,*,#1384,.T.);
#1955=ORIENTED_EDGE('',*,*,#1384,.F.);
#1956=ORIENTED_EDGE('',*,*,#1385,.T.);
#1957=ORIENTED_EDGE('',*,*,#1386,.T.);
#1958=ORIENTED_EDGE('',*,*,#1387,.F.);
#1959=ORIENTED_EDGE('',*,*,#1388,.T.);
#1960=ORIENTED_EDGE('',*,*,#1389,.T.);
#1961=ORIENTED_EDGE('',*,*,#1192,.F.);
#1962=ORIENTED_EDGE('',*,*,#1390,.F.);
#1963=ORIENTED_EDGE('',*,*,#1190,.F.);
#1964=ORIENTED_EDGE('',*,*,#1223,.F.);
#1965=ORIENTED_EDGE('',*,*,#1391,.F.);
#1966=ORIENTED_EDGE('',*,*,#1102,.T.);
#1967=ORIENTED_EDGE('',*,*,#1109,.F.);
#1968=ORIENTED_EDGE('',*,*,#1146,.F.);
#1969=ORIENTED_EDGE('',*,*,#1148,.F.);
#1970=ORIENTED_EDGE('',*,*,#1151,.F.);
#1971=ORIENTED_EDGE('',*,*,#1154,.F.);
#1972=ORIENTED_EDGE('',*,*,#1392,.F.);
#1973=ORIENTED_EDGE('',*,*,#1393,.F.);
#1974=ORIENTED_EDGE('',*,*,#1394,.T.);
#1975=ORIENTED_EDGE('',*,*,#1395,.T.);
#1976=ORIENTED_EDGE('',*,*,#1396,.T.);
#1977=ORIENTED_EDGE('',*,*,#1397,.T.);
#1978=ORIENTED_EDGE('',*,*,#1398,.F.);
#1979=ORIENTED_EDGE('',*,*,#1399,.T.);
#1980=ORIENTED_EDGE('',*,*,#1397,.F.);
#1981=ORIENTED_EDGE('',*,*,#1399,.F.);
#1982=ORIENTED_EDGE('',*,*,#1400,.F.);
#1983=ORIENTED_EDGE('',*,*,#1401,.T.);
#1984=ORIENTED_EDGE('',*,*,#1402,.T.);
#1985=ORIENTED_EDGE('',*,*,#1401,.F.);
#1986=ORIENTED_EDGE('',*,*,#1402,.F.);
#1987=ORIENTED_EDGE('',*,*,#1398,.T.);
#1988=ORIENTED_EDGE('',*,*,#1403,.F.);
#1989=ORIENTED_EDGE('',*,*,#1404,.T.);
#1990=ORIENTED_EDGE('',*,*,#1396,.F.);
#1991=ORIENTED_EDGE('',*,*,#1404,.F.);
#1992=ORIENTED_EDGE('',*,*,#1405,.F.);
#1993=ORIENTED_EDGE('',*,*,#1406,.T.);
#1994=ORIENTED_EDGE('',*,*,#1407,.T.);
#1995=ORIENTED_EDGE('',*,*,#1406,.F.);
#1996=ORIENTED_EDGE('',*,*,#1407,.F.);
#1997=ORIENTED_EDGE('',*,*,#1403,.T.);
#1998=ORIENTED_EDGE('',*,*,#1408,.F.);
#1999=ORIENTED_EDGE('',*,*,#1409,.T.);
#2000=ORIENTED_EDGE('',*,*,#1395,.F.);
#2001=ORIENTED_EDGE('',*,*,#1409,.F.);
#2002=ORIENTED_EDGE('',*,*,#1410,.F.);
#2003=ORIENTED_EDGE('',*,*,#1411,.T.);
#2004=ORIENTED_EDGE('',*,*,#1412,.T.);
#2005=ORIENTED_EDGE('',*,*,#1411,.F.);
#2006=ORIENTED_EDGE('',*,*,#1412,.F.);
#2007=ORIENTED_EDGE('',*,*,#1408,.T.);
#2008=ORIENTED_EDGE('',*,*,#1413,.F.);
#2009=ORIENTED_EDGE('',*,*,#1414,.T.);
#2010=ORIENTED_EDGE('',*,*,#1394,.F.);
#2011=ORIENTED_EDGE('',*,*,#1414,.F.);
#2012=ORIENTED_EDGE('',*,*,#1415,.F.);
#2013=ORIENTED_EDGE('',*,*,#1416,.T.);
#2014=ORIENTED_EDGE('',*,*,#1417,.T.);
#2015=ORIENTED_EDGE('',*,*,#1416,.F.);
#2016=ORIENTED_EDGE('',*,*,#1417,.F.);
#2017=ORIENTED_EDGE('',*,*,#1413,.T.);
#2018=ORIENTED_EDGE('',*,*,#1418,.F.);
#2019=ORIENTED_EDGE('',*,*,#1419,.T.);
#2020=ORIENTED_EDGE('',*,*,#1203,.T.);
#2021=ORIENTED_EDGE('',*,*,#1206,.T.);
#2022=ORIENTED_EDGE('',*,*,#1120,.T.);
#2023=ORIENTED_EDGE('',*,*,#1336,.T.);
#2024=ORIENTED_EDGE('',*,*,#1331,.T.);
#2025=ORIENTED_EDGE('',*,*,#1178,.T.);
#2026=ORIENTED_EDGE('',*,*,#1213,.T.);
#2027=ORIENTED_EDGE('',*,*,#1215,.T.);
#2028=ORIENTED_EDGE('',*,*,#1225,.T.);
#2029=ORIENTED_EDGE('',*,*,#1217,.T.);
#2030=ORIENTED_EDGE('',*,*,#1224,.T.);
#2031=ORIENTED_EDGE('',*,*,#1219,.T.);
#2032=ORIENTED_EDGE('',*,*,#1141,.T.);
#2033=ORIENTED_EDGE('',*,*,#1242,.T.);
#2034=ORIENTED_EDGE('',*,*,#1229,.T.);
#2035=ORIENTED_EDGE('',*,*,#1327,.T.);
#2036=ORIENTED_EDGE('',*,*,#1420,.T.);
#2037=ORIENTED_EDGE('',*,*,#1221,.T.);
#2038=ORIENTED_EDGE('',*,*,#1187,.T.);
#2039=ORIENTED_EDGE('',*,*,#1390,.T.);
#2040=ORIENTED_EDGE('',*,*,#1191,.T.);
#2041=ORIENTED_EDGE('',*,*,#1197,.T.);
#2042=ORIENTED_EDGE('',*,*,#1200,.T.);
#2043=ORIENTED_EDGE('',*,*,#1382,.T.);
#2044=ORIENTED_EDGE('',*,*,#1387,.T.);
#2045=ORIENTED_EDGE('',*,*,#1421,.T.);
#2046=ORIENTED_EDGE('',*,*,#1400,.T.);
#2047=ORIENTED_EDGE('',*,*,#1405,.T.);
#2048=ORIENTED_EDGE('',*,*,#1410,.T.);
#2049=ORIENTED_EDGE('',*,*,#1415,.T.);
#2050=ORIENTED_EDGE('',*,*,#1422,.F.);
#2051=ORIENTED_EDGE('',*,*,#1421,.F.);
#2052=ORIENTED_EDGE('',*,*,#1386,.F.);
#2053=ORIENTED_EDGE('',*,*,#1423,.T.);
#2054=ORIENTED_EDGE('',*,*,#1424,.F.);
#2055=ORIENTED_EDGE('',*,*,#1425,.T.);
#2056=ORIENTED_EDGE('',*,*,#1204,.T.);
#2057=ORIENTED_EDGE('',*,*,#1419,.F.);
#2058=ORIENTED_EDGE('',*,*,#1426,.F.);
#2059=ORIENTED_EDGE('',*,*,#1423,.F.);
#2060=ORIENTED_EDGE('',*,*,#1385,.F.);
#2061=ORIENTED_EDGE('',*,*,#1383,.F.);
#2062=ORIENTED_EDGE('',*,*,#1198,.F.);
#2063=ORIENTED_EDGE('',*,*,#1195,.F.);
#2064=ORIENTED_EDGE('',*,*,#1193,.F.);
#2065=ORIENTED_EDGE('',*,*,#1389,.F.);
#2066=ORIENTED_EDGE('',*,*,#1427,.T.);
#2067=ORIENTED_EDGE('',*,*,#1428,.F.);
#2068=ORIENTED_EDGE('',*,*,#1429,.T.);
#2069=ORIENTED_EDGE('',*,*,#1157,.F.);
#2070=ORIENTED_EDGE('',*,*,#1210,.F.);
#2071=ORIENTED_EDGE('',*,*,#1207,.F.);
#2072=ORIENTED_EDGE('',*,*,#1122,.F.);
#2073=ORIENTED_EDGE('',*,*,#1205,.F.);
#2074=ORIENTED_EDGE('',*,*,#1201,.F.);
#2075=ORIENTED_EDGE('',*,*,#1425,.F.);
#2076=ORIENTED_EDGE('',*,*,#1430,.F.);
#2077=ORIENTED_EDGE('',*,*,#1427,.F.);
#2078=ORIENTED_EDGE('',*,*,#1388,.F.);
#2079=ORIENTED_EDGE('',*,*,#1431,.F.);
#2080=ORIENTED_EDGE('',*,*,#1432,.F.);
#2081=ORIENTED_EDGE('',*,*,#1155,.F.);
#2082=ORIENTED_EDGE('',*,*,#1158,.F.);
#2083=ORIENTED_EDGE('',*,*,#1429,.F.);
#2084=ORIENTED_EDGE('',*,*,#1103,.T.);
#2085=ORIENTED_EDGE('',*,*,#1393,.T.);
#2086=ORIENTED_EDGE('',*,*,#1433,.F.);
#2087=ORIENTED_EDGE('',*,*,#1431,.T.);
#2088=ORIENTED_EDGE('',*,*,#1391,.T.);
#2089=ORIENTED_EDGE('',*,*,#1222,.T.);
#2090=ORIENTED_EDGE('',*,*,#1420,.F.);
#2091=ORIENTED_EDGE('',*,*,#1381,.F.);
#2092=ORIENTED_EDGE('',*,*,#1227,.F.);
#2093=ORIENTED_EDGE('',*,*,#1134,.T.);
#2094=ORIENTED_EDGE('',*,*,#1135,.T.);
#2095=ORIENTED_EDGE('',*,*,#1117,.T.);
#2096=ORIENTED_EDGE('',*,*,#1418,.T.);
#2097=ORIENTED_EDGE('',*,*,#1422,.T.);
#2098=ORIENTED_EDGE('',*,*,#1426,.T.);
#2099=ORIENTED_EDGE('',*,*,#1430,.T.);
#2100=ORIENTED_EDGE('',*,*,#1433,.T.);
#2101=ORIENTED_EDGE('',*,*,#1392,.T.);
#2102=ORIENTED_EDGE('',*,*,#1153,.T.);
#2103=ORIENTED_EDGE('',*,*,#1432,.T.);
#2104=ORIENTED_EDGE('',*,*,#1428,.T.);
#2105=ORIENTED_EDGE('',*,*,#1424,.T.);
#2106=PLANE('',#2294);
#2107=PLANE('',#2299);
#2108=PLANE('',#2304);
#2109=PLANE('',#2307);
#2110=PLANE('',#2323);
#2111=PLANE('',#2340);
#2112=PLANE('',#2341);
#2113=PLANE('',#2342);
#2114=PLANE('',#2345);
#2115=PLANE('',#2346);
#2116=PLANE('',#2350);
#2117=PLANE('',#2351);
#2118=PLANE('',#2354);
#2119=PLANE('',#2356);
#2120=PLANE('',#2357);
#2121=PLANE('',#2358);
#2122=PLANE('',#2359);
#2123=PLANE('',#2360);
#2124=PLANE('',#2361);
#2125=PLANE('',#2371);
#2126=PLANE('',#2373);
#2127=PLANE('',#2376);
#2128=PLANE('',#2379);
#2129=PLANE('',#2382);
#2130=PLANE('',#2408);
#2131=PLANE('',#2417);
#2132=PLANE('',#2418);
#2133=PLANE('',#2423);
#2134=PLANE('',#2426);
#2135=PLANE('',#2429);
#2136=PLANE('',#2430);
#2137=PLANE('',#2431);
#2138=PLANE('',#2438);
#2139=PLANE('',#2445);
#2140=PLANE('',#2447);
#2141=PLANE('',#2448);
#2142=PLANE('',#2454);
#2143=PLANE('',#2455);
#2144=PLANE('',#2458);
#2145=PLANE('',#2465);
#2146=PLANE('',#2468);
#2147=PLANE('',#2472);
#2148=PLANE('',#2473);
#2149=PLANE('',#2475);
#2150=PLANE('',#2479);
#2151=PLANE('',#2481);
#2152=PLANE('',#2491);
#2153=PLANE('',#2497);
#2154=PLANE('',#2503);
#2155=PLANE('',#2509);
#2156=PLANE('',#2510);
#2157=PLANE('',#2517);
#2158=PLANE('',#2519);
#2159=PLANE('',#2525);
#2160=ADVANCED_FACE('',(#114),#2106,.F.);
#2161=ADVANCED_FACE('',(#115),#110,.F.);
#2162=ADVANCED_FACE('',(#116),#2107,.T.);
#2163=ADVANCED_FACE('',(#117),#59,.T.);
#2164=ADVANCED_FACE('',(#118),#60,.T.);
#2165=ADVANCED_FACE('',(#119),#2108,.T.);
#2166=ADVANCED_FACE('',(#120),#54,.T.);
#2167=ADVANCED_FACE('',(#121),#2109,.T.);
#2168=ADVANCED_FACE('',(#122),#111,.F.);
#2169=ADVANCED_FACE('',(#123),#61,.T.);
#2170=ADVANCED_FACE('',(#124),#112,.F.);
#2171=ADVANCED_FACE('',(#125),#113,.F.);
#2172=ADVANCED_FACE('',(#126),#62,.T.);
#2173=ADVANCED_FACE('',(#127),#2110,.T.);
#2174=ADVANCED_FACE('',(#128),#63,.T.);
#2175=ADVANCED_FACE('',(#129),#64,.T.);
#2176=ADVANCED_FACE('',(#130),#2111,.T.);
#2177=ADVANCED_FACE('',(#131),#2112,.T.);
#2178=ADVANCED_FACE('',(#132),#2113,.F.);
#2179=ADVANCED_FACE('',(#133),#43,.T.);
#2180=ADVANCED_FACE('',(#134),#2114,.T.);
#2181=ADVANCED_FACE('',(#135),#2115,.F.);
#2182=ADVANCED_FACE('',(#136),#44,.T.);
#2183=ADVANCED_FACE('',(#137),#65,.T.);
#2184=ADVANCED_FACE('',(#138),#2116,.T.);
#2185=ADVANCED_FACE('',(#139),#2117,.T.);
#2186=ADVANCED_FACE('',(#140),#66,.T.);
#2187=ADVANCED_FACE('',(#141),#45,.T.);
#2188=ADVANCED_FACE('',(#142),#46,.T.);
#2189=ADVANCED_FACE('',(#143),#2118,.T.);
#2190=ADVANCED_FACE('',(#144),#2119,.F.);
#2191=ADVANCED_FACE('',(#145),#2120,.F.);
#2192=ADVANCED_FACE('',(#146),#2121,.F.);
#2193=ADVANCED_FACE('',(#147),#2122,.F.);
#2194=ADVANCED_FACE('',(#148),#2123,.F.);
#2195=ADVANCED_FACE('',(#149,#15,#16,#17,#18),#2124,.F.);
#2196=ADVANCED_FACE('',(#150),#67,.F.);
#2197=ADVANCED_FACE('',(#151),#68,.F.);
#2198=ADVANCED_FACE('',(#152),#2125,.T.);
#2199=ADVANCED_FACE('',(#153,#19),#2126,.T.);
#2200=ADVANCED_FACE('',(#154,#20),#2127,.T.);
#2201=ADVANCED_FACE('',(#155,#21),#2128,.T.);
#2202=ADVANCED_FACE('',(#156,#22),#2129,.T.);
#2203=ADVANCED_FACE('',(#157),#47,.F.);
#2204=ADVANCED_FACE('',(#158),#69,.F.);
#2205=ADVANCED_FACE('',(#159),#55,.T.);
#2206=ADVANCED_FACE('',(#160),#70,.T.);
#2207=ADVANCED_FACE('',(#161),#71,.T.);
#2208=ADVANCED_FACE('',(#162),#56,.T.);
#2209=ADVANCED_FACE('',(#163),#72,.F.);
#2210=ADVANCED_FACE('',(#164),#73,.F.);
#2211=ADVANCED_FACE('',(#165),#74,.F.);
#2212=ADVANCED_FACE('',(#166),#75,.F.);
#2213=ADVANCED_FACE('',(#167),#2130,.T.);
#2214=ADVANCED_FACE('',(#168),#76,.F.);
#2215=ADVANCED_FACE('',(#169),#77,.T.);
#2216=ADVANCED_FACE('',(#170),#78,.F.);
#2217=ADVANCED_FACE('',(#171),#2131,.F.);
#2218=ADVANCED_FACE('',(#172),#2132,.F.);
#2219=ADVANCED_FACE('',(#173),#79,.F.);
#2220=ADVANCED_FACE('',(#174),#80,.F.);
#2221=ADVANCED_FACE('',(#175),#81,.F.);
#2222=ADVANCED_FACE('',(#176),#2133,.F.);
#2223=ADVANCED_FACE('',(#177),#82,.F.);
#2224=ADVANCED_FACE('',(#178),#83,.F.);
#2225=ADVANCED_FACE('',(#179),#2134,.T.);
#2226=ADVANCED_FACE('',(#180),#57,.T.);
#2227=ADVANCED_FACE('',(#181),#2135,.F.);
#2228=ADVANCED_FACE('',(#182),#2136,.T.);
#2229=ADVANCED_FACE('',(#183),#2137,.T.);
#2230=ADVANCED_FACE('',(#184),#58,.T.);
#2231=ADVANCED_FACE('',(#185),#84,.T.);
#2232=ADVANCED_FACE('',(#186,#23,#24,#25,#26),#2138,.F.);
#2233=ADVANCED_FACE('',(#187),#2139,.F.);
#2234=ADVANCED_FACE('',(#188),#2140,.F.);
#2235=ADVANCED_FACE('',(#189),#2141,.F.);
#2236=ADVANCED_FACE('',(#190),#85,.F.);
#2237=ADVANCED_FACE('',(#191),#86,.F.);
#2238=ADVANCED_FACE('',(#192),#87,.F.);
#2239=ADVANCED_FACE('',(#193),#2142,.F.);
#2240=ADVANCED_FACE('',(#194,#27),#2143,.T.);
#2241=ADVANCED_FACE('',(#195),#88,.F.);
#2242=ADVANCED_FACE('',(#196,#28),#2144,.T.);
#2243=ADVANCED_FACE('',(#197),#89,.F.);
#2244=ADVANCED_FACE('',(#198),#90,.F.);
#2245=ADVANCED_FACE('',(#199),#91,.F.);
#2246=ADVANCED_FACE('',(#200,#29),#2145,.T.);
#2247=ADVANCED_FACE('',(#201),#92,.F.);
#2248=ADVANCED_FACE('',(#202,#30),#2146,.T.);
#2249=ADVANCED_FACE('',(#203),#93,.F.);
#2250=ADVANCED_FACE('',(#204),#94,.F.);
#2251=ADVANCED_FACE('',(#205),#2147,.F.);
#2252=ADVANCED_FACE('',(#206),#2148,.F.);
#2253=ADVANCED_FACE('',(#207),#95,.T.);
#2254=ADVANCED_FACE('',(#208),#2149,.F.);
#2255=ADVANCED_FACE('',(#209),#96,.T.);
#2256=ADVANCED_FACE('',(#210),#48,.T.);
#2257=ADVANCED_FACE('',(#211),#2150,.T.);
#2258=ADVANCED_FACE('',(#212,#31,#32,#33,#34),#2151,.F.);
#2259=ADVANCED_FACE('',(#213),#97,.F.);
#2260=ADVANCED_FACE('',(#214),#98,.F.);
#2261=ADVANCED_FACE('',(#215,#35),#2152,.F.);
#2262=ADVANCED_FACE('',(#216),#99,.F.);
#2263=ADVANCED_FACE('',(#217),#100,.F.);
#2264=ADVANCED_FACE('',(#218,#36),#2153,.F.);
#2265=ADVANCED_FACE('',(#219),#101,.F.);
#2266=ADVANCED_FACE('',(#220),#102,.F.);
#2267=ADVANCED_FACE('',(#221,#37),#2154,.F.);
#2268=ADVANCED_FACE('',(#222),#103,.F.);
#2269=ADVANCED_FACE('',(#223),#104,.F.);
#2270=ADVANCED_FACE('',(#224,#38),#2155,.F.);
#2271=ADVANCED_FACE('',(#225,#39,#40,#41,#42),#2156,.F.);
#2272=ADVANCED_FACE('',(#226),#105,.T.);
#2273=ADVANCED_FACE('',(#227),#106,.T.);
#2274=ADVANCED_FACE('',(#228),#2157,.T.);
#2275=ADVANCED_FACE('',(#229),#2158,.T.);
#2276=ADVANCED_FACE('',(#230),#107,.T.);
#2277=ADVANCED_FACE('',(#231),#108,.T.);
#2278=ADVANCED_FACE('',(#232),#109,.T.);
#2279=ADVANCED_FACE('',(#233),#2159,.T.);
#2280=CLOSED_SHELL('',(#2160,#2161,#2162,#2163,#2164,#2165,#2166,#2167,
#2168,#2169,#2170,#2171,#2172,#2173,#2174,#2175,#2176,#2177,#2178,#2179,
#2180,#2181,#2182,#2183,#2184,#2185,#2186,#2187,#2188,#2189,#2190,#2191,
#2192,#2193,#2194,#2195,#2196,#2197,#2198,#2199,#2200,#2201,#2202,#2203,
#2204,#2205,#2206,#2207,#2208,#2209,#2210,#2211,#2212,#2213,#2214,#2215,
#2216,#2217,#2218,#2219,#2220,#2221,#2222,#2223,#2224,#2225,#2226,#2227,
#2228,#2229,#2230,#2231,#2232,#2233,#2234,#2235,#2236,#2237,#2238,#2239,
#2240,#2241,#2242,#2243,#2244,#2245,#2246,#2247,#2248,#2249,#2250,#2251,
#2252,#2253,#2254,#2255,#2256,#2257,#2258,#2259,#2260,#2261,#2262,#2263,
#2264,#2265,#2266,#2267,#2268,#2269,#2270,#2271,#2272,#2273,#2274,#2275,
#2276,#2277,#2278,#2279));
#2281=DERIVED_UNIT_ELEMENT(#2283,1.);
#2282=DERIVED_UNIT_ELEMENT(#4553,-3.);
#2283=(
MASS_UNIT()
NAMED_UNIT(*)
SI_UNIT(.KILO.,.GRAM.)
);
#2284=DERIVED_UNIT((#2281,#2282));
#2285=MEASURE_REPRESENTATION_ITEM('density measure',
POSITIVE_RATIO_MEASURE(7850.),#2284);
#2286=PROPERTY_DEFINITION_REPRESENTATION(#2291,#2288);
#2287=PROPERTY_DEFINITION_REPRESENTATION(#2292,#2289);
#2288=REPRESENTATION('material name',(#2290),#4550);
#2289=REPRESENTATION('density',(#2285),#4550);
#2290=DESCRIPTIVE_REPRESENTATION_ITEM('\X2\94A2\X0\','\X2\94A2\X0\');
#2291=PROPERTY_DEFINITION('material property','material name',#4560);
#2292=PROPERTY_DEFINITION('material property','density of part',#4560);
#2293=AXIS2_PLACEMENT_3D('',#3155,#2526,#2527);
#2294=AXIS2_PLACEMENT_3D('',#3156,#2528,#2529);
#2295=AXIS2_PLACEMENT_3D('',#3183,#2534,#2535);
#2296=AXIS2_PLACEMENT_3D('',#3229,#2536,#2537);
#2297=AXIS2_PLACEMENT_3D('',#3231,#2538,#2539);
#2298=AXIS2_PLACEMENT_3D('',#3232,#2540,#2541);
#2299=AXIS2_PLACEMENT_3D('',#3233,#2542,#2543);
#2300=AXIS2_PLACEMENT_3D('',#3235,#2544,#2545);
#2301=AXIS2_PLACEMENT_3D('',#3260,#2549,#2550);
#2302=AXIS2_PLACEMENT_3D('',#3261,#2551,#2552);
#2303=AXIS2_PLACEMENT_3D('',#3268,#2554,#2555);
#2304=AXIS2_PLACEMENT_3D('',#3270,#2557,#2558);
#2305=AXIS2_PLACEMENT_3D('',#3295,#2571,#2572);
#2306=AXIS2_PLACEMENT_3D('',#3303,#2573,#2574);
#2307=AXIS2_PLACEMENT_3D('',#3314,#2575,#2576);
#2308=AXIS2_PLACEMENT_3D('',#3315,#2577,#2578);
#2309=AXIS2_PLACEMENT_3D('',#3319,#2580,#2581);
#2310=AXIS2_PLACEMENT_3D('',#3344,#2587,#2588);
#2311=AXIS2_PLACEMENT_3D('',#3346,#2589,#2590);
#2312=AXIS2_PLACEMENT_3D('',#3347,#2591,#2592);
#2313=AXIS2_PLACEMENT_3D('',#3348,#2593,#2594);
#2314=AXIS2_PLACEMENT_3D('',#3351,#2595,#2596);
#2315=AXIS2_PLACEMENT_3D('',#3365,#2599,#2600);
#2316=AXIS2_PLACEMENT_3D('',#3366,#2601,#2602);
#2317=AXIS2_PLACEMENT_3D('',#3367,#2603,#2604);
#2318=AXIS2_PLACEMENT_3D('',#3399,#2605,#2606);
#2319=AXIS2_PLACEMENT_3D('',#3408,#2607,#2608);
#2320=AXIS2_PLACEMENT_3D('',#3413,#2610,#2611);
#2321=AXIS2_PLACEMENT_3D('',#3430,#2615,#2616);
#2322=AXIS2_PLACEMENT_3D('',#3431,#2617,#2618);
#2323=AXIS2_PLACEMENT_3D('',#3432,#2619,#2620);
#2324=AXIS2_PLACEMENT_3D('',#3436,#2622,#2623);
#2325=AXIS2_PLACEMENT_3D('',#3438,#2624,#2625);
#2326=AXIS2_PLACEMENT_3D('',#3442,#2627,#2628);
#2327=AXIS2_PLACEMENT_3D('',#3444,#2629,#2630);
#2328=AXIS2_PLACEMENT_3D('',#3446,#2631,#2632);
#2329=AXIS2_PLACEMENT_3D('',#3448,#2633,#2634);
#2330=AXIS2_PLACEMENT_3D('',#3450,#2635,#2636);
#2331=AXIS2_PLACEMENT_3D('',#3452,#2637,#2638);
#2332=AXIS2_PLACEMENT_3D('',#3453,#2639,#2640);
#2333=AXIS2_PLACEMENT_3D('',#3455,#2641,#2642);
#2334=AXIS2_PLACEMENT_3D('',#3456,#2643,#2644);
#2335=AXIS2_PLACEMENT_3D('',#3457,#2645,#2646);
#2336=AXIS2_PLACEMENT_3D('',#3461,#2648,#2649);
#2337=AXIS2_PLACEMENT_3D('',#3515,#2651,#2652);
#2338=AXIS2_PLACEMENT_3D('',#3518,#2653,#2654);
#2339=AXIS2_PLACEMENT_3D('',#3521,#2656,#2657);
#2340=AXIS2_PLACEMENT_3D('',#3522,#2658,#2659);
#2341=AXIS2_PLACEMENT_3D('',#3526,#2662,#2663);
#2342=AXIS2_PLACEMENT_3D('',#3534,#2668,#2669);
#2343=AXIS2_PLACEMENT_3D('',#3568,#2674,#2675);
#2344=AXIS2_PLACEMENT_3D('',#3571,#2677,#2678);
#2345=AXIS2_PLACEMENT_3D('',#3572,#2679,#2680);
#2346=AXIS2_PLACEMENT_3D('',#3578,#2684,#2685);
#2347=AXIS2_PLACEMENT_3D('',#3629,#2690,#2691);
#2348=AXIS2_PLACEMENT_3D('',#3631,#2692,#2693);
#2349=AXIS2_PLACEMENT_3D('',#3634,#2695,#2696);
#2350=AXIS2_PLACEMENT_3D('',#3635,#2697,#2698);
#2351=AXIS2_PLACEMENT_3D('',#3638,#2701,#2702);
#2352=AXIS2_PLACEMENT_3D('',#3642,#2705,#2706);
#2353=AXIS2_PLACEMENT_3D('',#3645,#2708,#2709);
#2354=AXIS2_PLACEMENT_3D('',#3714,#2713,#2714);
#2355=AXIS2_PLACEMENT_3D('',#3718,#2716,#2717);
#2356=AXIS2_PLACEMENT_3D('',#3720,#2719,#2720);
#2357=AXIS2_PLACEMENT_3D('',#3722,#2722,#2723);
#2358=AXIS2_PLACEMENT_3D('',#3724,#2725,#2726);
#2359=AXIS2_PLACEMENT_3D('',#3735,#2728,#2729);
#2360=AXIS2_PLACEMENT_3D('',#3769,#2734,#2735);
#2361=AXIS2_PLACEMENT_3D('',#3792,#2739,#2740);
#2362=AXIS2_PLACEMENT_3D('',#3798,#2744,#2745);
#2363=AXIS2_PLACEMENT_3D('',#3802,#2747,#2748);
#2364=AXIS2_PLACEMENT_3D('',#3805,#2750,#2751);
#2365=AXIS2_PLACEMENT_3D('',#3807,#2752,#2753);
#2366=AXIS2_PLACEMENT_3D('',#3809,#2754,#2755);
#2367=AXIS2_PLACEMENT_3D('',#3811,#2756,#2757);
#2368=AXIS2_PLACEMENT_3D('',#3812,#2758,#2759);
#2369=AXIS2_PLACEMENT_3D('',#3833,#2761,#2762);
#2370=AXIS2_PLACEMENT_3D('',#3834,#2763,#2764);
#2371=AXIS2_PLACEMENT_3D('',#3873,#2767,#2768);
#2372=AXIS2_PLACEMENT_3D('',#3875,#2769,#2770);
#2373=AXIS2_PLACEMENT_3D('',#3883,#2775,#2776);
#2374=AXIS2_PLACEMENT_3D('',#3885,#2777,#2778);
#2375=AXIS2_PLACEMENT_3D('',#3887,#2779,#2780);
#2376=AXIS2_PLACEMENT_3D('',#3888,#2781,#2782);
#2377=AXIS2_PLACEMENT_3D('',#3890,#2783,#2784);
#2378=AXIS2_PLACEMENT_3D('',#3892,#2785,#2786);
#2379=AXIS2_PLACEMENT_3D('',#3893,#2787,#2788);
#2380=AXIS2_PLACEMENT_3D('',#3895,#2789,#2790);
#2381=AXIS2_PLACEMENT_3D('',#3897,#2791,#2792);
#2382=AXIS2_PLACEMENT_3D('',#3898,#2793,#2794);
#2383=AXIS2_PLACEMENT_3D('',#3900,#2795,#2796);
#2384=AXIS2_PLACEMENT_3D('',#3902,#2797,#2798);
#2385=AXIS2_PLACEMENT_3D('',#3942,#2799,#2800);
#2386=AXIS2_PLACEMENT_3D('',#3947,#2802,#2803);
#2387=AXIS2_PLACEMENT_3D('',#3964,#2804,#2805);
#2388=AXIS2_PLACEMENT_3D('',#3966,#2806,#2807);
#2389=AXIS2_PLACEMENT_3D('',#3968,#2808,#2809);
#2390=AXIS2_PLACEMENT_3D('',#4002,#2810,#2811);
#2391=AXIS2_PLACEMENT_3D('',#4004,#2812,#2813);
#2392=AXIS2_PLACEMENT_3D('',#4047,#2815,#2816);
#2393=AXIS2_PLACEMENT_3D('',#4049,#2817,#2818);
#2394=AXIS2_PLACEMENT_3D('',#4051,#2820,#2821);
#2395=AXIS2_PLACEMENT_3D('',#4086,#2822,#2823);
#2396=AXIS2_PLACEMENT_3D('',#4087,#2824,#2825);
#2397=AXIS2_PLACEMENT_3D('',#4089,#2826,#2827);
#2398=AXIS2_PLACEMENT_3D('',#4123,#2828,#2829);
#2399=AXIS2_PLACEMENT_3D('',#4124,#2830,#2831);
#2400=AXIS2_PLACEMENT_3D('',#4127,#2833,#2834);
#2401=AXIS2_PLACEMENT_3D('',#4128,#2835,#2836);
#2402=AXIS2_PLACEMENT_3D('',#4138,#2837,#2838);
#2403=AXIS2_PLACEMENT_3D('',#4139,#2839,#2840);
#2404=AXIS2_PLACEMENT_3D('',#4141,#2841,#2842);
#2405=AXIS2_PLACEMENT_3D('',#4152,#2844,#2845);
#2406=AXIS2_PLACEMENT_3D('',#4154,#2847,#2848);
#2407=AXIS2_PLACEMENT_3D('',#4156,#2850,#2851);
#2408=AXIS2_PLACEMENT_3D('',#4157,#2852,#2853);
#2409=AXIS2_PLACEMENT_3D('',#4158,#2854,#2855);
#2410=AXIS2_PLACEMENT_3D('',#4160,#2856,#2857);
#2411=AXIS2_PLACEMENT_3D('',#4161,#2858,#2859);
#2412=AXIS2_PLACEMENT_3D('',#4162,#2860,#2861);
#2413=AXIS2_PLACEMENT_3D('',#4183,#2863,#2864);
#2414=AXIS2_PLACEMENT_3D('',#4184,#2865,#2866);
#2415=AXIS2_PLACEMENT_3D('',#4186,#2867,#2868);
#2416=AXIS2_PLACEMENT_3D('',#4188,#2870,#2871);
#2417=AXIS2_PLACEMENT_3D('',#4190,#2873,#2874);
#2418=AXIS2_PLACEMENT_3D('',#4194,#2877,#2878);
#2419=AXIS2_PLACEMENT_3D('',#4197,#2880,#2881);
#2420=AXIS2_PLACEMENT_3D('',#4198,#2882,#2883);
#2421=AXIS2_PLACEMENT_3D('',#4200,#2885,#2886);
#2422=AXIS2_PLACEMENT_3D('',#4202,#2888,#2889);
#2423=AXIS2_PLACEMENT_3D('',#4204,#2891,#2892);
#2424=AXIS2_PLACEMENT_3D('',#4205,#2893,#2894);
#2425=AXIS2_PLACEMENT_3D('',#4207,#2896,#2897);
#2426=AXIS2_PLACEMENT_3D('',#4209,#2899,#2900);
#2427=AXIS2_PLACEMENT_3D('',#4213,#2902,#2903);
#2428=AXIS2_PLACEMENT_3D('',#4217,#2906,#2907);
#2429=AXIS2_PLACEMENT_3D('',#4242,#2908,#2909);
#2430=AXIS2_PLACEMENT_3D('',#4243,#2910,#2911);
#2431=AXIS2_PLACEMENT_3D('',#4253,#2917,#2918);
#2432=AXIS2_PLACEMENT_3D('',#4258,#2921,#2922);
#2433=AXIS2_PLACEMENT_3D('',#4260,#2924,#2925);
#2434=AXIS2_PLACEMENT_3D('',#4285,#2926,#2927);
#2435=AXIS2_PLACEMENT_3D('',#4310,#2928,#2929);
#2436=AXIS2_PLACEMENT_3D('',#4312,#2930,#2931);
#2437=AXIS2_PLACEMENT_3D('',#4315,#2933,#2934);
#2438=AXIS2_PLACEMENT_3D('',#4316,#2935,#2936);
#2439=AXIS2_PLACEMENT_3D('',#4320,#2938,#2939);
#2440=AXIS2_PLACEMENT_3D('',#4325,#2942,#2943);
#2441=AXIS2_PLACEMENT_3D('',#4328,#2945,#2946);
#2442=AXIS2_PLACEMENT_3D('',#4330,#2947,#2948);
#2443=AXIS2_PLACEMENT_3D('',#4332,#2949,#2950);
#2444=AXIS2_PLACEMENT_3D('',#4334,#2951,#2952);
#2445=AXIS2_PLACEMENT_3D('',#4335,#2953,#2954);
#2446=AXIS2_PLACEMENT_3D('',#4340,#2957,#2958);
#2447=AXIS2_PLACEMENT_3D('',#4341,#2959,#2960);
#2448=AXIS2_PLACEMENT_3D('',#4343,#2962,#2963);
#2449=AXIS2_PLACEMENT_3D('',#4345,#2965,#2966);
#2450=AXIS2_PLACEMENT_3D('',#4347,#2968,#2969);
#2451=AXIS2_PLACEMENT_3D('',#4349,#2970,#2971);
#2452=AXIS2_PLACEMENT_3D('',#4351,#2973,#2974);
#2453=AXIS2_PLACEMENT_3D('',#4353,#2975,#2976);
#2454=AXIS2_PLACEMENT_3D('',#4355,#2978,#2979);
#2455=AXIS2_PLACEMENT_3D('',#4356,#2980,#2981);
#2456=AXIS2_PLACEMENT_3D('',#4358,#2982,#2983);
#2457=AXIS2_PLACEMENT_3D('',#4359,#2984,#2985);
#2458=AXIS2_PLACEMENT_3D('',#4361,#2987,#2988);
#2459=AXIS2_PLACEMENT_3D('',#4363,#2989,#2990);
#2460=AXIS2_PLACEMENT_3D('',#4364,#2991,#2992);
#2461=AXIS2_PLACEMENT_3D('',#4366,#2994,#2995);
#2462=AXIS2_PLACEMENT_3D('',#4368,#2996,#2997);
#2463=AXIS2_PLACEMENT_3D('',#4370,#2999,#3000);
#2464=AXIS2_PLACEMENT_3D('',#4372,#3001,#3002);
#2465=AXIS2_PLACEMENT_3D('',#4374,#3004,#3005);
#2466=AXIS2_PLACEMENT_3D('',#4376,#3006,#3007);
#2467=AXIS2_PLACEMENT_3D('',#4377,#3008,#3009);
#2468=AXIS2_PLACEMENT_3D('',#4379,#3011,#3012);
#2469=AXIS2_PLACEMENT_3D('',#4381,#3013,#3014);
#2470=AXIS2_PLACEMENT_3D('',#4382,#3015,#3016);
#2471=AXIS2_PLACEMENT_3D('',#4384,#3018,#3019);
#2472=AXIS2_PLACEMENT_3D('',#4386,#3021,#3022);
#2473=AXIS2_PLACEMENT_3D('',#4387,#3023,#3024);
#2474=AXIS2_PLACEMENT_3D('',#4389,#3026,#3027);
#2475=AXIS2_PLACEMENT_3D('',#4391,#3029,#3030);
#2476=AXIS2_PLACEMENT_3D('',#4393,#3032,#3033);
#2477=AXIS2_PLACEMENT_3D('',#4395,#3034,#3035);
#2478=AXIS2_PLACEMENT_3D('',#4397,#3036,#3037);
#2479=AXIS2_PLACEMENT_3D('',#4450,#3040,#3041);
#2480=AXIS2_PLACEMENT_3D('',#4456,#3045,#3046);
#2481=AXIS2_PLACEMENT_3D('',#4457,#3047,#3048);
#2482=AXIS2_PLACEMENT_3D('',#4462,#3051,#3052);
#2483=AXIS2_PLACEMENT_3D('',#4464,#3053,#3054);
#2484=AXIS2_PLACEMENT_3D('',#4466,#3055,#3056);
#2485=AXIS2_PLACEMENT_3D('',#4468,#3057,#3058);
#2486=AXIS2_PLACEMENT_3D('',#4469,#3059,#3060);
#2487=AXIS2_PLACEMENT_3D('',#4471,#3061,#3062);
#2488=AXIS2_PLACEMENT_3D('',#4473,#3064,#3065);
#2489=AXIS2_PLACEMENT_3D('',#4475,#3066,#3067);
#2490=AXIS2_PLACEMENT_3D('',#4478,#3069,#3070);
#2491=AXIS2_PLACEMENT_3D('',#4479,#3071,#3072);
#2492=AXIS2_PLACEMENT_3D('',#4480,#3073,#3074);
#2493=AXIS2_PLACEMENT_3D('',#4482,#3075,#3076);
#2494=AXIS2_PLACEMENT_3D('',#4484,#3078,#3079);
#2495=AXIS2_PLACEMENT_3D('',#4486,#3080,#3081);
#2496=AXIS2_PLACEMENT_3D('',#4489,#3083,#3084);
#2497=AXIS2_PLACEMENT_3D('',#4490,#3085,#3086);
#2498=AXIS2_PLACEMENT_3D('',#4491,#3087,#3088);
#2499=AXIS2_PLACEMENT_3D('',#4493,#3089,#3090);
#2500=AXIS2_PLACEMENT_3D('',#4495,#3092,#3093);
#2501=AXIS2_PLACEMENT_3D('',#4497,#3094,#3095);
#2502=AXIS2_PLACEMENT_3D('',#4500,#3097,#3098);
#2503=AXIS2_PLACEMENT_3D('',#4501,#3099,#3100);
#2504=AXIS2_PLACEMENT_3D('',#4502,#3101,#3102);
#2505=AXIS2_PLACEMENT_3D('',#4504,#3103,#3104);
#2506=AXIS2_PLACEMENT_3D('',#4506,#3106,#3107);
#2507=AXIS2_PLACEMENT_3D('',#4508,#3108,#3109);
#2508=AXIS2_PLACEMENT_3D('',#4511,#3111,#3112);
#2509=AXIS2_PLACEMENT_3D('',#4512,#3113,#3114);
#2510=AXIS2_PLACEMENT_3D('',#4513,#3115,#3116);
#2511=AXIS2_PLACEMENT_3D('',#4517,#3118,#3119);
#2512=AXIS2_PLACEMENT_3D('',#4519,#3121,#3122);
#2513=AXIS2_PLACEMENT_3D('',#4520,#3123,#3124);
#2514=AXIS2_PLACEMENT_3D('',#4523,#3126,#3127);
#2515=AXIS2_PLACEMENT_3D('',#4524,#3128,#3129);
#2516=AXIS2_PLACEMENT_3D('',#4527,#3131,#3132);
#2517=AXIS2_PLACEMENT_3D('',#4528,#3133,#3134);
#2518=AXIS2_PLACEMENT_3D('',#4531,#3136,#3137);
#2519=AXIS2_PLACEMENT_3D('',#4532,#3138,#3139);
#2520=AXIS2_PLACEMENT_3D('',#4535,#3141,#3142);
#2521=AXIS2_PLACEMENT_3D('',#4536,#3143,#3144);
#2522=AXIS2_PLACEMENT_3D('',#4543,#3146,#3147);
#2523=AXIS2_PLACEMENT_3D('',#4545,#3149,#3150);
#2524=AXIS2_PLACEMENT_3D('',#4546,#3151,#3152);
#2525=AXIS2_PLACEMENT_3D('',#4547,#3153,#3154);
#2526=DIRECTION('axis',(0.,0.,1.));
#2527=DIRECTION('refdir',(1.,0.,0.));
#2528=DIRECTION('center_axis',(1.,0.,0.));
#2529=DIRECTION('ref_axis',(0.,0.,-1.));
#2530=DIRECTION('',(0.,0.,-1.));
#2531=DIRECTION('',(0.,-1.,0.));
#2532=DIRECTION('',(0.,0.,1.));
#2533=DIRECTION('',(0.,1.,5.39845945723982E-15));
#2534=DIRECTION('center_axis',(1.,0.,0.));
#2535=DIRECTION('ref_axis',(3.9742965360433E-15,-0.707106781186544,-0.707106781186551));
#2536=DIRECTION('center_axis',(1.84537061183036E-16,-1.,7.88860905221012E-31));
#2537=DIRECTION('ref_axis',(-1.,-1.84537061183036E-16,-5.39845945723982E-15));
#2538=DIRECTION('center_axis',(0.202052496641919,0.979374692648716,6.50215750385452E-15));
#2539=DIRECTION('ref_axis',(5.27355936696949E-15,5.55111512312579E-15,-1.));
#2540=DIRECTION('center_axis',(5.39845945723982E-15,5.39845945723982E-15,
-1.));
#2541=DIRECTION('ref_axis',(-0.979374692648716,0.202052496641919,-4.19634236035532E-15));
#2542=DIRECTION('center_axis',(0.,0.,1.));
#2543=DIRECTION('ref_axis',(-1.,0.,0.));
#2544=DIRECTION('center_axis',(0.,0.,1.));
#2545=DIRECTION('ref_axis',(-1.,0.,0.));
#2546=DIRECTION('',(2.22044604925002E-16,-1.,0.));
#2547=DIRECTION('',(-5.55111512312875E-17,-1.,0.));
#2548=DIRECTION('',(-5.55111512312875E-17,-1.,0.));
#2549=DIRECTION('center_axis',(0.,0.,1.));
#2550=DIRECTION('ref_axis',(-1.,0.,0.));
#2551=DIRECTION('center_axis',(0.,0.,1.));
#2552=DIRECTION('ref_axis',(-1.,0.,0.));
#2553=DIRECTION('',(0.,0.,-1.));
#2554=DIRECTION('center_axis',(0.,0.,1.));
#2555=DIRECTION('ref_axis',(-1.,0.,0.));
#2556=DIRECTION('',(0.,0.,1.));
#2557=DIRECTION('center_axis',(1.,2.22044604925002E-16,5.39845945723982E-15));
#2558=DIRECTION('ref_axis',(5.39845945723982E-15,5.39845945723982E-15,-1.));
#2559=DIRECTION('',(5.55111512312875E-17,1.,7.88860905221012E-31));
#2560=DIRECTION('',(-5.39845945723982E-15,-7.88860905221012E-31,1.));
#2561=DIRECTION('',(-2.22044604925002E-16,1.,0.));
#2562=DIRECTION('',(-5.39845945723982E-15,-7.88860905221012E-31,1.));
#2563=DIRECTION('',(5.55111512312875E-17,1.,7.88860905221012E-31));
#2564=DIRECTION('',(5.39845945723982E-15,5.39845945723982E-15,-1.));
#2565=DIRECTION('',(-2.22044604925031E-16,1.,5.39845945723982E-15));
#2566=DIRECTION('',(5.39845945723982E-15,5.39845945723982E-15,-1.));
#2567=DIRECTION('',(2.22044604925031E-16,-1.,-5.39845945723982E-15));
#2568=DIRECTION('',(5.39845945723982E-15,5.39845945723982E-15,-1.));
#2569=DIRECTION('',(-2.22044604925031E-16,1.,5.39845945723982E-15));
#2570=DIRECTION('',(5.39845945723982E-15,5.39845945723982E-15,-1.));
#2571=DIRECTION('center_axis',(-1.,-2.22044604925002E-16,-5.39845945723982E-15));
#2572=DIRECTION('ref_axis',(5.38289951333409E-15,5.38289951333409E-15,-1.));
#2573=DIRECTION('center_axis',(-1.,-2.22044604925002E-16,-5.39845945723982E-15));
#2574=DIRECTION('ref_axis',(1.68323946520457E-15,0.936628382696537,-0.35032452487268));
#2575=DIRECTION('center_axis',(-1.,-2.22044604925002E-16,-5.39845945723982E-15));
#2576=DIRECTION('ref_axis',(-5.39845945723982E-15,-5.39845945723982E-15,
1.));
#2577=DIRECTION('center_axis',(1.,2.22044604925002E-16,5.39845945723982E-15));
#2578=DIRECTION('ref_axis',(3.9742965360433E-15,-0.707106781186544,-0.707106781186551));
#2579=DIRECTION('',(2.22044604925002E-16,-1.,-5.88872339795857E-30));
#2580=DIRECTION('center_axis',(-1.,-2.22044604925002E-16,-5.39845945723982E-15));
#2581=DIRECTION('ref_axis',(1.68323946520457E-15,0.936628382696537,-0.35032452487268));
#2582=DIRECTION('',(5.39845945723982E-15,5.39845945723982E-15,-1.));
#2583=DIRECTION('',(-2.22044604925031E-16,1.,5.39845945723982E-15));
#2584=DIRECTION('',(-5.39845945723982E-15,-5.39845945723982E-15,1.));
#2585=DIRECTION('',(-2.22044604925002E-16,1.,5.88872339795857E-30));
#2586=DIRECTION('',(0.,-3.41611941219143E-15,1.));
#2587=DIRECTION('center_axis',(5.39845945723982E-15,5.39845945723982E-15,
-1.));
#2588=DIRECTION('ref_axis',(-0.631643690589656,0.775258826546515,7.75300488909088E-16));
#2589=DIRECTION('center_axis',(-1.,-2.77555756156261E-16,-5.27355936696949E-15));
#2590=DIRECTION('ref_axis',(-2.77555756156289E-16,1.,5.27355936696949E-15));
#2591=DIRECTION('center_axis',(-5.39845945723982E-15,-5.39845945723982E-15,
1.));
#2592=DIRECTION('ref_axis',(-0.631643690589656,0.775258826546515,7.75300488909088E-16));
#2593=DIRECTION('center_axis',(1.,4.40438133672071E-16,5.39845945723982E-15));
#2594=DIRECTION('ref_axis',(3.50585049916224E-15,0.707106781186551,-0.707106781186544));
#2595=DIRECTION('center_axis',(-1.,-5.55111512312551E-16,-5.2735593669695E-15));
#2596=DIRECTION('ref_axis',(-5.55111512312579E-16,1.,5.2735593669695E-15));
#2597=DIRECTION('',(-1.,-4.40438133672071E-16,-5.39845945723982E-15));
#2598=DIRECTION('',(1.,4.40438133672071E-16,5.39845945723982E-15));
#2599=DIRECTION('center_axis',(-0.221372017985867,0.975189432701598,4.24597032874799E-15));
#2600=DIRECTION('ref_axis',(0.975189432701598,0.221372017985867,6.66133814775087E-15));
#2601=DIRECTION('center_axis',(-5.39845945723982E-15,-5.39845945723982E-15,
1.));
#2602=DIRECTION('ref_axis',(0.623950311328608,0.781464016441534,7.58707226909106E-15));
#2603=DIRECTION('center_axis',(5.39845945723982E-15,5.39845945723982E-15,
-1.));
#2604=DIRECTION('ref_axis',(0.623950311328608,0.781464016441533,7.58707226909106E-15));
#2605=DIRECTION('center_axis',(5.39845945723982E-15,5.39845945723982E-15,
-1.));
#2606=DIRECTION('ref_axis',(0.975189432701599,0.221372017985863,6.45958847963233E-15));
#2607=DIRECTION('center_axis',(-5.39845945723982E-15,-5.39845945723982E-15,
1.));
#2608=DIRECTION('ref_axis',(0.707106781186547,0.707106781186548,7.63457458034985E-15));
#2609=DIRECTION('',(5.39845945723982E-15,5.39845945723982E-15,-1.));
#2610=DIRECTION('center_axis',(0.,0.,1.));
#2611=DIRECTION('ref_axis',(0.707106781186547,0.707106781186548,0.));
#2612=DIRECTION('',(0.,0.,-1.));
#2613=DIRECTION('',(-5.39845945723982E-15,-5.39845945723982E-15,1.));
#2614=DIRECTION('',(-5.39845945723982E-15,-5.39845945723982E-15,1.));
#2615=DIRECTION('center_axis',(5.39845945723982E-15,5.39845945723982E-15,
-1.));
#2616=DIRECTION('ref_axis',(-4.44089209850063E-16,1.,5.39845945723982E-15));
#2617=DIRECTION('center_axis',(5.45397060847108E-15,7.09974814698911E-30,
-1.));
#2618=DIRECTION('ref_axis',(0.707106781186547,0.707106781186548,3.85653960164202E-15));
#2619=DIRECTION('center_axis',(-4.404381336721E-16,1.,5.39845945723982E-15));
#2620=DIRECTION('ref_axis',(-5.39845945723982E-15,-5.39845945723982E-15,
1.));
#2621=DIRECTION('',(5.39845945723982E-15,5.39845945723982E-15,-1.));
#2622=DIRECTION('center_axis',(-2.22044604925031E-16,1.,5.39845945723982E-15));
#2623=DIRECTION('ref_axis',(-5.39845945723982E-15,-5.39845945723982E-15,
1.));
#2624=DIRECTION('center_axis',(-2.22044604925031E-16,1.,5.39845945723982E-15));
#2625=DIRECTION('ref_axis',(-5.39845945723982E-15,-5.39845945723982E-15,
1.));
#2626=DIRECTION('',(5.39845945723982E-15,5.39845945723982E-15,-1.));
#2627=DIRECTION('center_axis',(4.404381336721E-16,-1.,-5.39845945723982E-15));
#2628=DIRECTION('ref_axis',(-0.0106217055613988,-5.40283312402804E-15,0.999943588094332));
#2629=DIRECTION('center_axis',(-2.22044604925031E-16,1.,5.39845945723982E-15));
#2630=DIRECTION('ref_axis',(-5.39845945723982E-15,-5.39845945723982E-15,
1.));
#2631=DIRECTION('center_axis',(-2.22044604925031E-16,1.,5.39845945723982E-15));
#2632=DIRECTION('ref_axis',(-5.39845945723982E-15,-5.39845945723982E-15,
1.));
#2633=DIRECTION('center_axis',(4.404381336721E-16,-1.,-5.39845945723982E-15));
#2634=DIRECTION('ref_axis',(-0.0106217055613988,-5.40283312402804E-15,0.999943588094332));
#2635=DIRECTION('center_axis',(2.22044604925031E-16,-1.,-5.39845945723982E-15));
#2636=DIRECTION('ref_axis',(-5.39845945723982E-15,-5.39845945723982E-15,
1.));
#2637=DIRECTION('center_axis',(2.22044604925031E-16,-1.,-5.39845945723982E-15));
#2638=DIRECTION('ref_axis',(-5.39845945723982E-15,-5.39845945723982E-15,
1.));
#2639=DIRECTION('center_axis',(4.404381336721E-16,-1.,-5.39845945723982E-15));
#2640=DIRECTION('ref_axis',(-0.0106217055613988,-5.40283312402804E-15,0.999943588094332));
#2641=DIRECTION('center_axis',(2.22044604925031E-16,-1.,-5.39845945723982E-15));
#2642=DIRECTION('ref_axis',(-5.39845945723982E-15,-5.39845945723982E-15,
1.));
#2643=DIRECTION('center_axis',(2.22044604925031E-16,-1.,-5.39845945723982E-15));
#2644=DIRECTION('ref_axis',(-5.39845945723982E-15,-5.39845945723982E-15,
1.));
#2645=DIRECTION('center_axis',(-5.39845945723982E-15,-5.39845945723982E-15,
1.));
#2646=DIRECTION('ref_axis',(-0.707106781186548,0.707106781186547,-5.52202633654708E-30));
#2647=DIRECTION('',(-5.39845945723982E-15,-5.39845945723982E-15,1.));
#2648=DIRECTION('center_axis',(5.45397060847108E-15,7.09974814698911E-30,
-1.));
#2649=DIRECTION('ref_axis',(-0.707106781186548,0.707106781186547,-3.85653960164202E-15));
#2650=DIRECTION('',(-5.39845945723982E-15,-5.39845945723982E-15,1.));
#2651=DIRECTION('center_axis',(0.,0.,1.));
#2652=DIRECTION('ref_axis',(-1.,0.,0.));
#2653=DIRECTION('center_axis',(-0.991058391340867,5.00251208593252E-16,
-0.133428876008353));
#2654=DIRECTION('ref_axis',(-0.133428876008353,0.,0.991058391340867));
#2655=DIRECTION('',(0.,0.,-1.));
#2656=DIRECTION('center_axis',(0.,0.,1.));
#2657=DIRECTION('ref_axis',(-1.,0.,0.));
#2658=DIRECTION('center_axis',(0.,0.,1.));
#2659=DIRECTION('ref_axis',(-1.,0.,0.));
#2660=DIRECTION('',(5.04764616256797E-16,1.,0.));
#2661=DIRECTION('',(1.,1.96060485257066E-16,0.));
#2662=DIRECTION('center_axis',(1.96060485257066E-16,-1.,7.88860905221012E-31));
#2663=DIRECTION('ref_axis',(1.,1.96060485257066E-16,5.45397060847108E-15));
#2664=DIRECTION('',(1.,1.96060485257066E-16,5.45397060847108E-15));
#2665=DIRECTION('',(0.133428876008353,2.61601301775028E-17,-0.991058391340867));
#2666=DIRECTION('',(0.133428876008353,2.61601301775028E-17,-0.991058391340867));
#2667=DIRECTION('',(-5.39845945723982E-15,-7.88860905221012E-31,1.));
#2668=DIRECTION('center_axis',(2.22044604925031E-16,-1.,-5.39845945723982E-15));
#2669=DIRECTION('ref_axis',(5.39845945723982E-15,5.39845945723982E-15,-1.));
#2670=DIRECTION('',(-1.,-2.22044604925002E-16,-5.45397060847108E-15));
#2671=DIRECTION('',(5.39845945723982E-15,5.39845945723982E-15,-1.));
#2672=DIRECTION('',(-1.,-2.22044604925031E-16,0.));
#2673=DIRECTION('',(0.,0.,-1.));
#2674=DIRECTION('center_axis',(7.41073384709754E-12,-8.1884026875628E-14,
1.));
#2675=DIRECTION('ref_axis',(-0.112594064360845,-0.993641070342156,7.53041311632568E-13));
#2676=DIRECTION('',(-5.39845945723982E-15,-7.88860905221012E-31,1.));
#2677=DIRECTION('center_axis',(0.,0.,1.));
#2678=DIRECTION('ref_axis',(-0.11259119331016,-0.993641395669984,0.));
#2679=DIRECTION('center_axis',(1.,2.22044604925002E-16,5.39845945723982E-15));
#2680=DIRECTION('ref_axis',(5.39845945723982E-15,5.39845945723982E-15,-1.));
#2681=DIRECTION('',(-2.22044604925002E-16,1.,0.));
#2682=DIRECTION('',(5.40201119115249E-15,1.08420217248551E-16,-1.));
#2683=DIRECTION('',(5.55111512312875E-17,1.,7.09974814698911E-30));
#2684=DIRECTION('center_axis',(-1.,5.55111512312875E-17,-5.40201119115249E-15));
#2685=DIRECTION('ref_axis',(-5.55111512312875E-17,-1.,-7.88860905221012E-31));
#2686=DIRECTION('',(5.55111512312875E-17,1.,0.));
#2687=DIRECTION('',(-5.39845945723982E-15,-7.88860905221012E-31,1.));
#2688=DIRECTION('',(5.55111512312875E-17,1.,7.09974814698911E-30));
#2689=DIRECTION('',(-5.39845945723982E-15,-7.88860905221012E-31,1.));
#2690=DIRECTION('center_axis',(-5.39845945723982E-15,-7.88860905221012E-31,
1.));
#2691=DIRECTION('ref_axis',(-0.707106781186543,0.707106781186552,-3.8172872901749E-15));
#2692=DIRECTION('center_axis',(0.,0.,1.));
#2693=DIRECTION('ref_axis',(-0.707106781186543,0.707106781186552,0.));
#2694=DIRECTION('',(-5.39845945723982E-15,-7.88860905221012E-31,1.));
#2695=DIRECTION('center_axis',(-5.45397060847108E-15,-7.88860905221012E-31,
1.));
#2696=DIRECTION('ref_axis',(-0.707106781186543,0.707106781186552,-3.856539601642E-15));
#2697=DIRECTION('center_axis',(-1.84537061183036E-16,1.,-7.88860905221012E-31));
#2698=DIRECTION('ref_axis',(-1.,-1.84537061183036E-16,-5.45397060847108E-15));
#2699=DIRECTION('',(-1.,-1.84537061183036E-16,0.));
#2700=DIRECTION('',(-1.,-1.84537061183036E-16,-5.45397060847108E-15));
#2701=DIRECTION('center_axis',(-1.84537061183036E-16,1.,-7.88860905221012E-31));
#2702=DIRECTION('ref_axis',(-1.,-1.84537061183036E-16,-5.45397060847108E-15));
#2703=DIRECTION('',(-5.39845945723982E-15,-7.88860905221012E-31,1.));
#2704=DIRECTION('',(-1.,-1.84537061183036E-16,-5.45397060847108E-15));
#2705=DIRECTION('center_axis',(-5.39845945723982E-15,-7.88860905221012E-31,
1.));
#2706=DIRECTION('ref_axis',(-0.707106781186546,-0.707106781186549,-3.81728729017491E-15));
#2707=DIRECTION('',(-5.39845945723982E-15,-7.88860905221012E-31,1.));
#2708=DIRECTION('center_axis',(-5.45397060847108E-15,-7.88860905221012E-31,
1.));
#2709=DIRECTION('ref_axis',(-0.707106781186546,-0.707106781186549,-3.85653960164201E-15));
#2710=DIRECTION('',(-5.39845945723982E-15,-7.88860905221012E-31,1.));
#2711=DIRECTION('',(-5.39845945723982E-15,-7.88860905221012E-31,1.));
#2712=DIRECTION('',(-5.39845945723982E-15,-7.88860905221012E-31,1.));
#2713=DIRECTION('center_axis',(0.991058391340867,-5.00251208593252E-16,
0.133428876008353));
#2714=DIRECTION('ref_axis',(0.133428876008353,5.37981570746985E-15,-0.991058391340867));
#2715=DIRECTION('',(5.04764616256796E-16,1.,9.85271952824985E-30));
#2716=DIRECTION('center_axis',(-0.991058391340867,5.00251208593252E-16,
-0.133428876008353));
#2717=DIRECTION('ref_axis',(0.133428876008353,-4.4011833792584E-16,-0.991058391340867));
#2718=DIRECTION('',(-2.22044604925031E-16,1.,5.39845945723982E-15));
#2719=DIRECTION('center_axis',(1.,-5.55111512312875E-17,5.42520927920907E-15));
#2720=DIRECTION('ref_axis',(5.55111512312875E-17,1.,7.88860905221012E-31));
#2721=DIRECTION('',(-5.55111512312875E-17,-1.,-7.09974814698911E-30));
#2722=DIRECTION('center_axis',(1.,-5.55111512312875E-17,5.42520927920907E-15));
#2723=DIRECTION('ref_axis',(5.55111512312875E-17,1.,7.88860905221012E-31));
#2724=DIRECTION('',(-5.55111512312875E-17,-1.,-7.88860905221012E-31));
#2725=DIRECTION('center_axis',(5.45397060847108E-15,7.09974814698911E-30,
-1.));
#2726=DIRECTION('ref_axis',(2.22044604925001E-16,-1.,-5.88872339795858E-30));
#2727=DIRECTION('',(1.,2.22044604925002E-16,5.39845945723982E-15));
#2728=DIRECTION('center_axis',(2.22044604925031E-16,-1.,-5.39845945723982E-15));
#2729=DIRECTION('ref_axis',(1.,2.22044604925002E-16,5.39845945723982E-15));
#2730=DIRECTION('',(0.133428876008353,5.37981570746985E-15,-0.991058391340867));
#2731=DIRECTION('',(1.,2.22044604925002E-16,5.45397060847108E-15));
#2732=DIRECTION('',(-5.39845945723982E-15,-5.39845945723982E-15,1.));
#2733=DIRECTION('',(-0.727013152549821,-3.8681386533246E-15,0.686623532963713));
#2734=DIRECTION('center_axis',(-5.39845945723982E-15,-5.39845945723982E-15,
1.));
#2735=DIRECTION('ref_axis',(-1.,-2.22044604925002E-16,-5.39845945723982E-15));
#2736=DIRECTION('',(-2.22044604925031E-16,1.,5.39845945723982E-15));
#2737=DIRECTION('',(1.,2.22044604925002E-16,5.39845945723982E-15));
#2738=DIRECTION('',(-2.22044604925031E-16,1.,5.39845945723982E-15));
#2739=DIRECTION('center_axis',(2.22044604925031E-16,-1.,-5.39845945723982E-15));
#2740=DIRECTION('ref_axis',(5.39845945723982E-15,5.39845945723982E-15,-1.));
#2741=DIRECTION('',(5.39845945723982E-15,5.39845945723982E-15,-1.));
#2742=DIRECTION('',(-0.133428876008353,-5.37981570746985E-15,0.991058391340867));
#2743=DIRECTION('',(1.,2.22044604925002E-16,5.45397060847108E-15));
#2744=DIRECTION('center_axis',(-2.22044604925031E-16,1.,5.39845945723982E-15));
#2745=DIRECTION('ref_axis',(-5.39845945723982E-15,-5.39845945723982E-15,
1.));
#2746=DIRECTION('',(-1.,-2.22044604925002E-16,-5.39845945723982E-15));
#2747=DIRECTION('center_axis',(2.22044604925031E-16,-1.,-5.39845945723982E-15));
#2748=DIRECTION('ref_axis',(5.39845945723982E-15,5.39845945723982E-15,-1.));
#2749=DIRECTION('',(1.,2.22044604925005E-16,4.83835667338554E-15));
#2750=DIRECTION('center_axis',(-2.22044604925031E-16,1.,5.39845945723982E-15));
#2751=DIRECTION('ref_axis',(5.39845945723982E-15,5.39845945723982E-15,-1.));
#2752=DIRECTION('center_axis',(2.22044604925031E-16,-1.,-5.39845945723982E-15));
#2753=DIRECTION('ref_axis',(5.39845945723982E-15,5.39845945723982E-15,-1.));
#2754=DIRECTION('center_axis',(-2.22044604925031E-16,1.,5.39845945723982E-15));
#2755=DIRECTION('ref_axis',(5.39845945723982E-15,5.39845945723982E-15,-1.));
#2756=DIRECTION('center_axis',(2.22044604925031E-16,-1.,-5.39845945723982E-15));
#2757=DIRECTION('ref_axis',(5.39845945723982E-15,5.39845945723982E-15,-1.));
#2758=DIRECTION('center_axis',(-1.,-2.22044604925002E-16,-5.39845945723982E-15));
#2759=DIRECTION('ref_axis',(1.68323946520457E-15,0.936628382696537,-0.350324524872681));
#2760=DIRECTION('',(1.,2.22044604925002E-16,5.39845945723982E-15));
#2761=DIRECTION('center_axis',(1.,2.22044604925002E-16,5.39845945723982E-15));
#2762=DIRECTION('ref_axis',(1.68323946520457E-15,0.936628382696537,-0.35032452487268));
#2763=DIRECTION('center_axis',(-1.,-2.22044604925002E-16,-5.39845945723982E-15));
#2764=DIRECTION('ref_axis',(1.68323946520457E-15,0.936628382696537,-0.350324524872681));
#2765=DIRECTION('',(1.,2.22044604925002E-16,5.39845945723982E-15));
#2766=DIRECTION('',(-1.,-2.22044604925002E-16,-5.39845945723982E-15));
#2767=DIRECTION('center_axis',(1.,2.22044604925002E-16,5.39845945723982E-15));
#2768=DIRECTION('ref_axis',(5.39845945723982E-15,5.39845945723982E-15,-1.));
#2769=DIRECTION('center_axis',(1.,2.22044604925002E-16,5.39845945723982E-15));
#2770=DIRECTION('ref_axis',(1.68323946520457E-15,0.936628382696537,-0.35032452487268));
#2771=DIRECTION('',(-2.22044604925031E-16,1.,5.39845945723982E-15));
#2772=DIRECTION('',(5.39845945723982E-15,5.39845945723982E-15,-1.));
#2773=DIRECTION('',(-2.22044604925031E-16,1.,5.39845945723982E-15));
#2774=DIRECTION('',(-5.39845945723982E-15,-5.39845945723982E-15,1.));
#2775=DIRECTION('center_axis',(2.22044604925031E-16,-1.,-5.39845945723982E-15));
#2776=DIRECTION('ref_axis',(1.,2.22044604925002E-16,5.39845945723982E-15));
#2777=DIRECTION('center_axis',(-2.22044604925031E-16,1.,5.39845945723982E-15));
#2778=DIRECTION('ref_axis',(5.39845945723982E-15,5.39845945723982E-15,-1.));
#2779=DIRECTION('center_axis',(2.22044604925031E-16,-1.,-5.39845945723982E-15));
#2780=DIRECTION('ref_axis',(5.39845945723982E-15,5.39845945723982E-15,-1.));
#2781=DIRECTION('center_axis',(2.22044604925031E-16,-1.,-5.39845945723982E-15));
#2782=DIRECTION('ref_axis',(1.,2.22044604925002E-16,5.39845945723982E-15));
#2783=DIRECTION('center_axis',(-2.22044604925031E-16,1.,5.39845945723982E-15));
#2784=DIRECTION('ref_axis',(5.39845945723982E-15,5.39845945723982E-15,-1.));
#2785=DIRECTION('center_axis',(2.22044604925031E-16,-1.,-5.39845945723982E-15));
#2786=DIRECTION('ref_axis',(5.39845945723982E-15,5.39845945723982E-15,-1.));
#2787=DIRECTION('center_axis',(2.22044604925031E-16,-1.,-5.39845945723982E-15));
#2788=DIRECTION('ref_axis',(1.,2.22044604925002E-16,5.39845945723982E-15));
#2789=DIRECTION('center_axis',(-2.22044604925031E-16,1.,5.39845945723982E-15));
#2790=DIRECTION('ref_axis',(5.39845945723982E-15,5.39845945723982E-15,-1.));
#2791=DIRECTION('center_axis',(2.22044604925031E-16,-1.,-5.39845945723982E-15));
#2792=DIRECTION('ref_axis',(5.39845945723982E-15,5.39845945723982E-15,-1.));
#2793=DIRECTION('center_axis',(2.22044604925031E-16,-1.,-5.39845945723982E-15));
#2794=DIRECTION('ref_axis',(1.,2.22044604925002E-16,5.39845945723982E-15));
#2795=DIRECTION('center_axis',(-2.22044604925031E-16,1.,5.39845945723982E-15));
#2796=DIRECTION('ref_axis',(5.39845945723982E-15,5.39845945723982E-15,-1.));
#2797=DIRECTION('center_axis',(2.22044604925031E-16,-1.,-5.39845945723982E-15));
#2798=DIRECTION('ref_axis',(5.39845945723982E-15,5.39845945723982E-15,-1.));
#2799=DIRECTION('center_axis',(-1.,-2.22044604925002E-16,-5.39845945723982E-15));
#2800=DIRECTION('ref_axis',(1.68323946520457E-15,0.936628382696537,-0.350324524872681));
#2801=DIRECTION('',(1.,2.22044604925002E-16,5.39845945723982E-15));
#2802=DIRECTION('center_axis',(-1.,-2.22044604925002E-16,-5.39845945723982E-15));
#2803=DIRECTION('ref_axis',(1.68323946520457E-15,0.936628382696537,-0.35032452487268));
#2804=DIRECTION('center_axis',(1.,2.22044604925002E-16,5.39845945723982E-15));
#2805=DIRECTION('ref_axis',(-5.38289951333409E-15,-5.38289951333409E-15,
1.));
#2806=DIRECTION('center_axis',(5.39845945723982E-15,5.39845945723982E-15,
-1.));
#2807=DIRECTION('ref_axis',(1.,2.22044604925002E-16,5.39845945723982E-15));
#2808=DIRECTION('center_axis',(-1.,-2.22044604925002E-16,-5.39845945723982E-15));
#2809=DIRECTION('ref_axis',(1.68323946520457E-15,0.936628382696537,-0.35032452487268));
#2810=DIRECTION('center_axis',(5.39845945723982E-15,5.39845945723982E-15,
-1.));
#2811=DIRECTION('ref_axis',(-0.707106781186547,-0.707106781186548,-7.63457458034985E-15));
#2812=DIRECTION('center_axis',(-5.39845945723982E-15,-5.39845945723982E-15,
1.));
#2813=DIRECTION('ref_axis',(-1.,-2.22044604925002E-16,-5.39845945723982E-15));
#2814=DIRECTION('',(-5.39845945723982E-15,-5.39845945723982E-15,1.));
#2815=DIRECTION('center_axis',(-5.39845945723982E-15,-5.39845945723982E-15,
1.));
#2816=DIRECTION('ref_axis',(0.707106781186548,-0.707106781186547,5.52202633654708E-30));
#2817=DIRECTION('center_axis',(5.39845945723982E-15,5.39845945723982E-15,
-1.));
#2818=DIRECTION('ref_axis',(1.,2.22044604925002E-16,5.39845945723982E-15));
#2819=DIRECTION('',(5.39845945723982E-15,5.39845945723982E-15,-1.));
#2820=DIRECTION('center_axis',(2.22044604925031E-16,-1.,-5.39845945723982E-15));
#2821=DIRECTION('ref_axis',(-0.0139070543092761,-5.62512999143412E-15,0.999903292244024));
#2822=DIRECTION('center_axis',(-2.22044604925031E-16,1.,5.39845945723982E-15));
#2823=DIRECTION('ref_axis',(-0.0106216881776864,-5.40051340940607E-15,0.999943588278987));
#2824=DIRECTION('center_axis',(2.22044604925031E-16,-1.,-5.39845945723982E-15));
#2825=DIRECTION('ref_axis',(-0.0106216881776864,-5.40051340940607E-15,0.999943588278987));
#2826=DIRECTION('center_axis',(-2.22044604925031E-16,1.,5.39845945723982E-15));
#2827=DIRECTION('ref_axis',(-0.0106216881776864,-5.40051340940607E-15,0.999943588278987));
#2828=DIRECTION('center_axis',(-2.22044604925031E-16,1.,5.39845945723982E-15));
#2829=DIRECTION('ref_axis',(-0.0106216881776864,-5.40051340940607E-15,0.999943588278987));
#2830=DIRECTION('center_axis',(2.22044604925031E-16,-1.,-5.39845945723982E-15));
#2831=DIRECTION('ref_axis',(5.39845945723982E-15,5.39845945723982E-15,-1.));
#2832=DIRECTION('',(2.22044604925031E-16,-1.,-5.39845945723982E-15));
#2833=DIRECTION('center_axis',(2.22044604925031E-16,-1.,-5.39845945723982E-15));
#2834=DIRECTION('ref_axis',(5.39845945723982E-15,5.39845945723982E-15,-1.));
#2835=DIRECTION('center_axis',(2.22044604925031E-16,-1.,-5.39845945723982E-15));
#2836=DIRECTION('ref_axis',(5.39845945723982E-15,5.39845945723982E-15,-1.));
#2837=DIRECTION('center_axis',(2.22044604925031E-16,-1.,-5.39845945723982E-15));
#2838=DIRECTION('ref_axis',(5.39845945723982E-15,5.39845945723982E-15,-1.));
#2839=DIRECTION('center_axis',(-1.,-2.22044604925002E-16,-5.39845945723982E-15));
#2840=DIRECTION('ref_axis',(1.68323946520457E-15,0.936628382696537,-0.350324524872681));
#2841=DIRECTION('center_axis',(1.,2.22044604925002E-16,5.39845945723982E-15));
#2842=DIRECTION('ref_axis',(1.68323946520457E-15,0.936628382696537,-0.35032452487268));
#2843=DIRECTION('',(-1.,-2.22044604925002E-16,-5.39845945723982E-15));
#2844=DIRECTION('center_axis',(-1.,-2.22044604925002E-16,-5.39845945723982E-15));
#2845=DIRECTION('ref_axis',(1.68323946520457E-15,0.936628382696537,-0.350324524872681));
#2846=DIRECTION('',(-1.,-2.22044604925002E-16,-5.39845945723982E-15));
#2847=DIRECTION('center_axis',(2.22044604925031E-16,-1.,-5.39845945723982E-15));
#2848=DIRECTION('ref_axis',(5.39845945723982E-15,5.39845945723982E-15,-1.));
#2849=DIRECTION('',(2.22044604925031E-16,-1.,-5.39845945723982E-15));
#2850=DIRECTION('center_axis',(2.22044604925031E-16,-1.,-5.39845945723982E-15));
#2851=DIRECTION('ref_axis',(5.39845945723982E-15,5.39845945723982E-15,-1.));
#2852=DIRECTION('center_axis',(2.22044604925031E-16,-1.,-5.39845945723982E-15));
#2853=DIRECTION('ref_axis',(1.,2.22044604925002E-16,5.39845945723982E-15));
#2854=DIRECTION('center_axis',(2.22044604925031E-16,-1.,-5.39845945723982E-15));
#2855=DIRECTION('ref_axis',(5.39845945723982E-15,5.39845945723982E-15,-1.));
#2856=DIRECTION('center_axis',(2.22044604925031E-16,-1.,-5.39845945723982E-15));
#2857=DIRECTION('ref_axis',(5.39845945723982E-15,5.39845945723982E-15,-1.));
#2858=DIRECTION('center_axis',(2.22044604925031E-16,-1.,-5.39845945723982E-15));
#2859=DIRECTION('ref_axis',(5.39845945723982E-15,5.39845945723982E-15,-1.));
#2860=DIRECTION('center_axis',(2.22044604925031E-16,-1.,-5.39845945723982E-15));
#2861=DIRECTION('ref_axis',(5.39845945723982E-15,5.39845945723982E-15,-1.));
#2862=DIRECTION('',(2.22044604925031E-16,-1.,-5.39845945723982E-15));
#2863=DIRECTION('center_axis',(2.22044604925031E-16,-1.,-5.39845945723982E-15));
#2864=DIRECTION('ref_axis',(5.39845945723982E-15,5.39845945723982E-15,-1.));
#2865=DIRECTION('center_axis',(-2.22044604925031E-16,1.,5.39845945723982E-15));
#2866=DIRECTION('ref_axis',(-5.39845945723982E-15,-5.39845945723982E-15,
1.));
#2867=DIRECTION('center_axis',(2.22044604925031E-16,-1.,-5.39845945723982E-15));
#2868=DIRECTION('ref_axis',(5.39845945723982E-15,5.39845945723982E-15,-1.));
#2869=DIRECTION('',(-2.22044604925031E-16,1.,5.39845945723982E-15));
#2870=DIRECTION('center_axis',(2.22044604925031E-16,-1.,-5.39845945723982E-15));
#2871=DIRECTION('ref_axis',(5.39845945723982E-15,5.39845945723982E-15,-1.));
#2872=DIRECTION('',(2.22044604925031E-16,-1.,-5.39845945723982E-15));
#2873=DIRECTION('center_axis',(-5.39845945723982E-15,-5.39845945723982E-15,
1.));
#2874=DIRECTION('ref_axis',(2.22044604925031E-16,-1.,-5.39845945723982E-15));
#2875=DIRECTION('',(1.,2.22044604925002E-16,5.39845945723982E-15));
#2876=DIRECTION('',(-2.22044604925031E-16,1.,5.39845945723982E-15));
#2877=DIRECTION('center_axis',(2.22044604925031E-16,-1.,-5.39845945723982E-15));
#2878=DIRECTION('ref_axis',(5.39845945723982E-15,5.39845945723982E-15,-1.));
#2879=DIRECTION('',(-1.,-2.22044604925005E-16,-4.8914472219062E-15));
#2880=DIRECTION('center_axis',(2.22044604925031E-16,-1.,-5.39845945723982E-15));
#2881=DIRECTION('ref_axis',(5.39845945723982E-15,5.39845945723982E-15,-1.));
#2882=DIRECTION('center_axis',(-2.22044604925031E-16,1.,5.39845945723982E-15));
#2883=DIRECTION('ref_axis',(-1.,-2.22044604925006E-16,-4.6939780574118E-15));
#2884=DIRECTION('',(-2.22044604925031E-16,1.,5.39845945723982E-15));
#2885=DIRECTION('center_axis',(2.22044604925031E-16,-1.,-5.39845945723982E-15));
#2886=DIRECTION('ref_axis',(5.39845945723982E-15,5.39845945723982E-15,-1.));
#2887=DIRECTION('',(2.22044604925031E-16,-1.,-5.39845945723982E-15));
#2888=DIRECTION('center_axis',(2.22044604925031E-16,-1.,-5.39845945723982E-15));
#2889=DIRECTION('ref_axis',(5.39845945723982E-15,5.39845945723982E-15,-1.));
#2890=DIRECTION('',(2.22044604925031E-16,-1.,-5.39845945723982E-15));
#2891=DIRECTION('center_axis',(5.03530008674311E-15,5.39845945723982E-15,
-1.));
#2892=DIRECTION('ref_axis',(-2.22044604925031E-16,1.,5.39845945723982E-15));
#2893=DIRECTION('center_axis',(2.22044604925031E-16,-1.,-5.39845945723982E-15));
#2894=DIRECTION('ref_axis',(5.39845945723982E-15,5.39845945723982E-15,-1.));
#2895=DIRECTION('',(2.22044604925031E-16,-1.,-5.39845945723982E-15));
#2896=DIRECTION('center_axis',(2.22044604925031E-16,-1.,-5.39845945723982E-15));
#2897=DIRECTION('ref_axis',(5.39845945723982E-15,5.39845945723982E-15,-1.));
#2898=DIRECTION('',(2.22044604925031E-16,-1.,-5.39845945723982E-15));
#2899=DIRECTION('center_axis',(0.991058391340867,-5.00251208593252E-16,
0.133428876008353));
#2900=DIRECTION('ref_axis',(0.133428876008353,5.37981570746985E-15,-0.991058391340867));
#2901=DIRECTION('',(-0.133428876008353,-5.37981570746985E-15,0.991058391340867));
#2902=DIRECTION('center_axis',(-0.991058391340867,5.00251208593252E-16,
-0.133428876008353));
#2903=DIRECTION('ref_axis',(0.133428876008353,-4.40118337925841E-16,-0.991058391340867));
#2904=DIRECTION('',(-0.133428876008353,-2.96271620588602E-17,0.991058391340867));
#2905=DIRECTION('',(-5.04764616256796E-16,-1.,-9.85271952824985E-30));
#2906=DIRECTION('center_axis',(-1.,-2.22044604925002E-16,-5.39845945723982E-15));
#2907=DIRECTION('ref_axis',(5.38289951333409E-15,5.38289951333409E-15,-1.));
#2908=DIRECTION('center_axis',(5.45397060847108E-15,7.09974814698911E-30,
-1.));
#2909=DIRECTION('ref_axis',(2.22044604925001E-16,-1.,-5.88872339795858E-30));
#2910=DIRECTION('center_axis',(-1.,-2.22044604925002E-16,-5.39845945723982E-15));
#2911=DIRECTION('ref_axis',(-5.39845945723982E-15,-5.39845945723982E-15,
1.));
#2912=DIRECTION('',(-2.22044604925002E-16,1.,5.88872339795857E-30));
#2913=DIRECTION('',(-5.39845945723982E-15,-5.39845945723982E-15,1.));
#2914=DIRECTION('',(2.22044604925031E-16,-1.,-5.39845945723982E-15));
#2915=DIRECTION('',(5.39845945723982E-15,5.39845945723982E-15,-1.));
#2916=DIRECTION('',(-2.22044604925031E-16,1.,5.39845945723982E-15));
#2917=DIRECTION('center_axis',(2.22044604925031E-16,-1.,-5.39845945723982E-15));
#2918=DIRECTION('ref_axis',(5.39845945723982E-15,5.39845945723982E-15,-1.));
#2919=DIRECTION('',(-1.,-2.22044604925002E-16,-5.45397060847108E-15));
#2920=DIRECTION('',(1.,2.22044604925002E-16,5.39845945723982E-15));
#2921=DIRECTION('center_axis',(-2.22044604925031E-16,1.,5.39845945723982E-15));
#2922=DIRECTION('ref_axis',(5.39845945723982E-15,5.39845945723982E-15,-1.));
#2923=DIRECTION('',(-1.,-2.22044604925002E-16,-5.39845945723982E-15));
#2924=DIRECTION('center_axis',(4.404381336721E-16,-1.,-5.39845945723982E-15));
#2925=DIRECTION('ref_axis',(-0.0139070716922834,-5.62512999143412E-15,0.999903292002254));
#2926=DIRECTION('center_axis',(-4.404381336721E-16,1.,5.39845945723982E-15));
#2927=DIRECTION('ref_axis',(-0.0106217055613988,-5.40283312402804E-15,0.999943588094332));
#2928=DIRECTION('center_axis',(4.44923235702626E-16,-1.,-5.39845945723982E-15));
#2929=DIRECTION('ref_axis',(-0.0106220388176011,-5.40288089262408E-15,0.999943584554328));
#2930=DIRECTION('center_axis',(-4.404381336721E-16,1.,5.39845945723982E-15));
#2931=DIRECTION('ref_axis',(-1.,-4.40438133672071E-16,-5.39845945723982E-15));
#2932=DIRECTION('',(2.22044604925031E-16,-1.,-5.39845945723982E-15));
#2933=DIRECTION('center_axis',(-2.22044604925031E-16,1.,5.39845945723982E-15));
#2934=DIRECTION('ref_axis',(-5.39845945723982E-15,-5.39845945723982E-15,
1.));
#2935=DIRECTION('center_axis',(-4.404381336721E-16,1.,5.39845945723982E-15));
#2936=DIRECTION('ref_axis',(-5.39845945723982E-15,-5.39845945723982E-15,
1.));
#2937=DIRECTION('',(-1.,-2.22044604925002E-16,-5.39845945723982E-15));
#2938=DIRECTION('center_axis',(-2.22044604925031E-16,1.,5.39845945723982E-15));
#2939=DIRECTION('ref_axis',(5.39845945723982E-15,5.39845945723982E-15,-1.));
#2940=DIRECTION('',(1.,2.22044604925002E-16,5.39845945723982E-15));
#2941=DIRECTION('',(-1.,-7.29056840258625E-16,-4.8914472219062E-15));
#2942=DIRECTION('center_axis',(-4.404381336721E-16,1.,5.39845945723982E-15));
#2943=DIRECTION('ref_axis',(-1.,-4.40438133672071E-16,-5.39845945723982E-15));
#2944=DIRECTION('',(1.,7.29056840258623E-16,5.39845945723982E-15));
#2945=DIRECTION('center_axis',(3.65107617796223E-18,-1.,-5.39845945723982E-15));
#2946=DIRECTION('ref_axis',(1.,3.65107617793309E-18,5.39845945723982E-15));
#2947=DIRECTION('center_axis',(3.65107617796223E-18,-1.,-5.39845945723982E-15));
#2948=DIRECTION('ref_axis',(1.,3.65107617793309E-18,5.39845945723982E-15));
#2949=DIRECTION('center_axis',(-4.404381336721E-16,1.,5.39845945723982E-15));
#2950=DIRECTION('ref_axis',(-1.,-4.40438133672071E-16,-5.39845945723982E-15));
#2951=DIRECTION('center_axis',(-4.404381336721E-16,1.,5.39845945723982E-15));
#2952=DIRECTION('ref_axis',(-1.,-4.40438133672071E-16,-5.39845945723982E-15));
#2953=DIRECTION('center_axis',(-2.22044604925031E-16,1.,5.39845945723982E-15));
#2954=DIRECTION('ref_axis',(-5.39845945723982E-15,-5.39845945723982E-15,
1.));
#2955=DIRECTION('',(-1.,-2.22044604925005E-16,-4.8914472219062E-15));
#2956=DIRECTION('',(1.,2.22044604925002E-16,5.39845945723982E-15));
#2957=DIRECTION('center_axis',(-2.22044604925031E-16,1.,5.39845945723982E-15));
#2958=DIRECTION('ref_axis',(-5.39845945723982E-15,-5.39845945723982E-15,
1.));
#2959=DIRECTION('center_axis',(5.03530008674311E-15,5.39845945723982E-15,
-1.));
#2960=DIRECTION('ref_axis',(-2.22044604925031E-16,1.,5.39845945723982E-15));
#2961=DIRECTION('',(-2.22044604925031E-16,1.,5.39845945723982E-15));
#2962=DIRECTION('center_axis',(5.39845945723982E-15,5.39845945723982E-15,
-1.));
#2963=DIRECTION('ref_axis',(-2.22044604925031E-16,1.,5.39845945723982E-15));
#2964=DIRECTION('',(-2.22044604925031E-16,1.,5.39845945723982E-15));
#2965=DIRECTION('center_axis',(-2.22044604925031E-16,1.,5.39845945723982E-15));
#2966=DIRECTION('ref_axis',(5.96501334700462E-15,5.39845945723982E-15,-1.));
#2967=DIRECTION('',(-2.22044604925031E-16,1.,5.39845945723982E-15));
#2968=DIRECTION('center_axis',(2.22044604925031E-16,-1.,-5.39845945723982E-15));
#2969=DIRECTION('ref_axis',(5.39845945723982E-15,5.39845945723982E-15,-1.));
#2970=DIRECTION('center_axis',(-4.404381336721E-16,1.,5.39845945723982E-15));
#2971=DIRECTION('ref_axis',(-1.,-4.40438133672071E-16,-5.39845945723982E-15));
#2972=DIRECTION('',(2.22044604925031E-16,-1.,-5.39845945723982E-15));
#2973=DIRECTION('center_axis',(2.22044604925031E-16,-1.,-5.39845945723982E-15));
#2974=DIRECTION('ref_axis',(5.39845945723982E-15,5.39845945723982E-15,-1.));
#2975=DIRECTION('center_axis',(-4.404381336721E-16,1.,5.39845945723982E-15));
#2976=DIRECTION('ref_axis',(-1.,-4.40438133672071E-16,-5.39845945723982E-15));
#2977=DIRECTION('',(2.22044604925031E-16,-1.,-5.39845945723982E-15));
#2978=DIRECTION('center_axis',(5.39845945723982E-15,5.39845945723982E-15,
-1.));
#2979=DIRECTION('ref_axis',(-2.22044604925031E-16,1.,5.39845945723982E-15));
#2980=DIRECTION('center_axis',(-4.404381336721E-16,1.,5.39845945723982E-15));
#2981=DIRECTION('ref_axis',(-5.39845945723982E-15,-5.39845945723982E-15,
1.));
#2982=DIRECTION('center_axis',(-4.404381336721E-16,1.,5.39845945723982E-15));
#2983=DIRECTION('ref_axis',(-1.,-4.40438133672071E-16,-5.39845945723982E-15));
#2984=DIRECTION('center_axis',(-2.22044604925031E-16,1.,5.39845945723982E-15));
#2985=DIRECTION('ref_axis',(-5.39845945723982E-15,-5.39845945723982E-15,
1.));
#2986=DIRECTION('',(-2.22044604925031E-16,1.,5.39845945723982E-15));
#2987=DIRECTION('center_axis',(-4.404381336721E-16,1.,5.39845945723982E-15));
#2988=DIRECTION('ref_axis',(-5.39845945723982E-15,-5.39845945723982E-15,
1.));
#2989=DIRECTION('center_axis',(-4.404381336721E-16,1.,5.39845945723982E-15));
#2990=DIRECTION('ref_axis',(-1.,-4.40438133672071E-16,-5.39845945723982E-15));
#2991=DIRECTION('center_axis',(-2.22044604925031E-16,1.,5.39845945723982E-15));
#2992=DIRECTION('ref_axis',(-5.39845945723982E-15,-5.39845945723982E-15,
1.));
#2993=DIRECTION('',(-2.22044604925031E-16,1.,5.39845945723982E-15));
#2994=DIRECTION('center_axis',(2.22044604925031E-16,-1.,-5.39845945723982E-15));
#2995=DIRECTION('ref_axis',(5.39845945723982E-15,5.39845945723982E-15,-1.));
#2996=DIRECTION('center_axis',(3.65107617796223E-18,-1.,-5.39845945723982E-15));
#2997=DIRECTION('ref_axis',(1.,3.65107617793309E-18,5.39845945723982E-15));
#2998=DIRECTION('',(2.22044604925031E-16,-1.,-5.39845945723982E-15));
#2999=DIRECTION('center_axis',(2.22044604925031E-16,-1.,-5.39845945723982E-15));
#3000=DIRECTION('ref_axis',(5.39845945723982E-15,5.39845945723982E-15,-1.));
#3001=DIRECTION('center_axis',(3.65107617796223E-18,-1.,-5.39845945723982E-15));
#3002=DIRECTION('ref_axis',(1.,3.65107617793309E-18,5.39845945723982E-15));
#3003=DIRECTION('',(2.22044604925031E-16,-1.,-5.39845945723982E-15));
#3004=DIRECTION('center_axis',(-3.65107617796223E-18,1.,5.39845945723982E-15));
#3005=DIRECTION('ref_axis',(-5.39845945723982E-15,-5.39845945723982E-15,
1.));
#3006=DIRECTION('center_axis',(3.65107617796223E-18,-1.,-5.39845945723982E-15));
#3007=DIRECTION('ref_axis',(1.,3.65107617793309E-18,5.39845945723982E-15));
#3008=DIRECTION('center_axis',(-2.22044604925031E-16,1.,5.39845945723982E-15));
#3009=DIRECTION('ref_axis',(-5.39845945723982E-15,-5.39845945723982E-15,
1.));
#3010=DIRECTION('',(-2.22044604925031E-16,1.,5.39845945723982E-15));
#3011=DIRECTION('center_axis',(-3.65107617796223E-18,1.,5.39845945723982E-15));
#3012=DIRECTION('ref_axis',(-5.39845945723982E-15,-5.39845945723982E-15,
1.));
#3013=DIRECTION('center_axis',(3.65107617796223E-18,-1.,-5.39845945723982E-15));
#3014=DIRECTION('ref_axis',(1.,3.65107617793309E-18,5.39845945723982E-15));
#3015=DIRECTION('center_axis',(-2.22044604925031E-16,1.,5.39845945723982E-15));
#3016=DIRECTION('ref_axis',(-5.39845945723982E-15,-5.39845945723982E-15,
1.));
#3017=DIRECTION('',(-2.22044604925031E-16,1.,5.39845945723982E-15));
#3018=DIRECTION('center_axis',(-2.22044604925031E-16,1.,5.39845945723982E-15));
#3019=DIRECTION('ref_axis',(-1.,-2.22044604925006E-16,-4.6939780574118E-15));
#3020=DIRECTION('',(-2.22044604925031E-16,1.,5.39845945723982E-15));
#3021=DIRECTION('center_axis',(-5.39845945723982E-15,-5.39845945723982E-15,
1.));
#3022=DIRECTION('ref_axis',(2.22044604925031E-16,-1.,-5.39845945723982E-15));
#3023=DIRECTION('center_axis',(-2.22044604925031E-16,1.,5.39845945723982E-15));
#3024=DIRECTION('ref_axis',(-1.,-2.22044604925002E-16,-5.39845945723982E-15));
#3025=DIRECTION('',(-1.,-2.22044604925002E-16,-5.39845945723982E-15));
#3026=DIRECTION('center_axis',(-1.,-2.22044604925002E-16,-5.39845945723982E-15));
#3027=DIRECTION('ref_axis',(3.9742965360433E-15,-0.707106781186544,-0.707106781186551));
#3028=DIRECTION('',(1.,2.22044604925002E-16,5.39845945723982E-15));
#3029=DIRECTION('center_axis',(2.22044604925002E-16,-1.,1.61161817746324E-30));
#3030=DIRECTION('ref_axis',(1.,2.22044604925002E-16,5.39845945723982E-15));
#3031=DIRECTION('',(1.,2.22044604925002E-16,5.39845945723982E-15));
#3032=DIRECTION('center_axis',(-5.40201119115249E-15,-1.08420217248551E-16,
1.));
#3033=DIRECTION('ref_axis',(0.707106781186548,0.707106781186547,3.89646341614372E-15));
#3034=DIRECTION('center_axis',(-5.45397060847108E-15,-7.09974814698911E-30,
1.));
#3035=DIRECTION('ref_axis',(0.707106781186548,0.707106781186547,3.85653960164203E-15));
#3036=DIRECTION('center_axis',(0.,0.,1.));
#3037=DIRECTION('ref_axis',(0.707106781186548,0.707106781186547,0.));
#3038=DIRECTION('',(-5.39845945723982E-15,-7.88860905221012E-31,1.));
#3039=DIRECTION('',(-5.39845945723982E-15,-7.88860905221012E-31,1.));
#3040=DIRECTION('center_axis',(1.,2.22044604925002E-16,5.39845945723982E-15));
#3041=DIRECTION('ref_axis',(5.39845945723982E-15,5.39845945723982E-15,-1.));
#3042=DIRECTION('',(0.,0.,1.));
#3043=DIRECTION('',(-2.22044604925002E-16,1.,0.));
#3044=DIRECTION('',(-2.22044604925002E-16,1.,5.88872339795857E-30));
#3045=DIRECTION('center_axis',(-1.,-2.22044604925002E-16,-5.39845945723982E-15));
#3046=DIRECTION('ref_axis',(3.9742965360433E-15,-0.707106781186544,-0.707106781186551));
#3047=DIRECTION('center_axis',(-5.39845945723982E-15,-5.39845945723982E-15,
1.));
#3048=DIRECTION('ref_axis',(2.22044604925031E-16,-1.,-5.39845945723982E-15));
#3049=DIRECTION('',(0.,1.,5.39845945723982E-15));
#3050=DIRECTION('',(1.,2.22044604925002E-16,5.39845945723982E-15));
#3051=DIRECTION('center_axis',(-5.39845945723982E-15,-5.39845945723982E-15,
1.));
#3052=DIRECTION('ref_axis',(1.,0.,0.));
#3053=DIRECTION('center_axis',(-5.39845945723982E-15,-5.39845945723982E-15,
1.));
#3054=DIRECTION('ref_axis',(1.,0.,0.));
#3055=DIRECTION('center_axis',(-5.39845945723982E-15,-5.39845945723982E-15,
1.));
#3056=DIRECTION('ref_axis',(1.,0.,0.));
#3057=DIRECTION('center_axis',(-5.39845945723982E-15,-5.39845945723982E-15,
1.));
#3058=DIRECTION('ref_axis',(1.,0.,0.));
#3059=DIRECTION('center_axis',(0.,0.,-1.));
#3060=DIRECTION('ref_axis',(1.,0.,0.));
#3061=DIRECTION('center_axis',(0.,0.,-1.));
#3062=DIRECTION('ref_axis',(1.,0.,0.));
#3063=DIRECTION('',(0.,0.,-1.));
#3064=DIRECTION('center_axis',(0.,0.,-1.));
#3065=DIRECTION('ref_axis',(1.,0.,0.));
#3066=DIRECTION('center_axis',(5.45397060847108E-15,7.09974814698911E-30,
-1.));
#3067=DIRECTION('ref_axis',(1.,0.,0.));
#3068=DIRECTION('',(0.,0.,-1.));
#3069=DIRECTION('center_axis',(0.,0.,-1.));
#3070=DIRECTION('ref_axis',(1.,0.,0.));
#3071=DIRECTION('center_axis',(0.,0.,-1.));
#3072=DIRECTION('ref_axis',(1.,0.,0.));
#3073=DIRECTION('center_axis',(0.,0.,-1.));
#3074=DIRECTION('ref_axis',(1.,0.,0.));
#3075=DIRECTION('center_axis',(0.,0.,-1.));
#3076=DIRECTION('ref_axis',(1.,0.,0.));
#3077=DIRECTION('',(0.,0.,-1.));
#3078=DIRECTION('center_axis',(0.,0.,-1.));
#3079=DIRECTION('ref_axis',(1.,0.,0.));
#3080=DIRECTION('center_axis',(5.45397060847108E-15,7.09974814698911E-30,
-1.));
#3081=DIRECTION('ref_axis',(1.,0.,0.));
#3082=DIRECTION('',(0.,0.,-1.));
#3083=DIRECTION('center_axis',(0.,0.,-1.));
#3084=DIRECTION('ref_axis',(1.,0.,0.));
#3085=DIRECTION('center_axis',(0.,0.,-1.));
#3086=DIRECTION('ref_axis',(1.,0.,0.));
#3087=DIRECTION('center_axis',(0.,0.,-1.));
#3088=DIRECTION('ref_axis',(1.,0.,0.));
#3089=DIRECTION('center_axis',(0.,0.,-1.));
#3090=DIRECTION('ref_axis',(1.,0.,0.));
#3091=DIRECTION('',(0.,0.,-1.));
#3092=DIRECTION('center_axis',(0.,0.,-1.));
#3093=DIRECTION('ref_axis',(1.,0.,0.));
#3094=DIRECTION('center_axis',(5.45397060847108E-15,7.09974814698911E-30,
-1.));
#3095=DIRECTION('ref_axis',(1.,0.,0.));
#3096=DIRECTION('',(0.,0.,-1.));
#3097=DIRECTION('center_axis',(0.,0.,-1.));
#3098=DIRECTION('ref_axis',(1.,0.,0.));
#3099=DIRECTION('center_axis',(0.,0.,-1.));
#3100=DIRECTION('ref_axis',(1.,0.,0.));
#3101=DIRECTION('center_axis',(0.,0.,-1.));
#3102=DIRECTION('ref_axis',(1.,0.,0.));
#3103=DIRECTION('center_axis',(0.,0.,-1.));
#3104=DIRECTION('ref_axis',(1.,0.,0.));
#3105=DIRECTION('',(0.,0.,-1.));
#3106=DIRECTION('center_axis',(0.,0.,-1.));
#3107=DIRECTION('ref_axis',(1.,0.,0.));
#3108=DIRECTION('center_axis',(5.45397060847108E-15,7.09974814698911E-30,
-1.));
#3109=DIRECTION('ref_axis',(1.,0.,0.));
#3110=DIRECTION('',(0.,0.,-1.));
#3111=DIRECTION('center_axis',(0.,0.,-1.));
#3112=DIRECTION('ref_axis',(1.,0.,0.));
#3113=DIRECTION('center_axis',(0.,0.,-1.));
#3114=DIRECTION('ref_axis',(1.,0.,0.));
#3115=DIRECTION('center_axis',(5.45397060847108E-15,7.09974814698911E-30,
-1.));
#3116=DIRECTION('ref_axis',(2.22044604925001E-16,-1.,-5.88872339795858E-30));
#3117=DIRECTION('',(0.,-1.,-7.09974814698911E-30));
#3118=DIRECTION('center_axis',(-5.39845945723982E-15,-7.09974814698911E-30,
1.));
#3119=DIRECTION('ref_axis',(5.33777814091738E-16,1.,9.98132603553745E-30));
#3120=DIRECTION('',(1.,2.22044604925002E-16,5.39845945723982E-15));
#3121=DIRECTION('center_axis',(-5.39845945723982E-15,-7.09974814698911E-30,
1.));
#3122=DIRECTION('ref_axis',(5.33777814091738E-16,1.,9.98132603553745E-30));
#3123=DIRECTION('center_axis',(-5.39845945723982E-15,-7.88860905221012E-31,
1.));
#3124=DIRECTION('ref_axis',(5.33777814091738E-16,1.,3.67043879376935E-30));
#3125=DIRECTION('',(5.39845945723982E-15,7.88860905221012E-31,-1.));
#3126=DIRECTION('center_axis',(0.,0.,1.));
#3127=DIRECTION('ref_axis',(5.33777814091738E-16,1.,0.));
#3128=DIRECTION('center_axis',(-5.39845945723982E-15,-7.88860905221012E-31,
1.));
#3129=DIRECTION('ref_axis',(5.33777814091738E-16,1.,3.67043879376935E-30));
#3130=DIRECTION('',(-5.39845945723982E-15,-7.88860905221012E-31,1.));
#3131=DIRECTION('center_axis',(0.,0.,1.));
#3132=DIRECTION('ref_axis',(5.33777814091738E-16,1.,0.));
#3133=DIRECTION('center_axis',(0.,0.,1.));
#3134=DIRECTION('ref_axis',(-1.,0.,0.));
#3135=DIRECTION('',(0.,-1.,0.));
#3136=DIRECTION('center_axis',(0.,0.,1.));
#3137=DIRECTION('ref_axis',(-1.,0.,0.));
#3138=DIRECTION('center_axis',(0.,0.,1.));
#3139=DIRECTION('ref_axis',(-1.,0.,0.));
#3140=DIRECTION('',(0.,-1.,0.));
#3141=DIRECTION('center_axis',(0.,0.,1.));
#3142=DIRECTION('ref_axis',(-1.,0.,0.));
#3143=DIRECTION('center_axis',(0.,0.,1.));
#3144=DIRECTION('ref_axis',(0.999996379822091,0.00269078849262075,0.));
#3145=DIRECTION('',(0.,0.,-1.));
#3146=DIRECTION('center_axis',(0.,0.,1.));
#3147=DIRECTION('ref_axis',(0.999996379822091,0.00269078849262075,0.));
#3148=DIRECTION('',(0.,0.,1.));
#3149=DIRECTION('center_axis',(-1.,-2.22044604925002E-16,-5.39845945723982E-15));
#3150=DIRECTION('ref_axis',(3.9742965360433E-15,-0.707106781186544,-0.707106781186551));
#3151=DIRECTION('center_axis',(1.,0.,0.));
#3152=DIRECTION('ref_axis',(3.9742965360433E-15,-0.707106781186544,-0.707106781186551));
#3153=DIRECTION('center_axis',(1.,0.,0.));
#3154=DIRECTION('ref_axis',(0.,0.,-1.));
#3155=CARTESIAN_POINT('',(0.,0.,0.));
#3156=CARTESIAN_POINT('Origin',(-12.5,-0.439022756297365,20.7152944226304));
#3157=CARTESIAN_POINT('',(-12.5,-22.6587637649449,10.435));
#3158=CARTESIAN_POINT('',(-12.4999999999994,-22.6587637649455,4.74269614767373));
#3159=CARTESIAN_POINT('',(-12.5,-22.6587637649449,3.435));
#3160=CARTESIAN_POINT('',(-12.5,22.6587637649449,10.435));
#3161=CARTESIAN_POINT('',(-12.5,-0.219511378148682,10.435));
#3162=CARTESIAN_POINT('',(-12.5000000000012,22.6587637649436,5.42961015398767));
#3163=CARTESIAN_POINT('',(-12.5,22.6587637649449,3.435));
#3164=CARTESIAN_POINT('',(-12.5,19.0093231946673,3.43500000000004));
#3165=CARTESIAN_POINT('Ctrl Pts',(-12.5,19.0093231946673,3.43500000000005));
#3166=CARTESIAN_POINT('Ctrl Pts',(-12.5,19.3562959407681,3.43500000000005));
#3167=CARTESIAN_POINT('Ctrl Pts',(-12.5,19.76877034447,3.4918030888568));
#3168=CARTESIAN_POINT('Ctrl Pts',(-12.5,20.4424378157387,3.67960345494805));
#3169=CARTESIAN_POINT('Ctrl Pts',(-12.5,20.8304385555719,3.84772392245278));
#3170=CARTESIAN_POINT('Ctrl Pts',(-12.5,21.4376619365552,4.21207755832169));
#3171=CARTESIAN_POINT('Ctrl Pts',(-12.5,21.7712243556236,4.47852912017363));
#3172=CARTESIAN_POINT('Ctrl Pts',(-12.5,22.1176425366498,4.82324124374587));
#3173=CARTESIAN_POINT('Ctrl Pts',(-12.5,22.2263027325281,4.94003772587376));
#3174=CARTESIAN_POINT('Ctrl Pts',(-12.5,22.3597165608351,5.09050260549089));
#3175=CARTESIAN_POINT('Ctrl Pts',(-12.5,22.4133051729875,5.15228813246858));
#3176=CARTESIAN_POINT('Ctrl Pts',(-12.5,22.5041191367946,5.25729362126509));
#3177=CARTESIAN_POINT('Ctrl Pts',(-12.5,22.5595544870292,5.32147372372216));
#3178=CARTESIAN_POINT('Ctrl Pts',(-12.5,22.6231965202121,5.39167568088449));
#3179=CARTESIAN_POINT('Ctrl Pts',(-12.5,22.6406516869655,5.41061253710502));
#3180=CARTESIAN_POINT('Ctrl Pts',(-12.5,22.658763764942,5.42961015398919));
#3181=CARTESIAN_POINT('',(-12.5,-17.7146911786218,3.43499999999984));
#3182=CARTESIAN_POINT('',(-12.5,-2.27485353543192,3.43499999999992));
#3183=CARTESIAN_POINT('Origin',(-12.5,-17.7146911786218,13.4349999999998));
#3184=CARTESIAN_POINT('Ctrl Pts',(-8.154456388932,22.1781444645205,3.43500000000007));
#3185=CARTESIAN_POINT('Ctrl Pts',(-8.88436505314358,18.6401823727124,3.43500000000006));
#3186=CARTESIAN_POINT('Ctrl Pts',(-12.478160106353,19.0070332098237,3.43500000000005));
#3187=CARTESIAN_POINT('Ctrl Pts',(-16.0719551595448,19.3738840469155,3.43500000000004));
#3188=CARTESIAN_POINT('Ctrl Pts',(-16.071955159527,22.9863544510877,3.43500000000005));
#3189=CARTESIAN_POINT('Ctrl Pts',(-12.071955159527,22.9863544510877,3.43500000000002));
#3190=CARTESIAN_POINT('Ctrl Pts',(-12.071955159527,22.9863544510877,3.43500000000002));
#3191=CARTESIAN_POINT('Ctrl Pts',(-12.071955159527,22.9863544510877,3.43500000000002));
#3192=CARTESIAN_POINT('Ctrl Pts',(-12.071955159527,22.9863544510877,3.43500000000002));
#3193=CARTESIAN_POINT('Ctrl Pts',(-12.071955159527,22.9863544510877,3.43500000000002));
#3194=CARTESIAN_POINT('Ctrl Pts',(-12.071955159527,22.9863544510877,7.43500000000006));
#3195=CARTESIAN_POINT('Ctrl Pts',(-12.071955159527,22.9863544510877,7.43500000000006));
#3196=CARTESIAN_POINT('Ctrl Pts',(-12.071955159527,22.9863544510877,7.43500000000006));
#3197=CARTESIAN_POINT('Ctrl Pts',(-12.071955159527,22.9863544510877,7.43500000000006));
#3198=CARTESIAN_POINT('Ctrl Pts',(-12.071955159527,22.9863544510877,7.43500000000006));
#3199=CARTESIAN_POINT('',(-12.1777893825172,22.8335503395909,6.2298195165142));
#3200=CARTESIAN_POINT('Ctrl Pts',(-12.5000000000021,22.6587637649437,5.42961015398812));
#3201=CARTESIAN_POINT('Ctrl Pts',(-12.4476073728287,22.6876668351403,5.5317320288883));
#3202=CARTESIAN_POINT('Ctrl Pts',(-12.3990280366085,22.7142312878893,5.63621289378659));
#3203=CARTESIAN_POINT('Ctrl Pts',(-12.2998037763189,22.7681402227015,5.87217011479022));
#3204=CARTESIAN_POINT('Ctrl Pts',(-12.2526862547936,22.7935037806763,5.99987929852913));
#3205=CARTESIAN_POINT('Ctrl Pts',(-12.197276191569,22.8231500652211,6.16827352472821));
#3206=CARTESIAN_POINT('Ctrl Pts',(-12.1872112825921,22.8285253691859,6.19976827461669));
#3207=CARTESIAN_POINT('Ctrl Pts',(-12.1777893825172,22.8335503395909,6.2298195165142));
#3208=CARTESIAN_POINT('',(-12.1777896010676,22.907440546284,6.41583288032285));
#3209=CARTESIAN_POINT('Ctrl Pts',(-12.1777893825172,22.8335503395909,6.22981951651422));
#3210=CARTESIAN_POINT('Ctrl Pts',(-12.1777893825172,22.8500322838446,6.27270025689706));
#3211=CARTESIAN_POINT('Ctrl Pts',(-12.1777893825172,22.8659912669634,6.31465447346049));
#3212=CARTESIAN_POINT('Ctrl Pts',(-12.1777893825172,22.8895035498689,6.37353996638894));
#3213=CARTESIAN_POINT('Ctrl Pts',(-12.1777893825172,22.8982270557326,6.39493079513217));
#3214=CARTESIAN_POINT('Ctrl Pts',(-12.1777893825172,22.907440546284,6.41583288032287));
#3215=CARTESIAN_POINT('',(-12.1770108812127,22.9863544510877,6.52428101544604));
#3216=CARTESIAN_POINT('Ctrl Pts',(-12.1777893825172,22.907440546284,6.41583288032284));
#3217=CARTESIAN_POINT('Ctrl Pts',(-12.1777893825172,22.9097408967007,6.42105154529125));
#3218=CARTESIAN_POINT('Ctrl Pts',(-12.1777874000688,22.9120088911719,6.42609905847775));
#3219=CARTESIAN_POINT('Ctrl Pts',(-12.1777587836262,22.9288255303482,6.46270687944294));
#3220=CARTESIAN_POINT('Ctrl Pts',(-12.1776595391501,22.9421265348764,6.48699640788399));
#3221=CARTESIAN_POINT('Ctrl Pts',(-12.1774393557063,22.9606644688692,6.50993992299296));
#3222=CARTESIAN_POINT('Ctrl Pts',(-12.1773596757116,22.9663519834395,6.51542679959279));
#3223=CARTESIAN_POINT('Ctrl Pts',(-12.1772251660779,22.9746715681485,6.5207364127909));
#3224=CARTESIAN_POINT('Ctrl Pts',(-12.1771782194627,22.9774223066955,6.52212055909506));
#3225=CARTESIAN_POINT('Ctrl Pts',(-12.1770891538993,22.9823085297247,6.52369174805532));
#3226=CARTESIAN_POINT('Ctrl Pts',(-12.1770511699058,22.9843126891496,6.52410870958981));
#3227=CARTESIAN_POINT('Ctrl Pts',(-12.1770108812128,22.9863544510877,6.52428101544591));
#3228=CARTESIAN_POINT('',(-12.071955159527,22.9863544510877,7.43500000000006));
#3229=CARTESIAN_POINT('Origin',(-16.071955159527,22.9863544510877,7.43500000000004));
#3230=CARTESIAN_POINT('',(-8.1544563889321,22.17814446452,3.43500000000008));
#3231=CARTESIAN_POINT('Origin',(-8.15445638893212,22.17814446452,7.43500000000008));
#3232=CARTESIAN_POINT('Origin',(-12.071955159527,22.9863544510877,3.43500000000006));
#3233=CARTESIAN_POINT('Origin',(0.,0.,10.435));
#3234=CARTESIAN_POINT('',(-12.1750816962834,-22.8349942203716,10.435));
#3235=CARTESIAN_POINT('Origin',(0.,0.,10.435));
#3236=CARTESIAN_POINT('',(-12.1749504933479,-18.282790284088,10.435));
#3237=CARTESIAN_POINT('',(-12.1750816962834,-13.611954016061,10.435));
#3238=CARTESIAN_POINT('',(-12.1777896010676,-18.1147452469118,10.435));
#3239=CARTESIAN_POINT('Ctrl Pts',(-12.1777893825172,-18.1147452469118,10.435));
#3240=CARTESIAN_POINT('Ctrl Pts',(-12.1777893825172,-18.1427536074248,10.435));
#3241=CARTESIAN_POINT('Ctrl Pts',(-12.177548029391,-18.1707718733163,10.435));
#3242=CARTESIAN_POINT('Ctrl Pts',(-12.176597228597,-18.2267764744153,10.435));
#3243=CARTESIAN_POINT('Ctrl Pts',(-12.1758875391269,-18.254781482471,10.435));
#3244=CARTESIAN_POINT('Ctrl Pts',(-12.1749498020177,-18.2827700858882,10.435));
#3245=CARTESIAN_POINT('',(-12.1777896010676,6.98635394244253,10.435));
#3246=CARTESIAN_POINT('',(-12.1777893825172,12.4931772144759,10.435));
#3247=CARTESIAN_POINT('',(-12.1777893825172,12.9863544289517,10.435));
#3248=CARTESIAN_POINT('Ctrl Pts',(-12.1777893825172,12.9863544289517,10.435));
#3249=CARTESIAN_POINT('Ctrl Pts',(-12.1777893721781,12.6911932432857,10.435));
#3250=CARTESIAN_POINT('Ctrl Pts',(-12.1660864889782,12.337193697257,10.435));
#3251=CARTESIAN_POINT('Ctrl Pts',(-12.1228007845424,11.3998905177357,10.435));
#3252=CARTESIAN_POINT('Ctrl Pts',(-12.0767687936023,10.6294953814851,10.435));
#3253=CARTESIAN_POINT('Ctrl Pts',(-12.0767687936023,9.34321347641863,10.435));
#3254=CARTESIAN_POINT('Ctrl Pts',(-12.1228007845424,8.57281834016801,10.435));
#3255=CARTESIAN_POINT('Ctrl Pts',(-12.1660864889782,7.63551516064671,10.435));
#3256=CARTESIAN_POINT('Ctrl Pts',(-12.1777893825172,7.28151512810853,10.435));
#3257=CARTESIAN_POINT('Ctrl Pts',(-12.1777893825172,6.98635394244253,10.435));
#3258=CARTESIAN_POINT('',(-12.1777893825172,22.8335503395909,10.435));
#3259=CARTESIAN_POINT('',(-12.1777893825172,12.4931772144759,10.435));
#3260=CARTESIAN_POINT('Origin',(0.,0.,10.435));
#3261=CARTESIAN_POINT('Origin',(0.,0.,3.435));
#3262=CARTESIAN_POINT('',(-12.1750816962834,-22.8349942203716,4.8453261551645));
#3263=CARTESIAN_POINT('Ctrl Pts',(-12.1751039446193,-22.8349823580684,4.84531908405875));
#3264=CARTESIAN_POINT('Ctrl Pts',(-12.2838004320144,-22.777027812201,4.81077249811251));
#3265=CARTESIAN_POINT('Ctrl Pts',(-12.3921032570545,-22.7182863982539,4.77655186931044));
#3266=CARTESIAN_POINT('Ctrl Pts',(-12.5000000000007,-22.6587637649445,4.74269614767316));
#3267=CARTESIAN_POINT('',(-12.1750816962834,-22.8349942203716,3.435));
#3268=CARTESIAN_POINT('Origin',(0.,0.,3.435));
#3269=CARTESIAN_POINT('',(-12.1777893825172,22.8335503395909,3.435));
#3270=CARTESIAN_POINT('Origin',(11.8222107962966,16.4760919678779,27.9999997697398));
#3271=CARTESIAN_POINT('',(11.8222106174828,12.9863544289517,11.0849907595013));
#3272=CARTESIAN_POINT('',(11.822210707252,16.476091967878,11.0849907589081));
#3273=CARTESIAN_POINT('',(11.8222106174828,23.5820719317793,11.0849907589081));
#3274=CARTESIAN_POINT('',(11.8222107065218,12.9863544289517,10.435));
#3275=CARTESIAN_POINT('',(11.8222106174828,12.9863544289517,6.08499112379021));
#3276=CARTESIAN_POINT('',(11.8222108956378,22.907440546284,10.435));
#3277=CARTESIAN_POINT('',(11.8222107962967,8.23804598393896,10.435));
#3278=CARTESIAN_POINT('',(11.8222108360331,22.907440546284,11.0849907589081));
#3279=CARTESIAN_POINT('',(11.8222112731338,22.907440546284,6.08499075890809));
#3280=CARTESIAN_POINT('',(11.8222107366921,21.9760919678781,11.0849907589081));
#3281=CARTESIAN_POINT('',(11.8222106174828,23.5820719317793,11.0849907589081));
#3282=CARTESIAN_POINT('',(11.8222107068896,21.976091967878,26.0000004172327));
#3283=CARTESIAN_POINT('',(11.8222107962967,21.9760919678781,11.99999988487));
#3284=CARTESIAN_POINT('',(11.822210736692,19.976091967878,26.0000003348164));
#3285=CARTESIAN_POINT('',(11.8222107962966,16.4760919678779,26.0000004172327));
#3286=CARTESIAN_POINT('',(11.8222107962966,19.976091967878,22.9000000000002));
#3287=CARTESIAN_POINT('',(11.8222107962966,19.976091967878,25.99999988487));
#3288=CARTESIAN_POINT('',(11.8222107962966,17.976091967878,22.9000000000002));
#3289=CARTESIAN_POINT('',(11.8222107962966,-16.6025155029132,22.9));
#3290=CARTESIAN_POINT('',(11.8222107962966,17.976091967878,18.5685517452263));
#3291=CARTESIAN_POINT('',(11.8222107962967,17.9760919678781,11.99999988487));
#3292=CARTESIAN_POINT('',(11.8222107962966,16.476091967878,18.5685517452263));
#3293=CARTESIAN_POINT('',(11.8222107962966,16.476091967878,18.5685517452263));
#3294=CARTESIAN_POINT('',(11.8222107962966,16.4760919678779,26.2549145534917));
#3295=CARTESIAN_POINT('Origin',(-7.17508169628348,-50.2239080321221,25.5524203433857));
#3296=CARTESIAN_POINT('',(-12.1750816962834,-26.2511426259747,11.0849907589079));
#3297=CARTESIAN_POINT('',(-12.0727606872797,-27.4346426479855,11.0849907589081));
#3298=CARTESIAN_POINT('Ctrl Pts',(-12.1750816962834,-26.2511426259747,11.0849907589079));
#3299=CARTESIAN_POINT('Ctrl Pts',(-12.1750816962834,-26.6248466827042,11.0849907589079));
#3300=CARTESIAN_POINT('Ctrl Pts',(-12.142521520678,-27.0324962593627,11.0849907589079));
#3301=CARTESIAN_POINT('Ctrl Pts',(-12.0727606872797,-27.4346426479855,11.0849907589079));
#3302=CARTESIAN_POINT('',(-12.1750816962834,-27.0468375771291,9.84180593387601));
#3303=CARTESIAN_POINT('Origin',(-12.1750816962835,-50.2239080321221,25.5524203433857));
#3304=CARTESIAN_POINT('Ctrl Pts',(-12.0727606872797,-27.4346426479854,11.0849907589081));
#3305=CARTESIAN_POINT('Ctrl Pts',(-12.0928342781228,-27.4027274069368,10.9529850677386));
#3306=CARTESIAN_POINT('Ctrl Pts',(-12.1104141647075,-27.3680352500552,10.8212656805368));
#3307=CARTESIAN_POINT('Ctrl Pts',(-12.125086372797,-27.3305381076273,10.6899156956594));
#3308=CARTESIAN_POINT('Ctrl Pts',(-12.1481783876014,-27.271522820849,10.4831890886718));
#3309=CARTESIAN_POINT('Ctrl Pts',(-12.1639197641779,-27.2059172106353,10.278647944071));
#3310=CARTESIAN_POINT('Ctrl Pts',(-12.1709358198156,-27.1339463544712,10.0767814347134));
#3311=CARTESIAN_POINT('Ctrl Pts',(-12.1736725421302,-27.1058729955593,9.99804024318757));
#3312=CARTESIAN_POINT('Ctrl Pts',(-12.1750816962834,-27.0768316567336,9.91970574579996));
#3313=CARTESIAN_POINT('Ctrl Pts',(-12.1750816962834,-27.0468375771291,9.84180593387601));
#3314=CARTESIAN_POINT('Origin',(-12.1750816962834,-27.2239080321219,2.00000002980211));
#3315=CARTESIAN_POINT('Origin',(-12.1750816962834,-17.7146911786218,13.4349999999998));
#3316=CARTESIAN_POINT('',(-12.1750816962834,-25.1527453236219,11.0849907589079));
#3317=CARTESIAN_POINT('',(-12.1750816962834,-13.832019644482,11.0849907589079));
#3318=CARTESIAN_POINT('',(-12.1750816962835,-22.2239080321221,23.5524203433858));
#3319=CARTESIAN_POINT('Origin',(-12.1750816962835,-50.2239080321221,23.5524203433857));
#3320=CARTESIAN_POINT('',(-12.1750816739328,-22.2239080321221,25.7450896555738));
#3321=CARTESIAN_POINT('',(-12.1750816962834,-22.223908032122,13.000000014901));
#3322=CARTESIAN_POINT('',(-12.1750816072785,-18.2239080321221,25.7450854506191));
#3323=CARTESIAN_POINT('',(-12.1750816962835,-27.2239080321221,25.7450854465083));
#3324=CARTESIAN_POINT('',(-12.1750816962834,-18.223908032122,11.0849907589079));
#3325=CARTESIAN_POINT('',(-12.1750816962834,-18.2239080321219,2.98021571309981E-8));
#3326=CARTESIAN_POINT('',(-12.1750816962834,-18.2787873759763,11.0849907589079));
#3327=CARTESIAN_POINT('',(-12.1750816962834,-13.5984836784621,11.0849907589079));
#3328=CARTESIAN_POINT('',(-12.1749504932741,-18.2827902839044,11.0849907589079));
#3329=CARTESIAN_POINT('Ctrl Pts',(-12.1750816962834,-18.2787873759763,11.0849907589079));
#3330=CARTESIAN_POINT('Ctrl Pts',(-12.175037961947,-18.280121678619,11.0849907589079));
#3331=CARTESIAN_POINT('Ctrl Pts',(-12.1749942276106,-18.2814559812617,11.0849907589079));
#3332=CARTESIAN_POINT('Ctrl Pts',(-12.1749504932741,-18.2827902839044,11.0849907589079));
#3333=CARTESIAN_POINT('',(-12.1749493450445,-18.2827837246077,10.435));
#3334=CARTESIAN_POINT('Ctrl Pts',(-12.0719551595292,22.9863544510771,7.4350000000002));
#3335=CARTESIAN_POINT('Ctrl Pts',(-11.2488417666126,26.9760919678829,7.43500000000218));
#3336=CARTESIAN_POINT('Ctrl Pts',(-7.17508169628372,26.976091967878,7.43500000000011));
#3337=CARTESIAN_POINT('Ctrl Pts',(-12.0719551595289,22.9863544510791,3.43499999999927));
#3338=CARTESIAN_POINT('Ctrl Pts',(-11.2488417666127,26.976091967883,3.43500000000126));
#3339=CARTESIAN_POINT('Ctrl Pts',(-7.17508169628575,26.9760919678781,3.43499999999919));
#3340=CARTESIAN_POINT('Ctrl Pts',(-8.15445638893137,22.1781444645198,3.43499999999997));
#3341=CARTESIAN_POINT('Ctrl Pts',(-7.98983371034864,22.9760919678782,3.43500000000037));
#3342=CARTESIAN_POINT('Ctrl Pts',(-7.17508169628575,22.9760919678772,3.43499999999996));
#3343=CARTESIAN_POINT('',(-7.1750816962834,26.9760919678781,7.43500000000011));
#3344=CARTESIAN_POINT('Origin',(-7.1750816962834,21.9760919678781,7.43500000000008));
#3345=CARTESIAN_POINT('',(-7.17508169628338,22.9760919678781,3.43500000000009));
#3346=CARTESIAN_POINT('Origin',(-7.1750816962834,22.9760919678781,7.43500000000009));
#3347=CARTESIAN_POINT('Origin',(-7.17508169628338,21.9760919678781,3.43500000000008));
#3348=CARTESIAN_POINT('Origin',(0.400102958447207,22.9760919678781,7.43500000000013));
#3349=CARTESIAN_POINT('',(6.82221079629671,26.9760919678781,7.43500000000018));
#3350=CARTESIAN_POINT('',(6.82221079629673,22.9760919678781,3.43500000000016));
#3351=CARTESIAN_POINT('Origin',(6.82221079629671,22.9760919678781,7.43500000000016));
#3352=CARTESIAN_POINT('',(0.400102958447229,22.9760919678781,3.43500000000013));
#3353=CARTESIAN_POINT('',(0.400102958447205,26.9760919678781,7.43500000000015));
#3354=CARTESIAN_POINT('Ctrl Pts',(6.82221079629716,26.9760919678781,7.43500000000059));
#3355=CARTESIAN_POINT('Ctrl Pts',(10.8143991645655,26.9760919678842,7.43500000000323));
#3356=CARTESIAN_POINT('Ctrl Pts',(11.6981579598085,23.0829520577901,7.43500000000019));
#3357=CARTESIAN_POINT('Ctrl Pts',(6.82221079629981,26.9760919678785,3.43499999999917));
#3358=CARTESIAN_POINT('Ctrl Pts',(10.8143991645655,26.9760919678847,3.43500000000182));
#3359=CARTESIAN_POINT('Ctrl Pts',(11.698157959808,23.0829520577931,3.43499999999878));
#3360=CARTESIAN_POINT('Ctrl Pts',(6.82221079629981,22.9760919678771,3.43500000000001));
#3361=CARTESIAN_POINT('Ctrl Pts',(7.62064846994928,22.9760919678783,3.43500000000054));
#3362=CARTESIAN_POINT('Ctrl Pts',(7.79740022899695,22.1974639858636,3.43499999999993));
#3363=CARTESIAN_POINT('',(11.6981579598047,23.0829520578074,7.43500000000019));
#3364=CARTESIAN_POINT('',(7.79740022899833,22.197463985864,3.43500000000016));
#3365=CARTESIAN_POINT('Origin',(7.7974002289983,22.1974639858639,7.43500000000016));
#3366=CARTESIAN_POINT('Origin',(6.82221079629673,21.9760919678781,3.43500000000016));
#3367=CARTESIAN_POINT('Origin',(6.82221079629671,21.9760919678781,7.43500000000016));
#3368=CARTESIAN_POINT('Ctrl Pts',(15.2663049581163,21.2751005709754,3.43500000000022));
#3369=CARTESIAN_POINT('Ctrl Pts',(13.9964245952098,18.7687443585748,3.43500000000016));
#3370=CARTESIAN_POINT('Ctrl Pts',(11.2079069606992,19.1131089931667,3.43500000000017));
#3371=CARTESIAN_POINT('Ctrl Pts',(8.41938932618856,19.4574736277586,3.43500000000017));
#3372=CARTESIAN_POINT('Ctrl Pts',(7.79740022899822,22.197463985864,3.43500000000023));
#3373=CARTESIAN_POINT('Ctrl Pts',(11.6981579598047,23.0829520578075,3.43500000000016));
#3374=CARTESIAN_POINT('Ctrl Pts',(11.6981579598047,23.0829520578075,3.43500000000016));
#3375=CARTESIAN_POINT('Ctrl Pts',(11.6981579598047,23.0829520578075,3.43500000000016));
#3376=CARTESIAN_POINT('Ctrl Pts',(11.6981579598047,23.0829520578075,3.43500000000016));
#3377=CARTESIAN_POINT('Ctrl Pts',(11.6981579598047,23.0829520578075,3.43500000000016));
#3378=CARTESIAN_POINT('Ctrl Pts',(11.6981579598047,23.0829520578074,7.43500000000025));
#3379=CARTESIAN_POINT('Ctrl Pts',(11.6981579598047,23.0829520578074,7.43500000000025));
#3380=CARTESIAN_POINT('Ctrl Pts',(11.6981579598047,23.0829520578074,7.43500000000025));
#3381=CARTESIAN_POINT('Ctrl Pts',(11.6981579598047,23.0829520578074,7.43500000000025));
#3382=CARTESIAN_POINT('Ctrl Pts',(11.6981579598047,23.0829520578074,7.43500000000025));
#3383=CARTESIAN_POINT('',(12.5,19.1641449251999,3.43500000000017));
#3384=CARTESIAN_POINT('',(12.500000000005,22.6587637649393,4.89843532035705));
#3385=CARTESIAN_POINT('Ctrl Pts',(12.5,19.1641449252,3.43500000000017));
#3386=CARTESIAN_POINT('Ctrl Pts',(12.5,19.4661078144596,3.43500000000017));
#3387=CARTESIAN_POINT('Ctrl Pts',(12.5,19.7949278737854,3.47006174882159));
#3388=CARTESIAN_POINT('Ctrl Pts',(12.5,20.4354158348243,3.61716660477239));
#3389=CARTESIAN_POINT('Ctrl Pts',(12.5,20.7470956240284,3.7291579495039));
#3390=CARTESIAN_POINT('Ctrl Pts',(12.5,21.305998884377,3.98936224568102));
#3391=CARTESIAN_POINT('Ctrl Pts',(12.5,21.6296921177668,4.18350683317112));
#3392=CARTESIAN_POINT('Ctrl Pts',(12.5,21.9800523912282,4.42600646952976));
#3393=CARTESIAN_POINT('Ctrl Pts',(12.5,22.0885855491057,4.50436679240641));
#3394=CARTESIAN_POINT('Ctrl Pts',(12.5,22.2764583573721,4.64132797602833));
#3395=CARTESIAN_POINT('Ctrl Pts',(12.5,22.393416198422,4.72725713372724));
#3396=CARTESIAN_POINT('Ctrl Pts',(12.5,22.5438510748308,4.82864784980431));
#3397=CARTESIAN_POINT('Ctrl Pts',(12.5,22.6023295155046,4.86625820516317));
#3398=CARTESIAN_POINT('Ctrl Pts',(12.5,22.6587637649347,4.89843532036521));
#3399=CARTESIAN_POINT('Origin',(11.6981579598047,23.0829520578074,3.43500000000019));
#3400=CARTESIAN_POINT('Ctrl Pts',(11.6981579598047,23.0829520578074,7.43500000000019));
#3401=CARTESIAN_POINT('Ctrl Pts',(11.698157951394,23.0829520412112,7.39613075623891));
#3402=CARTESIAN_POINT('Ctrl Pts',(11.6986633324807,23.0826959619711,7.35726151084854));
#3403=CARTESIAN_POINT('Ctrl Pts',(11.7110429721786,23.0764210899266,6.88131779554739));
#3404=CARTESIAN_POINT('Ctrl Pts',(11.7863847271634,23.0385325105709,6.44928808205505));
#3405=CARTESIAN_POINT('Ctrl Pts',(12.0587364290715,22.8971671312235,5.62499746089633));
#3406=CARTESIAN_POINT('Ctrl Pts',(12.2550204449599,22.7939099039739,5.23952831773538));
#3407=CARTESIAN_POINT('Ctrl Pts',(12.50000000001,22.6587637649393,4.89843532035705));
#3408=CARTESIAN_POINT('Origin',(6.82221079629667,21.976091967878,13.99999988487));
#3409=CARTESIAN_POINT('',(11.7190842595403,22.9863544510877,11.0849907589081));
#3410=CARTESIAN_POINT('',(11.7190842595403,22.9863544510877,10.435));
#3411=CARTESIAN_POINT('',(11.7190842595402,22.9863544510877,13.99999988487));
#3412=CARTESIAN_POINT('',(11.6981579598047,23.0829520578075,10.4350000000002));
#3413=CARTESIAN_POINT('Origin',(6.82221079629669,21.9760919678781,10.4350000000002));
#3414=CARTESIAN_POINT('',(11.6981579598047,23.0829520578074,3.43500000000017));
#3415=CARTESIAN_POINT('',(6.82221079629664,26.976091967878,19.2934190668906));
#3416=CARTESIAN_POINT('',(6.82221079629668,26.976091967878,11.99999988487));
#3417=CARTESIAN_POINT('',(6.82221079629662,26.976091967878,22.8070859964981));
#3418=CARTESIAN_POINT('Ctrl Pts',(6.82221079629661,26.976091967878,19.2934190668906));
#3419=CARTESIAN_POINT('Ctrl Pts',(7.00122315914423,26.976091967878,19.5023293532073));
#3420=CARTESIAN_POINT('Ctrl Pts',(7.15389872579804,26.9662931839507,19.7473974924948));
#3421=CARTESIAN_POINT('Ctrl Pts',(7.40314093319357,26.9442052549738,20.3444746279848));
#3422=CARTESIAN_POINT('Ctrl Pts',(7.47195808578856,26.9336950641129,20.7084731655427));
#3423=CARTESIAN_POINT('Ctrl Pts',(7.47195808578855,26.9336950641129,21.3895845037484));
#3424=CARTESIAN_POINT('Ctrl Pts',(7.40411425890929,26.9440402290931,21.751152462847));
#3425=CARTESIAN_POINT('Ctrl Pts',(7.15641346203322,26.966131792504,22.3490704509019));
#3426=CARTESIAN_POINT('Ctrl Pts',(7.00257836547926,26.9760919678779,22.5965941627455));
#3427=CARTESIAN_POINT('Ctrl Pts',(6.82221079629664,26.9760919678779,22.8070859964981));
#3428=CARTESIAN_POINT('',(6.82221070725757,26.976091967878,26.0000004172327));
#3429=CARTESIAN_POINT('',(6.82221079629668,26.976091967878,11.99999988487));
#3430=CARTESIAN_POINT('Origin',(6.82221079629661,21.976091967878,26.0000004172327));
#3431=CARTESIAN_POINT('Origin',(6.82221079629669,21.9760919678781,11.0849907589082));
#3432=CARTESIAN_POINT('Origin',(-0.177789382517195,26.9760919678781,1.45188028266574E-13));
#3433=CARTESIAN_POINT('',(-7.17508169628347,26.976091967878,19.2902638653021));
#3434=CARTESIAN_POINT('',(-7.17508169628339,26.9760919678781,4.00000000000011));
#3435=CARTESIAN_POINT('',(-5.12753685082314,26.976091967878,18.3502525316943));
#3436=CARTESIAN_POINT('Origin',(-5.12753685082316,26.976091967878,21.0502525316943));
#3437=CARTESIAN_POINT('',(-7.17508169628349,26.976091967878,22.8102411980865));
#3438=CARTESIAN_POINT('Origin',(-5.12753685082316,26.976091967878,21.0502525316943));
#3439=CARTESIAN_POINT('',(-7.1750816962835,26.976091967878,25.8053200685505));
#3440=CARTESIAN_POINT('',(-7.17508169628336,26.9760919678781,-0.999999985098731));
#3441=CARTESIAN_POINT('',(-6.63268307055518,26.976091967878,28.7082000435954));
#3442=CARTESIAN_POINT('Origin',(-0.177789382517335,26.976091967878,26.0000000000001));
#3443=CARTESIAN_POINT('',(-5.12753685082315,26.976091967878,28.249747468306));
#3444=CARTESIAN_POINT('Origin',(-5.12753685082316,26.9760919678779,30.949747468306));
#3445=CARTESIAN_POINT('',(-2.88598942611263,26.9760919678779,32.454893688038));
#3446=CARTESIAN_POINT('Origin',(-5.12753685082316,26.9760919678779,30.949747468306));
#3447=CARTESIAN_POINT('',(2.5304106610779,26.9760919678779,32.454893688038));
#3448=CARTESIAN_POINT('Origin',(-0.177789382517335,26.976091967878,26.0000000000001));
#3449=CARTESIAN_POINT('',(4.77195808578846,26.976091967878,28.249747468306));
#3450=CARTESIAN_POINT('Origin',(4.77195808578845,26.9760919678779,30.949747468306));
#3451=CARTESIAN_POINT('',(6.27710430552048,26.976091967878,28.7082000435955));
#3452=CARTESIAN_POINT('Origin',(4.77195808578845,26.9760919678779,30.949747468306));
#3453=CARTESIAN_POINT('Origin',(-0.177789382517335,26.976091967878,26.0000000000001));
#3454=CARTESIAN_POINT('',(4.77195808578857,26.976091967878,18.3502525316944));
#3455=CARTESIAN_POINT('Origin',(4.77195808578855,26.976091967878,21.0502525316944));
#3456=CARTESIAN_POINT('Origin',(4.77195808578855,26.976091967878,21.0502525316944));
#3457=CARTESIAN_POINT('Origin',(-7.17508169628337,21.9760919678781,1.00000001490124));
#3458=CARTESIAN_POINT('',(-12.071955159527,22.9863544510877,11.084990758908));
#3459=CARTESIAN_POINT('',(-12.0719551595269,22.9863544510877,1.00000001490122));
#3460=CARTESIAN_POINT('',(-12.1750816962834,21.9760919678781,11.0849907589079));
#3461=CARTESIAN_POINT('Origin',(-7.17508169628342,21.9760919678781,11.0849907589081));
#3462=CARTESIAN_POINT('',(-12.1750816739328,21.976091967878,25.7450896555739));
#3463=CARTESIAN_POINT('',(-12.1750816962834,21.9760919678781,-0.999999985098785));
#3464=CARTESIAN_POINT('Ctrl Pts',(-7.1750816962835,26.976091967878,25.8053200685505));
#3465=CARTESIAN_POINT('Ctrl Pts',(-7.19205448795763,26.976091967878,25.8050840041857));
#3466=CARTESIAN_POINT('Ctrl Pts',(-7.20902717563274,26.9760055451808,25.8048483706295));
#3467=CARTESIAN_POINT('Ctrl Pts',(-7.2259990992403,26.9758327029638,25.8046131723619));
#3468=CARTESIAN_POINT('Ctrl Pts',(-7.36943483121492,26.9743719522268,25.8026254285765));
#3469=CARTESIAN_POINT('Ctrl Pts',(-7.51274174285562,26.9667394104791,25.8006698194298));
#3470=CARTESIAN_POINT('Ctrl Pts',(-7.65552208107736,26.9529561449135,25.7987488153036));
#3471=CARTESIAN_POINT('Ctrl Pts',(-7.82703730687785,26.9363989638954,25.7964412044618));
#3472=CARTESIAN_POINT('Ctrl Pts',(-7.9975827346507,26.9109865103323,25.7941863501529));
#3473=CARTESIAN_POINT('Ctrl Pts',(-8.16647552311013,26.8768203096788,25.7919878788534));
#3474=CARTESIAN_POINT('Ctrl Pts',(-8.49835207770745,26.8096832752323,25.7876678537836));
#3475=CARTESIAN_POINT('Ctrl Pts',(-8.82255506297341,26.7090070191066,25.783582288039));
#3476=CARTESIAN_POINT('Ctrl Pts',(-9.13408857509572,26.5763410968672,25.779752349333));
#3477=CARTESIAN_POINT('Ctrl Pts',(-9.34770001432724,26.4853750932631,25.777126247526));
#3478=CARTESIAN_POINT('Ctrl Pts',(-9.55425448633388,26.3798378551654,25.7746332723576));
#3479=CARTESIAN_POINT('Ctrl Pts',(-9.75235073499894,26.260678797676,25.7722775748915));
#3480=CARTESIAN_POINT('Ctrl Pts',(-9.97564490969363,26.1263626580278,25.7696222317184));
#3481=CARTESIAN_POINT('Ctrl Pts',(-10.1881974359414,25.9747361567161,25.7671413109561));
#3482=CARTESIAN_POINT('Ctrl Pts',(-10.3880326132703,25.8071422683874,25.7648407577544));
#3483=CARTESIAN_POINT('Ctrl Pts',(-10.5080471118224,25.7064908378585,25.7634591204342));
#3484=CARTESIAN_POINT('Ctrl Pts',(-10.6234748375784,25.600080021192,25.7621425383087));
#3485=CARTESIAN_POINT('Ctrl Pts',(-10.7338797288536,25.4882076498245,25.760892299177));
#3486=CARTESIAN_POINT('Ctrl Pts',(-10.89690915791,25.3230112656737,25.7590461330383));
#3487=CARTESIAN_POINT('Ctrl Pts',(-11.0478859716116,25.1470211570856,25.7573567374374));
#3488=CARTESIAN_POINT('Ctrl Pts',(-11.1858752812369,24.9616463249274,25.7558261163826));
#3489=CARTESIAN_POINT('Ctrl Pts',(-11.3415341960367,24.7525341459962,25.7540994984801));
#3490=CARTESIAN_POINT('Ctrl Pts',(-11.4806703157631,24.5314754136689,25.752574920872));
#3491=CARTESIAN_POINT('Ctrl Pts',(-11.6019642244266,24.3004652343783,25.7512552601961));
#3492=CARTESIAN_POINT('Ctrl Pts',(-11.6747568277255,24.1618281624561,25.7504632869047));
#3493=CARTESIAN_POINT('Ctrl Pts',(-11.7411233968742,24.0196066869411,25.7497451166728));
#3494=CARTESIAN_POINT('Ctrl Pts',(-11.8007738972356,23.8742415041503,25.7491013712705));
#3495=CARTESIAN_POINT('Ctrl Pts',(-11.8888449406693,23.6596169285012,25.7481509127004));
#3496=CARTESIAN_POINT('Ctrl Pts',(-11.9616814231517,23.4395876626733,25.7473689577427));
#3497=CARTESIAN_POINT('Ctrl Pts',(-12.0189540315716,23.2158100001058,25.7467561058939));
#3498=CARTESIAN_POINT('Ctrl Pts',(-12.0836337196826,22.9630911206901,25.7460639937737));
#3499=CARTESIAN_POINT('Ctrl Pts',(-12.1284652334181,22.7055859761408,25.7455875535214));
#3500=CARTESIAN_POINT('Ctrl Pts',(-12.1529847654961,22.4456460473232,25.7453276486115));
#3501=CARTESIAN_POINT('Ctrl Pts',(-12.167682457155,22.289830801281,25.7451718543567));
#3502=CARTESIAN_POINT('Ctrl Pts',(-12.1750816962835,22.1331404309104,25.7450938642406));
#3503=CARTESIAN_POINT('Ctrl Pts',(-12.1750816962835,21.976091967878,25.7450938642406));
#3504=CARTESIAN_POINT('Ctrl Pts',(-7.17508169628346,26.976091967878,22.8102411980865));
#3505=CARTESIAN_POINT('Ctrl Pts',(-7.35660605867138,26.976091967878,22.5990584333163));
#3506=CARTESIAN_POINT('Ctrl Pts',(-7.51144303019631,26.9659991078871,22.3503964414923));
#3507=CARTESIAN_POINT('Ctrl Pts',(-7.75969284108719,26.9437224968791,21.7511525307283));
#3508=CARTESIAN_POINT('Ctrl Pts',(-7.82753685082316,26.9333394169484,21.3895855928617));
#3509=CARTESIAN_POINT('Ctrl Pts',(-7.82753685082315,26.9333394169484,21.0502525316943));
#3510=CARTESIAN_POINT('Ctrl Pts',(-7.82753685082315,26.9333394169484,20.7084653603968));
#3511=CARTESIAN_POINT('Ctrl Pts',(-7.75871684526308,26.9438885220852,20.3444612298145));
#3512=CARTESIAN_POINT('Ctrl Pts',(-7.5089186820364,26.9661622434376,19.746064011759));
#3513=CARTESIAN_POINT('Ctrl Pts',(-7.35524769800971,26.976091967878,19.4998663333214));
#3514=CARTESIAN_POINT('Ctrl Pts',(-7.17508169628346,26.976091967878,19.2902638653021));
#3515=CARTESIAN_POINT('Origin',(0.,0.,3.435));
#3516=CARTESIAN_POINT('',(11.7844751133652,-23.0390043547471,8.1635059837125));
#3517=CARTESIAN_POINT('',(11.4786577204637,-23.1928866744098,10.435));
#3518=CARTESIAN_POINT('Origin',(0.,0.,95.6940563266311));
#3519=CARTESIAN_POINT('',(11.7844751133651,-23.0390043547471,10.435));
#3520=CARTESIAN_POINT('',(11.7844751133651,-23.0390043547471,3.435));
#3521=CARTESIAN_POINT('Origin',(0.,0.,10.435));
#3522=CARTESIAN_POINT('Origin',(0.,0.,10.435));
#3523=CARTESIAN_POINT('',(11.4786577204637,-23.0390043547471,10.435));
#3524=CARTESIAN_POINT('',(11.4786577204637,-13.8573455893109,10.435));
#3525=CARTESIAN_POINT('',(-5.08936730133001,-23.0390043547471,10.435));
#3526=CARTESIAN_POINT('Origin',(-10.17873460266,-23.0390043547471,6.08499075890798));
#3527=CARTESIAN_POINT('',(11.3911477037637,-23.0390043547471,11.0849907589081));
#3528=CARTESIAN_POINT('',(11.8222107962967,-23.0390043547471,11.0849907589081));
#3529=CARTESIAN_POINT('',(-5.08936730133003,-23.0390043547471,11.084990758908));
#3530=CARTESIAN_POINT('',(11.3334173108047,-23.0390043547471,11.5137899220955));
#3531=CARTESIAN_POINT('',(11.8222107962967,-23.0390043547471,7.88321983920535));
#3532=CARTESIAN_POINT('',(11.3334173108047,-23.0390043547471,11.5137899220955));
#3533=CARTESIAN_POINT('',(11.8222107962967,-23.0390043547471,17.0424952643239));
#3534=CARTESIAN_POINT('Origin',(-0.177789382517334,-18.2239080321221,27.9999999999999));
#3535=CARTESIAN_POINT('',(11.8222107962967,-18.223908032122,11.0849907589081));
#3536=CARTESIAN_POINT('',(11.8210044438628,-18.2239073390816,11.0849907589081));
#3537=CARTESIAN_POINT('',(-0.0888946912586282,-18.223908032122,11.084990758908));
#3538=CARTESIAN_POINT('',(11.8222107962967,-18.223908032122,10.435));
#3539=CARTESIAN_POINT('',(11.8222107962966,-18.2239080321221,28.2549145534915));
#3540=CARTESIAN_POINT('',(11.8210044438628,-18.2239073390816,10.435));
#3541=CARTESIAN_POINT('',(-0.0888946912586651,-18.223908032122,10.435));
#3542=CARTESIAN_POINT('',(11.8210044515232,-18.2239066455771,11.0849907589081));
#3543=CARTESIAN_POINT('Ctrl Pts',(10.2274532482751,-22.1239080842114,6.08499075890807));
#3544=CARTESIAN_POINT('Ctrl Pts',(10.2274532482751,-22.1239080842114,12.0849907589081));
#3545=CARTESIAN_POINT('Ctrl Pts',(10.2860535972854,-22.0418951357033,6.08499075890807));
#3546=CARTESIAN_POINT('Ctrl Pts',(10.2860535972854,-22.0418951357033,12.0849907589081));
#3547=CARTESIAN_POINT('Ctrl Pts',(10.3471441604885,-21.9586596053069,6.08499075890806));
#3548=CARTESIAN_POINT('Ctrl Pts',(10.3471441604885,-21.9586596053069,12.0849907589081));
#3549=CARTESIAN_POINT('Ctrl Pts',(10.4836990009298,-21.7716396349968,6.08499075890806));
#3550=CARTESIAN_POINT('Ctrl Pts',(10.4836990009298,-21.7716396349968,12.0849907589081));
#3551=CARTESIAN_POINT('Ctrl Pts',(10.5818009451936,-21.6359636672818,6.08499075890806));
#3552=CARTESIAN_POINT('Ctrl Pts',(10.5818009451936,-21.6359636672818,12.0849907589081));
#3553=CARTESIAN_POINT('Ctrl Pts',(10.8853496590148,-21.1980023197905,6.08499075890806));
#3554=CARTESIAN_POINT('Ctrl Pts',(10.8853496590148,-21.1980023197905,12.0849907589081));
#3555=CARTESIAN_POINT('Ctrl Pts',(11.1283354971715,-20.7933307192734,6.08499075890807));
#3556=CARTESIAN_POINT('Ctrl Pts',(11.1283354971715,-20.7933307192734,12.0849907589081));
#3557=CARTESIAN_POINT('Ctrl Pts',(11.4540241147719,-20.0944761471671,6.08499075890807));
#3558=CARTESIAN_POINT('Ctrl Pts',(11.4540241147719,-20.0944761471671,12.0849907589081));
#3559=CARTESIAN_POINT('Ctrl Pts',(11.5942011378371,-19.7046942813271,6.08499075890808));
#3560=CARTESIAN_POINT('Ctrl Pts',(11.5942011378371,-19.7046942813271,12.0849907589081));
#3561=CARTESIAN_POINT('Ctrl Pts',(11.7783264474205,-18.903671590518,6.08499075890808));
#3562=CARTESIAN_POINT('Ctrl Pts',(11.7783264474205,-18.903671590518,12.0849907589081));
#3563=CARTESIAN_POINT('Ctrl Pts',(11.8222106174828,-18.4924160289123,6.08499075890808));
#3564=CARTESIAN_POINT('Ctrl Pts',(11.8222106174828,-18.4924160289123,12.0849907589081));
#3565=CARTESIAN_POINT('Ctrl Pts',(11.8222106174828,-18.1147452469118,6.08499075890808));
#3566=CARTESIAN_POINT('Ctrl Pts',(11.8222106174828,-18.1147452469118,12.0849907589081));
#3567=CARTESIAN_POINT('',(11.8222108956378,-18.1147452469118,10.435));
#3568=CARTESIAN_POINT('Origin',(11.0164856783414,-18.6179772871091,10.4350000000059));
#3569=CARTESIAN_POINT('',(11.8222108360331,-18.1147452469118,11.0849907589081));
#3570=CARTESIAN_POINT('',(11.8222112731338,-18.1147452469118,6.08499075890809));
#3571=CARTESIAN_POINT('Origin',(11.0165066359911,-18.6179656086847,11.0849907589081));
#3572=CARTESIAN_POINT('Origin',(11.8222107962966,16.4760919678779,27.9999997697398));
#3573=CARTESIAN_POINT('',(11.8222107065218,-13.0136455710483,10.435));
#3574=CARTESIAN_POINT('',(11.8222107962967,8.23804598393896,10.435));
#3575=CARTESIAN_POINT('',(11.8222106174828,-13.0136455710483,11.0849907589081));
#3576=CARTESIAN_POINT('',(11.8222106174829,-13.0136455710483,-20.5647849911729));
#3577=CARTESIAN_POINT('',(11.8222106174828,12.5066475520747,11.0849907589081));
#3578=CARTESIAN_POINT('Origin',(11.8222106174833,24.9863544289517,-80.5647849911729));
#3579=CARTESIAN_POINT('',(11.822210997645,5.62761185878169,10.435));
#3580=CARTESIAN_POINT('',(11.8222108360331,6.9863539424425,10.435));
#3581=CARTESIAN_POINT('',(11.8222106174828,12.4931772144759,10.435));
#3582=CARTESIAN_POINT('',(11.8222108360331,6.9863539424425,11.0849907589081));
#3583=CARTESIAN_POINT('',(11.8222112731338,6.98635394244247,6.08499075890808));
#3584=CARTESIAN_POINT('',(11.822210997645,5.62761185878169,11.0849907589081));
#3585=CARTESIAN_POINT('',(11.8222106174828,12.5066475520747,11.0849907589081));
#3586=CARTESIAN_POINT('',(11.8222112731338,5.62761163397732,6.08499075890807));
#3587=CARTESIAN_POINT('Ctrl Pts',(11.8222106174828,6.98635394244252,6.08499075890808));
#3588=CARTESIAN_POINT('Ctrl Pts',(11.8222106174828,6.98635394244252,12.0849907589081));
#3589=CARTESIAN_POINT('Ctrl Pts',(11.8222106174828,7.28151512810852,6.08499075890808));
#3590=CARTESIAN_POINT('Ctrl Pts',(11.8222106174828,7.28151512810852,12.0849907589081));
#3591=CARTESIAN_POINT('Ctrl Pts',(11.8105077239438,7.63551516064669,6.08499075890808));
#3592=CARTESIAN_POINT('Ctrl Pts',(11.8105077239438,7.63551516064669,12.0849907589081));
#3593=CARTESIAN_POINT('Ctrl Pts',(11.767222019508,8.572818340168,6.08499075890809));
#3594=CARTESIAN_POINT('Ctrl Pts',(11.767222019508,8.572818340168,12.0849907589081));
#3595=CARTESIAN_POINT('Ctrl Pts',(11.7211900285679,9.34321347641861,6.08499075890809));
#3596=CARTESIAN_POINT('Ctrl Pts',(11.7211900285679,9.34321347641861,12.0849907589081));
#3597=CARTESIAN_POINT('Ctrl Pts',(11.7211900285679,9.98635442895184,6.08499075890809));
#3598=CARTESIAN_POINT('Ctrl Pts',(11.7211900285679,9.98635442895184,12.0849907589081));
#3599=CARTESIAN_POINT('Ctrl Pts',(11.7211900285679,10.6294953814851,6.0849907589081));
#3600=CARTESIAN_POINT('Ctrl Pts',(11.7211900285679,10.6294953814851,12.0849907589081));
#3601=CARTESIAN_POINT('Ctrl Pts',(11.767222019508,11.3998905177357,6.08499075890807));
#3602=CARTESIAN_POINT('Ctrl Pts',(11.767222019508,11.3998905177357,12.0849907589081));
#3603=CARTESIAN_POINT('Ctrl Pts',(11.8105077239438,12.337193697257,6.08499075890807));
#3604=CARTESIAN_POINT('Ctrl Pts',(11.8105077239438,12.337193697257,12.0849907589081));
#3605=CARTESIAN_POINT('Ctrl Pts',(11.8222106071437,12.6911932432857,6.08499075890808));
#3606=CARTESIAN_POINT('Ctrl Pts',(11.8222106071437,12.6911932432857,12.0849907589081));
#3607=CARTESIAN_POINT('Ctrl Pts',(11.8222106174828,12.9863544289517,6.08499075890808));
#3608=CARTESIAN_POINT('Ctrl Pts',(11.8222106174828,12.9863544289517,12.0849907589081));
#3609=CARTESIAN_POINT('Ctrl Pts',(11.8222106174828,6.98635394244252,10.435));
#3610=CARTESIAN_POINT('Ctrl Pts',(11.8222106174828,7.28151512810852,10.435));
#3611=CARTESIAN_POINT('Ctrl Pts',(11.8105077239438,7.63551516064669,10.435));
#3612=CARTESIAN_POINT('Ctrl Pts',(11.767222019508,8.572818340168,10.435));
#3613=CARTESIAN_POINT('Ctrl Pts',(11.7211900285679,9.34321347641861,10.435));
#3614=CARTESIAN_POINT('Ctrl Pts',(11.7211900285679,10.6294953814851,10.435));
#3615=CARTESIAN_POINT('Ctrl Pts',(11.767222019508,11.3998905177357,10.435));
#3616=CARTESIAN_POINT('Ctrl Pts',(11.8105077239438,12.337193697257,10.435));
#3617=CARTESIAN_POINT('Ctrl Pts',(11.8222106071437,12.6911932432857,10.435));
#3618=CARTESIAN_POINT('Ctrl Pts',(11.8222106174828,12.9863544289517,10.435));
#3619=CARTESIAN_POINT('Ctrl Pts',(11.8222106174828,6.98635394244252,11.0849907589081));
#3620=CARTESIAN_POINT('Ctrl Pts',(11.8222106174828,7.28151512810852,11.0849907589081));
#3621=CARTESIAN_POINT('Ctrl Pts',(11.8105077239438,7.63551516064669,11.0849907589081));
#3622=CARTESIAN_POINT('Ctrl Pts',(11.767222019508,8.572818340168,11.0849907589081));
#3623=CARTESIAN_POINT('Ctrl Pts',(11.7211900285679,9.34321347641861,11.0849907589081));
#3624=CARTESIAN_POINT('Ctrl Pts',(11.7211900285679,10.6294953814851,11.0849907589081));
#3625=CARTESIAN_POINT('Ctrl Pts',(11.767222019508,11.3998905177357,11.0849907589081));
#3626=CARTESIAN_POINT('Ctrl Pts',(11.8105077239438,12.337193697257,11.0849907589081));
#3627=CARTESIAN_POINT('Ctrl Pts',(11.8222106071437,12.6911932432857,11.0849907589081));
#3628=CARTESIAN_POINT('Ctrl Pts',(11.8222106174828,12.9863544289517,11.0849907589081));
#3629=CARTESIAN_POINT('Origin',(7.82221061748281,22.907440546284,6.08499075890807));
#3630=CARTESIAN_POINT('',(11.8214321161783,22.9863544510877,10.435));
#3631=CARTESIAN_POINT('Origin',(7.82221061748278,22.907440546284,10.435));
#3632=CARTESIAN_POINT('',(11.8214321161783,22.9863544510877,11.0849907589081));
#3633=CARTESIAN_POINT('',(11.8214321161783,22.9863544510877,6.08499075890809));
#3634=CARTESIAN_POINT('Origin',(7.82221061748278,22.907440546284,11.0849907589081));
#3635=CARTESIAN_POINT('Origin',(11.8214321161783,22.9863544510877,6.08499075890809));
#3636=CARTESIAN_POINT('',(5.91071605808916,22.9863544510877,10.435));
#3637=CARTESIAN_POINT('',(11.8222109453083,22.9863544510877,11.0849907589081));
#3638=CARTESIAN_POINT('Origin',(11.8214321161783,22.9863544510877,6.08499075890809));
#3639=CARTESIAN_POINT('',(-12.1770108812128,22.9863544510877,11.084990758908));
#3640=CARTESIAN_POINT('',(-12.1770108812127,22.9863544510877,6.08499075890797));
#3641=CARTESIAN_POINT('',(11.8222109453083,22.9863544510877,11.0849907589081));
#3642=CARTESIAN_POINT('Origin',(-8.1777893825172,22.907440546284,6.08499075890799));
#3643=CARTESIAN_POINT('',(-12.1777896010676,22.907440546284,11.084990758908));
#3644=CARTESIAN_POINT('',(-12.1777900381683,22.907440546284,6.08499075890797));
#3645=CARTESIAN_POINT('Origin',(-8.17778938251723,22.907440546284,11.084990758908));
#3646=CARTESIAN_POINT('Ctrl Pts',(-12.1777893825172,12.9863544289517,6.08499075890795));
#3647=CARTESIAN_POINT('Ctrl Pts',(-12.1777893825172,12.9863544289517,12.084990758908));
#3648=CARTESIAN_POINT('Ctrl Pts',(-12.1777893721781,12.6911932432857,6.08499075890795));
#3649=CARTESIAN_POINT('Ctrl Pts',(-12.1777893721781,12.6911932432857,12.084990758908));
#3650=CARTESIAN_POINT('Ctrl Pts',(-12.1660864889782,12.337193697257,6.08499075890794));
#3651=CARTESIAN_POINT('Ctrl Pts',(-12.1660864889782,12.337193697257,12.084990758908));
#3652=CARTESIAN_POINT('Ctrl Pts',(-12.1228007845424,11.3998905177357,6.08499075890794));
#3653=CARTESIAN_POINT('Ctrl Pts',(-12.1228007845424,11.3998905177357,12.084990758908));
#3654=CARTESIAN_POINT('Ctrl Pts',(-12.0767687936023,10.6294953814851,6.08499075890797));
#3655=CARTESIAN_POINT('Ctrl Pts',(-12.0767687936023,10.6294953814851,12.084990758908));
#3656=CARTESIAN_POINT('Ctrl Pts',(-12.0767687936023,9.98635442895186,6.08499075890797));
#3657=CARTESIAN_POINT('Ctrl Pts',(-12.0767687936023,9.98635442895186,12.084990758908));
#3658=CARTESIAN_POINT('Ctrl Pts',(-12.0767687936023,9.34321347641863,6.08499075890796));
#3659=CARTESIAN_POINT('Ctrl Pts',(-12.0767687936023,9.34321347641863,12.084990758908));
#3660=CARTESIAN_POINT('Ctrl Pts',(-12.1228007845424,8.57281834016801,6.08499075890796));
#3661=CARTESIAN_POINT('Ctrl Pts',(-12.1228007845424,8.57281834016801,12.084990758908));
#3662=CARTESIAN_POINT('Ctrl Pts',(-12.1660864889782,7.63551516064671,6.08499075890795));
#3663=CARTESIAN_POINT('Ctrl Pts',(-12.1660864889782,7.63551516064671,12.084990758908));
#3664=CARTESIAN_POINT('Ctrl Pts',(-12.1777893825172,7.28151512810853,6.08499075890795));
#3665=CARTESIAN_POINT('Ctrl Pts',(-12.1777893825172,7.28151512810853,12.084990758908));
#3666=CARTESIAN_POINT('Ctrl Pts',(-12.1777893825172,6.98635394244253,6.08499075890795));
#3667=CARTESIAN_POINT('Ctrl Pts',(-12.1777893825172,6.98635394244253,12.084990758908));
#3668=CARTESIAN_POINT('',(-12.1777896010676,6.98635394244253,11.0849907589079));
#3669=CARTESIAN_POINT('',(-12.1777900381683,6.98635394244253,6.08499075890795));
#3670=CARTESIAN_POINT('',(-12.1777893825172,12.9863544289517,11.0849907595329));
#3671=CARTESIAN_POINT('Ctrl Pts',(-12.1777893825172,12.9863544289516,11.0849907589079));
#3672=CARTESIAN_POINT('Ctrl Pts',(-12.1777893721781,12.6911932432857,11.0849907589079));
#3673=CARTESIAN_POINT('Ctrl Pts',(-12.1660864889782,12.337193697257,11.0849907589079));
#3674=CARTESIAN_POINT('Ctrl Pts',(-12.1228007845424,11.3998905177357,11.0849907589079));
#3675=CARTESIAN_POINT('Ctrl Pts',(-12.0767687936023,10.6294953814851,11.084990758908));
#3676=CARTESIAN_POINT('Ctrl Pts',(-12.0767687936023,9.34321347641863,11.084990758908));
#3677=CARTESIAN_POINT('Ctrl Pts',(-12.1228007845424,8.57281834016801,11.084990758908));
#3678=CARTESIAN_POINT('Ctrl Pts',(-12.1660864889782,7.63551516064671,11.084990758908));
#3679=CARTESIAN_POINT('Ctrl Pts',(-12.1777893825172,7.28151512810853,11.0849907589079));
#3680=CARTESIAN_POINT('Ctrl Pts',(-12.1777893825172,6.98635394244253,11.0849907589079));
#3681=CARTESIAN_POINT('',(-12.1777893825172,12.9863544289517,6.08499112379008));
#3682=CARTESIAN_POINT('Ctrl Pts',(-12.1777893825172,-18.1147452469118,6.08499075890795));
#3683=CARTESIAN_POINT('Ctrl Pts',(-12.1777893825172,-18.1147452469118,12.084990758908));
#3684=CARTESIAN_POINT('Ctrl Pts',(-12.1777893825172,-18.4924160289123,6.08499075890795));
#3685=CARTESIAN_POINT('Ctrl Pts',(-12.1777893825172,-18.4924160289123,12.084990758908));
#3686=CARTESIAN_POINT('Ctrl Pts',(-12.1339052124549,-18.903671590518,6.08499075890795));
#3687=CARTESIAN_POINT('Ctrl Pts',(-12.1339052124549,-18.903671590518,12.084990758908));
#3688=CARTESIAN_POINT('Ctrl Pts',(-11.9497799028715,-19.7046942813271,6.08499075890795));
#3689=CARTESIAN_POINT('Ctrl Pts',(-11.9497799028715,-19.7046942813271,12.084990758908));
#3690=CARTESIAN_POINT('Ctrl Pts',(-11.8096028798063,-20.0944761471671,6.08499075890795));
#3691=CARTESIAN_POINT('Ctrl Pts',(-11.8096028798063,-20.0944761471671,12.084990758908));
#3692=CARTESIAN_POINT('Ctrl Pts',(-11.4839142622059,-20.7933307192734,6.08499075890795));
#3693=CARTESIAN_POINT('Ctrl Pts',(-11.4839142622059,-20.7933307192734,12.084990758908));
#3694=CARTESIAN_POINT('Ctrl Pts',(-11.2409284240492,-21.1980023197905,6.08499075890795));
#3695=CARTESIAN_POINT('Ctrl Pts',(-11.2409284240492,-21.1980023197905,12.084990758908));
#3696=CARTESIAN_POINT('Ctrl Pts',(-10.9373797102279,-21.6359636672818,6.08499075890794));
#3697=CARTESIAN_POINT('Ctrl Pts',(-10.9373797102279,-21.6359636672818,12.084990758908));
#3698=CARTESIAN_POINT('Ctrl Pts',(-10.8392777659642,-21.7716396349968,6.08499075890794));
#3699=CARTESIAN_POINT('Ctrl Pts',(-10.8392777659642,-21.7716396349968,12.084990758908));
#3700=CARTESIAN_POINT('Ctrl Pts',(-10.7027229255228,-21.9586596053069,6.08499075890794));
#3701=CARTESIAN_POINT('Ctrl Pts',(-10.7027229255228,-21.9586596053069,12.084990758908));
#3702=CARTESIAN_POINT('Ctrl Pts',(-10.6416323623197,-22.0418951357032,6.08499075890796));
#3703=CARTESIAN_POINT('Ctrl Pts',(-10.6416323623197,-22.0418951357032,12.084990758908));
#3704=CARTESIAN_POINT('Ctrl Pts',(-10.5830320133095,-22.1239080842114,6.08499075890796));
#3705=CARTESIAN_POINT('Ctrl Pts',(-10.5830320133095,-22.1239080842114,12.084990758908));
#3706=CARTESIAN_POINT('',(-12.1777896010676,-18.1147452469118,11.0849907589079));
#3707=CARTESIAN_POINT('Ctrl Pts',(-12.1777893825172,-18.1147452469118,11.0849907589079));
#3708=CARTESIAN_POINT('Ctrl Pts',(-12.1777893825172,-18.1427536074945,11.0849907589079));
#3709=CARTESIAN_POINT('Ctrl Pts',(-12.1775480293898,-18.1707718734557,11.0849907589079));
#3710=CARTESIAN_POINT('Ctrl Pts',(-12.1766197756487,-18.2254483952768,11.0849907589079));
#3711=CARTESIAN_POINT('Ctrl Pts',(-12.1759543348312,-18.2521248697443,11.0849907589079));
#3712=CARTESIAN_POINT('Ctrl Pts',(-12.1750816962834,-18.2787873759763,11.0849907589079));
#3713=CARTESIAN_POINT('',(-12.1777900381683,-18.1147452469118,6.08499075890796));
#3714=CARTESIAN_POINT('Origin',(10.9985222114725,-27.7146911786218,14.0012619621907));
#3715=CARTESIAN_POINT('',(11.3911477037637,-27.4346426479854,11.0849907589081));
#3716=CARTESIAN_POINT('',(11.3911477037637,-14.0774112177319,11.0849907589081));
#3717=CARTESIAN_POINT('',(11.8222107962967,-26.0320066737926,7.88321983920533));
#3718=CARTESIAN_POINT('Origin',(11.0747595934488,-17.7146911786218,13.435));
#3719=CARTESIAN_POINT('',(11.8222107962967,-22.723908032122,7.88321983920535));
#3720=CARTESIAN_POINT('Origin',(-12.1777893825167,24.9863544289517,-80.564784991173));
#3721=CARTESIAN_POINT('',(-12.1777893825172,12.5066475520747,11.0849907589079));
#3722=CARTESIAN_POINT('Origin',(-12.1777893825167,24.9863544289517,-80.564784991173));
#3723=CARTESIAN_POINT('',(-12.1777893825172,23.5820719317793,11.084990758908));
#3724=CARTESIAN_POINT('Origin',(-0.177789382517287,0.0269406751976751,11.084990758908));
#3725=CARTESIAN_POINT('',(-11.747404768199,-27.4346426479854,11.0849907589079));
#3726=CARTESIAN_POINT('Ctrl Pts',(-11.747404768199,-27.4346426479854,11.0849907589079));
#3727=CARTESIAN_POINT('Ctrl Pts',(-11.7518938095699,-27.4230794730984,11.0849907589079));
#3728=CARTESIAN_POINT('Ctrl Pts',(-11.7563342222088,-27.4115395894813,11.0849907589079));
#3729=CARTESIAN_POINT('Ctrl Pts',(-11.8893006029184,-27.0629242967118,11.0849907589079));
#3730=CARTESIAN_POINT('Ctrl Pts',(-11.9988589156456,-26.6826000069539,11.0849907589079));
#3731=CARTESIAN_POINT('Ctrl Pts',(-12.1417611510093,-25.9079068490498,11.0849907589079));
#3732=CARTESIAN_POINT('Ctrl Pts',(-12.1750816962834,-25.5135336688272,11.0849907589079));
#3733=CARTESIAN_POINT('Ctrl Pts',(-12.1750816962834,-25.1527453236219,11.0849907589079));
#3734=CARTESIAN_POINT('',(6.40010304785417,-27.4346426479854,11.084990758908));
#3735=CARTESIAN_POINT('Origin',(9.5222107962967,-18.2236911786218,10.2086166646022));
#3736=CARTESIAN_POINT('',(10.9985222114725,-18.2236911786218,12.0012619621907));
#3737=CARTESIAN_POINT('',(11.1218822857538,-18.2236911786218,11.0849907589081));
#3738=CARTESIAN_POINT('',(11.8222107962967,-18.2236911786218,5.88321983920538));
#3739=CARTESIAN_POINT('',(7.2222107962967,-18.223908032122,11.084990758908));
#3740=CARTESIAN_POINT('',(4.67221070688971,-18.2236911786218,11.084990758908));
#3741=CARTESIAN_POINT('',(7.22221079629668,-18.223908032122,14.534013489999));
#3742=CARTESIAN_POINT('',(7.22221079629665,-18.223908032122,19.2058956338884));
#3743=CARTESIAN_POINT('',(9.97423697457605,-18.2237996053719,11.9348776549574));
#3744=CARTESIAN_POINT('',(4.00476224001933,-18.223908032122,17.5727149042609));
#3745=CARTESIAN_POINT('',(10.7564408018872,-18.2236911786218,11.6589252978598));
#3746=CARTESIAN_POINT('Ctrl Pts',(9.97423697457606,-18.2236911786218,11.9348776549574));
#3747=CARTESIAN_POINT('Ctrl Pts',(10.1019893694689,-18.2236911786218,11.8142226206306));
#3748=CARTESIAN_POINT('Ctrl Pts',(10.2302232356165,-18.2236911786218,11.7317036753939));
#3749=CARTESIAN_POINT('Ctrl Pts',(10.4411815452176,-18.2236911786218,11.6484044490779));
#3750=CARTESIAN_POINT('Ctrl Pts',(10.5259355875547,-18.2236911786218,11.6322496499422));
#3751=CARTESIAN_POINT('Ctrl Pts',(10.6553427556027,-18.2236911786218,11.6330451631032));
#3752=CARTESIAN_POINT('Ctrl Pts',(10.7074176534705,-18.2236911786218,11.6411293656205));
#3753=CARTESIAN_POINT('Ctrl Pts',(10.7564408018872,-18.2236911786218,11.6589252978598));
#3754=CARTESIAN_POINT('',(10.9770498864578,-18.2236911786218,11.8842038778249));
#3755=CARTESIAN_POINT('Ctrl Pts',(10.7564408018872,-18.2236911786218,11.6589252978598));
#3756=CARTESIAN_POINT('Ctrl Pts',(10.7626114758241,-18.2236911786218,11.6611653191313));
#3757=CARTESIAN_POINT('Ctrl Pts',(10.7687337980693,-18.2236911786218,11.6635592123274));
#3758=CARTESIAN_POINT('Ctrl Pts',(10.819120534157,-18.2236911786218,11.6847448757149));
#3759=CARTESIAN_POINT('Ctrl Pts',(10.8591013016549,-18.2236911786242,11.7112142325507));
#3760=CARTESIAN_POINT('Ctrl Pts',(10.9248638430665,-18.2236911786242,11.7780805432308));
#3761=CARTESIAN_POINT('Ctrl Pts',(10.9498145602734,-18.2236911786218,11.8163384236077));
#3762=CARTESIAN_POINT('Ctrl Pts',(10.9709517652081,-18.2236911786218,11.8670456890524));
#3763=CARTESIAN_POINT('Ctrl Pts',(10.9741523401158,-18.2236911786218,11.8755796692164));
#3764=CARTESIAN_POINT('Ctrl Pts',(10.9770498864578,-18.2236911786218,11.8842038778249));
#3765=CARTESIAN_POINT('Ctrl Pts',(10.9770498864578,-18.2236911786218,11.8842038778249));
#3766=CARTESIAN_POINT('Ctrl Pts',(10.9897157064156,-18.2236911786218,11.9219022131135));
#3767=CARTESIAN_POINT('Ctrl Pts',(10.996591381772,-18.2236911786218,11.9613245962311));
#3768=CARTESIAN_POINT('Ctrl Pts',(10.9985222114725,-18.2236911786218,12.0012619621907));
#3769=CARTESIAN_POINT('Origin',(11.8222107962967,-18.223908032122,11.5117912677768));
#3770=CARTESIAN_POINT('',(11.0644209770401,-27.3947737797364,11.5117912677769));
#3771=CARTESIAN_POINT('',(11.06442097704,-18.223908032122,11.5117912677768));
#3772=CARTESIAN_POINT('',(11.06442097704,-22.9692996053719,11.5117912677768));
#3773=CARTESIAN_POINT('',(11.8222107962967,-18.223908032122,11.5117912677768));
#3774=CARTESIAN_POINT('',(5.82221070688972,-18.223908032122,11.5117912677768));
#3775=CARTESIAN_POINT('',(11.8222107962967,-24.9449988099345,11.5117912677768));
#3776=CARTESIAN_POINT('',(11.8222107962967,-22.723908032122,11.5117912677768));
#3777=CARTESIAN_POINT('',(11.6912678602996,-26.2102557347252,11.5117912677768));
#3778=CARTESIAN_POINT('Ctrl Pts',(11.6912678602996,-26.2102557347252,11.5117912677768));
#3779=CARTESIAN_POINT('Ctrl Pts',(11.7007155927632,-26.1649875237637,11.5117912677768));
#3780=CARTESIAN_POINT('Ctrl Pts',(11.7096691869372,-26.1195617936729,11.5117912677768));
#3781=CARTESIAN_POINT('Ctrl Pts',(11.7891184775227,-25.6913236522461,11.5117912677768));
#3782=CARTESIAN_POINT('Ctrl Pts',(11.8222107962967,-25.3015765201526,11.5117912677768));
#3783=CARTESIAN_POINT('Ctrl Pts',(11.8222107962967,-24.9449988099346,11.5117912677768));
#3784=CARTESIAN_POINT('Ctrl Pts',(11.0644209770358,-27.3947737797309,11.5117912677767));
#3785=CARTESIAN_POINT('Ctrl Pts',(11.1217752657067,-27.3502270427834,11.5117912677767));
#3786=CARTESIAN_POINT('Ctrl Pts',(11.1748994648012,-27.2983416374167,11.5117912677647));
#3787=CARTESIAN_POINT('Ctrl Pts',(11.3175547739666,-27.1355822807299,11.5117912677647));
#3788=CARTESIAN_POINT('Ctrl Pts',(11.3974660632912,-27.0107680364354,11.5117912677768));
#3789=CARTESIAN_POINT('Ctrl Pts',(11.5413775345513,-26.7275914448253,11.5117912677768));
#3790=CARTESIAN_POINT('Ctrl Pts',(11.6281151879636,-26.5128477593281,11.5117912677768));
#3791=CARTESIAN_POINT('Ctrl Pts',(11.6912678602996,-26.2102557347252,11.5117912677768));
#3792=CARTESIAN_POINT('Origin',(-0.177789382517323,-18.2239080321221,25.9999999999999));
#3793=CARTESIAN_POINT('',(11.8222107962966,-18.2239080321221,22.9));
#3794=CARTESIAN_POINT('',(11.8222107962966,-18.2239080321221,26.2549145534915));
#3795=CARTESIAN_POINT('',(9.9734675810085,-18.223908032122,19.6149736526092));
#3796=CARTESIAN_POINT('',(-0.177789382517262,-18.223908032122,11.084990758908));
#3797=CARTESIAN_POINT('',(11.4148807154368,-18.2239080321221,29.1));
#3798=CARTESIAN_POINT('Origin',(-0.177789382517323,-18.2239080321221,25.9999999999999));
#3799=CARTESIAN_POINT('',(2.65593608054362,-18.2239080321221,29.0999999999999));
#3800=CARTESIAN_POINT('',(10.5846452862739,-18.2239080321221,29.1));
#3801=CARTESIAN_POINT('',(2.65593608054365,-18.2239080321221,22.8999999999999));
#3802=CARTESIAN_POINT('Origin',(-0.177789382517323,-18.2239080321221,25.9999999999999));
#3803=CARTESIAN_POINT('',(2.65593608054365,-18.2239080321221,22.8999999999999));
#3804=CARTESIAN_POINT('',(4.77195808578847,-18.2239080321221,32.5497474683058));
#3805=CARTESIAN_POINT('Origin',(4.77195808578848,-18.2239080321221,30.9497474683058));
#3806=CARTESIAN_POINT('',(-5.12753685082318,-18.2239080321221,32.5497474683057));
#3807=CARTESIAN_POINT('Origin',(-5.12753685082317,-18.2239080321221,30.9497474683057));
#3808=CARTESIAN_POINT('',(4.77195808578855,-18.2239080321221,22.6502525316941));
#3809=CARTESIAN_POINT('Origin',(4.77195808578856,-18.2239080321221,21.0502525316941));
#3810=CARTESIAN_POINT('',(-5.12753685082316,-18.2239080321221,22.6502525316941));
#3811=CARTESIAN_POINT('Origin',(-5.12753685082315,-18.2239080321221,21.0502525316941));
#3812=CARTESIAN_POINT('Origin',(5.82221070688967,-50.2239080321221,23.5524203433858));
#3813=CARTESIAN_POINT('',(-7.17508169628345,-27.7146911786219,18.8264118116432));
#3814=CARTESIAN_POINT('',(-6.65872354041139,-27.7146911748304,18.826411845171));
#3815=CARTESIAN_POINT('',(5.82221070688969,-27.7146911786219,18.8264118116432));
#3816=CARTESIAN_POINT('',(-7.17508168958172,-27.6222704354012,19.2902638532397));
#3817=CARTESIAN_POINT('Ctrl Pts',(-6.65872354512173,-27.7146911672474,18.8264118658182));
#3818=CARTESIAN_POINT('Ctrl Pts',(-6.71050622352615,-27.7072052831289,18.8620659256547));
#3819=CARTESIAN_POINT('Ctrl Pts',(-6.760743335065,-27.6994700849874,18.8993270380001));
#3820=CARTESIAN_POINT('Ctrl Pts',(-6.80924757345594,-27.691561638286,18.9379435946817));
#3821=CARTESIAN_POINT('Ctrl Pts',(-6.85811858967323,-27.6835933897407,18.9768521608287));
#3822=CARTESIAN_POINT('Ctrl Pts',(-6.90523013015032,-27.6754492625982,19.0171362990419));
#3823=CARTESIAN_POINT('Ctrl Pts',(-6.95043398314876,-27.6672070609711,19.0585080588866));
#3824=CARTESIAN_POINT('Ctrl Pts',(-6.97837155501106,-27.6621130903251,19.0840772623297));
#3825=CARTESIAN_POINT('Ctrl Pts',(-7.00558133068185,-27.6569816584139,19.1100613249328));
#3826=CARTESIAN_POINT('Ctrl Pts',(-7.03203714000569,-27.6518311324041,19.1363876857596));
#3827=CARTESIAN_POINT('Ctrl Pts',(-7.07519246727311,-27.6434294754058,19.1793318536485));
#3828=CARTESIAN_POINT('Ctrl Pts',(-7.11740145233496,-27.6347696478167,19.2242451244553));
#3829=CARTESIAN_POINT('Ctrl Pts',(-7.15836545685131,-27.6259113917135,19.2710012360818));
#3830=CARTESIAN_POINT('Ctrl Pts',(-7.16396096732726,-27.6247013912409,19.2773879239926));
#3831=CARTESIAN_POINT('Ctrl Pts',(-7.16953328511612,-27.6234876884079,19.2838089256973));
#3832=CARTESIAN_POINT('Ctrl Pts',(-7.17508168557114,-27.6222704354767,19.2902638528393));
#3833=CARTESIAN_POINT('Origin',(-7.17508169628347,-50.2239080321221,23.5524203433857));
#3834=CARTESIAN_POINT('Origin',(5.82221070688967,-50.2239080321221,23.5524203433858));
#3835=CARTESIAN_POINT('',(-3.59635021077294,-27.714691177501,18.8264118223687));
#3836=CARTESIAN_POINT('',(3.24077144573843,-27.714691177501,18.8264118223687));
#3837=CARTESIAN_POINT('',(5.82221070688969,-27.7146911786219,18.8264118116432));
#3838=CARTESIAN_POINT('',(3.75748470411047,-27.2239080321221,23.5524203433859));
#3839=CARTESIAN_POINT('Ctrl Pts',(3.24077144878,-27.7146911755294,18.8264118263723));
#3840=CARTESIAN_POINT('Ctrl Pts',(3.10456898057589,-27.6950012738541,18.9201916545509));
#3841=CARTESIAN_POINT('Ctrl Pts',(2.97920499046504,-27.6735865367258,19.025187271858));
#3842=CARTESIAN_POINT('Ctrl Pts',(2.62644492923853,-27.6049097539318,19.3762212751446));
#3843=CARTESIAN_POINT('Ctrl Pts',(2.4177593181729,-27.5497604788278,19.6798578754038));
#3844=CARTESIAN_POINT('Ctrl Pts',(2.1404959710171,-27.4459782879933,20.3462350867289));
#3845=CARTESIAN_POINT('Ctrl Pts',(2.07195808578857,-27.3977587394071,20.709056589787));
#3846=CARTESIAN_POINT('Ctrl Pts',(2.07195808578856,-27.3234530209071,21.3880230497826));
#3847=CARTESIAN_POINT('Ctrl Pts',(2.13926853418558,-27.2922751665949,21.7492574199495));
#3848=CARTESIAN_POINT('Ctrl Pts',(2.4144712767673,-27.2496410672401,22.4147737251413));
#3849=CARTESIAN_POINT('Ctrl Pts',(2.62239025310405,-27.2377557551782,22.7190170698837));
#3850=CARTESIAN_POINT('Ctrl Pts',(3.10229772189647,-27.2253728512321,23.1990129092975));
#3851=CARTESIAN_POINT('Ctrl Pts',(3.40591661941851,-27.2239558092585,23.4068549769038));
#3852=CARTESIAN_POINT('Ctrl Pts',(3.74485966721028,-27.2239084599344,23.5472738188465));
#3853=CARTESIAN_POINT('Ctrl Pts',(3.75116738630606,-27.2239080321221,23.549859064032));
#3854=CARTESIAN_POINT('Ctrl Pts',(3.75748470411046,-27.2239080321221,23.5524203433859));
#3855=CARTESIAN_POINT('',(-4.11306346914508,-27.2239080321221,23.5524203433858));
#3856=CARTESIAN_POINT('',(5.82221070688966,-27.2239080321221,23.5524203433859));
#3857=CARTESIAN_POINT('Ctrl Pts',(-4.11306346914507,-27.2239080321221,23.5524203433858));
#3858=CARTESIAN_POINT('Ctrl Pts',(-4.10674615134067,-27.2239080321221,23.5498590640319));
#3859=CARTESIAN_POINT('Ctrl Pts',(-4.10043843224488,-27.2239084599344,23.5472738188464));
#3860=CARTESIAN_POINT('Ctrl Pts',(-3.76149538445312,-27.2239558092585,23.4068549769038));
#3861=CARTESIAN_POINT('Ctrl Pts',(-3.45787648693107,-27.2253728512321,23.1990129092974));
#3862=CARTESIAN_POINT('Ctrl Pts',(-2.97796901813865,-27.2377557551782,22.7190170698836));
#3863=CARTESIAN_POINT('Ctrl Pts',(-2.7700500418019,-27.2496410672401,22.4147737251413));
#3864=CARTESIAN_POINT('Ctrl Pts',(-2.49484729922017,-27.2922751665949,21.7492574199494));
#3865=CARTESIAN_POINT('Ctrl Pts',(-2.42753685082315,-27.3234530209071,21.3880230497825));
#3866=CARTESIAN_POINT('Ctrl Pts',(-2.42753685082314,-27.3977587394071,20.7090565897869));
#3867=CARTESIAN_POINT('Ctrl Pts',(-2.49607473605168,-27.4459782879933,20.3462350867289));
#3868=CARTESIAN_POINT('Ctrl Pts',(-2.77333808320747,-27.5497604788278,19.6798578754038));
#3869=CARTESIAN_POINT('Ctrl Pts',(-2.98202369427309,-27.6049097539318,19.3762212751445));
#3870=CARTESIAN_POINT('Ctrl Pts',(-3.33478375549959,-27.6735865367258,19.0251872718579));
#3871=CARTESIAN_POINT('Ctrl Pts',(-3.46014774561042,-27.6950012738541,18.9201916545508));
#3872=CARTESIAN_POINT('Ctrl Pts',(-3.5963502138145,-27.7146911755294,18.8264118263722));
#3873=CARTESIAN_POINT('Origin',(11.8222107962966,-27.2239080321221,25.9999997697396));
#3874=CARTESIAN_POINT('',(11.8222107962966,-22.2239080321221,23.552420343386));
#3875=CARTESIAN_POINT('Origin',(11.8222107962966,-50.2239080321221,23.5524203433858));
#3876=CARTESIAN_POINT('',(11.8222107962966,-20.2239080321221,22.9));
#3877=CARTESIAN_POINT('',(11.8222107962966,-38.4525155029132,22.8999999999999));
#3878=CARTESIAN_POINT('',(11.8222107072576,-20.2239080321221,26.));
#3879=CARTESIAN_POINT('',(11.8222107962966,-20.2239080321221,25.9999998848698));
#3880=CARTESIAN_POINT('',(11.8222107068896,-22.2239080321221,25.9999999999999));
#3881=CARTESIAN_POINT('',(11.8222107962966,-35.3239080321221,25.9999999999999));
#3882=CARTESIAN_POINT('',(11.8222107962966,-22.2239080321221,25.9999998848698));
#3883=CARTESIAN_POINT('Origin',(-5.12753685082315,-21.2239080321221,21.0502525316941));
#3884=CARTESIAN_POINT('',(-5.12753685082316,-21.2239080321221,23.7502525316941));
#3885=CARTESIAN_POINT('Origin',(-5.12753685082315,-21.2239080321221,21.0502525316941));
#3886=CARTESIAN_POINT('',(-5.12753685082316,-21.2239080321221,22.6502525316941));
#3887=CARTESIAN_POINT('Origin',(-5.12753685082315,-21.2239080321221,21.0502525316941));
#3888=CARTESIAN_POINT('Origin',(4.77195808578846,-21.2239080321221,30.9497474683058));
#3889=CARTESIAN_POINT('',(4.77195808578844,-21.2239080321221,33.6497474683058));
#3890=CARTESIAN_POINT('Origin',(4.77195808578846,-21.2239080321221,30.9497474683058));
#3891=CARTESIAN_POINT('',(4.77195808578847,-21.2239080321221,32.5497474683058));
#3892=CARTESIAN_POINT('Origin',(4.77195808578848,-21.2239080321221,30.9497474683058));
#3893=CARTESIAN_POINT('Origin',(4.77195808578856,-21.2239080321221,21.0502525316941));
#3894=CARTESIAN_POINT('',(4.77195808578855,-21.2239080321221,23.7502525316941));
#3895=CARTESIAN_POINT('Origin',(4.77195808578856,-21.2239080321221,21.0502525316941));
#3896=CARTESIAN_POINT('',(4.77195808578855,-21.2239080321221,22.6502525316941));
#3897=CARTESIAN_POINT('Origin',(4.77195808578856,-21.2239080321221,21.0502525316941));
#3898=CARTESIAN_POINT('Origin',(-5.12753685082315,-21.2239080321221,30.9497474683057));
#3899=CARTESIAN_POINT('',(-5.12753685082316,-21.2239080321221,33.6497474683057));
#3900=CARTESIAN_POINT('Origin',(-5.12753685082315,-21.2239080321221,30.9497474683057));
#3901=CARTESIAN_POINT('',(-5.12753685082318,-21.2239080321221,32.5497474683057));
#3902=CARTESIAN_POINT('Origin',(-5.12753685082317,-21.2239080321221,30.9497474683057));
#3903=CARTESIAN_POINT('Ctrl Pts',(10.7498650248845,-27.8407919741704,11.8036044245312));
#3904=CARTESIAN_POINT('Ctrl Pts',(11.1048904140331,-27.4247659993583,11.4773632523656));
#3905=CARTESIAN_POINT('Ctrl Pts',(11.3686055231746,-26.862231770675,11.2252451660049));
#3906=CARTESIAN_POINT('Ctrl Pts',(11.5014100219008,-26.2590214332838,11.0878144900058));
#3907=CARTESIAN_POINT('Ctrl Pts',(10.8706419251925,-27.8562916027911,11.9119548139725));
#3908=CARTESIAN_POINT('Ctrl Pts',(11.2281320729544,-27.4362619218418,11.585853929133));
#3909=CARTESIAN_POINT('Ctrl Pts',(11.4929607907185,-26.8718363580231,11.3319065241764));
#3910=CARTESIAN_POINT('Ctrl Pts',(11.626724073295,-26.2656334203293,11.1902707571515));
#3911=CARTESIAN_POINT('Ctrl Pts',(10.9567076714241,-27.8074484423991,12.0646303675358));
#3912=CARTESIAN_POINT('Ctrl Pts',(11.3065574643174,-27.3921649616273,11.7467625486736));
#3913=CARTESIAN_POINT('Ctrl Pts',(11.5660249846659,-26.8413573264129,11.4976071647643));
#3914=CARTESIAN_POINT('Ctrl Pts',(11.7001360515615,-26.2467772781076,11.3542090715119));
#3915=CARTESIAN_POINT('Ctrl Pts',(10.9720652056709,-27.7146911786218,12.1977744293105));
#3916=CARTESIAN_POINT('Ctrl Pts',(11.3067999615038,-27.3112382250221,11.8917222991836));
#3917=CARTESIAN_POINT('Ctrl Pts',(11.556902218891,-26.7836106972521,11.652294681916));
#3918=CARTESIAN_POINT('Ctrl Pts',(11.6912678602996,-26.2102557347252,11.5117912677768));
#3919=CARTESIAN_POINT('',(10.9978056502254,-27.7139913755196,12.0023166874065));
#3920=CARTESIAN_POINT('Ctrl Pts',(10.9983807302784,-27.7132915724173,12.0023128301046));
#3921=CARTESIAN_POINT('Ctrl Pts',(11.0084255552465,-27.6962044236306,11.9277037321947));
#3922=CARTESIAN_POINT('Ctrl Pts',(11.0193522253045,-27.6620188728232,11.8465446279972));
#3923=CARTESIAN_POINT('Ctrl Pts',(11.0430410000531,-27.5510021243983,11.670593516832));
#3924=CARTESIAN_POINT('Ctrl Pts',(11.0544076230441,-27.4766574559549,11.5861666114053));
#3925=CARTESIAN_POINT('Ctrl Pts',(11.0644209770394,-27.3947737797324,11.5117912677812));
#3926=CARTESIAN_POINT('',(11.1362293438996,-27.497182791322,12.0467525879195));
#3927=CARTESIAN_POINT('Ctrl Pts',(11.6912678602996,-26.2102557347252,11.5117912677768));
#3928=CARTESIAN_POINT('Ctrl Pts',(11.5798824092199,-26.6855513568821,11.6282647650047));
#3929=CARTESIAN_POINT('Ctrl Pts',(11.3889632453664,-27.1294232793646,11.8127185560357));
#3930=CARTESIAN_POINT('Ctrl Pts',(11.1362293438996,-27.497182791322,12.0467525879195));
#3931=CARTESIAN_POINT('',(10.9720652064507,-27.7146911781183,12.1977744277328));
#3932=CARTESIAN_POINT('Ctrl Pts',(11.1362293438996,-27.497182791322,12.0467525879195));
#3933=CARTESIAN_POINT('Ctrl Pts',(11.0840872278548,-27.5730561072396,12.0950366905986));
#3934=CARTESIAN_POINT('Ctrl Pts',(11.0293139816641,-27.645689715839,12.1454311648718));
#3935=CARTESIAN_POINT('Ctrl Pts',(10.9720652069244,-27.7146911771111,12.1977744281645));
#3936=CARTESIAN_POINT('Ctrl Pts',(10.9720652061738,-27.7146911786219,12.197774427649));
#3937=CARTESIAN_POINT('Ctrl Pts',(10.9816989962236,-27.7146911786219,12.1659476848136));
#3938=CARTESIAN_POINT('Ctrl Pts',(10.9889253092381,-27.7146911806683,12.1334081031519));
#3939=CARTESIAN_POINT('Ctrl Pts',(10.9975619924317,-27.7146911806683,12.0679308715726));
#3940=CARTESIAN_POINT('Ctrl Pts',(10.9990363977504,-27.7146911786219,12.0350554401196));
#3941=CARTESIAN_POINT('Ctrl Pts',(10.9972305701724,-27.7146911786219,12.0023205447084));
#3942=CARTESIAN_POINT('Origin',(5.82221070688967,-50.2239080321221,23.5524203433858));
#3943=CARTESIAN_POINT('',(6.3031447753768,-27.7146911748304,18.8264118451711));
#3944=CARTESIAN_POINT('',(6.82221079629666,-27.7146911786219,18.8264118116432));
#3945=CARTESIAN_POINT('',(5.82221070688969,-27.7146911786219,18.8264118116432));
#3946=CARTESIAN_POINT('',(6.82221078911788,-27.6216756641363,19.2934190539311));
#3947=CARTESIAN_POINT('Origin',(6.82221079629664,-50.2239080321221,23.5524203433858));
#3948=CARTESIAN_POINT('Ctrl Pts',(6.82221078482467,-27.6216756642171,19.2934190535024));
#3949=CARTESIAN_POINT('Ctrl Pts',(6.78164804402559,-27.6305955752342,19.2460816878181));
#3950=CARTESIAN_POINT('Ctrl Pts',(6.73979517290047,-27.6393265854455,19.2005630461494));
#3951=CARTESIAN_POINT('Ctrl Pts',(6.69694699378469,-27.6478088714667,19.1569966841944));
#3952=CARTESIAN_POINT('Ctrl Pts',(6.69014209774783,-27.6491559782918,19.1500777305789));
#3953=CARTESIAN_POINT('Ctrl Pts',(6.68331214700323,-27.6504968118137,19.1432079222277));
#3954=CARTESIAN_POINT('Ctrl Pts',(6.67645837497113,-27.6518311324041,19.1363876857597));
#3955=CARTESIAN_POINT('Ctrl Pts',(6.63360714998638,-27.6601735855166,19.0937461321784));
#3956=CARTESIAN_POINT('Ctrl Pts',(6.5887754611041,-27.6684659448794,19.0520037522875));
#3957=CARTESIAN_POINT('Ctrl Pts',(6.5420834891731,-27.6766301612425,19.011464642704));
#3958=CARTESIAN_POINT('Ctrl Pts',(6.49574483389248,-27.6847325992429,18.9712322912594));
#3959=CARTESIAN_POINT('Ctrl Pts',(6.44757417177066,-27.692708826214,18.932185537689));
#3960=CARTESIAN_POINT('Ctrl Pts',(6.39773345912123,-27.700482551321,18.8945961501098));
#3961=CARTESIAN_POINT('Ctrl Pts',(6.36682956865458,-27.7053026739969,18.8712887322439));
#3962=CARTESIAN_POINT('Ctrl Pts',(6.33528447181664,-27.7100449416117,18.8485410898631));
#3963=CARTESIAN_POINT('Ctrl Pts',(6.30314478008715,-27.7146911672474,18.8264118658183));
#3964=CARTESIAN_POINT('Origin',(6.82221079629664,-50.2239080321221,23.5524203433858));
#3965=CARTESIAN_POINT('',(6.82221079629663,-27.2239080321221,23.5524203433859));
#3966=CARTESIAN_POINT('Origin',(6.82221079629663,-22.2239080321221,23.5524203433859));
#3967=CARTESIAN_POINT('',(6.82221078980339,-27.2359877971535,22.8070860085243));
#3968=CARTESIAN_POINT('Origin',(6.82221079629664,-50.2239080321221,23.5524203433858));
#3969=CARTESIAN_POINT('Ctrl Pts',(6.82221078760431,-27.2359877972146,22.8070860066419));
#3970=CARTESIAN_POINT('Ctrl Pts',(6.91820471344808,-27.2396200161306,22.6950595632564));
#3971=CARTESIAN_POINT('Ctrl Pts',(7.00506151297783,-27.2415753110049,22.575113800189));
#3972=CARTESIAN_POINT('Ctrl Pts',(7.2183562080739,-27.2474044576514,22.222727778228));
#3973=CARTESIAN_POINT('Ctrl Pts',(7.32114666681101,-27.2518416043662,21.9782817893775));
#3974=CARTESIAN_POINT('Ctrl Pts',(7.4186980711162,-27.2709457335948,21.5989837765783));
#3975=CARTESIAN_POINT('Ctrl Pts',(7.44166345140725,-27.2790649893573,21.4732708651771));
#3976=CARTESIAN_POINT('Ctrl Pts',(7.4649756374526,-27.2963877681329,21.2620734433053));
#3977=CARTESIAN_POINT('Ctrl Pts',(7.47029383824517,-27.3042987231307,21.1773889074975));
#3978=CARTESIAN_POINT('Ctrl Pts',(7.47162491183609,-27.3132192791166,21.0926674858791));
#3979=CARTESIAN_POINT('Ctrl Pts',(7.47215626914694,-27.3167803163668,21.0588471568826));
#3980=CARTESIAN_POINT('Ctrl Pts',(7.47205178992648,-27.3204996427358,21.0250385219202));
#3981=CARTESIAN_POINT('Ctrl Pts',(7.46941298702142,-27.3343511012124,20.9043000699722));
#3982=CARTESIAN_POINT('Ctrl Pts',(7.46331641199786,-27.3453543475274,20.8176337167596));
#3983=CARTESIAN_POINT('Ctrl Pts',(7.43698240178443,-27.376055872167,20.5961198765002));
#3984=CARTESIAN_POINT('Ctrl Pts',(7.41069993859396,-27.3970899027822,20.462486644492));
#3985=CARTESIAN_POINT('Ctrl Pts',(7.28574100227721,-27.4750354395899,20.0099232362662));
#3986=CARTESIAN_POINT('Ctrl Pts',(7.1383937603567,-27.5396400122994,19.7083145535549));
#3987=CARTESIAN_POINT('Ctrl Pts',(6.90245872521034,-27.60303638067,19.390453860789));
#3988=CARTESIAN_POINT('Ctrl Pts',(6.86317465030429,-27.6126675443213,19.3412245381987));
#3989=CARTESIAN_POINT('Ctrl Pts',(6.82221078682079,-27.6216756637782,19.2934190558319));
#3990=CARTESIAN_POINT('Ctrl Pts',(6.82221079629666,-27.7146911786219,18.8264118116434));
#3991=CARTESIAN_POINT('Ctrl Pts',(6.99340289279031,-27.7146911786219,18.8264118116434));
#3992=CARTESIAN_POINT('Ctrl Pts',(7.19130926766505,-27.7146911786219,18.7713231231251));
#3993=CARTESIAN_POINT('Ctrl Pts',(7.57520090305074,-27.7146911786219,18.5801550156263));
#3994=CARTESIAN_POINT('Ctrl Pts',(7.81062975892926,-27.7146911786219,18.3797146714573));
#3995=CARTESIAN_POINT('Ctrl Pts',(8.35227730325035,-27.7146911786219,17.8181365271348));
#3996=CARTESIAN_POINT('Ctrl Pts',(8.67297563515262,-27.7146911786219,17.3485935271475));
#3997=CARTESIAN_POINT('Ctrl Pts',(9.26010397617216,-27.7146911786219,16.3705965196013));
#3998=CARTESIAN_POINT('Ctrl Pts',(9.52302714324739,-27.7146911786219,15.8600414950852));
#3999=CARTESIAN_POINT('Ctrl Pts',(10.2097124069677,-27.7146911786219,14.4080698706684));
#4000=CARTESIAN_POINT('Ctrl Pts',(10.631578595827,-27.7146911786219,13.3226255641844));
#4001=CARTESIAN_POINT('Ctrl Pts',(10.9720652061739,-27.7146911786219,12.197774427649));
#4002=CARTESIAN_POINT('Origin',(-7.17508169628342,-22.223908032122,13.000000014901));
#4003=CARTESIAN_POINT('',(-7.17508169628348,-27.2239080321221,23.5524203433858));
#4004=CARTESIAN_POINT('Origin',(-7.17508169628348,-22.2239080321221,23.5524203433859));
#4005=CARTESIAN_POINT('',(-7.17508169628349,-27.2239080321221,25.8053200685502));
#4006=CARTESIAN_POINT('',(-7.17508169628342,-27.223908032122,13.000000014901));
#4007=CARTESIAN_POINT('Ctrl Pts',(-7.17508169628348,-27.2239080321221,25.8053200685502));
#4008=CARTESIAN_POINT('Ctrl Pts',(-7.19205448795759,-27.2239080321221,25.8050840041854));
#4009=CARTESIAN_POINT('Ctrl Pts',(-7.20902717563275,-27.2238216094249,25.8048483706292));
#4010=CARTESIAN_POINT('Ctrl Pts',(-7.22599909924029,-27.2236487672079,25.8046131723616));
#4011=CARTESIAN_POINT('Ctrl Pts',(-7.3694348312138,-27.2221880164709,25.8026254285761));
#4012=CARTESIAN_POINT('Ctrl Pts',(-7.51274174285454,-27.2145554747233,25.8006698194313));
#4013=CARTESIAN_POINT('Ctrl Pts',(-7.65552208107724,-27.2007722091576,25.7987488153046));
#4014=CARTESIAN_POINT('Ctrl Pts',(-7.82703730687979,-27.1842150281393,25.7964412044623));
#4015=CARTESIAN_POINT('Ctrl Pts',(-7.99758273465084,-27.1588025745764,25.7941863501536));
#4016=CARTESIAN_POINT('Ctrl Pts',(-8.16647552310974,-27.124636373923,25.791987878854));
#4017=CARTESIAN_POINT('Ctrl Pts',(-8.49835207770701,-27.0574993394766,25.7876678537839));
#4018=CARTESIAN_POINT('Ctrl Pts',(-8.82255506297283,-26.9568230833509,25.7835822880387));
#4019=CARTESIAN_POINT('Ctrl Pts',(-9.13408857509499,-26.8241571611116,25.7797523493327));
#4020=CARTESIAN_POINT('Ctrl Pts',(-9.34770001431441,-26.7331911575127,25.7771262475258));
#4021=CARTESIAN_POINT('Ctrl Pts',(-9.55425448630981,-26.6276539194218,25.7746332723576));
#4022=CARTESIAN_POINT('Ctrl Pts',(-9.75235073496467,-26.5084948619407,25.7722775748916));
#4023=CARTESIAN_POINT('Ctrl Pts',(-9.97564490966186,-26.3741787222934,25.7696222317184));
#4024=CARTESIAN_POINT('Ctrl Pts',(-10.1881974359121,-26.2225522209824,25.7671413109561));
#4025=CARTESIAN_POINT('Ctrl Pts',(-10.3880326132435,-26.054958332654,25.7648407577544));
#4026=CARTESIAN_POINT('Ctrl Pts',(-10.5080471118051,-25.9543069021185,25.763459120434));
#4027=CARTESIAN_POINT('Ctrl Pts',(-10.6234748375699,-25.8478960854447,25.7621425383084));
#4028=CARTESIAN_POINT('Ctrl Pts',(-10.7338797288533,-25.7360237140689,25.7608922991767));
#4029=CARTESIAN_POINT('Ctrl Pts',(-10.8969091579093,-25.5708273299186,25.759046133038));
#4030=CARTESIAN_POINT('Ctrl Pts',(-11.0478859716105,-25.3948372213309,25.7573567374371));
#4031=CARTESIAN_POINT('Ctrl Pts',(-11.1858752812355,-25.2094623891733,25.7558261163823));
#4032=CARTESIAN_POINT('Ctrl Pts',(-11.3415341960349,-25.000350210243,25.7540994984798));
#4033=CARTESIAN_POINT('Ctrl Pts',(-11.4806703157609,-24.7792914779166,25.7525749208718));
#4034=CARTESIAN_POINT('Ctrl Pts',(-11.6019642244242,-24.5482812986269,25.7512552601959));
#4035=CARTESIAN_POINT('Ctrl Pts',(-11.674756827724,-24.4096442267033,25.7504632869044));
#4036=CARTESIAN_POINT('Ctrl Pts',(-11.7411233968736,-24.2674227511868,25.7497451166725));
#4037=CARTESIAN_POINT('Ctrl Pts',(-11.8007738972356,-24.1220575683944,25.7491013712703));
#4038=CARTESIAN_POINT('Ctrl Pts',(-11.8888449406725,-23.9074329927374,25.7481509127001));
#4039=CARTESIAN_POINT('Ctrl Pts',(-11.9616814231571,-23.6874037269011,25.7473689577424));
#4040=CARTESIAN_POINT('Ctrl Pts',(-12.0189540315779,-23.4636260643251,25.7467561058936));
#4041=CARTESIAN_POINT('Ctrl Pts',(-12.0836337196872,-23.2109071849107,25.7460639937734));
#4042=CARTESIAN_POINT('Ctrl Pts',(-12.1284652334212,-22.9534020403628,25.7455875535212));
#4043=CARTESIAN_POINT('Ctrl Pts',(-12.152984765498,-22.6934621115468,25.7453276486113));
#4044=CARTESIAN_POINT('Ctrl Pts',(-12.1676824571556,-22.5376468655113,25.7451718543566));
#4045=CARTESIAN_POINT('Ctrl Pts',(-12.1750816962835,-22.3809564951476,25.7450938642405));
#4046=CARTESIAN_POINT('Ctrl Pts',(-12.1750816962835,-22.2239080321221,25.7450938642405));
#4047=CARTESIAN_POINT('Origin',(6.82221079629662,-22.2239080321221,25.9999998848698));
#4048=CARTESIAN_POINT('',(6.82221070725759,-27.2239080321221,25.9999999999999));
#4049=CARTESIAN_POINT('Origin',(6.82221079629662,-22.2239080321221,25.9999999999999));
#4050=CARTESIAN_POINT('',(6.82221079629662,-27.2239080321221,25.9999998848698));
#4051=CARTESIAN_POINT('Origin',(-0.177789382517322,-22.2239080321221,25.9999999999999));
#4052=CARTESIAN_POINT('',(2.53041066107791,-27.2239080321221,32.4548936880377));
#4053=CARTESIAN_POINT('',(4.77195808578845,-26.7562090145579,33.6497474683057));
#4054=CARTESIAN_POINT('Ctrl Pts',(2.53041066107791,-27.2239080321221,32.4548936880377));
#4055=CARTESIAN_POINT('Ctrl Pts',(2.55116561965557,-27.2239080321221,32.4858031261639));
#4056=CARTESIAN_POINT('Ctrl Pts',(2.57259556799003,-27.2235076039885,32.516336505934));
#4057=CARTESIAN_POINT('Ctrl Pts',(2.79059481652975,-27.215659436331,32.8135956120258));
#4058=CARTESIAN_POINT('Ctrl Pts',(3.03225943534196,-27.1776799168563,33.0401886680849));
#4059=CARTESIAN_POINT('Ctrl Pts',(3.59401540562454,-27.059347071762,33.403272783468));
#4060=CARTESIAN_POINT('Ctrl Pts',(3.91207830810676,-26.9782334852917,33.5312980341618));
#4061=CARTESIAN_POINT('Ctrl Pts',(4.41718349566211,-26.8473922898164,33.6322335320668));
#4062=CARTESIAN_POINT('Ctrl Pts',(4.59440829739735,-26.8011433955003,33.6497474683057));
#4063=CARTESIAN_POINT('Ctrl Pts',(4.77195808578845,-26.7562090145579,33.6497474683057));
#4064=CARTESIAN_POINT('',(6.2771043055205,-27.2239080321221,28.7082000435952));
#4065=CARTESIAN_POINT('Ctrl Pts',(4.77195808578845,-26.7562090145579,33.6497474683057));
#4066=CARTESIAN_POINT('Ctrl Pts',(4.91606022226963,-26.7197395805251,33.6497474683057));
#4067=CARTESIAN_POINT('Ctrl Pts',(5.06037672936039,-26.6841372099553,33.6382122489707));
#4068=CARTESIAN_POINT('Ctrl Pts',(5.52992524236444,-26.5744461957776,33.5621825864087));
#4069=CARTESIAN_POINT('Ctrl Pts',(5.8469445543929,-26.5104749657106,33.4493710640832));
#4070=CARTESIAN_POINT('Ctrl Pts',(6.3355161414492,-26.4460622116068,33.1628465803002));
#4071=CARTESIAN_POINT('Ctrl Pts',(6.51803528310537,-26.4322331146223,33.0220468893962));
#4072=CARTESIAN_POINT('Ctrl Pts',(6.68114639499213,-26.4322331146223,32.8589357775094));
#4073=CARTESIAN_POINT('Ctrl Pts',(6.75643445920331,-26.4322331146223,32.7836477132982));
#4074=CARTESIAN_POINT('Ctrl Pts',(6.82712225499522,-26.4351559133224,32.7040574228817));
#4075=CARTESIAN_POINT('Ctrl Pts',(7.05620363260837,-26.4552477512275,32.4132549666365));
#4076=CARTESIAN_POINT('Ctrl Pts',(7.18697039924939,-26.4870571419622,32.1848674130344));
#4077=CARTESIAN_POINT('Ctrl Pts',(7.41503783629482,-26.5936443363879,31.6081889347212));
#4078=CARTESIAN_POINT('Ctrl Pts',(7.47803543999265,-26.6788523267322,31.2536055313868));
#4079=CARTESIAN_POINT('Ctrl Pts',(7.46476830286223,-26.8615114944399,30.5358029718242));
#4080=CARTESIAN_POINT('Ctrl Pts',(7.38443665912795,-26.9583376493594,30.1754275958897));
#4081=CARTESIAN_POINT('Ctrl Pts',(7.09779641091276,-27.1115234778714,29.5390476566555));
#4082=CARTESIAN_POINT('Ctrl Pts',(6.90620884611992,-27.1699889493176,29.2619152544025));
#4083=CARTESIAN_POINT('Ctrl Pts',(6.54606330450128,-27.2158097046729,28.9075053622634));
#4084=CARTESIAN_POINT('Ctrl Pts',(6.41595019423538,-27.2239080321221,28.8014317826254));
#4085=CARTESIAN_POINT('Ctrl Pts',(6.2771043055205,-27.2239080321221,28.7082000435952));
#4086=CARTESIAN_POINT('Origin',(-0.177789382517321,-27.2239080321221,25.9999999999999));
#4087=CARTESIAN_POINT('Origin',(-0.177789382517322,-22.2239080321221,25.9999999999999));
#4088=CARTESIAN_POINT('',(-6.63268307055517,-27.2239080321221,28.7082000435951));
#4089=CARTESIAN_POINT('Origin',(-0.177789382517321,-27.2239080321221,25.9999999999999));
#4090=CARTESIAN_POINT('',(-5.12753685082316,-26.7562090145579,33.6497474683057));
#4091=CARTESIAN_POINT('Ctrl Pts',(-6.63268307055513,-27.2239080321221,28.7082000435952));
#4092=CARTESIAN_POINT('Ctrl Pts',(-6.66359250868136,-27.2239080321221,28.7289550021728));
#4093=CARTESIAN_POINT('Ctrl Pts',(-6.69412588845143,-27.2235076039884,28.7503849505073));
#4094=CARTESIAN_POINT('Ctrl Pts',(-6.99138499454331,-27.2156594363309,28.968384199047));
#4095=CARTESIAN_POINT('Ctrl Pts',(-7.21797805060236,-27.1776799168563,29.2100488178593));
#4096=CARTESIAN_POINT('Ctrl Pts',(-7.58106216598541,-27.0593470717619,29.7718047881418));
#4097=CARTESIAN_POINT('Ctrl Pts',(-7.70908741667925,-26.9782334852917,30.089867690624));
#4098=CARTESIAN_POINT('Ctrl Pts',(-7.83829313955759,-26.8107460146343,30.7364437936032));
#4099=CARTESIAN_POINT('Ctrl Pts',(-7.84456000054766,-26.7253395033738,31.0617936373221));
#4100=CARTESIAN_POINT('Ctrl Pts',(-7.73997196892608,-26.5744461957776,31.7077146248818));
#4101=CARTESIAN_POINT('Ctrl Pts',(-7.62716044660061,-26.5104749657106,32.0247339369102));
#4102=CARTESIAN_POINT('Ctrl Pts',(-7.34063596281769,-26.4460622116068,32.5133055239664));
#4103=CARTESIAN_POINT('Ctrl Pts',(-7.19983627191363,-26.4322331146223,32.6958246656226));
#4104=CARTESIAN_POINT('Ctrl Pts',(-7.03672516002683,-26.4322331146223,32.8589357775094));
#4105=CARTESIAN_POINT('Ctrl Pts',(-6.96143709581558,-26.4322331146223,32.9342238417207));
#4106=CARTESIAN_POINT('Ctrl Pts',(-6.88184680539894,-26.4351559133224,33.0049116375126));
#4107=CARTESIAN_POINT('Ctrl Pts',(-6.59104434915391,-26.4552477512275,33.2339930151256));
#4108=CARTESIAN_POINT('Ctrl Pts',(-6.36265679555186,-26.4870571419622,33.3647597817667));
#4109=CARTESIAN_POINT('Ctrl Pts',(-5.80170547231639,-26.5907374941888,33.5866073717301));
#4110=CARTESIAN_POINT('Ctrl Pts',(-5.46468777642901,-26.6708827054503,33.6497474683057));
#4111=CARTESIAN_POINT('Ctrl Pts',(-5.12753685082316,-26.7562090145579,33.6497474683057));
#4112=CARTESIAN_POINT('',(-2.88598942611261,-27.2239080321221,32.4548936880377));
#4113=CARTESIAN_POINT('Ctrl Pts',(-5.12753685082316,-26.7562090145579,33.6497474683057));
#4114=CARTESIAN_POINT('Ctrl Pts',(-5.11090466691853,-26.7604182952011,33.6497474683057));
#4115=CARTESIAN_POINT('Ctrl Pts',(-5.09427209846693,-26.7646399462701,33.6495937850712));
#4116=CARTESIAN_POINT('Ctrl Pts',(-4.71359235434167,-26.8615114944399,33.6425576853795));
#4117=CARTESIAN_POINT('Ctrl Pts',(-4.3532169784071,-26.9583376493594,33.5622260416452));
#4118=CARTESIAN_POINT('Ctrl Pts',(-3.71683703917294,-27.1115234778714,33.27558579343));
#4119=CARTESIAN_POINT('Ctrl Pts',(-3.43970463691991,-27.1699889493176,33.0839982286372));
#4120=CARTESIAN_POINT('Ctrl Pts',(-3.08529474478085,-27.215809704673,32.7238526870185));
#4121=CARTESIAN_POINT('Ctrl Pts',(-2.97922116514286,-27.2239080321221,32.5937395767526));
#4122=CARTESIAN_POINT('Ctrl Pts',(-2.8859894261126,-27.2239080321221,32.4548936880377));
#4123=CARTESIAN_POINT('Origin',(-0.177789382517321,-27.2239080321221,25.9999999999999));
#4124=CARTESIAN_POINT('Origin',(4.77195808578856,-10.5871547953073,21.0502525316942));
#4125=CARTESIAN_POINT('',(4.77195808578855,-27.2239080321221,23.7502525316941));
#4126=CARTESIAN_POINT('',(4.77195808578854,-10.5871547953073,23.7502525316942));
#4127=CARTESIAN_POINT('Origin',(4.77195808578856,-27.2239080321221,21.0502525316941));
#4128=CARTESIAN_POINT('Origin',(4.77195808578856,-27.7146911786219,21.0502525316941));
#4129=CARTESIAN_POINT('',(5.78643146746663,-27.2239080321221,23.5524203433859));
#4130=CARTESIAN_POINT('Ctrl Pts',(5.78643146746664,-27.2239080321221,23.5524203433859));
#4131=CARTESIAN_POINT('Ctrl Pts',(5.79274878527104,-27.2239080321221,23.549859064032));
#4132=CARTESIAN_POINT('Ctrl Pts',(5.79905650436682,-27.2239084599344,23.5472738188465));
#4133=CARTESIAN_POINT('Ctrl Pts',(6.13799955215859,-27.2239558092585,23.4068549769039));
#4134=CARTESIAN_POINT('Ctrl Pts',(6.44161844968064,-27.2253728512321,23.1990129092975));
#4135=CARTESIAN_POINT('Ctrl Pts',(6.72961512486962,-27.2328039403431,22.9109632021247));
#4136=CARTESIAN_POINT('Ctrl Pts',(6.77672042142932,-27.234266532463,22.8601739899294));
#4137=CARTESIAN_POINT('Ctrl Pts',(6.82221078760431,-27.2359877972146,22.8070860066419));
#4138=CARTESIAN_POINT('Origin',(4.77195808578856,-27.2239080321221,21.0502525316941));
#4139=CARTESIAN_POINT('Origin',(5.82221070688967,-50.2239080321221,23.5524203433858));
#4140=CARTESIAN_POINT('',(-7.17508169024199,-27.2358857132526,22.8102412092438));
#4141=CARTESIAN_POINT('Origin',(-7.17508169628347,-50.2239080321221,23.5524203433857));
#4142=CARTESIAN_POINT('',(-6.14201023250124,-27.2239080321221,23.5524203433858));
#4143=CARTESIAN_POINT('Ctrl Pts',(-7.17508168819996,-27.2358857133092,22.8102412074904));
#4144=CARTESIAN_POINT('Ctrl Pts',(-7.13043094490448,-27.2342086117162,22.8621872229262));
#4145=CARTESIAN_POINT('Ctrl Pts',(-7.08423643857707,-27.2327792355227,22.9119208297577));
#4146=CARTESIAN_POINT('Ctrl Pts',(-6.79719721471524,-27.2253728512321,23.1990129092974));
#4147=CARTESIAN_POINT('Ctrl Pts',(-6.49357831719319,-27.2239558092585,23.4068549769037));
#4148=CARTESIAN_POINT('Ctrl Pts',(-6.15463526940143,-27.2239084599344,23.5472738188464));
#4149=CARTESIAN_POINT('Ctrl Pts',(-6.14832755030565,-27.2239080321221,23.5498590640319));
#4150=CARTESIAN_POINT('Ctrl Pts',(-6.14201023250125,-27.2239080321221,23.5524203433858));
#4151=CARTESIAN_POINT('',(5.82221070688966,-27.2239080321221,23.5524203433859));
#4152=CARTESIAN_POINT('Origin',(5.82221070688967,-50.2239080321221,23.5524203433858));
#4153=CARTESIAN_POINT('',(5.82221070688966,-27.2239080321221,23.5524203433859));
#4154=CARTESIAN_POINT('Origin',(4.77195808578846,-10.5871547953074,30.9497474683058));
#4155=CARTESIAN_POINT('',(4.77195808578844,-10.5871547953074,33.6497474683058));
#4156=CARTESIAN_POINT('Origin',(4.77195808578846,-27.2239080321221,30.9497474683057));
#4157=CARTESIAN_POINT('Origin',(-0.177789382517319,-27.2239080321221,25.9999999999999));
#4158=CARTESIAN_POINT('Origin',(-5.12753685082315,-27.2239080321221,30.9497474683057));
#4159=CARTESIAN_POINT('',(-5.12753685082316,-27.2239080321221,23.750252531694));
#4160=CARTESIAN_POINT('Origin',(-5.12753685082314,-27.2239080321221,21.050252531694));
#4161=CARTESIAN_POINT('Origin',(-5.12753685082314,-27.2239080321221,21.050252531694));
#4162=CARTESIAN_POINT('Origin',(-5.12753685082315,-10.5871547953073,21.0502525316941));
#4163=CARTESIAN_POINT('',(-5.12753685082316,-10.5871547953073,23.7502525316941));
#4164=CARTESIAN_POINT('Ctrl Pts',(-7.17508168744199,-27.6222704350663,19.2902638550158));
#4165=CARTESIAN_POINT('Ctrl Pts',(-7.3367278749619,-27.5868071883386,19.4783206425402));
#4166=CARTESIAN_POINT('Ctrl Pts',(-7.47152339261064,-27.54199465896,19.6875478144423));
#4167=CARTESIAN_POINT('Ctrl Pts',(-7.66799818545691,-27.4583014204073,20.1101320329342));
#4168=CARTESIAN_POINT('Ctrl Pts',(-7.73605004624427,-27.4195116859775,20.319444958393));
#4169=CARTESIAN_POINT('Ctrl Pts',(-7.79824633637591,-27.3695888987573,20.6396669027897));
#4170=CARTESIAN_POINT('Ctrl Pts',(-7.81237184876239,-27.3545316129273,20.7452171552083));
#4171=CARTESIAN_POINT('Ctrl Pts',(-7.82612160041284,-27.3307296324159,20.931620742084));
#4172=CARTESIAN_POINT('Ctrl Pts',(-7.82846644972255,-27.3213581472446,21.0119784627604));
#4173=CARTESIAN_POINT('Ctrl Pts',(-7.8272062742567,-27.312879215026,21.0925018414864));
#4174=CARTESIAN_POINT('Ctrl Pts',(-7.82674963209944,-27.3098067556706,21.1216806109257));
#4175=CARTESIAN_POINT('Ctrl Pts',(-7.82581980740348,-27.3068530839852,21.1508611765583));
#4176=CARTESIAN_POINT('Ctrl Pts',(-7.81990140826098,-27.2949024461838,21.2738466140771));
#4177=CARTESIAN_POINT('Ctrl Pts',(-7.81049018212163,-27.2870313137448,21.3675026890205));
#4178=CARTESIAN_POINT('Ctrl Pts',(-7.77152047324348,-27.2688288979474,21.6208897183967));
#4179=CARTESIAN_POINT('Ctrl Pts',(-7.73248587386568,-27.2609139383804,21.7787342387814));
#4180=CARTESIAN_POINT('Ctrl Pts',(-7.56799017500786,-27.2440698428794,22.2545608581502));
#4181=CARTESIAN_POINT('Ctrl Pts',(-7.39696738475996,-27.2442198382019,22.5521026644833));
#4182=CARTESIAN_POINT('Ctrl Pts',(-7.17508168819995,-27.2358857133092,22.8102412074904));
#4183=CARTESIAN_POINT('Origin',(-5.12753685082314,-27.7146911786219,21.050252531694));
#4184=CARTESIAN_POINT('Origin',(-0.177789382517319,-35.3239080321221,25.9999999999998));
#4185=CARTESIAN_POINT('',(11.4148807154368,-20.2239080321221,29.0999999999999));
#4186=CARTESIAN_POINT('Origin',(-0.177789382517323,-20.2239080321221,25.9999999999999));
#4187=CARTESIAN_POINT('',(11.4148807154368,-20.2239080321221,29.0999999999999));
#4188=CARTESIAN_POINT('Origin',(4.77195808578855,29.6757680675995,21.0502525316944));
#4189=CARTESIAN_POINT('',(4.77195808578854,29.6757680675995,22.6502525316944));
#4190=CARTESIAN_POINT('Origin',(2.65593608054362,-49.6811229737045,29.0999999999997));
#4191=CARTESIAN_POINT('',(2.65593608054362,-20.2239080321221,29.0999999999999));
#4192=CARTESIAN_POINT('',(2.65593608054362,-20.2239080321221,29.0999999999999));
#4193=CARTESIAN_POINT('',(2.65593608054362,-20.2239080321221,29.0999999999999));
#4194=CARTESIAN_POINT('Origin',(-0.177789382517323,-20.2239080321221,25.9999999999999));
#4195=CARTESIAN_POINT('',(2.65593608054365,-20.2239080321221,22.8999999999999));
#4196=CARTESIAN_POINT('',(11.4148807154369,-20.2239080321221,22.9));
#4197=CARTESIAN_POINT('Origin',(-0.177789382517323,-20.2239080321221,25.9999999999999));
#4198=CARTESIAN_POINT('Origin',(-0.177789382517316,-49.6811229737045,25.9999999999997));
#4199=CARTESIAN_POINT('',(2.65593608054365,-20.2239080321221,22.8999999999999));
#4200=CARTESIAN_POINT('Origin',(-5.12753685082316,29.6757680675995,21.0502525316943));
#4201=CARTESIAN_POINT('',(-5.12753685082317,29.6757680675995,22.6502525316943));
#4202=CARTESIAN_POINT('Origin',(-5.12753685082318,29.6757680675995,30.949747468306));
#4203=CARTESIAN_POINT('',(-5.12753685082319,29.6757680675995,32.549747468306));
#4204=CARTESIAN_POINT('Origin',(21.7629575912831,-49.6811229737044,22.8999999999998));
#4205=CARTESIAN_POINT('Origin',(-5.12753685082315,-10.5871547953074,30.9497474683058));
#4206=CARTESIAN_POINT('',(-5.12753685082316,-10.5871547953074,33.6497474683058));
#4207=CARTESIAN_POINT('Origin',(4.77195808578847,29.6757680675995,30.9497474683061));
#4208=CARTESIAN_POINT('',(4.77195808578846,29.6757680675995,32.5497474683061));
#4209=CARTESIAN_POINT('Origin',(10.9985222114725,-27.7146911786218,12.0012619621907));
#4210=CARTESIAN_POINT('',(11.0747595934488,-27.7146911786218,11.4349999999999));
#4211=CARTESIAN_POINT('',(11.8222107962967,-27.7146911786218,5.88321983920533));
#4212=CARTESIAN_POINT('',(11.3911477037637,-27.4346426479854,9.08499075890807));
#4213=CARTESIAN_POINT('Origin',(11.0747595934488,-17.7146911786218,11.435));
#4214=CARTESIAN_POINT('',(11.1218822857537,-27.4346426479854,11.0849907589081));
#4215=CARTESIAN_POINT('',(10.9859678686605,-27.4346426479854,12.0945107938065));
#4216=CARTESIAN_POINT('',(11.1218822857538,-13.8438752517121,11.0849907589081));
#4217=CARTESIAN_POINT('Origin',(-7.17508169628347,-50.2239080321221,23.5524203433857));
#4218=CARTESIAN_POINT('',(-11.5413005183068,-27.7146911786218,11.4349999999998));
#4219=CARTESIAN_POINT('Ctrl Pts',(-11.5413005183067,-27.7146911786219,11.4349999999998));
#4220=CARTESIAN_POINT('Ctrl Pts',(-11.1722803197633,-27.7146911786219,12.8301321577639));
#4221=CARTESIAN_POINT('Ctrl Pts',(-10.6665784568768,-27.7146911786219,14.1881758162274));
#4222=CARTESIAN_POINT('Ctrl Pts',(-9.87589804323414,-27.7146911786219,15.8600414950851));
#4223=CARTESIAN_POINT('Ctrl Pts',(-9.61297487615892,-27.7146911786219,16.3705965196012));
#4224=CARTESIAN_POINT('Ctrl Pts',(-9.02584653513939,-27.7146911786219,17.3485935271474));
#4225=CARTESIAN_POINT('Ctrl Pts',(-8.70514820323713,-27.7146911786219,17.8181365271347));
#4226=CARTESIAN_POINT('Ctrl Pts',(-8.16350065891605,-27.7146911786219,18.3797146714571));
#4227=CARTESIAN_POINT('Ctrl Pts',(-7.92807180303752,-27.7146911786219,18.5801550156262));
#4228=CARTESIAN_POINT('Ctrl Pts',(-7.54418016765183,-27.7146911786219,18.7713231231249));
#4229=CARTESIAN_POINT('Ctrl Pts',(-7.3462737927771,-27.7146911786219,18.8264118116433));
#4230=CARTESIAN_POINT('Ctrl Pts',(-7.17508169628345,-27.7146911786219,18.8264118116433));
#4231=CARTESIAN_POINT('',(-12.0727606872797,-27.4346426479855,9.08499075890811));
#4232=CARTESIAN_POINT('Ctrl Pts',(-11.747404768199,-27.4346426479854,11.0849907589079));
#4233=CARTESIAN_POINT('Ctrl Pts',(-11.889523145244,-27.4346426479854,10.4158351425273));
#4234=CARTESIAN_POINT('Ctrl Pts',(-12.0000532644122,-27.4346426479854,9.74521309443663));
#4235=CARTESIAN_POINT('Ctrl Pts',(-12.0727606872797,-27.4346426479854,9.08499075890811));
#4236=CARTESIAN_POINT('Ctrl Pts',(-11.5413005183068,-27.7146911786218,11.4349999999998));
#4237=CARTESIAN_POINT('Ctrl Pts',(-11.7016079950357,-27.7146911786218,10.828935300026));
#4238=CARTESIAN_POINT('Ctrl Pts',(-11.862449216192,-27.6597005325739,10.216716215261));
#4239=CARTESIAN_POINT('Ctrl Pts',(-12.0165760743597,-27.5128309246752,9.42779500926652));
#4240=CARTESIAN_POINT('Ctrl Pts',(-12.0469701144446,-27.4756473867611,9.25459182427619));
#4241=CARTESIAN_POINT('Ctrl Pts',(-12.0727606872797,-27.4346426479854,9.08499075890813));
#4242=CARTESIAN_POINT('Origin',(-0.177789382517287,0.0269406751976751,11.084990758908));
#4243=CARTESIAN_POINT('Origin',(-12.1750816962834,16.4760919678781,2.98023467015796E-8));
#4244=CARTESIAN_POINT('',(-12.1750816962834,16.476091967878,11.0849907589079));
#4245=CARTESIAN_POINT('',(-12.1750816962834,8.25151632153787,11.0849907589079));
#4246=CARTESIAN_POINT('',(-12.1750816962835,16.476091967878,18.5685517452261));
#4247=CARTESIAN_POINT('',(-12.1750816962834,16.4760919678781,2.98023467015796E-8));
#4248=CARTESIAN_POINT('',(-12.1750816962835,17.976091967878,18.5685517452261));
#4249=CARTESIAN_POINT('',(-12.1750816962835,16.476091967878,18.5685517452261));
#4250=CARTESIAN_POINT('',(-12.1750816072785,17.976091967878,25.7450854506193));
#4251=CARTESIAN_POINT('',(-12.1750816962834,17.9760919678781,-0.999999985098807));
#4252=CARTESIAN_POINT('',(-12.1750816962835,16.4760919678779,25.7450854465085));
#4253=CARTESIAN_POINT('Origin',(-0.177789382517334,16.476091967878,26.0000000000001));
#4254=CARTESIAN_POINT('',(-0.177789382517272,16.4760919678781,11.084990758908));
#4255=CARTESIAN_POINT('',(6.51351668107137,16.476091967878,18.5685517452262));
#4256=CARTESIAN_POINT('',(6.51351668107137,16.476091967878,18.5685517452262));
#4257=CARTESIAN_POINT('',(-6.86909544610594,16.476091967878,18.5685517452262));
#4258=CARTESIAN_POINT('Origin',(-0.177789382517334,16.476091967878,26.0000000000001));
#4259=CARTESIAN_POINT('',(-6.86909544610594,16.476091967878,18.5685517452262));
#4260=CARTESIAN_POINT('Origin',(-0.177789382517333,21.976091967878,26.0000000000001));
#4261=CARTESIAN_POINT('Ctrl Pts',(-2.88598942611263,26.976091967878,32.454893688038));
#4262=CARTESIAN_POINT('Ctrl Pts',(-3.02639717711062,26.976091967878,32.6639967163903));
#4263=CARTESIAN_POINT('Ctrl Pts',(-3.19503999030836,26.9576895037862,32.8519844681786));
#4264=CARTESIAN_POINT('Ctrl Pts',(-3.6486710930389,26.8803631678433,33.2345046684577));
#4265=CARTESIAN_POINT('Ctrl Pts',(-3.94724568382696,26.8103584463733,33.4012291937213));
#4266=CARTESIAN_POINT('Ctrl Pts',(-4.57983395086057,26.6508087009194,33.6143243234623));
#4267=CARTESIAN_POINT('Ctrl Pts',(-4.91050749797918,26.5622682100206,33.6612640271121));
#4268=CARTESIAN_POINT('Ctrl Pts',(-5.59298659128673,26.3921439338549,33.6325565803495));
#4269=CARTESIAN_POINT('Ctrl Pts',(-5.94198277511961,26.3123152658813,33.5488865564479));
#4270=CARTESIAN_POINT('Ctrl Pts',(-6.49053189455194,26.2210381696242,33.2934286091828));
#4271=CARTESIAN_POINT('Ctrl Pts',(-6.69937522345703,26.1965672595861,33.1591000882047));
#4272=CARTESIAN_POINT('Ctrl Pts',(-7.05604409552534,26.1802561773605,32.8523678677237));
#4273=CARTESIAN_POINT('Ctrl Pts',(-7.20519812177781,26.1852587256562,32.6881906726802));
#4274=CARTESIAN_POINT('Ctrl Pts',(-7.49321734111282,26.223975436968,32.2805014569782));
#4275=CARTESIAN_POINT('Ctrl Pts',(-7.61623979597953,26.2643475396666,32.032026714404));
#4276=CARTESIAN_POINT('Ctrl Pts',(-7.80832430560389,26.3864686283557,31.4306001589812));
#4277=CARTESIAN_POINT('Ctrl Pts',(-7.847639824893,26.4757783450017,31.0742398077423));
#4278=CARTESIAN_POINT('Ctrl Pts',(-7.78756264829359,26.6594618239114,30.3623373337458));
#4279=CARTESIAN_POINT('Ctrl Pts',(-7.68488070332812,26.753101103836,30.0096554522238));
#4280=CARTESIAN_POINT('Ctrl Pts',(-7.36125674857163,26.8936899500688,29.3983944776915));
#4281=CARTESIAN_POINT('Ctrl Pts',(-7.15657409010528,26.9436161517253,29.1378336818672));
#4282=CARTESIAN_POINT('Ctrl Pts',(-6.81997612966362,26.9722557134225,28.8428359055659));
#4283=CARTESIAN_POINT('Ctrl Pts',(-6.72830120193668,26.976091967878,28.7724053632778));
#4284=CARTESIAN_POINT('Ctrl Pts',(-6.63268307055515,26.976091967878,28.7082000435954));
#4285=CARTESIAN_POINT('Origin',(-0.177789382517333,21.976091967878,26.0000000000001));
#4286=CARTESIAN_POINT('Ctrl Pts',(6.27710430552049,26.976091967878,28.7082000435955));
#4287=CARTESIAN_POINT('Ctrl Pts',(6.48620733387273,26.976091967878,28.8486077945935));
#4288=CARTESIAN_POINT('Ctrl Pts',(6.67419508566107,26.9576895037862,29.0172506077912));
#4289=CARTESIAN_POINT('Ctrl Pts',(7.05671528594013,26.8803631678434,29.4708817105217));
#4290=CARTESIAN_POINT('Ctrl Pts',(7.22343981120377,26.8103584463734,29.7694563013098));
#4291=CARTESIAN_POINT('Ctrl Pts',(7.43653494094476,26.6508087009194,30.4020445683434));
#4292=CARTESIAN_POINT('Ctrl Pts',(7.48347464459456,26.5622682100206,30.732718115462));
#4293=CARTESIAN_POINT('Ctrl Pts',(7.45476719783197,26.3921439338549,31.4151972087695));
#4294=CARTESIAN_POINT('Ctrl Pts',(7.37109717393036,26.3123152658814,31.7641933926024));
#4295=CARTESIAN_POINT('Ctrl Pts',(7.11563922666526,26.2210381696242,32.3127425120347));
#4296=CARTESIAN_POINT('Ctrl Pts',(6.98131070568717,26.1965672595862,32.5215858409398));
#4297=CARTESIAN_POINT('Ctrl Pts',(6.67457848520618,26.1802561773606,32.8782547130082));
#4298=CARTESIAN_POINT('Ctrl Pts',(6.51040129016261,26.1852587256562,33.0274087392607));
#4299=CARTESIAN_POINT('Ctrl Pts',(6.10271207446065,26.223975436968,33.3154279585956));
#4300=CARTESIAN_POINT('Ctrl Pts',(5.85423733188645,26.2643475396666,33.4384504134624));
#4301=CARTESIAN_POINT('Ctrl Pts',(5.25281077646368,26.3864686283557,33.6305349230867));
#4302=CARTESIAN_POINT('Ctrl Pts',(4.89645042522477,26.4757783450017,33.6698504423758));
#4303=CARTESIAN_POINT('Ctrl Pts',(4.18454795122822,26.6594618239114,33.6097732657764));
#4304=CARTESIAN_POINT('Ctrl Pts',(3.83186606970624,26.753101103836,33.507091320811));
#4305=CARTESIAN_POINT('Ctrl Pts',(3.22060509517391,26.8936899500688,33.1834673660544));
#4306=CARTESIAN_POINT('Ctrl Pts',(2.96004429934961,26.9436161517253,32.9787847075881));
#4307=CARTESIAN_POINT('Ctrl Pts',(2.66504652304835,26.9722557134225,32.6421867471464));
#4308=CARTESIAN_POINT('Ctrl Pts',(2.59461598076027,26.976091967878,32.5505118194195));
#4309=CARTESIAN_POINT('Ctrl Pts',(2.53041066107791,26.976091967878,32.454893688038));
#4310=CARTESIAN_POINT('Origin',(-0.177789382517335,26.976091967878,26.0000000000001));
#4311=CARTESIAN_POINT('',(11.4148807154368,17.976091967878,29.1000000000002));
#4312=CARTESIAN_POINT('Origin',(-0.177789382517331,17.976091967878,26.0000000000001));
#4313=CARTESIAN_POINT('',(11.4148807154368,19.976091967878,29.1000000000002));
#4314=CARTESIAN_POINT('',(11.4148807154368,19.976091967878,29.1000000000002));
#4315=CARTESIAN_POINT('Origin',(-0.177789382517332,19.976091967878,26.0000000000001));
#4316=CARTESIAN_POINT('Origin',(-0.17778938251718,17.9760919678781,-1.9999999999999));
#4317=CARTESIAN_POINT('',(-6.86909544610594,17.976091967878,18.5685517452262));
#4318=CARTESIAN_POINT('',(-6.86909544610594,17.976091967878,18.5685517452262));
#4319=CARTESIAN_POINT('',(6.51351668107137,17.976091967878,18.5685517452262));
#4320=CARTESIAN_POINT('Origin',(-0.177789382517335,17.976091967878,26.0000000000001));
#4321=CARTESIAN_POINT('',(6.51351668107137,17.976091967878,18.5685517452262));
#4322=CARTESIAN_POINT('',(2.65593608054364,17.976091967878,22.9000000000001));
#4323=CARTESIAN_POINT('',(11.4148807154368,17.976091967878,22.9000000000002));
#4324=CARTESIAN_POINT('',(2.65593608054361,17.976091967878,29.1000000000001));
#4325=CARTESIAN_POINT('Origin',(-0.177789382517331,17.976091967878,26.0000000000001));
#4326=CARTESIAN_POINT('',(2.65593608054361,17.976091967878,29.1000000000001));
#4327=CARTESIAN_POINT('',(4.77195808578846,17.9760919678779,32.549747468306));
#4328=CARTESIAN_POINT('Origin',(4.77195808578847,17.9760919678779,30.949747468306));
#4329=CARTESIAN_POINT('',(4.77195808578855,17.976091967878,22.6502525316943));
#4330=CARTESIAN_POINT('Origin',(4.77195808578856,17.976091967878,21.0502525316943));
#4331=CARTESIAN_POINT('',(-5.12753685082319,17.9760919678779,32.5497474683059));
#4332=CARTESIAN_POINT('Origin',(-5.12753685082318,17.9760919678779,30.9497474683059));
#4333=CARTESIAN_POINT('',(-5.12753685082317,17.976091967878,22.6502525316943));
#4334=CARTESIAN_POINT('Origin',(-5.12753685082316,17.976091967878,21.0502525316943));
#4335=CARTESIAN_POINT('Origin',(-0.177789382517332,19.976091967878,26.0000000000001));
#4336=CARTESIAN_POINT('',(2.65593608054364,19.976091967878,22.9000000000001));
#4337=CARTESIAN_POINT('',(11.4148807154368,19.976091967878,22.9000000000002));
#4338=CARTESIAN_POINT('',(2.65593608054361,19.976091967878,29.1000000000001));
#4339=CARTESIAN_POINT('',(2.65593608054361,19.976091967878,29.1000000000001));
#4340=CARTESIAN_POINT('Origin',(-0.177789382517332,19.976091967878,26.0000000000001));
#4341=CARTESIAN_POINT('Origin',(21.7629575912831,-49.6811229737044,22.8999999999998));
#4342=CARTESIAN_POINT('',(2.65593608054364,17.976091967878,22.9000000000001));
#4343=CARTESIAN_POINT('Origin',(9.76212753874817,16.476091967878,18.5685517452263));
#4344=CARTESIAN_POINT('',(6.51351668107137,16.476091967878,18.5685517452262));
#4345=CARTESIAN_POINT('Origin',(-0.177789382517334,16.476091967878,26.0000000000001));
#4346=CARTESIAN_POINT('',(-6.86909544610594,16.476091967878,18.5685517452262));
#4347=CARTESIAN_POINT('Origin',(-5.12753685082318,29.6757680675995,30.949747468306));
#4348=CARTESIAN_POINT('',(-5.12753685082319,20.9760919678779,32.549747468306));
#4349=CARTESIAN_POINT('Origin',(-5.12753685082318,20.9760919678779,30.949747468306));
#4350=CARTESIAN_POINT('',(-5.12753685082319,29.6757680675995,32.549747468306));
#4351=CARTESIAN_POINT('Origin',(-5.12753685082316,29.6757680675995,21.0502525316943));
#4352=CARTESIAN_POINT('',(-5.12753685082317,20.976091967878,22.6502525316943));
#4353=CARTESIAN_POINT('Origin',(-5.12753685082316,20.976091967878,21.0502525316943));
#4354=CARTESIAN_POINT('',(-5.12753685082317,29.6757680675995,22.6502525316943));
#4355=CARTESIAN_POINT('Origin',(-10.1177063037827,16.476091967878,18.5685517452262));
#4356=CARTESIAN_POINT('Origin',(-0.177789382517181,20.9760919678781,-1.99999999999989));
#4357=CARTESIAN_POINT('',(-5.12753685082314,20.976091967878,18.3502525316943));
#4358=CARTESIAN_POINT('Origin',(-5.12753685082315,20.976091967878,21.0502525316943));
#4359=CARTESIAN_POINT('Origin',(-5.12753685082315,10.3393387310633,21.0502525316942));
#4360=CARTESIAN_POINT('',(-5.12753685082314,10.3393387310633,18.3502525316942));
#4361=CARTESIAN_POINT('Origin',(-0.177789382517181,20.9760919678781,-1.99999999999989));
#4362=CARTESIAN_POINT('',(-5.12753685082314,20.976091967878,28.2497474683059));
#4363=CARTESIAN_POINT('Origin',(-5.12753685082316,20.9760919678779,30.9497474683059));
#4364=CARTESIAN_POINT('Origin',(-5.12753685082316,10.3393387310632,30.9497474683059));
#4365=CARTESIAN_POINT('',(-5.12753685082315,10.3393387310632,28.2497474683059));
#4366=CARTESIAN_POINT('Origin',(4.77195808578847,29.6757680675995,30.9497474683061));
#4367=CARTESIAN_POINT('',(4.77195808578846,20.9760919678779,32.549747468306));
#4368=CARTESIAN_POINT('Origin',(4.77195808578847,20.9760919678779,30.949747468306));
#4369=CARTESIAN_POINT('',(4.77195808578846,29.6757680675995,32.5497474683061));
#4370=CARTESIAN_POINT('Origin',(4.77195808578855,29.6757680675995,21.0502525316944));
#4371=CARTESIAN_POINT('',(4.77195808578854,20.976091967878,22.6502525316943));
#4372=CARTESIAN_POINT('Origin',(4.77195808578855,20.976091967878,21.0502525316943));
#4373=CARTESIAN_POINT('',(4.77195808578854,29.6757680675995,22.6502525316944));
#4374=CARTESIAN_POINT('Origin',(-0.177789382517172,20.9760919678781,-1.99999999999989));
#4375=CARTESIAN_POINT('',(4.77195808578857,20.976091967878,18.3502525316943));
#4376=CARTESIAN_POINT('Origin',(4.77195808578855,20.976091967878,21.0502525316943));
#4377=CARTESIAN_POINT('Origin',(4.77195808578856,10.3393387310633,21.0502525316943));
#4378=CARTESIAN_POINT('',(4.77195808578857,10.3393387310633,18.3502525316943));
#4379=CARTESIAN_POINT('Origin',(-0.177789382517172,20.9760919678781,-1.99999999999989));
#4380=CARTESIAN_POINT('',(4.77195808578846,20.976091967878,28.249747468306));
#4381=CARTESIAN_POINT('Origin',(4.77195808578845,20.9760919678779,30.949747468306));
#4382=CARTESIAN_POINT('Origin',(4.77195808578845,10.3393387310632,30.9497474683059));
#4383=CARTESIAN_POINT('',(4.77195808578846,10.3393387310632,28.2497474683059));
#4384=CARTESIAN_POINT('Origin',(-0.177789382517316,-49.6811229737045,25.9999999999997));
#4385=CARTESIAN_POINT('',(2.65593608054361,17.976091967878,29.1000000000001));
#4386=CARTESIAN_POINT('Origin',(2.65593608054362,-49.6811229737045,29.0999999999997));
#4387=CARTESIAN_POINT('Origin',(11.8222107962968,-27.7146911786218,1.43499999999991));
#4388=CARTESIAN_POINT('',(6.40010304785417,-27.7146911786218,11.4349999999999));
#4389=CARTESIAN_POINT('Origin',(6.40010304785417,-17.7146911786218,11.4349999999999));
#4390=CARTESIAN_POINT('',(6.40010304785418,-27.4346426479854,9.08499075890805));
#4391=CARTESIAN_POINT('Origin',(-12.0727606872797,-27.4346426479854,9.08499075890795));
#4392=CARTESIAN_POINT('',(6.40010304785417,-27.4346426479854,11.084990758908));
#4393=CARTESIAN_POINT('Origin',(6.82221061748294,-13.0136455710483,-20.5647849911729));
#4394=CARTESIAN_POINT('',(10.1294006866858,-9.26364639155972,11.0849907589056));
#4395=CARTESIAN_POINT('Origin',(6.82221061748277,-13.0136455710483,11.0849907589081));
#4396=CARTESIAN_POINT('',(10.1294006866858,-9.26364639155972,10.435));
#4397=CARTESIAN_POINT('Origin',(6.82221061748278,-13.0136455710483,10.435));
#4398=CARTESIAN_POINT('',(10.1294006866859,-9.26364639155972,6.0849907589056));
#4399=CARTESIAN_POINT('Ctrl Pts',(10.1294006866889,-9.26364639156182,6.08499075890807));
#4400=CARTESIAN_POINT('Ctrl Pts',(10.1294006866889,-9.26364639156182,12.0849907589081));
#4401=CARTESIAN_POINT('Ctrl Pts',(10.2124186331452,-9.14162120544987,6.08499075890807));
#4402=CARTESIAN_POINT('Ctrl Pts',(10.2124186331452,-9.14162120544987,12.0849907589081));
#4403=CARTESIAN_POINT('Ctrl Pts',(10.3152436095893,-9.00196984131293,6.08499075890806));
#4404=CARTESIAN_POINT('Ctrl Pts',(10.3152436095893,-9.00196984131293,12.0849907589081));
#4405=CARTESIAN_POINT('Ctrl Pts',(10.4833351065099,-8.77183183697427,6.08499075890806));
#4406=CARTESIAN_POINT('Ctrl Pts',(10.4833351065099,-8.77183183697427,12.0849907589081));
#4407=CARTESIAN_POINT('Ctrl Pts',(10.5814676401621,-8.63615395563058,6.08499075890806));
#4408=CARTESIAN_POINT('Ctrl Pts',(10.5814676401621,-8.63615395563058,12.0849907589081));
#4409=CARTESIAN_POINT('Ctrl Pts',(10.8851019570855,-8.19819041343457,6.08499075890806));
#4410=CARTESIAN_POINT('Ctrl Pts',(10.8851019570855,-8.19819041343457,12.0849907589081));
#4411=CARTESIAN_POINT('Ctrl Pts',(11.1281493636458,-7.79350771579395,6.08499075890807));
#4412=CARTESIAN_POINT('Ctrl Pts',(11.1281493636458,-7.79350771579395,12.0849907589081));
#4413=CARTESIAN_POINT('Ctrl Pts',(11.4539254144945,-7.09460766020625,6.08499075890807));
#4414=CARTESIAN_POINT('Ctrl Pts',(11.4539254144945,-7.09460766020625,12.0849907589081));
#4415=CARTESIAN_POINT('Ctrl Pts',(11.5941403460268,-6.70478905250015,6.08499075890811));
#4416=CARTESIAN_POINT('Ctrl Pts',(11.5941403460268,-6.70478905250015,12.0849907589081));
#4417=CARTESIAN_POINT('Ctrl Pts',(11.7379242955677,-6.0793706778177,6.08499075890812));
#4418=CARTESIAN_POINT('Ctrl Pts',(11.7379242955677,-6.0793706778177,12.0849907589082));
#4419=CARTESIAN_POINT('Ctrl Pts',(11.7750464300141,-5.85117814332493,6.08499075890808));
#4420=CARTESIAN_POINT('Ctrl Pts',(11.7750464300141,-5.85117814332493,12.0849907589081));
#4421=CARTESIAN_POINT('Ctrl Pts',(11.7970292619884,-5.62737203787276,6.08499075890808));
#4422=CARTESIAN_POINT('Ctrl Pts',(11.7970292619884,-5.62737203787276,12.0849907589081));
#4423=CARTESIAN_POINT('',(11.7970292619884,-5.62737203787276,10.435));
#4424=CARTESIAN_POINT('Ctrl Pts',(10.1294006866889,-9.26364639156182,10.435));
#4425=CARTESIAN_POINT('Ctrl Pts',(10.2124186331452,-9.14162120544987,10.435));
#4426=CARTESIAN_POINT('Ctrl Pts',(10.3152436095893,-9.00196984131293,10.435));
#4427=CARTESIAN_POINT('Ctrl Pts',(10.4833351065099,-8.77183183697427,10.435));
#4428=CARTESIAN_POINT('Ctrl Pts',(10.581467640162,-8.63615395563058,10.435));
#4429=CARTESIAN_POINT('Ctrl Pts',(10.8851019570855,-8.19819041343457,10.435));
#4430=CARTESIAN_POINT('Ctrl Pts',(11.1281493636457,-7.79350771579395,10.435));
#4431=CARTESIAN_POINT('Ctrl Pts',(11.4539254144945,-7.09460766020625,10.435));
#4432=CARTESIAN_POINT('Ctrl Pts',(11.5941403460268,-6.70478905250015,10.435));
#4433=CARTESIAN_POINT('Ctrl Pts',(11.7379242955677,-6.0793706778177,10.435));
#4434=CARTESIAN_POINT('Ctrl Pts',(11.7750464300141,-5.85117814332493,10.435));
#4435=CARTESIAN_POINT('Ctrl Pts',(11.7970292619884,-5.62737203787276,10.435));
#4436=CARTESIAN_POINT('',(11.7970292619884,-5.62737203787276,11.0849907589081));
#4437=CARTESIAN_POINT('',(11.7970292619884,-5.62737203787276,6.08499075890808));
#4438=CARTESIAN_POINT('Ctrl Pts',(10.1294006866889,-9.26364639156182,11.0849907589081));
#4439=CARTESIAN_POINT('Ctrl Pts',(10.2124186331452,-9.14162120544987,11.0849907589081));
#4440=CARTESIAN_POINT('Ctrl Pts',(10.3152436095893,-9.00196984131293,11.0849907589081));
#4441=CARTESIAN_POINT('Ctrl Pts',(10.4833351065099,-8.77183183697427,11.0849907589081));
#4442=CARTESIAN_POINT('Ctrl Pts',(10.581467640162,-8.63615395563058,11.0849907589081));
#4443=CARTESIAN_POINT('Ctrl Pts',(10.8851019570855,-8.19819041343457,11.0849907589081));
#4444=CARTESIAN_POINT('Ctrl Pts',(11.1281493636457,-7.79350771579395,11.0849907589081));
#4445=CARTESIAN_POINT('Ctrl Pts',(11.4539254144945,-7.09460766020625,11.0849907589081));
#4446=CARTESIAN_POINT('Ctrl Pts',(11.5941403460268,-6.70478905250015,11.0849907589081));
#4447=CARTESIAN_POINT('Ctrl Pts',(11.7379242955677,-6.0793706778177,11.0849907589081));
#4448=CARTESIAN_POINT('Ctrl Pts',(11.7750464300141,-5.85117814332493,11.0849907589081));
#4449=CARTESIAN_POINT('Ctrl Pts',(11.7970292619884,-5.62737203787276,11.0849907589081));
#4450=CARTESIAN_POINT('Origin',(11.8222107962966,-27.2239080321221,27.9999997697396));
#4451=CARTESIAN_POINT('',(11.8222107962967,-23.0196634911005,4.9581333168537));
#4452=CARTESIAN_POINT('',(11.8222107962967,-23.0196634911005,10.435));
#4453=CARTESIAN_POINT('',(11.8222107962967,-23.0196634911005,3.435));
#4454=CARTESIAN_POINT('',(11.8222107962967,-13.611954016061,10.435));
#4455=CARTESIAN_POINT('',(11.8222107962967,-13.832019644482,11.0849907589081));
#4456=CARTESIAN_POINT('Origin',(11.8222107962967,-17.7146911786218,13.435));
#4457=CARTESIAN_POINT('Origin',(0.977995299411681,-4.11068431456657,3.43499999999998));
#4458=CARTESIAN_POINT('',(12.5,-17.7146911786218,3.43499999999997));
#4459=CARTESIAN_POINT('',(12.5,-2.27485353543192,3.43500000000005));
#4460=CARTESIAN_POINT('',(6.40010304785421,-17.7146911786218,3.43499999999994));
#4461=CARTESIAN_POINT('',(3.42089031973531,4.96471293861898,3.43499999999998));
#4462=CARTESIAN_POINT('Origin',(4.94589031973531,4.96471293861898,3.43499999999998));
#4463=CARTESIAN_POINT('',(3.425,-4.93528620837735,3.43499999999998));
#4464=CARTESIAN_POINT('Origin',(4.95,-4.93528620837735,3.43499999999998));
#4465=CARTESIAN_POINT('',(-6.475,-4.93528620837735,3.43499999999998));
#4466=CARTESIAN_POINT('Origin',(-4.95,-4.93528620837735,3.43499999999998));
#4467=CARTESIAN_POINT('',(-6.47910626825017,4.95649357879779,3.43499999999998));
#4468=CARTESIAN_POINT('Origin',(-4.95410626825017,4.95649357879779,3.43499999999998));
#4469=CARTESIAN_POINT('Origin',(-4.95410626825017,4.95649357879779,1.08499075890801));
#4470=CARTESIAN_POINT('',(-6.47910626825017,4.95649357879779,9.08499075890801));
#4471=CARTESIAN_POINT('Origin',(-4.95410626825017,4.95649357879779,9.08499075890801));
#4472=CARTESIAN_POINT('',(-6.47910626825017,4.95649357879779,1.08499075890801));
#4473=CARTESIAN_POINT('Origin',(-4.95410626825017,4.95649357879779,10.084990758908));
#4474=CARTESIAN_POINT('',(-8.70410626825017,4.95649357879779,11.084990758908));
#4475=CARTESIAN_POINT('Origin',(-4.95410626825017,4.95649357879779,11.084990758908));
#4476=CARTESIAN_POINT('',(-8.70410626825017,4.95649357879779,9.08499075890801));
#4477=CARTESIAN_POINT('',(-8.70410626825017,4.95649357879779,10.084990758908));
#4478=CARTESIAN_POINT('Origin',(-4.95410626825017,4.95649357879779,9.08499075890801));
#4479=CARTESIAN_POINT('Origin',(-4.95410626825017,4.95649357879779,9.08499075890801));
#4480=CARTESIAN_POINT('Origin',(-4.95,-4.93528620837735,1.08499075890801));
#4481=CARTESIAN_POINT('',(-6.475,-4.93528620837735,9.08499075890801));
#4482=CARTESIAN_POINT('Origin',(-4.95,-4.93528620837735,9.08499075890801));
#4483=CARTESIAN_POINT('',(-6.475,-4.93528620837735,1.08499075890801));
#4484=CARTESIAN_POINT('Origin',(-4.95,-4.93528620837735,10.084990758908));
#4485=CARTESIAN_POINT('',(-8.7,-4.93528620837735,11.084990758908));
#4486=CARTESIAN_POINT('Origin',(-4.95,-4.93528620837735,11.084990758908));
#4487=CARTESIAN_POINT('',(-8.7,-4.93528620837735,9.08499075890801));
#4488=CARTESIAN_POINT('',(-8.7,-4.93528620837735,10.084990758908));
#4489=CARTESIAN_POINT('Origin',(-4.95,-4.93528620837735,9.08499075890801));
#4490=CARTESIAN_POINT('Origin',(-4.95,-4.93528620837735,9.08499075890801));
#4491=CARTESIAN_POINT('Origin',(4.95,-4.93528620837735,1.08499075890801));
#4492=CARTESIAN_POINT('',(3.425,-4.93528620837735,9.08499075890801));
#4493=CARTESIAN_POINT('Origin',(4.95,-4.93528620837735,9.08499075890801));
#4494=CARTESIAN_POINT('',(3.425,-4.93528620837735,1.08499075890801));
#4495=CARTESIAN_POINT('Origin',(4.95,-4.93528620837735,10.084990758908));
#4496=CARTESIAN_POINT('',(1.2,-4.93528620837735,11.084990758908));
#4497=CARTESIAN_POINT('Origin',(4.95,-4.93528620837735,11.084990758908));
#4498=CARTESIAN_POINT('',(1.2,-4.93528620837735,9.08499075890801));
#4499=CARTESIAN_POINT('',(1.2,-4.93528620837735,10.084990758908));
#4500=CARTESIAN_POINT('Origin',(4.95,-4.93528620837735,9.08499075890801));
#4501=CARTESIAN_POINT('Origin',(4.95,-4.93528620837735,9.08499075890801));
#4502=CARTESIAN_POINT('Origin',(4.94589031973531,4.96471293861898,1.08499075890801));
#4503=CARTESIAN_POINT('',(3.42089031973531,4.96471293861898,9.08499075890801));
#4504=CARTESIAN_POINT('Origin',(4.94589031973531,4.96471293861898,9.08499075890801));
#4505=CARTESIAN_POINT('',(3.42089031973531,4.96471293861898,1.08499075890801));
#4506=CARTESIAN_POINT('Origin',(4.94589031973531,4.96471293861898,10.084990758908));
#4507=CARTESIAN_POINT('',(1.19589031973531,4.96471293861898,11.084990758908));
#4508=CARTESIAN_POINT('Origin',(4.94589031973531,4.96471293861898,11.084990758908));
#4509=CARTESIAN_POINT('',(1.19589031973531,4.96471293861898,9.08499075890801));
#4510=CARTESIAN_POINT('',(1.19589031973531,4.96471293861898,10.084990758908));
#4511=CARTESIAN_POINT('Origin',(4.94589031973531,4.96471293861898,9.08499075890801));
#4512=CARTESIAN_POINT('Origin',(4.94589031973531,4.96471293861898,9.08499075890801));
#4513=CARTESIAN_POINT('Origin',(-0.177789382517287,0.0269406751976751,11.084990758908));
#4514=CARTESIAN_POINT('',(12.5,3.85332117824999,11.0849907589081));
#4515=CARTESIAN_POINT('',(12.5,-3.79944008568242,11.0849907589081));
#4516=CARTESIAN_POINT('',(12.5,-0.206041040549845,11.0849907589081));
#4517=CARTESIAN_POINT('Origin',(-0.177789382517238,0.0269405462837822,11.084990758908));
#4518=CARTESIAN_POINT('',(6.40010304785417,-27.4346426479854,11.084990758908));
#4519=CARTESIAN_POINT('Origin',(-0.177789382517238,0.0269405462837822,11.084990758908));
#4520=CARTESIAN_POINT('Origin',(-0.177789382517211,0.0269405462837825,6.08499075890801));
#4521=CARTESIAN_POINT('',(12.5,-3.79944008568243,10.435));
#4522=CARTESIAN_POINT('',(12.5,-3.79944008568251,6.08499075890808));
#4523=CARTESIAN_POINT('Origin',(-0.177789382517235,0.0269405462837825,10.435));
#4524=CARTESIAN_POINT('Origin',(-0.177789382517211,0.0269405462837825,6.08499075890801));
#4525=CARTESIAN_POINT('',(12.5,3.85332117824999,10.435));
#4526=CARTESIAN_POINT('',(12.5,3.85332117825007,6.08499075890808));
#4527=CARTESIAN_POINT('Origin',(-0.177789382517235,0.0269405462837825,10.435));
#4528=CARTESIAN_POINT('Origin',(0.,0.,10.435));
#4529=CARTESIAN_POINT('',(12.5,-22.6587637649449,10.435));
#4530=CARTESIAN_POINT('',(12.5,-0.219511378148682,10.435));
#4531=CARTESIAN_POINT('Origin',(0.,0.,10.435));
#4532=CARTESIAN_POINT('Origin',(0.,0.,10.435));
#4533=CARTESIAN_POINT('',(12.5,22.6587637649449,10.435));
#4534=CARTESIAN_POINT('',(12.5,-0.219511378148682,10.435));
#4535=CARTESIAN_POINT('Origin',(0.,0.,10.435));
#4536=CARTESIAN_POINT('Origin',(0.,0.,3.435));
#4537=CARTESIAN_POINT('',(12.4999999999905,-22.6587637649553,4.74269614767945));
#4538=CARTESIAN_POINT('',(12.5,-22.6587637649449,3.435));
#4539=CARTESIAN_POINT('Ctrl Pts',(12.499999999981,-22.6587637649553,4.74269614767945));
#4540=CARTESIAN_POINT('Ctrl Pts',(12.2757990765298,-22.7824471032083,4.81304566748826));
#4541=CARTESIAN_POINT('Ctrl Pts',(12.0498446975762,-22.9027570587135,4.88497158356757));
#4542=CARTESIAN_POINT('Ctrl Pts',(11.8222482313116,-23.0196442655578,4.95812128520116));
#4543=CARTESIAN_POINT('Origin',(0.,0.,3.435));
#4544=CARTESIAN_POINT('',(12.5,22.6587637649449,3.435));
#4545=CARTESIAN_POINT('Origin',(6.40010304785416,-17.7146911786218,13.4349999999999));
#4546=CARTESIAN_POINT('Origin',(12.5,-17.7146911786218,13.4349999999999));
#4547=CARTESIAN_POINT('Origin',(12.5,-0.439022756297365,20.7152944226304));
#4548=UNCERTAINTY_MEASURE_WITH_UNIT(LENGTH_MEASURE(0.01),#4552,
'DISTANCE_ACCURACY_VALUE',
'Maximum model space distance between geometric entities at asserted c
onnectivities');
#4549=UNCERTAINTY_MEASURE_WITH_UNIT(LENGTH_MEASURE(0.01),#4552,
'DISTANCE_ACCURACY_VALUE',
'Maximum model space distance between geometric entities at asserted c
onnectivities');
#4550=(
GEOMETRIC_REPRESENTATION_CONTEXT(3)
GLOBAL_UNCERTAINTY_ASSIGNED_CONTEXT((#4548))
GLOBAL_UNIT_ASSIGNED_CONTEXT((#4552,#4554,#4555))
REPRESENTATION_CONTEXT('','3D')
);
#4551=(
GEOMETRIC_REPRESENTATION_CONTEXT(3)
GLOBAL_UNCERTAINTY_ASSIGNED_CONTEXT((#4549))
GLOBAL_UNIT_ASSIGNED_CONTEXT((#4552,#4554,#4555))
REPRESENTATION_CONTEXT('','3D')
);
#4552=(
LENGTH_UNIT()
NAMED_UNIT(*)
SI_UNIT(.MILLI.,.METRE.)
);
#4553=(
LENGTH_UNIT()
NAMED_UNIT(*)
SI_UNIT($,.METRE.)
);
#4554=(
NAMED_UNIT(*)
PLANE_ANGLE_UNIT()
SI_UNIT($,.RADIAN.)
);
#4555=(
NAMED_UNIT(*)
SI_UNIT($,.STERADIAN.)
SOLID_ANGLE_UNIT()
);
#4556=SHAPE_DEFINITION_REPRESENTATION(#4557,#4558);
#4557=PRODUCT_DEFINITION_SHAPE('',$,#4560);
#4558=SHAPE_REPRESENTATION('',(#2293),#4550);
#4559=PRODUCT_DEFINITION_CONTEXT('part definition',#4564,'design');
#4560=PRODUCT_DEFINITION('J7','(\X2\672A4FDD5B58\X0\)',#4561,#4559);
#4561=PRODUCT_DEFINITION_FORMATION('',$,#4566);
#4562=PRODUCT_RELATED_PRODUCT_CATEGORY('(\X2\672A4FDD5B58\X0\)',
'(\X2\672A4FDD5B58\X0\)',(#4566));
#4563=APPLICATION_PROTOCOL_DEFINITION('international standard',
'automotive_design',2009,#4564);
#4564=APPLICATION_CONTEXT(
'Core Data for Automotive Mechanical Design Process');
#4565=PRODUCT_CONTEXT('part definition',#4564,'mechanical');
#4566=PRODUCT('J7','(\X2\672A4FDD5B58\X0\)',$,(#4565));
#4567=PRESENTATION_STYLE_ASSIGNMENT((#4569));
#4568=PRESENTATION_STYLE_ASSIGNMENT((#4570));
#4569=SURFACE_STYLE_USAGE(.BOTH.,#4571);
#4570=SURFACE_STYLE_USAGE(.BOTH.,#4572);
#4571=SURFACE_SIDE_STYLE('',(#4573));
#4572=SURFACE_SIDE_STYLE('',(#4574));
#4573=SURFACE_STYLE_FILL_AREA(#4575);
#4574=SURFACE_STYLE_FILL_AREA(#4576);
#4575=FILL_AREA_STYLE('\X2\94A2\X0\ - \X2\7F0E5149\X0\',(#4577));
#4576=FILL_AREA_STYLE('Opaque(246,246,243)',(#4578));
#4577=FILL_AREA_STYLE_COLOUR('\X2\94A2\X0\ - \X2\7F0E5149\X0\',#4579);
#4578=FILL_AREA_STYLE_COLOUR('Opaque(246,246,243)',#4580);
#4579=COLOUR_RGB('\X2\94A2\X0\ - \X2\7F0E5149\X0\',0.627450980392157,0.627450980392157,
0.627450980392157);
#4580=COLOUR_RGB('Opaque(246,246,243)',0.964705882352941,0.964705882352941,
0.952941176470588);
ENDSEC;
END-ISO-10303-21;
