ISO-10303-21;
HEADER;
/* Generated by software containing ST-Developer
 * from STEP Tools, Inc. (www.steptools.com) 
 */

FILE_DESCRIPTION(
/* description */ (''),
/* implementation_level */ '2;1');

FILE_NAME(
/* name */ '',
/* time_stamp */ '2026-09-07T10:43:34+08:00',
/* author */ (''),
/* organization */ (''),
/* preprocessor_version */ 'ST-DEVELOPER v20.1',
/* originating_system */ 'Autodesk Translation Framework v15.8.0.0',
/* authorisation */ '');

FILE_SCHEMA (('AUTOMOTIVE_DESIGN { 1 0 10303 214 3 1 1 }'));
ENDSEC;

DATA;
#10=MECHANICAL_DESIGN_GEOMETRIC_PRESENTATION_REPRESENTATION('',(#13),#4633);
#11=SHAPE_REPRESENTATION_RELATIONSHIP('SRR','None',#4640,#12);
#12=ADVANCED_BREP_SHAPE_REPRESENTATION('',(#14),#4632);
#13=STYLED_ITEM('',(#4649),#14);
#14=MANIFOLD_SOLID_BREP('\X2\5B9E4F53\X0\1',#2801);
#15=CYLINDRICAL_SURFACE('',#2829,20.);
#16=CYLINDRICAL_SURFACE('',#2869,20.);
#17=CYLINDRICAL_SURFACE('',#2872,20.);
#18=CYLINDRICAL_SURFACE('',#2875,20.);
#19=CYLINDRICAL_SURFACE('',#2891,1.515);
#20=CYLINDRICAL_SURFACE('',#2894,1.515);
#21=CYLINDRICAL_SURFACE('',#2907,1.515);
#22=CYLINDRICAL_SURFACE('',#2910,1.515);
#23=CYLINDRICAL_SURFACE('',#2915,10.);
#24=CYLINDRICAL_SURFACE('',#2935,10.);
#25=CYLINDRICAL_SURFACE('',#2937,10.);
#26=CYLINDRICAL_SURFACE('',#2940,10.);
#27=CYLINDRICAL_SURFACE('',#2942,1.515);
#28=CYLINDRICAL_SURFACE('',#2944,1.515);
#29=CYLINDRICAL_SURFACE('',#2946,1.515);
#30=CYLINDRICAL_SURFACE('',#2948,1.515);
#31=CYLINDRICAL_SURFACE('',#2950,1.515);
#32=CYLINDRICAL_SURFACE('',#2952,1.515);
#33=CYLINDRICAL_SURFACE('',#2954,1.515);
#34=CYLINDRICAL_SURFACE('',#2956,1.515);
#35=CYLINDRICAL_SURFACE('',#2958,1.515);
#36=CYLINDRICAL_SURFACE('',#2960,1.515);
#37=CYLINDRICAL_SURFACE('',#2962,1.515);
#38=CYLINDRICAL_SURFACE('',#2964,1.515);
#39=CYLINDRICAL_SURFACE('',#2968,2.02);
#40=CYLINDRICAL_SURFACE('',#2969,2.02);
#41=CYLINDRICAL_SURFACE('',#2970,2.02);
#42=CYLINDRICAL_SURFACE('',#2971,2.02);
#43=CYLINDRICAL_SURFACE('',#2972,2.02);
#44=CYLINDRICAL_SURFACE('',#2973,2.02);
#45=CYLINDRICAL_SURFACE('',#2974,2.02);
#46=CYLINDRICAL_SURFACE('',#2975,2.02);
#47=CYLINDRICAL_SURFACE('',#2986,3.);
#48=CYLINDRICAL_SURFACE('',#2991,3.);
#49=CYLINDRICAL_SURFACE('',#2996,3.);
#50=CYLINDRICAL_SURFACE('',#3001,3.);
#51=CYLINDRICAL_SURFACE('',#3006,3.);
#52=CYLINDRICAL_SURFACE('',#3011,3.);
#53=CYLINDRICAL_SURFACE('',#3016,3.);
#54=CYLINDRICAL_SURFACE('',#3021,3.00000000000001);
#55=CYLINDRICAL_SURFACE('',#3026,1.52);
#56=CYLINDRICAL_SURFACE('',#3027,1.52);
#57=CYLINDRICAL_SURFACE('',#3028,1.52);
#58=CYLINDRICAL_SURFACE('',#3029,1.52);
#59=CYLINDRICAL_SURFACE('',#3030,1.52);
#60=CYLINDRICAL_SURFACE('',#3031,1.52);
#61=CYLINDRICAL_SURFACE('',#3032,1.52);
#62=CYLINDRICAL_SURFACE('',#3033,1.52);
#63=CYLINDRICAL_SURFACE('',#3038,1.515);
#64=CYLINDRICAL_SURFACE('',#3040,1.515);
#65=CYLINDRICAL_SURFACE('',#3042,1.515);
#66=CYLINDRICAL_SURFACE('',#3053,1.515);
#67=CYLINDRICAL_SURFACE('',#3055,1.515);
#68=CYLINDRICAL_SURFACE('',#3057,1.515);
#69=CYLINDRICAL_SURFACE('',#3059,1.515);
#70=CYLINDRICAL_SURFACE('',#3061,1.515);
#71=CYLINDRICAL_SURFACE('',#3063,1.515);
#72=CYLINDRICAL_SURFACE('',#3065,1.515);
#73=CYLINDRICAL_SURFACE('',#3067,1.515);
#74=CYLINDRICAL_SURFACE('',#3069,1.515);
#75=CYLINDRICAL_SURFACE('',#3071,1.515);
#76=CYLINDRICAL_SURFACE('',#3076,1.515);
#77=CYLINDRICAL_SURFACE('',#3078,1.515);
#78=CYLINDRICAL_SURFACE('',#3080,1.515);
#79=FACE_BOUND('',#470,.T.);
#80=FACE_BOUND('',#471,.T.);
#81=FACE_BOUND('',#472,.T.);
#82=FACE_BOUND('',#473,.T.);
#83=FACE_BOUND('',#477,.T.);
#84=FACE_BOUND('',#478,.T.);
#85=FACE_BOUND('',#479,.T.);
#86=FACE_BOUND('',#480,.T.);
#87=FACE_BOUND('',#486,.T.);
#88=FACE_BOUND('',#487,.T.);
#89=FACE_BOUND('',#488,.T.);
#90=FACE_BOUND('',#489,.T.);
#91=FACE_BOUND('',#490,.T.);
#92=FACE_BOUND('',#491,.T.);
#93=FACE_BOUND('',#492,.T.);
#94=FACE_BOUND('',#493,.T.);
#95=FACE_BOUND('',#494,.T.);
#96=FACE_BOUND('',#495,.T.);
#97=FACE_BOUND('',#496,.T.);
#98=FACE_BOUND('',#497,.T.);
#99=FACE_BOUND('',#498,.T.);
#100=FACE_BOUND('',#499,.T.);
#101=FACE_BOUND('',#500,.T.);
#102=FACE_BOUND('',#501,.T.);
#103=FACE_BOUND('',#502,.T.);
#104=FACE_BOUND('',#503,.T.);
#105=FACE_BOUND('',#504,.T.);
#106=FACE_BOUND('',#505,.T.);
#107=FACE_BOUND('',#506,.T.);
#108=FACE_BOUND('',#507,.T.);
#109=FACE_BOUND('',#508,.T.);
#110=FACE_BOUND('',#509,.T.);
#111=FACE_BOUND('',#510,.T.);
#112=FACE_BOUND('',#511,.T.);
#113=FACE_BOUND('',#512,.T.);
#114=FACE_BOUND('',#513,.T.);
#115=FACE_BOUND('',#514,.T.);
#116=FACE_BOUND('',#515,.T.);
#117=FACE_BOUND('',#516,.T.);
#118=FACE_BOUND('',#517,.T.);
#119=FACE_BOUND('',#518,.T.);
#120=FACE_BOUND('',#519,.T.);
#121=FACE_BOUND('',#520,.T.);
#122=FACE_BOUND('',#521,.T.);
#123=FACE_BOUND('',#522,.T.);
#124=FACE_BOUND('',#523,.T.);
#125=FACE_BOUND('',#524,.T.);
#126=FACE_BOUND('',#525,.T.);
#127=FACE_BOUND('',#526,.T.);
#128=FACE_BOUND('',#564,.T.);
#129=FACE_BOUND('',#565,.T.);
#130=FACE_BOUND('',#566,.T.);
#131=FACE_BOUND('',#567,.T.);
#132=FACE_BOUND('',#568,.T.);
#133=FACE_BOUND('',#569,.T.);
#134=FACE_BOUND('',#570,.T.);
#135=FACE_BOUND('',#571,.T.);
#136=FACE_BOUND('',#572,.T.);
#137=FACE_BOUND('',#573,.T.);
#138=FACE_BOUND('',#574,.T.);
#139=FACE_BOUND('',#575,.T.);
#140=FACE_BOUND('',#576,.T.);
#141=FACE_BOUND('',#577,.T.);
#142=FACE_BOUND('',#578,.T.);
#143=FACE_BOUND('',#579,.T.);
#144=FACE_BOUND('',#580,.T.);
#145=FACE_BOUND('',#620,.T.);
#146=FACE_BOUND('',#623,.T.);
#147=FACE_BOUND('',#626,.T.);
#148=FACE_BOUND('',#629,.T.);
#149=FACE_BOUND('',#632,.T.);
#150=FACE_BOUND('',#635,.T.);
#151=FACE_BOUND('',#638,.T.);
#152=FACE_BOUND('',#641,.T.);
#153=FACE_BOUND('',#684,.T.);
#154=FACE_BOUND('',#685,.T.);
#155=FACE_BOUND('',#686,.T.);
#156=FACE_BOUND('',#687,.T.);
#157=FACE_BOUND('',#688,.T.);
#158=FACE_BOUND('',#689,.T.);
#159=FACE_BOUND('',#690,.T.);
#160=FACE_BOUND('',#691,.T.);
#161=FACE_BOUND('',#692,.T.);
#162=FACE_BOUND('',#693,.T.);
#163=FACE_BOUND('',#694,.T.);
#164=FACE_BOUND('',#695,.T.);
#165=FACE_BOUND('',#696,.T.);
#166=FACE_BOUND('',#697,.T.);
#167=FACE_BOUND('',#698,.T.);
#168=FACE_BOUND('',#699,.T.);
#169=FACE_BOUND('',#700,.T.);
#170=FACE_BOUND('',#701,.T.);
#171=FACE_BOUND('',#702,.T.);
#172=FACE_BOUND('',#703,.T.);
#173=FACE_BOUND('',#704,.T.);
#174=FACE_BOUND('',#705,.T.);
#175=FACE_BOUND('',#706,.T.);
#176=FACE_BOUND('',#707,.T.);
#177=FACE_BOUND('',#708,.T.);
#178=FACE_BOUND('',#709,.T.);
#179=FACE_BOUND('',#710,.T.);
#180=FACE_BOUND('',#711,.T.);
#181=FACE_BOUND('',#712,.T.);
#182=FACE_BOUND('',#713,.T.);
#183=FACE_BOUND('',#714,.T.);
#184=FACE_BOUND('',#715,.T.);
#185=FACE_BOUND('',#716,.T.);
#186=FACE_BOUND('',#717,.T.);
#187=FACE_BOUND('',#718,.T.);
#188=FACE_BOUND('',#719,.T.);
#189=FACE_BOUND('',#720,.T.);
#190=FACE_BOUND('',#721,.T.);
#191=FACE_BOUND('',#722,.T.);
#192=FACE_BOUND('',#723,.T.);
#193=FACE_BOUND('',#724,.T.);
#194=FACE_BOUND('',#725,.T.);
#195=FACE_BOUND('',#726,.T.);
#196=FACE_BOUND('',#727,.T.);
#197=FACE_BOUND('',#728,.T.);
#198=FACE_BOUND('',#729,.T.);
#199=FACE_BOUND('',#730,.T.);
#200=CIRCLE('',#2816,2.02);
#201=CIRCLE('',#2817,2.02);
#202=CIRCLE('',#2818,2.02);
#203=CIRCLE('',#2819,2.02);
#204=CIRCLE('',#2823,2.02);
#205=CIRCLE('',#2824,2.02);
#206=CIRCLE('',#2825,2.02);
#207=CIRCLE('',#2826,2.02);
#208=CIRCLE('',#2830,20.);
#209=CIRCLE('',#2831,20.);
#210=CIRCLE('',#2834,20.);
#211=CIRCLE('',#2835,20.);
#212=CIRCLE('',#2836,20.);
#213=CIRCLE('',#2837,2.02);
#214=CIRCLE('',#2838,2.02);
#215=CIRCLE('',#2839,2.02);
#216=CIRCLE('',#2840,2.02);
#217=CIRCLE('',#2841,2.02);
#218=CIRCLE('',#2842,2.02);
#219=CIRCLE('',#2843,2.02);
#220=CIRCLE('',#2844,2.02);
#221=CIRCLE('',#2845,1.52);
#222=CIRCLE('',#2846,1.52);
#223=CIRCLE('',#2847,1.52);
#224=CIRCLE('',#2848,1.52);
#225=CIRCLE('',#2849,1.52);
#226=CIRCLE('',#2850,1.52);
#227=CIRCLE('',#2851,1.52);
#228=CIRCLE('',#2852,1.52);
#229=CIRCLE('',#2853,1.515);
#230=CIRCLE('',#2854,1.515);
#231=CIRCLE('',#2855,1.515);
#232=CIRCLE('',#2856,1.515);
#233=CIRCLE('',#2857,1.515);
#234=CIRCLE('',#2858,1.515);
#235=CIRCLE('',#2859,1.515);
#236=CIRCLE('',#2860,1.515);
#237=CIRCLE('',#2861,1.515);
#238=CIRCLE('',#2862,1.515);
#239=CIRCLE('',#2863,1.515);
#240=CIRCLE('',#2864,1.515);
#241=CIRCLE('',#2865,1.515);
#242=CIRCLE('',#2866,1.515);
#243=CIRCLE('',#2867,1.515);
#244=CIRCLE('',#2868,1.515);
#245=CIRCLE('',#2870,20.);
#246=CIRCLE('',#2873,20.);
#247=CIRCLE('',#2876,20.);
#248=CIRCLE('',#2892,1.515);
#249=CIRCLE('',#2893,1.515);
#250=CIRCLE('',#2895,1.515);
#251=CIRCLE('',#2896,1.515);
#252=CIRCLE('',#2908,1.515);
#253=CIRCLE('',#2909,1.515);
#254=CIRCLE('',#2911,1.515);
#255=CIRCLE('',#2912,1.515);
#256=CIRCLE('',#2916,10.);
#257=CIRCLE('',#2917,10.);
#258=CIRCLE('',#2919,10.);
#259=CIRCLE('',#2920,10.);
#260=CIRCLE('',#2921,10.);
#261=CIRCLE('',#2922,1.515);
#262=CIRCLE('',#2923,1.515);
#263=CIRCLE('',#2924,1.515);
#264=CIRCLE('',#2925,1.515);
#265=CIRCLE('',#2926,1.515);
#266=CIRCLE('',#2927,1.515);
#267=CIRCLE('',#2928,1.515);
#268=CIRCLE('',#2929,1.515);
#269=CIRCLE('',#2930,1.515);
#270=CIRCLE('',#2931,1.515);
#271=CIRCLE('',#2932,1.515);
#272=CIRCLE('',#2933,1.515);
#273=CIRCLE('',#2936,10.);
#274=CIRCLE('',#2938,10.);
#275=CIRCLE('',#2941,10.);
#276=CIRCLE('',#2943,1.515);
#277=CIRCLE('',#2945,1.515);
#278=CIRCLE('',#2947,1.515);
#279=CIRCLE('',#2949,1.515);
#280=CIRCLE('',#2951,1.515);
#281=CIRCLE('',#2953,1.515);
#282=CIRCLE('',#2955,1.515);
#283=CIRCLE('',#2957,1.515);
#284=CIRCLE('',#2959,1.515);
#285=CIRCLE('',#2961,1.515);
#286=CIRCLE('',#2963,1.515);
#287=CIRCLE('',#2965,1.515);
#288=CIRCLE('',#2987,3.);
#289=CIRCLE('',#2988,3.);
#290=CIRCLE('',#2990,1.52);
#291=CIRCLE('',#2992,3.);
#292=CIRCLE('',#2993,3.);
#293=CIRCLE('',#2995,1.52);
#294=CIRCLE('',#2997,3.);
#295=CIRCLE('',#2998,3.);
#296=CIRCLE('',#3000,1.52);
#297=CIRCLE('',#3002,3.);
#298=CIRCLE('',#3003,3.);
#299=CIRCLE('',#3005,1.52);
#300=CIRCLE('',#3007,3.);
#301=CIRCLE('',#3008,3.);
#302=CIRCLE('',#3010,1.52);
#303=CIRCLE('',#3012,3.);
#304=CIRCLE('',#3013,3.);
#305=CIRCLE('',#3015,1.52);
#306=CIRCLE('',#3017,3.);
#307=CIRCLE('',#3018,3.);
#308=CIRCLE('',#3020,1.52);
#309=CIRCLE('',#3022,3.00000000000001);
#310=CIRCLE('',#3023,3.00000000000001);
#311=CIRCLE('',#3025,1.52);
#312=CIRCLE('',#3039,1.515);
#313=CIRCLE('',#3041,1.515);
#314=CIRCLE('',#3043,1.515);
#315=CIRCLE('',#3054,1.515);
#316=CIRCLE('',#3056,1.515);
#317=CIRCLE('',#3058,1.515);
#318=CIRCLE('',#3060,1.515);
#319=CIRCLE('',#3062,1.515);
#320=CIRCLE('',#3064,1.515);
#321=CIRCLE('',#3066,1.515);
#322=CIRCLE('',#3068,1.515);
#323=CIRCLE('',#3070,1.515);
#324=CIRCLE('',#3072,1.515);
#325=CIRCLE('',#3077,1.515);
#326=CIRCLE('',#3079,1.515);
#327=CIRCLE('',#3081,1.515);
#328=FACE_OUTER_BOUND('',#469,.T.);
#329=FACE_OUTER_BOUND('',#474,.T.);
#330=FACE_OUTER_BOUND('',#475,.T.);
#331=FACE_OUTER_BOUND('',#476,.T.);
#332=FACE_OUTER_BOUND('',#481,.T.);
#333=FACE_OUTER_BOUND('',#482,.T.);
#334=FACE_OUTER_BOUND('',#483,.T.);
#335=FACE_OUTER_BOUND('',#484,.T.);
#336=FACE_OUTER_BOUND('',#485,.T.);
#337=FACE_OUTER_BOUND('',#527,.T.);
#338=FACE_OUTER_BOUND('',#528,.T.);
#339=FACE_OUTER_BOUND('',#529,.T.);
#340=FACE_OUTER_BOUND('',#530,.T.);
#341=FACE_OUTER_BOUND('',#531,.T.);
#342=FACE_OUTER_BOUND('',#532,.T.);
#343=FACE_OUTER_BOUND('',#533,.T.);
#344=FACE_OUTER_BOUND('',#534,.T.);
#345=FACE_OUTER_BOUND('',#535,.T.);
#346=FACE_OUTER_BOUND('',#536,.T.);
#347=FACE_OUTER_BOUND('',#537,.T.);
#348=FACE_OUTER_BOUND('',#538,.T.);
#349=FACE_OUTER_BOUND('',#539,.T.);
#350=FACE_OUTER_BOUND('',#540,.T.);
#351=FACE_OUTER_BOUND('',#541,.T.);
#352=FACE_OUTER_BOUND('',#542,.T.);
#353=FACE_OUTER_BOUND('',#543,.T.);
#354=FACE_OUTER_BOUND('',#544,.T.);
#355=FACE_OUTER_BOUND('',#545,.T.);
#356=FACE_OUTER_BOUND('',#546,.T.);
#357=FACE_OUTER_BOUND('',#547,.T.);
#358=FACE_OUTER_BOUND('',#548,.T.);
#359=FACE_OUTER_BOUND('',#549,.T.);
#360=FACE_OUTER_BOUND('',#550,.T.);
#361=FACE_OUTER_BOUND('',#551,.T.);
#362=FACE_OUTER_BOUND('',#552,.T.);
#363=FACE_OUTER_BOUND('',#553,.T.);
#364=FACE_OUTER_BOUND('',#554,.T.);
#365=FACE_OUTER_BOUND('',#555,.T.);
#366=FACE_OUTER_BOUND('',#556,.T.);
#367=FACE_OUTER_BOUND('',#557,.T.);
#368=FACE_OUTER_BOUND('',#558,.T.);
#369=FACE_OUTER_BOUND('',#559,.T.);
#370=FACE_OUTER_BOUND('',#560,.T.);
#371=FACE_OUTER_BOUND('',#561,.T.);
#372=FACE_OUTER_BOUND('',#562,.T.);
#373=FACE_OUTER_BOUND('',#563,.T.);
#374=FACE_OUTER_BOUND('',#581,.T.);
#375=FACE_OUTER_BOUND('',#582,.T.);
#376=FACE_OUTER_BOUND('',#583,.T.);
#377=FACE_OUTER_BOUND('',#584,.T.);
#378=FACE_OUTER_BOUND('',#585,.T.);
#379=FACE_OUTER_BOUND('',#586,.T.);
#380=FACE_OUTER_BOUND('',#587,.T.);
#381=FACE_OUTER_BOUND('',#588,.T.);
#382=FACE_OUTER_BOUND('',#589,.T.);
#383=FACE_OUTER_BOUND('',#590,.T.);
#384=FACE_OUTER_BOUND('',#591,.T.);
#385=FACE_OUTER_BOUND('',#592,.T.);
#386=FACE_OUTER_BOUND('',#593,.T.);
#387=FACE_OUTER_BOUND('',#594,.T.);
#388=FACE_OUTER_BOUND('',#595,.T.);
#389=FACE_OUTER_BOUND('',#596,.T.);
#390=FACE_OUTER_BOUND('',#597,.T.);
#391=FACE_OUTER_BOUND('',#598,.T.);
#392=FACE_OUTER_BOUND('',#599,.T.);
#393=FACE_OUTER_BOUND('',#600,.T.);
#394=FACE_OUTER_BOUND('',#601,.T.);
#395=FACE_OUTER_BOUND('',#602,.T.);
#396=FACE_OUTER_BOUND('',#603,.T.);
#397=FACE_OUTER_BOUND('',#604,.T.);
#398=FACE_OUTER_BOUND('',#605,.T.);
#399=FACE_OUTER_BOUND('',#606,.T.);
#400=FACE_OUTER_BOUND('',#607,.T.);
#401=FACE_OUTER_BOUND('',#608,.T.);
#402=FACE_OUTER_BOUND('',#609,.T.);
#403=FACE_OUTER_BOUND('',#610,.T.);
#404=FACE_OUTER_BOUND('',#611,.T.);
#405=FACE_OUTER_BOUND('',#612,.T.);
#406=FACE_OUTER_BOUND('',#613,.T.);
#407=FACE_OUTER_BOUND('',#614,.T.);
#408=FACE_OUTER_BOUND('',#615,.T.);
#409=FACE_OUTER_BOUND('',#616,.T.);
#410=FACE_OUTER_BOUND('',#617,.T.);
#411=FACE_OUTER_BOUND('',#618,.T.);
#412=FACE_OUTER_BOUND('',#619,.T.);
#413=FACE_OUTER_BOUND('',#621,.T.);
#414=FACE_OUTER_BOUND('',#622,.T.);
#415=FACE_OUTER_BOUND('',#624,.T.);
#416=FACE_OUTER_BOUND('',#625,.T.);
#417=FACE_OUTER_BOUND('',#627,.T.);
#418=FACE_OUTER_BOUND('',#628,.T.);
#419=FACE_OUTER_BOUND('',#630,.T.);
#420=FACE_OUTER_BOUND('',#631,.T.);
#421=FACE_OUTER_BOUND('',#633,.T.);
#422=FACE_OUTER_BOUND('',#634,.T.);
#423=FACE_OUTER_BOUND('',#636,.T.);
#424=FACE_OUTER_BOUND('',#637,.T.);
#425=FACE_OUTER_BOUND('',#639,.T.);
#426=FACE_OUTER_BOUND('',#640,.T.);
#427=FACE_OUTER_BOUND('',#642,.T.);
#428=FACE_OUTER_BOUND('',#643,.T.);
#429=FACE_OUTER_BOUND('',#644,.T.);
#430=FACE_OUTER_BOUND('',#645,.T.);
#431=FACE_OUTER_BOUND('',#646,.T.);
#432=FACE_OUTER_BOUND('',#647,.T.);
#433=FACE_OUTER_BOUND('',#648,.T.);
#434=FACE_OUTER_BOUND('',#649,.T.);
#435=FACE_OUTER_BOUND('',#650,.T.);
#436=FACE_OUTER_BOUND('',#651,.T.);
#437=FACE_OUTER_BOUND('',#652,.T.);
#438=FACE_OUTER_BOUND('',#653,.T.);
#439=FACE_OUTER_BOUND('',#654,.T.);
#440=FACE_OUTER_BOUND('',#655,.T.);
#441=FACE_OUTER_BOUND('',#656,.T.);
#442=FACE_OUTER_BOUND('',#657,.T.);
#443=FACE_OUTER_BOUND('',#658,.T.);
#444=FACE_OUTER_BOUND('',#659,.T.);
#445=FACE_OUTER_BOUND('',#660,.T.);
#446=FACE_OUTER_BOUND('',#661,.T.);
#447=FACE_OUTER_BOUND('',#662,.T.);
#448=FACE_OUTER_BOUND('',#663,.T.);
#449=FACE_OUTER_BOUND('',#664,.T.);
#450=FACE_OUTER_BOUND('',#665,.T.);
#451=FACE_OUTER_BOUND('',#666,.T.);
#452=FACE_OUTER_BOUND('',#667,.T.);
#453=FACE_OUTER_BOUND('',#668,.T.);
#454=FACE_OUTER_BOUND('',#669,.T.);
#455=FACE_OUTER_BOUND('',#670,.T.);
#456=FACE_OUTER_BOUND('',#671,.T.);
#457=FACE_OUTER_BOUND('',#672,.T.);
#458=FACE_OUTER_BOUND('',#673,.T.);
#459=FACE_OUTER_BOUND('',#674,.T.);
#460=FACE_OUTER_BOUND('',#675,.T.);
#461=FACE_OUTER_BOUND('',#676,.T.);
#462=FACE_OUTER_BOUND('',#677,.T.);
#463=FACE_OUTER_BOUND('',#678,.T.);
#464=FACE_OUTER_BOUND('',#679,.T.);
#465=FACE_OUTER_BOUND('',#680,.T.);
#466=FACE_OUTER_BOUND('',#681,.T.);
#467=FACE_OUTER_BOUND('',#682,.T.);
#468=FACE_OUTER_BOUND('',#683,.T.);
#469=EDGE_LOOP('',(#1839,#1840,#1841,#1842));
#470=EDGE_LOOP('',(#1843));
#471=EDGE_LOOP('',(#1844));
#472=EDGE_LOOP('',(#1845));
#473=EDGE_LOOP('',(#1846));
#474=EDGE_LOOP('',(#1847,#1848,#1849,#1850));
#475=EDGE_LOOP('',(#1851,#1852,#1853,#1854));
#476=EDGE_LOOP('',(#1855,#1856,#1857,#1858));
#477=EDGE_LOOP('',(#1859));
#478=EDGE_LOOP('',(#1860));
#479=EDGE_LOOP('',(#1861));
#480=EDGE_LOOP('',(#1862));
#481=EDGE_LOOP('',(#1863,#1864,#1865,#1866));
#482=EDGE_LOOP('',(#1867,#1868,#1869,#1870));
#483=EDGE_LOOP('',(#1871,#1872,#1873,#1874));
#484=EDGE_LOOP('',(#1875,#1876,#1877,#1878));
#485=EDGE_LOOP('',(#1879,#1880,#1881,#1882,#1883,#1884,#1885,#1886));
#486=EDGE_LOOP('',(#1887,#1888,#1889,#1890));
#487=EDGE_LOOP('',(#1891));
#488=EDGE_LOOP('',(#1892));
#489=EDGE_LOOP('',(#1893));
#490=EDGE_LOOP('',(#1894));
#491=EDGE_LOOP('',(#1895));
#492=EDGE_LOOP('',(#1896));
#493=EDGE_LOOP('',(#1897));
#494=EDGE_LOOP('',(#1898));
#495=EDGE_LOOP('',(#1899,#1900,#1901,#1902));
#496=EDGE_LOOP('',(#1903,#1904,#1905,#1906));
#497=EDGE_LOOP('',(#1907));
#498=EDGE_LOOP('',(#1908));
#499=EDGE_LOOP('',(#1909));
#500=EDGE_LOOP('',(#1910));
#501=EDGE_LOOP('',(#1911));
#502=EDGE_LOOP('',(#1912));
#503=EDGE_LOOP('',(#1913));
#504=EDGE_LOOP('',(#1914));
#505=EDGE_LOOP('',(#1915,#1916,#1917,#1918));
#506=EDGE_LOOP('',(#1919));
#507=EDGE_LOOP('',(#1920));
#508=EDGE_LOOP('',(#1921));
#509=EDGE_LOOP('',(#1922,#1923,#1924,#1925,#1926,#1927));
#510=EDGE_LOOP('',(#1928));
#511=EDGE_LOOP('',(#1929));
#512=EDGE_LOOP('',(#1930));
#513=EDGE_LOOP('',(#1931));
#514=EDGE_LOOP('',(#1932));
#515=EDGE_LOOP('',(#1933));
#516=EDGE_LOOP('',(#1934));
#517=EDGE_LOOP('',(#1935));
#518=EDGE_LOOP('',(#1936));
#519=EDGE_LOOP('',(#1937));
#520=EDGE_LOOP('',(#1938,#1939,#1940,#1941,#1942,#1943));
#521=EDGE_LOOP('',(#1944,#1945,#1946,#1947,#1948,#1949));
#522=EDGE_LOOP('',(#1950,#1951,#1952,#1953,#1954,#1955));
#523=EDGE_LOOP('',(#1956));
#524=EDGE_LOOP('',(#1957));
#525=EDGE_LOOP('',(#1958));
#526=EDGE_LOOP('',(#1959,#1960,#1961,#1962));
#527=EDGE_LOOP('',(#1963,#1964,#1965,#1966));
#528=EDGE_LOOP('',(#1967,#1968,#1969,#1970));
#529=EDGE_LOOP('',(#1971,#1972,#1973,#1974));
#530=EDGE_LOOP('',(#1975,#1976,#1977,#1978));
#531=EDGE_LOOP('',(#1979,#1980,#1981,#1982));
#532=EDGE_LOOP('',(#1983,#1984,#1985,#1986));
#533=EDGE_LOOP('',(#1987,#1988,#1989,#1990));
#534=EDGE_LOOP('',(#1991,#1992,#1993,#1994));
#535=EDGE_LOOP('',(#1995,#1996,#1997,#1998));
#536=EDGE_LOOP('',(#1999,#2000,#2001,#2002));
#537=EDGE_LOOP('',(#2003,#2004,#2005,#2006));
#538=EDGE_LOOP('',(#2007,#2008,#2009,#2010));
#539=EDGE_LOOP('',(#2011,#2012,#2013,#2014));
#540=EDGE_LOOP('',(#2015,#2016,#2017,#2018));
#541=EDGE_LOOP('',(#2019,#2020,#2021,#2022));
#542=EDGE_LOOP('',(#2023,#2024,#2025,#2026));
#543=EDGE_LOOP('',(#2027,#2028,#2029,#2030));
#544=EDGE_LOOP('',(#2031,#2032,#2033,#2034));
#545=EDGE_LOOP('',(#2035,#2036,#2037,#2038));
#546=EDGE_LOOP('',(#2039,#2040,#2041,#2042));
#547=EDGE_LOOP('',(#2043,#2044,#2045,#2046));
#548=EDGE_LOOP('',(#2047,#2048,#2049,#2050));
#549=EDGE_LOOP('',(#2051,#2052,#2053,#2054));
#550=EDGE_LOOP('',(#2055,#2056,#2057,#2058));
#551=EDGE_LOOP('',(#2059,#2060,#2061,#2062));
#552=EDGE_LOOP('',(#2063,#2064,#2065,#2066));
#553=EDGE_LOOP('',(#2067,#2068,#2069,#2070));
#554=EDGE_LOOP('',(#2071,#2072,#2073,#2074));
#555=EDGE_LOOP('',(#2075,#2076,#2077,#2078));
#556=EDGE_LOOP('',(#2079,#2080,#2081,#2082));
#557=EDGE_LOOP('',(#2083,#2084,#2085,#2086));
#558=EDGE_LOOP('',(#2087,#2088,#2089,#2090));
#559=EDGE_LOOP('',(#2091,#2092,#2093,#2094));
#560=EDGE_LOOP('',(#2095,#2096,#2097,#2098));
#561=EDGE_LOOP('',(#2099,#2100,#2101,#2102));
#562=EDGE_LOOP('',(#2103,#2104,#2105,#2106));
#563=EDGE_LOOP('',(#2107,#2108,#2109,#2110,#2111,#2112,#2113,#2114));
#564=EDGE_LOOP('',(#2115,#2116,#2117,#2118,#2119,#2120,#2121,#2122));
#565=EDGE_LOOP('',(#2123));
#566=EDGE_LOOP('',(#2124));
#567=EDGE_LOOP('',(#2125));
#568=EDGE_LOOP('',(#2126));
#569=EDGE_LOOP('',(#2127));
#570=EDGE_LOOP('',(#2128));
#571=EDGE_LOOP('',(#2129));
#572=EDGE_LOOP('',(#2130));
#573=EDGE_LOOP('',(#2131));
#574=EDGE_LOOP('',(#2132));
#575=EDGE_LOOP('',(#2133));
#576=EDGE_LOOP('',(#2134));
#577=EDGE_LOOP('',(#2135));
#578=EDGE_LOOP('',(#2136));
#579=EDGE_LOOP('',(#2137));
#580=EDGE_LOOP('',(#2138));
#581=EDGE_LOOP('',(#2139,#2140,#2141,#2142));
#582=EDGE_LOOP('',(#2143,#2144,#2145,#2146));
#583=EDGE_LOOP('',(#2147,#2148,#2149,#2150));
#584=EDGE_LOOP('',(#2151,#2152,#2153,#2154));
#585=EDGE_LOOP('',(#2155,#2156,#2157,#2158));
#586=EDGE_LOOP('',(#2159,#2160,#2161,#2162));
#587=EDGE_LOOP('',(#2163,#2164,#2165,#2166));
#588=EDGE_LOOP('',(#2167,#2168,#2169,#2170));
#589=EDGE_LOOP('',(#2171,#2172,#2173,#2174));
#590=EDGE_LOOP('',(#2175,#2176,#2177,#2178));
#591=EDGE_LOOP('',(#2179,#2180,#2181,#2182));
#592=EDGE_LOOP('',(#2183,#2184,#2185,#2186));
#593=EDGE_LOOP('',(#2187,#2188,#2189,#2190));
#594=EDGE_LOOP('',(#2191,#2192,#2193,#2194));
#595=EDGE_LOOP('',(#2195,#2196,#2197,#2198));
#596=EDGE_LOOP('',(#2199,#2200,#2201,#2202));
#597=EDGE_LOOP('',(#2203,#2204,#2205,#2206));
#598=EDGE_LOOP('',(#2207,#2208,#2209,#2210));
#599=EDGE_LOOP('',(#2211,#2212,#2213,#2214));
#600=EDGE_LOOP('',(#2215,#2216,#2217,#2218));
#601=EDGE_LOOP('',(#2219,#2220,#2221,#2222));
#602=EDGE_LOOP('',(#2223,#2224,#2225,#2226));
#603=EDGE_LOOP('',(#2227,#2228,#2229,#2230));
#604=EDGE_LOOP('',(#2231,#2232,#2233,#2234));
#605=EDGE_LOOP('',(#2235,#2236,#2237,#2238));
#606=EDGE_LOOP('',(#2239,#2240,#2241,#2242));
#607=EDGE_LOOP('',(#2243,#2244,#2245,#2246));
#608=EDGE_LOOP('',(#2247,#2248,#2249,#2250));
#609=EDGE_LOOP('',(#2251,#2252,#2253,#2254));
#610=EDGE_LOOP('',(#2255,#2256,#2257,#2258));
#611=EDGE_LOOP('',(#2259,#2260,#2261,#2262));
#612=EDGE_LOOP('',(#2263,#2264,#2265,#2266));
#613=EDGE_LOOP('',(#2267,#2268,#2269,#2270));
#614=EDGE_LOOP('',(#2271,#2272,#2273,#2274));
#615=EDGE_LOOP('',(#2275,#2276,#2277,#2278));
#616=EDGE_LOOP('',(#2279,#2280,#2281,#2282));
#617=EDGE_LOOP('',(#2283,#2284,#2285,#2286));
#618=EDGE_LOOP('',(#2287,#2288,#2289,#2290));
#619=EDGE_LOOP('',(#2291));
#620=EDGE_LOOP('',(#2292));
#621=EDGE_LOOP('',(#2293,#2294,#2295,#2296));
#622=EDGE_LOOP('',(#2297));
#623=EDGE_LOOP('',(#2298));
#624=EDGE_LOOP('',(#2299,#2300,#2301,#2302));
#625=EDGE_LOOP('',(#2303));
#626=EDGE_LOOP('',(#2304));
#627=EDGE_LOOP('',(#2305,#2306,#2307,#2308));
#628=EDGE_LOOP('',(#2309));
#629=EDGE_LOOP('',(#2310));
#630=EDGE_LOOP('',(#2311,#2312,#2313,#2314));
#631=EDGE_LOOP('',(#2315));
#632=EDGE_LOOP('',(#2316));
#633=EDGE_LOOP('',(#2317,#2318,#2319,#2320));
#634=EDGE_LOOP('',(#2321));
#635=EDGE_LOOP('',(#2322));
#636=EDGE_LOOP('',(#2323,#2324,#2325,#2326));
#637=EDGE_LOOP('',(#2327));
#638=EDGE_LOOP('',(#2328));
#639=EDGE_LOOP('',(#2329,#2330,#2331,#2332));
#640=EDGE_LOOP('',(#2333));
#641=EDGE_LOOP('',(#2334));
#642=EDGE_LOOP('',(#2335,#2336,#2337,#2338));
#643=EDGE_LOOP('',(#2339,#2340,#2341,#2342));
#644=EDGE_LOOP('',(#2343,#2344,#2345,#2346));
#645=EDGE_LOOP('',(#2347,#2348,#2349,#2350));
#646=EDGE_LOOP('',(#2351,#2352,#2353,#2354));
#647=EDGE_LOOP('',(#2355,#2356,#2357,#2358));
#648=EDGE_LOOP('',(#2359,#2360,#2361,#2362));
#649=EDGE_LOOP('',(#2363,#2364,#2365,#2366));
#650=EDGE_LOOP('',(#2367,#2368,#2369,#2370));
#651=EDGE_LOOP('',(#2371,#2372,#2373,#2374));
#652=EDGE_LOOP('',(#2375,#2376,#2377,#2378));
#653=EDGE_LOOP('',(#2379,#2380,#2381,#2382));
#654=EDGE_LOOP('',(#2383,#2384,#2385,#2386));
#655=EDGE_LOOP('',(#2387,#2388,#2389,#2390));
#656=EDGE_LOOP('',(#2391,#2392,#2393,#2394));
#657=EDGE_LOOP('',(#2395,#2396,#2397,#2398));
#658=EDGE_LOOP('',(#2399,#2400,#2401,#2402));
#659=EDGE_LOOP('',(#2403,#2404,#2405,#2406));
#660=EDGE_LOOP('',(#2407,#2408,#2409,#2410));
#661=EDGE_LOOP('',(#2411,#2412,#2413,#2414));
#662=EDGE_LOOP('',(#2415,#2416,#2417,#2418));
#663=EDGE_LOOP('',(#2419,#2420,#2421,#2422));
#664=EDGE_LOOP('',(#2423,#2424,#2425,#2426));
#665=EDGE_LOOP('',(#2427,#2428,#2429,#2430));
#666=EDGE_LOOP('',(#2431,#2432,#2433,#2434));
#667=EDGE_LOOP('',(#2435,#2436,#2437,#2438));
#668=EDGE_LOOP('',(#2439,#2440,#2441,#2442));
#669=EDGE_LOOP('',(#2443,#2444,#2445,#2446));
#670=EDGE_LOOP('',(#2447,#2448,#2449,#2450));
#671=EDGE_LOOP('',(#2451,#2452,#2453,#2454));
#672=EDGE_LOOP('',(#2455,#2456,#2457,#2458));
#673=EDGE_LOOP('',(#2459,#2460,#2461,#2462));
#674=EDGE_LOOP('',(#2463,#2464,#2465,#2466));
#675=EDGE_LOOP('',(#2467,#2468,#2469,#2470));
#676=EDGE_LOOP('',(#2471,#2472,#2473,#2474));
#677=EDGE_LOOP('',(#2475,#2476,#2477,#2478));
#678=EDGE_LOOP('',(#2479,#2480,#2481,#2482));
#679=EDGE_LOOP('',(#2483,#2484,#2485,#2486));
#680=EDGE_LOOP('',(#2487,#2488,#2489,#2490));
#681=EDGE_LOOP('',(#2491,#2492,#2493,#2494));
#682=EDGE_LOOP('',(#2495,#2496,#2497,#2498));
#683=EDGE_LOOP('',(#2499,#2500,#2501,#2502,#2503,#2504,#2505,#2506));
#684=EDGE_LOOP('',(#2507));
#685=EDGE_LOOP('',(#2508));
#686=EDGE_LOOP('',(#2509));
#687=EDGE_LOOP('',(#2510));
#688=EDGE_LOOP('',(#2511));
#689=EDGE_LOOP('',(#2512));
#690=EDGE_LOOP('',(#2513));
#691=EDGE_LOOP('',(#2514));
#692=EDGE_LOOP('',(#2515));
#693=EDGE_LOOP('',(#2516));
#694=EDGE_LOOP('',(#2517));
#695=EDGE_LOOP('',(#2518));
#696=EDGE_LOOP('',(#2519));
#697=EDGE_LOOP('',(#2520,#2521,#2522,#2523));
#698=EDGE_LOOP('',(#2524));
#699=EDGE_LOOP('',(#2525));
#700=EDGE_LOOP('',(#2526));
#701=EDGE_LOOP('',(#2527,#2528,#2529,#2530,#2531,#2532));
#702=EDGE_LOOP('',(#2533));
#703=EDGE_LOOP('',(#2534));
#704=EDGE_LOOP('',(#2535));
#705=EDGE_LOOP('',(#2536));
#706=EDGE_LOOP('',(#2537));
#707=EDGE_LOOP('',(#2538));
#708=EDGE_LOOP('',(#2539));
#709=EDGE_LOOP('',(#2540));
#710=EDGE_LOOP('',(#2541));
#711=EDGE_LOOP('',(#2542));
#712=EDGE_LOOP('',(#2543,#2544,#2545,#2546,#2547,#2548));
#713=EDGE_LOOP('',(#2549,#2550,#2551,#2552,#2553,#2554));
#714=EDGE_LOOP('',(#2555,#2556,#2557,#2558,#2559,#2560));
#715=EDGE_LOOP('',(#2561));
#716=EDGE_LOOP('',(#2562));
#717=EDGE_LOOP('',(#2563));
#718=EDGE_LOOP('',(#2564));
#719=EDGE_LOOP('',(#2565));
#720=EDGE_LOOP('',(#2566));
#721=EDGE_LOOP('',(#2567));
#722=EDGE_LOOP('',(#2568));
#723=EDGE_LOOP('',(#2569));
#724=EDGE_LOOP('',(#2570));
#725=EDGE_LOOP('',(#2571));
#726=EDGE_LOOP('',(#2572,#2573,#2574,#2575));
#727=EDGE_LOOP('',(#2576,#2577,#2578,#2579));
#728=EDGE_LOOP('',(#2580));
#729=EDGE_LOOP('',(#2581));
#730=EDGE_LOOP('',(#2582));
#731=LINE('',#3872,#975);
#732=LINE('',#3874,#976);
#733=LINE('',#3876,#977);
#734=LINE('',#3877,#978);
#735=LINE('',#3888,#979);
#736=LINE('',#3890,#980);
#737=LINE('',#3891,#981);
#738=LINE('',#3894,#982);
#739=LINE('',#3895,#983);
#740=LINE('',#3899,#984);
#741=LINE('',#3901,#985);
#742=LINE('',#3903,#986);
#743=LINE('',#3904,#987);
#744=LINE('',#3915,#988);
#745=LINE('',#3917,#989);
#746=LINE('',#3918,#990);
#747=LINE('',#3921,#991);
#748=LINE('',#3922,#992);
#749=LINE('',#3928,#993);
#750=LINE('',#3931,#994);
#751=LINE('',#3934,#995);
#752=LINE('',#3936,#996);
#753=LINE('',#3937,#997);
#754=LINE('',#3940,#998);
#755=LINE('',#3944,#999);
#756=LINE('',#3948,#1000);
#757=LINE('',#3952,#1001);
#758=LINE('',#3954,#1002);
#759=LINE('',#3956,#1003);
#760=LINE('',#3957,#1004);
#761=LINE('',#3976,#1005);
#762=LINE('',#3978,#1006);
#763=LINE('',#3980,#1007);
#764=LINE('',#3981,#1008);
#765=LINE('',#3984,#1009);
#766=LINE('',#3986,#1010);
#767=LINE('',#3988,#1011);
#768=LINE('',#3989,#1012);
#769=LINE('',#4008,#1013);
#770=LINE('',#4010,#1014);
#771=LINE('',#4012,#1015);
#772=LINE('',#4013,#1016);
#773=LINE('',#4022,#1017);
#774=LINE('',#4024,#1018);
#775=LINE('',#4026,#1019);
#776=LINE('',#4028,#1020);
#777=LINE('',#4030,#1021);
#778=LINE('',#4031,#1022);
#779=LINE('',#4054,#1023);
#780=LINE('',#4056,#1024);
#781=LINE('',#4058,#1025);
#782=LINE('',#4060,#1026);
#783=LINE('',#4062,#1027);
#784=LINE('',#4063,#1028);
#785=LINE('',#4066,#1029);
#786=LINE('',#4068,#1030);
#787=LINE('',#4070,#1031);
#788=LINE('',#4072,#1032);
#789=LINE('',#4074,#1033);
#790=LINE('',#4075,#1034);
#791=LINE('',#4078,#1035);
#792=LINE('',#4080,#1036);
#793=LINE('',#4082,#1037);
#794=LINE('',#4084,#1038);
#795=LINE('',#4086,#1039);
#796=LINE('',#4087,#1040);
#797=LINE('',#4096,#1041);
#798=LINE('',#4098,#1042);
#799=LINE('',#4100,#1043);
#800=LINE('',#4101,#1044);
#801=LINE('',#4105,#1045);
#802=LINE('',#4108,#1046);
#803=LINE('',#4109,#1047);
#804=LINE('',#4113,#1048);
#805=LINE('',#4116,#1049);
#806=LINE('',#4117,#1050);
#807=LINE('',#4121,#1051);
#808=LINE('',#4124,#1052);
#809=LINE('',#4126,#1053);
#810=LINE('',#4127,#1054);
#811=LINE('',#4130,#1055);
#812=LINE('',#4131,#1056);
#813=LINE('',#4134,#1057);
#814=LINE('',#4135,#1058);
#815=LINE('',#4138,#1059);
#816=LINE('',#4140,#1060);
#817=LINE('',#4141,#1061);
#818=LINE('',#4144,#1062);
#819=LINE('',#4145,#1063);
#820=LINE('',#4148,#1064);
#821=LINE('',#4149,#1065);
#822=LINE('',#4152,#1066);
#823=LINE('',#4154,#1067);
#824=LINE('',#4155,#1068);
#825=LINE('',#4158,#1069);
#826=LINE('',#4159,#1070);
#827=LINE('',#4162,#1071);
#828=LINE('',#4163,#1072);
#829=LINE('',#4166,#1073);
#830=LINE('',#4168,#1074);
#831=LINE('',#4169,#1075);
#832=LINE('',#4172,#1076);
#833=LINE('',#4173,#1077);
#834=LINE('',#4176,#1078);
#835=LINE('',#4178,#1079);
#836=LINE('',#4179,#1080);
#837=LINE('',#4182,#1081);
#838=LINE('',#4183,#1082);
#839=LINE('',#4186,#1083);
#840=LINE('',#4187,#1084);
#841=LINE('',#4192,#1085);
#842=LINE('',#4198,#1086);
#843=LINE('',#4202,#1087);
#844=LINE('',#4204,#1088);
#845=LINE('',#4205,#1089);
#846=LINE('',#4208,#1090);
#847=LINE('',#4209,#1091);
#848=LINE('',#4212,#1092);
#849=LINE('',#4213,#1093);
#850=LINE('',#4215,#1094);
#851=LINE('',#4219,#1095);
#852=LINE('',#4221,#1096);
#853=LINE('',#4222,#1097);
#854=LINE('',#4225,#1098);
#855=LINE('',#4226,#1099);
#856=LINE('',#4229,#1100);
#857=LINE('',#4230,#1101);
#858=LINE('',#4232,#1102);
#859=LINE('',#4238,#1103);
#860=LINE('',#4244,#1104);
#861=LINE('',#4248,#1105);
#862=LINE('',#4249,#1106);
#863=LINE('',#4252,#1107);
#864=LINE('',#4253,#1108);
#865=LINE('',#4259,#1109);
#866=LINE('',#4262,#1110);
#867=LINE('',#4265,#1111);
#868=LINE('',#4269,#1112);
#869=LINE('',#4273,#1113);
#870=LINE('',#4276,#1114);
#871=LINE('',#4277,#1115);
#872=LINE('',#4304,#1116);
#873=LINE('',#4305,#1117);
#874=LINE('',#4309,#1118);
#875=LINE('',#4314,#1119);
#876=LINE('',#4315,#1120);
#877=LINE('',#4318,#1121);
#878=LINE('',#4319,#1122);
#879=LINE('',#4323,#1123);
#880=LINE('',#4327,#1124);
#881=LINE('',#4331,#1125);
#882=LINE('',#4335,#1126);
#883=LINE('',#4339,#1127);
#884=LINE('',#4343,#1128);
#885=LINE('',#4347,#1129);
#886=LINE('',#4351,#1130);
#887=LINE('',#4355,#1131);
#888=LINE('',#4359,#1132);
#889=LINE('',#4363,#1133);
#890=LINE('',#4367,#1134);
#891=LINE('',#4371,#1135);
#892=LINE('',#4373,#1136);
#893=LINE('',#4375,#1137);
#894=LINE('',#4377,#1138);
#895=LINE('',#4379,#1139);
#896=LINE('',#4381,#1140);
#897=LINE('',#4383,#1141);
#898=LINE('',#4385,#1142);
#899=LINE('',#4387,#1143);
#900=LINE('',#4389,#1144);
#901=LINE('',#4391,#1145);
#902=LINE('',#4394,#1146);
#903=LINE('',#4396,#1147);
#904=LINE('',#4397,#1148);
#905=LINE('',#4400,#1149);
#906=LINE('',#4401,#1150);
#907=LINE('',#4404,#1151);
#908=LINE('',#4405,#1152);
#909=LINE('',#4407,#1153);
#910=LINE('',#4411,#1154);
#911=LINE('',#4413,#1155);
#912=LINE('',#4414,#1156);
#913=LINE('',#4417,#1157);
#914=LINE('',#4418,#1158);
#915=LINE('',#4421,#1159);
#916=LINE('',#4422,#1160);
#917=LINE('',#4424,#1161);
#918=LINE('',#4430,#1162);
#919=LINE('',#4439,#1163);
#920=LINE('',#4448,#1164);
#921=LINE('',#4457,#1165);
#922=LINE('',#4466,#1166);
#923=LINE('',#4475,#1167);
#924=LINE('',#4484,#1168);
#925=LINE('',#4493,#1169);
#926=LINE('',#4499,#1170);
#927=LINE('',#4501,#1171);
#928=LINE('',#4503,#1172);
#929=LINE('',#4505,#1173);
#930=LINE('',#4507,#1174);
#931=LINE('',#4509,#1175);
#932=LINE('',#4511,#1176);
#933=LINE('',#4513,#1177);
#934=LINE('',#4516,#1178);
#935=LINE('',#4517,#1179);
#936=LINE('',#4519,#1180);
#937=LINE('',#4522,#1181);
#938=LINE('',#4526,#1182);
#939=LINE('',#4530,#1183);
#940=LINE('',#4534,#1184);
#941=LINE('',#4537,#1185);
#942=LINE('',#4538,#1186);
#943=LINE('',#4541,#1187);
#944=LINE('',#4542,#1188);
#945=LINE('',#4544,#1189);
#946=LINE('',#4547,#1190);
#947=LINE('',#4548,#1191);
#948=LINE('',#4551,#1192);
#949=LINE('',#4552,#1193);
#950=LINE('',#4554,#1194);
#951=LINE('',#4557,#1195);
#952=LINE('',#4558,#1196);
#953=LINE('',#4561,#1197);
#954=LINE('',#4562,#1198);
#955=LINE('',#4564,#1199);
#956=LINE('',#4568,#1200);
#957=LINE('',#4572,#1201);
#958=LINE('',#4576,#1202);
#959=LINE('',#4580,#1203);
#960=LINE('',#4584,#1204);
#961=LINE('',#4588,#1205);
#962=LINE('',#4592,#1206);
#963=LINE('',#4596,#1207);
#964=LINE('',#4600,#1208);
#965=LINE('',#4604,#1209);
#966=LINE('',#4607,#1210);
#967=LINE('',#4608,#1211);
#968=LINE('',#4611,#1212);
#969=LINE('',#4612,#1213);
#970=LINE('',#4614,#1214);
#971=LINE('',#4618,#1215);
#972=LINE('',#4622,#1216);
#973=LINE('',#4626,#1217);
#974=LINE('',#4628,#1218);
#975=VECTOR('',#3088,10.);
#976=VECTOR('',#3089,10.);
#977=VECTOR('',#3090,10.);
#978=VECTOR('',#3091,10.);
#979=VECTOR('',#3102,10.);
#980=VECTOR('',#3103,10.);
#981=VECTOR('',#3104,10.);
#982=VECTOR('',#3107,10.);
#983=VECTOR('',#3108,10.);
#984=VECTOR('',#3111,10.);
#985=VECTOR('',#3112,10.);
#986=VECTOR('',#3113,10.);
#987=VECTOR('',#3114,10.);
#988=VECTOR('',#3125,10.);
#989=VECTOR('',#3126,10.);
#990=VECTOR('',#3127,10.);
#991=VECTOR('',#3130,10.);
#992=VECTOR('',#3131,10.);
#993=VECTOR('',#3136,10.);
#994=VECTOR('',#3139,10.);
#995=VECTOR('',#3142,10.);
#996=VECTOR('',#3143,10.);
#997=VECTOR('',#3144,10.);
#998=VECTOR('',#3147,10.);
#999=VECTOR('',#3150,10.);
#1000=VECTOR('',#3153,10.);
#1001=VECTOR('',#3156,10.);
#1002=VECTOR('',#3157,10.);
#1003=VECTOR('',#3158,10.);
#1004=VECTOR('',#3159,10.);
#1005=VECTOR('',#3176,10.);
#1006=VECTOR('',#3177,10.);
#1007=VECTOR('',#3178,10.);
#1008=VECTOR('',#3179,10.);
#1009=VECTOR('',#3180,10.);
#1010=VECTOR('',#3181,10.);
#1011=VECTOR('',#3182,10.);
#1012=VECTOR('',#3183,10.);
#1013=VECTOR('',#3200,10.);
#1014=VECTOR('',#3201,10.);
#1015=VECTOR('',#3202,10.);
#1016=VECTOR('',#3203,10.);
#1017=VECTOR('',#3210,10.);
#1018=VECTOR('',#3211,10.);
#1019=VECTOR('',#3212,10.);
#1020=VECTOR('',#3213,10.);
#1021=VECTOR('',#3214,10.);
#1022=VECTOR('',#3215,10.);
#1023=VECTOR('',#3236,10.);
#1024=VECTOR('',#3237,10.);
#1025=VECTOR('',#3238,10.);
#1026=VECTOR('',#3239,10.);
#1027=VECTOR('',#3240,10.);
#1028=VECTOR('',#3241,10.);
#1029=VECTOR('',#3242,10.);
#1030=VECTOR('',#3243,10.);
#1031=VECTOR('',#3244,10.);
#1032=VECTOR('',#3245,10.);
#1033=VECTOR('',#3246,10.);
#1034=VECTOR('',#3247,10.);
#1035=VECTOR('',#3248,10.);
#1036=VECTOR('',#3249,10.);
#1037=VECTOR('',#3250,10.);
#1038=VECTOR('',#3251,10.);
#1039=VECTOR('',#3252,10.);
#1040=VECTOR('',#3253,10.);
#1041=VECTOR('',#3260,10.);
#1042=VECTOR('',#3261,10.);
#1043=VECTOR('',#3262,10.);
#1044=VECTOR('',#3263,10.);
#1045=VECTOR('',#3268,10.);
#1046=VECTOR('',#3271,10.);
#1047=VECTOR('',#3272,10.);
#1048=VECTOR('',#3277,10.);
#1049=VECTOR('',#3280,10.);
#1050=VECTOR('',#3281,10.);
#1051=VECTOR('',#3286,10.);
#1052=VECTOR('',#3289,10.);
#1053=VECTOR('',#3290,10.);
#1054=VECTOR('',#3291,10.);
#1055=VECTOR('',#3294,10.);
#1056=VECTOR('',#3295,10.);
#1057=VECTOR('',#3298,10.);
#1058=VECTOR('',#3299,10.);
#1059=VECTOR('',#3302,10.);
#1060=VECTOR('',#3303,10.);
#1061=VECTOR('',#3304,10.);
#1062=VECTOR('',#3307,10.);
#1063=VECTOR('',#3308,10.);
#1064=VECTOR('',#3311,10.);
#1065=VECTOR('',#3312,10.);
#1066=VECTOR('',#3315,10.);
#1067=VECTOR('',#3316,10.);
#1068=VECTOR('',#3317,10.);
#1069=VECTOR('',#3320,10.);
#1070=VECTOR('',#3321,10.);
#1071=VECTOR('',#3324,10.);
#1072=VECTOR('',#3325,10.);
#1073=VECTOR('',#3328,10.);
#1074=VECTOR('',#3329,10.);
#1075=VECTOR('',#3330,10.);
#1076=VECTOR('',#3333,10.);
#1077=VECTOR('',#3334,10.);
#1078=VECTOR('',#3337,10.);
#1079=VECTOR('',#3338,10.);
#1080=VECTOR('',#3339,10.);
#1081=VECTOR('',#3342,10.);
#1082=VECTOR('',#3343,10.);
#1083=VECTOR('',#3346,10.);
#1084=VECTOR('',#3347,10.);
#1085=VECTOR('',#3352,1.515);
#1086=VECTOR('',#3359,1.515);
#1087=VECTOR('',#3364,10.);
#1088=VECTOR('',#3365,10.);
#1089=VECTOR('',#3366,10.);
#1090=VECTOR('',#3369,10.);
#1091=VECTOR('',#3370,10.);
#1092=VECTOR('',#3373,10.);
#1093=VECTOR('',#3374,10.);
#1094=VECTOR('',#3377,10.);
#1095=VECTOR('',#3382,10.);
#1096=VECTOR('',#3383,10.);
#1097=VECTOR('',#3384,10.);
#1098=VECTOR('',#3387,10.);
#1099=VECTOR('',#3388,10.);
#1100=VECTOR('',#3391,10.);
#1101=VECTOR('',#3392,10.);
#1102=VECTOR('',#3395,10.);
#1103=VECTOR('',#3402,1.515);
#1104=VECTOR('',#3409,1.515);
#1105=VECTOR('',#3414,10.);
#1106=VECTOR('',#3415,10.);
#1107=VECTOR('',#3418,10.);
#1108=VECTOR('',#3419,10.);
#1109=VECTOR('',#3424,10.);
#1110=VECTOR('',#3427,10.);
#1111=VECTOR('',#3430,10.);
#1112=VECTOR('',#3433,10.);
#1113=VECTOR('',#3436,10.);
#1114=VECTOR('',#3439,10.);
#1115=VECTOR('',#3440,10.);
#1116=VECTOR('',#3467,10.);
#1117=VECTOR('',#3468,10.);
#1118=VECTOR('',#3473,10.);
#1119=VECTOR('',#3478,10.);
#1120=VECTOR('',#3479,10.);
#1121=VECTOR('',#3482,10.);
#1122=VECTOR('',#3483,10.);
#1123=VECTOR('',#3488,10.);
#1124=VECTOR('',#3493,1.515);
#1125=VECTOR('',#3498,1.515);
#1126=VECTOR('',#3503,1.515);
#1127=VECTOR('',#3508,1.515);
#1128=VECTOR('',#3513,1.515);
#1129=VECTOR('',#3518,1.515);
#1130=VECTOR('',#3523,1.515);
#1131=VECTOR('',#3528,1.515);
#1132=VECTOR('',#3533,1.515);
#1133=VECTOR('',#3538,1.515);
#1134=VECTOR('',#3543,1.515);
#1135=VECTOR('',#3548,1.515);
#1136=VECTOR('',#3551,10.);
#1137=VECTOR('',#3554,10.);
#1138=VECTOR('',#3557,2.02);
#1139=VECTOR('',#3560,2.02);
#1140=VECTOR('',#3563,2.02);
#1141=VECTOR('',#3566,2.02);
#1142=VECTOR('',#3569,2.02);
#1143=VECTOR('',#3572,2.02);
#1144=VECTOR('',#3575,2.02);
#1145=VECTOR('',#3578,2.02);
#1146=VECTOR('',#3581,10.);
#1147=VECTOR('',#3582,10.);
#1148=VECTOR('',#3583,10.);
#1149=VECTOR('',#3586,10.);
#1150=VECTOR('',#3587,10.);
#1151=VECTOR('',#3590,10.);
#1152=VECTOR('',#3591,10.);
#1153=VECTOR('',#3594,10.);
#1154=VECTOR('',#3599,10.);
#1155=VECTOR('',#3600,10.);
#1156=VECTOR('',#3601,10.);
#1157=VECTOR('',#3604,10.);
#1158=VECTOR('',#3605,10.);
#1159=VECTOR('',#3608,10.);
#1160=VECTOR('',#3609,10.);
#1161=VECTOR('',#3612,10.);
#1162=VECTOR('',#3619,3.);
#1163=VECTOR('',#3630,3.);
#1164=VECTOR('',#3641,3.);
#1165=VECTOR('',#3652,3.);
#1166=VECTOR('',#3663,3.);
#1167=VECTOR('',#3674,3.);
#1168=VECTOR('',#3685,3.);
#1169=VECTOR('',#3696,3.00000000000001);
#1170=VECTOR('',#3705,1.52);
#1171=VECTOR('',#3708,1.52);
#1172=VECTOR('',#3711,1.52);
#1173=VECTOR('',#3714,1.52);
#1174=VECTOR('',#3717,1.52);
#1175=VECTOR('',#3720,1.52);
#1176=VECTOR('',#3723,1.52);
#1177=VECTOR('',#3726,1.52);
#1178=VECTOR('',#3729,10.);
#1179=VECTOR('',#3730,10.);
#1180=VECTOR('',#3733,10.);
#1181=VECTOR('',#3738,10.);
#1182=VECTOR('',#3743,1.515);
#1183=VECTOR('',#3748,1.515);
#1184=VECTOR('',#3753,1.515);
#1185=VECTOR('',#3756,10.);
#1186=VECTOR('',#3757,10.);
#1187=VECTOR('',#3760,10.);
#1188=VECTOR('',#3761,10.);
#1189=VECTOR('',#3764,10.);
#1190=VECTOR('',#3767,10.);
#1191=VECTOR('',#3768,10.);
#1192=VECTOR('',#3771,10.);
#1193=VECTOR('',#3772,10.);
#1194=VECTOR('',#3775,10.);
#1195=VECTOR('',#3778,10.);
#1196=VECTOR('',#3779,10.);
#1197=VECTOR('',#3782,10.);
#1198=VECTOR('',#3783,10.);
#1199=VECTOR('',#3786,10.);
#1200=VECTOR('',#3791,1.515);
#1201=VECTOR('',#3796,1.515);
#1202=VECTOR('',#3801,1.515);
#1203=VECTOR('',#3806,1.515);
#1204=VECTOR('',#3811,1.515);
#1205=VECTOR('',#3816,1.515);
#1206=VECTOR('',#3821,1.515);
#1207=VECTOR('',#3826,1.515);
#1208=VECTOR('',#3831,1.515);
#1209=VECTOR('',#3836,1.515);
#1210=VECTOR('',#3839,10.);
#1211=VECTOR('',#3840,10.);
#1212=VECTOR('',#3843,10.);
#1213=VECTOR('',#3844,10.);
#1214=VECTOR('',#3847,10.);
#1215=VECTOR('',#3852,1.515);
#1216=VECTOR('',#3857,1.515);
#1217=VECTOR('',#3862,1.515);
#1218=VECTOR('',#3865,10.);
#1219=VERTEX_POINT('',#3870);
#1220=VERTEX_POINT('',#3871);
#1221=VERTEX_POINT('',#3873);
#1222=VERTEX_POINT('',#3875);
#1223=VERTEX_POINT('',#3878);
#1224=VERTEX_POINT('',#3880);
#1225=VERTEX_POINT('',#3882);
#1226=VERTEX_POINT('',#3884);
#1227=VERTEX_POINT('',#3887);
#1228=VERTEX_POINT('',#3889);
#1229=VERTEX_POINT('',#3893);
#1230=VERTEX_POINT('',#3897);
#1231=VERTEX_POINT('',#3898);
#1232=VERTEX_POINT('',#3900);
#1233=VERTEX_POINT('',#3902);
#1234=VERTEX_POINT('',#3905);
#1235=VERTEX_POINT('',#3907);
#1236=VERTEX_POINT('',#3909);
#1237=VERTEX_POINT('',#3911);
#1238=VERTEX_POINT('',#3914);
#1239=VERTEX_POINT('',#3916);
#1240=VERTEX_POINT('',#3920);
#1241=VERTEX_POINT('',#3924);
#1242=VERTEX_POINT('',#3925);
#1243=VERTEX_POINT('',#3927);
#1244=VERTEX_POINT('',#3929);
#1245=VERTEX_POINT('',#3933);
#1246=VERTEX_POINT('',#3935);
#1247=VERTEX_POINT('',#3939);
#1248=VERTEX_POINT('',#3941);
#1249=VERTEX_POINT('',#3943);
#1250=VERTEX_POINT('',#3945);
#1251=VERTEX_POINT('',#3947);
#1252=VERTEX_POINT('',#3950);
#1253=VERTEX_POINT('',#3951);
#1254=VERTEX_POINT('',#3953);
#1255=VERTEX_POINT('',#3955);
#1256=VERTEX_POINT('',#3958);
#1257=VERTEX_POINT('',#3960);
#1258=VERTEX_POINT('',#3962);
#1259=VERTEX_POINT('',#3964);
#1260=VERTEX_POINT('',#3966);
#1261=VERTEX_POINT('',#3968);
#1262=VERTEX_POINT('',#3970);
#1263=VERTEX_POINT('',#3972);
#1264=VERTEX_POINT('',#3974);
#1265=VERTEX_POINT('',#3975);
#1266=VERTEX_POINT('',#3977);
#1267=VERTEX_POINT('',#3979);
#1268=VERTEX_POINT('',#3982);
#1269=VERTEX_POINT('',#3983);
#1270=VERTEX_POINT('',#3985);
#1271=VERTEX_POINT('',#3987);
#1272=VERTEX_POINT('',#3990);
#1273=VERTEX_POINT('',#3992);
#1274=VERTEX_POINT('',#3994);
#1275=VERTEX_POINT('',#3996);
#1276=VERTEX_POINT('',#3998);
#1277=VERTEX_POINT('',#4000);
#1278=VERTEX_POINT('',#4002);
#1279=VERTEX_POINT('',#4004);
#1280=VERTEX_POINT('',#4006);
#1281=VERTEX_POINT('',#4007);
#1282=VERTEX_POINT('',#4009);
#1283=VERTEX_POINT('',#4011);
#1284=VERTEX_POINT('',#4014);
#1285=VERTEX_POINT('',#4016);
#1286=VERTEX_POINT('',#4018);
#1287=VERTEX_POINT('',#4020);
#1288=VERTEX_POINT('',#4021);
#1289=VERTEX_POINT('',#4023);
#1290=VERTEX_POINT('',#4025);
#1291=VERTEX_POINT('',#4027);
#1292=VERTEX_POINT('',#4029);
#1293=VERTEX_POINT('',#4032);
#1294=VERTEX_POINT('',#4034);
#1295=VERTEX_POINT('',#4036);
#1296=VERTEX_POINT('',#4038);
#1297=VERTEX_POINT('',#4040);
#1298=VERTEX_POINT('',#4042);
#1299=VERTEX_POINT('',#4044);
#1300=VERTEX_POINT('',#4046);
#1301=VERTEX_POINT('',#4048);
#1302=VERTEX_POINT('',#4050);
#1303=VERTEX_POINT('',#4052);
#1304=VERTEX_POINT('',#4053);
#1305=VERTEX_POINT('',#4055);
#1306=VERTEX_POINT('',#4057);
#1307=VERTEX_POINT('',#4059);
#1308=VERTEX_POINT('',#4061);
#1309=VERTEX_POINT('',#4064);
#1310=VERTEX_POINT('',#4065);
#1311=VERTEX_POINT('',#4067);
#1312=VERTEX_POINT('',#4069);
#1313=VERTEX_POINT('',#4071);
#1314=VERTEX_POINT('',#4073);
#1315=VERTEX_POINT('',#4076);
#1316=VERTEX_POINT('',#4077);
#1317=VERTEX_POINT('',#4079);
#1318=VERTEX_POINT('',#4081);
#1319=VERTEX_POINT('',#4083);
#1320=VERTEX_POINT('',#4085);
#1321=VERTEX_POINT('',#4088);
#1322=VERTEX_POINT('',#4090);
#1323=VERTEX_POINT('',#4092);
#1324=VERTEX_POINT('',#4094);
#1325=VERTEX_POINT('',#4095);
#1326=VERTEX_POINT('',#4097);
#1327=VERTEX_POINT('',#4099);
#1328=VERTEX_POINT('',#4103);
#1329=VERTEX_POINT('',#4107);
#1330=VERTEX_POINT('',#4111);
#1331=VERTEX_POINT('',#4115);
#1332=VERTEX_POINT('',#4119);
#1333=VERTEX_POINT('',#4123);
#1334=VERTEX_POINT('',#4125);
#1335=VERTEX_POINT('',#4129);
#1336=VERTEX_POINT('',#4133);
#1337=VERTEX_POINT('',#4137);
#1338=VERTEX_POINT('',#4139);
#1339=VERTEX_POINT('',#4143);
#1340=VERTEX_POINT('',#4147);
#1341=VERTEX_POINT('',#4151);
#1342=VERTEX_POINT('',#4153);
#1343=VERTEX_POINT('',#4157);
#1344=VERTEX_POINT('',#4161);
#1345=VERTEX_POINT('',#4165);
#1346=VERTEX_POINT('',#4167);
#1347=VERTEX_POINT('',#4171);
#1348=VERTEX_POINT('',#4175);
#1349=VERTEX_POINT('',#4177);
#1350=VERTEX_POINT('',#4181);
#1351=VERTEX_POINT('',#4185);
#1352=VERTEX_POINT('',#4189);
#1353=VERTEX_POINT('',#4191);
#1354=VERTEX_POINT('',#4195);
#1355=VERTEX_POINT('',#4197);
#1356=VERTEX_POINT('',#4201);
#1357=VERTEX_POINT('',#4203);
#1358=VERTEX_POINT('',#4207);
#1359=VERTEX_POINT('',#4211);
#1360=VERTEX_POINT('',#4218);
#1361=VERTEX_POINT('',#4220);
#1362=VERTEX_POINT('',#4224);
#1363=VERTEX_POINT('',#4228);
#1364=VERTEX_POINT('',#4235);
#1365=VERTEX_POINT('',#4237);
#1366=VERTEX_POINT('',#4241);
#1367=VERTEX_POINT('',#4243);
#1368=VERTEX_POINT('',#4247);
#1369=VERTEX_POINT('',#4251);
#1370=VERTEX_POINT('',#4255);
#1371=VERTEX_POINT('',#4256);
#1372=VERTEX_POINT('',#4258);
#1373=VERTEX_POINT('',#4260);
#1374=VERTEX_POINT('',#4264);
#1375=VERTEX_POINT('',#4266);
#1376=VERTEX_POINT('',#4268);
#1377=VERTEX_POINT('',#4270);
#1378=VERTEX_POINT('',#4272);
#1379=VERTEX_POINT('',#4274);
#1380=VERTEX_POINT('',#4278);
#1381=VERTEX_POINT('',#4280);
#1382=VERTEX_POINT('',#4282);
#1383=VERTEX_POINT('',#4284);
#1384=VERTEX_POINT('',#4286);
#1385=VERTEX_POINT('',#4288);
#1386=VERTEX_POINT('',#4290);
#1387=VERTEX_POINT('',#4292);
#1388=VERTEX_POINT('',#4294);
#1389=VERTEX_POINT('',#4296);
#1390=VERTEX_POINT('',#4298);
#1391=VERTEX_POINT('',#4300);
#1392=VERTEX_POINT('',#4303);
#1393=VERTEX_POINT('',#4307);
#1394=VERTEX_POINT('',#4311);
#1395=VERTEX_POINT('',#4312);
#1396=VERTEX_POINT('',#4317);
#1397=VERTEX_POINT('',#4321);
#1398=VERTEX_POINT('',#4325);
#1399=VERTEX_POINT('',#4329);
#1400=VERTEX_POINT('',#4333);
#1401=VERTEX_POINT('',#4337);
#1402=VERTEX_POINT('',#4341);
#1403=VERTEX_POINT('',#4345);
#1404=VERTEX_POINT('',#4349);
#1405=VERTEX_POINT('',#4353);
#1406=VERTEX_POINT('',#4357);
#1407=VERTEX_POINT('',#4361);
#1408=VERTEX_POINT('',#4365);
#1409=VERTEX_POINT('',#4369);
#1410=VERTEX_POINT('',#4393);
#1411=VERTEX_POINT('',#4395);
#1412=VERTEX_POINT('',#4399);
#1413=VERTEX_POINT('',#4403);
#1414=VERTEX_POINT('',#4410);
#1415=VERTEX_POINT('',#4412);
#1416=VERTEX_POINT('',#4416);
#1417=VERTEX_POINT('',#4420);
#1418=VERTEX_POINT('',#4427);
#1419=VERTEX_POINT('',#4429);
#1420=VERTEX_POINT('',#4433);
#1421=VERTEX_POINT('',#4436);
#1422=VERTEX_POINT('',#4438);
#1423=VERTEX_POINT('',#4442);
#1424=VERTEX_POINT('',#4445);
#1425=VERTEX_POINT('',#4447);
#1426=VERTEX_POINT('',#4451);
#1427=VERTEX_POINT('',#4454);
#1428=VERTEX_POINT('',#4456);
#1429=VERTEX_POINT('',#4460);
#1430=VERTEX_POINT('',#4463);
#1431=VERTEX_POINT('',#4465);
#1432=VERTEX_POINT('',#4469);
#1433=VERTEX_POINT('',#4472);
#1434=VERTEX_POINT('',#4474);
#1435=VERTEX_POINT('',#4478);
#1436=VERTEX_POINT('',#4481);
#1437=VERTEX_POINT('',#4483);
#1438=VERTEX_POINT('',#4487);
#1439=VERTEX_POINT('',#4490);
#1440=VERTEX_POINT('',#4492);
#1441=VERTEX_POINT('',#4496);
#1442=VERTEX_POINT('',#4515);
#1443=VERTEX_POINT('',#4524);
#1444=VERTEX_POINT('',#4528);
#1445=VERTEX_POINT('',#4532);
#1446=VERTEX_POINT('',#4536);
#1447=VERTEX_POINT('',#4540);
#1448=VERTEX_POINT('',#4546);
#1449=VERTEX_POINT('',#4550);
#1450=VERTEX_POINT('',#4556);
#1451=VERTEX_POINT('',#4560);
#1452=VERTEX_POINT('',#4566);
#1453=VERTEX_POINT('',#4570);
#1454=VERTEX_POINT('',#4574);
#1455=VERTEX_POINT('',#4578);
#1456=VERTEX_POINT('',#4582);
#1457=VERTEX_POINT('',#4586);
#1458=VERTEX_POINT('',#4590);
#1459=VERTEX_POINT('',#4594);
#1460=VERTEX_POINT('',#4598);
#1461=VERTEX_POINT('',#4602);
#1462=VERTEX_POINT('',#4606);
#1463=VERTEX_POINT('',#4610);
#1464=VERTEX_POINT('',#4616);
#1465=VERTEX_POINT('',#4620);
#1466=VERTEX_POINT('',#4624);
#1467=EDGE_CURVE('',#1219,#1220,#731,.T.);
#1468=EDGE_CURVE('',#1221,#1219,#732,.T.);
#1469=EDGE_CURVE('',#1222,#1221,#733,.T.);
#1470=EDGE_CURVE('',#1220,#1222,#734,.T.);
#1471=EDGE_CURVE('',#1223,#1223,#200,.T.);
#1472=EDGE_CURVE('',#1224,#1224,#201,.T.);
#1473=EDGE_CURVE('',#1225,#1225,#202,.T.);
#1474=EDGE_CURVE('',#1226,#1226,#203,.T.);
#1475=EDGE_CURVE('',#1227,#1219,#735,.T.);
#1476=EDGE_CURVE('',#1228,#1227,#736,.T.);
#1477=EDGE_CURVE('',#1221,#1228,#737,.T.);
#1478=EDGE_CURVE('',#1220,#1229,#738,.T.);
#1479=EDGE_CURVE('',#1227,#1229,#739,.T.);
#1480=EDGE_CURVE('',#1230,#1231,#740,.T.);
#1481=EDGE_CURVE('',#1232,#1230,#741,.T.);
#1482=EDGE_CURVE('',#1233,#1232,#742,.T.);
#1483=EDGE_CURVE('',#1231,#1233,#743,.T.);
#1484=EDGE_CURVE('',#1234,#1234,#204,.T.);
#1485=EDGE_CURVE('',#1235,#1235,#205,.T.);
#1486=EDGE_CURVE('',#1236,#1236,#206,.T.);
#1487=EDGE_CURVE('',#1237,#1237,#207,.T.);
#1488=EDGE_CURVE('',#1238,#1230,#744,.T.);
#1489=EDGE_CURVE('',#1239,#1238,#745,.T.);
#1490=EDGE_CURVE('',#1232,#1239,#746,.T.);
#1491=EDGE_CURVE('',#1231,#1240,#747,.T.);
#1492=EDGE_CURVE('',#1238,#1240,#748,.T.);
#1493=EDGE_CURVE('',#1241,#1242,#208,.F.);
#1494=EDGE_CURVE('',#1242,#1243,#749,.T.);
#1495=EDGE_CURVE('',#1243,#1244,#209,.T.);
#1496=EDGE_CURVE('',#1244,#1241,#750,.T.);
#1497=EDGE_CURVE('',#1245,#1244,#751,.T.);
#1498=EDGE_CURVE('',#1246,#1245,#752,.T.);
#1499=EDGE_CURVE('',#1246,#1241,#753,.T.);
#1500=EDGE_CURVE('',#1243,#1247,#754,.T.);
#1501=EDGE_CURVE('',#1248,#1247,#210,.T.);
#1502=EDGE_CURVE('',#1248,#1249,#755,.T.);
#1503=EDGE_CURVE('',#1250,#1249,#211,.T.);
#1504=EDGE_CURVE('',#1250,#1251,#756,.T.);
#1505=EDGE_CURVE('',#1245,#1251,#212,.T.);
#1506=EDGE_CURVE('',#1252,#1253,#757,.T.);
#1507=EDGE_CURVE('',#1253,#1254,#758,.T.);
#1508=EDGE_CURVE('',#1254,#1255,#759,.T.);
#1509=EDGE_CURVE('',#1255,#1252,#760,.T.);
#1510=EDGE_CURVE('',#1256,#1256,#213,.T.);
#1511=EDGE_CURVE('',#1257,#1257,#214,.T.);
#1512=EDGE_CURVE('',#1258,#1258,#215,.T.);
#1513=EDGE_CURVE('',#1259,#1259,#216,.T.);
#1514=EDGE_CURVE('',#1260,#1260,#217,.T.);
#1515=EDGE_CURVE('',#1261,#1261,#218,.T.);
#1516=EDGE_CURVE('',#1262,#1262,#219,.T.);
#1517=EDGE_CURVE('',#1263,#1263,#220,.T.);
#1518=EDGE_CURVE('',#1264,#1265,#761,.T.);
#1519=EDGE_CURVE('',#1265,#1266,#762,.T.);
#1520=EDGE_CURVE('',#1266,#1267,#763,.T.);
#1521=EDGE_CURVE('',#1267,#1264,#764,.T.);
#1522=EDGE_CURVE('',#1268,#1269,#765,.T.);
#1523=EDGE_CURVE('',#1269,#1270,#766,.T.);
#1524=EDGE_CURVE('',#1270,#1271,#767,.T.);
#1525=EDGE_CURVE('',#1271,#1268,#768,.T.);
#1526=EDGE_CURVE('',#1272,#1272,#221,.T.);
#1527=EDGE_CURVE('',#1273,#1273,#222,.T.);
#1528=EDGE_CURVE('',#1274,#1274,#223,.T.);
#1529=EDGE_CURVE('',#1275,#1275,#224,.T.);
#1530=EDGE_CURVE('',#1276,#1276,#225,.T.);
#1531=EDGE_CURVE('',#1277,#1277,#226,.T.);
#1532=EDGE_CURVE('',#1278,#1278,#227,.T.);
#1533=EDGE_CURVE('',#1279,#1279,#228,.T.);
#1534=EDGE_CURVE('',#1280,#1281,#769,.T.);
#1535=EDGE_CURVE('',#1282,#1280,#770,.T.);
#1536=EDGE_CURVE('',#1283,#1282,#771,.T.);
#1537=EDGE_CURVE('',#1281,#1283,#772,.T.);
#1538=EDGE_CURVE('',#1284,#1284,#229,.T.);
#1539=EDGE_CURVE('',#1285,#1285,#230,.T.);
#1540=EDGE_CURVE('',#1286,#1286,#231,.T.);
#1541=EDGE_CURVE('',#1287,#1288,#773,.T.);
#1542=EDGE_CURVE('',#1289,#1287,#774,.T.);
#1543=EDGE_CURVE('',#1290,#1289,#775,.T.);
#1544=EDGE_CURVE('',#1291,#1290,#776,.T.);
#1545=EDGE_CURVE('',#1292,#1291,#777,.T.);
#1546=EDGE_CURVE('',#1288,#1292,#778,.T.);
#1547=EDGE_CURVE('',#1293,#1293,#232,.T.);
#1548=EDGE_CURVE('',#1294,#1294,#233,.T.);
#1549=EDGE_CURVE('',#1295,#1295,#234,.T.);
#1550=EDGE_CURVE('',#1296,#1296,#235,.T.);
#1551=EDGE_CURVE('',#1297,#1297,#236,.T.);
#1552=EDGE_CURVE('',#1298,#1298,#237,.T.);
#1553=EDGE_CURVE('',#1299,#1299,#238,.T.);
#1554=EDGE_CURVE('',#1300,#1300,#239,.T.);
#1555=EDGE_CURVE('',#1301,#1301,#240,.T.);
#1556=EDGE_CURVE('',#1302,#1302,#241,.T.);
#1557=EDGE_CURVE('',#1303,#1304,#779,.T.);
#1558=EDGE_CURVE('',#1305,#1303,#780,.T.);
#1559=EDGE_CURVE('',#1306,#1305,#781,.T.);
#1560=EDGE_CURVE('',#1307,#1306,#782,.T.);
#1561=EDGE_CURVE('',#1308,#1307,#783,.T.);
#1562=EDGE_CURVE('',#1304,#1308,#784,.T.);
#1563=EDGE_CURVE('',#1309,#1310,#785,.T.);
#1564=EDGE_CURVE('',#1311,#1309,#786,.T.);
#1565=EDGE_CURVE('',#1312,#1311,#787,.T.);
#1566=EDGE_CURVE('',#1313,#1312,#788,.T.);
#1567=EDGE_CURVE('',#1314,#1313,#789,.T.);
#1568=EDGE_CURVE('',#1310,#1314,#790,.T.);
#1569=EDGE_CURVE('',#1315,#1316,#791,.T.);
#1570=EDGE_CURVE('',#1317,#1315,#792,.T.);
#1571=EDGE_CURVE('',#1318,#1317,#793,.T.);
#1572=EDGE_CURVE('',#1319,#1318,#794,.T.);
#1573=EDGE_CURVE('',#1320,#1319,#795,.T.);
#1574=EDGE_CURVE('',#1316,#1320,#796,.T.);
#1575=EDGE_CURVE('',#1321,#1321,#242,.T.);
#1576=EDGE_CURVE('',#1322,#1322,#243,.T.);
#1577=EDGE_CURVE('',#1323,#1323,#244,.T.);
#1578=EDGE_CURVE('',#1324,#1325,#797,.T.);
#1579=EDGE_CURVE('',#1325,#1326,#798,.T.);
#1580=EDGE_CURVE('',#1326,#1327,#799,.T.);
#1581=EDGE_CURVE('',#1327,#1324,#800,.T.);
#1582=EDGE_CURVE('',#1328,#1246,#245,.F.);
#1583=EDGE_CURVE('',#1251,#1328,#801,.T.);
#1584=EDGE_CURVE('',#1329,#1250,#802,.T.);
#1585=EDGE_CURVE('',#1329,#1328,#803,.T.);
#1586=EDGE_CURVE('',#1330,#1329,#246,.F.);
#1587=EDGE_CURVE('',#1249,#1330,#804,.T.);
#1588=EDGE_CURVE('',#1331,#1248,#805,.T.);
#1589=EDGE_CURVE('',#1331,#1330,#806,.T.);
#1590=EDGE_CURVE('',#1332,#1331,#247,.F.);
#1591=EDGE_CURVE('',#1247,#1332,#807,.T.);
#1592=EDGE_CURVE('',#1316,#1333,#808,.T.);
#1593=EDGE_CURVE('',#1334,#1333,#809,.T.);
#1594=EDGE_CURVE('',#1315,#1334,#810,.T.);
#1595=EDGE_CURVE('',#1320,#1335,#811,.T.);
#1596=EDGE_CURVE('',#1333,#1335,#812,.T.);
#1597=EDGE_CURVE('',#1319,#1336,#813,.T.);
#1598=EDGE_CURVE('',#1335,#1336,#814,.T.);
#1599=EDGE_CURVE('',#1304,#1337,#815,.T.);
#1600=EDGE_CURVE('',#1338,#1337,#816,.T.);
#1601=EDGE_CURVE('',#1303,#1338,#817,.T.);
#1602=EDGE_CURVE('',#1308,#1339,#818,.T.);
#1603=EDGE_CURVE('',#1337,#1339,#819,.T.);
#1604=EDGE_CURVE('',#1307,#1340,#820,.T.);
#1605=EDGE_CURVE('',#1339,#1340,#821,.T.);
#1606=EDGE_CURVE('',#1288,#1341,#822,.T.);
#1607=EDGE_CURVE('',#1342,#1341,#823,.T.);
#1608=EDGE_CURVE('',#1287,#1342,#824,.T.);
#1609=EDGE_CURVE('',#1292,#1343,#825,.T.);
#1610=EDGE_CURVE('',#1341,#1343,#826,.T.);
#1611=EDGE_CURVE('',#1291,#1344,#827,.T.);
#1612=EDGE_CURVE('',#1343,#1344,#828,.T.);
#1613=EDGE_CURVE('',#1281,#1345,#829,.T.);
#1614=EDGE_CURVE('',#1346,#1345,#830,.T.);
#1615=EDGE_CURVE('',#1280,#1346,#831,.T.);
#1616=EDGE_CURVE('',#1283,#1347,#832,.T.);
#1617=EDGE_CURVE('',#1345,#1347,#833,.T.);
#1618=EDGE_CURVE('',#1310,#1348,#834,.T.);
#1619=EDGE_CURVE('',#1349,#1348,#835,.T.);
#1620=EDGE_CURVE('',#1309,#1349,#836,.T.);
#1621=EDGE_CURVE('',#1314,#1350,#837,.T.);
#1622=EDGE_CURVE('',#1348,#1350,#838,.T.);
#1623=EDGE_CURVE('',#1313,#1351,#839,.T.);
#1624=EDGE_CURVE('',#1350,#1351,#840,.T.);
#1625=EDGE_CURVE('',#1352,#1352,#248,.T.);
#1626=EDGE_CURVE('',#1352,#1353,#841,.T.);
#1627=EDGE_CURVE('',#1353,#1353,#249,.T.);
#1628=EDGE_CURVE('',#1354,#1354,#250,.T.);
#1629=EDGE_CURVE('',#1354,#1355,#842,.T.);
#1630=EDGE_CURVE('',#1355,#1355,#251,.T.);
#1631=EDGE_CURVE('',#1324,#1356,#843,.T.);
#1632=EDGE_CURVE('',#1357,#1356,#844,.T.);
#1633=EDGE_CURVE('',#1325,#1357,#845,.T.);
#1634=EDGE_CURVE('',#1358,#1357,#846,.T.);
#1635=EDGE_CURVE('',#1326,#1358,#847,.T.);
#1636=EDGE_CURVE('',#1359,#1358,#848,.T.);
#1637=EDGE_CURVE('',#1327,#1359,#849,.T.);
#1638=EDGE_CURVE('',#1356,#1359,#850,.T.);
#1639=EDGE_CURVE('',#1252,#1360,#851,.T.);
#1640=EDGE_CURVE('',#1361,#1360,#852,.T.);
#1641=EDGE_CURVE('',#1253,#1361,#853,.T.);
#1642=EDGE_CURVE('',#1362,#1361,#854,.T.);
#1643=EDGE_CURVE('',#1254,#1362,#855,.T.);
#1644=EDGE_CURVE('',#1363,#1362,#856,.T.);
#1645=EDGE_CURVE('',#1255,#1363,#857,.T.);
#1646=EDGE_CURVE('',#1360,#1363,#858,.T.);
#1647=EDGE_CURVE('',#1364,#1364,#252,.T.);
#1648=EDGE_CURVE('',#1364,#1365,#859,.T.);
#1649=EDGE_CURVE('',#1365,#1365,#253,.T.);
#1650=EDGE_CURVE('',#1366,#1366,#254,.T.);
#1651=EDGE_CURVE('',#1366,#1367,#860,.T.);
#1652=EDGE_CURVE('',#1367,#1367,#255,.T.);
#1653=EDGE_CURVE('',#1368,#1228,#861,.T.);
#1654=EDGE_CURVE('',#1368,#1222,#862,.T.);
#1655=EDGE_CURVE('',#1369,#1239,#863,.T.);
#1656=EDGE_CURVE('',#1369,#1233,#864,.T.);
#1657=EDGE_CURVE('',#1370,#1371,#256,.T.);
#1658=EDGE_CURVE('',#1371,#1372,#865,.T.);
#1659=EDGE_CURVE('',#1372,#1373,#257,.T.);
#1660=EDGE_CURVE('',#1373,#1370,#866,.T.);
#1661=EDGE_CURVE('',#1374,#1372,#867,.T.);
#1662=EDGE_CURVE('',#1375,#1374,#258,.T.);
#1663=EDGE_CURVE('',#1376,#1375,#868,.T.);
#1664=EDGE_CURVE('',#1377,#1376,#259,.T.);
#1665=EDGE_CURVE('',#1378,#1377,#869,.T.);
#1666=EDGE_CURVE('',#1379,#1378,#260,.T.);
#1667=EDGE_CURVE('',#1373,#1379,#870,.T.);
#1668=EDGE_CURVE('',#1242,#1332,#871,.T.);
#1669=EDGE_CURVE('',#1380,#1380,#261,.T.);
#1670=EDGE_CURVE('',#1381,#1381,#262,.T.);
#1671=EDGE_CURVE('',#1382,#1382,#263,.T.);
#1672=EDGE_CURVE('',#1383,#1383,#264,.T.);
#1673=EDGE_CURVE('',#1384,#1384,#265,.T.);
#1674=EDGE_CURVE('',#1385,#1385,#266,.T.);
#1675=EDGE_CURVE('',#1386,#1386,#267,.T.);
#1676=EDGE_CURVE('',#1387,#1387,#268,.T.);
#1677=EDGE_CURVE('',#1388,#1388,#269,.T.);
#1678=EDGE_CURVE('',#1389,#1389,#270,.T.);
#1679=EDGE_CURVE('',#1390,#1390,#271,.T.);
#1680=EDGE_CURVE('',#1391,#1391,#272,.T.);
#1681=EDGE_CURVE('',#1392,#1371,#872,.T.);
#1682=EDGE_CURVE('',#1374,#1392,#873,.T.);
#1683=EDGE_CURVE('',#1392,#1393,#273,.T.);
#1684=EDGE_CURVE('',#1393,#1375,#874,.T.);
#1685=EDGE_CURVE('',#1394,#1395,#274,.T.);
#1686=EDGE_CURVE('',#1395,#1377,#875,.T.);
#1687=EDGE_CURVE('',#1376,#1394,#876,.T.);
#1688=EDGE_CURVE('',#1396,#1395,#877,.T.);
#1689=EDGE_CURVE('',#1378,#1396,#878,.T.);
#1690=EDGE_CURVE('',#1396,#1397,#275,.T.);
#1691=EDGE_CURVE('',#1397,#1379,#879,.T.);
#1692=EDGE_CURVE('',#1398,#1398,#276,.T.);
#1693=EDGE_CURVE('',#1398,#1380,#880,.T.);
#1694=EDGE_CURVE('',#1399,#1399,#277,.T.);
#1695=EDGE_CURVE('',#1399,#1381,#881,.T.);
#1696=EDGE_CURVE('',#1400,#1400,#278,.T.);
#1697=EDGE_CURVE('',#1400,#1382,#882,.T.);
#1698=EDGE_CURVE('',#1401,#1401,#279,.T.);
#1699=EDGE_CURVE('',#1401,#1383,#883,.T.);
#1700=EDGE_CURVE('',#1402,#1402,#280,.T.);
#1701=EDGE_CURVE('',#1402,#1384,#884,.T.);
#1702=EDGE_CURVE('',#1403,#1403,#281,.T.);
#1703=EDGE_CURVE('',#1403,#1385,#885,.T.);
#1704=EDGE_CURVE('',#1404,#1404,#282,.T.);
#1705=EDGE_CURVE('',#1404,#1386,#886,.T.);
#1706=EDGE_CURVE('',#1405,#1405,#283,.T.);
#1707=EDGE_CURVE('',#1405,#1387,#887,.T.);
#1708=EDGE_CURVE('',#1406,#1406,#284,.T.);
#1709=EDGE_CURVE('',#1406,#1388,#888,.T.);
#1710=EDGE_CURVE('',#1407,#1407,#285,.T.);
#1711=EDGE_CURVE('',#1407,#1389,#889,.T.);
#1712=EDGE_CURVE('',#1408,#1408,#286,.T.);
#1713=EDGE_CURVE('',#1408,#1390,#890,.T.);
#1714=EDGE_CURVE('',#1409,#1409,#287,.T.);
#1715=EDGE_CURVE('',#1409,#1391,#891,.T.);
#1716=EDGE_CURVE('',#1229,#1368,#892,.T.);
#1717=EDGE_CURVE('',#1240,#1369,#893,.T.);
#1718=EDGE_CURVE('',#1223,#1256,#894,.T.);
#1719=EDGE_CURVE('',#1224,#1257,#895,.T.);
#1720=EDGE_CURVE('',#1234,#1258,#896,.T.);
#1721=EDGE_CURVE('',#1235,#1259,#897,.T.);
#1722=EDGE_CURVE('',#1236,#1260,#898,.T.);
#1723=EDGE_CURVE('',#1237,#1261,#899,.T.);
#1724=EDGE_CURVE('',#1225,#1262,#900,.T.);
#1725=EDGE_CURVE('',#1226,#1263,#901,.T.);
#1726=EDGE_CURVE('',#1268,#1410,#902,.T.);
#1727=EDGE_CURVE('',#1411,#1410,#903,.T.);
#1728=EDGE_CURVE('',#1269,#1411,#904,.T.);
#1729=EDGE_CURVE('',#1412,#1411,#905,.T.);
#1730=EDGE_CURVE('',#1270,#1412,#906,.T.);
#1731=EDGE_CURVE('',#1413,#1412,#907,.T.);
#1732=EDGE_CURVE('',#1271,#1413,#908,.T.);
#1733=EDGE_CURVE('',#1410,#1413,#909,.T.);
#1734=EDGE_CURVE('',#1264,#1414,#910,.T.);
#1735=EDGE_CURVE('',#1415,#1414,#911,.T.);
#1736=EDGE_CURVE('',#1265,#1415,#912,.T.);
#1737=EDGE_CURVE('',#1416,#1415,#913,.T.);
#1738=EDGE_CURVE('',#1266,#1416,#914,.T.);
#1739=EDGE_CURVE('',#1417,#1416,#915,.T.);
#1740=EDGE_CURVE('',#1267,#1417,#916,.T.);
#1741=EDGE_CURVE('',#1414,#1417,#917,.T.);
#1742=EDGE_CURVE('',#1418,#1418,#288,.T.);
#1743=EDGE_CURVE('',#1418,#1419,#918,.T.);
#1744=EDGE_CURVE('',#1419,#1419,#289,.T.);
#1745=EDGE_CURVE('',#1420,#1420,#290,.T.);
#1746=EDGE_CURVE('',#1421,#1421,#291,.T.);
#1747=EDGE_CURVE('',#1421,#1422,#919,.T.);
#1748=EDGE_CURVE('',#1422,#1422,#292,.T.);
#1749=EDGE_CURVE('',#1423,#1423,#293,.T.);
#1750=EDGE_CURVE('',#1424,#1424,#294,.T.);
#1751=EDGE_CURVE('',#1424,#1425,#920,.T.);
#1752=EDGE_CURVE('',#1425,#1425,#295,.T.);
#1753=EDGE_CURVE('',#1426,#1426,#296,.T.);
#1754=EDGE_CURVE('',#1427,#1427,#297,.T.);
#1755=EDGE_CURVE('',#1427,#1428,#921,.T.);
#1756=EDGE_CURVE('',#1428,#1428,#298,.T.);
#1757=EDGE_CURVE('',#1429,#1429,#299,.T.);
#1758=EDGE_CURVE('',#1430,#1430,#300,.T.);
#1759=EDGE_CURVE('',#1430,#1431,#922,.T.);
#1760=EDGE_CURVE('',#1431,#1431,#301,.T.);
#1761=EDGE_CURVE('',#1432,#1432,#302,.T.);
#1762=EDGE_CURVE('',#1433,#1433,#303,.T.);
#1763=EDGE_CURVE('',#1433,#1434,#923,.T.);
#1764=EDGE_CURVE('',#1434,#1434,#304,.T.);
#1765=EDGE_CURVE('',#1435,#1435,#305,.T.);
#1766=EDGE_CURVE('',#1436,#1436,#306,.T.);
#1767=EDGE_CURVE('',#1436,#1437,#924,.T.);
#1768=EDGE_CURVE('',#1437,#1437,#307,.T.);
#1769=EDGE_CURVE('',#1438,#1438,#308,.T.);
#1770=EDGE_CURVE('',#1439,#1439,#309,.T.);
#1771=EDGE_CURVE('',#1439,#1440,#925,.T.);
#1772=EDGE_CURVE('',#1440,#1440,#310,.T.);
#1773=EDGE_CURVE('',#1441,#1441,#311,.T.);
#1774=EDGE_CURVE('',#1272,#1438,#926,.T.);
#1775=EDGE_CURVE('',#1273,#1423,#927,.T.);
#1776=EDGE_CURVE('',#1274,#1432,#928,.T.);
#1777=EDGE_CURVE('',#1275,#1429,#929,.T.);
#1778=EDGE_CURVE('',#1276,#1420,#930,.T.);
#1779=EDGE_CURVE('',#1277,#1426,#931,.T.);
#1780=EDGE_CURVE('',#1278,#1435,#932,.T.);
#1781=EDGE_CURVE('',#1279,#1441,#933,.T.);
#1782=EDGE_CURVE('',#1442,#1346,#934,.T.);
#1783=EDGE_CURVE('',#1282,#1442,#935,.T.);
#1784=EDGE_CURVE('',#1347,#1442,#936,.T.);
#1785=EDGE_CURVE('',#1370,#1397,#937,.T.);
#1786=EDGE_CURVE('',#1443,#1443,#312,.T.);
#1787=EDGE_CURVE('',#1443,#1323,#938,.T.);
#1788=EDGE_CURVE('',#1444,#1444,#313,.T.);
#1789=EDGE_CURVE('',#1444,#1322,#939,.T.);
#1790=EDGE_CURVE('',#1445,#1445,#314,.T.);
#1791=EDGE_CURVE('',#1445,#1321,#940,.T.);
#1792=EDGE_CURVE('',#1446,#1334,#941,.T.);
#1793=EDGE_CURVE('',#1317,#1446,#942,.T.);
#1794=EDGE_CURVE('',#1447,#1446,#943,.T.);
#1795=EDGE_CURVE('',#1318,#1447,#944,.T.);
#1796=EDGE_CURVE('',#1336,#1447,#945,.T.);
#1797=EDGE_CURVE('',#1448,#1349,#946,.T.);
#1798=EDGE_CURVE('',#1311,#1448,#947,.T.);
#1799=EDGE_CURVE('',#1449,#1448,#948,.T.);
#1800=EDGE_CURVE('',#1312,#1449,#949,.T.);
#1801=EDGE_CURVE('',#1351,#1449,#950,.T.);
#1802=EDGE_CURVE('',#1450,#1338,#951,.T.);
#1803=EDGE_CURVE('',#1305,#1450,#952,.T.);
#1804=EDGE_CURVE('',#1451,#1450,#953,.T.);
#1805=EDGE_CURVE('',#1306,#1451,#954,.T.);
#1806=EDGE_CURVE('',#1340,#1451,#955,.T.);
#1807=EDGE_CURVE('',#1452,#1452,#315,.T.);
#1808=EDGE_CURVE('',#1452,#1302,#956,.T.);
#1809=EDGE_CURVE('',#1453,#1453,#316,.T.);
#1810=EDGE_CURVE('',#1453,#1301,#957,.T.);
#1811=EDGE_CURVE('',#1454,#1454,#317,.T.);
#1812=EDGE_CURVE('',#1454,#1300,#958,.T.);
#1813=EDGE_CURVE('',#1455,#1455,#318,.T.);
#1814=EDGE_CURVE('',#1455,#1299,#959,.T.);
#1815=EDGE_CURVE('',#1456,#1456,#319,.T.);
#1816=EDGE_CURVE('',#1456,#1298,#960,.T.);
#1817=EDGE_CURVE('',#1457,#1457,#320,.T.);
#1818=EDGE_CURVE('',#1457,#1297,#961,.T.);
#1819=EDGE_CURVE('',#1458,#1458,#321,.T.);
#1820=EDGE_CURVE('',#1458,#1296,#962,.T.);
#1821=EDGE_CURVE('',#1459,#1459,#322,.T.);
#1822=EDGE_CURVE('',#1459,#1295,#963,.T.);
#1823=EDGE_CURVE('',#1460,#1460,#323,.T.);
#1824=EDGE_CURVE('',#1460,#1294,#964,.T.);
#1825=EDGE_CURVE('',#1461,#1461,#324,.T.);
#1826=EDGE_CURVE('',#1461,#1293,#965,.T.);
#1827=EDGE_CURVE('',#1462,#1342,#966,.T.);
#1828=EDGE_CURVE('',#1289,#1462,#967,.T.);
#1829=EDGE_CURVE('',#1463,#1462,#968,.T.);
#1830=EDGE_CURVE('',#1290,#1463,#969,.T.);
#1831=EDGE_CURVE('',#1344,#1463,#970,.T.);
#1832=EDGE_CURVE('',#1464,#1464,#325,.T.);
#1833=EDGE_CURVE('',#1464,#1286,#971,.T.);
#1834=EDGE_CURVE('',#1465,#1465,#326,.T.);
#1835=EDGE_CURVE('',#1465,#1285,#972,.T.);
#1836=EDGE_CURVE('',#1466,#1466,#327,.T.);
#1837=EDGE_CURVE('',#1466,#1284,#973,.T.);
#1838=EDGE_CURVE('',#1394,#1393,#974,.T.);
#1839=ORIENTED_EDGE('',*,*,#1467,.F.);
#1840=ORIENTED_EDGE('',*,*,#1468,.F.);
#1841=ORIENTED_EDGE('',*,*,#1469,.F.);
#1842=ORIENTED_EDGE('',*,*,#1470,.F.);
#1843=ORIENTED_EDGE('',*,*,#1471,.T.);
#1844=ORIENTED_EDGE('',*,*,#1472,.T.);
#1845=ORIENTED_EDGE('',*,*,#1473,.T.);
#1846=ORIENTED_EDGE('',*,*,#1474,.T.);
#1847=ORIENTED_EDGE('',*,*,#1468,.T.);
#1848=ORIENTED_EDGE('',*,*,#1475,.F.);
#1849=ORIENTED_EDGE('',*,*,#1476,.F.);
#1850=ORIENTED_EDGE('',*,*,#1477,.F.);
#1851=ORIENTED_EDGE('',*,*,#1467,.T.);
#1852=ORIENTED_EDGE('',*,*,#1478,.T.);
#1853=ORIENTED_EDGE('',*,*,#1479,.F.);
#1854=ORIENTED_EDGE('',*,*,#1475,.T.);
#1855=ORIENTED_EDGE('',*,*,#1480,.F.);
#1856=ORIENTED_EDGE('',*,*,#1481,.F.);
#1857=ORIENTED_EDGE('',*,*,#1482,.F.);
#1858=ORIENTED_EDGE('',*,*,#1483,.F.);
#1859=ORIENTED_EDGE('',*,*,#1484,.T.);
#1860=ORIENTED_EDGE('',*,*,#1485,.T.);
#1861=ORIENTED_EDGE('',*,*,#1486,.T.);
#1862=ORIENTED_EDGE('',*,*,#1487,.T.);
#1863=ORIENTED_EDGE('',*,*,#1481,.T.);
#1864=ORIENTED_EDGE('',*,*,#1488,.F.);
#1865=ORIENTED_EDGE('',*,*,#1489,.F.);
#1866=ORIENTED_EDGE('',*,*,#1490,.F.);
#1867=ORIENTED_EDGE('',*,*,#1480,.T.);
#1868=ORIENTED_EDGE('',*,*,#1491,.T.);
#1869=ORIENTED_EDGE('',*,*,#1492,.F.);
#1870=ORIENTED_EDGE('',*,*,#1488,.T.);
#1871=ORIENTED_EDGE('',*,*,#1493,.T.);
#1872=ORIENTED_EDGE('',*,*,#1494,.T.);
#1873=ORIENTED_EDGE('',*,*,#1495,.T.);
#1874=ORIENTED_EDGE('',*,*,#1496,.T.);
#1875=ORIENTED_EDGE('',*,*,#1496,.F.);
#1876=ORIENTED_EDGE('',*,*,#1497,.F.);
#1877=ORIENTED_EDGE('',*,*,#1498,.F.);
#1878=ORIENTED_EDGE('',*,*,#1499,.T.);
#1879=ORIENTED_EDGE('',*,*,#1495,.F.);
#1880=ORIENTED_EDGE('',*,*,#1500,.T.);
#1881=ORIENTED_EDGE('',*,*,#1501,.F.);
#1882=ORIENTED_EDGE('',*,*,#1502,.T.);
#1883=ORIENTED_EDGE('',*,*,#1503,.F.);
#1884=ORIENTED_EDGE('',*,*,#1504,.T.);
#1885=ORIENTED_EDGE('',*,*,#1505,.F.);
#1886=ORIENTED_EDGE('',*,*,#1497,.T.);
#1887=ORIENTED_EDGE('',*,*,#1506,.T.);
#1888=ORIENTED_EDGE('',*,*,#1507,.T.);
#1889=ORIENTED_EDGE('',*,*,#1508,.T.);
#1890=ORIENTED_EDGE('',*,*,#1509,.T.);
#1891=ORIENTED_EDGE('',*,*,#1510,.T.);
#1892=ORIENTED_EDGE('',*,*,#1511,.T.);
#1893=ORIENTED_EDGE('',*,*,#1512,.T.);
#1894=ORIENTED_EDGE('',*,*,#1513,.T.);
#1895=ORIENTED_EDGE('',*,*,#1514,.T.);
#1896=ORIENTED_EDGE('',*,*,#1515,.T.);
#1897=ORIENTED_EDGE('',*,*,#1516,.T.);
#1898=ORIENTED_EDGE('',*,*,#1517,.T.);
#1899=ORIENTED_EDGE('',*,*,#1518,.T.);
#1900=ORIENTED_EDGE('',*,*,#1519,.T.);
#1901=ORIENTED_EDGE('',*,*,#1520,.T.);
#1902=ORIENTED_EDGE('',*,*,#1521,.T.);
#1903=ORIENTED_EDGE('',*,*,#1522,.T.);
#1904=ORIENTED_EDGE('',*,*,#1523,.T.);
#1905=ORIENTED_EDGE('',*,*,#1524,.T.);
#1906=ORIENTED_EDGE('',*,*,#1525,.T.);
#1907=ORIENTED_EDGE('',*,*,#1526,.T.);
#1908=ORIENTED_EDGE('',*,*,#1527,.T.);
#1909=ORIENTED_EDGE('',*,*,#1528,.T.);
#1910=ORIENTED_EDGE('',*,*,#1529,.T.);
#1911=ORIENTED_EDGE('',*,*,#1530,.T.);
#1912=ORIENTED_EDGE('',*,*,#1531,.T.);
#1913=ORIENTED_EDGE('',*,*,#1532,.T.);
#1914=ORIENTED_EDGE('',*,*,#1533,.T.);
#1915=ORIENTED_EDGE('',*,*,#1534,.F.);
#1916=ORIENTED_EDGE('',*,*,#1535,.F.);
#1917=ORIENTED_EDGE('',*,*,#1536,.F.);
#1918=ORIENTED_EDGE('',*,*,#1537,.F.);
#1919=ORIENTED_EDGE('',*,*,#1538,.F.);
#1920=ORIENTED_EDGE('',*,*,#1539,.F.);
#1921=ORIENTED_EDGE('',*,*,#1540,.F.);
#1922=ORIENTED_EDGE('',*,*,#1541,.F.);
#1923=ORIENTED_EDGE('',*,*,#1542,.F.);
#1924=ORIENTED_EDGE('',*,*,#1543,.F.);
#1925=ORIENTED_EDGE('',*,*,#1544,.F.);
#1926=ORIENTED_EDGE('',*,*,#1545,.F.);
#1927=ORIENTED_EDGE('',*,*,#1546,.F.);
#1928=ORIENTED_EDGE('',*,*,#1547,.F.);
#1929=ORIENTED_EDGE('',*,*,#1548,.F.);
#1930=ORIENTED_EDGE('',*,*,#1549,.F.);
#1931=ORIENTED_EDGE('',*,*,#1550,.F.);
#1932=ORIENTED_EDGE('',*,*,#1551,.F.);
#1933=ORIENTED_EDGE('',*,*,#1552,.F.);
#1934=ORIENTED_EDGE('',*,*,#1553,.F.);
#1935=ORIENTED_EDGE('',*,*,#1554,.F.);
#1936=ORIENTED_EDGE('',*,*,#1555,.F.);
#1937=ORIENTED_EDGE('',*,*,#1556,.F.);
#1938=ORIENTED_EDGE('',*,*,#1557,.F.);
#1939=ORIENTED_EDGE('',*,*,#1558,.F.);
#1940=ORIENTED_EDGE('',*,*,#1559,.F.);
#1941=ORIENTED_EDGE('',*,*,#1560,.F.);
#1942=ORIENTED_EDGE('',*,*,#1561,.F.);
#1943=ORIENTED_EDGE('',*,*,#1562,.F.);
#1944=ORIENTED_EDGE('',*,*,#1563,.F.);
#1945=ORIENTED_EDGE('',*,*,#1564,.F.);
#1946=ORIENTED_EDGE('',*,*,#1565,.F.);
#1947=ORIENTED_EDGE('',*,*,#1566,.F.);
#1948=ORIENTED_EDGE('',*,*,#1567,.F.);
#1949=ORIENTED_EDGE('',*,*,#1568,.F.);
#1950=ORIENTED_EDGE('',*,*,#1569,.F.);
#1951=ORIENTED_EDGE('',*,*,#1570,.F.);
#1952=ORIENTED_EDGE('',*,*,#1571,.F.);
#1953=ORIENTED_EDGE('',*,*,#1572,.F.);
#1954=ORIENTED_EDGE('',*,*,#1573,.F.);
#1955=ORIENTED_EDGE('',*,*,#1574,.F.);
#1956=ORIENTED_EDGE('',*,*,#1575,.F.);
#1957=ORIENTED_EDGE('',*,*,#1576,.F.);
#1958=ORIENTED_EDGE('',*,*,#1577,.F.);
#1959=ORIENTED_EDGE('',*,*,#1578,.T.);
#1960=ORIENTED_EDGE('',*,*,#1579,.T.);
#1961=ORIENTED_EDGE('',*,*,#1580,.T.);
#1962=ORIENTED_EDGE('',*,*,#1581,.T.);
#1963=ORIENTED_EDGE('',*,*,#1582,.T.);
#1964=ORIENTED_EDGE('',*,*,#1498,.T.);
#1965=ORIENTED_EDGE('',*,*,#1505,.T.);
#1966=ORIENTED_EDGE('',*,*,#1583,.T.);
#1967=ORIENTED_EDGE('',*,*,#1583,.F.);
#1968=ORIENTED_EDGE('',*,*,#1504,.F.);
#1969=ORIENTED_EDGE('',*,*,#1584,.F.);
#1970=ORIENTED_EDGE('',*,*,#1585,.T.);
#1971=ORIENTED_EDGE('',*,*,#1586,.T.);
#1972=ORIENTED_EDGE('',*,*,#1584,.T.);
#1973=ORIENTED_EDGE('',*,*,#1503,.T.);
#1974=ORIENTED_EDGE('',*,*,#1587,.T.);
#1975=ORIENTED_EDGE('',*,*,#1587,.F.);
#1976=ORIENTED_EDGE('',*,*,#1502,.F.);
#1977=ORIENTED_EDGE('',*,*,#1588,.F.);
#1978=ORIENTED_EDGE('',*,*,#1589,.T.);
#1979=ORIENTED_EDGE('',*,*,#1590,.T.);
#1980=ORIENTED_EDGE('',*,*,#1588,.T.);
#1981=ORIENTED_EDGE('',*,*,#1501,.T.);
#1982=ORIENTED_EDGE('',*,*,#1591,.T.);
#1983=ORIENTED_EDGE('',*,*,#1592,.T.);
#1984=ORIENTED_EDGE('',*,*,#1593,.F.);
#1985=ORIENTED_EDGE('',*,*,#1594,.F.);
#1986=ORIENTED_EDGE('',*,*,#1569,.T.);
#1987=ORIENTED_EDGE('',*,*,#1595,.T.);
#1988=ORIENTED_EDGE('',*,*,#1596,.F.);
#1989=ORIENTED_EDGE('',*,*,#1592,.F.);
#1990=ORIENTED_EDGE('',*,*,#1574,.T.);
#1991=ORIENTED_EDGE('',*,*,#1597,.T.);
#1992=ORIENTED_EDGE('',*,*,#1598,.F.);
#1993=ORIENTED_EDGE('',*,*,#1595,.F.);
#1994=ORIENTED_EDGE('',*,*,#1573,.T.);
#1995=ORIENTED_EDGE('',*,*,#1599,.T.);
#1996=ORIENTED_EDGE('',*,*,#1600,.F.);
#1997=ORIENTED_EDGE('',*,*,#1601,.F.);
#1998=ORIENTED_EDGE('',*,*,#1557,.T.);
#1999=ORIENTED_EDGE('',*,*,#1602,.T.);
#2000=ORIENTED_EDGE('',*,*,#1603,.F.);
#2001=ORIENTED_EDGE('',*,*,#1599,.F.);
#2002=ORIENTED_EDGE('',*,*,#1562,.T.);
#2003=ORIENTED_EDGE('',*,*,#1604,.T.);
#2004=ORIENTED_EDGE('',*,*,#1605,.F.);
#2005=ORIENTED_EDGE('',*,*,#1602,.F.);
#2006=ORIENTED_EDGE('',*,*,#1561,.T.);
#2007=ORIENTED_EDGE('',*,*,#1606,.T.);
#2008=ORIENTED_EDGE('',*,*,#1607,.F.);
#2009=ORIENTED_EDGE('',*,*,#1608,.F.);
#2010=ORIENTED_EDGE('',*,*,#1541,.T.);
#2011=ORIENTED_EDGE('',*,*,#1609,.T.);
#2012=ORIENTED_EDGE('',*,*,#1610,.F.);
#2013=ORIENTED_EDGE('',*,*,#1606,.F.);
#2014=ORIENTED_EDGE('',*,*,#1546,.T.);
#2015=ORIENTED_EDGE('',*,*,#1611,.T.);
#2016=ORIENTED_EDGE('',*,*,#1612,.F.);
#2017=ORIENTED_EDGE('',*,*,#1609,.F.);
#2018=ORIENTED_EDGE('',*,*,#1545,.T.);
#2019=ORIENTED_EDGE('',*,*,#1613,.T.);
#2020=ORIENTED_EDGE('',*,*,#1614,.F.);
#2021=ORIENTED_EDGE('',*,*,#1615,.F.);
#2022=ORIENTED_EDGE('',*,*,#1534,.T.);
#2023=ORIENTED_EDGE('',*,*,#1616,.T.);
#2024=ORIENTED_EDGE('',*,*,#1617,.F.);
#2025=ORIENTED_EDGE('',*,*,#1613,.F.);
#2026=ORIENTED_EDGE('',*,*,#1537,.T.);
#2027=ORIENTED_EDGE('',*,*,#1618,.T.);
#2028=ORIENTED_EDGE('',*,*,#1619,.F.);
#2029=ORIENTED_EDGE('',*,*,#1620,.F.);
#2030=ORIENTED_EDGE('',*,*,#1563,.T.);
#2031=ORIENTED_EDGE('',*,*,#1621,.T.);
#2032=ORIENTED_EDGE('',*,*,#1622,.F.);
#2033=ORIENTED_EDGE('',*,*,#1618,.F.);
#2034=ORIENTED_EDGE('',*,*,#1568,.T.);
#2035=ORIENTED_EDGE('',*,*,#1623,.T.);
#2036=ORIENTED_EDGE('',*,*,#1624,.F.);
#2037=ORIENTED_EDGE('',*,*,#1621,.F.);
#2038=ORIENTED_EDGE('',*,*,#1567,.T.);
#2039=ORIENTED_EDGE('',*,*,#1625,.F.);
#2040=ORIENTED_EDGE('',*,*,#1626,.T.);
#2041=ORIENTED_EDGE('',*,*,#1627,.F.);
#2042=ORIENTED_EDGE('',*,*,#1626,.F.);
#2043=ORIENTED_EDGE('',*,*,#1628,.F.);
#2044=ORIENTED_EDGE('',*,*,#1629,.T.);
#2045=ORIENTED_EDGE('',*,*,#1630,.F.);
#2046=ORIENTED_EDGE('',*,*,#1629,.F.);
#2047=ORIENTED_EDGE('',*,*,#1578,.F.);
#2048=ORIENTED_EDGE('',*,*,#1631,.T.);
#2049=ORIENTED_EDGE('',*,*,#1632,.F.);
#2050=ORIENTED_EDGE('',*,*,#1633,.F.);
#2051=ORIENTED_EDGE('',*,*,#1579,.F.);
#2052=ORIENTED_EDGE('',*,*,#1633,.T.);
#2053=ORIENTED_EDGE('',*,*,#1634,.F.);
#2054=ORIENTED_EDGE('',*,*,#1635,.F.);
#2055=ORIENTED_EDGE('',*,*,#1580,.F.);
#2056=ORIENTED_EDGE('',*,*,#1635,.T.);
#2057=ORIENTED_EDGE('',*,*,#1636,.F.);
#2058=ORIENTED_EDGE('',*,*,#1637,.F.);
#2059=ORIENTED_EDGE('',*,*,#1581,.F.);
#2060=ORIENTED_EDGE('',*,*,#1637,.T.);
#2061=ORIENTED_EDGE('',*,*,#1638,.F.);
#2062=ORIENTED_EDGE('',*,*,#1631,.F.);
#2063=ORIENTED_EDGE('',*,*,#1638,.T.);
#2064=ORIENTED_EDGE('',*,*,#1636,.T.);
#2065=ORIENTED_EDGE('',*,*,#1634,.T.);
#2066=ORIENTED_EDGE('',*,*,#1632,.T.);
#2067=ORIENTED_EDGE('',*,*,#1506,.F.);
#2068=ORIENTED_EDGE('',*,*,#1639,.T.);
#2069=ORIENTED_EDGE('',*,*,#1640,.F.);
#2070=ORIENTED_EDGE('',*,*,#1641,.F.);
#2071=ORIENTED_EDGE('',*,*,#1507,.F.);
#2072=ORIENTED_EDGE('',*,*,#1641,.T.);
#2073=ORIENTED_EDGE('',*,*,#1642,.F.);
#2074=ORIENTED_EDGE('',*,*,#1643,.F.);
#2075=ORIENTED_EDGE('',*,*,#1508,.F.);
#2076=ORIENTED_EDGE('',*,*,#1643,.T.);
#2077=ORIENTED_EDGE('',*,*,#1644,.F.);
#2078=ORIENTED_EDGE('',*,*,#1645,.F.);
#2079=ORIENTED_EDGE('',*,*,#1509,.F.);
#2080=ORIENTED_EDGE('',*,*,#1645,.T.);
#2081=ORIENTED_EDGE('',*,*,#1646,.F.);
#2082=ORIENTED_EDGE('',*,*,#1639,.F.);
#2083=ORIENTED_EDGE('',*,*,#1646,.T.);
#2084=ORIENTED_EDGE('',*,*,#1644,.T.);
#2085=ORIENTED_EDGE('',*,*,#1642,.T.);
#2086=ORIENTED_EDGE('',*,*,#1640,.T.);
#2087=ORIENTED_EDGE('',*,*,#1647,.F.);
#2088=ORIENTED_EDGE('',*,*,#1648,.T.);
#2089=ORIENTED_EDGE('',*,*,#1649,.F.);
#2090=ORIENTED_EDGE('',*,*,#1648,.F.);
#2091=ORIENTED_EDGE('',*,*,#1650,.F.);
#2092=ORIENTED_EDGE('',*,*,#1651,.T.);
#2093=ORIENTED_EDGE('',*,*,#1652,.F.);
#2094=ORIENTED_EDGE('',*,*,#1651,.F.);
#2095=ORIENTED_EDGE('',*,*,#1469,.T.);
#2096=ORIENTED_EDGE('',*,*,#1477,.T.);
#2097=ORIENTED_EDGE('',*,*,#1653,.F.);
#2098=ORIENTED_EDGE('',*,*,#1654,.T.);
#2099=ORIENTED_EDGE('',*,*,#1482,.T.);
#2100=ORIENTED_EDGE('',*,*,#1490,.T.);
#2101=ORIENTED_EDGE('',*,*,#1655,.F.);
#2102=ORIENTED_EDGE('',*,*,#1656,.T.);
#2103=ORIENTED_EDGE('',*,*,#1657,.T.);
#2104=ORIENTED_EDGE('',*,*,#1658,.T.);
#2105=ORIENTED_EDGE('',*,*,#1659,.T.);
#2106=ORIENTED_EDGE('',*,*,#1660,.T.);
#2107=ORIENTED_EDGE('',*,*,#1659,.F.);
#2108=ORIENTED_EDGE('',*,*,#1661,.F.);
#2109=ORIENTED_EDGE('',*,*,#1662,.F.);
#2110=ORIENTED_EDGE('',*,*,#1663,.F.);
#2111=ORIENTED_EDGE('',*,*,#1664,.F.);
#2112=ORIENTED_EDGE('',*,*,#1665,.F.);
#2113=ORIENTED_EDGE('',*,*,#1666,.F.);
#2114=ORIENTED_EDGE('',*,*,#1667,.F.);
#2115=ORIENTED_EDGE('',*,*,#1499,.F.);
#2116=ORIENTED_EDGE('',*,*,#1582,.F.);
#2117=ORIENTED_EDGE('',*,*,#1585,.F.);
#2118=ORIENTED_EDGE('',*,*,#1586,.F.);
#2119=ORIENTED_EDGE('',*,*,#1589,.F.);
#2120=ORIENTED_EDGE('',*,*,#1590,.F.);
#2121=ORIENTED_EDGE('',*,*,#1668,.F.);
#2122=ORIENTED_EDGE('',*,*,#1493,.F.);
#2123=ORIENTED_EDGE('',*,*,#1652,.T.);
#2124=ORIENTED_EDGE('',*,*,#1627,.T.);
#2125=ORIENTED_EDGE('',*,*,#1649,.T.);
#2126=ORIENTED_EDGE('',*,*,#1669,.T.);
#2127=ORIENTED_EDGE('',*,*,#1670,.T.);
#2128=ORIENTED_EDGE('',*,*,#1671,.T.);
#2129=ORIENTED_EDGE('',*,*,#1672,.T.);
#2130=ORIENTED_EDGE('',*,*,#1673,.T.);
#2131=ORIENTED_EDGE('',*,*,#1674,.T.);
#2132=ORIENTED_EDGE('',*,*,#1675,.T.);
#2133=ORIENTED_EDGE('',*,*,#1676,.T.);
#2134=ORIENTED_EDGE('',*,*,#1677,.T.);
#2135=ORIENTED_EDGE('',*,*,#1678,.T.);
#2136=ORIENTED_EDGE('',*,*,#1679,.T.);
#2137=ORIENTED_EDGE('',*,*,#1680,.T.);
#2138=ORIENTED_EDGE('',*,*,#1630,.T.);
#2139=ORIENTED_EDGE('',*,*,#1658,.F.);
#2140=ORIENTED_EDGE('',*,*,#1681,.F.);
#2141=ORIENTED_EDGE('',*,*,#1682,.F.);
#2142=ORIENTED_EDGE('',*,*,#1661,.T.);
#2143=ORIENTED_EDGE('',*,*,#1683,.T.);
#2144=ORIENTED_EDGE('',*,*,#1684,.T.);
#2145=ORIENTED_EDGE('',*,*,#1662,.T.);
#2146=ORIENTED_EDGE('',*,*,#1682,.T.);
#2147=ORIENTED_EDGE('',*,*,#1685,.T.);
#2148=ORIENTED_EDGE('',*,*,#1686,.T.);
#2149=ORIENTED_EDGE('',*,*,#1664,.T.);
#2150=ORIENTED_EDGE('',*,*,#1687,.T.);
#2151=ORIENTED_EDGE('',*,*,#1686,.F.);
#2152=ORIENTED_EDGE('',*,*,#1688,.F.);
#2153=ORIENTED_EDGE('',*,*,#1689,.F.);
#2154=ORIENTED_EDGE('',*,*,#1665,.T.);
#2155=ORIENTED_EDGE('',*,*,#1690,.T.);
#2156=ORIENTED_EDGE('',*,*,#1691,.T.);
#2157=ORIENTED_EDGE('',*,*,#1666,.T.);
#2158=ORIENTED_EDGE('',*,*,#1689,.T.);
#2159=ORIENTED_EDGE('',*,*,#1692,.F.);
#2160=ORIENTED_EDGE('',*,*,#1693,.T.);
#2161=ORIENTED_EDGE('',*,*,#1669,.F.);
#2162=ORIENTED_EDGE('',*,*,#1693,.F.);
#2163=ORIENTED_EDGE('',*,*,#1694,.F.);
#2164=ORIENTED_EDGE('',*,*,#1695,.T.);
#2165=ORIENTED_EDGE('',*,*,#1670,.F.);
#2166=ORIENTED_EDGE('',*,*,#1695,.F.);
#2167=ORIENTED_EDGE('',*,*,#1696,.F.);
#2168=ORIENTED_EDGE('',*,*,#1697,.T.);
#2169=ORIENTED_EDGE('',*,*,#1671,.F.);
#2170=ORIENTED_EDGE('',*,*,#1697,.F.);
#2171=ORIENTED_EDGE('',*,*,#1698,.F.);
#2172=ORIENTED_EDGE('',*,*,#1699,.T.);
#2173=ORIENTED_EDGE('',*,*,#1672,.F.);
#2174=ORIENTED_EDGE('',*,*,#1699,.F.);
#2175=ORIENTED_EDGE('',*,*,#1700,.F.);
#2176=ORIENTED_EDGE('',*,*,#1701,.T.);
#2177=ORIENTED_EDGE('',*,*,#1673,.F.);
#2178=ORIENTED_EDGE('',*,*,#1701,.F.);
#2179=ORIENTED_EDGE('',*,*,#1702,.F.);
#2180=ORIENTED_EDGE('',*,*,#1703,.T.);
#2181=ORIENTED_EDGE('',*,*,#1674,.F.);
#2182=ORIENTED_EDGE('',*,*,#1703,.F.);
#2183=ORIENTED_EDGE('',*,*,#1704,.F.);
#2184=ORIENTED_EDGE('',*,*,#1705,.T.);
#2185=ORIENTED_EDGE('',*,*,#1675,.F.);
#2186=ORIENTED_EDGE('',*,*,#1705,.F.);
#2187=ORIENTED_EDGE('',*,*,#1706,.F.);
#2188=ORIENTED_EDGE('',*,*,#1707,.T.);
#2189=ORIENTED_EDGE('',*,*,#1676,.F.);
#2190=ORIENTED_EDGE('',*,*,#1707,.F.);
#2191=ORIENTED_EDGE('',*,*,#1708,.F.);
#2192=ORIENTED_EDGE('',*,*,#1709,.T.);
#2193=ORIENTED_EDGE('',*,*,#1677,.F.);
#2194=ORIENTED_EDGE('',*,*,#1709,.F.);
#2195=ORIENTED_EDGE('',*,*,#1710,.F.);
#2196=ORIENTED_EDGE('',*,*,#1711,.T.);
#2197=ORIENTED_EDGE('',*,*,#1678,.F.);
#2198=ORIENTED_EDGE('',*,*,#1711,.F.);
#2199=ORIENTED_EDGE('',*,*,#1712,.F.);
#2200=ORIENTED_EDGE('',*,*,#1713,.T.);
#2201=ORIENTED_EDGE('',*,*,#1679,.F.);
#2202=ORIENTED_EDGE('',*,*,#1713,.F.);
#2203=ORIENTED_EDGE('',*,*,#1714,.F.);
#2204=ORIENTED_EDGE('',*,*,#1715,.T.);
#2205=ORIENTED_EDGE('',*,*,#1680,.F.);
#2206=ORIENTED_EDGE('',*,*,#1715,.F.);
#2207=ORIENTED_EDGE('',*,*,#1470,.T.);
#2208=ORIENTED_EDGE('',*,*,#1654,.F.);
#2209=ORIENTED_EDGE('',*,*,#1716,.F.);
#2210=ORIENTED_EDGE('',*,*,#1478,.F.);
#2211=ORIENTED_EDGE('',*,*,#1483,.T.);
#2212=ORIENTED_EDGE('',*,*,#1656,.F.);
#2213=ORIENTED_EDGE('',*,*,#1717,.F.);
#2214=ORIENTED_EDGE('',*,*,#1491,.F.);
#2215=ORIENTED_EDGE('',*,*,#1471,.F.);
#2216=ORIENTED_EDGE('',*,*,#1718,.T.);
#2217=ORIENTED_EDGE('',*,*,#1510,.F.);
#2218=ORIENTED_EDGE('',*,*,#1718,.F.);
#2219=ORIENTED_EDGE('',*,*,#1472,.F.);
#2220=ORIENTED_EDGE('',*,*,#1719,.T.);
#2221=ORIENTED_EDGE('',*,*,#1511,.F.);
#2222=ORIENTED_EDGE('',*,*,#1719,.F.);
#2223=ORIENTED_EDGE('',*,*,#1484,.F.);
#2224=ORIENTED_EDGE('',*,*,#1720,.T.);
#2225=ORIENTED_EDGE('',*,*,#1512,.F.);
#2226=ORIENTED_EDGE('',*,*,#1720,.F.);
#2227=ORIENTED_EDGE('',*,*,#1485,.F.);
#2228=ORIENTED_EDGE('',*,*,#1721,.T.);
#2229=ORIENTED_EDGE('',*,*,#1513,.F.);
#2230=ORIENTED_EDGE('',*,*,#1721,.F.);
#2231=ORIENTED_EDGE('',*,*,#1486,.F.);
#2232=ORIENTED_EDGE('',*,*,#1722,.T.);
#2233=ORIENTED_EDGE('',*,*,#1514,.F.);
#2234=ORIENTED_EDGE('',*,*,#1722,.F.);
#2235=ORIENTED_EDGE('',*,*,#1487,.F.);
#2236=ORIENTED_EDGE('',*,*,#1723,.T.);
#2237=ORIENTED_EDGE('',*,*,#1515,.F.);
#2238=ORIENTED_EDGE('',*,*,#1723,.F.);
#2239=ORIENTED_EDGE('',*,*,#1473,.F.);
#2240=ORIENTED_EDGE('',*,*,#1724,.T.);
#2241=ORIENTED_EDGE('',*,*,#1516,.F.);
#2242=ORIENTED_EDGE('',*,*,#1724,.F.);
#2243=ORIENTED_EDGE('',*,*,#1474,.F.);
#2244=ORIENTED_EDGE('',*,*,#1725,.T.);
#2245=ORIENTED_EDGE('',*,*,#1517,.F.);
#2246=ORIENTED_EDGE('',*,*,#1725,.F.);
#2247=ORIENTED_EDGE('',*,*,#1522,.F.);
#2248=ORIENTED_EDGE('',*,*,#1726,.T.);
#2249=ORIENTED_EDGE('',*,*,#1727,.F.);
#2250=ORIENTED_EDGE('',*,*,#1728,.F.);
#2251=ORIENTED_EDGE('',*,*,#1523,.F.);
#2252=ORIENTED_EDGE('',*,*,#1728,.T.);
#2253=ORIENTED_EDGE('',*,*,#1729,.F.);
#2254=ORIENTED_EDGE('',*,*,#1730,.F.);
#2255=ORIENTED_EDGE('',*,*,#1524,.F.);
#2256=ORIENTED_EDGE('',*,*,#1730,.T.);
#2257=ORIENTED_EDGE('',*,*,#1731,.F.);
#2258=ORIENTED_EDGE('',*,*,#1732,.F.);
#2259=ORIENTED_EDGE('',*,*,#1525,.F.);
#2260=ORIENTED_EDGE('',*,*,#1732,.T.);
#2261=ORIENTED_EDGE('',*,*,#1733,.F.);
#2262=ORIENTED_EDGE('',*,*,#1726,.F.);
#2263=ORIENTED_EDGE('',*,*,#1733,.T.);
#2264=ORIENTED_EDGE('',*,*,#1731,.T.);
#2265=ORIENTED_EDGE('',*,*,#1729,.T.);
#2266=ORIENTED_EDGE('',*,*,#1727,.T.);
#2267=ORIENTED_EDGE('',*,*,#1518,.F.);
#2268=ORIENTED_EDGE('',*,*,#1734,.T.);
#2269=ORIENTED_EDGE('',*,*,#1735,.F.);
#2270=ORIENTED_EDGE('',*,*,#1736,.F.);
#2271=ORIENTED_EDGE('',*,*,#1519,.F.);
#2272=ORIENTED_EDGE('',*,*,#1736,.T.);
#2273=ORIENTED_EDGE('',*,*,#1737,.F.);
#2274=ORIENTED_EDGE('',*,*,#1738,.F.);
#2275=ORIENTED_EDGE('',*,*,#1520,.F.);
#2276=ORIENTED_EDGE('',*,*,#1738,.T.);
#2277=ORIENTED_EDGE('',*,*,#1739,.F.);
#2278=ORIENTED_EDGE('',*,*,#1740,.F.);
#2279=ORIENTED_EDGE('',*,*,#1521,.F.);
#2280=ORIENTED_EDGE('',*,*,#1740,.T.);
#2281=ORIENTED_EDGE('',*,*,#1741,.F.);
#2282=ORIENTED_EDGE('',*,*,#1734,.F.);
#2283=ORIENTED_EDGE('',*,*,#1741,.T.);
#2284=ORIENTED_EDGE('',*,*,#1739,.T.);
#2285=ORIENTED_EDGE('',*,*,#1737,.T.);
#2286=ORIENTED_EDGE('',*,*,#1735,.T.);
#2287=ORIENTED_EDGE('',*,*,#1742,.F.);
#2288=ORIENTED_EDGE('',*,*,#1743,.T.);
#2289=ORIENTED_EDGE('',*,*,#1744,.T.);
#2290=ORIENTED_EDGE('',*,*,#1743,.F.);
#2291=ORIENTED_EDGE('',*,*,#1744,.F.);
#2292=ORIENTED_EDGE('',*,*,#1745,.F.);
#2293=ORIENTED_EDGE('',*,*,#1746,.F.);
#2294=ORIENTED_EDGE('',*,*,#1747,.T.);
#2295=ORIENTED_EDGE('',*,*,#1748,.T.);
#2296=ORIENTED_EDGE('',*,*,#1747,.F.);
#2297=ORIENTED_EDGE('',*,*,#1748,.F.);
#2298=ORIENTED_EDGE('',*,*,#1749,.F.);
#2299=ORIENTED_EDGE('',*,*,#1750,.F.);
#2300=ORIENTED_EDGE('',*,*,#1751,.T.);
#2301=ORIENTED_EDGE('',*,*,#1752,.T.);
#2302=ORIENTED_EDGE('',*,*,#1751,.F.);
#2303=ORIENTED_EDGE('',*,*,#1752,.F.);
#2304=ORIENTED_EDGE('',*,*,#1753,.F.);
#2305=ORIENTED_EDGE('',*,*,#1754,.F.);
#2306=ORIENTED_EDGE('',*,*,#1755,.T.);
#2307=ORIENTED_EDGE('',*,*,#1756,.T.);
#2308=ORIENTED_EDGE('',*,*,#1755,.F.);
#2309=ORIENTED_EDGE('',*,*,#1756,.F.);
#2310=ORIENTED_EDGE('',*,*,#1757,.F.);
#2311=ORIENTED_EDGE('',*,*,#1758,.F.);
#2312=ORIENTED_EDGE('',*,*,#1759,.T.);
#2313=ORIENTED_EDGE('',*,*,#1760,.T.);
#2314=ORIENTED_EDGE('',*,*,#1759,.F.);
#2315=ORIENTED_EDGE('',*,*,#1760,.F.);
#2316=ORIENTED_EDGE('',*,*,#1761,.F.);
#2317=ORIENTED_EDGE('',*,*,#1762,.F.);
#2318=ORIENTED_EDGE('',*,*,#1763,.T.);
#2319=ORIENTED_EDGE('',*,*,#1764,.T.);
#2320=ORIENTED_EDGE('',*,*,#1763,.F.);
#2321=ORIENTED_EDGE('',*,*,#1764,.F.);
#2322=ORIENTED_EDGE('',*,*,#1765,.F.);
#2323=ORIENTED_EDGE('',*,*,#1766,.F.);
#2324=ORIENTED_EDGE('',*,*,#1767,.T.);
#2325=ORIENTED_EDGE('',*,*,#1768,.T.);
#2326=ORIENTED_EDGE('',*,*,#1767,.F.);
#2327=ORIENTED_EDGE('',*,*,#1768,.F.);
#2328=ORIENTED_EDGE('',*,*,#1769,.F.);
#2329=ORIENTED_EDGE('',*,*,#1770,.F.);
#2330=ORIENTED_EDGE('',*,*,#1771,.T.);
#2331=ORIENTED_EDGE('',*,*,#1772,.T.);
#2332=ORIENTED_EDGE('',*,*,#1771,.F.);
#2333=ORIENTED_EDGE('',*,*,#1772,.F.);
#2334=ORIENTED_EDGE('',*,*,#1773,.F.);
#2335=ORIENTED_EDGE('',*,*,#1526,.F.);
#2336=ORIENTED_EDGE('',*,*,#1774,.T.);
#2337=ORIENTED_EDGE('',*,*,#1769,.T.);
#2338=ORIENTED_EDGE('',*,*,#1774,.F.);
#2339=ORIENTED_EDGE('',*,*,#1527,.F.);
#2340=ORIENTED_EDGE('',*,*,#1775,.T.);
#2341=ORIENTED_EDGE('',*,*,#1749,.T.);
#2342=ORIENTED_EDGE('',*,*,#1775,.F.);
#2343=ORIENTED_EDGE('',*,*,#1528,.F.);
#2344=ORIENTED_EDGE('',*,*,#1776,.T.);
#2345=ORIENTED_EDGE('',*,*,#1761,.T.);
#2346=ORIENTED_EDGE('',*,*,#1776,.F.);
#2347=ORIENTED_EDGE('',*,*,#1529,.F.);
#2348=ORIENTED_EDGE('',*,*,#1777,.T.);
#2349=ORIENTED_EDGE('',*,*,#1757,.T.);
#2350=ORIENTED_EDGE('',*,*,#1777,.F.);
#2351=ORIENTED_EDGE('',*,*,#1530,.F.);
#2352=ORIENTED_EDGE('',*,*,#1778,.T.);
#2353=ORIENTED_EDGE('',*,*,#1745,.T.);
#2354=ORIENTED_EDGE('',*,*,#1778,.F.);
#2355=ORIENTED_EDGE('',*,*,#1531,.F.);
#2356=ORIENTED_EDGE('',*,*,#1779,.T.);
#2357=ORIENTED_EDGE('',*,*,#1753,.T.);
#2358=ORIENTED_EDGE('',*,*,#1779,.F.);
#2359=ORIENTED_EDGE('',*,*,#1532,.F.);
#2360=ORIENTED_EDGE('',*,*,#1780,.T.);
#2361=ORIENTED_EDGE('',*,*,#1765,.T.);
#2362=ORIENTED_EDGE('',*,*,#1780,.F.);
#2363=ORIENTED_EDGE('',*,*,#1533,.F.);
#2364=ORIENTED_EDGE('',*,*,#1781,.T.);
#2365=ORIENTED_EDGE('',*,*,#1773,.T.);
#2366=ORIENTED_EDGE('',*,*,#1781,.F.);
#2367=ORIENTED_EDGE('',*,*,#1615,.T.);
#2368=ORIENTED_EDGE('',*,*,#1782,.F.);
#2369=ORIENTED_EDGE('',*,*,#1783,.F.);
#2370=ORIENTED_EDGE('',*,*,#1535,.T.);
#2371=ORIENTED_EDGE('',*,*,#1783,.T.);
#2372=ORIENTED_EDGE('',*,*,#1784,.F.);
#2373=ORIENTED_EDGE('',*,*,#1616,.F.);
#2374=ORIENTED_EDGE('',*,*,#1536,.T.);
#2375=ORIENTED_EDGE('',*,*,#1494,.F.);
#2376=ORIENTED_EDGE('',*,*,#1668,.T.);
#2377=ORIENTED_EDGE('',*,*,#1591,.F.);
#2378=ORIENTED_EDGE('',*,*,#1500,.F.);
#2379=ORIENTED_EDGE('',*,*,#1660,.F.);
#2380=ORIENTED_EDGE('',*,*,#1667,.T.);
#2381=ORIENTED_EDGE('',*,*,#1691,.F.);
#2382=ORIENTED_EDGE('',*,*,#1785,.F.);
#2383=ORIENTED_EDGE('',*,*,#1786,.F.);
#2384=ORIENTED_EDGE('',*,*,#1787,.T.);
#2385=ORIENTED_EDGE('',*,*,#1577,.T.);
#2386=ORIENTED_EDGE('',*,*,#1787,.F.);
#2387=ORIENTED_EDGE('',*,*,#1788,.F.);
#2388=ORIENTED_EDGE('',*,*,#1789,.T.);
#2389=ORIENTED_EDGE('',*,*,#1576,.T.);
#2390=ORIENTED_EDGE('',*,*,#1789,.F.);
#2391=ORIENTED_EDGE('',*,*,#1790,.F.);
#2392=ORIENTED_EDGE('',*,*,#1791,.T.);
#2393=ORIENTED_EDGE('',*,*,#1575,.T.);
#2394=ORIENTED_EDGE('',*,*,#1791,.F.);
#2395=ORIENTED_EDGE('',*,*,#1594,.T.);
#2396=ORIENTED_EDGE('',*,*,#1792,.F.);
#2397=ORIENTED_EDGE('',*,*,#1793,.F.);
#2398=ORIENTED_EDGE('',*,*,#1570,.T.);
#2399=ORIENTED_EDGE('',*,*,#1793,.T.);
#2400=ORIENTED_EDGE('',*,*,#1794,.F.);
#2401=ORIENTED_EDGE('',*,*,#1795,.F.);
#2402=ORIENTED_EDGE('',*,*,#1571,.T.);
#2403=ORIENTED_EDGE('',*,*,#1795,.T.);
#2404=ORIENTED_EDGE('',*,*,#1796,.F.);
#2405=ORIENTED_EDGE('',*,*,#1597,.F.);
#2406=ORIENTED_EDGE('',*,*,#1572,.T.);
#2407=ORIENTED_EDGE('',*,*,#1620,.T.);
#2408=ORIENTED_EDGE('',*,*,#1797,.F.);
#2409=ORIENTED_EDGE('',*,*,#1798,.F.);
#2410=ORIENTED_EDGE('',*,*,#1564,.T.);
#2411=ORIENTED_EDGE('',*,*,#1798,.T.);
#2412=ORIENTED_EDGE('',*,*,#1799,.F.);
#2413=ORIENTED_EDGE('',*,*,#1800,.F.);
#2414=ORIENTED_EDGE('',*,*,#1565,.T.);
#2415=ORIENTED_EDGE('',*,*,#1800,.T.);
#2416=ORIENTED_EDGE('',*,*,#1801,.F.);
#2417=ORIENTED_EDGE('',*,*,#1623,.F.);
#2418=ORIENTED_EDGE('',*,*,#1566,.T.);
#2419=ORIENTED_EDGE('',*,*,#1601,.T.);
#2420=ORIENTED_EDGE('',*,*,#1802,.F.);
#2421=ORIENTED_EDGE('',*,*,#1803,.F.);
#2422=ORIENTED_EDGE('',*,*,#1558,.T.);
#2423=ORIENTED_EDGE('',*,*,#1803,.T.);
#2424=ORIENTED_EDGE('',*,*,#1804,.F.);
#2425=ORIENTED_EDGE('',*,*,#1805,.F.);
#2426=ORIENTED_EDGE('',*,*,#1559,.T.);
#2427=ORIENTED_EDGE('',*,*,#1805,.T.);
#2428=ORIENTED_EDGE('',*,*,#1806,.F.);
#2429=ORIENTED_EDGE('',*,*,#1604,.F.);
#2430=ORIENTED_EDGE('',*,*,#1560,.T.);
#2431=ORIENTED_EDGE('',*,*,#1807,.F.);
#2432=ORIENTED_EDGE('',*,*,#1808,.T.);
#2433=ORIENTED_EDGE('',*,*,#1556,.T.);
#2434=ORIENTED_EDGE('',*,*,#1808,.F.);
#2435=ORIENTED_EDGE('',*,*,#1809,.F.);
#2436=ORIENTED_EDGE('',*,*,#1810,.T.);
#2437=ORIENTED_EDGE('',*,*,#1555,.T.);
#2438=ORIENTED_EDGE('',*,*,#1810,.F.);
#2439=ORIENTED_EDGE('',*,*,#1811,.F.);
#2440=ORIENTED_EDGE('',*,*,#1812,.T.);
#2441=ORIENTED_EDGE('',*,*,#1554,.T.);
#2442=ORIENTED_EDGE('',*,*,#1812,.F.);
#2443=ORIENTED_EDGE('',*,*,#1813,.F.);
#2444=ORIENTED_EDGE('',*,*,#1814,.T.);
#2445=ORIENTED_EDGE('',*,*,#1553,.T.);
#2446=ORIENTED_EDGE('',*,*,#1814,.F.);
#2447=ORIENTED_EDGE('',*,*,#1815,.F.);
#2448=ORIENTED_EDGE('',*,*,#1816,.T.);
#2449=ORIENTED_EDGE('',*,*,#1552,.T.);
#2450=ORIENTED_EDGE('',*,*,#1816,.F.);
#2451=ORIENTED_EDGE('',*,*,#1817,.F.);
#2452=ORIENTED_EDGE('',*,*,#1818,.T.);
#2453=ORIENTED_EDGE('',*,*,#1551,.T.);
#2454=ORIENTED_EDGE('',*,*,#1818,.F.);
#2455=ORIENTED_EDGE('',*,*,#1819,.F.);
#2456=ORIENTED_EDGE('',*,*,#1820,.T.);
#2457=ORIENTED_EDGE('',*,*,#1550,.T.);
#2458=ORIENTED_EDGE('',*,*,#1820,.F.);
#2459=ORIENTED_EDGE('',*,*,#1821,.F.);
#2460=ORIENTED_EDGE('',*,*,#1822,.T.);
#2461=ORIENTED_EDGE('',*,*,#1549,.T.);
#2462=ORIENTED_EDGE('',*,*,#1822,.F.);
#2463=ORIENTED_EDGE('',*,*,#1823,.F.);
#2464=ORIENTED_EDGE('',*,*,#1824,.T.);
#2465=ORIENTED_EDGE('',*,*,#1548,.T.);
#2466=ORIENTED_EDGE('',*,*,#1824,.F.);
#2467=ORIENTED_EDGE('',*,*,#1825,.F.);
#2468=ORIENTED_EDGE('',*,*,#1826,.T.);
#2469=ORIENTED_EDGE('',*,*,#1547,.T.);
#2470=ORIENTED_EDGE('',*,*,#1826,.F.);
#2471=ORIENTED_EDGE('',*,*,#1608,.T.);
#2472=ORIENTED_EDGE('',*,*,#1827,.F.);
#2473=ORIENTED_EDGE('',*,*,#1828,.F.);
#2474=ORIENTED_EDGE('',*,*,#1542,.T.);
#2475=ORIENTED_EDGE('',*,*,#1828,.T.);
#2476=ORIENTED_EDGE('',*,*,#1829,.F.);
#2477=ORIENTED_EDGE('',*,*,#1830,.F.);
#2478=ORIENTED_EDGE('',*,*,#1543,.T.);
#2479=ORIENTED_EDGE('',*,*,#1830,.T.);
#2480=ORIENTED_EDGE('',*,*,#1831,.F.);
#2481=ORIENTED_EDGE('',*,*,#1611,.F.);
#2482=ORIENTED_EDGE('',*,*,#1544,.T.);
#2483=ORIENTED_EDGE('',*,*,#1832,.F.);
#2484=ORIENTED_EDGE('',*,*,#1833,.T.);
#2485=ORIENTED_EDGE('',*,*,#1540,.T.);
#2486=ORIENTED_EDGE('',*,*,#1833,.F.);
#2487=ORIENTED_EDGE('',*,*,#1834,.F.);
#2488=ORIENTED_EDGE('',*,*,#1835,.T.);
#2489=ORIENTED_EDGE('',*,*,#1539,.T.);
#2490=ORIENTED_EDGE('',*,*,#1835,.F.);
#2491=ORIENTED_EDGE('',*,*,#1836,.F.);
#2492=ORIENTED_EDGE('',*,*,#1837,.T.);
#2493=ORIENTED_EDGE('',*,*,#1538,.T.);
#2494=ORIENTED_EDGE('',*,*,#1837,.F.);
#2495=ORIENTED_EDGE('',*,*,#1684,.F.);
#2496=ORIENTED_EDGE('',*,*,#1838,.F.);
#2497=ORIENTED_EDGE('',*,*,#1687,.F.);
#2498=ORIENTED_EDGE('',*,*,#1663,.T.);
#2499=ORIENTED_EDGE('',*,*,#1657,.F.);
#2500=ORIENTED_EDGE('',*,*,#1785,.T.);
#2501=ORIENTED_EDGE('',*,*,#1690,.F.);
#2502=ORIENTED_EDGE('',*,*,#1688,.T.);
#2503=ORIENTED_EDGE('',*,*,#1685,.F.);
#2504=ORIENTED_EDGE('',*,*,#1838,.T.);
#2505=ORIENTED_EDGE('',*,*,#1683,.F.);
#2506=ORIENTED_EDGE('',*,*,#1681,.T.);
#2507=ORIENTED_EDGE('',*,*,#1628,.T.);
#2508=ORIENTED_EDGE('',*,*,#1692,.T.);
#2509=ORIENTED_EDGE('',*,*,#1694,.T.);
#2510=ORIENTED_EDGE('',*,*,#1696,.T.);
#2511=ORIENTED_EDGE('',*,*,#1698,.T.);
#2512=ORIENTED_EDGE('',*,*,#1700,.T.);
#2513=ORIENTED_EDGE('',*,*,#1702,.T.);
#2514=ORIENTED_EDGE('',*,*,#1704,.T.);
#2515=ORIENTED_EDGE('',*,*,#1706,.T.);
#2516=ORIENTED_EDGE('',*,*,#1708,.T.);
#2517=ORIENTED_EDGE('',*,*,#1710,.T.);
#2518=ORIENTED_EDGE('',*,*,#1712,.T.);
#2519=ORIENTED_EDGE('',*,*,#1714,.T.);
#2520=ORIENTED_EDGE('',*,*,#1614,.T.);
#2521=ORIENTED_EDGE('',*,*,#1617,.T.);
#2522=ORIENTED_EDGE('',*,*,#1784,.T.);
#2523=ORIENTED_EDGE('',*,*,#1782,.T.);
#2524=ORIENTED_EDGE('',*,*,#1836,.T.);
#2525=ORIENTED_EDGE('',*,*,#1834,.T.);
#2526=ORIENTED_EDGE('',*,*,#1832,.T.);
#2527=ORIENTED_EDGE('',*,*,#1607,.T.);
#2528=ORIENTED_EDGE('',*,*,#1610,.T.);
#2529=ORIENTED_EDGE('',*,*,#1612,.T.);
#2530=ORIENTED_EDGE('',*,*,#1831,.T.);
#2531=ORIENTED_EDGE('',*,*,#1829,.T.);
#2532=ORIENTED_EDGE('',*,*,#1827,.T.);
#2533=ORIENTED_EDGE('',*,*,#1825,.T.);
#2534=ORIENTED_EDGE('',*,*,#1823,.T.);
#2535=ORIENTED_EDGE('',*,*,#1821,.T.);
#2536=ORIENTED_EDGE('',*,*,#1819,.T.);
#2537=ORIENTED_EDGE('',*,*,#1817,.T.);
#2538=ORIENTED_EDGE('',*,*,#1815,.T.);
#2539=ORIENTED_EDGE('',*,*,#1813,.T.);
#2540=ORIENTED_EDGE('',*,*,#1811,.T.);
#2541=ORIENTED_EDGE('',*,*,#1809,.T.);
#2542=ORIENTED_EDGE('',*,*,#1807,.T.);
#2543=ORIENTED_EDGE('',*,*,#1600,.T.);
#2544=ORIENTED_EDGE('',*,*,#1603,.T.);
#2545=ORIENTED_EDGE('',*,*,#1605,.T.);
#2546=ORIENTED_EDGE('',*,*,#1806,.T.);
#2547=ORIENTED_EDGE('',*,*,#1804,.T.);
#2548=ORIENTED_EDGE('',*,*,#1802,.T.);
#2549=ORIENTED_EDGE('',*,*,#1619,.T.);
#2550=ORIENTED_EDGE('',*,*,#1622,.T.);
#2551=ORIENTED_EDGE('',*,*,#1624,.T.);
#2552=ORIENTED_EDGE('',*,*,#1801,.T.);
#2553=ORIENTED_EDGE('',*,*,#1799,.T.);
#2554=ORIENTED_EDGE('',*,*,#1797,.T.);
#2555=ORIENTED_EDGE('',*,*,#1593,.T.);
#2556=ORIENTED_EDGE('',*,*,#1596,.T.);
#2557=ORIENTED_EDGE('',*,*,#1598,.T.);
#2558=ORIENTED_EDGE('',*,*,#1796,.T.);
#2559=ORIENTED_EDGE('',*,*,#1794,.T.);
#2560=ORIENTED_EDGE('',*,*,#1792,.T.);
#2561=ORIENTED_EDGE('',*,*,#1790,.T.);
#2562=ORIENTED_EDGE('',*,*,#1788,.T.);
#2563=ORIENTED_EDGE('',*,*,#1786,.T.);
#2564=ORIENTED_EDGE('',*,*,#1770,.T.);
#2565=ORIENTED_EDGE('',*,*,#1766,.T.);
#2566=ORIENTED_EDGE('',*,*,#1762,.T.);
#2567=ORIENTED_EDGE('',*,*,#1758,.T.);
#2568=ORIENTED_EDGE('',*,*,#1754,.T.);
#2569=ORIENTED_EDGE('',*,*,#1750,.T.);
#2570=ORIENTED_EDGE('',*,*,#1746,.T.);
#2571=ORIENTED_EDGE('',*,*,#1742,.T.);
#2572=ORIENTED_EDGE('',*,*,#1492,.T.);
#2573=ORIENTED_EDGE('',*,*,#1717,.T.);
#2574=ORIENTED_EDGE('',*,*,#1655,.T.);
#2575=ORIENTED_EDGE('',*,*,#1489,.T.);
#2576=ORIENTED_EDGE('',*,*,#1653,.T.);
#2577=ORIENTED_EDGE('',*,*,#1476,.T.);
#2578=ORIENTED_EDGE('',*,*,#1479,.T.);
#2579=ORIENTED_EDGE('',*,*,#1716,.T.);
#2580=ORIENTED_EDGE('',*,*,#1625,.T.);
#2581=ORIENTED_EDGE('',*,*,#1650,.T.);
#2582=ORIENTED_EDGE('',*,*,#1647,.T.);
#2583=PLANE('',#2815);
#2584=PLANE('',#2820);
#2585=PLANE('',#2821);
#2586=PLANE('',#2822);
#2587=PLANE('',#2827);
#2588=PLANE('',#2828);
#2589=PLANE('',#2832);
#2590=PLANE('',#2833);
#2591=PLANE('',#2871);
#2592=PLANE('',#2874);
#2593=PLANE('',#2877);
#2594=PLANE('',#2878);
#2595=PLANE('',#2879);
#2596=PLANE('',#2880);
#2597=PLANE('',#2881);
#2598=PLANE('',#2882);
#2599=PLANE('',#2883);
#2600=PLANE('',#2884);
#2601=PLANE('',#2885);
#2602=PLANE('',#2886);
#2603=PLANE('',#2887);
#2604=PLANE('',#2888);
#2605=PLANE('',#2889);
#2606=PLANE('',#2890);
#2607=PLANE('',#2897);
#2608=PLANE('',#2898);
#2609=PLANE('',#2899);
#2610=PLANE('',#2900);
#2611=PLANE('',#2901);
#2612=PLANE('',#2902);
#2613=PLANE('',#2903);
#2614=PLANE('',#2904);
#2615=PLANE('',#2905);
#2616=PLANE('',#2906);
#2617=PLANE('',#2913);
#2618=PLANE('',#2914);
#2619=PLANE('',#2918);
#2620=PLANE('',#2934);
#2621=PLANE('',#2939);
#2622=PLANE('',#2966);
#2623=PLANE('',#2967);
#2624=PLANE('',#2976);
#2625=PLANE('',#2977);
#2626=PLANE('',#2978);
#2627=PLANE('',#2979);
#2628=PLANE('',#2980);
#2629=PLANE('',#2981);
#2630=PLANE('',#2982);
#2631=PLANE('',#2983);
#2632=PLANE('',#2984);
#2633=PLANE('',#2985);
#2634=PLANE('',#2989);
#2635=PLANE('',#2994);
#2636=PLANE('',#2999);
#2637=PLANE('',#3004);
#2638=PLANE('',#3009);
#2639=PLANE('',#3014);
#2640=PLANE('',#3019);
#2641=PLANE('',#3024);
#2642=PLANE('',#3034);
#2643=PLANE('',#3035);
#2644=PLANE('',#3036);
#2645=PLANE('',#3037);
#2646=PLANE('',#3044);
#2647=PLANE('',#3045);
#2648=PLANE('',#3046);
#2649=PLANE('',#3047);
#2650=PLANE('',#3048);
#2651=PLANE('',#3049);
#2652=PLANE('',#3050);
#2653=PLANE('',#3051);
#2654=PLANE('',#3052);
#2655=PLANE('',#3073);
#2656=PLANE('',#3074);
#2657=PLANE('',#3075);
#2658=PLANE('',#3082);
#2659=PLANE('',#3083);
#2660=ADVANCED_FACE('',(#328,#79,#80,#81,#82),#2583,.F.);
#2661=ADVANCED_FACE('',(#329),#2584,.F.);
#2662=ADVANCED_FACE('',(#330),#2585,.F.);
#2663=ADVANCED_FACE('',(#331,#83,#84,#85,#86),#2586,.F.);
#2664=ADVANCED_FACE('',(#332),#2587,.F.);
#2665=ADVANCED_FACE('',(#333),#2588,.F.);
#2666=ADVANCED_FACE('',(#334),#15,.T.);
#2667=ADVANCED_FACE('',(#335),#2589,.F.);
#2668=ADVANCED_FACE('',(#336,#87,#88,#89,#90,#91,#92,#93,#94,#95,#96,#97,
#98,#99,#100,#101,#102,#103,#104,#105,#106,#107,#108,#109,#110,#111,#112,
#113,#114,#115,#116,#117,#118,#119,#120,#121,#122,#123,#124,#125,#126,#127),
#2590,.F.);
#2669=ADVANCED_FACE('',(#337),#16,.T.);
#2670=ADVANCED_FACE('',(#338),#2591,.F.);
#2671=ADVANCED_FACE('',(#339),#17,.T.);
#2672=ADVANCED_FACE('',(#340),#2592,.F.);
#2673=ADVANCED_FACE('',(#341),#18,.T.);
#2674=ADVANCED_FACE('',(#342),#2593,.T.);
#2675=ADVANCED_FACE('',(#343),#2594,.T.);
#2676=ADVANCED_FACE('',(#344),#2595,.T.);
#2677=ADVANCED_FACE('',(#345),#2596,.T.);
#2678=ADVANCED_FACE('',(#346),#2597,.T.);
#2679=ADVANCED_FACE('',(#347),#2598,.T.);
#2680=ADVANCED_FACE('',(#348),#2599,.T.);
#2681=ADVANCED_FACE('',(#349),#2600,.T.);
#2682=ADVANCED_FACE('',(#350),#2601,.T.);
#2683=ADVANCED_FACE('',(#351),#2602,.T.);
#2684=ADVANCED_FACE('',(#352),#2603,.T.);
#2685=ADVANCED_FACE('',(#353),#2604,.T.);
#2686=ADVANCED_FACE('',(#354),#2605,.T.);
#2687=ADVANCED_FACE('',(#355),#2606,.T.);
#2688=ADVANCED_FACE('',(#356),#19,.F.);
#2689=ADVANCED_FACE('',(#357),#20,.F.);
#2690=ADVANCED_FACE('',(#358),#2607,.T.);
#2691=ADVANCED_FACE('',(#359),#2608,.T.);
#2692=ADVANCED_FACE('',(#360),#2609,.T.);
#2693=ADVANCED_FACE('',(#361),#2610,.T.);
#2694=ADVANCED_FACE('',(#362),#2611,.T.);
#2695=ADVANCED_FACE('',(#363),#2612,.T.);
#2696=ADVANCED_FACE('',(#364),#2613,.T.);
#2697=ADVANCED_FACE('',(#365),#2614,.T.);
#2698=ADVANCED_FACE('',(#366),#2615,.T.);
#2699=ADVANCED_FACE('',(#367),#2616,.T.);
#2700=ADVANCED_FACE('',(#368),#21,.F.);
#2701=ADVANCED_FACE('',(#369),#22,.F.);
#2702=ADVANCED_FACE('',(#370),#2617,.F.);
#2703=ADVANCED_FACE('',(#371),#2618,.F.);
#2704=ADVANCED_FACE('',(#372),#23,.T.);
#2705=ADVANCED_FACE('',(#373,#128,#129,#130,#131,#132,#133,#134,#135,#136,
#137,#138,#139,#140,#141,#142,#143,#144),#2619,.F.);
#2706=ADVANCED_FACE('',(#374),#2620,.T.);
#2707=ADVANCED_FACE('',(#375),#24,.T.);
#2708=ADVANCED_FACE('',(#376),#25,.T.);
#2709=ADVANCED_FACE('',(#377),#2621,.T.);
#2710=ADVANCED_FACE('',(#378),#26,.T.);
#2711=ADVANCED_FACE('',(#379),#27,.F.);
#2712=ADVANCED_FACE('',(#380),#28,.F.);
#2713=ADVANCED_FACE('',(#381),#29,.F.);
#2714=ADVANCED_FACE('',(#382),#30,.F.);
#2715=ADVANCED_FACE('',(#383),#31,.F.);
#2716=ADVANCED_FACE('',(#384),#32,.F.);
#2717=ADVANCED_FACE('',(#385),#33,.F.);
#2718=ADVANCED_FACE('',(#386),#34,.F.);
#2719=ADVANCED_FACE('',(#387),#35,.F.);
#2720=ADVANCED_FACE('',(#388),#36,.F.);
#2721=ADVANCED_FACE('',(#389),#37,.F.);
#2722=ADVANCED_FACE('',(#390),#38,.F.);
#2723=ADVANCED_FACE('',(#391),#2622,.F.);
#2724=ADVANCED_FACE('',(#392),#2623,.F.);
#2725=ADVANCED_FACE('',(#393),#39,.F.);
#2726=ADVANCED_FACE('',(#394),#40,.F.);
#2727=ADVANCED_FACE('',(#395),#41,.F.);
#2728=ADVANCED_FACE('',(#396),#42,.F.);
#2729=ADVANCED_FACE('',(#397),#43,.F.);
#2730=ADVANCED_FACE('',(#398),#44,.F.);
#2731=ADVANCED_FACE('',(#399),#45,.F.);
#2732=ADVANCED_FACE('',(#400),#46,.F.);
#2733=ADVANCED_FACE('',(#401),#2624,.T.);
#2734=ADVANCED_FACE('',(#402),#2625,.T.);
#2735=ADVANCED_FACE('',(#403),#2626,.T.);
#2736=ADVANCED_FACE('',(#404),#2627,.T.);
#2737=ADVANCED_FACE('',(#405),#2628,.T.);
#2738=ADVANCED_FACE('',(#406),#2629,.T.);
#2739=ADVANCED_FACE('',(#407),#2630,.T.);
#2740=ADVANCED_FACE('',(#408),#2631,.T.);
#2741=ADVANCED_FACE('',(#409),#2632,.T.);
#2742=ADVANCED_FACE('',(#410),#2633,.T.);
#2743=ADVANCED_FACE('',(#411),#47,.F.);
#2744=ADVANCED_FACE('',(#412,#145),#2634,.T.);
#2745=ADVANCED_FACE('',(#413),#48,.F.);
#2746=ADVANCED_FACE('',(#414,#146),#2635,.T.);
#2747=ADVANCED_FACE('',(#415),#49,.F.);
#2748=ADVANCED_FACE('',(#416,#147),#2636,.T.);
#2749=ADVANCED_FACE('',(#417),#50,.F.);
#2750=ADVANCED_FACE('',(#418,#148),#2637,.T.);
#2751=ADVANCED_FACE('',(#419),#51,.F.);
#2752=ADVANCED_FACE('',(#420,#149),#2638,.T.);
#2753=ADVANCED_FACE('',(#421),#52,.F.);
#2754=ADVANCED_FACE('',(#422,#150),#2639,.T.);
#2755=ADVANCED_FACE('',(#423),#53,.F.);
#2756=ADVANCED_FACE('',(#424,#151),#2640,.T.);
#2757=ADVANCED_FACE('',(#425),#54,.F.);
#2758=ADVANCED_FACE('',(#426,#152),#2641,.T.);
#2759=ADVANCED_FACE('',(#427),#55,.F.);
#2760=ADVANCED_FACE('',(#428),#56,.F.);
#2761=ADVANCED_FACE('',(#429),#57,.F.);
#2762=ADVANCED_FACE('',(#430),#58,.F.);
#2763=ADVANCED_FACE('',(#431),#59,.F.);
#2764=ADVANCED_FACE('',(#432),#60,.F.);
#2765=ADVANCED_FACE('',(#433),#61,.F.);
#2766=ADVANCED_FACE('',(#434),#62,.F.);
#2767=ADVANCED_FACE('',(#435),#2642,.T.);
#2768=ADVANCED_FACE('',(#436),#2643,.T.);
#2769=ADVANCED_FACE('',(#437),#2644,.F.);
#2770=ADVANCED_FACE('',(#438),#2645,.T.);
#2771=ADVANCED_FACE('',(#439),#63,.F.);
#2772=ADVANCED_FACE('',(#440),#64,.F.);
#2773=ADVANCED_FACE('',(#441),#65,.F.);
#2774=ADVANCED_FACE('',(#442),#2646,.T.);
#2775=ADVANCED_FACE('',(#443),#2647,.T.);
#2776=ADVANCED_FACE('',(#444),#2648,.T.);
#2777=ADVANCED_FACE('',(#445),#2649,.T.);
#2778=ADVANCED_FACE('',(#446),#2650,.T.);
#2779=ADVANCED_FACE('',(#447),#2651,.T.);
#2780=ADVANCED_FACE('',(#448),#2652,.T.);
#2781=ADVANCED_FACE('',(#449),#2653,.T.);
#2782=ADVANCED_FACE('',(#450),#2654,.T.);
#2783=ADVANCED_FACE('',(#451),#66,.F.);
#2784=ADVANCED_FACE('',(#452),#67,.F.);
#2785=ADVANCED_FACE('',(#453),#68,.F.);
#2786=ADVANCED_FACE('',(#454),#69,.F.);
#2787=ADVANCED_FACE('',(#455),#70,.F.);
#2788=ADVANCED_FACE('',(#456),#71,.F.);
#2789=ADVANCED_FACE('',(#457),#72,.F.);
#2790=ADVANCED_FACE('',(#458),#73,.F.);
#2791=ADVANCED_FACE('',(#459),#74,.F.);
#2792=ADVANCED_FACE('',(#460),#75,.F.);
#2793=ADVANCED_FACE('',(#461),#2655,.T.);
#2794=ADVANCED_FACE('',(#462),#2656,.T.);
#2795=ADVANCED_FACE('',(#463),#2657,.T.);
#2796=ADVANCED_FACE('',(#464),#76,.F.);
#2797=ADVANCED_FACE('',(#465),#77,.F.);
#2798=ADVANCED_FACE('',(#466),#78,.F.);
#2799=ADVANCED_FACE('',(#467),#2658,.T.);
#2800=ADVANCED_FACE('',(#468,#153,#154,#155,#156,#157,#158,#159,#160,#161,
#162,#163,#164,#165,#166,#167,#168,#169,#170,#171,#172,#173,#174,#175,#176,
#177,#178,#179,#180,#181,#182,#183,#184,#185,#186,#187,#188,#189,#190,#191,
#192,#193,#194,#195,#196,#197,#198,#199),#2659,.T.);
#2801=CLOSED_SHELL('',(#2660,#2661,#2662,#2663,#2664,#2665,#2666,#2667,
#2668,#2669,#2670,#2671,#2672,#2673,#2674,#2675,#2676,#2677,#2678,#2679,
#2680,#2681,#2682,#2683,#2684,#2685,#2686,#2687,#2688,#2689,#2690,#2691,
#2692,#2693,#2694,#2695,#2696,#2697,#2698,#2699,#2700,#2701,#2702,#2703,
#2704,#2705,#2706,#2707,#2708,#2709,#2710,#2711,#2712,#2713,#2714,#2715,
#2716,#2717,#2718,#2719,#2720,#2721,#2722,#2723,#2724,#2725,#2726,#2727,
#2728,#2729,#2730,#2731,#2732,#2733,#2734,#2735,#2736,#2737,#2738,#2739,
#2740,#2741,#2742,#2743,#2744,#2745,#2746,#2747,#2748,#2749,#2750,#2751,
#2752,#2753,#2754,#2755,#2756,#2757,#2758,#2759,#2760,#2761,#2762,#2763,
#2764,#2765,#2766,#2767,#2768,#2769,#2770,#2771,#2772,#2773,#2774,#2775,
#2776,#2777,#2778,#2779,#2780,#2781,#2782,#2783,#2784,#2785,#2786,#2787,
#2788,#2789,#2790,#2791,#2792,#2793,#2794,#2795,#2796,#2797,#2798,#2799,
#2800));
#2802=DERIVED_UNIT_ELEMENT(#2804,1.);
#2803=DERIVED_UNIT_ELEMENT(#4635,-3.);
#2804=(
MASS_UNIT()
NAMED_UNIT(*)
SI_UNIT(.KILO.,.GRAM.)
);
#2805=DERIVED_UNIT((#2802,#2803));
#2806=MEASURE_REPRESENTATION_ITEM('density measure',
POSITIVE_RATIO_MEASURE(7850.),#2805);
#2807=PROPERTY_DEFINITION_REPRESENTATION(#2812,#2809);
#2808=PROPERTY_DEFINITION_REPRESENTATION(#2813,#2810);
#2809=REPRESENTATION('material name',(#2811),#4632);
#2810=REPRESENTATION('density',(#2806),#4632);
#2811=DESCRIPTIVE_REPRESENTATION_ITEM('\X2\94A2\X0\','\X2\94A2\X0\');
#2812=PROPERTY_DEFINITION('material property','material name',#4642);
#2813=PROPERTY_DEFINITION('material property','density of part',#4642);
#2814=AXIS2_PLACEMENT_3D('',#3868,#3084,#3085);
#2815=AXIS2_PLACEMENT_3D('',#3869,#3086,#3087);
#2816=AXIS2_PLACEMENT_3D('',#3879,#3092,#3093);
#2817=AXIS2_PLACEMENT_3D('',#3881,#3094,#3095);
#2818=AXIS2_PLACEMENT_3D('',#3883,#3096,#3097);
#2819=AXIS2_PLACEMENT_3D('',#3885,#3098,#3099);
#2820=AXIS2_PLACEMENT_3D('',#3886,#3100,#3101);
#2821=AXIS2_PLACEMENT_3D('',#3892,#3105,#3106);
#2822=AXIS2_PLACEMENT_3D('',#3896,#3109,#3110);
#2823=AXIS2_PLACEMENT_3D('',#3906,#3115,#3116);
#2824=AXIS2_PLACEMENT_3D('',#3908,#3117,#3118);
#2825=AXIS2_PLACEMENT_3D('',#3910,#3119,#3120);
#2826=AXIS2_PLACEMENT_3D('',#3912,#3121,#3122);
#2827=AXIS2_PLACEMENT_3D('',#3913,#3123,#3124);
#2828=AXIS2_PLACEMENT_3D('',#3919,#3128,#3129);
#2829=AXIS2_PLACEMENT_3D('',#3923,#3132,#3133);
#2830=AXIS2_PLACEMENT_3D('',#3926,#3134,#3135);
#2831=AXIS2_PLACEMENT_3D('',#3930,#3137,#3138);
#2832=AXIS2_PLACEMENT_3D('',#3932,#3140,#3141);
#2833=AXIS2_PLACEMENT_3D('',#3938,#3145,#3146);
#2834=AXIS2_PLACEMENT_3D('',#3942,#3148,#3149);
#2835=AXIS2_PLACEMENT_3D('',#3946,#3151,#3152);
#2836=AXIS2_PLACEMENT_3D('',#3949,#3154,#3155);
#2837=AXIS2_PLACEMENT_3D('',#3959,#3160,#3161);
#2838=AXIS2_PLACEMENT_3D('',#3961,#3162,#3163);
#2839=AXIS2_PLACEMENT_3D('',#3963,#3164,#3165);
#2840=AXIS2_PLACEMENT_3D('',#3965,#3166,#3167);
#2841=AXIS2_PLACEMENT_3D('',#3967,#3168,#3169);
#2842=AXIS2_PLACEMENT_3D('',#3969,#3170,#3171);
#2843=AXIS2_PLACEMENT_3D('',#3971,#3172,#3173);
#2844=AXIS2_PLACEMENT_3D('',#3973,#3174,#3175);
#2845=AXIS2_PLACEMENT_3D('',#3991,#3184,#3185);
#2846=AXIS2_PLACEMENT_3D('',#3993,#3186,#3187);
#2847=AXIS2_PLACEMENT_3D('',#3995,#3188,#3189);
#2848=AXIS2_PLACEMENT_3D('',#3997,#3190,#3191);
#2849=AXIS2_PLACEMENT_3D('',#3999,#3192,#3193);
#2850=AXIS2_PLACEMENT_3D('',#4001,#3194,#3195);
#2851=AXIS2_PLACEMENT_3D('',#4003,#3196,#3197);
#2852=AXIS2_PLACEMENT_3D('',#4005,#3198,#3199);
#2853=AXIS2_PLACEMENT_3D('',#4015,#3204,#3205);
#2854=AXIS2_PLACEMENT_3D('',#4017,#3206,#3207);
#2855=AXIS2_PLACEMENT_3D('',#4019,#3208,#3209);
#2856=AXIS2_PLACEMENT_3D('',#4033,#3216,#3217);
#2857=AXIS2_PLACEMENT_3D('',#4035,#3218,#3219);
#2858=AXIS2_PLACEMENT_3D('',#4037,#3220,#3221);
#2859=AXIS2_PLACEMENT_3D('',#4039,#3222,#3223);
#2860=AXIS2_PLACEMENT_3D('',#4041,#3224,#3225);
#2861=AXIS2_PLACEMENT_3D('',#4043,#3226,#3227);
#2862=AXIS2_PLACEMENT_3D('',#4045,#3228,#3229);
#2863=AXIS2_PLACEMENT_3D('',#4047,#3230,#3231);
#2864=AXIS2_PLACEMENT_3D('',#4049,#3232,#3233);
#2865=AXIS2_PLACEMENT_3D('',#4051,#3234,#3235);
#2866=AXIS2_PLACEMENT_3D('',#4089,#3254,#3255);
#2867=AXIS2_PLACEMENT_3D('',#4091,#3256,#3257);
#2868=AXIS2_PLACEMENT_3D('',#4093,#3258,#3259);
#2869=AXIS2_PLACEMENT_3D('',#4102,#3264,#3265);
#2870=AXIS2_PLACEMENT_3D('',#4104,#3266,#3267);
#2871=AXIS2_PLACEMENT_3D('',#4106,#3269,#3270);
#2872=AXIS2_PLACEMENT_3D('',#4110,#3273,#3274);
#2873=AXIS2_PLACEMENT_3D('',#4112,#3275,#3276);
#2874=AXIS2_PLACEMENT_3D('',#4114,#3278,#3279);
#2875=AXIS2_PLACEMENT_3D('',#4118,#3282,#3283);
#2876=AXIS2_PLACEMENT_3D('',#4120,#3284,#3285);
#2877=AXIS2_PLACEMENT_3D('',#4122,#3287,#3288);
#2878=AXIS2_PLACEMENT_3D('',#4128,#3292,#3293);
#2879=AXIS2_PLACEMENT_3D('',#4132,#3296,#3297);
#2880=AXIS2_PLACEMENT_3D('',#4136,#3300,#3301);
#2881=AXIS2_PLACEMENT_3D('',#4142,#3305,#3306);
#2882=AXIS2_PLACEMENT_3D('',#4146,#3309,#3310);
#2883=AXIS2_PLACEMENT_3D('',#4150,#3313,#3314);
#2884=AXIS2_PLACEMENT_3D('',#4156,#3318,#3319);
#2885=AXIS2_PLACEMENT_3D('',#4160,#3322,#3323);
#2886=AXIS2_PLACEMENT_3D('',#4164,#3326,#3327);
#2887=AXIS2_PLACEMENT_3D('',#4170,#3331,#3332);
#2888=AXIS2_PLACEMENT_3D('',#4174,#3335,#3336);
#2889=AXIS2_PLACEMENT_3D('',#4180,#3340,#3341);
#2890=AXIS2_PLACEMENT_3D('',#4184,#3344,#3345);
#2891=AXIS2_PLACEMENT_3D('',#4188,#3348,#3349);
#2892=AXIS2_PLACEMENT_3D('',#4190,#3350,#3351);
#2893=AXIS2_PLACEMENT_3D('',#4193,#3353,#3354);
#2894=AXIS2_PLACEMENT_3D('',#4194,#3355,#3356);
#2895=AXIS2_PLACEMENT_3D('',#4196,#3357,#3358);
#2896=AXIS2_PLACEMENT_3D('',#4199,#3360,#3361);
#2897=AXIS2_PLACEMENT_3D('',#4200,#3362,#3363);
#2898=AXIS2_PLACEMENT_3D('',#4206,#3367,#3368);
#2899=AXIS2_PLACEMENT_3D('',#4210,#3371,#3372);
#2900=AXIS2_PLACEMENT_3D('',#4214,#3375,#3376);
#2901=AXIS2_PLACEMENT_3D('',#4216,#3378,#3379);
#2902=AXIS2_PLACEMENT_3D('',#4217,#3380,#3381);
#2903=AXIS2_PLACEMENT_3D('',#4223,#3385,#3386);
#2904=AXIS2_PLACEMENT_3D('',#4227,#3389,#3390);
#2905=AXIS2_PLACEMENT_3D('',#4231,#3393,#3394);
#2906=AXIS2_PLACEMENT_3D('',#4233,#3396,#3397);
#2907=AXIS2_PLACEMENT_3D('',#4234,#3398,#3399);
#2908=AXIS2_PLACEMENT_3D('',#4236,#3400,#3401);
#2909=AXIS2_PLACEMENT_3D('',#4239,#3403,#3404);
#2910=AXIS2_PLACEMENT_3D('',#4240,#3405,#3406);
#2911=AXIS2_PLACEMENT_3D('',#4242,#3407,#3408);
#2912=AXIS2_PLACEMENT_3D('',#4245,#3410,#3411);
#2913=AXIS2_PLACEMENT_3D('',#4246,#3412,#3413);
#2914=AXIS2_PLACEMENT_3D('',#4250,#3416,#3417);
#2915=AXIS2_PLACEMENT_3D('',#4254,#3420,#3421);
#2916=AXIS2_PLACEMENT_3D('',#4257,#3422,#3423);
#2917=AXIS2_PLACEMENT_3D('',#4261,#3425,#3426);
#2918=AXIS2_PLACEMENT_3D('',#4263,#3428,#3429);
#2919=AXIS2_PLACEMENT_3D('',#4267,#3431,#3432);
#2920=AXIS2_PLACEMENT_3D('',#4271,#3434,#3435);
#2921=AXIS2_PLACEMENT_3D('',#4275,#3437,#3438);
#2922=AXIS2_PLACEMENT_3D('',#4279,#3441,#3442);
#2923=AXIS2_PLACEMENT_3D('',#4281,#3443,#3444);
#2924=AXIS2_PLACEMENT_3D('',#4283,#3445,#3446);
#2925=AXIS2_PLACEMENT_3D('',#4285,#3447,#3448);
#2926=AXIS2_PLACEMENT_3D('',#4287,#3449,#3450);
#2927=AXIS2_PLACEMENT_3D('',#4289,#3451,#3452);
#2928=AXIS2_PLACEMENT_3D('',#4291,#3453,#3454);
#2929=AXIS2_PLACEMENT_3D('',#4293,#3455,#3456);
#2930=AXIS2_PLACEMENT_3D('',#4295,#3457,#3458);
#2931=AXIS2_PLACEMENT_3D('',#4297,#3459,#3460);
#2932=AXIS2_PLACEMENT_3D('',#4299,#3461,#3462);
#2933=AXIS2_PLACEMENT_3D('',#4301,#3463,#3464);
#2934=AXIS2_PLACEMENT_3D('',#4302,#3465,#3466);
#2935=AXIS2_PLACEMENT_3D('',#4306,#3469,#3470);
#2936=AXIS2_PLACEMENT_3D('',#4308,#3471,#3472);
#2937=AXIS2_PLACEMENT_3D('',#4310,#3474,#3475);
#2938=AXIS2_PLACEMENT_3D('',#4313,#3476,#3477);
#2939=AXIS2_PLACEMENT_3D('',#4316,#3480,#3481);
#2940=AXIS2_PLACEMENT_3D('',#4320,#3484,#3485);
#2941=AXIS2_PLACEMENT_3D('',#4322,#3486,#3487);
#2942=AXIS2_PLACEMENT_3D('',#4324,#3489,#3490);
#2943=AXIS2_PLACEMENT_3D('',#4326,#3491,#3492);
#2944=AXIS2_PLACEMENT_3D('',#4328,#3494,#3495);
#2945=AXIS2_PLACEMENT_3D('',#4330,#3496,#3497);
#2946=AXIS2_PLACEMENT_3D('',#4332,#3499,#3500);
#2947=AXIS2_PLACEMENT_3D('',#4334,#3501,#3502);
#2948=AXIS2_PLACEMENT_3D('',#4336,#3504,#3505);
#2949=AXIS2_PLACEMENT_3D('',#4338,#3506,#3507);
#2950=AXIS2_PLACEMENT_3D('',#4340,#3509,#3510);
#2951=AXIS2_PLACEMENT_3D('',#4342,#3511,#3512);
#2952=AXIS2_PLACEMENT_3D('',#4344,#3514,#3515);
#2953=AXIS2_PLACEMENT_3D('',#4346,#3516,#3517);
#2954=AXIS2_PLACEMENT_3D('',#4348,#3519,#3520);
#2955=AXIS2_PLACEMENT_3D('',#4350,#3521,#3522);
#2956=AXIS2_PLACEMENT_3D('',#4352,#3524,#3525);
#2957=AXIS2_PLACEMENT_3D('',#4354,#3526,#3527);
#2958=AXIS2_PLACEMENT_3D('',#4356,#3529,#3530);
#2959=AXIS2_PLACEMENT_3D('',#4358,#3531,#3532);
#2960=AXIS2_PLACEMENT_3D('',#4360,#3534,#3535);
#2961=AXIS2_PLACEMENT_3D('',#4362,#3536,#3537);
#2962=AXIS2_PLACEMENT_3D('',#4364,#3539,#3540);
#2963=AXIS2_PLACEMENT_3D('',#4366,#3541,#3542);
#2964=AXIS2_PLACEMENT_3D('',#4368,#3544,#3545);
#2965=AXIS2_PLACEMENT_3D('',#4370,#3546,#3547);
#2966=AXIS2_PLACEMENT_3D('',#4372,#3549,#3550);
#2967=AXIS2_PLACEMENT_3D('',#4374,#3552,#3553);
#2968=AXIS2_PLACEMENT_3D('',#4376,#3555,#3556);
#2969=AXIS2_PLACEMENT_3D('',#4378,#3558,#3559);
#2970=AXIS2_PLACEMENT_3D('',#4380,#3561,#3562);
#2971=AXIS2_PLACEMENT_3D('',#4382,#3564,#3565);
#2972=AXIS2_PLACEMENT_3D('',#4384,#3567,#3568);
#2973=AXIS2_PLACEMENT_3D('',#4386,#3570,#3571);
#2974=AXIS2_PLACEMENT_3D('',#4388,#3573,#3574);
#2975=AXIS2_PLACEMENT_3D('',#4390,#3576,#3577);
#2976=AXIS2_PLACEMENT_3D('',#4392,#3579,#3580);
#2977=AXIS2_PLACEMENT_3D('',#4398,#3584,#3585);
#2978=AXIS2_PLACEMENT_3D('',#4402,#3588,#3589);
#2979=AXIS2_PLACEMENT_3D('',#4406,#3592,#3593);
#2980=AXIS2_PLACEMENT_3D('',#4408,#3595,#3596);
#2981=AXIS2_PLACEMENT_3D('',#4409,#3597,#3598);
#2982=AXIS2_PLACEMENT_3D('',#4415,#3602,#3603);
#2983=AXIS2_PLACEMENT_3D('',#4419,#3606,#3607);
#2984=AXIS2_PLACEMENT_3D('',#4423,#3610,#3611);
#2985=AXIS2_PLACEMENT_3D('',#4425,#3613,#3614);
#2986=AXIS2_PLACEMENT_3D('',#4426,#3615,#3616);
#2987=AXIS2_PLACEMENT_3D('',#4428,#3617,#3618);
#2988=AXIS2_PLACEMENT_3D('',#4431,#3620,#3621);
#2989=AXIS2_PLACEMENT_3D('',#4432,#3622,#3623);
#2990=AXIS2_PLACEMENT_3D('',#4434,#3624,#3625);
#2991=AXIS2_PLACEMENT_3D('',#4435,#3626,#3627);
#2992=AXIS2_PLACEMENT_3D('',#4437,#3628,#3629);
#2993=AXIS2_PLACEMENT_3D('',#4440,#3631,#3632);
#2994=AXIS2_PLACEMENT_3D('',#4441,#3633,#3634);
#2995=AXIS2_PLACEMENT_3D('',#4443,#3635,#3636);
#2996=AXIS2_PLACEMENT_3D('',#4444,#3637,#3638);
#2997=AXIS2_PLACEMENT_3D('',#4446,#3639,#3640);
#2998=AXIS2_PLACEMENT_3D('',#4449,#3642,#3643);
#2999=AXIS2_PLACEMENT_3D('',#4450,#3644,#3645);
#3000=AXIS2_PLACEMENT_3D('',#4452,#3646,#3647);
#3001=AXIS2_PLACEMENT_3D('',#4453,#3648,#3649);
#3002=AXIS2_PLACEMENT_3D('',#4455,#3650,#3651);
#3003=AXIS2_PLACEMENT_3D('',#4458,#3653,#3654);
#3004=AXIS2_PLACEMENT_3D('',#4459,#3655,#3656);
#3005=AXIS2_PLACEMENT_3D('',#4461,#3657,#3658);
#3006=AXIS2_PLACEMENT_3D('',#4462,#3659,#3660);
#3007=AXIS2_PLACEMENT_3D('',#4464,#3661,#3662);
#3008=AXIS2_PLACEMENT_3D('',#4467,#3664,#3665);
#3009=AXIS2_PLACEMENT_3D('',#4468,#3666,#3667);
#3010=AXIS2_PLACEMENT_3D('',#4470,#3668,#3669);
#3011=AXIS2_PLACEMENT_3D('',#4471,#3670,#3671);
#3012=AXIS2_PLACEMENT_3D('',#4473,#3672,#3673);
#3013=AXIS2_PLACEMENT_3D('',#4476,#3675,#3676);
#3014=AXIS2_PLACEMENT_3D('',#4477,#3677,#3678);
#3015=AXIS2_PLACEMENT_3D('',#4479,#3679,#3680);
#3016=AXIS2_PLACEMENT_3D('',#4480,#3681,#3682);
#3017=AXIS2_PLACEMENT_3D('',#4482,#3683,#3684);
#3018=AXIS2_PLACEMENT_3D('',#4485,#3686,#3687);
#3019=AXIS2_PLACEMENT_3D('',#4486,#3688,#3689);
#3020=AXIS2_PLACEMENT_3D('',#4488,#3690,#3691);
#3021=AXIS2_PLACEMENT_3D('',#4489,#3692,#3693);
#3022=AXIS2_PLACEMENT_3D('',#4491,#3694,#3695);
#3023=AXIS2_PLACEMENT_3D('',#4494,#3697,#3698);
#3024=AXIS2_PLACEMENT_3D('',#4495,#3699,#3700);
#3025=AXIS2_PLACEMENT_3D('',#4497,#3701,#3702);
#3026=AXIS2_PLACEMENT_3D('',#4498,#3703,#3704);
#3027=AXIS2_PLACEMENT_3D('',#4500,#3706,#3707);
#3028=AXIS2_PLACEMENT_3D('',#4502,#3709,#3710);
#3029=AXIS2_PLACEMENT_3D('',#4504,#3712,#3713);
#3030=AXIS2_PLACEMENT_3D('',#4506,#3715,#3716);
#3031=AXIS2_PLACEMENT_3D('',#4508,#3718,#3719);
#3032=AXIS2_PLACEMENT_3D('',#4510,#3721,#3722);
#3033=AXIS2_PLACEMENT_3D('',#4512,#3724,#3725);
#3034=AXIS2_PLACEMENT_3D('',#4514,#3727,#3728);
#3035=AXIS2_PLACEMENT_3D('',#4518,#3731,#3732);
#3036=AXIS2_PLACEMENT_3D('',#4520,#3734,#3735);
#3037=AXIS2_PLACEMENT_3D('',#4521,#3736,#3737);
#3038=AXIS2_PLACEMENT_3D('',#4523,#3739,#3740);
#3039=AXIS2_PLACEMENT_3D('',#4525,#3741,#3742);
#3040=AXIS2_PLACEMENT_3D('',#4527,#3744,#3745);
#3041=AXIS2_PLACEMENT_3D('',#4529,#3746,#3747);
#3042=AXIS2_PLACEMENT_3D('',#4531,#3749,#3750);
#3043=AXIS2_PLACEMENT_3D('',#4533,#3751,#3752);
#3044=AXIS2_PLACEMENT_3D('',#4535,#3754,#3755);
#3045=AXIS2_PLACEMENT_3D('',#4539,#3758,#3759);
#3046=AXIS2_PLACEMENT_3D('',#4543,#3762,#3763);
#3047=AXIS2_PLACEMENT_3D('',#4545,#3765,#3766);
#3048=AXIS2_PLACEMENT_3D('',#4549,#3769,#3770);
#3049=AXIS2_PLACEMENT_3D('',#4553,#3773,#3774);
#3050=AXIS2_PLACEMENT_3D('',#4555,#3776,#3777);
#3051=AXIS2_PLACEMENT_3D('',#4559,#3780,#3781);
#3052=AXIS2_PLACEMENT_3D('',#4563,#3784,#3785);
#3053=AXIS2_PLACEMENT_3D('',#4565,#3787,#3788);
#3054=AXIS2_PLACEMENT_3D('',#4567,#3789,#3790);
#3055=AXIS2_PLACEMENT_3D('',#4569,#3792,#3793);
#3056=AXIS2_PLACEMENT_3D('',#4571,#3794,#3795);
#3057=AXIS2_PLACEMENT_3D('',#4573,#3797,#3798);
#3058=AXIS2_PLACEMENT_3D('',#4575,#3799,#3800);
#3059=AXIS2_PLACEMENT_3D('',#4577,#3802,#3803);
#3060=AXIS2_PLACEMENT_3D('',#4579,#3804,#3805);
#3061=AXIS2_PLACEMENT_3D('',#4581,#3807,#3808);
#3062=AXIS2_PLACEMENT_3D('',#4583,#3809,#3810);
#3063=AXIS2_PLACEMENT_3D('',#4585,#3812,#3813);
#3064=AXIS2_PLACEMENT_3D('',#4587,#3814,#3815);
#3065=AXIS2_PLACEMENT_3D('',#4589,#3817,#3818);
#3066=AXIS2_PLACEMENT_3D('',#4591,#3819,#3820);
#3067=AXIS2_PLACEMENT_3D('',#4593,#3822,#3823);
#3068=AXIS2_PLACEMENT_3D('',#4595,#3824,#3825);
#3069=AXIS2_PLACEMENT_3D('',#4597,#3827,#3828);
#3070=AXIS2_PLACEMENT_3D('',#4599,#3829,#3830);
#3071=AXIS2_PLACEMENT_3D('',#4601,#3832,#3833);
#3072=AXIS2_PLACEMENT_3D('',#4603,#3834,#3835);
#3073=AXIS2_PLACEMENT_3D('',#4605,#3837,#3838);
#3074=AXIS2_PLACEMENT_3D('',#4609,#3841,#3842);
#3075=AXIS2_PLACEMENT_3D('',#4613,#3845,#3846);
#3076=AXIS2_PLACEMENT_3D('',#4615,#3848,#3849);
#3077=AXIS2_PLACEMENT_3D('',#4617,#3850,#3851);
#3078=AXIS2_PLACEMENT_3D('',#4619,#3853,#3854);
#3079=AXIS2_PLACEMENT_3D('',#4621,#3855,#3856);
#3080=AXIS2_PLACEMENT_3D('',#4623,#3858,#3859);
#3081=AXIS2_PLACEMENT_3D('',#4625,#3860,#3861);
#3082=AXIS2_PLACEMENT_3D('',#4627,#3863,#3864);
#3083=AXIS2_PLACEMENT_3D('',#4629,#3866,#3867);
#3084=DIRECTION('axis',(0.,0.,1.));
#3085=DIRECTION('refdir',(1.,0.,0.));
#3086=DIRECTION('center_axis',(0.,0.,-1.));
#3087=DIRECTION('ref_axis',(-1.,0.,0.));
#3088=DIRECTION('',(-1.,0.,0.));
#3089=DIRECTION('',(0.,-1.,0.));
#3090=DIRECTION('',(1.,0.,0.));
#3091=DIRECTION('',(0.,1.,0.));
#3092=DIRECTION('center_axis',(0.,0.,-1.));
#3093=DIRECTION('ref_axis',(1.,0.,0.));
#3094=DIRECTION('center_axis',(0.,0.,-1.));
#3095=DIRECTION('ref_axis',(1.,0.,0.));
#3096=DIRECTION('center_axis',(0.,0.,-1.));
#3097=DIRECTION('ref_axis',(1.,0.,0.));
#3098=DIRECTION('center_axis',(0.,0.,-1.));
#3099=DIRECTION('ref_axis',(1.,0.,0.));
#3100=DIRECTION('center_axis',(1.,0.,0.));
#3101=DIRECTION('ref_axis',(0.,0.,-1.));
#3102=DIRECTION('',(0.,0.,-1.));
#3103=DIRECTION('',(0.,-1.,0.));
#3104=DIRECTION('',(0.,0.,1.));
#3105=DIRECTION('center_axis',(0.,-1.,0.));
#3106=DIRECTION('ref_axis',(0.,0.,-1.));
#3107=DIRECTION('',(0.,0.,1.));
#3108=DIRECTION('',(-1.,0.,0.));
#3109=DIRECTION('center_axis',(0.,0.,-1.));
#3110=DIRECTION('ref_axis',(-1.,0.,0.));
#3111=DIRECTION('',(-1.,0.,0.));
#3112=DIRECTION('',(0.,-1.,0.));
#3113=DIRECTION('',(1.,0.,0.));
#3114=DIRECTION('',(0.,1.,0.));
#3115=DIRECTION('center_axis',(0.,0.,-1.));
#3116=DIRECTION('ref_axis',(1.,0.,0.));
#3117=DIRECTION('center_axis',(0.,0.,-1.));
#3118=DIRECTION('ref_axis',(1.,0.,0.));
#3119=DIRECTION('center_axis',(0.,0.,-1.));
#3120=DIRECTION('ref_axis',(1.,0.,0.));
#3121=DIRECTION('center_axis',(0.,0.,-1.));
#3122=DIRECTION('ref_axis',(1.,0.,0.));
#3123=DIRECTION('center_axis',(1.,0.,0.));
#3124=DIRECTION('ref_axis',(0.,0.,-1.));
#3125=DIRECTION('',(0.,0.,-1.));
#3126=DIRECTION('',(0.,-1.,0.));
#3127=DIRECTION('',(0.,0.,1.));
#3128=DIRECTION('center_axis',(0.,-1.,0.));
#3129=DIRECTION('ref_axis',(0.,0.,-1.));
#3130=DIRECTION('',(0.,0.,1.));
#3131=DIRECTION('',(-1.,0.,0.));
#3132=DIRECTION('center_axis',(0.,0.,1.));
#3133=DIRECTION('ref_axis',(0.707106781186547,0.707106781186547,0.));
#3134=DIRECTION('center_axis',(0.,0.,1.));
#3135=DIRECTION('ref_axis',(0.707106781186547,0.707106781186547,0.));
#3136=DIRECTION('',(0.,0.,-1.));
#3137=DIRECTION('center_axis',(0.,0.,1.));
#3138=DIRECTION('ref_axis',(0.707106781186547,0.707106781186547,0.));
#3139=DIRECTION('',(0.,0.,1.));
#3140=DIRECTION('center_axis',(0.,-1.,0.));
#3141=DIRECTION('ref_axis',(1.,0.,0.));
#3142=DIRECTION('',(1.,0.,0.));
#3143=DIRECTION('',(0.,0.,-1.));
#3144=DIRECTION('',(1.,0.,0.));
#3145=DIRECTION('center_axis',(0.,0.,1.));
#3146=DIRECTION('ref_axis',(1.,0.,0.));
#3147=DIRECTION('',(0.,-1.,0.));
#3148=DIRECTION('center_axis',(0.,0.,1.));
#3149=DIRECTION('ref_axis',(0.707106781186547,-0.707106781186547,0.));
#3150=DIRECTION('',(-1.,0.,0.));
#3151=DIRECTION('center_axis',(0.,0.,1.));
#3152=DIRECTION('ref_axis',(-0.707106781186547,-0.707106781186547,0.));
#3153=DIRECTION('',(0.,1.,0.));
#3154=DIRECTION('center_axis',(0.,0.,1.));
#3155=DIRECTION('ref_axis',(-0.707106781186547,0.707106781186547,0.));
#3156=DIRECTION('',(1.77635683940025E-15,-1.,0.));
#3157=DIRECTION('',(1.,1.26882631385732E-15,0.));
#3158=DIRECTION('',(-1.77635683940025E-15,1.,0.));
#3159=DIRECTION('',(-1.,-1.26882631385732E-15,0.));
#3160=DIRECTION('center_axis',(0.,0.,1.));
#3161=DIRECTION('ref_axis',(1.,0.,0.));
#3162=DIRECTION('center_axis',(0.,0.,1.));
#3163=DIRECTION('ref_axis',(1.,0.,0.));
#3164=DIRECTION('center_axis',(0.,0.,1.));
#3165=DIRECTION('ref_axis',(1.,0.,0.));
#3166=DIRECTION('center_axis',(0.,0.,1.));
#3167=DIRECTION('ref_axis',(1.,0.,0.));
#3168=DIRECTION('center_axis',(0.,0.,1.));
#3169=DIRECTION('ref_axis',(1.,0.,0.));
#3170=DIRECTION('center_axis',(0.,0.,1.));
#3171=DIRECTION('ref_axis',(1.,0.,0.));
#3172=DIRECTION('center_axis',(0.,0.,1.));
#3173=DIRECTION('ref_axis',(1.,0.,0.));
#3174=DIRECTION('center_axis',(0.,0.,1.));
#3175=DIRECTION('ref_axis',(1.,0.,0.));
#3176=DIRECTION('',(0.,1.,0.));
#3177=DIRECTION('',(-1.,0.,0.));
#3178=DIRECTION('',(0.,-1.,0.));
#3179=DIRECTION('',(1.,0.,0.));
#3180=DIRECTION('',(1.,0.,0.));
#3181=DIRECTION('',(0.,1.,0.));
#3182=DIRECTION('',(-1.,0.,0.));
#3183=DIRECTION('',(0.,-1.,0.));
#3184=DIRECTION('center_axis',(0.,0.,1.));
#3185=DIRECTION('ref_axis',(-1.,0.,0.));
#3186=DIRECTION('center_axis',(0.,0.,1.));
#3187=DIRECTION('ref_axis',(-1.,0.,0.));
#3188=DIRECTION('center_axis',(0.,0.,1.));
#3189=DIRECTION('ref_axis',(-1.,0.,0.));
#3190=DIRECTION('center_axis',(0.,0.,1.));
#3191=DIRECTION('ref_axis',(-1.,0.,0.));
#3192=DIRECTION('center_axis',(0.,0.,1.));
#3193=DIRECTION('ref_axis',(-1.,0.,0.));
#3194=DIRECTION('center_axis',(0.,0.,1.));
#3195=DIRECTION('ref_axis',(-1.,0.,0.));
#3196=DIRECTION('center_axis',(0.,0.,1.));
#3197=DIRECTION('ref_axis',(-1.,0.,0.));
#3198=DIRECTION('center_axis',(0.,0.,1.));
#3199=DIRECTION('ref_axis',(-1.,0.,0.));
#3200=DIRECTION('',(1.,0.,0.));
#3201=DIRECTION('',(0.,1.,0.));
#3202=DIRECTION('',(-1.,0.,0.));
#3203=DIRECTION('',(0.,-1.,0.));
#3204=DIRECTION('center_axis',(0.,0.,-1.));
#3205=DIRECTION('ref_axis',(1.,0.,0.));
#3206=DIRECTION('center_axis',(0.,0.,-1.));
#3207=DIRECTION('ref_axis',(1.,0.,0.));
#3208=DIRECTION('center_axis',(0.,0.,-1.));
#3209=DIRECTION('ref_axis',(1.,0.,0.));
#3210=DIRECTION('',(-0.0712470499879096,0.997458699830735,0.));
#3211=DIRECTION('',(-1.,0.,0.));
#3212=DIRECTION('',(-0.0712470499879096,-0.997458699830735,0.));
#3213=DIRECTION('',(0.0712470499879096,-0.997458699830735,0.));
#3214=DIRECTION('',(1.,0.,0.));
#3215=DIRECTION('',(0.0712470499879096,0.997458699830735,0.));
#3216=DIRECTION('center_axis',(0.,0.,-1.));
#3217=DIRECTION('ref_axis',(1.,0.,0.));
#3218=DIRECTION('center_axis',(0.,0.,-1.));
#3219=DIRECTION('ref_axis',(1.,0.,0.));
#3220=DIRECTION('center_axis',(0.,0.,-1.));
#3221=DIRECTION('ref_axis',(1.,0.,0.));
#3222=DIRECTION('center_axis',(0.,0.,-1.));
#3223=DIRECTION('ref_axis',(1.,0.,0.));
#3224=DIRECTION('center_axis',(0.,0.,-1.));
#3225=DIRECTION('ref_axis',(1.,0.,0.));
#3226=DIRECTION('center_axis',(0.,0.,-1.));
#3227=DIRECTION('ref_axis',(1.,0.,0.));
#3228=DIRECTION('center_axis',(0.,0.,-1.));
#3229=DIRECTION('ref_axis',(1.,0.,0.));
#3230=DIRECTION('center_axis',(0.,0.,-1.));
#3231=DIRECTION('ref_axis',(1.,0.,0.));
#3232=DIRECTION('center_axis',(0.,0.,-1.));
#3233=DIRECTION('ref_axis',(1.,0.,0.));
#3234=DIRECTION('center_axis',(0.,0.,-1.));
#3235=DIRECTION('ref_axis',(1.,0.,0.));
#3236=DIRECTION('',(-0.0712470499879096,-0.997458699830735,0.));
#3237=DIRECTION('',(0.0712470499879096,-0.997458699830735,0.));
#3238=DIRECTION('',(1.,-2.22044604925031E-16,0.));
#3239=DIRECTION('',(0.0712470499879096,0.997458699830735,0.));
#3240=DIRECTION('',(-0.0712470499879096,0.997458699830735,0.));
#3241=DIRECTION('',(-1.,0.,0.));
#3242=DIRECTION('',(-1.,0.,0.));
#3243=DIRECTION('',(-0.0712470499879096,-0.997458699830735,0.));
#3244=DIRECTION('',(0.0712470499879096,-0.997458699830735,0.));
#3245=DIRECTION('',(1.,0.,0.));
#3246=DIRECTION('',(0.0712470499879096,0.997458699830735,0.));
#3247=DIRECTION('',(-0.0712470499879096,0.997458699830735,0.));
#3248=DIRECTION('',(1.,0.,0.));
#3249=DIRECTION('',(0.0712470499879096,0.997458699830735,0.));
#3250=DIRECTION('',(-0.0712470499879096,0.997458699830735,0.));
#3251=DIRECTION('',(-1.,0.,0.));
#3252=DIRECTION('',(-0.0712470499879096,-0.997458699830735,0.));
#3253=DIRECTION('',(0.0712470499879096,-0.997458699830735,0.));
#3254=DIRECTION('center_axis',(0.,0.,-1.));
#3255=DIRECTION('ref_axis',(1.,0.,0.));
#3256=DIRECTION('center_axis',(0.,0.,-1.));
#3257=DIRECTION('ref_axis',(1.,0.,0.));
#3258=DIRECTION('center_axis',(0.,0.,-1.));
#3259=DIRECTION('ref_axis',(1.,0.,0.));
#3260=DIRECTION('',(-1.,1.26882631385732E-15,0.));
#3261=DIRECTION('',(-1.77635683940025E-15,-1.,0.));
#3262=DIRECTION('',(1.,-1.26882631385732E-15,0.));
#3263=DIRECTION('',(1.77635683940025E-15,1.,0.));
#3264=DIRECTION('center_axis',(0.,0.,1.));
#3265=DIRECTION('ref_axis',(-0.707106781186547,0.707106781186547,0.));
#3266=DIRECTION('center_axis',(0.,0.,1.));
#3267=DIRECTION('ref_axis',(-0.707106781186547,0.707106781186547,0.));
#3268=DIRECTION('',(0.,0.,1.));
#3269=DIRECTION('center_axis',(1.,0.,0.));
#3270=DIRECTION('ref_axis',(0.,1.,0.));
#3271=DIRECTION('',(0.,0.,-1.));
#3272=DIRECTION('',(0.,1.,0.));
#3273=DIRECTION('center_axis',(0.,0.,1.));
#3274=DIRECTION('ref_axis',(-0.707106781186547,-0.707106781186547,0.));
#3275=DIRECTION('center_axis',(0.,0.,1.));
#3276=DIRECTION('ref_axis',(-0.707106781186547,-0.707106781186547,0.));
#3277=DIRECTION('',(0.,0.,1.));
#3278=DIRECTION('center_axis',(0.,1.,0.));
#3279=DIRECTION('ref_axis',(-1.,0.,0.));
#3280=DIRECTION('',(0.,0.,-1.));
#3281=DIRECTION('',(-1.,0.,0.));
#3282=DIRECTION('center_axis',(0.,0.,1.));
#3283=DIRECTION('ref_axis',(0.707106781186547,-0.707106781186547,0.));
#3284=DIRECTION('center_axis',(0.,0.,1.));
#3285=DIRECTION('ref_axis',(0.707106781186547,-0.707106781186547,0.));
#3286=DIRECTION('',(0.,0.,1.));
#3287=DIRECTION('center_axis',(0.,-1.,0.));
#3288=DIRECTION('ref_axis',(1.,0.,0.));
#3289=DIRECTION('',(0.,0.,1.));
#3290=DIRECTION('',(1.,0.,0.));
#3291=DIRECTION('',(0.,0.,1.));
#3292=DIRECTION('center_axis',(-0.997458699830735,-0.0712470499879096,0.));
#3293=DIRECTION('ref_axis',(0.0712470499879096,-0.997458699830735,0.));
#3294=DIRECTION('',(0.,0.,1.));
#3295=DIRECTION('',(0.0712470499879096,-0.997458699830735,0.));
#3296=DIRECTION('center_axis',(-0.997458699830735,0.0712470499879096,0.));
#3297=DIRECTION('ref_axis',(-0.0712470499879096,-0.997458699830735,0.));
#3298=DIRECTION('',(0.,0.,1.));
#3299=DIRECTION('',(-0.0712470499879096,-0.997458699830735,0.));
#3300=DIRECTION('center_axis',(-0.997458699830735,0.0712470499879096,0.));
#3301=DIRECTION('ref_axis',(-0.0712470499879096,-0.997458699830735,0.));
#3302=DIRECTION('',(0.,0.,1.));
#3303=DIRECTION('',(-0.0712470499879096,-0.997458699830735,0.));
#3304=DIRECTION('',(0.,0.,1.));
#3305=DIRECTION('center_axis',(0.,1.,0.));
#3306=DIRECTION('ref_axis',(-1.,0.,0.));
#3307=DIRECTION('',(0.,0.,1.));
#3308=DIRECTION('',(-1.,0.,0.));
#3309=DIRECTION('center_axis',(0.997458699830735,0.0712470499879096,0.));
#3310=DIRECTION('ref_axis',(-0.0712470499879096,0.997458699830735,0.));
#3311=DIRECTION('',(0.,0.,1.));
#3312=DIRECTION('',(-0.0712470499879096,0.997458699830735,0.));
#3313=DIRECTION('center_axis',(0.997458699830735,0.0712470499879096,0.));
#3314=DIRECTION('ref_axis',(-0.0712470499879096,0.997458699830735,0.));
#3315=DIRECTION('',(0.,0.,1.));
#3316=DIRECTION('',(-0.0712470499879096,0.997458699830735,0.));
#3317=DIRECTION('',(0.,0.,1.));
#3318=DIRECTION('center_axis',(0.997458699830735,-0.0712470499879096,0.));
#3319=DIRECTION('ref_axis',(0.0712470499879096,0.997458699830735,0.));
#3320=DIRECTION('',(0.,0.,1.));
#3321=DIRECTION('',(0.0712470499879096,0.997458699830735,0.));
#3322=DIRECTION('center_axis',(0.,-1.,0.));
#3323=DIRECTION('ref_axis',(1.,0.,0.));
#3324=DIRECTION('',(0.,0.,1.));
#3325=DIRECTION('',(1.,0.,0.));
#3326=DIRECTION('center_axis',(0.,-1.,0.));
#3327=DIRECTION('ref_axis',(1.,0.,0.));
#3328=DIRECTION('',(0.,0.,1.));
#3329=DIRECTION('',(1.,0.,0.));
#3330=DIRECTION('',(0.,0.,1.));
#3331=DIRECTION('center_axis',(-1.,0.,0.));
#3332=DIRECTION('ref_axis',(0.,-1.,0.));
#3333=DIRECTION('',(0.,0.,1.));
#3334=DIRECTION('',(0.,-1.,0.));
#3335=DIRECTION('center_axis',(0.,1.,0.));
#3336=DIRECTION('ref_axis',(-1.,0.,0.));
#3337=DIRECTION('',(0.,0.,1.));
#3338=DIRECTION('',(-1.,0.,0.));
#3339=DIRECTION('',(0.,0.,1.));
#3340=DIRECTION('center_axis',(0.997458699830735,0.0712470499879096,0.));
#3341=DIRECTION('ref_axis',(-0.0712470499879096,0.997458699830735,0.));
#3342=DIRECTION('',(0.,0.,1.));
#3343=DIRECTION('',(-0.0712470499879096,0.997458699830735,0.));
#3344=DIRECTION('center_axis',(0.997458699830735,-0.0712470499879096,0.));
#3345=DIRECTION('ref_axis',(0.0712470499879096,0.997458699830735,0.));
#3346=DIRECTION('',(0.,0.,1.));
#3347=DIRECTION('',(0.0712470499879096,0.997458699830735,0.));
#3348=DIRECTION('center_axis',(0.,0.,-1.));
#3349=DIRECTION('ref_axis',(1.,0.,0.));
#3350=DIRECTION('center_axis',(0.,0.,-1.));
#3351=DIRECTION('ref_axis',(1.,0.,0.));
#3352=DIRECTION('',(0.,0.,-1.));
#3353=DIRECTION('center_axis',(0.,0.,1.));
#3354=DIRECTION('ref_axis',(1.,0.,0.));
#3355=DIRECTION('center_axis',(0.,0.,-1.));
#3356=DIRECTION('ref_axis',(1.,0.,0.));
#3357=DIRECTION('center_axis',(0.,0.,-1.));
#3358=DIRECTION('ref_axis',(1.,0.,0.));
#3359=DIRECTION('',(0.,0.,-1.));
#3360=DIRECTION('center_axis',(0.,0.,1.));
#3361=DIRECTION('ref_axis',(1.,0.,0.));
#3362=DIRECTION('center_axis',(1.26882631385732E-15,1.,0.));
#3363=DIRECTION('ref_axis',(1.,-1.26882631385732E-15,0.));
#3364=DIRECTION('',(0.,0.,-1.));
#3365=DIRECTION('',(1.,-1.26882631385732E-15,0.));
#3366=DIRECTION('',(0.,0.,-1.));
#3367=DIRECTION('center_axis',(-1.,1.77635683940025E-15,0.));
#3368=DIRECTION('ref_axis',(1.77635683940025E-15,1.,0.));
#3369=DIRECTION('',(1.77635683940025E-15,1.,0.));
#3370=DIRECTION('',(0.,0.,-1.));
#3371=DIRECTION('center_axis',(-1.26882631385732E-15,-1.,0.));
#3372=DIRECTION('ref_axis',(-1.,1.26882631385732E-15,0.));
#3373=DIRECTION('',(-1.,1.26882631385732E-15,0.));
#3374=DIRECTION('',(0.,0.,-1.));
#3375=DIRECTION('center_axis',(1.,-1.77635683940025E-15,0.));
#3376=DIRECTION('ref_axis',(-1.77635683940025E-15,-1.,0.));
#3377=DIRECTION('',(-1.77635683940025E-15,-1.,0.));
#3378=DIRECTION('center_axis',(0.,0.,-1.));
#3379=DIRECTION('ref_axis',(-1.,0.,0.));
#3380=DIRECTION('center_axis',(-1.,-1.77635683940025E-15,0.));
#3381=DIRECTION('ref_axis',(-1.77635683940025E-15,1.,0.));
#3382=DIRECTION('',(0.,0.,-1.));
#3383=DIRECTION('',(-1.77635683940025E-15,1.,0.));
#3384=DIRECTION('',(0.,0.,-1.));
#3385=DIRECTION('center_axis',(1.26882631385732E-15,-1.,0.));
#3386=DIRECTION('ref_axis',(-1.,-1.26882631385732E-15,0.));
#3387=DIRECTION('',(-1.,-1.26882631385732E-15,0.));
#3388=DIRECTION('',(0.,0.,-1.));
#3389=DIRECTION('center_axis',(1.,1.77635683940025E-15,0.));
#3390=DIRECTION('ref_axis',(1.77635683940025E-15,-1.,0.));
#3391=DIRECTION('',(1.77635683940025E-15,-1.,0.));
#3392=DIRECTION('',(0.,0.,-1.));
#3393=DIRECTION('center_axis',(-1.26882631385732E-15,1.,0.));
#3394=DIRECTION('ref_axis',(1.,1.26882631385732E-15,0.));
#3395=DIRECTION('',(1.,1.26882631385732E-15,0.));
#3396=DIRECTION('center_axis',(0.,0.,-1.));
#3397=DIRECTION('ref_axis',(-1.,0.,0.));
#3398=DIRECTION('center_axis',(0.,0.,-1.));
#3399=DIRECTION('ref_axis',(1.,0.,0.));
#3400=DIRECTION('center_axis',(0.,0.,-1.));
#3401=DIRECTION('ref_axis',(1.,0.,0.));
#3402=DIRECTION('',(0.,0.,-1.));
#3403=DIRECTION('center_axis',(0.,0.,1.));
#3404=DIRECTION('ref_axis',(1.,0.,0.));
#3405=DIRECTION('center_axis',(0.,0.,-1.));
#3406=DIRECTION('ref_axis',(1.,0.,0.));
#3407=DIRECTION('center_axis',(0.,0.,-1.));
#3408=DIRECTION('ref_axis',(1.,0.,0.));
#3409=DIRECTION('',(0.,0.,-1.));
#3410=DIRECTION('center_axis',(0.,0.,1.));
#3411=DIRECTION('ref_axis',(1.,0.,0.));
#3412=DIRECTION('center_axis',(0.,1.,0.));
#3413=DIRECTION('ref_axis',(0.,0.,1.));
#3414=DIRECTION('',(1.,0.,0.));
#3415=DIRECTION('',(0.,0.,-1.));
#3416=DIRECTION('center_axis',(0.,1.,0.));
#3417=DIRECTION('ref_axis',(0.,0.,1.));
#3418=DIRECTION('',(1.,0.,0.));
#3419=DIRECTION('',(0.,0.,-1.));
#3420=DIRECTION('center_axis',(0.,0.,1.));
#3421=DIRECTION('ref_axis',(-0.707106781186547,-0.707106781186547,0.));
#3422=DIRECTION('center_axis',(0.,0.,-1.));
#3423=DIRECTION('ref_axis',(-0.707106781186547,-0.707106781186547,0.));
#3424=DIRECTION('',(0.,0.,-1.));
#3425=DIRECTION('center_axis',(0.,0.,1.));
#3426=DIRECTION('ref_axis',(-0.707106781186547,-0.707106781186547,0.));
#3427=DIRECTION('',(0.,0.,1.));
#3428=DIRECTION('center_axis',(0.,0.,1.));
#3429=DIRECTION('ref_axis',(1.,0.,0.));
#3430=DIRECTION('',(-8.88178419700125E-17,-1.,0.));
#3431=DIRECTION('center_axis',(0.,0.,1.));
#3432=DIRECTION('ref_axis',(-0.707106781186547,0.707106781186547,0.));
#3433=DIRECTION('',(-1.,9.10952225333462E-17,0.));
#3434=DIRECTION('center_axis',(0.,0.,1.));
#3435=DIRECTION('ref_axis',(0.707106781186547,0.707106781186547,0.));
#3436=DIRECTION('',(0.,1.,0.));
#3437=DIRECTION('center_axis',(0.,0.,1.));
#3438=DIRECTION('ref_axis',(0.707106781186547,-0.707106781186547,0.));
#3439=DIRECTION('',(1.,-9.10952225333462E-17,0.));
#3440=DIRECTION('',(0.,-1.,0.));
#3441=DIRECTION('center_axis',(0.,0.,1.));
#3442=DIRECTION('ref_axis',(1.,0.,0.));
#3443=DIRECTION('center_axis',(0.,0.,1.));
#3444=DIRECTION('ref_axis',(1.,0.,0.));
#3445=DIRECTION('center_axis',(0.,0.,1.));
#3446=DIRECTION('ref_axis',(1.,0.,0.));
#3447=DIRECTION('center_axis',(0.,0.,1.));
#3448=DIRECTION('ref_axis',(1.,0.,0.));
#3449=DIRECTION('center_axis',(0.,0.,1.));
#3450=DIRECTION('ref_axis',(1.,0.,0.));
#3451=DIRECTION('center_axis',(0.,0.,1.));
#3452=DIRECTION('ref_axis',(1.,0.,0.));
#3453=DIRECTION('center_axis',(0.,0.,1.));
#3454=DIRECTION('ref_axis',(1.,0.,0.));
#3455=DIRECTION('center_axis',(0.,0.,1.));
#3456=DIRECTION('ref_axis',(1.,0.,0.));
#3457=DIRECTION('center_axis',(0.,0.,1.));
#3458=DIRECTION('ref_axis',(1.,0.,0.));
#3459=DIRECTION('center_axis',(0.,0.,1.));
#3460=DIRECTION('ref_axis',(1.,0.,0.));
#3461=DIRECTION('center_axis',(0.,0.,1.));
#3462=DIRECTION('ref_axis',(1.,0.,0.));
#3463=DIRECTION('center_axis',(0.,0.,1.));
#3464=DIRECTION('ref_axis',(1.,0.,0.));
#3465=DIRECTION('center_axis',(-1.,8.88178419700125E-17,0.));
#3466=DIRECTION('ref_axis',(-8.88178419700125E-17,-1.,0.));
#3467=DIRECTION('',(-8.88178419700125E-17,-1.,0.));
#3468=DIRECTION('',(0.,0.,1.));
#3469=DIRECTION('center_axis',(0.,0.,1.));
#3470=DIRECTION('ref_axis',(-0.707106781186547,0.707106781186547,0.));
#3471=DIRECTION('center_axis',(0.,0.,-1.));
#3472=DIRECTION('ref_axis',(-0.707106781186547,0.707106781186547,0.));
#3473=DIRECTION('',(0.,0.,-1.));
#3474=DIRECTION('center_axis',(0.,0.,1.));
#3475=DIRECTION('ref_axis',(0.707106781186547,0.707106781186547,0.));
#3476=DIRECTION('center_axis',(0.,0.,-1.));
#3477=DIRECTION('ref_axis',(0.707106781186547,0.707106781186547,0.));
#3478=DIRECTION('',(0.,0.,-1.));
#3479=DIRECTION('',(0.,0.,1.));
#3480=DIRECTION('center_axis',(1.,0.,0.));
#3481=DIRECTION('ref_axis',(0.,1.,0.));
#3482=DIRECTION('',(0.,1.,0.));
#3483=DIRECTION('',(0.,0.,1.));
#3484=DIRECTION('center_axis',(0.,0.,1.));
#3485=DIRECTION('ref_axis',(0.707106781186547,-0.707106781186547,0.));
#3486=DIRECTION('center_axis',(0.,0.,-1.));
#3487=DIRECTION('ref_axis',(0.707106781186547,-0.707106781186547,0.));
#3488=DIRECTION('',(0.,0.,-1.));
#3489=DIRECTION('center_axis',(0.,0.,-1.));
#3490=DIRECTION('ref_axis',(1.,0.,0.));
#3491=DIRECTION('center_axis',(0.,0.,-1.));
#3492=DIRECTION('ref_axis',(1.,0.,0.));
#3493=DIRECTION('',(0.,0.,-1.));
#3494=DIRECTION('center_axis',(0.,0.,-1.));
#3495=DIRECTION('ref_axis',(1.,0.,0.));
#3496=DIRECTION('center_axis',(0.,0.,-1.));
#3497=DIRECTION('ref_axis',(1.,0.,0.));
#3498=DIRECTION('',(0.,0.,-1.));
#3499=DIRECTION('center_axis',(0.,0.,-1.));
#3500=DIRECTION('ref_axis',(1.,0.,0.));
#3501=DIRECTION('center_axis',(0.,0.,-1.));
#3502=DIRECTION('ref_axis',(1.,0.,0.));
#3503=DIRECTION('',(0.,0.,-1.));
#3504=DIRECTION('center_axis',(0.,0.,-1.));
#3505=DIRECTION('ref_axis',(1.,0.,0.));
#3506=DIRECTION('center_axis',(0.,0.,-1.));
#3507=DIRECTION('ref_axis',(1.,0.,0.));
#3508=DIRECTION('',(0.,0.,-1.));
#3509=DIRECTION('center_axis',(0.,0.,-1.));
#3510=DIRECTION('ref_axis',(1.,0.,0.));
#3511=DIRECTION('center_axis',(0.,0.,-1.));
#3512=DIRECTION('ref_axis',(1.,0.,0.));
#3513=DIRECTION('',(0.,0.,-1.));
#3514=DIRECTION('center_axis',(0.,0.,-1.));
#3515=DIRECTION('ref_axis',(1.,0.,0.));
#3516=DIRECTION('center_axis',(0.,0.,-1.));
#3517=DIRECTION('ref_axis',(1.,0.,0.));
#3518=DIRECTION('',(0.,0.,-1.));
#3519=DIRECTION('center_axis',(0.,0.,-1.));
#3520=DIRECTION('ref_axis',(1.,0.,0.));
#3521=DIRECTION('center_axis',(0.,0.,-1.));
#3522=DIRECTION('ref_axis',(1.,0.,0.));
#3523=DIRECTION('',(0.,0.,-1.));
#3524=DIRECTION('center_axis',(0.,0.,-1.));
#3525=DIRECTION('ref_axis',(1.,0.,0.));
#3526=DIRECTION('center_axis',(0.,0.,-1.));
#3527=DIRECTION('ref_axis',(1.,0.,0.));
#3528=DIRECTION('',(0.,0.,-1.));
#3529=DIRECTION('center_axis',(0.,0.,-1.));
#3530=DIRECTION('ref_axis',(1.,0.,0.));
#3531=DIRECTION('center_axis',(0.,0.,-1.));
#3532=DIRECTION('ref_axis',(1.,0.,0.));
#3533=DIRECTION('',(0.,0.,-1.));
#3534=DIRECTION('center_axis',(0.,0.,-1.));
#3535=DIRECTION('ref_axis',(1.,0.,0.));
#3536=DIRECTION('center_axis',(0.,0.,-1.));
#3537=DIRECTION('ref_axis',(1.,0.,0.));
#3538=DIRECTION('',(0.,0.,-1.));
#3539=DIRECTION('center_axis',(0.,0.,-1.));
#3540=DIRECTION('ref_axis',(1.,0.,0.));
#3541=DIRECTION('center_axis',(0.,0.,-1.));
#3542=DIRECTION('ref_axis',(1.,0.,0.));
#3543=DIRECTION('',(0.,0.,-1.));
#3544=DIRECTION('center_axis',(0.,0.,-1.));
#3545=DIRECTION('ref_axis',(1.,0.,0.));
#3546=DIRECTION('center_axis',(0.,0.,-1.));
#3547=DIRECTION('ref_axis',(1.,0.,0.));
#3548=DIRECTION('',(0.,0.,-1.));
#3549=DIRECTION('center_axis',(-1.,0.,0.));
#3550=DIRECTION('ref_axis',(0.,0.,1.));
#3551=DIRECTION('',(0.,1.,0.));
#3552=DIRECTION('center_axis',(-1.,0.,0.));
#3553=DIRECTION('ref_axis',(0.,0.,1.));
#3554=DIRECTION('',(0.,1.,0.));
#3555=DIRECTION('center_axis',(0.,0.,-1.));
#3556=DIRECTION('ref_axis',(1.,0.,0.));
#3557=DIRECTION('',(0.,0.,-1.));
#3558=DIRECTION('center_axis',(0.,0.,-1.));
#3559=DIRECTION('ref_axis',(1.,0.,0.));
#3560=DIRECTION('',(0.,0.,-1.));
#3561=DIRECTION('center_axis',(0.,0.,-1.));
#3562=DIRECTION('ref_axis',(1.,0.,0.));
#3563=DIRECTION('',(0.,0.,-1.));
#3564=DIRECTION('center_axis',(0.,0.,-1.));
#3565=DIRECTION('ref_axis',(1.,0.,0.));
#3566=DIRECTION('',(0.,0.,-1.));
#3567=DIRECTION('center_axis',(0.,0.,-1.));
#3568=DIRECTION('ref_axis',(1.,0.,0.));
#3569=DIRECTION('',(0.,0.,-1.));
#3570=DIRECTION('center_axis',(0.,0.,-1.));
#3571=DIRECTION('ref_axis',(1.,0.,0.));
#3572=DIRECTION('',(0.,0.,-1.));
#3573=DIRECTION('center_axis',(0.,0.,-1.));
#3574=DIRECTION('ref_axis',(1.,0.,0.));
#3575=DIRECTION('',(0.,0.,-1.));
#3576=DIRECTION('center_axis',(0.,0.,-1.));
#3577=DIRECTION('ref_axis',(1.,0.,0.));
#3578=DIRECTION('',(0.,0.,-1.));
#3579=DIRECTION('center_axis',(0.,-1.,0.));
#3580=DIRECTION('ref_axis',(-1.,0.,0.));
#3581=DIRECTION('',(0.,0.,-1.));
#3582=DIRECTION('',(-1.,0.,0.));
#3583=DIRECTION('',(0.,0.,-1.));
#3584=DIRECTION('center_axis',(1.,0.,0.));
#3585=DIRECTION('ref_axis',(0.,-1.,0.));
#3586=DIRECTION('',(0.,-1.,0.));
#3587=DIRECTION('',(0.,0.,-1.));
#3588=DIRECTION('center_axis',(0.,1.,0.));
#3589=DIRECTION('ref_axis',(1.,0.,0.));
#3590=DIRECTION('',(1.,0.,0.));
#3591=DIRECTION('',(0.,0.,-1.));
#3592=DIRECTION('center_axis',(-1.,0.,0.));
#3593=DIRECTION('ref_axis',(0.,1.,0.));
#3594=DIRECTION('',(0.,1.,0.));
#3595=DIRECTION('center_axis',(0.,0.,-1.));
#3596=DIRECTION('ref_axis',(-1.,0.,0.));
#3597=DIRECTION('center_axis',(1.,0.,0.));
#3598=DIRECTION('ref_axis',(0.,-1.,0.));
#3599=DIRECTION('',(0.,0.,-1.));
#3600=DIRECTION('',(0.,-1.,0.));
#3601=DIRECTION('',(0.,0.,-1.));
#3602=DIRECTION('center_axis',(0.,1.,0.));
#3603=DIRECTION('ref_axis',(1.,0.,0.));
#3604=DIRECTION('',(1.,0.,0.));
#3605=DIRECTION('',(0.,0.,-1.));
#3606=DIRECTION('center_axis',(-1.,0.,0.));
#3607=DIRECTION('ref_axis',(0.,1.,0.));
#3608=DIRECTION('',(0.,1.,0.));
#3609=DIRECTION('',(0.,0.,-1.));
#3610=DIRECTION('center_axis',(0.,-1.,0.));
#3611=DIRECTION('ref_axis',(-1.,0.,0.));
#3612=DIRECTION('',(-1.,0.,0.));
#3613=DIRECTION('center_axis',(0.,0.,-1.));
#3614=DIRECTION('ref_axis',(-1.,0.,0.));
#3615=DIRECTION('center_axis',(0.,0.,-1.));
#3616=DIRECTION('ref_axis',(-1.,0.,0.));
#3617=DIRECTION('center_axis',(0.,0.,-1.));
#3618=DIRECTION('ref_axis',(-1.,0.,0.));
#3619=DIRECTION('',(0.,0.,-1.));
#3620=DIRECTION('center_axis',(0.,0.,-1.));
#3621=DIRECTION('ref_axis',(-1.,0.,0.));
#3622=DIRECTION('center_axis',(0.,0.,1.));
#3623=DIRECTION('ref_axis',(-1.,0.,0.));
#3624=DIRECTION('center_axis',(0.,0.,1.));
#3625=DIRECTION('ref_axis',(-1.,0.,0.));
#3626=DIRECTION('center_axis',(0.,0.,-1.));
#3627=DIRECTION('ref_axis',(-1.,0.,0.));
#3628=DIRECTION('center_axis',(0.,0.,-1.));
#3629=DIRECTION('ref_axis',(-1.,0.,0.));
#3630=DIRECTION('',(0.,0.,-1.));
#3631=DIRECTION('center_axis',(0.,0.,-1.));
#3632=DIRECTION('ref_axis',(-1.,0.,0.));
#3633=DIRECTION('center_axis',(0.,0.,1.));
#3634=DIRECTION('ref_axis',(-1.,0.,0.));
#3635=DIRECTION('center_axis',(0.,0.,1.));
#3636=DIRECTION('ref_axis',(-1.,0.,0.));
#3637=DIRECTION('center_axis',(0.,0.,-1.));
#3638=DIRECTION('ref_axis',(-1.,0.,0.));
#3639=DIRECTION('center_axis',(0.,0.,-1.));
#3640=DIRECTION('ref_axis',(-1.,0.,0.));
#3641=DIRECTION('',(0.,0.,-1.));
#3642=DIRECTION('center_axis',(0.,0.,-1.));
#3643=DIRECTION('ref_axis',(-1.,0.,0.));
#3644=DIRECTION('center_axis',(0.,0.,1.));
#3645=DIRECTION('ref_axis',(-1.,0.,0.));
#3646=DIRECTION('center_axis',(0.,0.,1.));
#3647=DIRECTION('ref_axis',(-1.,0.,0.));
#3648=DIRECTION('center_axis',(0.,0.,-1.));
#3649=DIRECTION('ref_axis',(-1.,0.,0.));
#3650=DIRECTION('center_axis',(0.,0.,-1.));
#3651=DIRECTION('ref_axis',(-1.,0.,0.));
#3652=DIRECTION('',(0.,0.,-1.));
#3653=DIRECTION('center_axis',(0.,0.,-1.));
#3654=DIRECTION('ref_axis',(-1.,0.,0.));
#3655=DIRECTION('center_axis',(0.,0.,1.));
#3656=DIRECTION('ref_axis',(-1.,0.,0.));
#3657=DIRECTION('center_axis',(0.,0.,1.));
#3658=DIRECTION('ref_axis',(-1.,0.,0.));
#3659=DIRECTION('center_axis',(0.,0.,-1.));
#3660=DIRECTION('ref_axis',(-1.,0.,0.));
#3661=DIRECTION('center_axis',(0.,0.,-1.));
#3662=DIRECTION('ref_axis',(-1.,0.,0.));
#3663=DIRECTION('',(0.,0.,-1.));
#3664=DIRECTION('center_axis',(0.,0.,-1.));
#3665=DIRECTION('ref_axis',(-1.,0.,0.));
#3666=DIRECTION('center_axis',(0.,0.,1.));
#3667=DIRECTION('ref_axis',(-1.,0.,0.));
#3668=DIRECTION('center_axis',(0.,0.,1.));
#3669=DIRECTION('ref_axis',(-1.,0.,0.));
#3670=DIRECTION('center_axis',(0.,0.,-1.));
#3671=DIRECTION('ref_axis',(-1.,0.,0.));
#3672=DIRECTION('center_axis',(0.,0.,-1.));
#3673=DIRECTION('ref_axis',(-1.,0.,0.));
#3674=DIRECTION('',(0.,0.,-1.));
#3675=DIRECTION('center_axis',(0.,0.,-1.));
#3676=DIRECTION('ref_axis',(-1.,0.,0.));
#3677=DIRECTION('center_axis',(0.,0.,1.));
#3678=DIRECTION('ref_axis',(-1.,0.,0.));
#3679=DIRECTION('center_axis',(0.,0.,1.));
#3680=DIRECTION('ref_axis',(-1.,0.,0.));
#3681=DIRECTION('center_axis',(0.,0.,-1.));
#3682=DIRECTION('ref_axis',(-1.,0.,0.));
#3683=DIRECTION('center_axis',(0.,0.,-1.));
#3684=DIRECTION('ref_axis',(-1.,0.,0.));
#3685=DIRECTION('',(0.,0.,-1.));
#3686=DIRECTION('center_axis',(0.,0.,-1.));
#3687=DIRECTION('ref_axis',(-1.,0.,0.));
#3688=DIRECTION('center_axis',(0.,0.,1.));
#3689=DIRECTION('ref_axis',(-1.,0.,0.));
#3690=DIRECTION('center_axis',(0.,0.,1.));
#3691=DIRECTION('ref_axis',(-1.,0.,0.));
#3692=DIRECTION('center_axis',(0.,0.,-1.));
#3693=DIRECTION('ref_axis',(-1.,0.,0.));
#3694=DIRECTION('center_axis',(0.,0.,-1.));
#3695=DIRECTION('ref_axis',(-1.,0.,0.));
#3696=DIRECTION('',(0.,0.,-1.));
#3697=DIRECTION('center_axis',(0.,0.,-1.));
#3698=DIRECTION('ref_axis',(-1.,0.,0.));
#3699=DIRECTION('center_axis',(0.,0.,1.));
#3700=DIRECTION('ref_axis',(-1.,0.,0.));
#3701=DIRECTION('center_axis',(0.,0.,1.));
#3702=DIRECTION('ref_axis',(-1.,0.,0.));
#3703=DIRECTION('center_axis',(0.,0.,1.));
#3704=DIRECTION('ref_axis',(-1.,0.,0.));
#3705=DIRECTION('',(0.,0.,1.));
#3706=DIRECTION('center_axis',(0.,0.,1.));
#3707=DIRECTION('ref_axis',(-1.,0.,0.));
#3708=DIRECTION('',(0.,0.,1.));
#3709=DIRECTION('center_axis',(0.,0.,1.));
#3710=DIRECTION('ref_axis',(-1.,0.,0.));
#3711=DIRECTION('',(0.,0.,1.));
#3712=DIRECTION('center_axis',(0.,0.,1.));
#3713=DIRECTION('ref_axis',(-1.,0.,0.));
#3714=DIRECTION('',(0.,0.,1.));
#3715=DIRECTION('center_axis',(0.,0.,1.));
#3716=DIRECTION('ref_axis',(-1.,0.,0.));
#3717=DIRECTION('',(0.,0.,1.));
#3718=DIRECTION('center_axis',(0.,0.,1.));
#3719=DIRECTION('ref_axis',(-1.,0.,0.));
#3720=DIRECTION('',(0.,0.,1.));
#3721=DIRECTION('center_axis',(0.,0.,1.));
#3722=DIRECTION('ref_axis',(-1.,0.,0.));
#3723=DIRECTION('',(0.,0.,1.));
#3724=DIRECTION('center_axis',(0.,0.,1.));
#3725=DIRECTION('ref_axis',(-1.,0.,0.));
#3726=DIRECTION('',(0.,0.,1.));
#3727=DIRECTION('center_axis',(1.,0.,0.));
#3728=DIRECTION('ref_axis',(0.,1.,0.));
#3729=DIRECTION('',(0.,1.,0.));
#3730=DIRECTION('',(0.,0.,1.));
#3731=DIRECTION('center_axis',(0.,1.,0.));
#3732=DIRECTION('ref_axis',(-1.,0.,0.));
#3733=DIRECTION('',(-1.,0.,0.));
#3734=DIRECTION('center_axis',(-1.,0.,0.));
#3735=DIRECTION('ref_axis',(0.,-1.,0.));
#3736=DIRECTION('center_axis',(-9.10952225333462E-17,-1.,0.));
#3737=DIRECTION('ref_axis',(1.,-9.10952225333462E-17,0.));
#3738=DIRECTION('',(1.,-9.10952225333462E-17,0.));
#3739=DIRECTION('center_axis',(0.,0.,1.));
#3740=DIRECTION('ref_axis',(1.,0.,0.));
#3741=DIRECTION('center_axis',(0.,0.,-1.));
#3742=DIRECTION('ref_axis',(1.,0.,0.));
#3743=DIRECTION('',(0.,0.,-1.));
#3744=DIRECTION('center_axis',(0.,0.,1.));
#3745=DIRECTION('ref_axis',(1.,0.,0.));
#3746=DIRECTION('center_axis',(0.,0.,-1.));
#3747=DIRECTION('ref_axis',(1.,0.,0.));
#3748=DIRECTION('',(0.,0.,-1.));
#3749=DIRECTION('center_axis',(0.,0.,1.));
#3750=DIRECTION('ref_axis',(1.,0.,0.));
#3751=DIRECTION('center_axis',(0.,0.,-1.));
#3752=DIRECTION('ref_axis',(1.,0.,0.));
#3753=DIRECTION('',(0.,0.,-1.));
#3754=DIRECTION('center_axis',(0.997458699830735,-0.0712470499879096,0.));
#3755=DIRECTION('ref_axis',(0.0712470499879096,0.997458699830735,0.));
#3756=DIRECTION('',(0.0712470499879096,0.997458699830735,0.));
#3757=DIRECTION('',(0.,0.,1.));
#3758=DIRECTION('center_axis',(0.997458699830735,0.0712470499879096,0.));
#3759=DIRECTION('ref_axis',(-0.0712470499879096,0.997458699830735,0.));
#3760=DIRECTION('',(-0.0712470499879096,0.997458699830735,0.));
#3761=DIRECTION('',(0.,0.,1.));
#3762=DIRECTION('center_axis',(0.,1.,0.));
#3763=DIRECTION('ref_axis',(-1.,0.,0.));
#3764=DIRECTION('',(-1.,0.,0.));
#3765=DIRECTION('center_axis',(-0.997458699830735,0.0712470499879096,0.));
#3766=DIRECTION('ref_axis',(-0.0712470499879096,-0.997458699830735,0.));
#3767=DIRECTION('',(-0.0712470499879096,-0.997458699830735,0.));
#3768=DIRECTION('',(0.,0.,1.));
#3769=DIRECTION('center_axis',(-0.997458699830735,-0.0712470499879096,0.));
#3770=DIRECTION('ref_axis',(0.0712470499879096,-0.997458699830735,0.));
#3771=DIRECTION('',(0.0712470499879096,-0.997458699830735,0.));
#3772=DIRECTION('',(0.,0.,1.));
#3773=DIRECTION('center_axis',(0.,-1.,0.));
#3774=DIRECTION('ref_axis',(1.,0.,0.));
#3775=DIRECTION('',(1.,0.,0.));
#3776=DIRECTION('center_axis',(-0.997458699830735,-0.0712470499879096,0.));
#3777=DIRECTION('ref_axis',(0.0712470499879096,-0.997458699830735,0.));
#3778=DIRECTION('',(0.0712470499879096,-0.997458699830735,0.));
#3779=DIRECTION('',(0.,0.,1.));
#3780=DIRECTION('center_axis',(-2.22044604925031E-16,-1.,0.));
#3781=DIRECTION('ref_axis',(1.,-2.22044604925031E-16,0.));
#3782=DIRECTION('',(1.,-2.22044604925031E-16,0.));
#3783=DIRECTION('',(0.,0.,1.));
#3784=DIRECTION('center_axis',(0.997458699830735,-0.0712470499879096,0.));
#3785=DIRECTION('ref_axis',(0.0712470499879096,0.997458699830735,0.));
#3786=DIRECTION('',(0.0712470499879096,0.997458699830735,0.));
#3787=DIRECTION('center_axis',(0.,0.,1.));
#3788=DIRECTION('ref_axis',(1.,0.,0.));
#3789=DIRECTION('center_axis',(0.,0.,-1.));
#3790=DIRECTION('ref_axis',(1.,0.,0.));
#3791=DIRECTION('',(0.,0.,-1.));
#3792=DIRECTION('center_axis',(0.,0.,1.));
#3793=DIRECTION('ref_axis',(1.,0.,0.));
#3794=DIRECTION('center_axis',(0.,0.,-1.));
#3795=DIRECTION('ref_axis',(1.,0.,0.));
#3796=DIRECTION('',(0.,0.,-1.));
#3797=DIRECTION('center_axis',(0.,0.,1.));
#3798=DIRECTION('ref_axis',(1.,0.,0.));
#3799=DIRECTION('center_axis',(0.,0.,-1.));
#3800=DIRECTION('ref_axis',(1.,0.,0.));
#3801=DIRECTION('',(0.,0.,-1.));
#3802=DIRECTION('center_axis',(0.,0.,1.));
#3803=DIRECTION('ref_axis',(1.,0.,0.));
#3804=DIRECTION('center_axis',(0.,0.,-1.));
#3805=DIRECTION('ref_axis',(1.,0.,0.));
#3806=DIRECTION('',(0.,0.,-1.));
#3807=DIRECTION('center_axis',(0.,0.,1.));
#3808=DIRECTION('ref_axis',(1.,0.,0.));
#3809=DIRECTION('center_axis',(0.,0.,-1.));
#3810=DIRECTION('ref_axis',(1.,0.,0.));
#3811=DIRECTION('',(0.,0.,-1.));
#3812=DIRECTION('center_axis',(0.,0.,1.));
#3813=DIRECTION('ref_axis',(1.,0.,0.));
#3814=DIRECTION('center_axis',(0.,0.,-1.));
#3815=DIRECTION('ref_axis',(1.,0.,0.));
#3816=DIRECTION('',(0.,0.,-1.));
#3817=DIRECTION('center_axis',(0.,0.,1.));
#3818=DIRECTION('ref_axis',(1.,0.,0.));
#3819=DIRECTION('center_axis',(0.,0.,-1.));
#3820=DIRECTION('ref_axis',(1.,0.,0.));
#3821=DIRECTION('',(0.,0.,-1.));
#3822=DIRECTION('center_axis',(0.,0.,1.));
#3823=DIRECTION('ref_axis',(1.,0.,0.));
#3824=DIRECTION('center_axis',(0.,0.,-1.));
#3825=DIRECTION('ref_axis',(1.,0.,0.));
#3826=DIRECTION('',(0.,0.,-1.));
#3827=DIRECTION('center_axis',(0.,0.,1.));
#3828=DIRECTION('ref_axis',(1.,0.,0.));
#3829=DIRECTION('center_axis',(0.,0.,-1.));
#3830=DIRECTION('ref_axis',(1.,0.,0.));
#3831=DIRECTION('',(0.,0.,-1.));
#3832=DIRECTION('center_axis',(0.,0.,1.));
#3833=DIRECTION('ref_axis',(1.,0.,0.));
#3834=DIRECTION('center_axis',(0.,0.,-1.));
#3835=DIRECTION('ref_axis',(1.,0.,0.));
#3836=DIRECTION('',(0.,0.,-1.));
#3837=DIRECTION('center_axis',(0.,1.,0.));
#3838=DIRECTION('ref_axis',(-1.,0.,0.));
#3839=DIRECTION('',(-1.,0.,0.));
#3840=DIRECTION('',(0.,0.,1.));
#3841=DIRECTION('center_axis',(-0.997458699830735,0.0712470499879096,0.));
#3842=DIRECTION('ref_axis',(-0.0712470499879096,-0.997458699830735,0.));
#3843=DIRECTION('',(-0.0712470499879096,-0.997458699830735,0.));
#3844=DIRECTION('',(0.,0.,1.));
#3845=DIRECTION('center_axis',(-0.997458699830735,-0.0712470499879096,0.));
#3846=DIRECTION('ref_axis',(0.0712470499879096,-0.997458699830735,0.));
#3847=DIRECTION('',(0.0712470499879096,-0.997458699830735,0.));
#3848=DIRECTION('center_axis',(0.,0.,1.));
#3849=DIRECTION('ref_axis',(1.,0.,0.));
#3850=DIRECTION('center_axis',(0.,0.,-1.));
#3851=DIRECTION('ref_axis',(1.,0.,0.));
#3852=DIRECTION('',(0.,0.,-1.));
#3853=DIRECTION('center_axis',(0.,0.,1.));
#3854=DIRECTION('ref_axis',(1.,0.,0.));
#3855=DIRECTION('center_axis',(0.,0.,-1.));
#3856=DIRECTION('ref_axis',(1.,0.,0.));
#3857=DIRECTION('',(0.,0.,-1.));
#3858=DIRECTION('center_axis',(0.,0.,1.));
#3859=DIRECTION('ref_axis',(1.,0.,0.));
#3860=DIRECTION('center_axis',(0.,0.,-1.));
#3861=DIRECTION('ref_axis',(1.,0.,0.));
#3862=DIRECTION('',(0.,0.,-1.));
#3863=DIRECTION('center_axis',(9.10952225333462E-17,1.,0.));
#3864=DIRECTION('ref_axis',(-1.,9.10952225333462E-17,0.));
#3865=DIRECTION('',(-1.,9.10952225333462E-17,0.));
#3866=DIRECTION('center_axis',(0.,0.,1.));
#3867=DIRECTION('ref_axis',(1.,0.,0.));
#3868=CARTESIAN_POINT('',(0.,0.,0.));
#3869=CARTESIAN_POINT('Origin',(110.41269454885,-99.9999999999999,8.39));
#3870=CARTESIAN_POINT('',(125.41269454885,-119.25,8.39));
#3871=CARTESIAN_POINT('',(95.4126945488495,-119.25,8.39));
#3872=CARTESIAN_POINT('',(117.66269454885,-119.25,8.39));
#3873=CARTESIAN_POINT('',(125.41269454885,-80.7499999999999,8.39));
#3874=CARTESIAN_POINT('',(125.41269454885,-90.6249999999999,8.39));
#3875=CARTESIAN_POINT('',(95.4126945488495,-80.7499999999999,8.39));
#3876=CARTESIAN_POINT('',(103.16269454885,-80.7499999999999,8.39));
#3877=CARTESIAN_POINT('',(95.4126945488495,-109.375,8.39));
#3878=CARTESIAN_POINT('',(97.8926945488495,-114.25,8.39));
#3879=CARTESIAN_POINT('Origin',(99.9126945488495,-114.25,8.39));
#3880=CARTESIAN_POINT('',(97.8926945488495,-85.75,8.39));
#3881=CARTESIAN_POINT('Origin',(99.9126945488495,-85.75,8.39));
#3882=CARTESIAN_POINT('',(118.892694548849,-85.75,8.39));
#3883=CARTESIAN_POINT('Origin',(120.912694548849,-85.75,8.39));
#3884=CARTESIAN_POINT('',(118.892694548849,-114.25,8.39));
#3885=CARTESIAN_POINT('Origin',(120.912694548849,-114.25,8.39));
#3886=CARTESIAN_POINT('Origin',(125.41269454885,-81.2499999999999,10.));
#3887=CARTESIAN_POINT('',(125.41269454885,-119.25,10.));
#3888=CARTESIAN_POINT('',(125.41269454885,-119.25,10.));
#3889=CARTESIAN_POINT('',(125.41269454885,-80.7499999999999,10.));
#3890=CARTESIAN_POINT('',(125.41269454885,-40.6249999999999,10.));
#3891=CARTESIAN_POINT('',(125.41269454885,-80.7499999999999,10.));
#3892=CARTESIAN_POINT('Origin',(124.91269454885,-119.25,10.));
#3893=CARTESIAN_POINT('',(95.4126945488495,-119.25,10.));
#3894=CARTESIAN_POINT('',(95.4126945488495,-119.25,10.));
#3895=CARTESIAN_POINT('',(47.9563472744248,-119.25,10.));
#3896=CARTESIAN_POINT('Origin',(-110.412694548849,-100.,8.39));
#3897=CARTESIAN_POINT('',(-95.4126945488495,-119.25,8.39));
#3898=CARTESIAN_POINT('',(-125.412694548849,-119.25,8.39));
#3899=CARTESIAN_POINT('',(-103.162694548849,-119.25,8.39));
#3900=CARTESIAN_POINT('',(-95.4126945488495,-80.75,8.39));
#3901=CARTESIAN_POINT('',(-95.4126945488495,-90.625,8.39));
#3902=CARTESIAN_POINT('',(-125.412694548849,-80.7499999999999,8.39));
#3903=CARTESIAN_POINT('',(-117.662694548849,-80.7499999999999,8.39));
#3904=CARTESIAN_POINT('',(-125.412694548849,-109.375,8.39));
#3905=CARTESIAN_POINT('',(-101.932694548849,-114.25,8.39));
#3906=CARTESIAN_POINT('Origin',(-99.9126945488495,-114.25,8.39));
#3907=CARTESIAN_POINT('',(-122.932694548849,-85.75,8.39));
#3908=CARTESIAN_POINT('Origin',(-120.912694548849,-85.75,8.39));
#3909=CARTESIAN_POINT('',(-101.932694548849,-85.75,8.39));
#3910=CARTESIAN_POINT('Origin',(-99.9126945488495,-85.75,8.39));
#3911=CARTESIAN_POINT('',(-122.932694548849,-114.25,8.39));
#3912=CARTESIAN_POINT('Origin',(-120.912694548849,-114.25,8.39));
#3913=CARTESIAN_POINT('Origin',(-95.4126945488495,-81.25,10.));
#3914=CARTESIAN_POINT('',(-95.4126945488495,-119.25,10.));
#3915=CARTESIAN_POINT('',(-95.4126945488495,-119.25,10.));
#3916=CARTESIAN_POINT('',(-95.4126945488495,-80.75,10.));
#3917=CARTESIAN_POINT('',(-95.4126945488495,-40.625,10.));
#3918=CARTESIAN_POINT('',(-95.4126945488495,-80.75,10.));
#3919=CARTESIAN_POINT('Origin',(-95.9126945488495,-119.25,10.));
#3920=CARTESIAN_POINT('',(-125.412694548849,-119.25,10.));
#3921=CARTESIAN_POINT('',(-125.412694548849,-119.25,10.));
#3922=CARTESIAN_POINT('',(-47.9563472744247,-119.25,10.));
#3923=CARTESIAN_POINT('Origin',(170.,175.,0.));
#3924=CARTESIAN_POINT('',(170.,195.,5.));
#3925=CARTESIAN_POINT('',(190.,175.,5.));
#3926=CARTESIAN_POINT('Origin',(170.,175.,5.));
#3927=CARTESIAN_POINT('',(190.,175.,0.));
#3928=CARTESIAN_POINT('',(190.,175.,0.));
#3929=CARTESIAN_POINT('',(170.,195.,0.));
#3930=CARTESIAN_POINT('Origin',(170.,175.,0.));
#3931=CARTESIAN_POINT('',(170.,195.,0.));
#3932=CARTESIAN_POINT('Origin',(-190.,195.,0.));
#3933=CARTESIAN_POINT('',(-170.,195.,0.));
#3934=CARTESIAN_POINT('',(-190.,195.,0.));
#3935=CARTESIAN_POINT('',(-170.,195.,5.));
#3936=CARTESIAN_POINT('',(-170.,195.,0.));
#3937=CARTESIAN_POINT('',(-190.,195.,5.));
#3938=CARTESIAN_POINT('Origin',(3.5527136788005E-14,0.,0.));
#3939=CARTESIAN_POINT('',(190.,-175.,0.));
#3940=CARTESIAN_POINT('',(190.,97.5,0.));
#3941=CARTESIAN_POINT('',(170.,-195.,0.));
#3942=CARTESIAN_POINT('Origin',(170.,-175.,0.));
#3943=CARTESIAN_POINT('',(-170.,-195.,0.));
#3944=CARTESIAN_POINT('',(95.,-195.,0.));
#3945=CARTESIAN_POINT('',(-190.,-175.,0.));
#3946=CARTESIAN_POINT('Origin',(-170.,-175.,0.));
#3947=CARTESIAN_POINT('',(-190.,175.,0.));
#3948=CARTESIAN_POINT('',(-190.,-97.5,0.));
#3949=CARTESIAN_POINT('Origin',(-170.,175.,0.));
#3950=CARTESIAN_POINT('',(-124.41269454885,110.,0.));
#3951=CARTESIAN_POINT('',(-124.412694548849,90.,0.));
#3952=CARTESIAN_POINT('',(-124.412694548849,44.9999999999999,0.));
#3953=CARTESIAN_POINT('',(-96.4126945488495,90.,0.));
#3954=CARTESIAN_POINT('',(-48.2063472744248,90.0000000000001,0.));
#3955=CARTESIAN_POINT('',(-96.4126945488495,110.,0.));
#3956=CARTESIAN_POINT('',(-96.4126945488494,54.9999999999999,0.));
#3957=CARTESIAN_POINT('',(-62.2063472744248,110.,0.));
#3958=CARTESIAN_POINT('',(97.8926945488495,-114.25,0.));
#3959=CARTESIAN_POINT('Origin',(99.9126945488495,-114.25,0.));
#3960=CARTESIAN_POINT('',(97.8926945488495,-85.75,0.));
#3961=CARTESIAN_POINT('Origin',(99.9126945488495,-85.75,0.));
#3962=CARTESIAN_POINT('',(-101.932694548849,-114.25,0.));
#3963=CARTESIAN_POINT('Origin',(-99.9126945488495,-114.25,0.));
#3964=CARTESIAN_POINT('',(-122.932694548849,-85.75,0.));
#3965=CARTESIAN_POINT('Origin',(-120.912694548849,-85.75,0.));
#3966=CARTESIAN_POINT('',(-101.932694548849,-85.75,0.));
#3967=CARTESIAN_POINT('Origin',(-99.9126945488495,-85.75,0.));
#3968=CARTESIAN_POINT('',(-122.932694548849,-114.25,0.));
#3969=CARTESIAN_POINT('Origin',(-120.912694548849,-114.25,0.));
#3970=CARTESIAN_POINT('',(118.892694548849,-85.75,0.));
#3971=CARTESIAN_POINT('Origin',(120.912694548849,-85.75,0.));
#3972=CARTESIAN_POINT('',(118.892694548849,-114.25,0.));
#3973=CARTESIAN_POINT('Origin',(120.912694548849,-114.25,0.));
#3974=CARTESIAN_POINT('',(124.41269454885,-110.,0.));
#3975=CARTESIAN_POINT('',(124.41269454885,-90.,0.));
#3976=CARTESIAN_POINT('',(124.41269454885,-45.,0.));
#3977=CARTESIAN_POINT('',(96.4126945488496,-90.,0.));
#3978=CARTESIAN_POINT('',(48.2063472744248,-90.,0.));
#3979=CARTESIAN_POINT('',(96.4126945488496,-110.,0.));
#3980=CARTESIAN_POINT('',(96.4126945488496,-55.,0.));
#3981=CARTESIAN_POINT('',(62.2063472744248,-110.,0.));
#3982=CARTESIAN_POINT('',(-124.412694548849,-110.,0.));
#3983=CARTESIAN_POINT('',(-96.4126945488495,-110.,0.));
#3984=CARTESIAN_POINT('',(-48.2063472744247,-110.,0.));
#3985=CARTESIAN_POINT('',(-96.4126945488495,-90.,0.));
#3986=CARTESIAN_POINT('',(-96.4126945488495,-45.,0.));
#3987=CARTESIAN_POINT('',(-124.412694548849,-90.,0.));
#3988=CARTESIAN_POINT('',(-62.2063472744247,-90.,0.));
#3989=CARTESIAN_POINT('',(-124.412694548849,-55.,0.));
#3990=CARTESIAN_POINT('',(-63.495,40.,0.));
#3991=CARTESIAN_POINT('Origin',(-65.015,40.,0.));
#3992=CARTESIAN_POINT('',(36.5200000000001,75.015,0.));
#3993=CARTESIAN_POINT('Origin',(35.0000000000001,75.015,0.));
#3994=CARTESIAN_POINT('',(66.52,-40.,0.));
#3995=CARTESIAN_POINT('Origin',(65.,-40.,0.));
#3996=CARTESIAN_POINT('',(-33.48,-75.015,0.));
#3997=CARTESIAN_POINT('Origin',(-35.,-75.015,0.));
#3998=CARTESIAN_POINT('',(36.52,-75.015,0.));
#3999=CARTESIAN_POINT('Origin',(35.,-75.015,0.));
#4000=CARTESIAN_POINT('',(66.52,40.,0.));
#4001=CARTESIAN_POINT('Origin',(65.,40.,0.));
#4002=CARTESIAN_POINT('',(-33.4799999999999,75.015,0.));
#4003=CARTESIAN_POINT('Origin',(-34.9999999999999,75.015,0.));
#4004=CARTESIAN_POINT('',(-63.495,-40.,0.));
#4005=CARTESIAN_POINT('Origin',(-65.015,-40.,0.));
#4006=CARTESIAN_POINT('',(-60.02,70.02,0.));
#4007=CARTESIAN_POINT('',(60.02,70.02,0.));
#4008=CARTESIAN_POINT('',(-60.02,70.02,0.));
#4009=CARTESIAN_POINT('',(-60.02,-70.02,0.));
#4010=CARTESIAN_POINT('',(-60.02,-70.02,0.));
#4011=CARTESIAN_POINT('',(60.02,-70.02,0.));
#4012=CARTESIAN_POINT('',(60.02,-70.02,0.));
#4013=CARTESIAN_POINT('',(60.02,70.02,0.));
#4014=CARTESIAN_POINT('',(-99.4276945488495,-73.2715,0.));
#4015=CARTESIAN_POINT('Origin',(-97.9126945488495,-73.2715,0.));
#4016=CARTESIAN_POINT('',(-99.4276945488495,126.7285,0.));
#4017=CARTESIAN_POINT('Origin',(-97.9126945488495,126.7285,0.));
#4018=CARTESIAN_POINT('',(-124.42769454885,73.2715,0.));
#4019=CARTESIAN_POINT('Origin',(-122.91269454885,73.2715,0.));
#4020=CARTESIAN_POINT('',(-180.,30.,0.));
#4021=CARTESIAN_POINT('',(-185.,100.,0.));
#4022=CARTESIAN_POINT('',(-185.,100.,0.));
#4023=CARTESIAN_POINT('',(-140.,30.,0.));
#4024=CARTESIAN_POINT('',(-140.,30.,0.));
#4025=CARTESIAN_POINT('',(-135.,100.,0.));
#4026=CARTESIAN_POINT('',(-135.,100.,0.));
#4027=CARTESIAN_POINT('',(-140.,170.,0.));
#4028=CARTESIAN_POINT('',(-140.,170.,0.));
#4029=CARTESIAN_POINT('',(-180.,170.,0.));
#4030=CARTESIAN_POINT('',(-180.,170.,0.));
#4031=CARTESIAN_POINT('',(-180.,170.,0.));
#4032=CARTESIAN_POINT('',(121.39769454885,-73.2715,0.));
#4033=CARTESIAN_POINT('Origin',(122.91269454885,-73.2715,0.));
#4034=CARTESIAN_POINT('',(96.3976945488496,73.2715,0.));
#4035=CARTESIAN_POINT('Origin',(97.9126945488496,73.2715,0.));
#4036=CARTESIAN_POINT('',(121.39769454885,73.2715,0.));
#4037=CARTESIAN_POINT('Origin',(122.91269454885,73.2715,0.));
#4038=CARTESIAN_POINT('',(-124.427694548849,-126.7285,0.));
#4039=CARTESIAN_POINT('Origin',(-122.912694548849,-126.7285,0.));
#4040=CARTESIAN_POINT('',(96.3976945488495,-126.7285,0.));
#4041=CARTESIAN_POINT('Origin',(97.9126945488495,-126.7285,0.));
#4042=CARTESIAN_POINT('',(96.3976945488496,126.7285,0.));
#4043=CARTESIAN_POINT('Origin',(97.9126945488496,126.7285,0.));
#4044=CARTESIAN_POINT('',(-124.42769454885,-73.2715,0.));
#4045=CARTESIAN_POINT('Origin',(-122.91269454885,-73.2715,0.));
#4046=CARTESIAN_POINT('',(-124.42769454885,126.7285,0.));
#4047=CARTESIAN_POINT('Origin',(-122.91269454885,126.7285,0.));
#4048=CARTESIAN_POINT('',(121.39769454885,-126.7285,0.));
#4049=CARTESIAN_POINT('Origin',(122.91269454885,-126.7285,0.));
#4050=CARTESIAN_POINT('',(121.39769454885,126.7285,0.));
#4051=CARTESIAN_POINT('Origin',(122.91269454885,126.7285,0.));
#4052=CARTESIAN_POINT('',(185.,-100.,0.));
#4053=CARTESIAN_POINT('',(180.,-170.,0.));
#4054=CARTESIAN_POINT('',(180.,-170.,0.));
#4055=CARTESIAN_POINT('',(180.,-30.,0.));
#4056=CARTESIAN_POINT('',(185.,-100.,0.));
#4057=CARTESIAN_POINT('',(140.,-30.,0.));
#4058=CARTESIAN_POINT('',(140.,-30.,0.));
#4059=CARTESIAN_POINT('',(135.,-100.,0.));
#4060=CARTESIAN_POINT('',(135.,-100.,0.));
#4061=CARTESIAN_POINT('',(140.,-170.,0.));
#4062=CARTESIAN_POINT('',(140.,-170.,0.));
#4063=CARTESIAN_POINT('',(180.,-170.,0.));
#4064=CARTESIAN_POINT('',(-140.,-170.,0.));
#4065=CARTESIAN_POINT('',(-180.,-170.,0.));
#4066=CARTESIAN_POINT('',(-180.,-170.,0.));
#4067=CARTESIAN_POINT('',(-135.,-100.,0.));
#4068=CARTESIAN_POINT('',(-140.,-170.,0.));
#4069=CARTESIAN_POINT('',(-140.,-30.,0.));
#4070=CARTESIAN_POINT('',(-135.,-100.,0.));
#4071=CARTESIAN_POINT('',(-180.,-30.,0.));
#4072=CARTESIAN_POINT('',(-140.,-30.,0.));
#4073=CARTESIAN_POINT('',(-185.,-100.,0.));
#4074=CARTESIAN_POINT('',(-185.,-100.,0.));
#4075=CARTESIAN_POINT('',(-180.,-170.,0.));
#4076=CARTESIAN_POINT('',(140.,170.,0.));
#4077=CARTESIAN_POINT('',(180.,170.,0.));
#4078=CARTESIAN_POINT('',(180.,170.,0.));
#4079=CARTESIAN_POINT('',(135.,100.,0.));
#4080=CARTESIAN_POINT('',(140.,170.,0.));
#4081=CARTESIAN_POINT('',(140.,30.,0.));
#4082=CARTESIAN_POINT('',(135.,100.,0.));
#4083=CARTESIAN_POINT('',(180.,30.,0.));
#4084=CARTESIAN_POINT('',(140.,30.,0.));
#4085=CARTESIAN_POINT('',(185.,100.,0.));
#4086=CARTESIAN_POINT('',(185.,100.,0.));
#4087=CARTESIAN_POINT('',(180.,170.,0.));
#4088=CARTESIAN_POINT('',(96.3976945488496,-73.2715,0.));
#4089=CARTESIAN_POINT('Origin',(97.9126945488496,-73.2715,0.));
#4090=CARTESIAN_POINT('',(-99.4276945488495,-126.7285,0.));
#4091=CARTESIAN_POINT('Origin',(-97.9126945488495,-126.7285,0.));
#4092=CARTESIAN_POINT('',(-99.4276945488495,73.2715,0.));
#4093=CARTESIAN_POINT('Origin',(-97.9126945488495,73.2715,0.));
#4094=CARTESIAN_POINT('',(124.41269454885,110.,0.));
#4095=CARTESIAN_POINT('',(96.4126945488496,110.,0.));
#4096=CARTESIAN_POINT('',(48.2063472744249,110.,0.));
#4097=CARTESIAN_POINT('',(96.4126945488496,90.,0.));
#4098=CARTESIAN_POINT('',(96.4126945488495,44.9999999999999,0.));
#4099=CARTESIAN_POINT('',(124.41269454885,90.,0.));
#4100=CARTESIAN_POINT('',(62.2063472744249,90.,0.));
#4101=CARTESIAN_POINT('',(124.412694548849,54.9999999999999,0.));
#4102=CARTESIAN_POINT('Origin',(-170.,175.,0.));
#4103=CARTESIAN_POINT('',(-190.,175.,5.));
#4104=CARTESIAN_POINT('Origin',(-170.,175.,5.));
#4105=CARTESIAN_POINT('',(-190.,175.,0.));
#4106=CARTESIAN_POINT('Origin',(-190.,-195.,0.));
#4107=CARTESIAN_POINT('',(-190.,-175.,5.));
#4108=CARTESIAN_POINT('',(-190.,-175.,0.));
#4109=CARTESIAN_POINT('',(-190.,-195.,5.));
#4110=CARTESIAN_POINT('Origin',(-170.,-175.,0.));
#4111=CARTESIAN_POINT('',(-170.,-195.,5.));
#4112=CARTESIAN_POINT('Origin',(-170.,-175.,5.));
#4113=CARTESIAN_POINT('',(-170.,-195.,0.));
#4114=CARTESIAN_POINT('Origin',(190.,-195.,0.));
#4115=CARTESIAN_POINT('',(170.,-195.,5.));
#4116=CARTESIAN_POINT('',(170.,-195.,0.));
#4117=CARTESIAN_POINT('',(190.,-195.,5.));
#4118=CARTESIAN_POINT('Origin',(170.,-175.,0.));
#4119=CARTESIAN_POINT('',(190.,-175.,5.));
#4120=CARTESIAN_POINT('Origin',(170.,-175.,5.));
#4121=CARTESIAN_POINT('',(190.,-175.,0.));
#4122=CARTESIAN_POINT('Origin',(140.,170.,0.));
#4123=CARTESIAN_POINT('',(180.,170.,10.));
#4124=CARTESIAN_POINT('',(180.,170.,0.));
#4125=CARTESIAN_POINT('',(140.,170.,10.));
#4126=CARTESIAN_POINT('',(180.,170.,10.));
#4127=CARTESIAN_POINT('',(140.,170.,0.));
#4128=CARTESIAN_POINT('Origin',(180.,170.,0.));
#4129=CARTESIAN_POINT('',(185.,100.,10.));
#4130=CARTESIAN_POINT('',(185.,100.,0.));
#4131=CARTESIAN_POINT('',(180.,170.,10.));
#4132=CARTESIAN_POINT('Origin',(185.,100.,0.));
#4133=CARTESIAN_POINT('',(180.,30.,10.));
#4134=CARTESIAN_POINT('',(180.,30.,0.));
#4135=CARTESIAN_POINT('',(185.,100.,10.));
#4136=CARTESIAN_POINT('Origin',(185.,-100.,0.));
#4137=CARTESIAN_POINT('',(180.,-170.,10.));
#4138=CARTESIAN_POINT('',(180.,-170.,0.));
#4139=CARTESIAN_POINT('',(185.,-100.,10.));
#4140=CARTESIAN_POINT('',(180.,-170.,10.));
#4141=CARTESIAN_POINT('',(185.,-100.,0.));
#4142=CARTESIAN_POINT('Origin',(180.,-170.,0.));
#4143=CARTESIAN_POINT('',(140.,-170.,10.));
#4144=CARTESIAN_POINT('',(140.,-170.,0.));
#4145=CARTESIAN_POINT('',(180.,-170.,10.));
#4146=CARTESIAN_POINT('Origin',(140.,-170.,0.));
#4147=CARTESIAN_POINT('',(135.,-100.,10.));
#4148=CARTESIAN_POINT('',(135.,-100.,0.));
#4149=CARTESIAN_POINT('',(140.,-170.,10.));
#4150=CARTESIAN_POINT('Origin',(-180.,30.,0.));
#4151=CARTESIAN_POINT('',(-185.,100.,10.));
#4152=CARTESIAN_POINT('',(-185.,100.,0.));
#4153=CARTESIAN_POINT('',(-180.,30.,10.));
#4154=CARTESIAN_POINT('',(-185.,100.,10.));
#4155=CARTESIAN_POINT('',(-180.,30.,0.));
#4156=CARTESIAN_POINT('Origin',(-185.,100.,0.));
#4157=CARTESIAN_POINT('',(-180.,170.,10.));
#4158=CARTESIAN_POINT('',(-180.,170.,0.));
#4159=CARTESIAN_POINT('',(-180.,170.,10.));
#4160=CARTESIAN_POINT('Origin',(-180.,170.,0.));
#4161=CARTESIAN_POINT('',(-140.,170.,10.));
#4162=CARTESIAN_POINT('',(-140.,170.,0.));
#4163=CARTESIAN_POINT('',(-180.,170.,10.));
#4164=CARTESIAN_POINT('Origin',(-60.02,70.02,0.));
#4165=CARTESIAN_POINT('',(60.02,70.02,10.));
#4166=CARTESIAN_POINT('',(60.02,70.02,0.));
#4167=CARTESIAN_POINT('',(-60.02,70.02,10.));
#4168=CARTESIAN_POINT('',(-60.02,70.02,10.));
#4169=CARTESIAN_POINT('',(-60.02,70.02,0.));
#4170=CARTESIAN_POINT('Origin',(60.02,70.02,0.));
#4171=CARTESIAN_POINT('',(60.02,-70.02,10.));
#4172=CARTESIAN_POINT('',(60.02,-70.02,0.));
#4173=CARTESIAN_POINT('',(60.02,70.02,10.));
#4174=CARTESIAN_POINT('Origin',(-140.,-170.,0.));
#4175=CARTESIAN_POINT('',(-180.,-170.,10.));
#4176=CARTESIAN_POINT('',(-180.,-170.,0.));
#4177=CARTESIAN_POINT('',(-140.,-170.,10.));
#4178=CARTESIAN_POINT('',(-180.,-170.,10.));
#4179=CARTESIAN_POINT('',(-140.,-170.,0.));
#4180=CARTESIAN_POINT('Origin',(-180.,-170.,0.));
#4181=CARTESIAN_POINT('',(-185.,-100.,10.));
#4182=CARTESIAN_POINT('',(-185.,-100.,0.));
#4183=CARTESIAN_POINT('',(-180.,-170.,10.));
#4184=CARTESIAN_POINT('Origin',(-185.,-100.,0.));
#4185=CARTESIAN_POINT('',(-180.,-30.,10.));
#4186=CARTESIAN_POINT('',(-180.,-30.,0.));
#4187=CARTESIAN_POINT('',(-185.,-100.,10.));
#4188=CARTESIAN_POINT('Origin',(-190.,195.,0.));
#4189=CARTESIAN_POINT('',(-191.515,195.,10.));
#4190=CARTESIAN_POINT('Origin',(-190.,195.,10.));
#4191=CARTESIAN_POINT('',(-191.515,195.,5.));
#4192=CARTESIAN_POINT('',(-191.515,195.,0.));
#4193=CARTESIAN_POINT('Origin',(-190.,195.,5.));
#4194=CARTESIAN_POINT('Origin',(-190.,-195.,0.));
#4195=CARTESIAN_POINT('',(-191.515,-195.,10.));
#4196=CARTESIAN_POINT('Origin',(-190.,-195.,10.));
#4197=CARTESIAN_POINT('',(-191.515,-195.,5.));
#4198=CARTESIAN_POINT('',(-191.515,-195.,0.));
#4199=CARTESIAN_POINT('Origin',(-190.,-195.,5.));
#4200=CARTESIAN_POINT('Origin',(96.4126945488496,110.,0.));
#4201=CARTESIAN_POINT('',(124.41269454885,110.,-10.));
#4202=CARTESIAN_POINT('',(124.41269454885,110.,0.));
#4203=CARTESIAN_POINT('',(96.4126945488496,110.,-10.));
#4204=CARTESIAN_POINT('',(124.41269454885,110.,-10.));
#4205=CARTESIAN_POINT('',(96.4126945488496,110.,0.));
#4206=CARTESIAN_POINT('Origin',(96.4126945488496,90.,0.));
#4207=CARTESIAN_POINT('',(96.4126945488496,90.,-10.));
#4208=CARTESIAN_POINT('',(96.4126945488496,110.,-10.));
#4209=CARTESIAN_POINT('',(96.4126945488496,90.,0.));
#4210=CARTESIAN_POINT('Origin',(124.41269454885,90.,0.));
#4211=CARTESIAN_POINT('',(124.41269454885,90.,-10.));
#4212=CARTESIAN_POINT('',(96.4126945488496,90.,-10.));
#4213=CARTESIAN_POINT('',(124.41269454885,90.,0.));
#4214=CARTESIAN_POINT('Origin',(124.41269454885,110.,0.));
#4215=CARTESIAN_POINT('',(124.41269454885,90.,-10.));
#4216=CARTESIAN_POINT('Origin',(110.41269454885,100.,-10.));
#4217=CARTESIAN_POINT('Origin',(-124.412694548849,90.,0.));
#4218=CARTESIAN_POINT('',(-124.41269454885,110.,-10.));
#4219=CARTESIAN_POINT('',(-124.41269454885,110.,0.));
#4220=CARTESIAN_POINT('',(-124.412694548849,90.,-10.));
#4221=CARTESIAN_POINT('',(-124.412694548849,90.,-10.));
#4222=CARTESIAN_POINT('',(-124.412694548849,90.,0.));
#4223=CARTESIAN_POINT('Origin',(-96.4126945488495,90.,0.));
#4224=CARTESIAN_POINT('',(-96.4126945488495,90.,-10.));
#4225=CARTESIAN_POINT('',(-96.4126945488495,90.,-10.));
#4226=CARTESIAN_POINT('',(-96.4126945488495,90.,0.));
#4227=CARTESIAN_POINT('Origin',(-96.4126945488495,110.,0.));
#4228=CARTESIAN_POINT('',(-96.4126945488495,110.,-10.));
#4229=CARTESIAN_POINT('',(-96.4126945488495,110.,-10.));
#4230=CARTESIAN_POINT('',(-96.4126945488495,110.,0.));
#4231=CARTESIAN_POINT('Origin',(-124.41269454885,110.,0.));
#4232=CARTESIAN_POINT('',(-124.41269454885,110.,-10.));
#4233=CARTESIAN_POINT('Origin',(-110.41269454885,100.,-10.));
#4234=CARTESIAN_POINT('Origin',(190.,-195.,0.));
#4235=CARTESIAN_POINT('',(188.485,-195.,10.));
#4236=CARTESIAN_POINT('Origin',(190.,-195.,10.));
#4237=CARTESIAN_POINT('',(188.485,-195.,5.));
#4238=CARTESIAN_POINT('',(188.485,-195.,0.));
#4239=CARTESIAN_POINT('Origin',(190.,-195.,5.));
#4240=CARTESIAN_POINT('Origin',(190.,195.,0.));
#4241=CARTESIAN_POINT('',(188.485,195.,10.));
#4242=CARTESIAN_POINT('Origin',(190.,195.,10.));
#4243=CARTESIAN_POINT('',(188.485,195.,5.));
#4244=CARTESIAN_POINT('',(188.485,195.,0.));
#4245=CARTESIAN_POINT('Origin',(190.,195.,5.));
#4246=CARTESIAN_POINT('Origin',(95.9126945488495,-80.7499999999999,10.));
#4247=CARTESIAN_POINT('',(95.4126945488495,-80.7499999999999,10.));
#4248=CARTESIAN_POINT('',(47.9563472744248,-80.7499999999999,10.));
#4249=CARTESIAN_POINT('',(95.4126945488495,-80.7499999999999,10.));
#4250=CARTESIAN_POINT('Origin',(-124.912694548849,-80.7499999999999,10.));
#4251=CARTESIAN_POINT('',(-125.412694548849,-80.7499999999999,10.));
#4252=CARTESIAN_POINT('',(-47.9563472744247,-80.75,10.));
#4253=CARTESIAN_POINT('',(-125.412694548849,-80.7499999999999,10.));
#4254=CARTESIAN_POINT('Origin',(-185.,-190.,0.));
#4255=CARTESIAN_POINT('',(-185.,-200.,10.));
#4256=CARTESIAN_POINT('',(-195.,-190.,10.));
#4257=CARTESIAN_POINT('Origin',(-185.,-190.,10.));
#4258=CARTESIAN_POINT('',(-195.,-190.,5.));
#4259=CARTESIAN_POINT('',(-195.,-190.,0.));
#4260=CARTESIAN_POINT('',(-185.,-200.,5.));
#4261=CARTESIAN_POINT('Origin',(-185.,-190.,5.));
#4262=CARTESIAN_POINT('',(-185.,-200.,0.));
#4263=CARTESIAN_POINT('Origin',(3.5527136788005E-14,0.,5.));
#4264=CARTESIAN_POINT('',(-195.,190.,5.));
#4265=CARTESIAN_POINT('',(-195.,100.,5.));
#4266=CARTESIAN_POINT('',(-185.,200.,5.));
#4267=CARTESIAN_POINT('Origin',(-185.,190.,5.));
#4268=CARTESIAN_POINT('',(185.,200.,5.));
#4269=CARTESIAN_POINT('',(97.5000000000001,200.,5.));
#4270=CARTESIAN_POINT('',(195.,190.,5.));
#4271=CARTESIAN_POINT('Origin',(185.,190.,5.));
#4272=CARTESIAN_POINT('',(195.,-190.,5.));
#4273=CARTESIAN_POINT('',(195.,-100.,5.));
#4274=CARTESIAN_POINT('',(185.,-200.,5.));
#4275=CARTESIAN_POINT('Origin',(185.,-190.,5.));
#4276=CARTESIAN_POINT('',(-97.5,-200.,5.));
#4277=CARTESIAN_POINT('',(190.,195.,5.));
#4278=CARTESIAN_POINT('',(-1.515,-197.5,5.));
#4279=CARTESIAN_POINT('Origin',(0.,-197.5,5.));
#4280=CARTESIAN_POINT('',(-194.015,-98.75,5.));
#4281=CARTESIAN_POINT('Origin',(-192.5,-98.75,5.));
#4282=CARTESIAN_POINT('',(-194.015,98.75,5.));
#4283=CARTESIAN_POINT('Origin',(-192.5,98.75,5.));
#4284=CARTESIAN_POINT('',(-1.51499999999996,197.5,5.));
#4285=CARTESIAN_POINT('Origin',(3.5527136788005E-14,197.5,5.));
#4286=CARTESIAN_POINT('',(190.985,98.75,5.));
#4287=CARTESIAN_POINT('Origin',(192.5,98.75,5.));
#4288=CARTESIAN_POINT('',(190.985,-98.75,5.));
#4289=CARTESIAN_POINT('Origin',(192.5,-98.75,5.));
#4290=CARTESIAN_POINT('',(190.985,3.53416027979342E-14,5.));
#4291=CARTESIAN_POINT('Origin',(192.5,3.5527136788005E-14,5.));
#4292=CARTESIAN_POINT('',(94.735,197.5,5.));
#4293=CARTESIAN_POINT('Origin',(96.25,197.5,5.));
#4294=CARTESIAN_POINT('',(-97.765,197.5,5.));
#4295=CARTESIAN_POINT('Origin',(-96.25,197.5,5.));
#4296=CARTESIAN_POINT('',(-194.015,-1.85533990070824E-16,5.));
#4297=CARTESIAN_POINT('Origin',(-192.5,0.,5.));
#4298=CARTESIAN_POINT('',(-97.765,-197.5,5.));
#4299=CARTESIAN_POINT('Origin',(-96.25,-197.5,5.));
#4300=CARTESIAN_POINT('',(94.735,-197.5,5.));
#4301=CARTESIAN_POINT('Origin',(96.25,-197.5,5.));
#4302=CARTESIAN_POINT('Origin',(-195.,200.,0.));
#4303=CARTESIAN_POINT('',(-195.,190.,10.));
#4304=CARTESIAN_POINT('',(-195.,200.,10.));
#4305=CARTESIAN_POINT('',(-195.,190.,0.));
#4306=CARTESIAN_POINT('Origin',(-185.,190.,0.));
#4307=CARTESIAN_POINT('',(-185.,200.,10.));
#4308=CARTESIAN_POINT('Origin',(-185.,190.,10.));
#4309=CARTESIAN_POINT('',(-185.,200.,0.));
#4310=CARTESIAN_POINT('Origin',(185.,190.,0.));
#4311=CARTESIAN_POINT('',(185.,200.,10.));
#4312=CARTESIAN_POINT('',(195.,190.,10.));
#4313=CARTESIAN_POINT('Origin',(185.,190.,10.));
#4314=CARTESIAN_POINT('',(195.,190.,0.));
#4315=CARTESIAN_POINT('',(185.,200.,0.));
#4316=CARTESIAN_POINT('Origin',(195.,-200.,0.));
#4317=CARTESIAN_POINT('',(195.,-190.,10.));
#4318=CARTESIAN_POINT('',(195.,-200.,10.));
#4319=CARTESIAN_POINT('',(195.,-190.,0.));
#4320=CARTESIAN_POINT('Origin',(185.,-190.,0.));
#4321=CARTESIAN_POINT('',(185.,-200.,10.));
#4322=CARTESIAN_POINT('Origin',(185.,-190.,10.));
#4323=CARTESIAN_POINT('',(185.,-200.,0.));
#4324=CARTESIAN_POINT('Origin',(0.,-197.5,6.));
#4325=CARTESIAN_POINT('',(-1.515,-197.5,10.));
#4326=CARTESIAN_POINT('Origin',(0.,-197.5,10.));
#4327=CARTESIAN_POINT('',(-1.515,-197.5,6.));
#4328=CARTESIAN_POINT('Origin',(-192.5,-98.75,6.));
#4329=CARTESIAN_POINT('',(-194.015,-98.75,10.));
#4330=CARTESIAN_POINT('Origin',(-192.5,-98.75,10.));
#4331=CARTESIAN_POINT('',(-194.015,-98.75,6.));
#4332=CARTESIAN_POINT('Origin',(-192.5,98.75,6.));
#4333=CARTESIAN_POINT('',(-194.015,98.75,10.));
#4334=CARTESIAN_POINT('Origin',(-192.5,98.75,10.));
#4335=CARTESIAN_POINT('',(-194.015,98.75,6.));
#4336=CARTESIAN_POINT('Origin',(3.5527136788005E-14,197.5,6.));
#4337=CARTESIAN_POINT('',(-1.51499999999996,197.5,10.));
#4338=CARTESIAN_POINT('Origin',(3.5527136788005E-14,197.5,10.));
#4339=CARTESIAN_POINT('',(-1.51499999999996,197.5,6.));
#4340=CARTESIAN_POINT('Origin',(192.5,98.75,6.));
#4341=CARTESIAN_POINT('',(190.985,98.75,10.));
#4342=CARTESIAN_POINT('Origin',(192.5,98.75,10.));
#4343=CARTESIAN_POINT('',(190.985,98.75,6.));
#4344=CARTESIAN_POINT('Origin',(192.5,-98.75,6.));
#4345=CARTESIAN_POINT('',(190.985,-98.75,10.));
#4346=CARTESIAN_POINT('Origin',(192.5,-98.75,10.));
#4347=CARTESIAN_POINT('',(190.985,-98.75,6.));
#4348=CARTESIAN_POINT('Origin',(192.5,3.5527136788005E-14,6.));
#4349=CARTESIAN_POINT('',(190.985,3.57126707780758E-14,10.));
#4350=CARTESIAN_POINT('Origin',(192.5,3.5527136788005E-14,10.));
#4351=CARTESIAN_POINT('',(190.985,3.57126707780758E-14,6.));
#4352=CARTESIAN_POINT('Origin',(96.25,197.5,6.));
#4353=CARTESIAN_POINT('',(94.735,197.5,10.));
#4354=CARTESIAN_POINT('Origin',(96.25,197.5,10.));
#4355=CARTESIAN_POINT('',(94.735,197.5,6.));
#4356=CARTESIAN_POINT('Origin',(-96.25,197.5,6.));
#4357=CARTESIAN_POINT('',(-97.765,197.5,10.));
#4358=CARTESIAN_POINT('Origin',(-96.25,197.5,10.));
#4359=CARTESIAN_POINT('',(-97.765,197.5,6.));
#4360=CARTESIAN_POINT('Origin',(-192.5,0.,6.));
#4361=CARTESIAN_POINT('',(-194.015,1.85533990070824E-16,10.));
#4362=CARTESIAN_POINT('Origin',(-192.5,0.,10.));
#4363=CARTESIAN_POINT('',(-194.015,1.85533990070824E-16,6.));
#4364=CARTESIAN_POINT('Origin',(-96.25,-197.5,6.));
#4365=CARTESIAN_POINT('',(-97.765,-197.5,10.));
#4366=CARTESIAN_POINT('Origin',(-96.25,-197.5,10.));
#4367=CARTESIAN_POINT('',(-97.765,-197.5,6.));
#4368=CARTESIAN_POINT('Origin',(96.25,-197.5,6.));
#4369=CARTESIAN_POINT('',(94.735,-197.5,10.));
#4370=CARTESIAN_POINT('Origin',(96.25,-197.5,10.));
#4371=CARTESIAN_POINT('',(94.735,-197.5,6.));
#4372=CARTESIAN_POINT('Origin',(95.4126945488495,-118.75,10.));
#4373=CARTESIAN_POINT('',(95.4126945488495,-59.3749999999999,10.));
#4374=CARTESIAN_POINT('Origin',(-125.412694548849,-118.75,10.));
#4375=CARTESIAN_POINT('',(-125.412694548849,-59.375,10.));
#4376=CARTESIAN_POINT('Origin',(99.9126945488495,-114.25,-0.610000000000002));
#4377=CARTESIAN_POINT('',(97.8926945488495,-114.25,-0.610000000000002));
#4378=CARTESIAN_POINT('Origin',(99.9126945488495,-85.75,-0.610000000000002));
#4379=CARTESIAN_POINT('',(97.8926945488495,-85.75,-0.610000000000002));
#4380=CARTESIAN_POINT('Origin',(-99.9126945488495,-114.25,-0.610000000000002));
#4381=CARTESIAN_POINT('',(-101.932694548849,-114.25,-0.610000000000002));
#4382=CARTESIAN_POINT('Origin',(-120.912694548849,-85.75,-0.610000000000002));
#4383=CARTESIAN_POINT('',(-122.932694548849,-85.75,-0.610000000000002));
#4384=CARTESIAN_POINT('Origin',(-99.9126945488495,-85.75,-0.610000000000002));
#4385=CARTESIAN_POINT('',(-101.932694548849,-85.75,-0.610000000000002));
#4386=CARTESIAN_POINT('Origin',(-120.912694548849,-114.25,-0.610000000000002));
#4387=CARTESIAN_POINT('',(-122.932694548849,-114.25,-0.610000000000002));
#4388=CARTESIAN_POINT('Origin',(120.912694548849,-85.75,-0.610000000000002));
#4389=CARTESIAN_POINT('',(118.892694548849,-85.75,-0.610000000000002));
#4390=CARTESIAN_POINT('Origin',(120.912694548849,-114.25,-0.610000000000002));
#4391=CARTESIAN_POINT('',(118.892694548849,-114.25,-0.610000000000002));
#4392=CARTESIAN_POINT('Origin',(-96.4126945488495,-110.,0.));
#4393=CARTESIAN_POINT('',(-124.412694548849,-110.,-10.));
#4394=CARTESIAN_POINT('',(-124.412694548849,-110.,0.));
#4395=CARTESIAN_POINT('',(-96.4126945488495,-110.,-10.));
#4396=CARTESIAN_POINT('',(-124.412694548849,-110.,-10.));
#4397=CARTESIAN_POINT('',(-96.4126945488495,-110.,0.));
#4398=CARTESIAN_POINT('Origin',(-96.4126945488495,-90.,0.));
#4399=CARTESIAN_POINT('',(-96.4126945488495,-90.,-10.));
#4400=CARTESIAN_POINT('',(-96.4126945488495,-110.,-10.));
#4401=CARTESIAN_POINT('',(-96.4126945488495,-90.,0.));
#4402=CARTESIAN_POINT('Origin',(-124.412694548849,-90.,0.));
#4403=CARTESIAN_POINT('',(-124.412694548849,-90.,-10.));
#4404=CARTESIAN_POINT('',(-96.4126945488495,-90.,-10.));
#4405=CARTESIAN_POINT('',(-124.412694548849,-90.,0.));
#4406=CARTESIAN_POINT('Origin',(-124.412694548849,-110.,0.));
#4407=CARTESIAN_POINT('',(-124.412694548849,-90.,-10.));
#4408=CARTESIAN_POINT('Origin',(-110.412694548849,-100.,-10.));
#4409=CARTESIAN_POINT('Origin',(124.41269454885,-90.,0.));
#4410=CARTESIAN_POINT('',(124.41269454885,-110.,-10.));
#4411=CARTESIAN_POINT('',(124.41269454885,-110.,0.));
#4412=CARTESIAN_POINT('',(124.41269454885,-90.,-10.));
#4413=CARTESIAN_POINT('',(124.41269454885,-90.,-10.));
#4414=CARTESIAN_POINT('',(124.41269454885,-90.,0.));
#4415=CARTESIAN_POINT('Origin',(96.4126945488496,-90.,0.));
#4416=CARTESIAN_POINT('',(96.4126945488496,-90.,-10.));
#4417=CARTESIAN_POINT('',(96.4126945488496,-90.,-10.));
#4418=CARTESIAN_POINT('',(96.4126945488496,-90.,0.));
#4419=CARTESIAN_POINT('Origin',(96.4126945488496,-110.,0.));
#4420=CARTESIAN_POINT('',(96.4126945488496,-110.,-10.));
#4421=CARTESIAN_POINT('',(96.4126945488496,-110.,-10.));
#4422=CARTESIAN_POINT('',(96.4126945488496,-110.,0.));
#4423=CARTESIAN_POINT('Origin',(124.41269454885,-110.,0.));
#4424=CARTESIAN_POINT('',(124.41269454885,-110.,-10.));
#4425=CARTESIAN_POINT('Origin',(110.41269454885,-100.,-10.));
#4426=CARTESIAN_POINT('Origin',(35.,-75.015,10.));
#4427=CARTESIAN_POINT('',(38.,-75.015,10.));
#4428=CARTESIAN_POINT('Origin',(35.,-75.015,10.));
#4429=CARTESIAN_POINT('',(38.,-75.015,7.));
#4430=CARTESIAN_POINT('',(38.,-75.015,10.));
#4431=CARTESIAN_POINT('Origin',(35.,-75.015,7.));
#4432=CARTESIAN_POINT('Origin',(35.,-75.015,7.));
#4433=CARTESIAN_POINT('',(36.52,-75.015,7.));
#4434=CARTESIAN_POINT('Origin',(35.,-75.015,7.));
#4435=CARTESIAN_POINT('Origin',(35.0000000000001,75.015,10.));
#4436=CARTESIAN_POINT('',(38.,75.015,10.));
#4437=CARTESIAN_POINT('Origin',(35.0000000000001,75.015,10.));
#4438=CARTESIAN_POINT('',(38.,75.015,7.));
#4439=CARTESIAN_POINT('',(38.,75.015,10.));
#4440=CARTESIAN_POINT('Origin',(35.0000000000001,75.015,7.));
#4441=CARTESIAN_POINT('Origin',(35.0000000000001,75.015,7.));
#4442=CARTESIAN_POINT('',(36.5200000000001,75.015,7.));
#4443=CARTESIAN_POINT('Origin',(35.0000000000001,75.015,7.));
#4444=CARTESIAN_POINT('Origin',(65.,40.,10.));
#4445=CARTESIAN_POINT('',(68.,40.,10.));
#4446=CARTESIAN_POINT('Origin',(65.,40.,10.));
#4447=CARTESIAN_POINT('',(68.,40.,7.));
#4448=CARTESIAN_POINT('',(68.,40.,10.));
#4449=CARTESIAN_POINT('Origin',(65.,40.,7.));
#4450=CARTESIAN_POINT('Origin',(65.,40.,7.));
#4451=CARTESIAN_POINT('',(66.52,40.,7.));
#4452=CARTESIAN_POINT('Origin',(65.,40.,7.));
#4453=CARTESIAN_POINT('Origin',(-35.,-75.015,10.));
#4454=CARTESIAN_POINT('',(-32.,-75.015,10.));
#4455=CARTESIAN_POINT('Origin',(-35.,-75.015,10.));
#4456=CARTESIAN_POINT('',(-32.,-75.015,7.));
#4457=CARTESIAN_POINT('',(-32.,-75.015,10.));
#4458=CARTESIAN_POINT('Origin',(-35.,-75.015,7.));
#4459=CARTESIAN_POINT('Origin',(-35.,-75.015,7.));
#4460=CARTESIAN_POINT('',(-33.48,-75.015,7.));
#4461=CARTESIAN_POINT('Origin',(-35.,-75.015,7.));
#4462=CARTESIAN_POINT('Origin',(65.,-40.,10.));
#4463=CARTESIAN_POINT('',(68.,-40.,10.));
#4464=CARTESIAN_POINT('Origin',(65.,-40.,10.));
#4465=CARTESIAN_POINT('',(68.,-40.,7.));
#4466=CARTESIAN_POINT('',(68.,-40.,10.));
#4467=CARTESIAN_POINT('Origin',(65.,-40.,7.));
#4468=CARTESIAN_POINT('Origin',(65.,-40.,7.));
#4469=CARTESIAN_POINT('',(66.52,-40.,7.));
#4470=CARTESIAN_POINT('Origin',(65.,-40.,7.));
#4471=CARTESIAN_POINT('Origin',(-34.9999999999999,75.015,10.));
#4472=CARTESIAN_POINT('',(-32.,75.015,10.));
#4473=CARTESIAN_POINT('Origin',(-34.9999999999999,75.015,10.));
#4474=CARTESIAN_POINT('',(-32.,75.015,7.));
#4475=CARTESIAN_POINT('',(-32.,75.015,10.));
#4476=CARTESIAN_POINT('Origin',(-34.9999999999999,75.015,7.));
#4477=CARTESIAN_POINT('Origin',(-34.9999999999999,75.015,7.));
#4478=CARTESIAN_POINT('',(-33.4799999999999,75.015,7.));
#4479=CARTESIAN_POINT('Origin',(-34.9999999999999,75.015,7.));
#4480=CARTESIAN_POINT('Origin',(-65.015,40.,10.));
#4481=CARTESIAN_POINT('',(-62.015,40.,10.));
#4482=CARTESIAN_POINT('Origin',(-65.015,40.,10.));
#4483=CARTESIAN_POINT('',(-62.015,40.,7.));
#4484=CARTESIAN_POINT('',(-62.015,40.,10.));
#4485=CARTESIAN_POINT('Origin',(-65.015,40.,7.));
#4486=CARTESIAN_POINT('Origin',(-65.015,40.,7.));
#4487=CARTESIAN_POINT('',(-63.495,40.,7.));
#4488=CARTESIAN_POINT('Origin',(-65.015,40.,7.));
#4489=CARTESIAN_POINT('Origin',(-65.015,-40.,10.));
#4490=CARTESIAN_POINT('',(-62.015,-40.,10.));
#4491=CARTESIAN_POINT('Origin',(-65.015,-40.,10.));
#4492=CARTESIAN_POINT('',(-62.015,-40.,7.));
#4493=CARTESIAN_POINT('',(-62.015,-40.,10.));
#4494=CARTESIAN_POINT('Origin',(-65.015,-40.,7.));
#4495=CARTESIAN_POINT('Origin',(-65.015,-40.,7.));
#4496=CARTESIAN_POINT('',(-63.495,-40.,7.));
#4497=CARTESIAN_POINT('Origin',(-65.015,-40.,7.));
#4498=CARTESIAN_POINT('Origin',(-65.015,40.,6.));
#4499=CARTESIAN_POINT('',(-63.495,40.,6.));
#4500=CARTESIAN_POINT('Origin',(35.0000000000001,75.015,6.));
#4501=CARTESIAN_POINT('',(36.5200000000001,75.015,6.));
#4502=CARTESIAN_POINT('Origin',(65.,-40.,6.));
#4503=CARTESIAN_POINT('',(66.52,-40.,6.));
#4504=CARTESIAN_POINT('Origin',(-35.,-75.015,6.));
#4505=CARTESIAN_POINT('',(-33.48,-75.015,6.));
#4506=CARTESIAN_POINT('Origin',(35.,-75.015,6.));
#4507=CARTESIAN_POINT('',(36.52,-75.015,6.));
#4508=CARTESIAN_POINT('Origin',(65.,40.,6.));
#4509=CARTESIAN_POINT('',(66.52,40.,6.));
#4510=CARTESIAN_POINT('Origin',(-34.9999999999999,75.015,6.));
#4511=CARTESIAN_POINT('',(-33.4799999999999,75.015,6.));
#4512=CARTESIAN_POINT('Origin',(-65.015,-40.,6.));
#4513=CARTESIAN_POINT('',(-63.495,-40.,6.));
#4514=CARTESIAN_POINT('Origin',(-60.02,-70.02,0.));
#4515=CARTESIAN_POINT('',(-60.02,-70.02,10.));
#4516=CARTESIAN_POINT('',(-60.02,-70.02,10.));
#4517=CARTESIAN_POINT('',(-60.02,-70.02,0.));
#4518=CARTESIAN_POINT('Origin',(60.02,-70.02,0.));
#4519=CARTESIAN_POINT('',(60.02,-70.02,10.));
#4520=CARTESIAN_POINT('Origin',(190.,195.,0.));
#4521=CARTESIAN_POINT('Origin',(-195.,-200.,0.));
#4522=CARTESIAN_POINT('',(-195.,-200.,10.));
#4523=CARTESIAN_POINT('Origin',(-97.9126945488495,73.2715,0.));
#4524=CARTESIAN_POINT('',(-99.4276945488495,73.2715,10.));
#4525=CARTESIAN_POINT('Origin',(-97.9126945488495,73.2715,10.));
#4526=CARTESIAN_POINT('',(-99.4276945488495,73.2715,0.));
#4527=CARTESIAN_POINT('Origin',(-97.9126945488495,-126.7285,0.));
#4528=CARTESIAN_POINT('',(-99.4276945488495,-126.7285,10.));
#4529=CARTESIAN_POINT('Origin',(-97.9126945488495,-126.7285,10.));
#4530=CARTESIAN_POINT('',(-99.4276945488495,-126.7285,0.));
#4531=CARTESIAN_POINT('Origin',(97.9126945488496,-73.2715,0.));
#4532=CARTESIAN_POINT('',(96.3976945488496,-73.2715,10.));
#4533=CARTESIAN_POINT('Origin',(97.9126945488496,-73.2715,10.));
#4534=CARTESIAN_POINT('',(96.3976945488496,-73.2715,0.));
#4535=CARTESIAN_POINT('Origin',(135.,100.,0.));
#4536=CARTESIAN_POINT('',(135.,100.,10.));
#4537=CARTESIAN_POINT('',(140.,170.,10.));
#4538=CARTESIAN_POINT('',(135.,100.,0.));
#4539=CARTESIAN_POINT('Origin',(140.,30.,0.));
#4540=CARTESIAN_POINT('',(140.,30.,10.));
#4541=CARTESIAN_POINT('',(135.,100.,10.));
#4542=CARTESIAN_POINT('',(140.,30.,0.));
#4543=CARTESIAN_POINT('Origin',(180.,30.,0.));
#4544=CARTESIAN_POINT('',(140.,30.,10.));
#4545=CARTESIAN_POINT('Origin',(-135.,-100.,0.));
#4546=CARTESIAN_POINT('',(-135.,-100.,10.));
#4547=CARTESIAN_POINT('',(-140.,-170.,10.));
#4548=CARTESIAN_POINT('',(-135.,-100.,0.));
#4549=CARTESIAN_POINT('Origin',(-140.,-30.,0.));
#4550=CARTESIAN_POINT('',(-140.,-30.,10.));
#4551=CARTESIAN_POINT('',(-135.,-100.,10.));
#4552=CARTESIAN_POINT('',(-140.,-30.,0.));
#4553=CARTESIAN_POINT('Origin',(-180.,-30.,0.));
#4554=CARTESIAN_POINT('',(-140.,-30.,10.));
#4555=CARTESIAN_POINT('Origin',(180.,-30.,0.));
#4556=CARTESIAN_POINT('',(180.,-30.,10.));
#4557=CARTESIAN_POINT('',(185.,-100.,10.));
#4558=CARTESIAN_POINT('',(180.,-30.,0.));
#4559=CARTESIAN_POINT('Origin',(140.,-30.,0.));
#4560=CARTESIAN_POINT('',(140.,-30.,10.));
#4561=CARTESIAN_POINT('',(140.,-30.,10.));
#4562=CARTESIAN_POINT('',(140.,-30.,0.));
#4563=CARTESIAN_POINT('Origin',(135.,-100.,0.));
#4564=CARTESIAN_POINT('',(135.,-100.,10.));
#4565=CARTESIAN_POINT('Origin',(122.91269454885,126.7285,0.));
#4566=CARTESIAN_POINT('',(121.39769454885,126.7285,10.));
#4567=CARTESIAN_POINT('Origin',(122.91269454885,126.7285,10.));
#4568=CARTESIAN_POINT('',(121.39769454885,126.7285,0.));
#4569=CARTESIAN_POINT('Origin',(122.91269454885,-126.7285,0.));
#4570=CARTESIAN_POINT('',(121.39769454885,-126.7285,10.));
#4571=CARTESIAN_POINT('Origin',(122.91269454885,-126.7285,10.));
#4572=CARTESIAN_POINT('',(121.39769454885,-126.7285,0.));
#4573=CARTESIAN_POINT('Origin',(-122.91269454885,126.7285,0.));
#4574=CARTESIAN_POINT('',(-124.42769454885,126.7285,10.));
#4575=CARTESIAN_POINT('Origin',(-122.91269454885,126.7285,10.));
#4576=CARTESIAN_POINT('',(-124.42769454885,126.7285,0.));
#4577=CARTESIAN_POINT('Origin',(-122.91269454885,-73.2715,0.));
#4578=CARTESIAN_POINT('',(-124.42769454885,-73.2715,10.));
#4579=CARTESIAN_POINT('Origin',(-122.91269454885,-73.2715,10.));
#4580=CARTESIAN_POINT('',(-124.42769454885,-73.2715,0.));
#4581=CARTESIAN_POINT('Origin',(97.9126945488496,126.7285,0.));
#4582=CARTESIAN_POINT('',(96.3976945488496,126.7285,10.));
#4583=CARTESIAN_POINT('Origin',(97.9126945488496,126.7285,10.));
#4584=CARTESIAN_POINT('',(96.3976945488496,126.7285,0.));
#4585=CARTESIAN_POINT('Origin',(97.9126945488495,-126.7285,0.));
#4586=CARTESIAN_POINT('',(96.3976945488495,-126.7285,10.));
#4587=CARTESIAN_POINT('Origin',(97.9126945488495,-126.7285,10.));
#4588=CARTESIAN_POINT('',(96.3976945488495,-126.7285,0.));
#4589=CARTESIAN_POINT('Origin',(-122.912694548849,-126.7285,0.));
#4590=CARTESIAN_POINT('',(-124.427694548849,-126.7285,10.));
#4591=CARTESIAN_POINT('Origin',(-122.912694548849,-126.7285,10.));
#4592=CARTESIAN_POINT('',(-124.427694548849,-126.7285,0.));
#4593=CARTESIAN_POINT('Origin',(122.91269454885,73.2715,0.));
#4594=CARTESIAN_POINT('',(121.39769454885,73.2715,10.));
#4595=CARTESIAN_POINT('Origin',(122.91269454885,73.2715,10.));
#4596=CARTESIAN_POINT('',(121.39769454885,73.2715,0.));
#4597=CARTESIAN_POINT('Origin',(97.9126945488496,73.2715,0.));
#4598=CARTESIAN_POINT('',(96.3976945488496,73.2715,10.));
#4599=CARTESIAN_POINT('Origin',(97.9126945488496,73.2715,10.));
#4600=CARTESIAN_POINT('',(96.3976945488496,73.2715,0.));
#4601=CARTESIAN_POINT('Origin',(122.91269454885,-73.2715,0.));
#4602=CARTESIAN_POINT('',(121.39769454885,-73.2715,10.));
#4603=CARTESIAN_POINT('Origin',(122.91269454885,-73.2715,10.));
#4604=CARTESIAN_POINT('',(121.39769454885,-73.2715,0.));
#4605=CARTESIAN_POINT('Origin',(-140.,30.,0.));
#4606=CARTESIAN_POINT('',(-140.,30.,10.));
#4607=CARTESIAN_POINT('',(-140.,30.,10.));
#4608=CARTESIAN_POINT('',(-140.,30.,0.));
#4609=CARTESIAN_POINT('Origin',(-135.,100.,0.));
#4610=CARTESIAN_POINT('',(-135.,100.,10.));
#4611=CARTESIAN_POINT('',(-135.,100.,10.));
#4612=CARTESIAN_POINT('',(-135.,100.,0.));
#4613=CARTESIAN_POINT('Origin',(-140.,170.,0.));
#4614=CARTESIAN_POINT('',(-140.,170.,10.));
#4615=CARTESIAN_POINT('Origin',(-122.91269454885,73.2715,0.));
#4616=CARTESIAN_POINT('',(-124.42769454885,73.2715,10.));
#4617=CARTESIAN_POINT('Origin',(-122.91269454885,73.2715,10.));
#4618=CARTESIAN_POINT('',(-124.42769454885,73.2715,0.));
#4619=CARTESIAN_POINT('Origin',(-97.9126945488495,126.7285,0.));
#4620=CARTESIAN_POINT('',(-99.4276945488495,126.7285,10.));
#4621=CARTESIAN_POINT('Origin',(-97.9126945488495,126.7285,10.));
#4622=CARTESIAN_POINT('',(-99.4276945488495,126.7285,0.));
#4623=CARTESIAN_POINT('Origin',(-97.9126945488495,-73.2715,0.));
#4624=CARTESIAN_POINT('',(-99.4276945488495,-73.2715,10.));
#4625=CARTESIAN_POINT('Origin',(-97.9126945488495,-73.2715,10.));
#4626=CARTESIAN_POINT('',(-99.4276945488495,-73.2715,0.));
#4627=CARTESIAN_POINT('Origin',(195.,200.,0.));
#4628=CARTESIAN_POINT('',(195.,200.,10.));
#4629=CARTESIAN_POINT('Origin',(3.5527136788005E-14,0.,10.));
#4630=UNCERTAINTY_MEASURE_WITH_UNIT(LENGTH_MEASURE(0.01),#4634,
'DISTANCE_ACCURACY_VALUE',
'Maximum model space distance between geometric entities at asserted c
onnectivities');
#4631=UNCERTAINTY_MEASURE_WITH_UNIT(LENGTH_MEASURE(0.01),#4634,
'DISTANCE_ACCURACY_VALUE',
'Maximum model space distance between geometric entities at asserted c
onnectivities');
#4632=(
GEOMETRIC_REPRESENTATION_CONTEXT(3)
GLOBAL_UNCERTAINTY_ASSIGNED_CONTEXT((#4630))
GLOBAL_UNIT_ASSIGNED_CONTEXT((#4634,#4636,#4637))
REPRESENTATION_CONTEXT('','3D')
);
#4633=(
GEOMETRIC_REPRESENTATION_CONTEXT(3)
GLOBAL_UNCERTAINTY_ASSIGNED_CONTEXT((#4631))
GLOBAL_UNIT_ASSIGNED_CONTEXT((#4634,#4636,#4637))
REPRESENTATION_CONTEXT('','3D')
);
#4634=(
LENGTH_UNIT()
NAMED_UNIT(*)
SI_UNIT(.MILLI.,.METRE.)
);
#4635=(
LENGTH_UNIT()
NAMED_UNIT(*)
SI_UNIT($,.METRE.)
);
#4636=(
NAMED_UNIT(*)
PLANE_ANGLE_UNIT()
SI_UNIT($,.RADIAN.)
);
#4637=(
NAMED_UNIT(*)
SI_UNIT($,.STERADIAN.)
SOLID_ANGLE_UNIT()
);
#4638=SHAPE_DEFINITION_REPRESENTATION(#4639,#4640);
#4639=PRODUCT_DEFINITION_SHAPE('',$,#4642);
#4640=SHAPE_REPRESENTATION('',(#2814),#4632);
#4641=PRODUCT_DEFINITION_CONTEXT('part definition',#4646,'design');
#4642=PRODUCT_DEFINITION('2026-05-13-00-53-58-738','(\X2\672A4FDD5B58\X0\)',
#4643,#4641);
#4643=PRODUCT_DEFINITION_FORMATION('',$,#4648);
#4644=PRODUCT_RELATED_PRODUCT_CATEGORY('(\X2\672A4FDD5B58\X0\)',
'(\X2\672A4FDD5B58\X0\)',(#4648));
#4645=APPLICATION_PROTOCOL_DEFINITION('international standard',
'automotive_design',2009,#4646);
#4646=APPLICATION_CONTEXT(
'Core Data for Automotive Mechanical Design Process');
#4647=PRODUCT_CONTEXT('part definition',#4646,'mechanical');
#4648=PRODUCT('2026-05-13-00-53-58-738','(\X2\672A4FDD5B58\X0\)',$,(#4647));
#4649=PRESENTATION_STYLE_ASSIGNMENT((#4650));
#4650=SURFACE_STYLE_USAGE(.BOTH.,#4651);
#4651=SURFACE_SIDE_STYLE('',(#4652));
#4652=SURFACE_STYLE_FILL_AREA(#4653);
#4653=FILL_AREA_STYLE('\X2\94A2\X0\ - \X2\7F0E5149\X0\',(#4654));
#4654=FILL_AREA_STYLE_COLOUR('\X2\94A2\X0\ - \X2\7F0E5149\X0\',#4655);
#4655=COLOUR_RGB('\X2\94A2\X0\ - \X2\7F0E5149\X0\',0.627450980392157,0.627450980392157,
0.627450980392157);
ENDSEC;
END-ISO-10303-21;
