ISO-10303-21;
HEADER;
/* Generated by software containing ST-Developer
 * from STEP Tools, Inc. (www.steptools.com) 
 */

FILE_DESCRIPTION(
/* description */ (''),
/* implementation_level */ '2;1');

FILE_NAME(
/* name */ '',
/* time_stamp */ '2026-09-07T16:30:27+08:00',
/* author */ (''),
/* organization */ (''),
/* preprocessor_version */ 'ST-DEVELOPER v20.1',
/* originating_system */ 'Autodesk Translation Framework v15.8.0.0',
/* authorisation */ '');

FILE_SCHEMA (('AUTOMOTIVE_DESIGN { 1 0 10303 214 3 1 1 }'));
ENDSEC;

DATA;
#10=MECHANICAL_DESIGN_GEOMETRIC_PRESENTATION_REPRESENTATION('',(#13),#4126);
#11=SHAPE_REPRESENTATION_RELATIONSHIP('SRR','None',#4133,#12);
#12=ADVANCED_BREP_SHAPE_REPRESENTATION('',(#14),#4125);
#13=STYLED_ITEM('',(#4142),#14);
#14=MANIFOLD_SOLID_BREP('\X2\5B9E4F53\X0\1',#2482);
#15=FACE_BOUND('',#342,.T.);
#16=FACE_BOUND('',#343,.T.);
#17=FACE_BOUND('',#344,.T.);
#18=FACE_BOUND('',#345,.T.);
#19=FACE_BOUND('',#346,.T.);
#20=FACE_BOUND('',#347,.T.);
#21=FACE_BOUND('',#348,.T.);
#22=FACE_BOUND('',#349,.T.);
#23=FACE_BOUND('',#350,.T.);
#24=FACE_BOUND('',#351,.T.);
#25=FACE_BOUND('',#352,.T.);
#26=FACE_BOUND('',#353,.T.);
#27=FACE_BOUND('',#354,.T.);
#28=FACE_BOUND('',#355,.T.);
#29=FACE_BOUND('',#356,.T.);
#30=FACE_BOUND('',#357,.T.);
#31=FACE_BOUND('',#358,.T.);
#32=FACE_BOUND('',#359,.T.);
#33=FACE_BOUND('',#360,.T.);
#34=FACE_BOUND('',#361,.T.);
#35=FACE_BOUND('',#362,.T.);
#36=FACE_BOUND('',#368,.T.);
#37=FACE_BOUND('',#369,.T.);
#38=FACE_BOUND('',#370,.T.);
#39=FACE_BOUND('',#371,.T.);
#40=FACE_BOUND('',#372,.T.);
#41=FACE_BOUND('',#373,.T.);
#42=FACE_BOUND('',#374,.T.);
#43=FACE_BOUND('',#375,.T.);
#44=FACE_BOUND('',#376,.T.);
#45=FACE_BOUND('',#377,.T.);
#46=FACE_BOUND('',#378,.T.);
#47=FACE_BOUND('',#379,.T.);
#48=FACE_BOUND('',#380,.T.);
#49=FACE_BOUND('',#381,.T.);
#50=FACE_BOUND('',#382,.T.);
#51=FACE_BOUND('',#383,.T.);
#52=FACE_BOUND('',#384,.T.);
#53=FACE_BOUND('',#417,.T.);
#54=FACE_BOUND('',#421,.T.);
#55=FACE_BOUND('',#423,.T.);
#56=FACE_BOUND('',#427,.T.);
#57=FACE_BOUND('',#429,.T.);
#58=FACE_BOUND('',#430,.T.);
#59=FACE_BOUND('',#431,.T.);
#60=FACE_BOUND('',#432,.T.);
#61=FACE_BOUND('',#433,.T.);
#62=FACE_BOUND('',#434,.T.);
#63=FACE_BOUND('',#435,.T.);
#64=FACE_BOUND('',#436,.T.);
#65=FACE_BOUND('',#437,.T.);
#66=FACE_BOUND('',#456,.T.);
#67=FACE_BOUND('',#466,.T.);
#68=FACE_BOUND('',#469,.T.);
#69=FACE_BOUND('',#471,.T.);
#70=FACE_BOUND('',#473,.T.);
#71=FACE_BOUND('',#475,.T.);
#72=FACE_BOUND('',#518,.T.);
#73=FACE_BOUND('',#519,.T.);
#74=FACE_BOUND('',#520,.T.);
#75=FACE_BOUND('',#521,.T.);
#76=FACE_BOUND('',#522,.T.);
#77=FACE_BOUND('',#523,.T.);
#78=FACE_BOUND('',#524,.T.);
#79=FACE_BOUND('',#525,.T.);
#80=FACE_BOUND('',#526,.T.);
#81=FACE_BOUND('',#527,.T.);
#82=FACE_BOUND('',#528,.T.);
#83=FACE_BOUND('',#529,.T.);
#84=FACE_BOUND('',#530,.T.);
#85=FACE_BOUND('',#531,.T.);
#86=FACE_BOUND('',#532,.T.);
#87=FACE_BOUND('',#533,.T.);
#88=FACE_BOUND('',#534,.T.);
#89=FACE_BOUND('',#535,.T.);
#90=FACE_BOUND('',#536,.T.);
#91=FACE_BOUND('',#537,.T.);
#92=FACE_BOUND('',#538,.T.);
#93=PLANE('',#2523);
#94=PLANE('',#2527);
#95=PLANE('',#2531);
#96=PLANE('',#2535);
#97=PLANE('',#2539);
#98=PLANE('',#2543);
#99=PLANE('',#2562);
#100=PLANE('',#2570);
#101=PLANE('',#2586);
#102=PLANE('',#2591);
#103=PLANE('',#2596);
#104=PLANE('',#2599);
#105=PLANE('',#2602);
#106=PLANE('',#2605);
#107=PLANE('',#2608);
#108=PLANE('',#2611);
#109=PLANE('',#2614);
#110=PLANE('',#2617);
#111=PLANE('',#2620);
#112=PLANE('',#2623);
#113=PLANE('',#2626);
#114=PLANE('',#2629);
#115=PLANE('',#2630);
#116=PLANE('',#2631);
#117=PLANE('',#2632);
#118=PLANE('',#2633);
#119=PLANE('',#2634);
#120=PLANE('',#2635);
#121=PLANE('',#2636);
#122=PLANE('',#2637);
#123=PLANE('',#2638);
#124=PLANE('',#2639);
#125=PLANE('',#2640);
#126=PLANE('',#2641);
#127=PLANE('',#2642);
#128=PLANE('',#2643);
#129=PLANE('',#2644);
#130=PLANE('',#2645);
#131=PLANE('',#2646);
#132=PLANE('',#2650);
#133=PLANE('',#2651);
#134=PLANE('',#2652);
#135=PLANE('',#2653);
#136=PLANE('',#2654);
#137=PLANE('',#2655);
#138=PLANE('',#2656);
#139=PLANE('',#2657);
#140=PLANE('',#2658);
#141=PLANE('',#2659);
#142=PLANE('',#2660);
#143=PLANE('',#2661);
#144=PLANE('',#2662);
#145=PLANE('',#2663);
#146=PLANE('',#2664);
#147=PLANE('',#2665);
#148=PLANE('',#2666);
#149=PLANE('',#2667);
#150=PLANE('',#2668);
#151=PLANE('',#2669);
#152=PLANE('',#2670);
#153=PLANE('',#2671);
#154=PLANE('',#2672);
#155=PLANE('',#2673);
#156=PLANE('',#2674);
#157=PLANE('',#2677);
#158=PLANE('',#2678);
#159=PLANE('',#2679);
#160=PLANE('',#2680);
#161=PLANE('',#2681);
#162=PLANE('',#2682);
#163=PLANE('',#2689);
#164=PLANE('',#2690);
#165=PLANE('',#2691);
#166=PLANE('',#2692);
#167=PLANE('',#2693);
#168=PLANE('',#2694);
#169=PLANE('',#2715);
#170=PLANE('',#2716);
#171=PLANE('',#2717);
#172=PLANE('',#2718);
#173=PLANE('',#2719);
#174=PLANE('',#2720);
#175=PLANE('',#2725);
#176=PLANE('',#2726);
#177=PLANE('',#2727);
#178=PLANE('',#2728);
#179=PLANE('',#2729);
#180=PLANE('',#2730);
#181=PLANE('',#2731);
#182=PLANE('',#2732);
#183=FACE_OUTER_BOUND('',#322,.T.);
#184=FACE_OUTER_BOUND('',#323,.T.);
#185=FACE_OUTER_BOUND('',#324,.T.);
#186=FACE_OUTER_BOUND('',#325,.T.);
#187=FACE_OUTER_BOUND('',#326,.T.);
#188=FACE_OUTER_BOUND('',#327,.T.);
#189=FACE_OUTER_BOUND('',#328,.T.);
#190=FACE_OUTER_BOUND('',#329,.T.);
#191=FACE_OUTER_BOUND('',#330,.T.);
#192=FACE_OUTER_BOUND('',#331,.T.);
#193=FACE_OUTER_BOUND('',#332,.T.);
#194=FACE_OUTER_BOUND('',#333,.T.);
#195=FACE_OUTER_BOUND('',#334,.T.);
#196=FACE_OUTER_BOUND('',#335,.T.);
#197=FACE_OUTER_BOUND('',#336,.T.);
#198=FACE_OUTER_BOUND('',#337,.T.);
#199=FACE_OUTER_BOUND('',#338,.T.);
#200=FACE_OUTER_BOUND('',#339,.T.);
#201=FACE_OUTER_BOUND('',#340,.T.);
#202=FACE_OUTER_BOUND('',#341,.T.);
#203=FACE_OUTER_BOUND('',#363,.T.);
#204=FACE_OUTER_BOUND('',#364,.T.);
#205=FACE_OUTER_BOUND('',#365,.T.);
#206=FACE_OUTER_BOUND('',#366,.T.);
#207=FACE_OUTER_BOUND('',#367,.T.);
#208=FACE_OUTER_BOUND('',#385,.T.);
#209=FACE_OUTER_BOUND('',#386,.T.);
#210=FACE_OUTER_BOUND('',#387,.T.);
#211=FACE_OUTER_BOUND('',#388,.T.);
#212=FACE_OUTER_BOUND('',#389,.T.);
#213=FACE_OUTER_BOUND('',#390,.T.);
#214=FACE_OUTER_BOUND('',#391,.T.);
#215=FACE_OUTER_BOUND('',#392,.T.);
#216=FACE_OUTER_BOUND('',#393,.T.);
#217=FACE_OUTER_BOUND('',#394,.T.);
#218=FACE_OUTER_BOUND('',#395,.T.);
#219=FACE_OUTER_BOUND('',#396,.T.);
#220=FACE_OUTER_BOUND('',#397,.T.);
#221=FACE_OUTER_BOUND('',#398,.T.);
#222=FACE_OUTER_BOUND('',#399,.T.);
#223=FACE_OUTER_BOUND('',#400,.T.);
#224=FACE_OUTER_BOUND('',#401,.T.);
#225=FACE_OUTER_BOUND('',#402,.T.);
#226=FACE_OUTER_BOUND('',#403,.T.);
#227=FACE_OUTER_BOUND('',#404,.T.);
#228=FACE_OUTER_BOUND('',#405,.T.);
#229=FACE_OUTER_BOUND('',#406,.T.);
#230=FACE_OUTER_BOUND('',#407,.T.);
#231=FACE_OUTER_BOUND('',#408,.T.);
#232=FACE_OUTER_BOUND('',#409,.T.);
#233=FACE_OUTER_BOUND('',#410,.T.);
#234=FACE_OUTER_BOUND('',#411,.T.);
#235=FACE_OUTER_BOUND('',#412,.T.);
#236=FACE_OUTER_BOUND('',#413,.T.);
#237=FACE_OUTER_BOUND('',#414,.T.);
#238=FACE_OUTER_BOUND('',#415,.T.);
#239=FACE_OUTER_BOUND('',#416,.T.);
#240=FACE_OUTER_BOUND('',#418,.T.);
#241=FACE_OUTER_BOUND('',#419,.T.);
#242=FACE_OUTER_BOUND('',#420,.T.);
#243=FACE_OUTER_BOUND('',#422,.T.);
#244=FACE_OUTER_BOUND('',#424,.T.);
#245=FACE_OUTER_BOUND('',#425,.T.);
#246=FACE_OUTER_BOUND('',#426,.T.);
#247=FACE_OUTER_BOUND('',#428,.T.);
#248=FACE_OUTER_BOUND('',#438,.T.);
#249=FACE_OUTER_BOUND('',#439,.T.);
#250=FACE_OUTER_BOUND('',#440,.T.);
#251=FACE_OUTER_BOUND('',#441,.T.);
#252=FACE_OUTER_BOUND('',#442,.T.);
#253=FACE_OUTER_BOUND('',#443,.T.);
#254=FACE_OUTER_BOUND('',#444,.T.);
#255=FACE_OUTER_BOUND('',#445,.T.);
#256=FACE_OUTER_BOUND('',#446,.T.);
#257=FACE_OUTER_BOUND('',#447,.T.);
#258=FACE_OUTER_BOUND('',#448,.T.);
#259=FACE_OUTER_BOUND('',#449,.T.);
#260=FACE_OUTER_BOUND('',#450,.T.);
#261=FACE_OUTER_BOUND('',#451,.T.);
#262=FACE_OUTER_BOUND('',#452,.T.);
#263=FACE_OUTER_BOUND('',#453,.T.);
#264=FACE_OUTER_BOUND('',#454,.T.);
#265=FACE_OUTER_BOUND('',#455,.T.);
#266=FACE_OUTER_BOUND('',#457,.T.);
#267=FACE_OUTER_BOUND('',#458,.T.);
#268=FACE_OUTER_BOUND('',#459,.T.);
#269=FACE_OUTER_BOUND('',#460,.T.);
#270=FACE_OUTER_BOUND('',#461,.T.);
#271=FACE_OUTER_BOUND('',#462,.T.);
#272=FACE_OUTER_BOUND('',#463,.T.);
#273=FACE_OUTER_BOUND('',#464,.T.);
#274=FACE_OUTER_BOUND('',#465,.T.);
#275=FACE_OUTER_BOUND('',#467,.T.);
#276=FACE_OUTER_BOUND('',#468,.T.);
#277=FACE_OUTER_BOUND('',#470,.T.);
#278=FACE_OUTER_BOUND('',#472,.T.);
#279=FACE_OUTER_BOUND('',#474,.T.);
#280=FACE_OUTER_BOUND('',#476,.T.);
#281=FACE_OUTER_BOUND('',#477,.T.);
#282=FACE_OUTER_BOUND('',#478,.T.);
#283=FACE_OUTER_BOUND('',#479,.T.);
#284=FACE_OUTER_BOUND('',#480,.T.);
#285=FACE_OUTER_BOUND('',#481,.T.);
#286=FACE_OUTER_BOUND('',#482,.T.);
#287=FACE_OUTER_BOUND('',#483,.T.);
#288=FACE_OUTER_BOUND('',#484,.T.);
#289=FACE_OUTER_BOUND('',#485,.T.);
#290=FACE_OUTER_BOUND('',#486,.T.);
#291=FACE_OUTER_BOUND('',#487,.T.);
#292=FACE_OUTER_BOUND('',#488,.T.);
#293=FACE_OUTER_BOUND('',#489,.T.);
#294=FACE_OUTER_BOUND('',#490,.T.);
#295=FACE_OUTER_BOUND('',#491,.T.);
#296=FACE_OUTER_BOUND('',#492,.T.);
#297=FACE_OUTER_BOUND('',#493,.T.);
#298=FACE_OUTER_BOUND('',#494,.T.);
#299=FACE_OUTER_BOUND('',#495,.T.);
#300=FACE_OUTER_BOUND('',#496,.T.);
#301=FACE_OUTER_BOUND('',#497,.T.);
#302=FACE_OUTER_BOUND('',#498,.T.);
#303=FACE_OUTER_BOUND('',#499,.T.);
#304=FACE_OUTER_BOUND('',#500,.T.);
#305=FACE_OUTER_BOUND('',#501,.T.);
#306=FACE_OUTER_BOUND('',#502,.T.);
#307=FACE_OUTER_BOUND('',#503,.T.);
#308=FACE_OUTER_BOUND('',#504,.T.);
#309=FACE_OUTER_BOUND('',#505,.T.);
#310=FACE_OUTER_BOUND('',#506,.T.);
#311=FACE_OUTER_BOUND('',#507,.T.);
#312=FACE_OUTER_BOUND('',#508,.T.);
#313=FACE_OUTER_BOUND('',#509,.T.);
#314=FACE_OUTER_BOUND('',#510,.T.);
#315=FACE_OUTER_BOUND('',#511,.T.);
#316=FACE_OUTER_BOUND('',#512,.T.);
#317=FACE_OUTER_BOUND('',#513,.T.);
#318=FACE_OUTER_BOUND('',#514,.T.);
#319=FACE_OUTER_BOUND('',#515,.T.);
#320=FACE_OUTER_BOUND('',#516,.T.);
#321=FACE_OUTER_BOUND('',#517,.T.);
#322=EDGE_LOOP('',(#1640,#1641,#1642,#1643));
#323=EDGE_LOOP('',(#1644,#1645,#1646,#1647));
#324=EDGE_LOOP('',(#1648,#1649,#1650,#1651));
#325=EDGE_LOOP('',(#1652,#1653,#1654,#1655));
#326=EDGE_LOOP('',(#1656,#1657,#1658,#1659));
#327=EDGE_LOOP('',(#1660,#1661,#1662,#1663));
#328=EDGE_LOOP('',(#1664,#1665,#1666,#1667));
#329=EDGE_LOOP('',(#1668,#1669,#1670,#1671));
#330=EDGE_LOOP('',(#1672,#1673,#1674,#1675));
#331=EDGE_LOOP('',(#1676));
#332=EDGE_LOOP('',(#1677,#1678,#1679,#1680));
#333=EDGE_LOOP('',(#1681));
#334=EDGE_LOOP('',(#1682,#1683,#1684,#1685));
#335=EDGE_LOOP('',(#1686));
#336=EDGE_LOOP('',(#1687,#1688,#1689,#1690));
#337=EDGE_LOOP('',(#1691));
#338=EDGE_LOOP('',(#1692,#1693,#1694,#1695));
#339=EDGE_LOOP('',(#1696,#1697,#1698,#1699));
#340=EDGE_LOOP('',(#1700,#1701,#1702,#1703));
#341=EDGE_LOOP('',(#1704,#1705,#1706,#1707,#1708,#1709,#1710,#1711));
#342=EDGE_LOOP('',(#1712));
#343=EDGE_LOOP('',(#1713,#1714,#1715,#1716,#1717,#1718));
#344=EDGE_LOOP('',(#1719));
#345=EDGE_LOOP('',(#1720));
#346=EDGE_LOOP('',(#1721));
#347=EDGE_LOOP('',(#1722,#1723,#1724,#1725,#1726,#1727));
#348=EDGE_LOOP('',(#1728));
#349=EDGE_LOOP('',(#1729));
#350=EDGE_LOOP('',(#1730));
#351=EDGE_LOOP('',(#1731));
#352=EDGE_LOOP('',(#1732));
#353=EDGE_LOOP('',(#1733));
#354=EDGE_LOOP('',(#1734));
#355=EDGE_LOOP('',(#1735));
#356=EDGE_LOOP('',(#1736));
#357=EDGE_LOOP('',(#1737));
#358=EDGE_LOOP('',(#1738,#1739,#1740,#1741,#1742,#1743));
#359=EDGE_LOOP('',(#1744));
#360=EDGE_LOOP('',(#1745));
#361=EDGE_LOOP('',(#1746,#1747,#1748,#1749,#1750,#1751));
#362=EDGE_LOOP('',(#1752,#1753,#1754,#1755));
#363=EDGE_LOOP('',(#1756,#1757,#1758,#1759));
#364=EDGE_LOOP('',(#1760,#1761,#1762,#1763));
#365=EDGE_LOOP('',(#1764,#1765,#1766,#1767));
#366=EDGE_LOOP('',(#1768,#1769,#1770,#1771));
#367=EDGE_LOOP('',(#1772,#1773,#1774,#1775,#1776,#1777,#1778,#1779));
#368=EDGE_LOOP('',(#1780));
#369=EDGE_LOOP('',(#1781));
#370=EDGE_LOOP('',(#1782,#1783,#1784,#1785,#1786,#1787,#1788,#1789));
#371=EDGE_LOOP('',(#1790));
#372=EDGE_LOOP('',(#1791));
#373=EDGE_LOOP('',(#1792));
#374=EDGE_LOOP('',(#1793));
#375=EDGE_LOOP('',(#1794));
#376=EDGE_LOOP('',(#1795));
#377=EDGE_LOOP('',(#1796));
#378=EDGE_LOOP('',(#1797));
#379=EDGE_LOOP('',(#1798));
#380=EDGE_LOOP('',(#1799));
#381=EDGE_LOOP('',(#1800));
#382=EDGE_LOOP('',(#1801));
#383=EDGE_LOOP('',(#1802));
#384=EDGE_LOOP('',(#1803));
#385=EDGE_LOOP('',(#1804,#1805,#1806,#1807));
#386=EDGE_LOOP('',(#1808,#1809,#1810,#1811));
#387=EDGE_LOOP('',(#1812,#1813,#1814,#1815));
#388=EDGE_LOOP('',(#1816,#1817,#1818,#1819));
#389=EDGE_LOOP('',(#1820,#1821,#1822,#1823));
#390=EDGE_LOOP('',(#1824,#1825,#1826,#1827));
#391=EDGE_LOOP('',(#1828));
#392=EDGE_LOOP('',(#1829,#1830,#1831,#1832));
#393=EDGE_LOOP('',(#1833));
#394=EDGE_LOOP('',(#1834,#1835,#1836,#1837));
#395=EDGE_LOOP('',(#1838));
#396=EDGE_LOOP('',(#1839,#1840,#1841,#1842));
#397=EDGE_LOOP('',(#1843));
#398=EDGE_LOOP('',(#1844,#1845,#1846,#1847));
#399=EDGE_LOOP('',(#1848));
#400=EDGE_LOOP('',(#1849,#1850,#1851,#1852));
#401=EDGE_LOOP('',(#1853));
#402=EDGE_LOOP('',(#1854,#1855,#1856,#1857));
#403=EDGE_LOOP('',(#1858));
#404=EDGE_LOOP('',(#1859,#1860,#1861,#1862));
#405=EDGE_LOOP('',(#1863));
#406=EDGE_LOOP('',(#1864,#1865,#1866,#1867));
#407=EDGE_LOOP('',(#1868));
#408=EDGE_LOOP('',(#1869,#1870,#1871,#1872));
#409=EDGE_LOOP('',(#1873));
#410=EDGE_LOOP('',(#1874,#1875,#1876,#1877));
#411=EDGE_LOOP('',(#1878));
#412=EDGE_LOOP('',(#1879,#1880,#1881,#1882));
#413=EDGE_LOOP('',(#1883));
#414=EDGE_LOOP('',(#1884,#1885,#1886,#1887));
#415=EDGE_LOOP('',(#1888,#1889,#1890,#1891));
#416=EDGE_LOOP('',(#1892,#1893,#1894,#1895));
#417=EDGE_LOOP('',(#1896,#1897,#1898,#1899));
#418=EDGE_LOOP('',(#1900,#1901,#1902,#1903));
#419=EDGE_LOOP('',(#1904,#1905,#1906,#1907));
#420=EDGE_LOOP('',(#1908,#1909,#1910,#1911));
#421=EDGE_LOOP('',(#1912,#1913,#1914,#1915));
#422=EDGE_LOOP('',(#1916,#1917,#1918,#1919));
#423=EDGE_LOOP('',(#1920,#1921,#1922,#1923));
#424=EDGE_LOOP('',(#1924,#1925,#1926,#1927));
#425=EDGE_LOOP('',(#1928,#1929,#1930,#1931));
#426=EDGE_LOOP('',(#1932,#1933,#1934,#1935));
#427=EDGE_LOOP('',(#1936,#1937,#1938,#1939));
#428=EDGE_LOOP('',(#1940,#1941,#1942,#1943));
#429=EDGE_LOOP('',(#1944));
#430=EDGE_LOOP('',(#1945));
#431=EDGE_LOOP('',(#1946));
#432=EDGE_LOOP('',(#1947));
#433=EDGE_LOOP('',(#1948));
#434=EDGE_LOOP('',(#1949));
#435=EDGE_LOOP('',(#1950));
#436=EDGE_LOOP('',(#1951));
#437=EDGE_LOOP('',(#1952,#1953,#1954,#1955));
#438=EDGE_LOOP('',(#1956,#1957,#1958,#1959));
#439=EDGE_LOOP('',(#1960,#1961,#1962,#1963));
#440=EDGE_LOOP('',(#1964,#1965,#1966,#1967));
#441=EDGE_LOOP('',(#1968,#1969,#1970,#1971));
#442=EDGE_LOOP('',(#1972,#1973,#1974,#1975));
#443=EDGE_LOOP('',(#1976,#1977,#1978,#1979));
#444=EDGE_LOOP('',(#1980,#1981,#1982,#1983));
#445=EDGE_LOOP('',(#1984));
#446=EDGE_LOOP('',(#1985));
#447=EDGE_LOOP('',(#1986));
#448=EDGE_LOOP('',(#1987));
#449=EDGE_LOOP('',(#1988));
#450=EDGE_LOOP('',(#1989));
#451=EDGE_LOOP('',(#1990));
#452=EDGE_LOOP('',(#1991));
#453=EDGE_LOOP('',(#1992,#1993,#1994,#1995));
#454=EDGE_LOOP('',(#1996,#1997,#1998,#1999));
#455=EDGE_LOOP('',(#2000,#2001,#2002,#2003));
#456=EDGE_LOOP('',(#2004));
#457=EDGE_LOOP('',(#2005,#2006,#2007,#2008));
#458=EDGE_LOOP('',(#2009,#2010,#2011,#2012));
#459=EDGE_LOOP('',(#2013,#2014,#2015,#2016));
#460=EDGE_LOOP('',(#2017,#2018,#2019,#2020));
#461=EDGE_LOOP('',(#2021,#2022,#2023,#2024));
#462=EDGE_LOOP('',(#2025,#2026,#2027,#2028));
#463=EDGE_LOOP('',(#2029,#2030,#2031,#2032));
#464=EDGE_LOOP('',(#2033,#2034,#2035,#2036));
#465=EDGE_LOOP('',(#2037,#2038,#2039,#2040));
#466=EDGE_LOOP('',(#2041));
#467=EDGE_LOOP('',(#2042,#2043,#2044,#2045));
#468=EDGE_LOOP('',(#2046,#2047,#2048,#2049));
#469=EDGE_LOOP('',(#2050,#2051,#2052,#2053));
#470=EDGE_LOOP('',(#2054,#2055,#2056,#2057));
#471=EDGE_LOOP('',(#2058,#2059,#2060,#2061));
#472=EDGE_LOOP('',(#2062,#2063,#2064,#2065));
#473=EDGE_LOOP('',(#2066,#2067,#2068,#2069));
#474=EDGE_LOOP('',(#2070,#2071,#2072,#2073));
#475=EDGE_LOOP('',(#2074,#2075,#2076,#2077));
#476=EDGE_LOOP('',(#2078,#2079,#2080,#2081));
#477=EDGE_LOOP('',(#2082,#2083,#2084,#2085));
#478=EDGE_LOOP('',(#2086,#2087,#2088,#2089));
#479=EDGE_LOOP('',(#2090,#2091,#2092,#2093));
#480=EDGE_LOOP('',(#2094,#2095,#2096,#2097));
#481=EDGE_LOOP('',(#2098,#2099,#2100,#2101));
#482=EDGE_LOOP('',(#2102,#2103,#2104,#2105));
#483=EDGE_LOOP('',(#2106,#2107,#2108,#2109));
#484=EDGE_LOOP('',(#2110,#2111,#2112,#2113));
#485=EDGE_LOOP('',(#2114,#2115,#2116,#2117));
#486=EDGE_LOOP('',(#2118,#2119,#2120,#2121));
#487=EDGE_LOOP('',(#2122,#2123,#2124,#2125));
#488=EDGE_LOOP('',(#2126,#2127,#2128,#2129));
#489=EDGE_LOOP('',(#2130,#2131,#2132,#2133));
#490=EDGE_LOOP('',(#2134,#2135,#2136,#2137));
#491=EDGE_LOOP('',(#2138,#2139,#2140,#2141));
#492=EDGE_LOOP('',(#2142,#2143,#2144,#2145));
#493=EDGE_LOOP('',(#2146,#2147,#2148,#2149));
#494=EDGE_LOOP('',(#2150,#2151,#2152,#2153));
#495=EDGE_LOOP('',(#2154,#2155,#2156,#2157));
#496=EDGE_LOOP('',(#2158,#2159,#2160,#2161));
#497=EDGE_LOOP('',(#2162,#2163,#2164,#2165));
#498=EDGE_LOOP('',(#2166,#2167,#2168,#2169));
#499=EDGE_LOOP('',(#2170,#2171,#2172,#2173));
#500=EDGE_LOOP('',(#2174,#2175,#2176,#2177));
#501=EDGE_LOOP('',(#2178,#2179,#2180,#2181));
#502=EDGE_LOOP('',(#2182,#2183,#2184,#2185));
#503=EDGE_LOOP('',(#2186,#2187,#2188,#2189));
#504=EDGE_LOOP('',(#2190,#2191,#2192,#2193));
#505=EDGE_LOOP('',(#2194,#2195,#2196,#2197));
#506=EDGE_LOOP('',(#2198,#2199,#2200,#2201));
#507=EDGE_LOOP('',(#2202,#2203,#2204,#2205));
#508=EDGE_LOOP('',(#2206,#2207,#2208,#2209));
#509=EDGE_LOOP('',(#2210,#2211,#2212,#2213));
#510=EDGE_LOOP('',(#2214,#2215,#2216,#2217));
#511=EDGE_LOOP('',(#2218,#2219,#2220,#2221));
#512=EDGE_LOOP('',(#2222,#2223,#2224,#2225));
#513=EDGE_LOOP('',(#2226,#2227,#2228,#2229));
#514=EDGE_LOOP('',(#2230,#2231,#2232,#2233));
#515=EDGE_LOOP('',(#2234,#2235,#2236,#2237));
#516=EDGE_LOOP('',(#2238,#2239,#2240,#2241));
#517=EDGE_LOOP('',(#2242,#2243,#2244,#2245,#2246,#2247,#2248,#2249));
#518=EDGE_LOOP('',(#2250,#2251,#2252,#2253));
#519=EDGE_LOOP('',(#2254));
#520=EDGE_LOOP('',(#2255,#2256,#2257,#2258,#2259,#2260));
#521=EDGE_LOOP('',(#2261));
#522=EDGE_LOOP('',(#2262));
#523=EDGE_LOOP('',(#2263));
#524=EDGE_LOOP('',(#2264,#2265,#2266,#2267,#2268,#2269));
#525=EDGE_LOOP('',(#2270));
#526=EDGE_LOOP('',(#2271));
#527=EDGE_LOOP('',(#2272));
#528=EDGE_LOOP('',(#2273));
#529=EDGE_LOOP('',(#2274));
#530=EDGE_LOOP('',(#2275));
#531=EDGE_LOOP('',(#2276));
#532=EDGE_LOOP('',(#2277));
#533=EDGE_LOOP('',(#2278));
#534=EDGE_LOOP('',(#2279));
#535=EDGE_LOOP('',(#2280,#2281,#2282,#2283,#2284,#2285));
#536=EDGE_LOOP('',(#2286));
#537=EDGE_LOOP('',(#2287));
#538=EDGE_LOOP('',(#2288,#2289,#2290,#2291,#2292,#2293));
#539=LINE('',#3443,#768);
#540=LINE('',#3449,#769);
#541=LINE('',#3455,#770);
#542=LINE('',#3461,#771);
#543=LINE('',#3467,#772);
#544=LINE('',#3473,#773);
#545=LINE('',#3479,#774);
#546=LINE('',#3485,#775);
#547=LINE('',#3491,#776);
#548=LINE('',#3498,#777);
#549=LINE('',#3505,#778);
#550=LINE('',#3512,#779);
#551=LINE('',#3520,#780);
#552=LINE('',#3523,#781);
#553=LINE('',#3526,#782);
#554=LINE('',#3528,#783);
#555=LINE('',#3529,#784);
#556=LINE('',#3535,#785);
#557=LINE('',#3538,#786);
#558=LINE('',#3540,#787);
#559=LINE('',#3542,#788);
#560=LINE('',#3546,#789);
#561=LINE('',#3552,#790);
#562=LINE('',#3554,#791);
#563=LINE('',#3556,#792);
#564=LINE('',#3558,#793);
#565=LINE('',#3560,#794);
#566=LINE('',#3561,#795);
#567=LINE('',#3570,#796);
#568=LINE('',#3572,#797);
#569=LINE('',#3574,#798);
#570=LINE('',#3576,#799);
#571=LINE('',#3578,#800);
#572=LINE('',#3579,#801);
#573=LINE('',#3602,#802);
#574=LINE('',#3604,#803);
#575=LINE('',#3606,#804);
#576=LINE('',#3608,#805);
#577=LINE('',#3610,#806);
#578=LINE('',#3611,#807);
#579=LINE('',#3618,#808);
#580=LINE('',#3620,#809);
#581=LINE('',#3622,#810);
#582=LINE('',#3624,#811);
#583=LINE('',#3626,#812);
#584=LINE('',#3627,#813);
#585=LINE('',#3630,#814);
#586=LINE('',#3632,#815);
#587=LINE('',#3634,#816);
#588=LINE('',#3635,#817);
#589=LINE('',#3638,#818);
#590=LINE('',#3639,#819);
#591=LINE('',#3643,#820);
#592=LINE('',#3646,#821);
#593=LINE('',#3653,#822);
#594=LINE('',#3656,#823);
#595=LINE('',#3659,#824);
#596=LINE('',#3663,#825);
#597=LINE('',#3667,#826);
#598=LINE('',#3670,#827);
#599=LINE('',#3671,#828);
#600=LINE('',#3672,#829);
#601=LINE('',#3699,#830);
#602=LINE('',#3700,#831);
#603=LINE('',#3704,#832);
#604=LINE('',#3709,#833);
#605=LINE('',#3710,#834);
#606=LINE('',#3713,#835);
#607=LINE('',#3714,#836);
#608=LINE('',#3718,#837);
#609=LINE('',#3721,#838);
#610=LINE('',#3726,#839);
#611=LINE('',#3731,#840);
#612=LINE('',#3736,#841);
#613=LINE('',#3741,#842);
#614=LINE('',#3746,#843);
#615=LINE('',#3751,#844);
#616=LINE('',#3756,#845);
#617=LINE('',#3761,#846);
#618=LINE('',#3766,#847);
#619=LINE('',#3771,#848);
#620=LINE('',#3776,#849);
#621=LINE('',#3783,#850);
#622=LINE('',#3785,#851);
#623=LINE('',#3786,#852);
#624=LINE('',#3789,#853);
#625=LINE('',#3791,#854);
#626=LINE('',#3793,#855);
#627=LINE('',#3794,#856);
#628=LINE('',#3797,#857);
#629=LINE('',#3799,#858);
#630=LINE('',#3800,#859);
#631=LINE('',#3803,#860);
#632=LINE('',#3804,#861);
#633=LINE('',#3807,#862);
#634=LINE('',#3808,#863);
#635=LINE('',#3811,#864);
#636=LINE('',#3813,#865);
#637=LINE('',#3815,#866);
#638=LINE('',#3816,#867);
#639=LINE('',#3819,#868);
#640=LINE('',#3820,#869);
#641=LINE('',#3823,#870);
#642=LINE('',#3825,#871);
#643=LINE('',#3827,#872);
#644=LINE('',#3828,#873);
#645=LINE('',#3831,#874);
#646=LINE('',#3833,#875);
#647=LINE('',#3834,#876);
#648=LINE('',#3837,#877);
#649=LINE('',#3838,#878);
#650=LINE('',#3840,#879);
#651=LINE('',#3843,#880);
#652=LINE('',#3845,#881);
#653=LINE('',#3847,#882);
#654=LINE('',#3848,#883);
#655=LINE('',#3852,#884);
#656=LINE('',#3854,#885);
#657=LINE('',#3856,#886);
#658=LINE('',#3857,#887);
#659=LINE('',#3860,#888);
#660=LINE('',#3861,#889);
#661=LINE('',#3864,#890);
#662=LINE('',#3865,#891);
#663=LINE('',#3869,#892);
#664=LINE('',#3870,#893);
#665=LINE('',#3871,#894);
#666=LINE('',#3874,#895);
#667=LINE('',#3875,#896);
#668=LINE('',#3879,#897);
#669=LINE('',#3880,#898);
#670=LINE('',#3881,#899);
#671=LINE('',#3884,#900);
#672=LINE('',#3885,#901);
#673=LINE('',#3890,#902);
#674=LINE('',#3902,#903);
#675=LINE('',#3904,#904);
#676=LINE('',#3905,#905);
#677=LINE('',#3908,#906);
#678=LINE('',#3909,#907);
#679=LINE('',#3912,#908);
#680=LINE('',#3913,#909);
#681=LINE('',#3915,#910);
#682=LINE('',#3918,#911);
#683=LINE('',#3920,#912);
#684=LINE('',#3923,#913);
#685=LINE('',#3924,#914);
#686=LINE('',#3927,#915);
#687=LINE('',#3928,#916);
#688=LINE('',#3930,#917);
#689=LINE('',#3932,#918);
#690=LINE('',#3936,#919);
#691=LINE('',#3938,#920);
#692=LINE('',#3940,#921);
#693=LINE('',#3941,#922);
#694=LINE('',#3943,#923);
#695=LINE('',#3946,#924);
#696=LINE('',#3948,#925);
#697=LINE('',#3949,#926);
#698=LINE('',#3952,#927);
#699=LINE('',#3954,#928);
#700=LINE('',#3955,#929);
#701=LINE('',#3957,#930);
#702=LINE('',#3959,#931);
#703=LINE('',#3963,#932);
#704=LINE('',#3966,#933);
#705=LINE('',#3968,#934);
#706=LINE('',#3969,#935);
#707=LINE('',#3972,#936);
#708=LINE('',#3973,#937);
#709=LINE('',#3976,#938);
#710=LINE('',#3977,#939);
#711=LINE('',#3980,#940);
#712=LINE('',#3981,#941);
#713=LINE('',#3984,#942);
#714=LINE('',#3985,#943);
#715=LINE('',#3987,#944);
#716=LINE('',#3991,#945);
#717=LINE('',#3995,#946);
#718=LINE('',#3999,#947);
#719=LINE('',#4002,#948);
#720=LINE('',#4004,#949);
#721=LINE('',#4005,#950);
#722=LINE('',#4008,#951);
#723=LINE('',#4009,#952);
#724=LINE('',#4012,#953);
#725=LINE('',#4013,#954);
#726=LINE('',#4016,#955);
#727=LINE('',#4017,#956);
#728=LINE('',#4020,#957);
#729=LINE('',#4021,#958);
#730=LINE('',#4023,#959);
#731=LINE('',#4027,#960);
#732=LINE('',#4031,#961);
#733=LINE('',#4035,#962);
#734=LINE('',#4039,#963);
#735=LINE('',#4043,#964);
#736=LINE('',#4047,#965);
#737=LINE('',#4051,#966);
#738=LINE('',#4055,#967);
#739=LINE('',#4059,#968);
#740=LINE('',#4063,#969);
#741=LINE('',#4066,#970);
#742=LINE('',#4068,#971);
#743=LINE('',#4069,#972);
#744=LINE('',#4072,#973);
#745=LINE('',#4073,#974);
#746=LINE('',#4076,#975);
#747=LINE('',#4077,#976);
#748=LINE('',#4080,#977);
#749=LINE('',#4081,#978);
#750=LINE('',#4084,#979);
#751=LINE('',#4085,#980);
#752=LINE('',#4087,#981);
#753=LINE('',#4091,#982);
#754=LINE('',#4095,#983);
#755=LINE('',#4098,#984);
#756=LINE('',#4100,#985);
#757=LINE('',#4101,#986);
#758=LINE('',#4104,#987);
#759=LINE('',#4105,#988);
#760=LINE('',#4108,#989);
#761=LINE('',#4109,#990);
#762=LINE('',#4112,#991);
#763=LINE('',#4113,#992);
#764=LINE('',#4116,#993);
#765=LINE('',#4117,#994);
#766=LINE('',#4119,#995);
#767=LINE('',#4121,#996);
#768=VECTOR('',#2739,1.5);
#769=VECTOR('',#2746,1.5);
#770=VECTOR('',#2753,1.5);
#771=VECTOR('',#2760,1.5);
#772=VECTOR('',#2767,1.5);
#773=VECTOR('',#2774,1.5);
#774=VECTOR('',#2781,1.5);
#775=VECTOR('',#2788,1.5);
#776=VECTOR('',#2795,1.515);
#777=VECTOR('',#2804,1.515);
#778=VECTOR('',#2813,1.515);
#779=VECTOR('',#2822,1.515);
#780=VECTOR('',#2831,10.);
#781=VECTOR('',#2834,10.);
#782=VECTOR('',#2837,10.);
#783=VECTOR('',#2838,10.);
#784=VECTOR('',#2839,10.);
#785=VECTOR('',#2844,10.);
#786=VECTOR('',#2847,10.);
#787=VECTOR('',#2850,10.);
#788=VECTOR('',#2851,10.);
#789=VECTOR('',#2854,10.);
#790=VECTOR('',#2859,10.);
#791=VECTOR('',#2860,10.);
#792=VECTOR('',#2861,10.);
#793=VECTOR('',#2862,10.);
#794=VECTOR('',#2863,10.);
#795=VECTOR('',#2864,10.);
#796=VECTOR('',#2871,10.);
#797=VECTOR('',#2872,10.);
#798=VECTOR('',#2873,10.);
#799=VECTOR('',#2874,10.);
#800=VECTOR('',#2875,10.);
#801=VECTOR('',#2876,10.);
#802=VECTOR('',#2897,10.);
#803=VECTOR('',#2898,10.);
#804=VECTOR('',#2899,10.);
#805=VECTOR('',#2900,10.);
#806=VECTOR('',#2901,10.);
#807=VECTOR('',#2902,10.);
#808=VECTOR('',#2907,10.);
#809=VECTOR('',#2908,10.);
#810=VECTOR('',#2909,10.);
#811=VECTOR('',#2910,10.);
#812=VECTOR('',#2911,10.);
#813=VECTOR('',#2912,10.);
#814=VECTOR('',#2913,10.);
#815=VECTOR('',#2914,10.);
#816=VECTOR('',#2915,10.);
#817=VECTOR('',#2916,10.);
#818=VECTOR('',#2919,10.);
#819=VECTOR('',#2920,10.);
#820=VECTOR('',#2925,10.);
#821=VECTOR('',#2928,10.);
#822=VECTOR('',#2935,10.);
#823=VECTOR('',#2938,10.);
#824=VECTOR('',#2941,10.);
#825=VECTOR('',#2944,10.);
#826=VECTOR('',#2947,10.);
#827=VECTOR('',#2950,10.);
#828=VECTOR('',#2951,10.);
#829=VECTOR('',#2952,10.);
#830=VECTOR('',#2979,10.);
#831=VECTOR('',#2980,10.);
#832=VECTOR('',#2985,10.);
#833=VECTOR('',#2990,10.);
#834=VECTOR('',#2991,10.);
#835=VECTOR('',#2994,10.);
#836=VECTOR('',#2995,10.);
#837=VECTOR('',#3000,10.);
#838=VECTOR('',#3003,1.515);
#839=VECTOR('',#3010,1.515);
#840=VECTOR('',#3017,1.515);
#841=VECTOR('',#3024,1.515);
#842=VECTOR('',#3031,1.515);
#843=VECTOR('',#3038,1.515);
#844=VECTOR('',#3045,1.515);
#845=VECTOR('',#3052,1.515);
#846=VECTOR('',#3059,1.515);
#847=VECTOR('',#3066,1.515);
#848=VECTOR('',#3073,1.515);
#849=VECTOR('',#3080,1.515);
#850=VECTOR('',#3091,10.);
#851=VECTOR('',#3092,10.);
#852=VECTOR('',#3093,10.);
#853=VECTOR('',#3094,10.);
#854=VECTOR('',#3095,10.);
#855=VECTOR('',#3096,10.);
#856=VECTOR('',#3097,10.);
#857=VECTOR('',#3100,10.);
#858=VECTOR('',#3101,10.);
#859=VECTOR('',#3102,10.);
#860=VECTOR('',#3105,10.);
#861=VECTOR('',#3106,10.);
#862=VECTOR('',#3109,10.);
#863=VECTOR('',#3110,10.);
#864=VECTOR('',#3111,10.);
#865=VECTOR('',#3112,10.);
#866=VECTOR('',#3113,10.);
#867=VECTOR('',#3114,10.);
#868=VECTOR('',#3117,10.);
#869=VECTOR('',#3118,10.);
#870=VECTOR('',#3119,10.);
#871=VECTOR('',#3120,10.);
#872=VECTOR('',#3121,10.);
#873=VECTOR('',#3122,10.);
#874=VECTOR('',#3125,10.);
#875=VECTOR('',#3126,10.);
#876=VECTOR('',#3127,10.);
#877=VECTOR('',#3130,10.);
#878=VECTOR('',#3131,10.);
#879=VECTOR('',#3134,10.);
#880=VECTOR('',#3135,10.);
#881=VECTOR('',#3136,10.);
#882=VECTOR('',#3137,10.);
#883=VECTOR('',#3138,10.);
#884=VECTOR('',#3141,10.);
#885=VECTOR('',#3142,10.);
#886=VECTOR('',#3143,10.);
#887=VECTOR('',#3144,10.);
#888=VECTOR('',#3147,10.);
#889=VECTOR('',#3148,10.);
#890=VECTOR('',#3151,10.);
#891=VECTOR('',#3152,10.);
#892=VECTOR('',#3155,10.);
#893=VECTOR('',#3156,10.);
#894=VECTOR('',#3157,10.);
#895=VECTOR('',#3160,10.);
#896=VECTOR('',#3161,10.);
#897=VECTOR('',#3164,10.);
#898=VECTOR('',#3165,10.);
#899=VECTOR('',#3166,10.);
#900=VECTOR('',#3169,10.);
#901=VECTOR('',#3170,10.);
#902=VECTOR('',#3175,12.5);
#903=VECTOR('',#3196,10.);
#904=VECTOR('',#3197,10.);
#905=VECTOR('',#3198,10.);
#906=VECTOR('',#3201,10.);
#907=VECTOR('',#3202,10.);
#908=VECTOR('',#3205,10.);
#909=VECTOR('',#3206,10.);
#910=VECTOR('',#3209,10.);
#911=VECTOR('',#3214,10.);
#912=VECTOR('',#3217,10.);
#913=VECTOR('',#3220,10.);
#914=VECTOR('',#3221,10.);
#915=VECTOR('',#3224,10.);
#916=VECTOR('',#3225,10.);
#917=VECTOR('',#3228,10.);
#918=VECTOR('',#3231,10.);
#919=VECTOR('',#3234,10.);
#920=VECTOR('',#3235,10.);
#921=VECTOR('',#3236,10.);
#922=VECTOR('',#3237,10.);
#923=VECTOR('',#3240,10.);
#924=VECTOR('',#3243,10.);
#925=VECTOR('',#3244,10.);
#926=VECTOR('',#3245,10.);
#927=VECTOR('',#3248,10.);
#928=VECTOR('',#3249,10.);
#929=VECTOR('',#3250,10.);
#930=VECTOR('',#3253,10.);
#931=VECTOR('',#3256,10.);
#932=VECTOR('',#3261,1.515);
#933=VECTOR('',#3264,10.);
#934=VECTOR('',#3265,10.);
#935=VECTOR('',#3266,10.);
#936=VECTOR('',#3269,10.);
#937=VECTOR('',#3270,10.);
#938=VECTOR('',#3273,10.);
#939=VECTOR('',#3274,10.);
#940=VECTOR('',#3277,10.);
#941=VECTOR('',#3278,10.);
#942=VECTOR('',#3281,10.);
#943=VECTOR('',#3282,10.);
#944=VECTOR('',#3285,10.);
#945=VECTOR('',#3290,1.515);
#946=VECTOR('',#3295,1.515);
#947=VECTOR('',#3300,1.515);
#948=VECTOR('',#3303,10.);
#949=VECTOR('',#3304,10.);
#950=VECTOR('',#3305,10.);
#951=VECTOR('',#3308,10.);
#952=VECTOR('',#3309,10.);
#953=VECTOR('',#3312,10.);
#954=VECTOR('',#3313,10.);
#955=VECTOR('',#3316,10.);
#956=VECTOR('',#3317,10.);
#957=VECTOR('',#3320,10.);
#958=VECTOR('',#3321,10.);
#959=VECTOR('',#3324,10.);
#960=VECTOR('',#3329,1.515);
#961=VECTOR('',#3334,1.515);
#962=VECTOR('',#3339,1.515);
#963=VECTOR('',#3344,1.515);
#964=VECTOR('',#3349,1.515);
#965=VECTOR('',#3354,1.515);
#966=VECTOR('',#3359,1.515);
#967=VECTOR('',#3364,1.515);
#968=VECTOR('',#3369,1.515);
#969=VECTOR('',#3374,1.515);
#970=VECTOR('',#3377,10.);
#971=VECTOR('',#3378,10.);
#972=VECTOR('',#3379,10.);
#973=VECTOR('',#3382,10.);
#974=VECTOR('',#3383,10.);
#975=VECTOR('',#3386,10.);
#976=VECTOR('',#3387,10.);
#977=VECTOR('',#3390,10.);
#978=VECTOR('',#3391,10.);
#979=VECTOR('',#3394,10.);
#980=VECTOR('',#3395,10.);
#981=VECTOR('',#3398,10.);
#982=VECTOR('',#3403,1.515);
#983=VECTOR('',#3408,1.515);
#984=VECTOR('',#3411,10.);
#985=VECTOR('',#3412,10.);
#986=VECTOR('',#3413,10.);
#987=VECTOR('',#3416,10.);
#988=VECTOR('',#3417,10.);
#989=VECTOR('',#3420,10.);
#990=VECTOR('',#3421,10.);
#991=VECTOR('',#3424,10.);
#992=VECTOR('',#3425,10.);
#993=VECTOR('',#3428,10.);
#994=VECTOR('',#3429,10.);
#995=VECTOR('',#3432,10.);
#996=VECTOR('',#3435,10.);
#997=CIRCLE('',#2497,1.5);
#998=CIRCLE('',#2498,1.5);
#999=CIRCLE('',#2500,1.5);
#1000=CIRCLE('',#2501,1.5);
#1001=CIRCLE('',#2503,1.5);
#1002=CIRCLE('',#2504,1.5);
#1003=CIRCLE('',#2506,1.5);
#1004=CIRCLE('',#2507,1.5);
#1005=CIRCLE('',#2509,1.5);
#1006=CIRCLE('',#2510,1.5);
#1007=CIRCLE('',#2512,1.5);
#1008=CIRCLE('',#2513,1.5);
#1009=CIRCLE('',#2515,1.5);
#1010=CIRCLE('',#2516,1.5);
#1011=CIRCLE('',#2518,1.5);
#1012=CIRCLE('',#2519,1.5);
#1013=CIRCLE('',#2521,1.515);
#1014=CIRCLE('',#2522,1.515);
#1015=CIRCLE('',#2525,1.515);
#1016=CIRCLE('',#2526,1.515);
#1017=CIRCLE('',#2529,1.515);
#1018=CIRCLE('',#2530,1.515);
#1019=CIRCLE('',#2533,1.515);
#1020=CIRCLE('',#2534,1.515);
#1021=CIRCLE('',#2537,20.);
#1022=CIRCLE('',#2538,20.);
#1023=CIRCLE('',#2541,20.);
#1024=CIRCLE('',#2542,20.);
#1025=CIRCLE('',#2544,20.);
#1026=CIRCLE('',#2545,20.);
#1027=CIRCLE('',#2546,1.515);
#1028=CIRCLE('',#2547,1.515);
#1029=CIRCLE('',#2548,1.515);
#1030=CIRCLE('',#2549,1.515);
#1031=CIRCLE('',#2550,1.515);
#1032=CIRCLE('',#2551,1.515);
#1033=CIRCLE('',#2552,1.515);
#1034=CIRCLE('',#2553,1.515);
#1035=CIRCLE('',#2554,1.515);
#1036=CIRCLE('',#2555,1.515);
#1037=CIRCLE('',#2556,1.515);
#1038=CIRCLE('',#2557,1.515);
#1039=CIRCLE('',#2558,1.515);
#1040=CIRCLE('',#2559,1.515);
#1041=CIRCLE('',#2560,1.515);
#1042=CIRCLE('',#2561,1.515);
#1043=CIRCLE('',#2564,20.);
#1044=CIRCLE('',#2566,20.);
#1045=CIRCLE('',#2568,10.);
#1046=CIRCLE('',#2569,10.);
#1047=CIRCLE('',#2571,10.);
#1048=CIRCLE('',#2572,10.);
#1049=CIRCLE('',#2573,10.);
#1050=CIRCLE('',#2574,1.515);
#1051=CIRCLE('',#2575,1.515);
#1052=CIRCLE('',#2576,1.515);
#1053=CIRCLE('',#2577,1.515);
#1054=CIRCLE('',#2578,1.515);
#1055=CIRCLE('',#2579,1.515);
#1056=CIRCLE('',#2580,1.515);
#1057=CIRCLE('',#2581,1.515);
#1058=CIRCLE('',#2582,1.515);
#1059=CIRCLE('',#2583,1.515);
#1060=CIRCLE('',#2584,1.515);
#1061=CIRCLE('',#2585,1.515);
#1062=CIRCLE('',#2588,10.);
#1063=CIRCLE('',#2590,10.);
#1064=CIRCLE('',#2593,10.);
#1065=CIRCLE('',#2595,1.515);
#1066=CIRCLE('',#2598,1.515);
#1067=CIRCLE('',#2601,1.515);
#1068=CIRCLE('',#2604,1.515);
#1069=CIRCLE('',#2607,1.515);
#1070=CIRCLE('',#2610,1.515);
#1071=CIRCLE('',#2613,1.515);
#1072=CIRCLE('',#2616,1.515);
#1073=CIRCLE('',#2619,1.515);
#1074=CIRCLE('',#2622,1.515);
#1075=CIRCLE('',#2625,1.515);
#1076=CIRCLE('',#2628,1.515);
#1077=CIRCLE('',#2648,12.5);
#1078=CIRCLE('',#2649,12.5);
#1079=CIRCLE('',#2676,1.515);
#1080=CIRCLE('',#2684,1.515);
#1081=CIRCLE('',#2686,1.515);
#1082=CIRCLE('',#2688,1.515);
#1083=CIRCLE('',#2696,1.515);
#1084=CIRCLE('',#2698,1.515);
#1085=CIRCLE('',#2700,1.515);
#1086=CIRCLE('',#2702,1.515);
#1087=CIRCLE('',#2704,1.515);
#1088=CIRCLE('',#2706,1.515);
#1089=CIRCLE('',#2708,1.515);
#1090=CIRCLE('',#2710,1.515);
#1091=CIRCLE('',#2712,1.515);
#1092=CIRCLE('',#2714,1.515);
#1093=CIRCLE('',#2722,1.515);
#1094=CIRCLE('',#2724,1.515);
#1095=VERTEX_POINT('',#3440);
#1096=VERTEX_POINT('',#3442);
#1097=VERTEX_POINT('',#3446);
#1098=VERTEX_POINT('',#3448);
#1099=VERTEX_POINT('',#3452);
#1100=VERTEX_POINT('',#3454);
#1101=VERTEX_POINT('',#3458);
#1102=VERTEX_POINT('',#3460);
#1103=VERTEX_POINT('',#3464);
#1104=VERTEX_POINT('',#3466);
#1105=VERTEX_POINT('',#3470);
#1106=VERTEX_POINT('',#3472);
#1107=VERTEX_POINT('',#3476);
#1108=VERTEX_POINT('',#3478);
#1109=VERTEX_POINT('',#3482);
#1110=VERTEX_POINT('',#3484);
#1111=VERTEX_POINT('',#3488);
#1112=VERTEX_POINT('',#3490);
#1113=VERTEX_POINT('',#3495);
#1114=VERTEX_POINT('',#3497);
#1115=VERTEX_POINT('',#3502);
#1116=VERTEX_POINT('',#3504);
#1117=VERTEX_POINT('',#3509);
#1118=VERTEX_POINT('',#3511);
#1119=VERTEX_POINT('',#3516);
#1120=VERTEX_POINT('',#3517);
#1121=VERTEX_POINT('',#3519);
#1122=VERTEX_POINT('',#3521);
#1123=VERTEX_POINT('',#3525);
#1124=VERTEX_POINT('',#3527);
#1125=VERTEX_POINT('',#3531);
#1126=VERTEX_POINT('',#3532);
#1127=VERTEX_POINT('',#3534);
#1128=VERTEX_POINT('',#3536);
#1129=VERTEX_POINT('',#3541);
#1130=VERTEX_POINT('',#3543);
#1131=VERTEX_POINT('',#3545);
#1132=VERTEX_POINT('',#3548);
#1133=VERTEX_POINT('',#3550);
#1134=VERTEX_POINT('',#3551);
#1135=VERTEX_POINT('',#3553);
#1136=VERTEX_POINT('',#3555);
#1137=VERTEX_POINT('',#3557);
#1138=VERTEX_POINT('',#3559);
#1139=VERTEX_POINT('',#3562);
#1140=VERTEX_POINT('',#3564);
#1141=VERTEX_POINT('',#3566);
#1142=VERTEX_POINT('',#3568);
#1143=VERTEX_POINT('',#3569);
#1144=VERTEX_POINT('',#3571);
#1145=VERTEX_POINT('',#3573);
#1146=VERTEX_POINT('',#3575);
#1147=VERTEX_POINT('',#3577);
#1148=VERTEX_POINT('',#3580);
#1149=VERTEX_POINT('',#3582);
#1150=VERTEX_POINT('',#3584);
#1151=VERTEX_POINT('',#3586);
#1152=VERTEX_POINT('',#3588);
#1153=VERTEX_POINT('',#3590);
#1154=VERTEX_POINT('',#3592);
#1155=VERTEX_POINT('',#3594);
#1156=VERTEX_POINT('',#3596);
#1157=VERTEX_POINT('',#3598);
#1158=VERTEX_POINT('',#3600);
#1159=VERTEX_POINT('',#3601);
#1160=VERTEX_POINT('',#3603);
#1161=VERTEX_POINT('',#3605);
#1162=VERTEX_POINT('',#3607);
#1163=VERTEX_POINT('',#3609);
#1164=VERTEX_POINT('',#3612);
#1165=VERTEX_POINT('',#3614);
#1166=VERTEX_POINT('',#3616);
#1167=VERTEX_POINT('',#3617);
#1168=VERTEX_POINT('',#3619);
#1169=VERTEX_POINT('',#3621);
#1170=VERTEX_POINT('',#3623);
#1171=VERTEX_POINT('',#3625);
#1172=VERTEX_POINT('',#3628);
#1173=VERTEX_POINT('',#3629);
#1174=VERTEX_POINT('',#3631);
#1175=VERTEX_POINT('',#3633);
#1176=VERTEX_POINT('',#3637);
#1177=VERTEX_POINT('',#3641);
#1178=VERTEX_POINT('',#3645);
#1179=VERTEX_POINT('',#3649);
#1180=VERTEX_POINT('',#3650);
#1181=VERTEX_POINT('',#3652);
#1182=VERTEX_POINT('',#3654);
#1183=VERTEX_POINT('',#3658);
#1184=VERTEX_POINT('',#3660);
#1185=VERTEX_POINT('',#3662);
#1186=VERTEX_POINT('',#3664);
#1187=VERTEX_POINT('',#3666);
#1188=VERTEX_POINT('',#3668);
#1189=VERTEX_POINT('',#3673);
#1190=VERTEX_POINT('',#3675);
#1191=VERTEX_POINT('',#3677);
#1192=VERTEX_POINT('',#3679);
#1193=VERTEX_POINT('',#3681);
#1194=VERTEX_POINT('',#3683);
#1195=VERTEX_POINT('',#3685);
#1196=VERTEX_POINT('',#3687);
#1197=VERTEX_POINT('',#3689);
#1198=VERTEX_POINT('',#3691);
#1199=VERTEX_POINT('',#3693);
#1200=VERTEX_POINT('',#3695);
#1201=VERTEX_POINT('',#3698);
#1202=VERTEX_POINT('',#3702);
#1203=VERTEX_POINT('',#3706);
#1204=VERTEX_POINT('',#3707);
#1205=VERTEX_POINT('',#3712);
#1206=VERTEX_POINT('',#3716);
#1207=VERTEX_POINT('',#3720);
#1208=VERTEX_POINT('',#3725);
#1209=VERTEX_POINT('',#3730);
#1210=VERTEX_POINT('',#3735);
#1211=VERTEX_POINT('',#3740);
#1212=VERTEX_POINT('',#3745);
#1213=VERTEX_POINT('',#3750);
#1214=VERTEX_POINT('',#3755);
#1215=VERTEX_POINT('',#3760);
#1216=VERTEX_POINT('',#3765);
#1217=VERTEX_POINT('',#3770);
#1218=VERTEX_POINT('',#3775);
#1219=VERTEX_POINT('',#3782);
#1220=VERTEX_POINT('',#3784);
#1221=VERTEX_POINT('',#3787);
#1222=VERTEX_POINT('',#3788);
#1223=VERTEX_POINT('',#3790);
#1224=VERTEX_POINT('',#3792);
#1225=VERTEX_POINT('',#3796);
#1226=VERTEX_POINT('',#3798);
#1227=VERTEX_POINT('',#3802);
#1228=VERTEX_POINT('',#3806);
#1229=VERTEX_POINT('',#3809);
#1230=VERTEX_POINT('',#3810);
#1231=VERTEX_POINT('',#3812);
#1232=VERTEX_POINT('',#3814);
#1233=VERTEX_POINT('',#3818);
#1234=VERTEX_POINT('',#3821);
#1235=VERTEX_POINT('',#3822);
#1236=VERTEX_POINT('',#3824);
#1237=VERTEX_POINT('',#3826);
#1238=VERTEX_POINT('',#3830);
#1239=VERTEX_POINT('',#3832);
#1240=VERTEX_POINT('',#3836);
#1241=VERTEX_POINT('',#3841);
#1242=VERTEX_POINT('',#3842);
#1243=VERTEX_POINT('',#3844);
#1244=VERTEX_POINT('',#3846);
#1245=VERTEX_POINT('',#3850);
#1246=VERTEX_POINT('',#3851);
#1247=VERTEX_POINT('',#3853);
#1248=VERTEX_POINT('',#3855);
#1249=VERTEX_POINT('',#3859);
#1250=VERTEX_POINT('',#3863);
#1251=VERTEX_POINT('',#3867);
#1252=VERTEX_POINT('',#3868);
#1253=VERTEX_POINT('',#3873);
#1254=VERTEX_POINT('',#3877);
#1255=VERTEX_POINT('',#3878);
#1256=VERTEX_POINT('',#3883);
#1257=VERTEX_POINT('',#3887);
#1258=VERTEX_POINT('',#3889);
#1259=VERTEX_POINT('',#3901);
#1260=VERTEX_POINT('',#3903);
#1261=VERTEX_POINT('',#3907);
#1262=VERTEX_POINT('',#3911);
#1263=VERTEX_POINT('',#3922);
#1264=VERTEX_POINT('',#3926);
#1265=VERTEX_POINT('',#3934);
#1266=VERTEX_POINT('',#3935);
#1267=VERTEX_POINT('',#3937);
#1268=VERTEX_POINT('',#3939);
#1269=VERTEX_POINT('',#3945);
#1270=VERTEX_POINT('',#3947);
#1271=VERTEX_POINT('',#3951);
#1272=VERTEX_POINT('',#3953);
#1273=VERTEX_POINT('',#3961);
#1274=VERTEX_POINT('',#3965);
#1275=VERTEX_POINT('',#3967);
#1276=VERTEX_POINT('',#3971);
#1277=VERTEX_POINT('',#3975);
#1278=VERTEX_POINT('',#3979);
#1279=VERTEX_POINT('',#3983);
#1280=VERTEX_POINT('',#3989);
#1281=VERTEX_POINT('',#3993);
#1282=VERTEX_POINT('',#3997);
#1283=VERTEX_POINT('',#4001);
#1284=VERTEX_POINT('',#4003);
#1285=VERTEX_POINT('',#4007);
#1286=VERTEX_POINT('',#4011);
#1287=VERTEX_POINT('',#4015);
#1288=VERTEX_POINT('',#4019);
#1289=VERTEX_POINT('',#4025);
#1290=VERTEX_POINT('',#4029);
#1291=VERTEX_POINT('',#4033);
#1292=VERTEX_POINT('',#4037);
#1293=VERTEX_POINT('',#4041);
#1294=VERTEX_POINT('',#4045);
#1295=VERTEX_POINT('',#4049);
#1296=VERTEX_POINT('',#4053);
#1297=VERTEX_POINT('',#4057);
#1298=VERTEX_POINT('',#4061);
#1299=VERTEX_POINT('',#4065);
#1300=VERTEX_POINT('',#4067);
#1301=VERTEX_POINT('',#4071);
#1302=VERTEX_POINT('',#4075);
#1303=VERTEX_POINT('',#4079);
#1304=VERTEX_POINT('',#4083);
#1305=VERTEX_POINT('',#4089);
#1306=VERTEX_POINT('',#4093);
#1307=VERTEX_POINT('',#4097);
#1308=VERTEX_POINT('',#4099);
#1309=VERTEX_POINT('',#4103);
#1310=VERTEX_POINT('',#4107);
#1311=VERTEX_POINT('',#4111);
#1312=VERTEX_POINT('',#4115);
#1313=EDGE_CURVE('',#1095,#1095,#997,.T.);
#1314=EDGE_CURVE('',#1095,#1096,#539,.T.);
#1315=EDGE_CURVE('',#1096,#1096,#998,.T.);
#1316=EDGE_CURVE('',#1097,#1097,#999,.T.);
#1317=EDGE_CURVE('',#1097,#1098,#540,.T.);
#1318=EDGE_CURVE('',#1098,#1098,#1000,.T.);
#1319=EDGE_CURVE('',#1099,#1099,#1001,.T.);
#1320=EDGE_CURVE('',#1099,#1100,#541,.T.);
#1321=EDGE_CURVE('',#1100,#1100,#1002,.T.);
#1322=EDGE_CURVE('',#1101,#1101,#1003,.T.);
#1323=EDGE_CURVE('',#1101,#1102,#542,.T.);
#1324=EDGE_CURVE('',#1102,#1102,#1004,.T.);
#1325=EDGE_CURVE('',#1103,#1103,#1005,.T.);
#1326=EDGE_CURVE('',#1103,#1104,#543,.T.);
#1327=EDGE_CURVE('',#1104,#1104,#1006,.T.);
#1328=EDGE_CURVE('',#1105,#1105,#1007,.T.);
#1329=EDGE_CURVE('',#1105,#1106,#544,.T.);
#1330=EDGE_CURVE('',#1106,#1106,#1008,.T.);
#1331=EDGE_CURVE('',#1107,#1107,#1009,.T.);
#1332=EDGE_CURVE('',#1107,#1108,#545,.T.);
#1333=EDGE_CURVE('',#1108,#1108,#1010,.T.);
#1334=EDGE_CURVE('',#1109,#1109,#1011,.T.);
#1335=EDGE_CURVE('',#1109,#1110,#546,.T.);
#1336=EDGE_CURVE('',#1110,#1110,#1012,.T.);
#1337=EDGE_CURVE('',#1111,#1111,#1013,.T.);
#1338=EDGE_CURVE('',#1111,#1112,#547,.T.);
#1339=EDGE_CURVE('',#1112,#1112,#1014,.T.);
#1340=EDGE_CURVE('',#1113,#1113,#1015,.T.);
#1341=EDGE_CURVE('',#1113,#1114,#548,.T.);
#1342=EDGE_CURVE('',#1114,#1114,#1016,.T.);
#1343=EDGE_CURVE('',#1115,#1115,#1017,.T.);
#1344=EDGE_CURVE('',#1115,#1116,#549,.T.);
#1345=EDGE_CURVE('',#1116,#1116,#1018,.T.);
#1346=EDGE_CURVE('',#1117,#1117,#1019,.T.);
#1347=EDGE_CURVE('',#1117,#1118,#550,.T.);
#1348=EDGE_CURVE('',#1118,#1118,#1020,.T.);
#1349=EDGE_CURVE('',#1119,#1120,#1021,.T.);
#1350=EDGE_CURVE('',#1119,#1121,#551,.T.);
#1351=EDGE_CURVE('',#1121,#1122,#1022,.T.);
#1352=EDGE_CURVE('',#1122,#1120,#552,.T.);
#1353=EDGE_CURVE('',#1123,#1119,#553,.T.);
#1354=EDGE_CURVE('',#1124,#1123,#554,.T.);
#1355=EDGE_CURVE('',#1124,#1121,#555,.T.);
#1356=EDGE_CURVE('',#1125,#1126,#1023,.T.);
#1357=EDGE_CURVE('',#1125,#1127,#556,.T.);
#1358=EDGE_CURVE('',#1127,#1128,#1024,.T.);
#1359=EDGE_CURVE('',#1128,#1126,#557,.T.);
#1360=EDGE_CURVE('',#1120,#1125,#558,.T.);
#1361=EDGE_CURVE('',#1126,#1129,#559,.T.);
#1362=EDGE_CURVE('',#1129,#1130,#1025,.T.);
#1363=EDGE_CURVE('',#1130,#1131,#560,.T.);
#1364=EDGE_CURVE('',#1131,#1123,#1026,.T.);
#1365=EDGE_CURVE('',#1132,#1132,#1027,.T.);
#1366=EDGE_CURVE('',#1133,#1134,#561,.T.);
#1367=EDGE_CURVE('',#1135,#1133,#562,.T.);
#1368=EDGE_CURVE('',#1136,#1135,#563,.T.);
#1369=EDGE_CURVE('',#1137,#1136,#564,.T.);
#1370=EDGE_CURVE('',#1138,#1137,#565,.T.);
#1371=EDGE_CURVE('',#1134,#1138,#566,.T.);
#1372=EDGE_CURVE('',#1139,#1139,#1028,.T.);
#1373=EDGE_CURVE('',#1140,#1140,#1029,.T.);
#1374=EDGE_CURVE('',#1141,#1141,#1030,.T.);
#1375=EDGE_CURVE('',#1142,#1143,#567,.T.);
#1376=EDGE_CURVE('',#1144,#1142,#568,.T.);
#1377=EDGE_CURVE('',#1145,#1144,#569,.T.);
#1378=EDGE_CURVE('',#1146,#1145,#570,.T.);
#1379=EDGE_CURVE('',#1147,#1146,#571,.T.);
#1380=EDGE_CURVE('',#1143,#1147,#572,.T.);
#1381=EDGE_CURVE('',#1148,#1148,#1031,.T.);
#1382=EDGE_CURVE('',#1149,#1149,#1032,.T.);
#1383=EDGE_CURVE('',#1150,#1150,#1033,.T.);
#1384=EDGE_CURVE('',#1151,#1151,#1034,.T.);
#1385=EDGE_CURVE('',#1152,#1152,#1035,.T.);
#1386=EDGE_CURVE('',#1153,#1153,#1036,.T.);
#1387=EDGE_CURVE('',#1154,#1154,#1037,.T.);
#1388=EDGE_CURVE('',#1155,#1155,#1038,.T.);
#1389=EDGE_CURVE('',#1156,#1156,#1039,.T.);
#1390=EDGE_CURVE('',#1157,#1157,#1040,.T.);
#1391=EDGE_CURVE('',#1158,#1159,#573,.T.);
#1392=EDGE_CURVE('',#1160,#1158,#574,.T.);
#1393=EDGE_CURVE('',#1161,#1160,#575,.T.);
#1394=EDGE_CURVE('',#1162,#1161,#576,.T.);
#1395=EDGE_CURVE('',#1163,#1162,#577,.T.);
#1396=EDGE_CURVE('',#1159,#1163,#578,.T.);
#1397=EDGE_CURVE('',#1164,#1164,#1041,.T.);
#1398=EDGE_CURVE('',#1165,#1165,#1042,.T.);
#1399=EDGE_CURVE('',#1166,#1167,#579,.T.);
#1400=EDGE_CURVE('',#1168,#1166,#580,.T.);
#1401=EDGE_CURVE('',#1169,#1168,#581,.T.);
#1402=EDGE_CURVE('',#1170,#1169,#582,.T.);
#1403=EDGE_CURVE('',#1171,#1170,#583,.T.);
#1404=EDGE_CURVE('',#1167,#1171,#584,.T.);
#1405=EDGE_CURVE('',#1172,#1173,#585,.T.);
#1406=EDGE_CURVE('',#1173,#1174,#586,.T.);
#1407=EDGE_CURVE('',#1174,#1175,#587,.T.);
#1408=EDGE_CURVE('',#1175,#1172,#588,.T.);
#1409=EDGE_CURVE('',#1128,#1176,#589,.T.);
#1410=EDGE_CURVE('',#1129,#1176,#590,.T.);
#1411=EDGE_CURVE('',#1176,#1177,#1043,.T.);
#1412=EDGE_CURVE('',#1177,#1130,#591,.T.);
#1413=EDGE_CURVE('',#1131,#1178,#592,.T.);
#1414=EDGE_CURVE('',#1178,#1124,#1044,.T.);
#1415=EDGE_CURVE('',#1179,#1180,#1045,.T.);
#1416=EDGE_CURVE('',#1180,#1181,#593,.T.);
#1417=EDGE_CURVE('',#1181,#1182,#1046,.T.);
#1418=EDGE_CURVE('',#1182,#1179,#594,.T.);
#1419=EDGE_CURVE('',#1183,#1181,#595,.T.);
#1420=EDGE_CURVE('',#1184,#1183,#1047,.T.);
#1421=EDGE_CURVE('',#1185,#1184,#596,.T.);
#1422=EDGE_CURVE('',#1186,#1185,#1048,.T.);
#1423=EDGE_CURVE('',#1187,#1186,#597,.T.);
#1424=EDGE_CURVE('',#1188,#1187,#1049,.T.);
#1425=EDGE_CURVE('',#1182,#1188,#598,.T.);
#1426=EDGE_CURVE('',#1122,#1127,#599,.T.);
#1427=EDGE_CURVE('',#1177,#1178,#600,.T.);
#1428=EDGE_CURVE('',#1189,#1189,#1050,.T.);
#1429=EDGE_CURVE('',#1190,#1190,#1051,.T.);
#1430=EDGE_CURVE('',#1191,#1191,#1052,.T.);
#1431=EDGE_CURVE('',#1192,#1192,#1053,.T.);
#1432=EDGE_CURVE('',#1193,#1193,#1054,.T.);
#1433=EDGE_CURVE('',#1194,#1194,#1055,.T.);
#1434=EDGE_CURVE('',#1195,#1195,#1056,.T.);
#1435=EDGE_CURVE('',#1196,#1196,#1057,.T.);
#1436=EDGE_CURVE('',#1197,#1197,#1058,.T.);
#1437=EDGE_CURVE('',#1198,#1198,#1059,.T.);
#1438=EDGE_CURVE('',#1199,#1199,#1060,.T.);
#1439=EDGE_CURVE('',#1200,#1200,#1061,.T.);
#1440=EDGE_CURVE('',#1201,#1180,#601,.T.);
#1441=EDGE_CURVE('',#1183,#1201,#602,.T.);
#1442=EDGE_CURVE('',#1201,#1202,#1062,.T.);
#1443=EDGE_CURVE('',#1202,#1184,#603,.T.);
#1444=EDGE_CURVE('',#1203,#1204,#1063,.T.);
#1445=EDGE_CURVE('',#1204,#1186,#604,.T.);
#1446=EDGE_CURVE('',#1185,#1203,#605,.T.);
#1447=EDGE_CURVE('',#1205,#1204,#606,.T.);
#1448=EDGE_CURVE('',#1187,#1205,#607,.T.);
#1449=EDGE_CURVE('',#1205,#1206,#1064,.T.);
#1450=EDGE_CURVE('',#1206,#1188,#608,.T.);
#1451=EDGE_CURVE('',#1200,#1207,#609,.T.);
#1452=EDGE_CURVE('',#1207,#1207,#1065,.T.);
#1453=EDGE_CURVE('',#1199,#1208,#610,.T.);
#1454=EDGE_CURVE('',#1208,#1208,#1066,.T.);
#1455=EDGE_CURVE('',#1198,#1209,#611,.T.);
#1456=EDGE_CURVE('',#1209,#1209,#1067,.T.);
#1457=EDGE_CURVE('',#1197,#1210,#612,.T.);
#1458=EDGE_CURVE('',#1210,#1210,#1068,.T.);
#1459=EDGE_CURVE('',#1196,#1211,#613,.T.);
#1460=EDGE_CURVE('',#1211,#1211,#1069,.T.);
#1461=EDGE_CURVE('',#1195,#1212,#614,.T.);
#1462=EDGE_CURVE('',#1212,#1212,#1070,.T.);
#1463=EDGE_CURVE('',#1194,#1213,#615,.T.);
#1464=EDGE_CURVE('',#1213,#1213,#1071,.T.);
#1465=EDGE_CURVE('',#1193,#1214,#616,.T.);
#1466=EDGE_CURVE('',#1214,#1214,#1072,.T.);
#1467=EDGE_CURVE('',#1192,#1215,#617,.T.);
#1468=EDGE_CURVE('',#1215,#1215,#1073,.T.);
#1469=EDGE_CURVE('',#1191,#1216,#618,.T.);
#1470=EDGE_CURVE('',#1216,#1216,#1074,.T.);
#1471=EDGE_CURVE('',#1190,#1217,#619,.T.);
#1472=EDGE_CURVE('',#1217,#1217,#1075,.T.);
#1473=EDGE_CURVE('',#1189,#1218,#620,.T.);
#1474=EDGE_CURVE('',#1218,#1218,#1076,.T.);
#1475=EDGE_CURVE('',#1219,#1173,#621,.T.);
#1476=EDGE_CURVE('',#1220,#1219,#622,.T.);
#1477=EDGE_CURVE('',#1174,#1220,#623,.T.);
#1478=EDGE_CURVE('',#1221,#1222,#624,.T.);
#1479=EDGE_CURVE('',#1223,#1221,#625,.T.);
#1480=EDGE_CURVE('',#1224,#1223,#626,.T.);
#1481=EDGE_CURVE('',#1222,#1224,#627,.T.);
#1482=EDGE_CURVE('',#1224,#1225,#628,.T.);
#1483=EDGE_CURVE('',#1225,#1226,#629,.T.);
#1484=EDGE_CURVE('',#1222,#1226,#630,.T.);
#1485=EDGE_CURVE('',#1223,#1227,#631,.T.);
#1486=EDGE_CURVE('',#1227,#1225,#632,.T.);
#1487=EDGE_CURVE('',#1228,#1220,#633,.T.);
#1488=EDGE_CURVE('',#1228,#1175,#634,.T.);
#1489=EDGE_CURVE('',#1229,#1230,#635,.T.);
#1490=EDGE_CURVE('',#1230,#1231,#636,.T.);
#1491=EDGE_CURVE('',#1231,#1232,#637,.T.);
#1492=EDGE_CURVE('',#1232,#1229,#638,.T.);
#1493=EDGE_CURVE('',#1233,#1228,#639,.T.);
#1494=EDGE_CURVE('',#1172,#1233,#640,.T.);
#1495=EDGE_CURVE('',#1234,#1235,#641,.T.);
#1496=EDGE_CURVE('',#1236,#1234,#642,.T.);
#1497=EDGE_CURVE('',#1237,#1236,#643,.T.);
#1498=EDGE_CURVE('',#1235,#1237,#644,.T.);
#1499=EDGE_CURVE('',#1238,#1237,#645,.T.);
#1500=EDGE_CURVE('',#1238,#1239,#646,.T.);
#1501=EDGE_CURVE('',#1239,#1235,#647,.T.);
#1502=EDGE_CURVE('',#1240,#1236,#648,.T.);
#1503=EDGE_CURVE('',#1240,#1238,#649,.T.);
#1504=EDGE_CURVE('',#1219,#1233,#650,.T.);
#1505=EDGE_CURVE('',#1241,#1242,#651,.T.);
#1506=EDGE_CURVE('',#1242,#1243,#652,.T.);
#1507=EDGE_CURVE('',#1243,#1244,#653,.T.);
#1508=EDGE_CURVE('',#1244,#1241,#654,.T.);
#1509=EDGE_CURVE('',#1245,#1246,#655,.T.);
#1510=EDGE_CURVE('',#1247,#1245,#656,.T.);
#1511=EDGE_CURVE('',#1248,#1247,#657,.T.);
#1512=EDGE_CURVE('',#1246,#1248,#658,.T.);
#1513=EDGE_CURVE('',#1226,#1249,#659,.T.);
#1514=EDGE_CURVE('',#1249,#1221,#660,.T.);
#1515=EDGE_CURVE('',#1239,#1250,#661,.T.);
#1516=EDGE_CURVE('',#1250,#1234,#662,.T.);
#1517=EDGE_CURVE('',#1251,#1252,#663,.T.);
#1518=EDGE_CURVE('',#1229,#1252,#664,.T.);
#1519=EDGE_CURVE('',#1232,#1251,#665,.T.);
#1520=EDGE_CURVE('',#1252,#1253,#666,.T.);
#1521=EDGE_CURVE('',#1253,#1230,#667,.T.);
#1522=EDGE_CURVE('',#1254,#1255,#668,.T.);
#1523=EDGE_CURVE('',#1255,#1241,#669,.T.);
#1524=EDGE_CURVE('',#1254,#1244,#670,.T.);
#1525=EDGE_CURVE('',#1255,#1256,#671,.T.);
#1526=EDGE_CURVE('',#1256,#1242,#672,.T.);
#1527=EDGE_CURVE('',#1257,#1257,#1077,.T.);
#1528=EDGE_CURVE('',#1257,#1258,#673,.T.);
#1529=EDGE_CURVE('',#1258,#1258,#1078,.T.);
#1530=EDGE_CURVE('',#1247,#1259,#674,.T.);
#1531=EDGE_CURVE('',#1260,#1259,#675,.T.);
#1532=EDGE_CURVE('',#1248,#1260,#676,.T.);
#1533=EDGE_CURVE('',#1245,#1261,#677,.T.);
#1534=EDGE_CURVE('',#1259,#1261,#678,.T.);
#1535=EDGE_CURVE('',#1262,#1260,#679,.T.);
#1536=EDGE_CURVE('',#1261,#1262,#680,.T.);
#1537=EDGE_CURVE('',#1246,#1262,#681,.T.);
#1538=EDGE_CURVE('',#1250,#1240,#682,.T.);
#1539=EDGE_CURVE('',#1249,#1227,#683,.T.);
#1540=EDGE_CURVE('',#1263,#1251,#684,.T.);
#1541=EDGE_CURVE('',#1231,#1263,#685,.T.);
#1542=EDGE_CURVE('',#1264,#1254,#686,.T.);
#1543=EDGE_CURVE('',#1264,#1243,#687,.T.);
#1544=EDGE_CURVE('',#1256,#1264,#688,.T.);
#1545=EDGE_CURVE('',#1253,#1263,#689,.T.);
#1546=EDGE_CURVE('',#1265,#1266,#690,.T.);
#1547=EDGE_CURVE('',#1266,#1267,#691,.T.);
#1548=EDGE_CURVE('',#1267,#1268,#692,.T.);
#1549=EDGE_CURVE('',#1268,#1265,#693,.T.);
#1550=EDGE_CURVE('',#1203,#1202,#694,.T.);
#1551=EDGE_CURVE('',#1269,#1266,#695,.T.);
#1552=EDGE_CURVE('',#1270,#1269,#696,.T.);
#1553=EDGE_CURVE('',#1267,#1270,#697,.T.);
#1554=EDGE_CURVE('',#1271,#1268,#698,.T.);
#1555=EDGE_CURVE('',#1272,#1271,#699,.T.);
#1556=EDGE_CURVE('',#1265,#1272,#700,.T.);
#1557=EDGE_CURVE('',#1271,#1270,#701,.T.);
#1558=EDGE_CURVE('',#1269,#1272,#702,.T.);
#1559=EDGE_CURVE('',#1273,#1273,#1079,.T.);
#1560=EDGE_CURVE('',#1273,#1132,#703,.T.);
#1561=EDGE_CURVE('',#1133,#1274,#704,.T.);
#1562=EDGE_CURVE('',#1275,#1274,#705,.T.);
#1563=EDGE_CURVE('',#1135,#1275,#706,.T.);
#1564=EDGE_CURVE('',#1276,#1275,#707,.T.);
#1565=EDGE_CURVE('',#1136,#1276,#708,.T.);
#1566=EDGE_CURVE('',#1277,#1276,#709,.T.);
#1567=EDGE_CURVE('',#1137,#1277,#710,.T.);
#1568=EDGE_CURVE('',#1278,#1277,#711,.T.);
#1569=EDGE_CURVE('',#1138,#1278,#712,.T.);
#1570=EDGE_CURVE('',#1279,#1278,#713,.T.);
#1571=EDGE_CURVE('',#1134,#1279,#714,.T.);
#1572=EDGE_CURVE('',#1274,#1279,#715,.T.);
#1573=EDGE_CURVE('',#1280,#1280,#1080,.T.);
#1574=EDGE_CURVE('',#1280,#1139,#716,.T.);
#1575=EDGE_CURVE('',#1281,#1281,#1081,.T.);
#1576=EDGE_CURVE('',#1281,#1140,#717,.T.);
#1577=EDGE_CURVE('',#1282,#1282,#1082,.T.);
#1578=EDGE_CURVE('',#1282,#1141,#718,.T.);
#1579=EDGE_CURVE('',#1142,#1283,#719,.T.);
#1580=EDGE_CURVE('',#1284,#1283,#720,.T.);
#1581=EDGE_CURVE('',#1144,#1284,#721,.T.);
#1582=EDGE_CURVE('',#1285,#1284,#722,.T.);
#1583=EDGE_CURVE('',#1145,#1285,#723,.T.);
#1584=EDGE_CURVE('',#1286,#1285,#724,.T.);
#1585=EDGE_CURVE('',#1146,#1286,#725,.T.);
#1586=EDGE_CURVE('',#1287,#1286,#726,.T.);
#1587=EDGE_CURVE('',#1147,#1287,#727,.T.);
#1588=EDGE_CURVE('',#1288,#1287,#728,.T.);
#1589=EDGE_CURVE('',#1143,#1288,#729,.T.);
#1590=EDGE_CURVE('',#1283,#1288,#730,.T.);
#1591=EDGE_CURVE('',#1289,#1289,#1083,.T.);
#1592=EDGE_CURVE('',#1289,#1148,#731,.T.);
#1593=EDGE_CURVE('',#1290,#1290,#1084,.T.);
#1594=EDGE_CURVE('',#1290,#1149,#732,.T.);
#1595=EDGE_CURVE('',#1291,#1291,#1085,.T.);
#1596=EDGE_CURVE('',#1291,#1150,#733,.T.);
#1597=EDGE_CURVE('',#1292,#1292,#1086,.T.);
#1598=EDGE_CURVE('',#1292,#1151,#734,.T.);
#1599=EDGE_CURVE('',#1293,#1293,#1087,.T.);
#1600=EDGE_CURVE('',#1293,#1152,#735,.T.);
#1601=EDGE_CURVE('',#1294,#1294,#1088,.T.);
#1602=EDGE_CURVE('',#1294,#1153,#736,.T.);
#1603=EDGE_CURVE('',#1295,#1295,#1089,.T.);
#1604=EDGE_CURVE('',#1295,#1154,#737,.T.);
#1605=EDGE_CURVE('',#1296,#1296,#1090,.T.);
#1606=EDGE_CURVE('',#1296,#1155,#738,.T.);
#1607=EDGE_CURVE('',#1297,#1297,#1091,.T.);
#1608=EDGE_CURVE('',#1297,#1156,#739,.T.);
#1609=EDGE_CURVE('',#1298,#1298,#1092,.T.);
#1610=EDGE_CURVE('',#1298,#1157,#740,.T.);
#1611=EDGE_CURVE('',#1158,#1299,#741,.T.);
#1612=EDGE_CURVE('',#1300,#1299,#742,.T.);
#1613=EDGE_CURVE('',#1160,#1300,#743,.T.);
#1614=EDGE_CURVE('',#1301,#1300,#744,.T.);
#1615=EDGE_CURVE('',#1161,#1301,#745,.T.);
#1616=EDGE_CURVE('',#1302,#1301,#746,.T.);
#1617=EDGE_CURVE('',#1162,#1302,#747,.T.);
#1618=EDGE_CURVE('',#1303,#1302,#748,.T.);
#1619=EDGE_CURVE('',#1163,#1303,#749,.T.);
#1620=EDGE_CURVE('',#1304,#1303,#750,.T.);
#1621=EDGE_CURVE('',#1159,#1304,#751,.T.);
#1622=EDGE_CURVE('',#1299,#1304,#752,.T.);
#1623=EDGE_CURVE('',#1305,#1305,#1093,.T.);
#1624=EDGE_CURVE('',#1305,#1164,#753,.T.);
#1625=EDGE_CURVE('',#1306,#1306,#1094,.T.);
#1626=EDGE_CURVE('',#1306,#1165,#754,.T.);
#1627=EDGE_CURVE('',#1166,#1307,#755,.T.);
#1628=EDGE_CURVE('',#1308,#1307,#756,.T.);
#1629=EDGE_CURVE('',#1168,#1308,#757,.T.);
#1630=EDGE_CURVE('',#1309,#1308,#758,.T.);
#1631=EDGE_CURVE('',#1169,#1309,#759,.T.);
#1632=EDGE_CURVE('',#1310,#1309,#760,.T.);
#1633=EDGE_CURVE('',#1170,#1310,#761,.T.);
#1634=EDGE_CURVE('',#1311,#1310,#762,.T.);
#1635=EDGE_CURVE('',#1171,#1311,#763,.T.);
#1636=EDGE_CURVE('',#1312,#1311,#764,.T.);
#1637=EDGE_CURVE('',#1167,#1312,#765,.T.);
#1638=EDGE_CURVE('',#1307,#1312,#766,.T.);
#1639=EDGE_CURVE('',#1179,#1206,#767,.T.);
#1640=ORIENTED_EDGE('',*,*,#1313,.F.);
#1641=ORIENTED_EDGE('',*,*,#1314,.T.);
#1642=ORIENTED_EDGE('',*,*,#1315,.F.);
#1643=ORIENTED_EDGE('',*,*,#1314,.F.);
#1644=ORIENTED_EDGE('',*,*,#1316,.F.);
#1645=ORIENTED_EDGE('',*,*,#1317,.T.);
#1646=ORIENTED_EDGE('',*,*,#1318,.F.);
#1647=ORIENTED_EDGE('',*,*,#1317,.F.);
#1648=ORIENTED_EDGE('',*,*,#1319,.F.);
#1649=ORIENTED_EDGE('',*,*,#1320,.T.);
#1650=ORIENTED_EDGE('',*,*,#1321,.F.);
#1651=ORIENTED_EDGE('',*,*,#1320,.F.);
#1652=ORIENTED_EDGE('',*,*,#1322,.F.);
#1653=ORIENTED_EDGE('',*,*,#1323,.T.);
#1654=ORIENTED_EDGE('',*,*,#1324,.F.);
#1655=ORIENTED_EDGE('',*,*,#1323,.F.);
#1656=ORIENTED_EDGE('',*,*,#1325,.F.);
#1657=ORIENTED_EDGE('',*,*,#1326,.T.);
#1658=ORIENTED_EDGE('',*,*,#1327,.F.);
#1659=ORIENTED_EDGE('',*,*,#1326,.F.);
#1660=ORIENTED_EDGE('',*,*,#1328,.F.);
#1661=ORIENTED_EDGE('',*,*,#1329,.T.);
#1662=ORIENTED_EDGE('',*,*,#1330,.F.);
#1663=ORIENTED_EDGE('',*,*,#1329,.F.);
#1664=ORIENTED_EDGE('',*,*,#1331,.F.);
#1665=ORIENTED_EDGE('',*,*,#1332,.T.);
#1666=ORIENTED_EDGE('',*,*,#1333,.F.);
#1667=ORIENTED_EDGE('',*,*,#1332,.F.);
#1668=ORIENTED_EDGE('',*,*,#1334,.F.);
#1669=ORIENTED_EDGE('',*,*,#1335,.T.);
#1670=ORIENTED_EDGE('',*,*,#1336,.F.);
#1671=ORIENTED_EDGE('',*,*,#1335,.F.);
#1672=ORIENTED_EDGE('',*,*,#1337,.F.);
#1673=ORIENTED_EDGE('',*,*,#1338,.T.);
#1674=ORIENTED_EDGE('',*,*,#1339,.T.);
#1675=ORIENTED_EDGE('',*,*,#1338,.F.);
#1676=ORIENTED_EDGE('',*,*,#1339,.F.);
#1677=ORIENTED_EDGE('',*,*,#1340,.F.);
#1678=ORIENTED_EDGE('',*,*,#1341,.T.);
#1679=ORIENTED_EDGE('',*,*,#1342,.T.);
#1680=ORIENTED_EDGE('',*,*,#1341,.F.);
#1681=ORIENTED_EDGE('',*,*,#1342,.F.);
#1682=ORIENTED_EDGE('',*,*,#1343,.F.);
#1683=ORIENTED_EDGE('',*,*,#1344,.T.);
#1684=ORIENTED_EDGE('',*,*,#1345,.T.);
#1685=ORIENTED_EDGE('',*,*,#1344,.F.);
#1686=ORIENTED_EDGE('',*,*,#1345,.F.);
#1687=ORIENTED_EDGE('',*,*,#1346,.F.);
#1688=ORIENTED_EDGE('',*,*,#1347,.T.);
#1689=ORIENTED_EDGE('',*,*,#1348,.T.);
#1690=ORIENTED_EDGE('',*,*,#1347,.F.);
#1691=ORIENTED_EDGE('',*,*,#1348,.F.);
#1692=ORIENTED_EDGE('',*,*,#1349,.F.);
#1693=ORIENTED_EDGE('',*,*,#1350,.T.);
#1694=ORIENTED_EDGE('',*,*,#1351,.T.);
#1695=ORIENTED_EDGE('',*,*,#1352,.T.);
#1696=ORIENTED_EDGE('',*,*,#1350,.F.);
#1697=ORIENTED_EDGE('',*,*,#1353,.F.);
#1698=ORIENTED_EDGE('',*,*,#1354,.F.);
#1699=ORIENTED_EDGE('',*,*,#1355,.T.);
#1700=ORIENTED_EDGE('',*,*,#1356,.F.);
#1701=ORIENTED_EDGE('',*,*,#1357,.T.);
#1702=ORIENTED_EDGE('',*,*,#1358,.T.);
#1703=ORIENTED_EDGE('',*,*,#1359,.T.);
#1704=ORIENTED_EDGE('',*,*,#1349,.T.);
#1705=ORIENTED_EDGE('',*,*,#1360,.T.);
#1706=ORIENTED_EDGE('',*,*,#1356,.T.);
#1707=ORIENTED_EDGE('',*,*,#1361,.T.);
#1708=ORIENTED_EDGE('',*,*,#1362,.T.);
#1709=ORIENTED_EDGE('',*,*,#1363,.T.);
#1710=ORIENTED_EDGE('',*,*,#1364,.T.);
#1711=ORIENTED_EDGE('',*,*,#1353,.T.);
#1712=ORIENTED_EDGE('',*,*,#1365,.F.);
#1713=ORIENTED_EDGE('',*,*,#1366,.F.);
#1714=ORIENTED_EDGE('',*,*,#1367,.F.);
#1715=ORIENTED_EDGE('',*,*,#1368,.F.);
#1716=ORIENTED_EDGE('',*,*,#1369,.F.);
#1717=ORIENTED_EDGE('',*,*,#1370,.F.);
#1718=ORIENTED_EDGE('',*,*,#1371,.F.);
#1719=ORIENTED_EDGE('',*,*,#1372,.F.);
#1720=ORIENTED_EDGE('',*,*,#1373,.F.);
#1721=ORIENTED_EDGE('',*,*,#1374,.F.);
#1722=ORIENTED_EDGE('',*,*,#1375,.F.);
#1723=ORIENTED_EDGE('',*,*,#1376,.F.);
#1724=ORIENTED_EDGE('',*,*,#1377,.F.);
#1725=ORIENTED_EDGE('',*,*,#1378,.F.);
#1726=ORIENTED_EDGE('',*,*,#1379,.F.);
#1727=ORIENTED_EDGE('',*,*,#1380,.F.);
#1728=ORIENTED_EDGE('',*,*,#1381,.F.);
#1729=ORIENTED_EDGE('',*,*,#1382,.F.);
#1730=ORIENTED_EDGE('',*,*,#1383,.F.);
#1731=ORIENTED_EDGE('',*,*,#1384,.F.);
#1732=ORIENTED_EDGE('',*,*,#1385,.F.);
#1733=ORIENTED_EDGE('',*,*,#1386,.F.);
#1734=ORIENTED_EDGE('',*,*,#1387,.F.);
#1735=ORIENTED_EDGE('',*,*,#1388,.F.);
#1736=ORIENTED_EDGE('',*,*,#1389,.F.);
#1737=ORIENTED_EDGE('',*,*,#1390,.F.);
#1738=ORIENTED_EDGE('',*,*,#1391,.F.);
#1739=ORIENTED_EDGE('',*,*,#1392,.F.);
#1740=ORIENTED_EDGE('',*,*,#1393,.F.);
#1741=ORIENTED_EDGE('',*,*,#1394,.F.);
#1742=ORIENTED_EDGE('',*,*,#1395,.F.);
#1743=ORIENTED_EDGE('',*,*,#1396,.F.);
#1744=ORIENTED_EDGE('',*,*,#1397,.F.);
#1745=ORIENTED_EDGE('',*,*,#1398,.F.);
#1746=ORIENTED_EDGE('',*,*,#1399,.F.);
#1747=ORIENTED_EDGE('',*,*,#1400,.F.);
#1748=ORIENTED_EDGE('',*,*,#1401,.F.);
#1749=ORIENTED_EDGE('',*,*,#1402,.F.);
#1750=ORIENTED_EDGE('',*,*,#1403,.F.);
#1751=ORIENTED_EDGE('',*,*,#1404,.F.);
#1752=ORIENTED_EDGE('',*,*,#1405,.T.);
#1753=ORIENTED_EDGE('',*,*,#1406,.T.);
#1754=ORIENTED_EDGE('',*,*,#1407,.T.);
#1755=ORIENTED_EDGE('',*,*,#1408,.T.);
#1756=ORIENTED_EDGE('',*,*,#1359,.F.);
#1757=ORIENTED_EDGE('',*,*,#1409,.T.);
#1758=ORIENTED_EDGE('',*,*,#1410,.F.);
#1759=ORIENTED_EDGE('',*,*,#1361,.F.);
#1760=ORIENTED_EDGE('',*,*,#1362,.F.);
#1761=ORIENTED_EDGE('',*,*,#1410,.T.);
#1762=ORIENTED_EDGE('',*,*,#1411,.T.);
#1763=ORIENTED_EDGE('',*,*,#1412,.T.);
#1764=ORIENTED_EDGE('',*,*,#1364,.F.);
#1765=ORIENTED_EDGE('',*,*,#1413,.T.);
#1766=ORIENTED_EDGE('',*,*,#1414,.T.);
#1767=ORIENTED_EDGE('',*,*,#1354,.T.);
#1768=ORIENTED_EDGE('',*,*,#1415,.T.);
#1769=ORIENTED_EDGE('',*,*,#1416,.T.);
#1770=ORIENTED_EDGE('',*,*,#1417,.T.);
#1771=ORIENTED_EDGE('',*,*,#1418,.T.);
#1772=ORIENTED_EDGE('',*,*,#1417,.F.);
#1773=ORIENTED_EDGE('',*,*,#1419,.F.);
#1774=ORIENTED_EDGE('',*,*,#1420,.F.);
#1775=ORIENTED_EDGE('',*,*,#1421,.F.);
#1776=ORIENTED_EDGE('',*,*,#1422,.F.);
#1777=ORIENTED_EDGE('',*,*,#1423,.F.);
#1778=ORIENTED_EDGE('',*,*,#1424,.F.);
#1779=ORIENTED_EDGE('',*,*,#1425,.F.);
#1780=ORIENTED_EDGE('',*,*,#1340,.T.);
#1781=ORIENTED_EDGE('',*,*,#1346,.T.);
#1782=ORIENTED_EDGE('',*,*,#1411,.F.);
#1783=ORIENTED_EDGE('',*,*,#1409,.F.);
#1784=ORIENTED_EDGE('',*,*,#1358,.F.);
#1785=ORIENTED_EDGE('',*,*,#1426,.F.);
#1786=ORIENTED_EDGE('',*,*,#1351,.F.);
#1787=ORIENTED_EDGE('',*,*,#1355,.F.);
#1788=ORIENTED_EDGE('',*,*,#1414,.F.);
#1789=ORIENTED_EDGE('',*,*,#1427,.F.);
#1790=ORIENTED_EDGE('',*,*,#1428,.T.);
#1791=ORIENTED_EDGE('',*,*,#1429,.T.);
#1792=ORIENTED_EDGE('',*,*,#1430,.T.);
#1793=ORIENTED_EDGE('',*,*,#1431,.T.);
#1794=ORIENTED_EDGE('',*,*,#1432,.T.);
#1795=ORIENTED_EDGE('',*,*,#1433,.T.);
#1796=ORIENTED_EDGE('',*,*,#1434,.T.);
#1797=ORIENTED_EDGE('',*,*,#1435,.T.);
#1798=ORIENTED_EDGE('',*,*,#1436,.T.);
#1799=ORIENTED_EDGE('',*,*,#1437,.T.);
#1800=ORIENTED_EDGE('',*,*,#1438,.T.);
#1801=ORIENTED_EDGE('',*,*,#1439,.T.);
#1802=ORIENTED_EDGE('',*,*,#1343,.T.);
#1803=ORIENTED_EDGE('',*,*,#1337,.T.);
#1804=ORIENTED_EDGE('',*,*,#1416,.F.);
#1805=ORIENTED_EDGE('',*,*,#1440,.F.);
#1806=ORIENTED_EDGE('',*,*,#1441,.F.);
#1807=ORIENTED_EDGE('',*,*,#1419,.T.);
#1808=ORIENTED_EDGE('',*,*,#1442,.T.);
#1809=ORIENTED_EDGE('',*,*,#1443,.T.);
#1810=ORIENTED_EDGE('',*,*,#1420,.T.);
#1811=ORIENTED_EDGE('',*,*,#1441,.T.);
#1812=ORIENTED_EDGE('',*,*,#1444,.T.);
#1813=ORIENTED_EDGE('',*,*,#1445,.T.);
#1814=ORIENTED_EDGE('',*,*,#1422,.T.);
#1815=ORIENTED_EDGE('',*,*,#1446,.T.);
#1816=ORIENTED_EDGE('',*,*,#1445,.F.);
#1817=ORIENTED_EDGE('',*,*,#1447,.F.);
#1818=ORIENTED_EDGE('',*,*,#1448,.F.);
#1819=ORIENTED_EDGE('',*,*,#1423,.T.);
#1820=ORIENTED_EDGE('',*,*,#1449,.T.);
#1821=ORIENTED_EDGE('',*,*,#1450,.T.);
#1822=ORIENTED_EDGE('',*,*,#1424,.T.);
#1823=ORIENTED_EDGE('',*,*,#1448,.T.);
#1824=ORIENTED_EDGE('',*,*,#1439,.F.);
#1825=ORIENTED_EDGE('',*,*,#1451,.T.);
#1826=ORIENTED_EDGE('',*,*,#1452,.T.);
#1827=ORIENTED_EDGE('',*,*,#1451,.F.);
#1828=ORIENTED_EDGE('',*,*,#1452,.F.);
#1829=ORIENTED_EDGE('',*,*,#1438,.F.);
#1830=ORIENTED_EDGE('',*,*,#1453,.T.);
#1831=ORIENTED_EDGE('',*,*,#1454,.T.);
#1832=ORIENTED_EDGE('',*,*,#1453,.F.);
#1833=ORIENTED_EDGE('',*,*,#1454,.F.);
#1834=ORIENTED_EDGE('',*,*,#1437,.F.);
#1835=ORIENTED_EDGE('',*,*,#1455,.T.);
#1836=ORIENTED_EDGE('',*,*,#1456,.T.);
#1837=ORIENTED_EDGE('',*,*,#1455,.F.);
#1838=ORIENTED_EDGE('',*,*,#1456,.F.);
#1839=ORIENTED_EDGE('',*,*,#1436,.F.);
#1840=ORIENTED_EDGE('',*,*,#1457,.T.);
#1841=ORIENTED_EDGE('',*,*,#1458,.T.);
#1842=ORIENTED_EDGE('',*,*,#1457,.F.);
#1843=ORIENTED_EDGE('',*,*,#1458,.F.);
#1844=ORIENTED_EDGE('',*,*,#1435,.F.);
#1845=ORIENTED_EDGE('',*,*,#1459,.T.);
#1846=ORIENTED_EDGE('',*,*,#1460,.T.);
#1847=ORIENTED_EDGE('',*,*,#1459,.F.);
#1848=ORIENTED_EDGE('',*,*,#1460,.F.);
#1849=ORIENTED_EDGE('',*,*,#1434,.F.);
#1850=ORIENTED_EDGE('',*,*,#1461,.T.);
#1851=ORIENTED_EDGE('',*,*,#1462,.T.);
#1852=ORIENTED_EDGE('',*,*,#1461,.F.);
#1853=ORIENTED_EDGE('',*,*,#1462,.F.);
#1854=ORIENTED_EDGE('',*,*,#1433,.F.);
#1855=ORIENTED_EDGE('',*,*,#1463,.T.);
#1856=ORIENTED_EDGE('',*,*,#1464,.T.);
#1857=ORIENTED_EDGE('',*,*,#1463,.F.);
#1858=ORIENTED_EDGE('',*,*,#1464,.F.);
#1859=ORIENTED_EDGE('',*,*,#1432,.F.);
#1860=ORIENTED_EDGE('',*,*,#1465,.T.);
#1861=ORIENTED_EDGE('',*,*,#1466,.T.);
#1862=ORIENTED_EDGE('',*,*,#1465,.F.);
#1863=ORIENTED_EDGE('',*,*,#1466,.F.);
#1864=ORIENTED_EDGE('',*,*,#1431,.F.);
#1865=ORIENTED_EDGE('',*,*,#1467,.T.);
#1866=ORIENTED_EDGE('',*,*,#1468,.T.);
#1867=ORIENTED_EDGE('',*,*,#1467,.F.);
#1868=ORIENTED_EDGE('',*,*,#1468,.F.);
#1869=ORIENTED_EDGE('',*,*,#1430,.F.);
#1870=ORIENTED_EDGE('',*,*,#1469,.T.);
#1871=ORIENTED_EDGE('',*,*,#1470,.T.);
#1872=ORIENTED_EDGE('',*,*,#1469,.F.);
#1873=ORIENTED_EDGE('',*,*,#1470,.F.);
#1874=ORIENTED_EDGE('',*,*,#1429,.F.);
#1875=ORIENTED_EDGE('',*,*,#1471,.T.);
#1876=ORIENTED_EDGE('',*,*,#1472,.T.);
#1877=ORIENTED_EDGE('',*,*,#1471,.F.);
#1878=ORIENTED_EDGE('',*,*,#1472,.F.);
#1879=ORIENTED_EDGE('',*,*,#1428,.F.);
#1880=ORIENTED_EDGE('',*,*,#1473,.T.);
#1881=ORIENTED_EDGE('',*,*,#1474,.T.);
#1882=ORIENTED_EDGE('',*,*,#1473,.F.);
#1883=ORIENTED_EDGE('',*,*,#1474,.F.);
#1884=ORIENTED_EDGE('',*,*,#1352,.F.);
#1885=ORIENTED_EDGE('',*,*,#1426,.T.);
#1886=ORIENTED_EDGE('',*,*,#1357,.F.);
#1887=ORIENTED_EDGE('',*,*,#1360,.F.);
#1888=ORIENTED_EDGE('',*,*,#1412,.F.);
#1889=ORIENTED_EDGE('',*,*,#1427,.T.);
#1890=ORIENTED_EDGE('',*,*,#1413,.F.);
#1891=ORIENTED_EDGE('',*,*,#1363,.F.);
#1892=ORIENTED_EDGE('',*,*,#1406,.F.);
#1893=ORIENTED_EDGE('',*,*,#1475,.F.);
#1894=ORIENTED_EDGE('',*,*,#1476,.F.);
#1895=ORIENTED_EDGE('',*,*,#1477,.F.);
#1896=ORIENTED_EDGE('',*,*,#1478,.F.);
#1897=ORIENTED_EDGE('',*,*,#1479,.F.);
#1898=ORIENTED_EDGE('',*,*,#1480,.F.);
#1899=ORIENTED_EDGE('',*,*,#1481,.F.);
#1900=ORIENTED_EDGE('',*,*,#1481,.T.);
#1901=ORIENTED_EDGE('',*,*,#1482,.T.);
#1902=ORIENTED_EDGE('',*,*,#1483,.T.);
#1903=ORIENTED_EDGE('',*,*,#1484,.F.);
#1904=ORIENTED_EDGE('',*,*,#1480,.T.);
#1905=ORIENTED_EDGE('',*,*,#1485,.T.);
#1906=ORIENTED_EDGE('',*,*,#1486,.T.);
#1907=ORIENTED_EDGE('',*,*,#1482,.F.);
#1908=ORIENTED_EDGE('',*,*,#1477,.T.);
#1909=ORIENTED_EDGE('',*,*,#1487,.F.);
#1910=ORIENTED_EDGE('',*,*,#1488,.T.);
#1911=ORIENTED_EDGE('',*,*,#1407,.F.);
#1912=ORIENTED_EDGE('',*,*,#1489,.T.);
#1913=ORIENTED_EDGE('',*,*,#1490,.T.);
#1914=ORIENTED_EDGE('',*,*,#1491,.T.);
#1915=ORIENTED_EDGE('',*,*,#1492,.T.);
#1916=ORIENTED_EDGE('',*,*,#1408,.F.);
#1917=ORIENTED_EDGE('',*,*,#1488,.F.);
#1918=ORIENTED_EDGE('',*,*,#1493,.F.);
#1919=ORIENTED_EDGE('',*,*,#1494,.F.);
#1920=ORIENTED_EDGE('',*,*,#1495,.F.);
#1921=ORIENTED_EDGE('',*,*,#1496,.F.);
#1922=ORIENTED_EDGE('',*,*,#1497,.F.);
#1923=ORIENTED_EDGE('',*,*,#1498,.F.);
#1924=ORIENTED_EDGE('',*,*,#1498,.T.);
#1925=ORIENTED_EDGE('',*,*,#1499,.F.);
#1926=ORIENTED_EDGE('',*,*,#1500,.T.);
#1927=ORIENTED_EDGE('',*,*,#1501,.T.);
#1928=ORIENTED_EDGE('',*,*,#1497,.T.);
#1929=ORIENTED_EDGE('',*,*,#1502,.F.);
#1930=ORIENTED_EDGE('',*,*,#1503,.T.);
#1931=ORIENTED_EDGE('',*,*,#1499,.T.);
#1932=ORIENTED_EDGE('',*,*,#1475,.T.);
#1933=ORIENTED_EDGE('',*,*,#1405,.F.);
#1934=ORIENTED_EDGE('',*,*,#1494,.T.);
#1935=ORIENTED_EDGE('',*,*,#1504,.F.);
#1936=ORIENTED_EDGE('',*,*,#1505,.T.);
#1937=ORIENTED_EDGE('',*,*,#1506,.T.);
#1938=ORIENTED_EDGE('',*,*,#1507,.T.);
#1939=ORIENTED_EDGE('',*,*,#1508,.T.);
#1940=ORIENTED_EDGE('',*,*,#1476,.T.);
#1941=ORIENTED_EDGE('',*,*,#1504,.T.);
#1942=ORIENTED_EDGE('',*,*,#1493,.T.);
#1943=ORIENTED_EDGE('',*,*,#1487,.T.);
#1944=ORIENTED_EDGE('',*,*,#1315,.T.);
#1945=ORIENTED_EDGE('',*,*,#1318,.T.);
#1946=ORIENTED_EDGE('',*,*,#1321,.T.);
#1947=ORIENTED_EDGE('',*,*,#1324,.T.);
#1948=ORIENTED_EDGE('',*,*,#1327,.T.);
#1949=ORIENTED_EDGE('',*,*,#1330,.T.);
#1950=ORIENTED_EDGE('',*,*,#1333,.T.);
#1951=ORIENTED_EDGE('',*,*,#1336,.T.);
#1952=ORIENTED_EDGE('',*,*,#1509,.F.);
#1953=ORIENTED_EDGE('',*,*,#1510,.F.);
#1954=ORIENTED_EDGE('',*,*,#1511,.F.);
#1955=ORIENTED_EDGE('',*,*,#1512,.F.);
#1956=ORIENTED_EDGE('',*,*,#1478,.T.);
#1957=ORIENTED_EDGE('',*,*,#1484,.T.);
#1958=ORIENTED_EDGE('',*,*,#1513,.T.);
#1959=ORIENTED_EDGE('',*,*,#1514,.T.);
#1960=ORIENTED_EDGE('',*,*,#1495,.T.);
#1961=ORIENTED_EDGE('',*,*,#1501,.F.);
#1962=ORIENTED_EDGE('',*,*,#1515,.T.);
#1963=ORIENTED_EDGE('',*,*,#1516,.T.);
#1964=ORIENTED_EDGE('',*,*,#1517,.T.);
#1965=ORIENTED_EDGE('',*,*,#1518,.F.);
#1966=ORIENTED_EDGE('',*,*,#1492,.F.);
#1967=ORIENTED_EDGE('',*,*,#1519,.T.);
#1968=ORIENTED_EDGE('',*,*,#1520,.T.);
#1969=ORIENTED_EDGE('',*,*,#1521,.T.);
#1970=ORIENTED_EDGE('',*,*,#1489,.F.);
#1971=ORIENTED_EDGE('',*,*,#1518,.T.);
#1972=ORIENTED_EDGE('',*,*,#1522,.T.);
#1973=ORIENTED_EDGE('',*,*,#1523,.T.);
#1974=ORIENTED_EDGE('',*,*,#1508,.F.);
#1975=ORIENTED_EDGE('',*,*,#1524,.F.);
#1976=ORIENTED_EDGE('',*,*,#1525,.T.);
#1977=ORIENTED_EDGE('',*,*,#1526,.T.);
#1978=ORIENTED_EDGE('',*,*,#1505,.F.);
#1979=ORIENTED_EDGE('',*,*,#1523,.F.);
#1980=ORIENTED_EDGE('',*,*,#1527,.F.);
#1981=ORIENTED_EDGE('',*,*,#1528,.T.);
#1982=ORIENTED_EDGE('',*,*,#1529,.F.);
#1983=ORIENTED_EDGE('',*,*,#1528,.F.);
#1984=ORIENTED_EDGE('',*,*,#1319,.T.);
#1985=ORIENTED_EDGE('',*,*,#1313,.T.);
#1986=ORIENTED_EDGE('',*,*,#1334,.T.);
#1987=ORIENTED_EDGE('',*,*,#1322,.T.);
#1988=ORIENTED_EDGE('',*,*,#1316,.T.);
#1989=ORIENTED_EDGE('',*,*,#1328,.T.);
#1990=ORIENTED_EDGE('',*,*,#1325,.T.);
#1991=ORIENTED_EDGE('',*,*,#1331,.T.);
#1992=ORIENTED_EDGE('',*,*,#1511,.T.);
#1993=ORIENTED_EDGE('',*,*,#1530,.T.);
#1994=ORIENTED_EDGE('',*,*,#1531,.F.);
#1995=ORIENTED_EDGE('',*,*,#1532,.F.);
#1996=ORIENTED_EDGE('',*,*,#1510,.T.);
#1997=ORIENTED_EDGE('',*,*,#1533,.T.);
#1998=ORIENTED_EDGE('',*,*,#1534,.F.);
#1999=ORIENTED_EDGE('',*,*,#1530,.F.);
#2000=ORIENTED_EDGE('',*,*,#1535,.T.);
#2001=ORIENTED_EDGE('',*,*,#1531,.T.);
#2002=ORIENTED_EDGE('',*,*,#1534,.T.);
#2003=ORIENTED_EDGE('',*,*,#1536,.T.);
#2004=ORIENTED_EDGE('',*,*,#1527,.T.);
#2005=ORIENTED_EDGE('',*,*,#1509,.T.);
#2006=ORIENTED_EDGE('',*,*,#1537,.T.);
#2007=ORIENTED_EDGE('',*,*,#1536,.F.);
#2008=ORIENTED_EDGE('',*,*,#1533,.F.);
#2009=ORIENTED_EDGE('',*,*,#1512,.T.);
#2010=ORIENTED_EDGE('',*,*,#1532,.T.);
#2011=ORIENTED_EDGE('',*,*,#1535,.F.);
#2012=ORIENTED_EDGE('',*,*,#1537,.F.);
#2013=ORIENTED_EDGE('',*,*,#1496,.T.);
#2014=ORIENTED_EDGE('',*,*,#1516,.F.);
#2015=ORIENTED_EDGE('',*,*,#1538,.T.);
#2016=ORIENTED_EDGE('',*,*,#1502,.T.);
#2017=ORIENTED_EDGE('',*,*,#1479,.T.);
#2018=ORIENTED_EDGE('',*,*,#1514,.F.);
#2019=ORIENTED_EDGE('',*,*,#1539,.T.);
#2020=ORIENTED_EDGE('',*,*,#1485,.F.);
#2021=ORIENTED_EDGE('',*,*,#1540,.T.);
#2022=ORIENTED_EDGE('',*,*,#1519,.F.);
#2023=ORIENTED_EDGE('',*,*,#1491,.F.);
#2024=ORIENTED_EDGE('',*,*,#1541,.T.);
#2025=ORIENTED_EDGE('',*,*,#1542,.T.);
#2026=ORIENTED_EDGE('',*,*,#1524,.T.);
#2027=ORIENTED_EDGE('',*,*,#1507,.F.);
#2028=ORIENTED_EDGE('',*,*,#1543,.F.);
#2029=ORIENTED_EDGE('',*,*,#1544,.T.);
#2030=ORIENTED_EDGE('',*,*,#1543,.T.);
#2031=ORIENTED_EDGE('',*,*,#1506,.F.);
#2032=ORIENTED_EDGE('',*,*,#1526,.F.);
#2033=ORIENTED_EDGE('',*,*,#1545,.T.);
#2034=ORIENTED_EDGE('',*,*,#1541,.F.);
#2035=ORIENTED_EDGE('',*,*,#1490,.F.);
#2036=ORIENTED_EDGE('',*,*,#1521,.F.);
#2037=ORIENTED_EDGE('',*,*,#1546,.T.);
#2038=ORIENTED_EDGE('',*,*,#1547,.T.);
#2039=ORIENTED_EDGE('',*,*,#1548,.T.);
#2040=ORIENTED_EDGE('',*,*,#1549,.T.);
#2041=ORIENTED_EDGE('',*,*,#1529,.T.);
#2042=ORIENTED_EDGE('',*,*,#1443,.F.);
#2043=ORIENTED_EDGE('',*,*,#1550,.F.);
#2044=ORIENTED_EDGE('',*,*,#1446,.F.);
#2045=ORIENTED_EDGE('',*,*,#1421,.T.);
#2046=ORIENTED_EDGE('',*,*,#1551,.F.);
#2047=ORIENTED_EDGE('',*,*,#1552,.F.);
#2048=ORIENTED_EDGE('',*,*,#1553,.F.);
#2049=ORIENTED_EDGE('',*,*,#1547,.F.);
#2050=ORIENTED_EDGE('',*,*,#1513,.F.);
#2051=ORIENTED_EDGE('',*,*,#1483,.F.);
#2052=ORIENTED_EDGE('',*,*,#1486,.F.);
#2053=ORIENTED_EDGE('',*,*,#1539,.F.);
#2054=ORIENTED_EDGE('',*,*,#1554,.F.);
#2055=ORIENTED_EDGE('',*,*,#1555,.F.);
#2056=ORIENTED_EDGE('',*,*,#1556,.F.);
#2057=ORIENTED_EDGE('',*,*,#1549,.F.);
#2058=ORIENTED_EDGE('',*,*,#1515,.F.);
#2059=ORIENTED_EDGE('',*,*,#1500,.F.);
#2060=ORIENTED_EDGE('',*,*,#1503,.F.);
#2061=ORIENTED_EDGE('',*,*,#1538,.F.);
#2062=ORIENTED_EDGE('',*,*,#1553,.T.);
#2063=ORIENTED_EDGE('',*,*,#1557,.F.);
#2064=ORIENTED_EDGE('',*,*,#1554,.T.);
#2065=ORIENTED_EDGE('',*,*,#1548,.F.);
#2066=ORIENTED_EDGE('',*,*,#1520,.F.);
#2067=ORIENTED_EDGE('',*,*,#1517,.F.);
#2068=ORIENTED_EDGE('',*,*,#1540,.F.);
#2069=ORIENTED_EDGE('',*,*,#1545,.F.);
#2070=ORIENTED_EDGE('',*,*,#1556,.T.);
#2071=ORIENTED_EDGE('',*,*,#1558,.F.);
#2072=ORIENTED_EDGE('',*,*,#1551,.T.);
#2073=ORIENTED_EDGE('',*,*,#1546,.F.);
#2074=ORIENTED_EDGE('',*,*,#1525,.F.);
#2075=ORIENTED_EDGE('',*,*,#1522,.F.);
#2076=ORIENTED_EDGE('',*,*,#1542,.F.);
#2077=ORIENTED_EDGE('',*,*,#1544,.F.);
#2078=ORIENTED_EDGE('',*,*,#1559,.F.);
#2079=ORIENTED_EDGE('',*,*,#1560,.T.);
#2080=ORIENTED_EDGE('',*,*,#1365,.T.);
#2081=ORIENTED_EDGE('',*,*,#1560,.F.);
#2082=ORIENTED_EDGE('',*,*,#1367,.T.);
#2083=ORIENTED_EDGE('',*,*,#1561,.T.);
#2084=ORIENTED_EDGE('',*,*,#1562,.F.);
#2085=ORIENTED_EDGE('',*,*,#1563,.F.);
#2086=ORIENTED_EDGE('',*,*,#1368,.T.);
#2087=ORIENTED_EDGE('',*,*,#1563,.T.);
#2088=ORIENTED_EDGE('',*,*,#1564,.F.);
#2089=ORIENTED_EDGE('',*,*,#1565,.F.);
#2090=ORIENTED_EDGE('',*,*,#1369,.T.);
#2091=ORIENTED_EDGE('',*,*,#1565,.T.);
#2092=ORIENTED_EDGE('',*,*,#1566,.F.);
#2093=ORIENTED_EDGE('',*,*,#1567,.F.);
#2094=ORIENTED_EDGE('',*,*,#1370,.T.);
#2095=ORIENTED_EDGE('',*,*,#1567,.T.);
#2096=ORIENTED_EDGE('',*,*,#1568,.F.);
#2097=ORIENTED_EDGE('',*,*,#1569,.F.);
#2098=ORIENTED_EDGE('',*,*,#1371,.T.);
#2099=ORIENTED_EDGE('',*,*,#1569,.T.);
#2100=ORIENTED_EDGE('',*,*,#1570,.F.);
#2101=ORIENTED_EDGE('',*,*,#1571,.F.);
#2102=ORIENTED_EDGE('',*,*,#1366,.T.);
#2103=ORIENTED_EDGE('',*,*,#1571,.T.);
#2104=ORIENTED_EDGE('',*,*,#1572,.F.);
#2105=ORIENTED_EDGE('',*,*,#1561,.F.);
#2106=ORIENTED_EDGE('',*,*,#1573,.F.);
#2107=ORIENTED_EDGE('',*,*,#1574,.T.);
#2108=ORIENTED_EDGE('',*,*,#1372,.T.);
#2109=ORIENTED_EDGE('',*,*,#1574,.F.);
#2110=ORIENTED_EDGE('',*,*,#1575,.F.);
#2111=ORIENTED_EDGE('',*,*,#1576,.T.);
#2112=ORIENTED_EDGE('',*,*,#1373,.T.);
#2113=ORIENTED_EDGE('',*,*,#1576,.F.);
#2114=ORIENTED_EDGE('',*,*,#1577,.F.);
#2115=ORIENTED_EDGE('',*,*,#1578,.T.);
#2116=ORIENTED_EDGE('',*,*,#1374,.T.);
#2117=ORIENTED_EDGE('',*,*,#1578,.F.);
#2118=ORIENTED_EDGE('',*,*,#1376,.T.);
#2119=ORIENTED_EDGE('',*,*,#1579,.T.);
#2120=ORIENTED_EDGE('',*,*,#1580,.F.);
#2121=ORIENTED_EDGE('',*,*,#1581,.F.);
#2122=ORIENTED_EDGE('',*,*,#1377,.T.);
#2123=ORIENTED_EDGE('',*,*,#1581,.T.);
#2124=ORIENTED_EDGE('',*,*,#1582,.F.);
#2125=ORIENTED_EDGE('',*,*,#1583,.F.);
#2126=ORIENTED_EDGE('',*,*,#1378,.T.);
#2127=ORIENTED_EDGE('',*,*,#1583,.T.);
#2128=ORIENTED_EDGE('',*,*,#1584,.F.);
#2129=ORIENTED_EDGE('',*,*,#1585,.F.);
#2130=ORIENTED_EDGE('',*,*,#1379,.T.);
#2131=ORIENTED_EDGE('',*,*,#1585,.T.);
#2132=ORIENTED_EDGE('',*,*,#1586,.F.);
#2133=ORIENTED_EDGE('',*,*,#1587,.F.);
#2134=ORIENTED_EDGE('',*,*,#1380,.T.);
#2135=ORIENTED_EDGE('',*,*,#1587,.T.);
#2136=ORIENTED_EDGE('',*,*,#1588,.F.);
#2137=ORIENTED_EDGE('',*,*,#1589,.F.);
#2138=ORIENTED_EDGE('',*,*,#1375,.T.);
#2139=ORIENTED_EDGE('',*,*,#1589,.T.);
#2140=ORIENTED_EDGE('',*,*,#1590,.F.);
#2141=ORIENTED_EDGE('',*,*,#1579,.F.);
#2142=ORIENTED_EDGE('',*,*,#1591,.F.);
#2143=ORIENTED_EDGE('',*,*,#1592,.T.);
#2144=ORIENTED_EDGE('',*,*,#1381,.T.);
#2145=ORIENTED_EDGE('',*,*,#1592,.F.);
#2146=ORIENTED_EDGE('',*,*,#1593,.F.);
#2147=ORIENTED_EDGE('',*,*,#1594,.T.);
#2148=ORIENTED_EDGE('',*,*,#1382,.T.);
#2149=ORIENTED_EDGE('',*,*,#1594,.F.);
#2150=ORIENTED_EDGE('',*,*,#1595,.F.);
#2151=ORIENTED_EDGE('',*,*,#1596,.T.);
#2152=ORIENTED_EDGE('',*,*,#1383,.T.);
#2153=ORIENTED_EDGE('',*,*,#1596,.F.);
#2154=ORIENTED_EDGE('',*,*,#1597,.F.);
#2155=ORIENTED_EDGE('',*,*,#1598,.T.);
#2156=ORIENTED_EDGE('',*,*,#1384,.T.);
#2157=ORIENTED_EDGE('',*,*,#1598,.F.);
#2158=ORIENTED_EDGE('',*,*,#1599,.F.);
#2159=ORIENTED_EDGE('',*,*,#1600,.T.);
#2160=ORIENTED_EDGE('',*,*,#1385,.T.);
#2161=ORIENTED_EDGE('',*,*,#1600,.F.);
#2162=ORIENTED_EDGE('',*,*,#1601,.F.);
#2163=ORIENTED_EDGE('',*,*,#1602,.T.);
#2164=ORIENTED_EDGE('',*,*,#1386,.T.);
#2165=ORIENTED_EDGE('',*,*,#1602,.F.);
#2166=ORIENTED_EDGE('',*,*,#1603,.F.);
#2167=ORIENTED_EDGE('',*,*,#1604,.T.);
#2168=ORIENTED_EDGE('',*,*,#1387,.T.);
#2169=ORIENTED_EDGE('',*,*,#1604,.F.);
#2170=ORIENTED_EDGE('',*,*,#1605,.F.);
#2171=ORIENTED_EDGE('',*,*,#1606,.T.);
#2172=ORIENTED_EDGE('',*,*,#1388,.T.);
#2173=ORIENTED_EDGE('',*,*,#1606,.F.);
#2174=ORIENTED_EDGE('',*,*,#1607,.F.);
#2175=ORIENTED_EDGE('',*,*,#1608,.T.);
#2176=ORIENTED_EDGE('',*,*,#1389,.T.);
#2177=ORIENTED_EDGE('',*,*,#1608,.F.);
#2178=ORIENTED_EDGE('',*,*,#1609,.F.);
#2179=ORIENTED_EDGE('',*,*,#1610,.T.);
#2180=ORIENTED_EDGE('',*,*,#1390,.T.);
#2181=ORIENTED_EDGE('',*,*,#1610,.F.);
#2182=ORIENTED_EDGE('',*,*,#1392,.T.);
#2183=ORIENTED_EDGE('',*,*,#1611,.T.);
#2184=ORIENTED_EDGE('',*,*,#1612,.F.);
#2185=ORIENTED_EDGE('',*,*,#1613,.F.);
#2186=ORIENTED_EDGE('',*,*,#1393,.T.);
#2187=ORIENTED_EDGE('',*,*,#1613,.T.);
#2188=ORIENTED_EDGE('',*,*,#1614,.F.);
#2189=ORIENTED_EDGE('',*,*,#1615,.F.);
#2190=ORIENTED_EDGE('',*,*,#1394,.T.);
#2191=ORIENTED_EDGE('',*,*,#1615,.T.);
#2192=ORIENTED_EDGE('',*,*,#1616,.F.);
#2193=ORIENTED_EDGE('',*,*,#1617,.F.);
#2194=ORIENTED_EDGE('',*,*,#1395,.T.);
#2195=ORIENTED_EDGE('',*,*,#1617,.T.);
#2196=ORIENTED_EDGE('',*,*,#1618,.F.);
#2197=ORIENTED_EDGE('',*,*,#1619,.F.);
#2198=ORIENTED_EDGE('',*,*,#1396,.T.);
#2199=ORIENTED_EDGE('',*,*,#1619,.T.);
#2200=ORIENTED_EDGE('',*,*,#1620,.F.);
#2201=ORIENTED_EDGE('',*,*,#1621,.F.);
#2202=ORIENTED_EDGE('',*,*,#1391,.T.);
#2203=ORIENTED_EDGE('',*,*,#1621,.T.);
#2204=ORIENTED_EDGE('',*,*,#1622,.F.);
#2205=ORIENTED_EDGE('',*,*,#1611,.F.);
#2206=ORIENTED_EDGE('',*,*,#1623,.F.);
#2207=ORIENTED_EDGE('',*,*,#1624,.T.);
#2208=ORIENTED_EDGE('',*,*,#1397,.T.);
#2209=ORIENTED_EDGE('',*,*,#1624,.F.);
#2210=ORIENTED_EDGE('',*,*,#1625,.F.);
#2211=ORIENTED_EDGE('',*,*,#1626,.T.);
#2212=ORIENTED_EDGE('',*,*,#1398,.T.);
#2213=ORIENTED_EDGE('',*,*,#1626,.F.);
#2214=ORIENTED_EDGE('',*,*,#1400,.T.);
#2215=ORIENTED_EDGE('',*,*,#1627,.T.);
#2216=ORIENTED_EDGE('',*,*,#1628,.F.);
#2217=ORIENTED_EDGE('',*,*,#1629,.F.);
#2218=ORIENTED_EDGE('',*,*,#1401,.T.);
#2219=ORIENTED_EDGE('',*,*,#1629,.T.);
#2220=ORIENTED_EDGE('',*,*,#1630,.F.);
#2221=ORIENTED_EDGE('',*,*,#1631,.F.);
#2222=ORIENTED_EDGE('',*,*,#1402,.T.);
#2223=ORIENTED_EDGE('',*,*,#1631,.T.);
#2224=ORIENTED_EDGE('',*,*,#1632,.F.);
#2225=ORIENTED_EDGE('',*,*,#1633,.F.);
#2226=ORIENTED_EDGE('',*,*,#1403,.T.);
#2227=ORIENTED_EDGE('',*,*,#1633,.T.);
#2228=ORIENTED_EDGE('',*,*,#1634,.F.);
#2229=ORIENTED_EDGE('',*,*,#1635,.F.);
#2230=ORIENTED_EDGE('',*,*,#1404,.T.);
#2231=ORIENTED_EDGE('',*,*,#1635,.T.);
#2232=ORIENTED_EDGE('',*,*,#1636,.F.);
#2233=ORIENTED_EDGE('',*,*,#1637,.F.);
#2234=ORIENTED_EDGE('',*,*,#1399,.T.);
#2235=ORIENTED_EDGE('',*,*,#1637,.T.);
#2236=ORIENTED_EDGE('',*,*,#1638,.F.);
#2237=ORIENTED_EDGE('',*,*,#1627,.F.);
#2238=ORIENTED_EDGE('',*,*,#1418,.F.);
#2239=ORIENTED_EDGE('',*,*,#1425,.T.);
#2240=ORIENTED_EDGE('',*,*,#1450,.F.);
#2241=ORIENTED_EDGE('',*,*,#1639,.F.);
#2242=ORIENTED_EDGE('',*,*,#1415,.F.);
#2243=ORIENTED_EDGE('',*,*,#1639,.T.);
#2244=ORIENTED_EDGE('',*,*,#1449,.F.);
#2245=ORIENTED_EDGE('',*,*,#1447,.T.);
#2246=ORIENTED_EDGE('',*,*,#1444,.F.);
#2247=ORIENTED_EDGE('',*,*,#1550,.T.);
#2248=ORIENTED_EDGE('',*,*,#1442,.F.);
#2249=ORIENTED_EDGE('',*,*,#1440,.T.);
#2250=ORIENTED_EDGE('',*,*,#1557,.T.);
#2251=ORIENTED_EDGE('',*,*,#1552,.T.);
#2252=ORIENTED_EDGE('',*,*,#1558,.T.);
#2253=ORIENTED_EDGE('',*,*,#1555,.T.);
#2254=ORIENTED_EDGE('',*,*,#1559,.T.);
#2255=ORIENTED_EDGE('',*,*,#1572,.T.);
#2256=ORIENTED_EDGE('',*,*,#1570,.T.);
#2257=ORIENTED_EDGE('',*,*,#1568,.T.);
#2258=ORIENTED_EDGE('',*,*,#1566,.T.);
#2259=ORIENTED_EDGE('',*,*,#1564,.T.);
#2260=ORIENTED_EDGE('',*,*,#1562,.T.);
#2261=ORIENTED_EDGE('',*,*,#1573,.T.);
#2262=ORIENTED_EDGE('',*,*,#1575,.T.);
#2263=ORIENTED_EDGE('',*,*,#1577,.T.);
#2264=ORIENTED_EDGE('',*,*,#1590,.T.);
#2265=ORIENTED_EDGE('',*,*,#1588,.T.);
#2266=ORIENTED_EDGE('',*,*,#1586,.T.);
#2267=ORIENTED_EDGE('',*,*,#1584,.T.);
#2268=ORIENTED_EDGE('',*,*,#1582,.T.);
#2269=ORIENTED_EDGE('',*,*,#1580,.T.);
#2270=ORIENTED_EDGE('',*,*,#1591,.T.);
#2271=ORIENTED_EDGE('',*,*,#1593,.T.);
#2272=ORIENTED_EDGE('',*,*,#1595,.T.);
#2273=ORIENTED_EDGE('',*,*,#1597,.T.);
#2274=ORIENTED_EDGE('',*,*,#1599,.T.);
#2275=ORIENTED_EDGE('',*,*,#1601,.T.);
#2276=ORIENTED_EDGE('',*,*,#1603,.T.);
#2277=ORIENTED_EDGE('',*,*,#1605,.T.);
#2278=ORIENTED_EDGE('',*,*,#1607,.T.);
#2279=ORIENTED_EDGE('',*,*,#1609,.T.);
#2280=ORIENTED_EDGE('',*,*,#1622,.T.);
#2281=ORIENTED_EDGE('',*,*,#1620,.T.);
#2282=ORIENTED_EDGE('',*,*,#1618,.T.);
#2283=ORIENTED_EDGE('',*,*,#1616,.T.);
#2284=ORIENTED_EDGE('',*,*,#1614,.T.);
#2285=ORIENTED_EDGE('',*,*,#1612,.T.);
#2286=ORIENTED_EDGE('',*,*,#1623,.T.);
#2287=ORIENTED_EDGE('',*,*,#1625,.T.);
#2288=ORIENTED_EDGE('',*,*,#1638,.T.);
#2289=ORIENTED_EDGE('',*,*,#1636,.T.);
#2290=ORIENTED_EDGE('',*,*,#1634,.T.);
#2291=ORIENTED_EDGE('',*,*,#1632,.T.);
#2292=ORIENTED_EDGE('',*,*,#1630,.T.);
#2293=ORIENTED_EDGE('',*,*,#1628,.T.);
#2294=CYLINDRICAL_SURFACE('',#2496,1.5);
#2295=CYLINDRICAL_SURFACE('',#2499,1.5);
#2296=CYLINDRICAL_SURFACE('',#2502,1.5);
#2297=CYLINDRICAL_SURFACE('',#2505,1.5);
#2298=CYLINDRICAL_SURFACE('',#2508,1.5);
#2299=CYLINDRICAL_SURFACE('',#2511,1.5);
#2300=CYLINDRICAL_SURFACE('',#2514,1.5);
#2301=CYLINDRICAL_SURFACE('',#2517,1.5);
#2302=CYLINDRICAL_SURFACE('',#2520,1.515);
#2303=CYLINDRICAL_SURFACE('',#2524,1.515);
#2304=CYLINDRICAL_SURFACE('',#2528,1.515);
#2305=CYLINDRICAL_SURFACE('',#2532,1.515);
#2306=CYLINDRICAL_SURFACE('',#2536,20.);
#2307=CYLINDRICAL_SURFACE('',#2540,20.);
#2308=CYLINDRICAL_SURFACE('',#2563,20.);
#2309=CYLINDRICAL_SURFACE('',#2565,20.);
#2310=CYLINDRICAL_SURFACE('',#2567,10.);
#2311=CYLINDRICAL_SURFACE('',#2587,10.);
#2312=CYLINDRICAL_SURFACE('',#2589,10.);
#2313=CYLINDRICAL_SURFACE('',#2592,10.);
#2314=CYLINDRICAL_SURFACE('',#2594,1.515);
#2315=CYLINDRICAL_SURFACE('',#2597,1.515);
#2316=CYLINDRICAL_SURFACE('',#2600,1.515);
#2317=CYLINDRICAL_SURFACE('',#2603,1.515);
#2318=CYLINDRICAL_SURFACE('',#2606,1.515);
#2319=CYLINDRICAL_SURFACE('',#2609,1.515);
#2320=CYLINDRICAL_SURFACE('',#2612,1.515);
#2321=CYLINDRICAL_SURFACE('',#2615,1.515);
#2322=CYLINDRICAL_SURFACE('',#2618,1.515);
#2323=CYLINDRICAL_SURFACE('',#2621,1.515);
#2324=CYLINDRICAL_SURFACE('',#2624,1.515);
#2325=CYLINDRICAL_SURFACE('',#2627,1.515);
#2326=CYLINDRICAL_SURFACE('',#2647,12.5);
#2327=CYLINDRICAL_SURFACE('',#2675,1.515);
#2328=CYLINDRICAL_SURFACE('',#2683,1.515);
#2329=CYLINDRICAL_SURFACE('',#2685,1.515);
#2330=CYLINDRICAL_SURFACE('',#2687,1.515);
#2331=CYLINDRICAL_SURFACE('',#2695,1.515);
#2332=CYLINDRICAL_SURFACE('',#2697,1.515);
#2333=CYLINDRICAL_SURFACE('',#2699,1.515);
#2334=CYLINDRICAL_SURFACE('',#2701,1.515);
#2335=CYLINDRICAL_SURFACE('',#2703,1.515);
#2336=CYLINDRICAL_SURFACE('',#2705,1.515);
#2337=CYLINDRICAL_SURFACE('',#2707,1.515);
#2338=CYLINDRICAL_SURFACE('',#2709,1.515);
#2339=CYLINDRICAL_SURFACE('',#2711,1.515);
#2340=CYLINDRICAL_SURFACE('',#2713,1.515);
#2341=CYLINDRICAL_SURFACE('',#2721,1.515);
#2342=CYLINDRICAL_SURFACE('',#2723,1.515);
#2343=ADVANCED_FACE('',(#183),#2294,.F.);
#2344=ADVANCED_FACE('',(#184),#2295,.F.);
#2345=ADVANCED_FACE('',(#185),#2296,.F.);
#2346=ADVANCED_FACE('',(#186),#2297,.F.);
#2347=ADVANCED_FACE('',(#187),#2298,.F.);
#2348=ADVANCED_FACE('',(#188),#2299,.F.);
#2349=ADVANCED_FACE('',(#189),#2300,.F.);
#2350=ADVANCED_FACE('',(#190),#2301,.F.);
#2351=ADVANCED_FACE('',(#191),#2302,.F.);
#2352=ADVANCED_FACE('',(#192),#93,.F.);
#2353=ADVANCED_FACE('',(#193),#2303,.F.);
#2354=ADVANCED_FACE('',(#194),#94,.F.);
#2355=ADVANCED_FACE('',(#195),#2304,.F.);
#2356=ADVANCED_FACE('',(#196),#95,.F.);
#2357=ADVANCED_FACE('',(#197),#2305,.F.);
#2358=ADVANCED_FACE('',(#198),#96,.F.);
#2359=ADVANCED_FACE('',(#199),#2306,.F.);
#2360=ADVANCED_FACE('',(#200),#97,.T.);
#2361=ADVANCED_FACE('',(#201),#2307,.F.);
#2362=ADVANCED_FACE('',(#202,#15,#16,#17,#18,#19,#20,#21,#22,#23,#24,#25,
#26,#27,#28,#29,#30,#31,#32,#33,#34,#35),#98,.F.);
#2363=ADVANCED_FACE('',(#203),#99,.T.);
#2364=ADVANCED_FACE('',(#204),#2308,.F.);
#2365=ADVANCED_FACE('',(#205),#2309,.F.);
#2366=ADVANCED_FACE('',(#206),#2310,.T.);
#2367=ADVANCED_FACE('',(#207,#36,#37,#38,#39,#40,#41,#42,#43,#44,#45,#46,
#47,#48,#49,#50,#51,#52),#100,.T.);
#2368=ADVANCED_FACE('',(#208),#101,.T.);
#2369=ADVANCED_FACE('',(#209),#2311,.T.);
#2370=ADVANCED_FACE('',(#210),#2312,.T.);
#2371=ADVANCED_FACE('',(#211),#102,.T.);
#2372=ADVANCED_FACE('',(#212),#2313,.T.);
#2373=ADVANCED_FACE('',(#213),#2314,.F.);
#2374=ADVANCED_FACE('',(#214),#103,.F.);
#2375=ADVANCED_FACE('',(#215),#2315,.F.);
#2376=ADVANCED_FACE('',(#216),#104,.F.);
#2377=ADVANCED_FACE('',(#217),#2316,.F.);
#2378=ADVANCED_FACE('',(#218),#105,.F.);
#2379=ADVANCED_FACE('',(#219),#2317,.F.);
#2380=ADVANCED_FACE('',(#220),#106,.F.);
#2381=ADVANCED_FACE('',(#221),#2318,.F.);
#2382=ADVANCED_FACE('',(#222),#107,.F.);
#2383=ADVANCED_FACE('',(#223),#2319,.F.);
#2384=ADVANCED_FACE('',(#224),#108,.F.);
#2385=ADVANCED_FACE('',(#225),#2320,.F.);
#2386=ADVANCED_FACE('',(#226),#109,.F.);
#2387=ADVANCED_FACE('',(#227),#2321,.F.);
#2388=ADVANCED_FACE('',(#228),#110,.F.);
#2389=ADVANCED_FACE('',(#229),#2322,.F.);
#2390=ADVANCED_FACE('',(#230),#111,.F.);
#2391=ADVANCED_FACE('',(#231),#2323,.F.);
#2392=ADVANCED_FACE('',(#232),#112,.F.);
#2393=ADVANCED_FACE('',(#233),#2324,.F.);
#2394=ADVANCED_FACE('',(#234),#113,.F.);
#2395=ADVANCED_FACE('',(#235),#2325,.F.);
#2396=ADVANCED_FACE('',(#236),#114,.F.);
#2397=ADVANCED_FACE('',(#237),#115,.T.);
#2398=ADVANCED_FACE('',(#238),#116,.T.);
#2399=ADVANCED_FACE('',(#239,#53),#117,.F.);
#2400=ADVANCED_FACE('',(#240),#118,.F.);
#2401=ADVANCED_FACE('',(#241),#119,.F.);
#2402=ADVANCED_FACE('',(#242,#54),#120,.T.);
#2403=ADVANCED_FACE('',(#243,#55),#121,.F.);
#2404=ADVANCED_FACE('',(#244),#122,.F.);
#2405=ADVANCED_FACE('',(#245),#123,.F.);
#2406=ADVANCED_FACE('',(#246,#56),#124,.T.);
#2407=ADVANCED_FACE('',(#247,#57,#58,#59,#60,#61,#62,#63,#64,#65),#125,
 .T.);
#2408=ADVANCED_FACE('',(#248),#126,.F.);
#2409=ADVANCED_FACE('',(#249),#127,.F.);
#2410=ADVANCED_FACE('',(#250),#128,.F.);
#2411=ADVANCED_FACE('',(#251),#129,.F.);
#2412=ADVANCED_FACE('',(#252),#130,.F.);
#2413=ADVANCED_FACE('',(#253),#131,.F.);
#2414=ADVANCED_FACE('',(#254),#2326,.F.);
#2415=ADVANCED_FACE('',(#255),#132,.T.);
#2416=ADVANCED_FACE('',(#256),#133,.T.);
#2417=ADVANCED_FACE('',(#257),#134,.T.);
#2418=ADVANCED_FACE('',(#258),#135,.T.);
#2419=ADVANCED_FACE('',(#259),#136,.T.);
#2420=ADVANCED_FACE('',(#260),#137,.T.);
#2421=ADVANCED_FACE('',(#261),#138,.T.);
#2422=ADVANCED_FACE('',(#262),#139,.T.);
#2423=ADVANCED_FACE('',(#263),#140,.T.);
#2424=ADVANCED_FACE('',(#264),#141,.T.);
#2425=ADVANCED_FACE('',(#265,#66),#142,.T.);
#2426=ADVANCED_FACE('',(#266),#143,.T.);
#2427=ADVANCED_FACE('',(#267),#144,.T.);
#2428=ADVANCED_FACE('',(#268),#145,.F.);
#2429=ADVANCED_FACE('',(#269),#146,.F.);
#2430=ADVANCED_FACE('',(#270),#147,.F.);
#2431=ADVANCED_FACE('',(#271),#148,.F.);
#2432=ADVANCED_FACE('',(#272),#149,.F.);
#2433=ADVANCED_FACE('',(#273),#150,.F.);
#2434=ADVANCED_FACE('',(#274,#67),#151,.F.);
#2435=ADVANCED_FACE('',(#275),#152,.T.);
#2436=ADVANCED_FACE('',(#276,#68),#153,.F.);
#2437=ADVANCED_FACE('',(#277,#69),#154,.F.);
#2438=ADVANCED_FACE('',(#278,#70),#155,.F.);
#2439=ADVANCED_FACE('',(#279,#71),#156,.F.);
#2440=ADVANCED_FACE('',(#280),#2327,.F.);
#2441=ADVANCED_FACE('',(#281),#157,.T.);
#2442=ADVANCED_FACE('',(#282),#158,.T.);
#2443=ADVANCED_FACE('',(#283),#159,.T.);
#2444=ADVANCED_FACE('',(#284),#160,.T.);
#2445=ADVANCED_FACE('',(#285),#161,.T.);
#2446=ADVANCED_FACE('',(#286),#162,.T.);
#2447=ADVANCED_FACE('',(#287),#2328,.F.);
#2448=ADVANCED_FACE('',(#288),#2329,.F.);
#2449=ADVANCED_FACE('',(#289),#2330,.F.);
#2450=ADVANCED_FACE('',(#290),#163,.T.);
#2451=ADVANCED_FACE('',(#291),#164,.T.);
#2452=ADVANCED_FACE('',(#292),#165,.T.);
#2453=ADVANCED_FACE('',(#293),#166,.T.);
#2454=ADVANCED_FACE('',(#294),#167,.T.);
#2455=ADVANCED_FACE('',(#295),#168,.T.);
#2456=ADVANCED_FACE('',(#296),#2331,.F.);
#2457=ADVANCED_FACE('',(#297),#2332,.F.);
#2458=ADVANCED_FACE('',(#298),#2333,.F.);
#2459=ADVANCED_FACE('',(#299),#2334,.F.);
#2460=ADVANCED_FACE('',(#300),#2335,.F.);
#2461=ADVANCED_FACE('',(#301),#2336,.F.);
#2462=ADVANCED_FACE('',(#302),#2337,.F.);
#2463=ADVANCED_FACE('',(#303),#2338,.F.);
#2464=ADVANCED_FACE('',(#304),#2339,.F.);
#2465=ADVANCED_FACE('',(#305),#2340,.F.);
#2466=ADVANCED_FACE('',(#306),#169,.T.);
#2467=ADVANCED_FACE('',(#307),#170,.T.);
#2468=ADVANCED_FACE('',(#308),#171,.T.);
#2469=ADVANCED_FACE('',(#309),#172,.T.);
#2470=ADVANCED_FACE('',(#310),#173,.T.);
#2471=ADVANCED_FACE('',(#311),#174,.T.);
#2472=ADVANCED_FACE('',(#312),#2341,.F.);
#2473=ADVANCED_FACE('',(#313),#2342,.F.);
#2474=ADVANCED_FACE('',(#314),#175,.T.);
#2475=ADVANCED_FACE('',(#315),#176,.T.);
#2476=ADVANCED_FACE('',(#316),#177,.T.);
#2477=ADVANCED_FACE('',(#317),#178,.T.);
#2478=ADVANCED_FACE('',(#318),#179,.T.);
#2479=ADVANCED_FACE('',(#319),#180,.T.);
#2480=ADVANCED_FACE('',(#320),#181,.T.);
#2481=ADVANCED_FACE('',(#321,#72,#73,#74,#75,#76,#77,#78,#79,#80,#81,#82,
#83,#84,#85,#86,#87,#88,#89,#90,#91,#92),#182,.T.);
#2482=CLOSED_SHELL('',(#2343,#2344,#2345,#2346,#2347,#2348,#2349,#2350,
#2351,#2352,#2353,#2354,#2355,#2356,#2357,#2358,#2359,#2360,#2361,#2362,
#2363,#2364,#2365,#2366,#2367,#2368,#2369,#2370,#2371,#2372,#2373,#2374,
#2375,#2376,#2377,#2378,#2379,#2380,#2381,#2382,#2383,#2384,#2385,#2386,
#2387,#2388,#2389,#2390,#2391,#2392,#2393,#2394,#2395,#2396,#2397,#2398,
#2399,#2400,#2401,#2402,#2403,#2404,#2405,#2406,#2407,#2408,#2409,#2410,
#2411,#2412,#2413,#2414,#2415,#2416,#2417,#2418,#2419,#2420,#2421,#2422,
#2423,#2424,#2425,#2426,#2427,#2428,#2429,#2430,#2431,#2432,#2433,#2434,
#2435,#2436,#2437,#2438,#2439,#2440,#2441,#2442,#2443,#2444,#2445,#2446,
#2447,#2448,#2449,#2450,#2451,#2452,#2453,#2454,#2455,#2456,#2457,#2458,
#2459,#2460,#2461,#2462,#2463,#2464,#2465,#2466,#2467,#2468,#2469,#2470,
#2471,#2472,#2473,#2474,#2475,#2476,#2477,#2478,#2479,#2480,#2481));
#2483=DERIVED_UNIT_ELEMENT(#2485,1.);
#2484=DERIVED_UNIT_ELEMENT(#4128,-3.);
#2485=(
MASS_UNIT()
NAMED_UNIT(*)
SI_UNIT(.KILO.,.GRAM.)
);
#2486=DERIVED_UNIT((#2483,#2484));
#2487=MEASURE_REPRESENTATION_ITEM('density measure',
POSITIVE_RATIO_MEASURE(7850.),#2486);
#2488=PROPERTY_DEFINITION_REPRESENTATION(#2493,#2490);
#2489=PROPERTY_DEFINITION_REPRESENTATION(#2494,#2491);
#2490=REPRESENTATION('material name',(#2492),#4125);
#2491=REPRESENTATION('density',(#2487),#4125);
#2492=DESCRIPTIVE_REPRESENTATION_ITEM('\X2\94A2\X0\','\X2\94A2\X0\');
#2493=PROPERTY_DEFINITION('material property','material name',#4135);
#2494=PROPERTY_DEFINITION('material property','density of part',#4135);
#2495=AXIS2_PLACEMENT_3D('',#3438,#2733,#2734);
#2496=AXIS2_PLACEMENT_3D('',#3439,#2735,#2736);
#2497=AXIS2_PLACEMENT_3D('',#3441,#2737,#2738);
#2498=AXIS2_PLACEMENT_3D('',#3444,#2740,#2741);
#2499=AXIS2_PLACEMENT_3D('',#3445,#2742,#2743);
#2500=AXIS2_PLACEMENT_3D('',#3447,#2744,#2745);
#2501=AXIS2_PLACEMENT_3D('',#3450,#2747,#2748);
#2502=AXIS2_PLACEMENT_3D('',#3451,#2749,#2750);
#2503=AXIS2_PLACEMENT_3D('',#3453,#2751,#2752);
#2504=AXIS2_PLACEMENT_3D('',#3456,#2754,#2755);
#2505=AXIS2_PLACEMENT_3D('',#3457,#2756,#2757);
#2506=AXIS2_PLACEMENT_3D('',#3459,#2758,#2759);
#2507=AXIS2_PLACEMENT_3D('',#3462,#2761,#2762);
#2508=AXIS2_PLACEMENT_3D('',#3463,#2763,#2764);
#2509=AXIS2_PLACEMENT_3D('',#3465,#2765,#2766);
#2510=AXIS2_PLACEMENT_3D('',#3468,#2768,#2769);
#2511=AXIS2_PLACEMENT_3D('',#3469,#2770,#2771);
#2512=AXIS2_PLACEMENT_3D('',#3471,#2772,#2773);
#2513=AXIS2_PLACEMENT_3D('',#3474,#2775,#2776);
#2514=AXIS2_PLACEMENT_3D('',#3475,#2777,#2778);
#2515=AXIS2_PLACEMENT_3D('',#3477,#2779,#2780);
#2516=AXIS2_PLACEMENT_3D('',#3480,#2782,#2783);
#2517=AXIS2_PLACEMENT_3D('',#3481,#2784,#2785);
#2518=AXIS2_PLACEMENT_3D('',#3483,#2786,#2787);
#2519=AXIS2_PLACEMENT_3D('',#3486,#2789,#2790);
#2520=AXIS2_PLACEMENT_3D('',#3487,#2791,#2792);
#2521=AXIS2_PLACEMENT_3D('',#3489,#2793,#2794);
#2522=AXIS2_PLACEMENT_3D('',#3492,#2796,#2797);
#2523=AXIS2_PLACEMENT_3D('',#3493,#2798,#2799);
#2524=AXIS2_PLACEMENT_3D('',#3494,#2800,#2801);
#2525=AXIS2_PLACEMENT_3D('',#3496,#2802,#2803);
#2526=AXIS2_PLACEMENT_3D('',#3499,#2805,#2806);
#2527=AXIS2_PLACEMENT_3D('',#3500,#2807,#2808);
#2528=AXIS2_PLACEMENT_3D('',#3501,#2809,#2810);
#2529=AXIS2_PLACEMENT_3D('',#3503,#2811,#2812);
#2530=AXIS2_PLACEMENT_3D('',#3506,#2814,#2815);
#2531=AXIS2_PLACEMENT_3D('',#3507,#2816,#2817);
#2532=AXIS2_PLACEMENT_3D('',#3508,#2818,#2819);
#2533=AXIS2_PLACEMENT_3D('',#3510,#2820,#2821);
#2534=AXIS2_PLACEMENT_3D('',#3513,#2823,#2824);
#2535=AXIS2_PLACEMENT_3D('',#3514,#2825,#2826);
#2536=AXIS2_PLACEMENT_3D('',#3515,#2827,#2828);
#2537=AXIS2_PLACEMENT_3D('',#3518,#2829,#2830);
#2538=AXIS2_PLACEMENT_3D('',#3522,#2832,#2833);
#2539=AXIS2_PLACEMENT_3D('',#3524,#2835,#2836);
#2540=AXIS2_PLACEMENT_3D('',#3530,#2840,#2841);
#2541=AXIS2_PLACEMENT_3D('',#3533,#2842,#2843);
#2542=AXIS2_PLACEMENT_3D('',#3537,#2845,#2846);
#2543=AXIS2_PLACEMENT_3D('',#3539,#2848,#2849);
#2544=AXIS2_PLACEMENT_3D('',#3544,#2852,#2853);
#2545=AXIS2_PLACEMENT_3D('',#3547,#2855,#2856);
#2546=AXIS2_PLACEMENT_3D('',#3549,#2857,#2858);
#2547=AXIS2_PLACEMENT_3D('',#3563,#2865,#2866);
#2548=AXIS2_PLACEMENT_3D('',#3565,#2867,#2868);
#2549=AXIS2_PLACEMENT_3D('',#3567,#2869,#2870);
#2550=AXIS2_PLACEMENT_3D('',#3581,#2877,#2878);
#2551=AXIS2_PLACEMENT_3D('',#3583,#2879,#2880);
#2552=AXIS2_PLACEMENT_3D('',#3585,#2881,#2882);
#2553=AXIS2_PLACEMENT_3D('',#3587,#2883,#2884);
#2554=AXIS2_PLACEMENT_3D('',#3589,#2885,#2886);
#2555=AXIS2_PLACEMENT_3D('',#3591,#2887,#2888);
#2556=AXIS2_PLACEMENT_3D('',#3593,#2889,#2890);
#2557=AXIS2_PLACEMENT_3D('',#3595,#2891,#2892);
#2558=AXIS2_PLACEMENT_3D('',#3597,#2893,#2894);
#2559=AXIS2_PLACEMENT_3D('',#3599,#2895,#2896);
#2560=AXIS2_PLACEMENT_3D('',#3613,#2903,#2904);
#2561=AXIS2_PLACEMENT_3D('',#3615,#2905,#2906);
#2562=AXIS2_PLACEMENT_3D('',#3636,#2917,#2918);
#2563=AXIS2_PLACEMENT_3D('',#3640,#2921,#2922);
#2564=AXIS2_PLACEMENT_3D('',#3642,#2923,#2924);
#2565=AXIS2_PLACEMENT_3D('',#3644,#2926,#2927);
#2566=AXIS2_PLACEMENT_3D('',#3647,#2929,#2930);
#2567=AXIS2_PLACEMENT_3D('',#3648,#2931,#2932);
#2568=AXIS2_PLACEMENT_3D('',#3651,#2933,#2934);
#2569=AXIS2_PLACEMENT_3D('',#3655,#2936,#2937);
#2570=AXIS2_PLACEMENT_3D('',#3657,#2939,#2940);
#2571=AXIS2_PLACEMENT_3D('',#3661,#2942,#2943);
#2572=AXIS2_PLACEMENT_3D('',#3665,#2945,#2946);
#2573=AXIS2_PLACEMENT_3D('',#3669,#2948,#2949);
#2574=AXIS2_PLACEMENT_3D('',#3674,#2953,#2954);
#2575=AXIS2_PLACEMENT_3D('',#3676,#2955,#2956);
#2576=AXIS2_PLACEMENT_3D('',#3678,#2957,#2958);
#2577=AXIS2_PLACEMENT_3D('',#3680,#2959,#2960);
#2578=AXIS2_PLACEMENT_3D('',#3682,#2961,#2962);
#2579=AXIS2_PLACEMENT_3D('',#3684,#2963,#2964);
#2580=AXIS2_PLACEMENT_3D('',#3686,#2965,#2966);
#2581=AXIS2_PLACEMENT_3D('',#3688,#2967,#2968);
#2582=AXIS2_PLACEMENT_3D('',#3690,#2969,#2970);
#2583=AXIS2_PLACEMENT_3D('',#3692,#2971,#2972);
#2584=AXIS2_PLACEMENT_3D('',#3694,#2973,#2974);
#2585=AXIS2_PLACEMENT_3D('',#3696,#2975,#2976);
#2586=AXIS2_PLACEMENT_3D('',#3697,#2977,#2978);
#2587=AXIS2_PLACEMENT_3D('',#3701,#2981,#2982);
#2588=AXIS2_PLACEMENT_3D('',#3703,#2983,#2984);
#2589=AXIS2_PLACEMENT_3D('',#3705,#2986,#2987);
#2590=AXIS2_PLACEMENT_3D('',#3708,#2988,#2989);
#2591=AXIS2_PLACEMENT_3D('',#3711,#2992,#2993);
#2592=AXIS2_PLACEMENT_3D('',#3715,#2996,#2997);
#2593=AXIS2_PLACEMENT_3D('',#3717,#2998,#2999);
#2594=AXIS2_PLACEMENT_3D('',#3719,#3001,#3002);
#2595=AXIS2_PLACEMENT_3D('',#3722,#3004,#3005);
#2596=AXIS2_PLACEMENT_3D('',#3723,#3006,#3007);
#2597=AXIS2_PLACEMENT_3D('',#3724,#3008,#3009);
#2598=AXIS2_PLACEMENT_3D('',#3727,#3011,#3012);
#2599=AXIS2_PLACEMENT_3D('',#3728,#3013,#3014);
#2600=AXIS2_PLACEMENT_3D('',#3729,#3015,#3016);
#2601=AXIS2_PLACEMENT_3D('',#3732,#3018,#3019);
#2602=AXIS2_PLACEMENT_3D('',#3733,#3020,#3021);
#2603=AXIS2_PLACEMENT_3D('',#3734,#3022,#3023);
#2604=AXIS2_PLACEMENT_3D('',#3737,#3025,#3026);
#2605=AXIS2_PLACEMENT_3D('',#3738,#3027,#3028);
#2606=AXIS2_PLACEMENT_3D('',#3739,#3029,#3030);
#2607=AXIS2_PLACEMENT_3D('',#3742,#3032,#3033);
#2608=AXIS2_PLACEMENT_3D('',#3743,#3034,#3035);
#2609=AXIS2_PLACEMENT_3D('',#3744,#3036,#3037);
#2610=AXIS2_PLACEMENT_3D('',#3747,#3039,#3040);
#2611=AXIS2_PLACEMENT_3D('',#3748,#3041,#3042);
#2612=AXIS2_PLACEMENT_3D('',#3749,#3043,#3044);
#2613=AXIS2_PLACEMENT_3D('',#3752,#3046,#3047);
#2614=AXIS2_PLACEMENT_3D('',#3753,#3048,#3049);
#2615=AXIS2_PLACEMENT_3D('',#3754,#3050,#3051);
#2616=AXIS2_PLACEMENT_3D('',#3757,#3053,#3054);
#2617=AXIS2_PLACEMENT_3D('',#3758,#3055,#3056);
#2618=AXIS2_PLACEMENT_3D('',#3759,#3057,#3058);
#2619=AXIS2_PLACEMENT_3D('',#3762,#3060,#3061);
#2620=AXIS2_PLACEMENT_3D('',#3763,#3062,#3063);
#2621=AXIS2_PLACEMENT_3D('',#3764,#3064,#3065);
#2622=AXIS2_PLACEMENT_3D('',#3767,#3067,#3068);
#2623=AXIS2_PLACEMENT_3D('',#3768,#3069,#3070);
#2624=AXIS2_PLACEMENT_3D('',#3769,#3071,#3072);
#2625=AXIS2_PLACEMENT_3D('',#3772,#3074,#3075);
#2626=AXIS2_PLACEMENT_3D('',#3773,#3076,#3077);
#2627=AXIS2_PLACEMENT_3D('',#3774,#3078,#3079);
#2628=AXIS2_PLACEMENT_3D('',#3777,#3081,#3082);
#2629=AXIS2_PLACEMENT_3D('',#3778,#3083,#3084);
#2630=AXIS2_PLACEMENT_3D('',#3779,#3085,#3086);
#2631=AXIS2_PLACEMENT_3D('',#3780,#3087,#3088);
#2632=AXIS2_PLACEMENT_3D('',#3781,#3089,#3090);
#2633=AXIS2_PLACEMENT_3D('',#3795,#3098,#3099);
#2634=AXIS2_PLACEMENT_3D('',#3801,#3103,#3104);
#2635=AXIS2_PLACEMENT_3D('',#3805,#3107,#3108);
#2636=AXIS2_PLACEMENT_3D('',#3817,#3115,#3116);
#2637=AXIS2_PLACEMENT_3D('',#3829,#3123,#3124);
#2638=AXIS2_PLACEMENT_3D('',#3835,#3128,#3129);
#2639=AXIS2_PLACEMENT_3D('',#3839,#3132,#3133);
#2640=AXIS2_PLACEMENT_3D('',#3849,#3139,#3140);
#2641=AXIS2_PLACEMENT_3D('',#3858,#3145,#3146);
#2642=AXIS2_PLACEMENT_3D('',#3862,#3149,#3150);
#2643=AXIS2_PLACEMENT_3D('',#3866,#3153,#3154);
#2644=AXIS2_PLACEMENT_3D('',#3872,#3158,#3159);
#2645=AXIS2_PLACEMENT_3D('',#3876,#3162,#3163);
#2646=AXIS2_PLACEMENT_3D('',#3882,#3167,#3168);
#2647=AXIS2_PLACEMENT_3D('',#3886,#3171,#3172);
#2648=AXIS2_PLACEMENT_3D('',#3888,#3173,#3174);
#2649=AXIS2_PLACEMENT_3D('',#3891,#3176,#3177);
#2650=AXIS2_PLACEMENT_3D('',#3892,#3178,#3179);
#2651=AXIS2_PLACEMENT_3D('',#3893,#3180,#3181);
#2652=AXIS2_PLACEMENT_3D('',#3894,#3182,#3183);
#2653=AXIS2_PLACEMENT_3D('',#3895,#3184,#3185);
#2654=AXIS2_PLACEMENT_3D('',#3896,#3186,#3187);
#2655=AXIS2_PLACEMENT_3D('',#3897,#3188,#3189);
#2656=AXIS2_PLACEMENT_3D('',#3898,#3190,#3191);
#2657=AXIS2_PLACEMENT_3D('',#3899,#3192,#3193);
#2658=AXIS2_PLACEMENT_3D('',#3900,#3194,#3195);
#2659=AXIS2_PLACEMENT_3D('',#3906,#3199,#3200);
#2660=AXIS2_PLACEMENT_3D('',#3910,#3203,#3204);
#2661=AXIS2_PLACEMENT_3D('',#3914,#3207,#3208);
#2662=AXIS2_PLACEMENT_3D('',#3916,#3210,#3211);
#2663=AXIS2_PLACEMENT_3D('',#3917,#3212,#3213);
#2664=AXIS2_PLACEMENT_3D('',#3919,#3215,#3216);
#2665=AXIS2_PLACEMENT_3D('',#3921,#3218,#3219);
#2666=AXIS2_PLACEMENT_3D('',#3925,#3222,#3223);
#2667=AXIS2_PLACEMENT_3D('',#3929,#3226,#3227);
#2668=AXIS2_PLACEMENT_3D('',#3931,#3229,#3230);
#2669=AXIS2_PLACEMENT_3D('',#3933,#3232,#3233);
#2670=AXIS2_PLACEMENT_3D('',#3942,#3238,#3239);
#2671=AXIS2_PLACEMENT_3D('',#3944,#3241,#3242);
#2672=AXIS2_PLACEMENT_3D('',#3950,#3246,#3247);
#2673=AXIS2_PLACEMENT_3D('',#3956,#3251,#3252);
#2674=AXIS2_PLACEMENT_3D('',#3958,#3254,#3255);
#2675=AXIS2_PLACEMENT_3D('',#3960,#3257,#3258);
#2676=AXIS2_PLACEMENT_3D('',#3962,#3259,#3260);
#2677=AXIS2_PLACEMENT_3D('',#3964,#3262,#3263);
#2678=AXIS2_PLACEMENT_3D('',#3970,#3267,#3268);
#2679=AXIS2_PLACEMENT_3D('',#3974,#3271,#3272);
#2680=AXIS2_PLACEMENT_3D('',#3978,#3275,#3276);
#2681=AXIS2_PLACEMENT_3D('',#3982,#3279,#3280);
#2682=AXIS2_PLACEMENT_3D('',#3986,#3283,#3284);
#2683=AXIS2_PLACEMENT_3D('',#3988,#3286,#3287);
#2684=AXIS2_PLACEMENT_3D('',#3990,#3288,#3289);
#2685=AXIS2_PLACEMENT_3D('',#3992,#3291,#3292);
#2686=AXIS2_PLACEMENT_3D('',#3994,#3293,#3294);
#2687=AXIS2_PLACEMENT_3D('',#3996,#3296,#3297);
#2688=AXIS2_PLACEMENT_3D('',#3998,#3298,#3299);
#2689=AXIS2_PLACEMENT_3D('',#4000,#3301,#3302);
#2690=AXIS2_PLACEMENT_3D('',#4006,#3306,#3307);
#2691=AXIS2_PLACEMENT_3D('',#4010,#3310,#3311);
#2692=AXIS2_PLACEMENT_3D('',#4014,#3314,#3315);
#2693=AXIS2_PLACEMENT_3D('',#4018,#3318,#3319);
#2694=AXIS2_PLACEMENT_3D('',#4022,#3322,#3323);
#2695=AXIS2_PLACEMENT_3D('',#4024,#3325,#3326);
#2696=AXIS2_PLACEMENT_3D('',#4026,#3327,#3328);
#2697=AXIS2_PLACEMENT_3D('',#4028,#3330,#3331);
#2698=AXIS2_PLACEMENT_3D('',#4030,#3332,#3333);
#2699=AXIS2_PLACEMENT_3D('',#4032,#3335,#3336);
#2700=AXIS2_PLACEMENT_3D('',#4034,#3337,#3338);
#2701=AXIS2_PLACEMENT_3D('',#4036,#3340,#3341);
#2702=AXIS2_PLACEMENT_3D('',#4038,#3342,#3343);
#2703=AXIS2_PLACEMENT_3D('',#4040,#3345,#3346);
#2704=AXIS2_PLACEMENT_3D('',#4042,#3347,#3348);
#2705=AXIS2_PLACEMENT_3D('',#4044,#3350,#3351);
#2706=AXIS2_PLACEMENT_3D('',#4046,#3352,#3353);
#2707=AXIS2_PLACEMENT_3D('',#4048,#3355,#3356);
#2708=AXIS2_PLACEMENT_3D('',#4050,#3357,#3358);
#2709=AXIS2_PLACEMENT_3D('',#4052,#3360,#3361);
#2710=AXIS2_PLACEMENT_3D('',#4054,#3362,#3363);
#2711=AXIS2_PLACEMENT_3D('',#4056,#3365,#3366);
#2712=AXIS2_PLACEMENT_3D('',#4058,#3367,#3368);
#2713=AXIS2_PLACEMENT_3D('',#4060,#3370,#3371);
#2714=AXIS2_PLACEMENT_3D('',#4062,#3372,#3373);
#2715=AXIS2_PLACEMENT_3D('',#4064,#3375,#3376);
#2716=AXIS2_PLACEMENT_3D('',#4070,#3380,#3381);
#2717=AXIS2_PLACEMENT_3D('',#4074,#3384,#3385);
#2718=AXIS2_PLACEMENT_3D('',#4078,#3388,#3389);
#2719=AXIS2_PLACEMENT_3D('',#4082,#3392,#3393);
#2720=AXIS2_PLACEMENT_3D('',#4086,#3396,#3397);
#2721=AXIS2_PLACEMENT_3D('',#4088,#3399,#3400);
#2722=AXIS2_PLACEMENT_3D('',#4090,#3401,#3402);
#2723=AXIS2_PLACEMENT_3D('',#4092,#3404,#3405);
#2724=AXIS2_PLACEMENT_3D('',#4094,#3406,#3407);
#2725=AXIS2_PLACEMENT_3D('',#4096,#3409,#3410);
#2726=AXIS2_PLACEMENT_3D('',#4102,#3414,#3415);
#2727=AXIS2_PLACEMENT_3D('',#4106,#3418,#3419);
#2728=AXIS2_PLACEMENT_3D('',#4110,#3422,#3423);
#2729=AXIS2_PLACEMENT_3D('',#4114,#3426,#3427);
#2730=AXIS2_PLACEMENT_3D('',#4118,#3430,#3431);
#2731=AXIS2_PLACEMENT_3D('',#4120,#3433,#3434);
#2732=AXIS2_PLACEMENT_3D('',#4122,#3436,#3437);
#2733=DIRECTION('axis',(0.,0.,1.));
#2734=DIRECTION('refdir',(1.,0.,0.));
#2735=DIRECTION('center_axis',(0.,0.,1.));
#2736=DIRECTION('ref_axis',(1.,0.,0.));
#2737=DIRECTION('center_axis',(0.,0.,-1.));
#2738=DIRECTION('ref_axis',(1.,0.,0.));
#2739=DIRECTION('',(0.,0.,-1.));
#2740=DIRECTION('center_axis',(0.,0.,1.));
#2741=DIRECTION('ref_axis',(1.,0.,0.));
#2742=DIRECTION('center_axis',(0.,0.,1.));
#2743=DIRECTION('ref_axis',(1.,0.,0.));
#2744=DIRECTION('center_axis',(0.,0.,-1.));
#2745=DIRECTION('ref_axis',(1.,0.,0.));
#2746=DIRECTION('',(0.,0.,-1.));
#2747=DIRECTION('center_axis',(0.,0.,1.));
#2748=DIRECTION('ref_axis',(1.,0.,0.));
#2749=DIRECTION('center_axis',(0.,0.,1.));
#2750=DIRECTION('ref_axis',(1.,0.,0.));
#2751=DIRECTION('center_axis',(0.,0.,-1.));
#2752=DIRECTION('ref_axis',(1.,0.,0.));
#2753=DIRECTION('',(0.,0.,-1.));
#2754=DIRECTION('center_axis',(0.,0.,1.));
#2755=DIRECTION('ref_axis',(1.,0.,0.));
#2756=DIRECTION('center_axis',(0.,0.,1.));
#2757=DIRECTION('ref_axis',(1.,0.,0.));
#2758=DIRECTION('center_axis',(0.,0.,-1.));
#2759=DIRECTION('ref_axis',(1.,0.,0.));
#2760=DIRECTION('',(0.,0.,-1.));
#2761=DIRECTION('center_axis',(0.,0.,1.));
#2762=DIRECTION('ref_axis',(1.,0.,0.));
#2763=DIRECTION('center_axis',(0.,0.,1.));
#2764=DIRECTION('ref_axis',(1.,0.,0.));
#2765=DIRECTION('center_axis',(0.,0.,-1.));
#2766=DIRECTION('ref_axis',(1.,0.,0.));
#2767=DIRECTION('',(0.,0.,-1.));
#2768=DIRECTION('center_axis',(0.,0.,1.));
#2769=DIRECTION('ref_axis',(1.,0.,0.));
#2770=DIRECTION('center_axis',(0.,0.,1.));
#2771=DIRECTION('ref_axis',(1.,0.,0.));
#2772=DIRECTION('center_axis',(0.,0.,-1.));
#2773=DIRECTION('ref_axis',(1.,0.,0.));
#2774=DIRECTION('',(0.,0.,-1.));
#2775=DIRECTION('center_axis',(0.,0.,1.));
#2776=DIRECTION('ref_axis',(1.,0.,0.));
#2777=DIRECTION('center_axis',(0.,0.,1.));
#2778=DIRECTION('ref_axis',(1.,0.,0.));
#2779=DIRECTION('center_axis',(0.,0.,-1.));
#2780=DIRECTION('ref_axis',(1.,0.,0.));
#2781=DIRECTION('',(0.,0.,-1.));
#2782=DIRECTION('center_axis',(0.,0.,1.));
#2783=DIRECTION('ref_axis',(1.,0.,0.));
#2784=DIRECTION('center_axis',(0.,0.,1.));
#2785=DIRECTION('ref_axis',(1.,0.,0.));
#2786=DIRECTION('center_axis',(0.,0.,-1.));
#2787=DIRECTION('ref_axis',(1.,0.,0.));
#2788=DIRECTION('',(0.,0.,-1.));
#2789=DIRECTION('center_axis',(0.,0.,1.));
#2790=DIRECTION('ref_axis',(1.,0.,0.));
#2791=DIRECTION('center_axis',(0.,0.,1.));
#2792=DIRECTION('ref_axis',(-1.,0.,0.));
#2793=DIRECTION('center_axis',(0.,0.,1.));
#2794=DIRECTION('ref_axis',(-1.,0.,0.));
#2795=DIRECTION('',(0.,0.,1.));
#2796=DIRECTION('center_axis',(0.,0.,1.));
#2797=DIRECTION('ref_axis',(-1.,0.,0.));
#2798=DIRECTION('center_axis',(0.,0.,1.));
#2799=DIRECTION('ref_axis',(-1.,0.,0.));
#2800=DIRECTION('center_axis',(0.,0.,1.));
#2801=DIRECTION('ref_axis',(-1.,0.,0.));
#2802=DIRECTION('center_axis',(0.,0.,1.));
#2803=DIRECTION('ref_axis',(-1.,0.,0.));
#2804=DIRECTION('',(0.,0.,1.));
#2805=DIRECTION('center_axis',(0.,0.,1.));
#2806=DIRECTION('ref_axis',(-1.,0.,0.));
#2807=DIRECTION('center_axis',(0.,0.,1.));
#2808=DIRECTION('ref_axis',(-1.,0.,0.));
#2809=DIRECTION('center_axis',(0.,0.,1.));
#2810=DIRECTION('ref_axis',(-1.,0.,0.));
#2811=DIRECTION('center_axis',(0.,0.,1.));
#2812=DIRECTION('ref_axis',(-1.,0.,0.));
#2813=DIRECTION('',(0.,0.,1.));
#2814=DIRECTION('center_axis',(0.,0.,1.));
#2815=DIRECTION('ref_axis',(-1.,0.,0.));
#2816=DIRECTION('center_axis',(0.,0.,1.));
#2817=DIRECTION('ref_axis',(-1.,0.,0.));
#2818=DIRECTION('center_axis',(0.,0.,1.));
#2819=DIRECTION('ref_axis',(-1.,0.,0.));
#2820=DIRECTION('center_axis',(0.,0.,1.));
#2821=DIRECTION('ref_axis',(-1.,0.,0.));
#2822=DIRECTION('',(0.,0.,1.));
#2823=DIRECTION('center_axis',(0.,0.,1.));
#2824=DIRECTION('ref_axis',(-1.,0.,0.));
#2825=DIRECTION('center_axis',(0.,0.,1.));
#2826=DIRECTION('ref_axis',(-1.,0.,0.));
#2827=DIRECTION('center_axis',(0.,0.,-1.));
#2828=DIRECTION('ref_axis',(-0.707106781186547,0.707106781186547,0.));
#2829=DIRECTION('center_axis',(0.,0.,-1.));
#2830=DIRECTION('ref_axis',(-0.707106781186547,0.707106781186547,0.));
#2831=DIRECTION('',(0.,0.,-1.));
#2832=DIRECTION('center_axis',(0.,0.,-1.));
#2833=DIRECTION('ref_axis',(-0.707106781186547,0.707106781186547,0.));
#2834=DIRECTION('',(0.,0.,1.));
#2835=DIRECTION('center_axis',(1.,0.,0.));
#2836=DIRECTION('ref_axis',(0.,-1.,0.));
#2837=DIRECTION('',(0.,1.,0.));
#2838=DIRECTION('',(0.,0.,1.));
#2839=DIRECTION('',(0.,1.,0.));
#2840=DIRECTION('center_axis',(0.,0.,-1.));
#2841=DIRECTION('ref_axis',(0.707106781186547,0.707106781186547,0.));
#2842=DIRECTION('center_axis',(0.,0.,-1.));
#2843=DIRECTION('ref_axis',(0.707106781186547,0.707106781186547,0.));
#2844=DIRECTION('',(0.,0.,-1.));
#2845=DIRECTION('center_axis',(0.,0.,-1.));
#2846=DIRECTION('ref_axis',(0.707106781186547,0.707106781186547,0.));
#2847=DIRECTION('',(0.,0.,1.));
#2848=DIRECTION('center_axis',(0.,0.,1.));
#2849=DIRECTION('ref_axis',(1.,0.,0.));
#2850=DIRECTION('',(1.,0.,0.));
#2851=DIRECTION('',(0.,-1.,0.));
#2852=DIRECTION('center_axis',(0.,0.,-1.));
#2853=DIRECTION('ref_axis',(0.707106781186547,-0.707106781186547,0.));
#2854=DIRECTION('',(-1.,0.,0.));
#2855=DIRECTION('center_axis',(0.,0.,-1.));
#2856=DIRECTION('ref_axis',(-0.707106781186547,-0.707106781186547,0.));
#2857=DIRECTION('center_axis',(0.,0.,-1.));
#2858=DIRECTION('ref_axis',(1.,0.,0.));
#2859=DIRECTION('',(0.0712470499879096,0.997458699830735,0.));
#2860=DIRECTION('',(-0.0712470499879096,0.997458699830735,0.));
#2861=DIRECTION('',(-1.,0.,0.));
#2862=DIRECTION('',(-0.0712470499879096,-0.997458699830735,0.));
#2863=DIRECTION('',(0.0712470499879096,-0.997458699830735,0.));
#2864=DIRECTION('',(1.,0.,0.));
#2865=DIRECTION('center_axis',(0.,0.,-1.));
#2866=DIRECTION('ref_axis',(1.,0.,0.));
#2867=DIRECTION('center_axis',(0.,0.,-1.));
#2868=DIRECTION('ref_axis',(1.,0.,0.));
#2869=DIRECTION('center_axis',(0.,0.,-1.));
#2870=DIRECTION('ref_axis',(1.,0.,0.));
#2871=DIRECTION('',(-0.0712470499879096,-0.997458699830735,0.));
#2872=DIRECTION('',(0.0712470499879096,-0.997458699830735,0.));
#2873=DIRECTION('',(1.,0.,0.));
#2874=DIRECTION('',(0.0712470499879096,0.997458699830735,0.));
#2875=DIRECTION('',(-0.0712470499879096,0.997458699830735,0.));
#2876=DIRECTION('',(-1.,0.,0.));
#2877=DIRECTION('center_axis',(0.,0.,-1.));
#2878=DIRECTION('ref_axis',(1.,0.,0.));
#2879=DIRECTION('center_axis',(0.,0.,-1.));
#2880=DIRECTION('ref_axis',(1.,0.,0.));
#2881=DIRECTION('center_axis',(0.,0.,-1.));
#2882=DIRECTION('ref_axis',(1.,0.,0.));
#2883=DIRECTION('center_axis',(0.,0.,-1.));
#2884=DIRECTION('ref_axis',(1.,0.,0.));
#2885=DIRECTION('center_axis',(0.,0.,-1.));
#2886=DIRECTION('ref_axis',(1.,0.,0.));
#2887=DIRECTION('center_axis',(0.,0.,-1.));
#2888=DIRECTION('ref_axis',(1.,0.,0.));
#2889=DIRECTION('center_axis',(0.,0.,-1.));
#2890=DIRECTION('ref_axis',(1.,0.,0.));
#2891=DIRECTION('center_axis',(0.,0.,-1.));
#2892=DIRECTION('ref_axis',(1.,0.,0.));
#2893=DIRECTION('center_axis',(0.,0.,-1.));
#2894=DIRECTION('ref_axis',(1.,0.,0.));
#2895=DIRECTION('center_axis',(0.,0.,-1.));
#2896=DIRECTION('ref_axis',(1.,0.,0.));
#2897=DIRECTION('',(1.,0.,0.));
#2898=DIRECTION('',(0.0712470499879096,0.997458699830735,0.));
#2899=DIRECTION('',(-0.0712470499879096,0.997458699830735,0.));
#2900=DIRECTION('',(-1.,0.,0.));
#2901=DIRECTION('',(-0.0712470499879096,-0.997458699830735,0.));
#2902=DIRECTION('',(0.0712470499879096,-0.997458699830735,0.));
#2903=DIRECTION('center_axis',(0.,0.,-1.));
#2904=DIRECTION('ref_axis',(1.,0.,0.));
#2905=DIRECTION('center_axis',(0.,0.,-1.));
#2906=DIRECTION('ref_axis',(1.,0.,0.));
#2907=DIRECTION('',(-1.,0.,0.));
#2908=DIRECTION('',(-0.0712470499879096,-0.997458699830735,0.));
#2909=DIRECTION('',(0.0712470499879096,-0.997458699830735,0.));
#2910=DIRECTION('',(1.,-2.22044604925031E-16,0.));
#2911=DIRECTION('',(0.0712470499879096,0.997458699830735,0.));
#2912=DIRECTION('',(-0.0712470499879096,0.997458699830735,0.));
#2913=DIRECTION('',(0.,-1.,0.));
#2914=DIRECTION('',(1.,0.,0.));
#2915=DIRECTION('',(0.,1.,0.));
#2916=DIRECTION('',(-1.,0.,0.));
#2917=DIRECTION('center_axis',(-1.,0.,0.));
#2918=DIRECTION('ref_axis',(0.,1.,0.));
#2919=DIRECTION('',(0.,-1.,0.));
#2920=DIRECTION('',(0.,0.,-1.));
#2921=DIRECTION('center_axis',(0.,0.,-1.));
#2922=DIRECTION('ref_axis',(0.707106781186547,-0.707106781186547,0.));
#2923=DIRECTION('center_axis',(0.,0.,-1.));
#2924=DIRECTION('ref_axis',(0.707106781186547,-0.707106781186547,0.));
#2925=DIRECTION('',(0.,0.,1.));
#2926=DIRECTION('center_axis',(0.,0.,-1.));
#2927=DIRECTION('ref_axis',(-0.707106781186547,-0.707106781186547,0.));
#2928=DIRECTION('',(0.,0.,-1.));
#2929=DIRECTION('center_axis',(0.,0.,-1.));
#2930=DIRECTION('ref_axis',(-0.707106781186547,-0.707106781186547,0.));
#2931=DIRECTION('center_axis',(0.,0.,1.));
#2932=DIRECTION('ref_axis',(-0.707106781186547,-0.707106781186547,0.));
#2933=DIRECTION('center_axis',(0.,0.,-1.));
#2934=DIRECTION('ref_axis',(-0.707106781186547,-0.707106781186547,0.));
#2935=DIRECTION('',(0.,0.,-1.));
#2936=DIRECTION('center_axis',(0.,0.,1.));
#2937=DIRECTION('ref_axis',(-0.707106781186547,-0.707106781186547,0.));
#2938=DIRECTION('',(0.,0.,1.));
#2939=DIRECTION('center_axis',(0.,0.,-1.));
#2940=DIRECTION('ref_axis',(-1.,0.,0.));
#2941=DIRECTION('',(-8.88178419700125E-17,-1.,0.));
#2942=DIRECTION('center_axis',(0.,0.,1.));
#2943=DIRECTION('ref_axis',(-0.707106781186547,0.707106781186547,0.));
#2944=DIRECTION('',(-1.,9.10952225333462E-17,0.));
#2945=DIRECTION('center_axis',(0.,0.,1.));
#2946=DIRECTION('ref_axis',(0.707106781186547,0.707106781186547,0.));
#2947=DIRECTION('',(0.,1.,0.));
#2948=DIRECTION('center_axis',(0.,0.,1.));
#2949=DIRECTION('ref_axis',(0.707106781186547,-0.707106781186547,0.));
#2950=DIRECTION('',(1.,-9.10952225333462E-17,0.));
#2951=DIRECTION('',(1.,0.,0.));
#2952=DIRECTION('',(-1.,0.,0.));
#2953=DIRECTION('center_axis',(0.,0.,1.));
#2954=DIRECTION('ref_axis',(-1.,0.,0.));
#2955=DIRECTION('center_axis',(0.,0.,1.));
#2956=DIRECTION('ref_axis',(-1.,0.,0.));
#2957=DIRECTION('center_axis',(0.,0.,1.));
#2958=DIRECTION('ref_axis',(-1.,0.,0.));
#2959=DIRECTION('center_axis',(0.,0.,1.));
#2960=DIRECTION('ref_axis',(-1.,0.,0.));
#2961=DIRECTION('center_axis',(0.,0.,1.));
#2962=DIRECTION('ref_axis',(-1.,0.,0.));
#2963=DIRECTION('center_axis',(0.,0.,1.));
#2964=DIRECTION('ref_axis',(-1.,0.,0.));
#2965=DIRECTION('center_axis',(0.,0.,1.));
#2966=DIRECTION('ref_axis',(-1.,0.,0.));
#2967=DIRECTION('center_axis',(0.,0.,1.));
#2968=DIRECTION('ref_axis',(-1.,0.,0.));
#2969=DIRECTION('center_axis',(0.,0.,1.));
#2970=DIRECTION('ref_axis',(-1.,0.,0.));
#2971=DIRECTION('center_axis',(0.,0.,1.));
#2972=DIRECTION('ref_axis',(-1.,0.,0.));
#2973=DIRECTION('center_axis',(0.,0.,1.));
#2974=DIRECTION('ref_axis',(-1.,0.,0.));
#2975=DIRECTION('center_axis',(0.,0.,1.));
#2976=DIRECTION('ref_axis',(-1.,0.,0.));
#2977=DIRECTION('center_axis',(-1.,8.88178419700125E-17,0.));
#2978=DIRECTION('ref_axis',(-8.88178419700125E-17,-1.,0.));
#2979=DIRECTION('',(-8.88178419700125E-17,-1.,0.));
#2980=DIRECTION('',(0.,0.,1.));
#2981=DIRECTION('center_axis',(0.,0.,1.));
#2982=DIRECTION('ref_axis',(-0.707106781186547,0.707106781186547,0.));
#2983=DIRECTION('center_axis',(0.,0.,-1.));
#2984=DIRECTION('ref_axis',(-0.707106781186547,0.707106781186547,0.));
#2985=DIRECTION('',(0.,0.,-1.));
#2986=DIRECTION('center_axis',(0.,0.,1.));
#2987=DIRECTION('ref_axis',(0.707106781186547,0.707106781186547,0.));
#2988=DIRECTION('center_axis',(0.,0.,-1.));
#2989=DIRECTION('ref_axis',(0.707106781186547,0.707106781186547,0.));
#2990=DIRECTION('',(0.,0.,-1.));
#2991=DIRECTION('',(0.,0.,1.));
#2992=DIRECTION('center_axis',(1.,0.,0.));
#2993=DIRECTION('ref_axis',(0.,1.,0.));
#2994=DIRECTION('',(0.,1.,0.));
#2995=DIRECTION('',(0.,0.,1.));
#2996=DIRECTION('center_axis',(0.,0.,1.));
#2997=DIRECTION('ref_axis',(0.707106781186547,-0.707106781186547,0.));
#2998=DIRECTION('center_axis',(0.,0.,-1.));
#2999=DIRECTION('ref_axis',(0.707106781186547,-0.707106781186547,0.));
#3000=DIRECTION('',(0.,0.,-1.));
#3001=DIRECTION('center_axis',(0.,0.,1.));
#3002=DIRECTION('ref_axis',(-1.,0.,0.));
#3003=DIRECTION('',(0.,0.,1.));
#3004=DIRECTION('center_axis',(0.,0.,1.));
#3005=DIRECTION('ref_axis',(-1.,0.,0.));
#3006=DIRECTION('center_axis',(0.,0.,1.));
#3007=DIRECTION('ref_axis',(-1.,0.,0.));
#3008=DIRECTION('center_axis',(0.,0.,1.));
#3009=DIRECTION('ref_axis',(-1.,0.,0.));
#3010=DIRECTION('',(0.,0.,1.));
#3011=DIRECTION('center_axis',(0.,0.,1.));
#3012=DIRECTION('ref_axis',(-1.,0.,0.));
#3013=DIRECTION('center_axis',(0.,0.,1.));
#3014=DIRECTION('ref_axis',(-1.,0.,0.));
#3015=DIRECTION('center_axis',(0.,0.,1.));
#3016=DIRECTION('ref_axis',(-1.,0.,0.));
#3017=DIRECTION('',(0.,0.,1.));
#3018=DIRECTION('center_axis',(0.,0.,1.));
#3019=DIRECTION('ref_axis',(-1.,0.,0.));
#3020=DIRECTION('center_axis',(0.,0.,1.));
#3021=DIRECTION('ref_axis',(-1.,0.,0.));
#3022=DIRECTION('center_axis',(0.,0.,1.));
#3023=DIRECTION('ref_axis',(-1.,0.,0.));
#3024=DIRECTION('',(0.,0.,1.));
#3025=DIRECTION('center_axis',(0.,0.,1.));
#3026=DIRECTION('ref_axis',(-1.,0.,0.));
#3027=DIRECTION('center_axis',(0.,0.,1.));
#3028=DIRECTION('ref_axis',(-1.,0.,0.));
#3029=DIRECTION('center_axis',(0.,0.,1.));
#3030=DIRECTION('ref_axis',(-1.,0.,0.));
#3031=DIRECTION('',(0.,0.,1.));
#3032=DIRECTION('center_axis',(0.,0.,1.));
#3033=DIRECTION('ref_axis',(-1.,0.,0.));
#3034=DIRECTION('center_axis',(0.,0.,1.));
#3035=DIRECTION('ref_axis',(-1.,0.,0.));
#3036=DIRECTION('center_axis',(0.,0.,1.));
#3037=DIRECTION('ref_axis',(-1.,0.,0.));
#3038=DIRECTION('',(0.,0.,1.));
#3039=DIRECTION('center_axis',(0.,0.,1.));
#3040=DIRECTION('ref_axis',(-1.,0.,0.));
#3041=DIRECTION('center_axis',(0.,0.,1.));
#3042=DIRECTION('ref_axis',(-1.,0.,0.));
#3043=DIRECTION('center_axis',(0.,0.,1.));
#3044=DIRECTION('ref_axis',(-1.,0.,0.));
#3045=DIRECTION('',(0.,0.,1.));
#3046=DIRECTION('center_axis',(0.,0.,1.));
#3047=DIRECTION('ref_axis',(-1.,0.,0.));
#3048=DIRECTION('center_axis',(0.,0.,1.));
#3049=DIRECTION('ref_axis',(-1.,0.,0.));
#3050=DIRECTION('center_axis',(0.,0.,1.));
#3051=DIRECTION('ref_axis',(-1.,0.,0.));
#3052=DIRECTION('',(0.,0.,1.));
#3053=DIRECTION('center_axis',(0.,0.,1.));
#3054=DIRECTION('ref_axis',(-1.,0.,0.));
#3055=DIRECTION('center_axis',(0.,0.,1.));
#3056=DIRECTION('ref_axis',(-1.,0.,0.));
#3057=DIRECTION('center_axis',(0.,0.,1.));
#3058=DIRECTION('ref_axis',(-1.,0.,0.));
#3059=DIRECTION('',(0.,0.,1.));
#3060=DIRECTION('center_axis',(0.,0.,1.));
#3061=DIRECTION('ref_axis',(-1.,0.,0.));
#3062=DIRECTION('center_axis',(0.,0.,1.));
#3063=DIRECTION('ref_axis',(-1.,0.,0.));
#3064=DIRECTION('center_axis',(0.,0.,1.));
#3065=DIRECTION('ref_axis',(-1.,0.,0.));
#3066=DIRECTION('',(0.,0.,1.));
#3067=DIRECTION('center_axis',(0.,0.,1.));
#3068=DIRECTION('ref_axis',(-1.,0.,0.));
#3069=DIRECTION('center_axis',(0.,0.,1.));
#3070=DIRECTION('ref_axis',(-1.,0.,0.));
#3071=DIRECTION('center_axis',(0.,0.,1.));
#3072=DIRECTION('ref_axis',(-1.,0.,0.));
#3073=DIRECTION('',(0.,0.,1.));
#3074=DIRECTION('center_axis',(0.,0.,1.));
#3075=DIRECTION('ref_axis',(-1.,0.,0.));
#3076=DIRECTION('center_axis',(0.,0.,1.));
#3077=DIRECTION('ref_axis',(-1.,0.,0.));
#3078=DIRECTION('center_axis',(0.,0.,1.));
#3079=DIRECTION('ref_axis',(-1.,0.,0.));
#3080=DIRECTION('',(0.,0.,1.));
#3081=DIRECTION('center_axis',(0.,0.,1.));
#3082=DIRECTION('ref_axis',(-1.,0.,0.));
#3083=DIRECTION('center_axis',(0.,0.,1.));
#3084=DIRECTION('ref_axis',(-1.,0.,0.));
#3085=DIRECTION('center_axis',(0.,-1.,0.));
#3086=DIRECTION('ref_axis',(-1.,0.,0.));
#3087=DIRECTION('center_axis',(0.,1.,0.));
#3088=DIRECTION('ref_axis',(1.,0.,0.));
#3089=DIRECTION('center_axis',(0.,1.,0.));
#3090=DIRECTION('ref_axis',(0.,0.,1.));
#3091=DIRECTION('',(0.,0.,1.));
#3092=DIRECTION('',(-1.,0.,0.));
#3093=DIRECTION('',(0.,0.,-1.));
#3094=DIRECTION('',(-1.,0.,0.));
#3095=DIRECTION('',(0.,0.,1.));
#3096=DIRECTION('',(1.,0.,0.));
#3097=DIRECTION('',(0.,0.,-1.));
#3098=DIRECTION('center_axis',(-1.,0.,0.));
#3099=DIRECTION('ref_axis',(0.,0.,1.));
#3100=DIRECTION('',(0.,1.,0.));
#3101=DIRECTION('',(0.,0.,1.));
#3102=DIRECTION('',(0.,1.,0.));
#3103=DIRECTION('center_axis',(0.,0.,-1.));
#3104=DIRECTION('ref_axis',(-1.,0.,0.));
#3105=DIRECTION('',(0.,1.,0.));
#3106=DIRECTION('',(-1.,0.,0.));
#3107=DIRECTION('center_axis',(1.,0.,0.));
#3108=DIRECTION('ref_axis',(0.,0.,-1.));
#3109=DIRECTION('',(0.,-1.,0.));
#3110=DIRECTION('',(0.,0.,1.));
#3111=DIRECTION('',(-5.55111512312578E-17,1.,0.));
#3112=DIRECTION('',(0.,0.,-1.));
#3113=DIRECTION('',(5.55111512312578E-17,-1.,0.));
#3114=DIRECTION('',(0.,0.,1.));
#3115=DIRECTION('center_axis',(0.,-1.,0.));
#3116=DIRECTION('ref_axis',(0.,0.,-1.));
#3117=DIRECTION('',(1.,0.,0.));
#3118=DIRECTION('',(0.,0.,-1.));
#3119=DIRECTION('',(1.,0.,0.));
#3120=DIRECTION('',(0.,0.,1.));
#3121=DIRECTION('',(-1.,0.,0.));
#3122=DIRECTION('',(0.,0.,-1.));
#3123=DIRECTION('center_axis',(1.,0.,0.));
#3124=DIRECTION('ref_axis',(0.,0.,-1.));
#3125=DIRECTION('',(0.,1.,0.));
#3126=DIRECTION('',(0.,0.,1.));
#3127=DIRECTION('',(0.,1.,0.));
#3128=DIRECTION('center_axis',(0.,0.,-1.));
#3129=DIRECTION('ref_axis',(-1.,0.,0.));
#3130=DIRECTION('',(0.,1.,0.));
#3131=DIRECTION('',(1.,0.,0.));
#3132=DIRECTION('center_axis',(-1.,1.48029736616688E-16,0.));
#3133=DIRECTION('ref_axis',(0.,0.,1.));
#3134=DIRECTION('',(0.,1.,0.));
#3135=DIRECTION('',(-1.66533453693773E-16,-1.,0.));
#3136=DIRECTION('',(0.,0.,-1.));
#3137=DIRECTION('',(1.66533453693773E-16,1.,0.));
#3138=DIRECTION('',(0.,0.,1.));
#3139=DIRECTION('center_axis',(0.,0.,-1.));
#3140=DIRECTION('ref_axis',(-1.,0.,0.));
#3141=DIRECTION('',(1.,0.,0.));
#3142=DIRECTION('',(0.,1.,0.));
#3143=DIRECTION('',(-1.,0.,0.));
#3144=DIRECTION('',(0.,-1.,0.));
#3145=DIRECTION('center_axis',(0.,0.,1.));
#3146=DIRECTION('ref_axis',(1.,0.,0.));
#3147=DIRECTION('',(1.,0.,0.));
#3148=DIRECTION('',(0.,-1.,0.));
#3149=DIRECTION('center_axis',(0.,0.,1.));
#3150=DIRECTION('ref_axis',(1.,0.,0.));
#3151=DIRECTION('',(-1.,0.,0.));
#3152=DIRECTION('',(0.,1.,0.));
#3153=DIRECTION('center_axis',(0.,-1.,0.));
#3154=DIRECTION('ref_axis',(0.,0.,1.));
#3155=DIRECTION('',(0.,0.,1.));
#3156=DIRECTION('',(-1.,0.,0.));
#3157=DIRECTION('',(-1.,0.,0.));
#3158=DIRECTION('center_axis',(0.,0.,1.));
#3159=DIRECTION('ref_axis',(0.,1.,0.));
#3160=DIRECTION('',(0.,1.,0.));
#3161=DIRECTION('',(1.,0.,0.));
#3162=DIRECTION('center_axis',(0.,1.,0.));
#3163=DIRECTION('ref_axis',(0.,0.,-1.));
#3164=DIRECTION('',(0.,0.,1.));
#3165=DIRECTION('',(-1.,0.,0.));
#3166=DIRECTION('',(-1.,1.48029736616688E-16,0.));
#3167=DIRECTION('center_axis',(0.,0.,1.));
#3168=DIRECTION('ref_axis',(0.,1.,0.));
#3169=DIRECTION('',(0.,-1.,0.));
#3170=DIRECTION('',(-1.,1.48029736616688E-16,0.));
#3171=DIRECTION('center_axis',(0.,0.,1.));
#3172=DIRECTION('ref_axis',(1.,0.,0.));
#3173=DIRECTION('center_axis',(0.,0.,1.));
#3174=DIRECTION('ref_axis',(1.,0.,0.));
#3175=DIRECTION('',(0.,0.,1.));
#3176=DIRECTION('center_axis',(0.,0.,-1.));
#3177=DIRECTION('ref_axis',(1.,0.,0.));
#3178=DIRECTION('center_axis',(0.,0.,-1.));
#3179=DIRECTION('ref_axis',(1.,0.,0.));
#3180=DIRECTION('center_axis',(0.,0.,-1.));
#3181=DIRECTION('ref_axis',(1.,0.,0.));
#3182=DIRECTION('center_axis',(0.,0.,-1.));
#3183=DIRECTION('ref_axis',(1.,0.,0.));
#3184=DIRECTION('center_axis',(0.,0.,-1.));
#3185=DIRECTION('ref_axis',(1.,0.,0.));
#3186=DIRECTION('center_axis',(0.,0.,-1.));
#3187=DIRECTION('ref_axis',(1.,0.,0.));
#3188=DIRECTION('center_axis',(0.,0.,-1.));
#3189=DIRECTION('ref_axis',(1.,0.,0.));
#3190=DIRECTION('center_axis',(0.,0.,-1.));
#3191=DIRECTION('ref_axis',(1.,0.,0.));
#3192=DIRECTION('center_axis',(0.,0.,-1.));
#3193=DIRECTION('ref_axis',(1.,0.,0.));
#3194=DIRECTION('center_axis',(0.,-1.,0.));
#3195=DIRECTION('ref_axis',(-1.,0.,0.));
#3196=DIRECTION('',(0.,0.,-1.));
#3197=DIRECTION('',(-1.,0.,0.));
#3198=DIRECTION('',(0.,0.,-1.));
#3199=DIRECTION('center_axis',(-1.,0.,0.));
#3200=DIRECTION('ref_axis',(0.,1.,0.));
#3201=DIRECTION('',(0.,0.,-1.));
#3202=DIRECTION('',(0.,1.,0.));
#3203=DIRECTION('center_axis',(0.,0.,-1.));
#3204=DIRECTION('ref_axis',(-1.,0.,0.));
#3205=DIRECTION('',(0.,-1.,0.));
#3206=DIRECTION('',(1.,0.,0.));
#3207=DIRECTION('center_axis',(0.,1.,0.));
#3208=DIRECTION('ref_axis',(1.,0.,0.));
#3209=DIRECTION('',(0.,0.,-1.));
#3210=DIRECTION('center_axis',(1.,0.,0.));
#3211=DIRECTION('ref_axis',(0.,-1.,0.));
#3212=DIRECTION('center_axis',(-1.,0.,0.));
#3213=DIRECTION('ref_axis',(0.,0.,1.));
#3214=DIRECTION('',(0.,0.,-1.));
#3215=DIRECTION('center_axis',(1.,0.,0.));
#3216=DIRECTION('ref_axis',(0.,0.,-1.));
#3217=DIRECTION('',(0.,0.,-1.));
#3218=DIRECTION('center_axis',(0.,0.,-1.));
#3219=DIRECTION('ref_axis',(0.,-1.,0.));
#3220=DIRECTION('',(0.,-1.,0.));
#3221=DIRECTION('',(-1.,0.,0.));
#3222=DIRECTION('center_axis',(0.,0.,-1.));
#3223=DIRECTION('ref_axis',(0.,-1.,0.));
#3224=DIRECTION('',(0.,1.,0.));
#3225=DIRECTION('',(-1.,1.48029736616688E-16,0.));
#3226=DIRECTION('center_axis',(0.,-1.,0.));
#3227=DIRECTION('ref_axis',(0.,0.,1.));
#3228=DIRECTION('',(0.,0.,-1.));
#3229=DIRECTION('center_axis',(0.,1.,0.));
#3230=DIRECTION('ref_axis',(0.,0.,-1.));
#3231=DIRECTION('',(0.,0.,-1.));
#3232=DIRECTION('center_axis',(0.,0.,-1.));
#3233=DIRECTION('ref_axis',(-1.,0.,0.));
#3234=DIRECTION('',(0.,-1.,0.));
#3235=DIRECTION('',(1.,0.,0.));
#3236=DIRECTION('',(0.,1.,0.));
#3237=DIRECTION('',(-1.,0.,0.));
#3238=DIRECTION('center_axis',(9.10952225333462E-17,1.,0.));
#3239=DIRECTION('ref_axis',(-1.,9.10952225333462E-17,0.));
#3240=DIRECTION('',(-1.,9.10952225333462E-17,0.));
#3241=DIRECTION('center_axis',(0.,-1.,0.));
#3242=DIRECTION('ref_axis',(0.,0.,-1.));
#3243=DIRECTION('',(0.,0.,-1.));
#3244=DIRECTION('',(-1.,0.,0.));
#3245=DIRECTION('',(0.,0.,1.));
#3246=DIRECTION('center_axis',(0.,1.,0.));
#3247=DIRECTION('ref_axis',(0.,0.,1.));
#3248=DIRECTION('',(0.,0.,-1.));
#3249=DIRECTION('',(1.,0.,0.));
#3250=DIRECTION('',(0.,0.,1.));
#3251=DIRECTION('center_axis',(1.,0.,0.));
#3252=DIRECTION('ref_axis',(0.,0.,-1.));
#3253=DIRECTION('',(0.,-1.,0.));
#3254=DIRECTION('center_axis',(-1.,0.,0.));
#3255=DIRECTION('ref_axis',(0.,0.,1.));
#3256=DIRECTION('',(0.,1.,0.));
#3257=DIRECTION('center_axis',(0.,0.,1.));
#3258=DIRECTION('ref_axis',(1.,0.,0.));
#3259=DIRECTION('center_axis',(0.,0.,-1.));
#3260=DIRECTION('ref_axis',(1.,0.,0.));
#3261=DIRECTION('',(0.,0.,-1.));
#3262=DIRECTION('center_axis',(0.997458699830735,0.0712470499879096,0.));
#3263=DIRECTION('ref_axis',(-0.0712470499879096,0.997458699830735,0.));
#3264=DIRECTION('',(0.,0.,1.));
#3265=DIRECTION('',(-0.0712470499879096,0.997458699830735,0.));
#3266=DIRECTION('',(0.,0.,1.));
#3267=DIRECTION('center_axis',(0.,1.,0.));
#3268=DIRECTION('ref_axis',(-1.,0.,0.));
#3269=DIRECTION('',(-1.,0.,0.));
#3270=DIRECTION('',(0.,0.,1.));
#3271=DIRECTION('center_axis',(-0.997458699830735,0.0712470499879096,0.));
#3272=DIRECTION('ref_axis',(-0.0712470499879096,-0.997458699830735,0.));
#3273=DIRECTION('',(-0.0712470499879096,-0.997458699830735,0.));
#3274=DIRECTION('',(0.,0.,1.));
#3275=DIRECTION('center_axis',(-0.997458699830735,-0.0712470499879096,0.));
#3276=DIRECTION('ref_axis',(0.0712470499879096,-0.997458699830735,0.));
#3277=DIRECTION('',(0.0712470499879096,-0.997458699830735,0.));
#3278=DIRECTION('',(0.,0.,1.));
#3279=DIRECTION('center_axis',(0.,-1.,0.));
#3280=DIRECTION('ref_axis',(1.,0.,0.));
#3281=DIRECTION('',(1.,0.,0.));
#3282=DIRECTION('',(0.,0.,1.));
#3283=DIRECTION('center_axis',(0.997458699830735,-0.0712470499879096,0.));
#3284=DIRECTION('ref_axis',(0.0712470499879096,0.997458699830735,0.));
#3285=DIRECTION('',(0.0712470499879096,0.997458699830735,0.));
#3286=DIRECTION('center_axis',(0.,0.,1.));
#3287=DIRECTION('ref_axis',(1.,0.,0.));
#3288=DIRECTION('center_axis',(0.,0.,-1.));
#3289=DIRECTION('ref_axis',(1.,0.,0.));
#3290=DIRECTION('',(0.,0.,-1.));
#3291=DIRECTION('center_axis',(0.,0.,1.));
#3292=DIRECTION('ref_axis',(1.,0.,0.));
#3293=DIRECTION('center_axis',(0.,0.,-1.));
#3294=DIRECTION('ref_axis',(1.,0.,0.));
#3295=DIRECTION('',(0.,0.,-1.));
#3296=DIRECTION('center_axis',(0.,0.,1.));
#3297=DIRECTION('ref_axis',(1.,0.,0.));
#3298=DIRECTION('center_axis',(0.,0.,-1.));
#3299=DIRECTION('ref_axis',(1.,0.,0.));
#3300=DIRECTION('',(0.,0.,-1.));
#3301=DIRECTION('center_axis',(-0.997458699830735,-0.0712470499879096,0.));
#3302=DIRECTION('ref_axis',(0.0712470499879096,-0.997458699830735,0.));
#3303=DIRECTION('',(0.,0.,1.));
#3304=DIRECTION('',(0.0712470499879096,-0.997458699830735,0.));
#3305=DIRECTION('',(0.,0.,1.));
#3306=DIRECTION('center_axis',(0.,-1.,0.));
#3307=DIRECTION('ref_axis',(1.,0.,0.));
#3308=DIRECTION('',(1.,0.,0.));
#3309=DIRECTION('',(0.,0.,1.));
#3310=DIRECTION('center_axis',(0.997458699830735,-0.0712470499879096,0.));
#3311=DIRECTION('ref_axis',(0.0712470499879096,0.997458699830735,0.));
#3312=DIRECTION('',(0.0712470499879096,0.997458699830735,0.));
#3313=DIRECTION('',(0.,0.,1.));
#3314=DIRECTION('center_axis',(0.997458699830735,0.0712470499879096,0.));
#3315=DIRECTION('ref_axis',(-0.0712470499879096,0.997458699830735,0.));
#3316=DIRECTION('',(-0.0712470499879096,0.997458699830735,0.));
#3317=DIRECTION('',(0.,0.,1.));
#3318=DIRECTION('center_axis',(0.,1.,0.));
#3319=DIRECTION('ref_axis',(-1.,0.,0.));
#3320=DIRECTION('',(-1.,0.,0.));
#3321=DIRECTION('',(0.,0.,1.));
#3322=DIRECTION('center_axis',(-0.997458699830735,0.0712470499879096,0.));
#3323=DIRECTION('ref_axis',(-0.0712470499879096,-0.997458699830735,0.));
#3324=DIRECTION('',(-0.0712470499879096,-0.997458699830735,0.));
#3325=DIRECTION('center_axis',(0.,0.,1.));
#3326=DIRECTION('ref_axis',(1.,0.,0.));
#3327=DIRECTION('center_axis',(0.,0.,-1.));
#3328=DIRECTION('ref_axis',(1.,0.,0.));
#3329=DIRECTION('',(0.,0.,-1.));
#3330=DIRECTION('center_axis',(0.,0.,1.));
#3331=DIRECTION('ref_axis',(1.,0.,0.));
#3332=DIRECTION('center_axis',(0.,0.,-1.));
#3333=DIRECTION('ref_axis',(1.,0.,0.));
#3334=DIRECTION('',(0.,0.,-1.));
#3335=DIRECTION('center_axis',(0.,0.,1.));
#3336=DIRECTION('ref_axis',(1.,0.,0.));
#3337=DIRECTION('center_axis',(0.,0.,-1.));
#3338=DIRECTION('ref_axis',(1.,0.,0.));
#3339=DIRECTION('',(0.,0.,-1.));
#3340=DIRECTION('center_axis',(0.,0.,1.));
#3341=DIRECTION('ref_axis',(1.,0.,0.));
#3342=DIRECTION('center_axis',(0.,0.,-1.));
#3343=DIRECTION('ref_axis',(1.,0.,0.));
#3344=DIRECTION('',(0.,0.,-1.));
#3345=DIRECTION('center_axis',(0.,0.,1.));
#3346=DIRECTION('ref_axis',(1.,0.,0.));
#3347=DIRECTION('center_axis',(0.,0.,-1.));
#3348=DIRECTION('ref_axis',(1.,0.,0.));
#3349=DIRECTION('',(0.,0.,-1.));
#3350=DIRECTION('center_axis',(0.,0.,1.));
#3351=DIRECTION('ref_axis',(1.,0.,0.));
#3352=DIRECTION('center_axis',(0.,0.,-1.));
#3353=DIRECTION('ref_axis',(1.,0.,0.));
#3354=DIRECTION('',(0.,0.,-1.));
#3355=DIRECTION('center_axis',(0.,0.,1.));
#3356=DIRECTION('ref_axis',(1.,0.,0.));
#3357=DIRECTION('center_axis',(0.,0.,-1.));
#3358=DIRECTION('ref_axis',(1.,0.,0.));
#3359=DIRECTION('',(0.,0.,-1.));
#3360=DIRECTION('center_axis',(0.,0.,1.));
#3361=DIRECTION('ref_axis',(1.,0.,0.));
#3362=DIRECTION('center_axis',(0.,0.,-1.));
#3363=DIRECTION('ref_axis',(1.,0.,0.));
#3364=DIRECTION('',(0.,0.,-1.));
#3365=DIRECTION('center_axis',(0.,0.,1.));
#3366=DIRECTION('ref_axis',(1.,0.,0.));
#3367=DIRECTION('center_axis',(0.,0.,-1.));
#3368=DIRECTION('ref_axis',(1.,0.,0.));
#3369=DIRECTION('',(0.,0.,-1.));
#3370=DIRECTION('center_axis',(0.,0.,1.));
#3371=DIRECTION('ref_axis',(1.,0.,0.));
#3372=DIRECTION('center_axis',(0.,0.,-1.));
#3373=DIRECTION('ref_axis',(1.,0.,0.));
#3374=DIRECTION('',(0.,0.,-1.));
#3375=DIRECTION('center_axis',(0.997458699830735,-0.0712470499879096,0.));
#3376=DIRECTION('ref_axis',(0.0712470499879096,0.997458699830735,0.));
#3377=DIRECTION('',(0.,0.,1.));
#3378=DIRECTION('',(0.0712470499879096,0.997458699830735,0.));
#3379=DIRECTION('',(0.,0.,1.));
#3380=DIRECTION('center_axis',(0.997458699830735,0.0712470499879096,0.));
#3381=DIRECTION('ref_axis',(-0.0712470499879096,0.997458699830735,0.));
#3382=DIRECTION('',(-0.0712470499879096,0.997458699830735,0.));
#3383=DIRECTION('',(0.,0.,1.));
#3384=DIRECTION('center_axis',(0.,1.,0.));
#3385=DIRECTION('ref_axis',(-1.,0.,0.));
#3386=DIRECTION('',(-1.,0.,0.));
#3387=DIRECTION('',(0.,0.,1.));
#3388=DIRECTION('center_axis',(-0.997458699830735,0.0712470499879096,0.));
#3389=DIRECTION('ref_axis',(-0.0712470499879096,-0.997458699830735,0.));
#3390=DIRECTION('',(-0.0712470499879096,-0.997458699830735,0.));
#3391=DIRECTION('',(0.,0.,1.));
#3392=DIRECTION('center_axis',(-0.997458699830735,-0.0712470499879096,0.));
#3393=DIRECTION('ref_axis',(0.0712470499879096,-0.997458699830735,0.));
#3394=DIRECTION('',(0.0712470499879096,-0.997458699830735,0.));
#3395=DIRECTION('',(0.,0.,1.));
#3396=DIRECTION('center_axis',(0.,-1.,0.));
#3397=DIRECTION('ref_axis',(1.,0.,0.));
#3398=DIRECTION('',(1.,0.,0.));
#3399=DIRECTION('center_axis',(0.,0.,1.));
#3400=DIRECTION('ref_axis',(1.,0.,0.));
#3401=DIRECTION('center_axis',(0.,0.,-1.));
#3402=DIRECTION('ref_axis',(1.,0.,0.));
#3403=DIRECTION('',(0.,0.,-1.));
#3404=DIRECTION('center_axis',(0.,0.,1.));
#3405=DIRECTION('ref_axis',(1.,0.,0.));
#3406=DIRECTION('center_axis',(0.,0.,-1.));
#3407=DIRECTION('ref_axis',(1.,0.,0.));
#3408=DIRECTION('',(0.,0.,-1.));
#3409=DIRECTION('center_axis',(-0.997458699830735,0.0712470499879096,0.));
#3410=DIRECTION('ref_axis',(-0.0712470499879096,-0.997458699830735,0.));
#3411=DIRECTION('',(0.,0.,1.));
#3412=DIRECTION('',(-0.0712470499879096,-0.997458699830735,0.));
#3413=DIRECTION('',(0.,0.,1.));
#3414=DIRECTION('center_axis',(-0.997458699830735,-0.0712470499879096,0.));
#3415=DIRECTION('ref_axis',(0.0712470499879096,-0.997458699830735,0.));
#3416=DIRECTION('',(0.0712470499879096,-0.997458699830735,0.));
#3417=DIRECTION('',(0.,0.,1.));
#3418=DIRECTION('center_axis',(-2.22044604925031E-16,-1.,0.));
#3419=DIRECTION('ref_axis',(1.,-2.22044604925031E-16,0.));
#3420=DIRECTION('',(1.,-2.22044604925031E-16,0.));
#3421=DIRECTION('',(0.,0.,1.));
#3422=DIRECTION('center_axis',(0.997458699830735,-0.0712470499879096,0.));
#3423=DIRECTION('ref_axis',(0.0712470499879096,0.997458699830735,0.));
#3424=DIRECTION('',(0.0712470499879096,0.997458699830735,0.));
#3425=DIRECTION('',(0.,0.,1.));
#3426=DIRECTION('center_axis',(0.997458699830735,0.0712470499879096,0.));
#3427=DIRECTION('ref_axis',(-0.0712470499879096,0.997458699830735,0.));
#3428=DIRECTION('',(-0.0712470499879096,0.997458699830735,0.));
#3429=DIRECTION('',(0.,0.,1.));
#3430=DIRECTION('center_axis',(0.,1.,0.));
#3431=DIRECTION('ref_axis',(-1.,0.,0.));
#3432=DIRECTION('',(-1.,0.,0.));
#3433=DIRECTION('center_axis',(-9.10952225333462E-17,-1.,0.));
#3434=DIRECTION('ref_axis',(1.,-9.10952225333462E-17,0.));
#3435=DIRECTION('',(1.,-9.10952225333462E-17,0.));
#3436=DIRECTION('center_axis',(0.,0.,1.));
#3437=DIRECTION('ref_axis',(1.,0.,0.));
#3438=CARTESIAN_POINT('',(0.,0.,0.));
#3439=CARTESIAN_POINT('Origin',(65.,-40.,-59.));
#3440=CARTESIAN_POINT('',(63.5,-40.,-51.));
#3441=CARTESIAN_POINT('Origin',(65.,-40.,-51.));
#3442=CARTESIAN_POINT('',(63.5,-40.,-59.));
#3443=CARTESIAN_POINT('',(63.5,-40.,-59.));
#3444=CARTESIAN_POINT('Origin',(65.,-40.,-59.));
#3445=CARTESIAN_POINT('Origin',(-65.,40.,-59.));
#3446=CARTESIAN_POINT('',(-66.5,40.,-51.));
#3447=CARTESIAN_POINT('Origin',(-65.,40.,-51.));
#3448=CARTESIAN_POINT('',(-66.5,40.,-59.));
#3449=CARTESIAN_POINT('',(-66.5,40.,-59.));
#3450=CARTESIAN_POINT('Origin',(-65.,40.,-59.));
#3451=CARTESIAN_POINT('Origin',(35.,75.,-59.));
#3452=CARTESIAN_POINT('',(33.5,75.,-51.));
#3453=CARTESIAN_POINT('Origin',(35.,75.,-51.));
#3454=CARTESIAN_POINT('',(33.5,75.,-59.));
#3455=CARTESIAN_POINT('',(33.5,75.,-59.));
#3456=CARTESIAN_POINT('Origin',(35.,75.,-59.));
#3457=CARTESIAN_POINT('Origin',(-65.,-40.,-59.));
#3458=CARTESIAN_POINT('',(-66.5,-40.,-51.));
#3459=CARTESIAN_POINT('Origin',(-65.,-40.,-51.));
#3460=CARTESIAN_POINT('',(-66.5,-40.,-59.));
#3461=CARTESIAN_POINT('',(-66.5,-40.,-59.));
#3462=CARTESIAN_POINT('Origin',(-65.,-40.,-59.));
#3463=CARTESIAN_POINT('Origin',(35.,-75.,-59.));
#3464=CARTESIAN_POINT('',(33.5,-75.,-51.));
#3465=CARTESIAN_POINT('Origin',(35.,-75.,-51.));
#3466=CARTESIAN_POINT('',(33.5,-75.,-59.));
#3467=CARTESIAN_POINT('',(33.5,-75.,-59.));
#3468=CARTESIAN_POINT('Origin',(35.,-75.,-59.));
#3469=CARTESIAN_POINT('Origin',(-35.,75.,-59.));
#3470=CARTESIAN_POINT('',(-36.5,75.,-51.));
#3471=CARTESIAN_POINT('Origin',(-35.,75.,-51.));
#3472=CARTESIAN_POINT('',(-36.5,75.,-59.));
#3473=CARTESIAN_POINT('',(-36.5,75.,-59.));
#3474=CARTESIAN_POINT('Origin',(-35.,75.,-59.));
#3475=CARTESIAN_POINT('Origin',(65.,40.,-59.));
#3476=CARTESIAN_POINT('',(63.5,40.,-51.));
#3477=CARTESIAN_POINT('Origin',(65.,40.,-51.));
#3478=CARTESIAN_POINT('',(63.5,40.,-59.));
#3479=CARTESIAN_POINT('',(63.5,40.,-59.));
#3480=CARTESIAN_POINT('Origin',(65.,40.,-59.));
#3481=CARTESIAN_POINT('Origin',(-35.,-75.,-59.));
#3482=CARTESIAN_POINT('',(-36.5,-75.,-51.));
#3483=CARTESIAN_POINT('Origin',(-35.,-75.,-51.));
#3484=CARTESIAN_POINT('',(-36.5,-75.,-59.));
#3485=CARTESIAN_POINT('',(-36.5,-75.,-59.));
#3486=CARTESIAN_POINT('Origin',(-35.,-75.,-59.));
#3487=CARTESIAN_POINT('Origin',(190.,-195.,-55.));
#3488=CARTESIAN_POINT('',(191.515,-195.,-59.));
#3489=CARTESIAN_POINT('Origin',(190.,-195.,-59.));
#3490=CARTESIAN_POINT('',(191.515,-195.,-51.));
#3491=CARTESIAN_POINT('',(191.515,-195.,-55.));
#3492=CARTESIAN_POINT('Origin',(190.,-195.,-51.));
#3493=CARTESIAN_POINT('Origin',(190.,-195.,-51.));
#3494=CARTESIAN_POINT('Origin',(-190.,-195.,-55.));
#3495=CARTESIAN_POINT('',(-188.485,-195.,-59.));
#3496=CARTESIAN_POINT('Origin',(-190.,-195.,-59.));
#3497=CARTESIAN_POINT('',(-188.485,-195.,-51.));
#3498=CARTESIAN_POINT('',(-188.485,-195.,-55.));
#3499=CARTESIAN_POINT('Origin',(-190.,-195.,-51.));
#3500=CARTESIAN_POINT('Origin',(-190.,-195.,-51.));
#3501=CARTESIAN_POINT('Origin',(-190.,195.,-55.));
#3502=CARTESIAN_POINT('',(-188.485,195.,-59.));
#3503=CARTESIAN_POINT('Origin',(-190.,195.,-59.));
#3504=CARTESIAN_POINT('',(-188.485,195.,-51.));
#3505=CARTESIAN_POINT('',(-188.485,195.,-55.));
#3506=CARTESIAN_POINT('Origin',(-190.,195.,-51.));
#3507=CARTESIAN_POINT('Origin',(-190.,195.,-51.));
#3508=CARTESIAN_POINT('Origin',(190.,195.,-55.));
#3509=CARTESIAN_POINT('',(191.515,195.,-59.));
#3510=CARTESIAN_POINT('Origin',(190.,195.,-59.));
#3511=CARTESIAN_POINT('',(191.515,195.,-51.));
#3512=CARTESIAN_POINT('',(191.515,195.,-55.));
#3513=CARTESIAN_POINT('Origin',(190.,195.,-51.));
#3514=CARTESIAN_POINT('Origin',(190.,195.,-51.));
#3515=CARTESIAN_POINT('Origin',(-170.,175.,5.));
#3516=CARTESIAN_POINT('',(-190.,175.,0.));
#3517=CARTESIAN_POINT('',(-170.,195.,0.));
#3518=CARTESIAN_POINT('Origin',(-170.,175.,0.));
#3519=CARTESIAN_POINT('',(-190.,175.,-59.));
#3520=CARTESIAN_POINT('',(-190.,175.,5.));
#3521=CARTESIAN_POINT('',(-170.,195.,-59.));
#3522=CARTESIAN_POINT('Origin',(-170.,175.,-59.));
#3523=CARTESIAN_POINT('',(-170.,195.,5.));
#3524=CARTESIAN_POINT('Origin',(-190.,195.,5.));
#3525=CARTESIAN_POINT('',(-190.,-175.,0.));
#3526=CARTESIAN_POINT('',(-190.,-97.5,0.));
#3527=CARTESIAN_POINT('',(-190.,-175.,-59.));
#3528=CARTESIAN_POINT('',(-190.,-175.,5.));
#3529=CARTESIAN_POINT('',(-190.,97.5,-59.));
#3530=CARTESIAN_POINT('Origin',(170.,175.,5.));
#3531=CARTESIAN_POINT('',(170.,195.,0.));
#3532=CARTESIAN_POINT('',(190.,175.,0.));
#3533=CARTESIAN_POINT('Origin',(170.,175.,0.));
#3534=CARTESIAN_POINT('',(170.,195.,-59.));
#3535=CARTESIAN_POINT('',(170.,195.,5.));
#3536=CARTESIAN_POINT('',(190.,175.,-59.));
#3537=CARTESIAN_POINT('Origin',(170.,175.,-59.));
#3538=CARTESIAN_POINT('',(190.,175.,5.));
#3539=CARTESIAN_POINT('Origin',(3.5527136788005E-14,0.,0.));
#3540=CARTESIAN_POINT('',(-95.,195.,0.));
#3541=CARTESIAN_POINT('',(190.,-175.,0.));
#3542=CARTESIAN_POINT('',(190.,97.5,0.));
#3543=CARTESIAN_POINT('',(170.,-195.,0.));
#3544=CARTESIAN_POINT('Origin',(170.,-175.,0.));
#3545=CARTESIAN_POINT('',(-170.,-195.,0.));
#3546=CARTESIAN_POINT('',(95.,-195.,0.));
#3547=CARTESIAN_POINT('Origin',(-170.,-175.,0.));
#3548=CARTESIAN_POINT('',(-124.42769454885,-73.2715,0.));
#3549=CARTESIAN_POINT('Origin',(-122.91269454885,-73.2715,0.));
#3550=CARTESIAN_POINT('',(-185.,100.,0.));
#3551=CARTESIAN_POINT('',(-180.,170.,0.));
#3552=CARTESIAN_POINT('',(-180.,170.,0.));
#3553=CARTESIAN_POINT('',(-180.,30.,0.));
#3554=CARTESIAN_POINT('',(-185.,100.,0.));
#3555=CARTESIAN_POINT('',(-140.,30.,0.));
#3556=CARTESIAN_POINT('',(-140.,30.,0.));
#3557=CARTESIAN_POINT('',(-135.,100.,0.));
#3558=CARTESIAN_POINT('',(-135.,100.,0.));
#3559=CARTESIAN_POINT('',(-140.,170.,0.));
#3560=CARTESIAN_POINT('',(-140.,170.,0.));
#3561=CARTESIAN_POINT('',(-180.,170.,0.));
#3562=CARTESIAN_POINT('',(121.39769454885,-126.7285,0.));
#3563=CARTESIAN_POINT('Origin',(122.91269454885,-126.7285,0.));
#3564=CARTESIAN_POINT('',(-99.4276945488495,126.7285,0.));
#3565=CARTESIAN_POINT('Origin',(-97.9126945488495,126.7285,0.));
#3566=CARTESIAN_POINT('',(96.3976945488496,73.2715,0.));
#3567=CARTESIAN_POINT('Origin',(97.9126945488496,73.2715,0.));
#3568=CARTESIAN_POINT('',(-135.,-100.,0.));
#3569=CARTESIAN_POINT('',(-140.,-170.,0.));
#3570=CARTESIAN_POINT('',(-140.,-170.,0.));
#3571=CARTESIAN_POINT('',(-140.,-30.,0.));
#3572=CARTESIAN_POINT('',(-135.,-100.,0.));
#3573=CARTESIAN_POINT('',(-180.,-30.,0.));
#3574=CARTESIAN_POINT('',(-140.,-30.,0.));
#3575=CARTESIAN_POINT('',(-185.,-100.,0.));
#3576=CARTESIAN_POINT('',(-185.,-100.,0.));
#3577=CARTESIAN_POINT('',(-180.,-170.,0.));
#3578=CARTESIAN_POINT('',(-180.,-170.,0.));
#3579=CARTESIAN_POINT('',(-180.,-170.,0.));
#3580=CARTESIAN_POINT('',(-99.4276945488495,-126.7285,0.));
#3581=CARTESIAN_POINT('Origin',(-97.9126945488495,-126.7285,0.));
#3582=CARTESIAN_POINT('',(-124.42769454885,73.2715,0.));
#3583=CARTESIAN_POINT('Origin',(-122.91269454885,73.2715,0.));
#3584=CARTESIAN_POINT('',(121.39769454885,-73.2715,0.));
#3585=CARTESIAN_POINT('Origin',(122.91269454885,-73.2715,0.));
#3586=CARTESIAN_POINT('',(121.39769454885,73.2715,0.));
#3587=CARTESIAN_POINT('Origin',(122.91269454885,73.2715,0.));
#3588=CARTESIAN_POINT('',(-99.4276945488495,-73.2715,0.));
#3589=CARTESIAN_POINT('Origin',(-97.9126945488495,-73.2715,0.));
#3590=CARTESIAN_POINT('',(96.3976945488496,-73.2715,0.));
#3591=CARTESIAN_POINT('Origin',(97.9126945488496,-73.2715,0.));
#3592=CARTESIAN_POINT('',(96.3976945488495,-126.7285,0.));
#3593=CARTESIAN_POINT('Origin',(97.9126945488495,-126.7285,0.));
#3594=CARTESIAN_POINT('',(-99.4276945488495,73.2715,0.));
#3595=CARTESIAN_POINT('Origin',(-97.9126945488495,73.2715,0.));
#3596=CARTESIAN_POINT('',(96.3976945488496,126.7285,0.));
#3597=CARTESIAN_POINT('Origin',(97.9126945488496,126.7285,0.));
#3598=CARTESIAN_POINT('',(121.39769454885,126.7285,0.));
#3599=CARTESIAN_POINT('Origin',(122.91269454885,126.7285,0.));
#3600=CARTESIAN_POINT('',(140.,170.,0.));
#3601=CARTESIAN_POINT('',(180.,170.,0.));
#3602=CARTESIAN_POINT('',(180.,170.,0.));
#3603=CARTESIAN_POINT('',(135.,100.,0.));
#3604=CARTESIAN_POINT('',(140.,170.,0.));
#3605=CARTESIAN_POINT('',(140.,30.,0.));
#3606=CARTESIAN_POINT('',(135.,100.,0.));
#3607=CARTESIAN_POINT('',(180.,30.,0.));
#3608=CARTESIAN_POINT('',(140.,30.,0.));
#3609=CARTESIAN_POINT('',(185.,100.,0.));
#3610=CARTESIAN_POINT('',(185.,100.,0.));
#3611=CARTESIAN_POINT('',(180.,170.,0.));
#3612=CARTESIAN_POINT('',(-124.427694548849,-126.7285,0.));
#3613=CARTESIAN_POINT('Origin',(-122.912694548849,-126.7285,0.));
#3614=CARTESIAN_POINT('',(-124.42769454885,126.7285,0.));
#3615=CARTESIAN_POINT('Origin',(-122.91269454885,126.7285,0.));
#3616=CARTESIAN_POINT('',(180.,-170.,0.));
#3617=CARTESIAN_POINT('',(140.,-170.,0.));
#3618=CARTESIAN_POINT('',(180.,-170.,0.));
#3619=CARTESIAN_POINT('',(185.,-100.,0.));
#3620=CARTESIAN_POINT('',(180.,-170.,0.));
#3621=CARTESIAN_POINT('',(180.,-30.,0.));
#3622=CARTESIAN_POINT('',(185.,-100.,0.));
#3623=CARTESIAN_POINT('',(140.,-30.,0.));
#3624=CARTESIAN_POINT('',(140.,-30.,0.));
#3625=CARTESIAN_POINT('',(135.,-100.,0.));
#3626=CARTESIAN_POINT('',(135.,-100.,0.));
#3627=CARTESIAN_POINT('',(140.,-170.,0.));
#3628=CARTESIAN_POINT('',(-85.,90.,0.));
#3629=CARTESIAN_POINT('',(-85.,-90.,0.));
#3630=CARTESIAN_POINT('',(-85.,-40.,0.));
#3631=CARTESIAN_POINT('',(85.,-90.,0.));
#3632=CARTESIAN_POINT('',(35.,-90.,0.));
#3633=CARTESIAN_POINT('',(85.,90.,0.));
#3634=CARTESIAN_POINT('',(85.,-40.,0.));
#3635=CARTESIAN_POINT('',(35.,90.,0.));
#3636=CARTESIAN_POINT('Origin',(190.,-195.,5.));
#3637=CARTESIAN_POINT('',(190.,-175.,-59.));
#3638=CARTESIAN_POINT('',(190.,-97.5,-59.));
#3639=CARTESIAN_POINT('',(190.,-175.,5.));
#3640=CARTESIAN_POINT('Origin',(170.,-175.,5.));
#3641=CARTESIAN_POINT('',(170.,-195.,-59.));
#3642=CARTESIAN_POINT('Origin',(170.,-175.,-59.));
#3643=CARTESIAN_POINT('',(170.,-195.,5.));
#3644=CARTESIAN_POINT('Origin',(-170.,-175.,5.));
#3645=CARTESIAN_POINT('',(-170.,-195.,-59.));
#3646=CARTESIAN_POINT('',(-170.,-195.,5.));
#3647=CARTESIAN_POINT('Origin',(-170.,-175.,-59.));
#3648=CARTESIAN_POINT('Origin',(-185.,-190.,0.));
#3649=CARTESIAN_POINT('',(-185.,-200.,10.));
#3650=CARTESIAN_POINT('',(-195.,-190.,10.));
#3651=CARTESIAN_POINT('Origin',(-185.,-190.,10.));
#3652=CARTESIAN_POINT('',(-195.,-190.,-59.));
#3653=CARTESIAN_POINT('',(-195.,-190.,0.));
#3654=CARTESIAN_POINT('',(-185.,-200.,-59.));
#3655=CARTESIAN_POINT('Origin',(-185.,-190.,-59.));
#3656=CARTESIAN_POINT('',(-185.,-200.,0.));
#3657=CARTESIAN_POINT('Origin',(3.5527136788005E-14,1.77635683940025E-14,
-59.));
#3658=CARTESIAN_POINT('',(-195.,190.,-59.));
#3659=CARTESIAN_POINT('',(-195.,-100.,-59.));
#3660=CARTESIAN_POINT('',(-185.,200.,-59.));
#3661=CARTESIAN_POINT('Origin',(-185.,190.,-59.));
#3662=CARTESIAN_POINT('',(185.,200.,-59.));
#3663=CARTESIAN_POINT('',(-97.4999999999999,200.,-59.));
#3664=CARTESIAN_POINT('',(195.,190.,-59.));
#3665=CARTESIAN_POINT('Origin',(185.,190.,-59.));
#3666=CARTESIAN_POINT('',(195.,-190.,-59.));
#3667=CARTESIAN_POINT('',(195.,100.,-59.));
#3668=CARTESIAN_POINT('',(185.,-200.,-59.));
#3669=CARTESIAN_POINT('Origin',(185.,-190.,-59.));
#3670=CARTESIAN_POINT('',(97.5,-200.,-59.));
#3671=CARTESIAN_POINT('',(95.,195.,-59.));
#3672=CARTESIAN_POINT('',(-95.,-195.,-59.));
#3673=CARTESIAN_POINT('',(194.015,98.75,-59.));
#3674=CARTESIAN_POINT('Origin',(192.5,98.75,-59.));
#3675=CARTESIAN_POINT('',(194.015,-98.7499999999999,-59.));
#3676=CARTESIAN_POINT('Origin',(192.5,-98.7499999999999,-59.));
#3677=CARTESIAN_POINT('',(1.51500000000007,-197.5,-59.));
#3678=CARTESIAN_POINT('Origin',(7.105427357601E-14,-197.5,-59.));
#3679=CARTESIAN_POINT('',(-190.985,-98.75,-59.));
#3680=CARTESIAN_POINT('Origin',(-192.5,-98.75,-59.));
#3681=CARTESIAN_POINT('',(-190.985,98.7500000000001,-59.));
#3682=CARTESIAN_POINT('Origin',(-192.5,98.7500000000001,-59.));
#3683=CARTESIAN_POINT('',(1.51500000000007,197.5,-59.));
#3684=CARTESIAN_POINT('Origin',(7.105427357601E-14,197.5,-59.));
#3685=CARTESIAN_POINT('',(97.765,197.5,-59.));
#3686=CARTESIAN_POINT('Origin',(96.25,197.5,-59.));
#3687=CARTESIAN_POINT('',(-94.735,197.5,-59.));
#3688=CARTESIAN_POINT('Origin',(-96.25,197.5,-59.));
#3689=CARTESIAN_POINT('',(-190.985,3.57126707780758E-14,-59.));
#3690=CARTESIAN_POINT('Origin',(-192.5,3.5527136788005E-14,-59.));
#3691=CARTESIAN_POINT('',(-94.735,-197.5,-59.));
#3692=CARTESIAN_POINT('Origin',(-96.25,-197.5,-59.));
#3693=CARTESIAN_POINT('',(97.765,-197.5,-59.));
#3694=CARTESIAN_POINT('Origin',(96.25,-197.5,-59.));
#3695=CARTESIAN_POINT('',(194.015,3.57126707780758E-14,-59.));
#3696=CARTESIAN_POINT('Origin',(192.5,3.5527136788005E-14,-59.));
#3697=CARTESIAN_POINT('Origin',(-195.,200.,0.));
#3698=CARTESIAN_POINT('',(-195.,190.,10.));
#3699=CARTESIAN_POINT('',(-195.,200.,10.));
#3700=CARTESIAN_POINT('',(-195.,190.,0.));
#3701=CARTESIAN_POINT('Origin',(-185.,190.,0.));
#3702=CARTESIAN_POINT('',(-185.,200.,10.));
#3703=CARTESIAN_POINT('Origin',(-185.,190.,10.));
#3704=CARTESIAN_POINT('',(-185.,200.,0.));
#3705=CARTESIAN_POINT('Origin',(185.,190.,0.));
#3706=CARTESIAN_POINT('',(185.,200.,10.));
#3707=CARTESIAN_POINT('',(195.,190.,10.));
#3708=CARTESIAN_POINT('Origin',(185.,190.,10.));
#3709=CARTESIAN_POINT('',(195.,190.,0.));
#3710=CARTESIAN_POINT('',(185.,200.,0.));
#3711=CARTESIAN_POINT('Origin',(195.,-200.,0.));
#3712=CARTESIAN_POINT('',(195.,-190.,10.));
#3713=CARTESIAN_POINT('',(195.,-200.,10.));
#3714=CARTESIAN_POINT('',(195.,-190.,0.));
#3715=CARTESIAN_POINT('Origin',(185.,-190.,0.));
#3716=CARTESIAN_POINT('',(185.,-200.,10.));
#3717=CARTESIAN_POINT('Origin',(185.,-190.,10.));
#3718=CARTESIAN_POINT('',(185.,-200.,0.));
#3719=CARTESIAN_POINT('Origin',(192.5,3.5527136788005E-14,-55.));
#3720=CARTESIAN_POINT('',(194.015,3.57126707780758E-14,-51.));
#3721=CARTESIAN_POINT('',(194.015,3.57126707780758E-14,-55.));
#3722=CARTESIAN_POINT('Origin',(192.5,3.5527136788005E-14,-51.));
#3723=CARTESIAN_POINT('Origin',(192.5,3.5527136788005E-14,-51.));
#3724=CARTESIAN_POINT('Origin',(96.25,-197.5,-55.));
#3725=CARTESIAN_POINT('',(97.765,-197.5,-51.));
#3726=CARTESIAN_POINT('',(97.765,-197.5,-55.));
#3727=CARTESIAN_POINT('Origin',(96.25,-197.5,-51.));
#3728=CARTESIAN_POINT('Origin',(96.25,-197.5,-51.));
#3729=CARTESIAN_POINT('Origin',(-96.25,-197.5,-55.));
#3730=CARTESIAN_POINT('',(-94.735,-197.5,-51.));
#3731=CARTESIAN_POINT('',(-94.735,-197.5,-55.));
#3732=CARTESIAN_POINT('Origin',(-96.25,-197.5,-51.));
#3733=CARTESIAN_POINT('Origin',(-96.25,-197.5,-51.));
#3734=CARTESIAN_POINT('Origin',(-192.5,3.5527136788005E-14,-55.));
#3735=CARTESIAN_POINT('',(-190.985,3.57126707780758E-14,-51.));
#3736=CARTESIAN_POINT('',(-190.985,3.57126707780758E-14,-55.));
#3737=CARTESIAN_POINT('Origin',(-192.5,3.5527136788005E-14,-51.));
#3738=CARTESIAN_POINT('Origin',(-192.5,3.5527136788005E-14,-51.));
#3739=CARTESIAN_POINT('Origin',(-96.25,197.5,-55.));
#3740=CARTESIAN_POINT('',(-94.735,197.5,-51.));
#3741=CARTESIAN_POINT('',(-94.735,197.5,-55.));
#3742=CARTESIAN_POINT('Origin',(-96.25,197.5,-51.));
#3743=CARTESIAN_POINT('Origin',(-96.25,197.5,-51.));
#3744=CARTESIAN_POINT('Origin',(96.25,197.5,-55.));
#3745=CARTESIAN_POINT('',(97.765,197.5,-51.));
#3746=CARTESIAN_POINT('',(97.765,197.5,-55.));
#3747=CARTESIAN_POINT('Origin',(96.25,197.5,-51.));
#3748=CARTESIAN_POINT('Origin',(96.25,197.5,-51.));
#3749=CARTESIAN_POINT('Origin',(7.105427357601E-14,197.5,-55.));
#3750=CARTESIAN_POINT('',(1.51500000000007,197.5,-51.));
#3751=CARTESIAN_POINT('',(1.51500000000007,197.5,-55.));
#3752=CARTESIAN_POINT('Origin',(7.105427357601E-14,197.5,-51.));
#3753=CARTESIAN_POINT('Origin',(7.105427357601E-14,197.5,-51.));
#3754=CARTESIAN_POINT('Origin',(-192.5,98.7500000000001,-55.));
#3755=CARTESIAN_POINT('',(-190.985,98.7500000000001,-51.));
#3756=CARTESIAN_POINT('',(-190.985,98.7500000000001,-55.));
#3757=CARTESIAN_POINT('Origin',(-192.5,98.7500000000001,-51.));
#3758=CARTESIAN_POINT('Origin',(-192.5,98.7500000000001,-51.));
#3759=CARTESIAN_POINT('Origin',(-192.5,-98.75,-55.));
#3760=CARTESIAN_POINT('',(-190.985,-98.75,-51.));
#3761=CARTESIAN_POINT('',(-190.985,-98.75,-55.));
#3762=CARTESIAN_POINT('Origin',(-192.5,-98.75,-51.));
#3763=CARTESIAN_POINT('Origin',(-192.5,-98.75,-51.));
#3764=CARTESIAN_POINT('Origin',(7.105427357601E-14,-197.5,-55.));
#3765=CARTESIAN_POINT('',(1.51500000000007,-197.5,-51.));
#3766=CARTESIAN_POINT('',(1.51500000000007,-197.5,-55.));
#3767=CARTESIAN_POINT('Origin',(7.105427357601E-14,-197.5,-51.));
#3768=CARTESIAN_POINT('Origin',(7.105427357601E-14,-197.5,-51.));
#3769=CARTESIAN_POINT('Origin',(192.5,-98.7499999999999,-55.));
#3770=CARTESIAN_POINT('',(194.015,-98.7499999999999,-51.));
#3771=CARTESIAN_POINT('',(194.015,-98.7499999999999,-55.));
#3772=CARTESIAN_POINT('Origin',(192.5,-98.7499999999999,-51.));
#3773=CARTESIAN_POINT('Origin',(192.5,-98.7499999999999,-51.));
#3774=CARTESIAN_POINT('Origin',(192.5,98.75,-55.));
#3775=CARTESIAN_POINT('',(194.015,98.75,-51.));
#3776=CARTESIAN_POINT('',(194.015,98.75,-55.));
#3777=CARTESIAN_POINT('Origin',(192.5,98.75,-51.));
#3778=CARTESIAN_POINT('Origin',(192.5,98.75,-51.));
#3779=CARTESIAN_POINT('Origin',(190.,195.,5.));
#3780=CARTESIAN_POINT('Origin',(-190.,-195.,5.));
#3781=CARTESIAN_POINT('Origin',(70.,-90.,0.));
#3782=CARTESIAN_POINT('',(-85.,-90.,-59.));
#3783=CARTESIAN_POINT('',(-85.,-90.,0.));
#3784=CARTESIAN_POINT('',(85.,-90.,-59.));
#3785=CARTESIAN_POINT('',(35.,-90.,-59.));
#3786=CARTESIAN_POINT('',(85.,-90.,0.));
#3787=CARTESIAN_POINT('',(11.,-90.,-17.));
#3788=CARTESIAN_POINT('',(-11.,-90.,-17.));
#3789=CARTESIAN_POINT('',(29.5,-90.,-17.));
#3790=CARTESIAN_POINT('',(11.,-90.,-32.));
#3791=CARTESIAN_POINT('',(11.,-90.,-8.5));
#3792=CARTESIAN_POINT('',(-11.,-90.,-32.));
#3793=CARTESIAN_POINT('',(40.5,-90.,-32.));
#3794=CARTESIAN_POINT('',(-11.,-90.,-16.));
#3795=CARTESIAN_POINT('Origin',(-11.,-80.,-32.));
#3796=CARTESIAN_POINT('',(-11.,-56.03,-32.));
#3797=CARTESIAN_POINT('',(-11.,-80.,-32.));
#3798=CARTESIAN_POINT('',(-11.,-56.03,-17.));
#3799=CARTESIAN_POINT('',(-11.,-56.03,-11.));
#3800=CARTESIAN_POINT('',(-11.,-80.,-17.));
#3801=CARTESIAN_POINT('Origin',(11.,-80.,-32.));
#3802=CARTESIAN_POINT('',(11.,-56.03,-32.));
#3803=CARTESIAN_POINT('',(11.,-80.,-32.));
#3804=CARTESIAN_POINT('',(32.01,-56.03,-32.));
#3805=CARTESIAN_POINT('Origin',(85.,80.,0.));
#3806=CARTESIAN_POINT('',(85.,90.,-59.));
#3807=CARTESIAN_POINT('',(85.,-80.,-59.));
#3808=CARTESIAN_POINT('',(85.,90.,0.));
#3809=CARTESIAN_POINT('',(85.,-11.,-17.));
#3810=CARTESIAN_POINT('',(85.,11.,-17.));
#3811=CARTESIAN_POINT('',(85.,34.5,-17.));
#3812=CARTESIAN_POINT('',(85.,11.,-32.));
#3813=CARTESIAN_POINT('',(85.,11.,-8.5));
#3814=CARTESIAN_POINT('',(85.,-11.,-32.));
#3815=CARTESIAN_POINT('',(85.,45.5,-32.));
#3816=CARTESIAN_POINT('',(85.,-11.,-16.));
#3817=CARTESIAN_POINT('Origin',(-70.,90.,0.));
#3818=CARTESIAN_POINT('',(-85.,90.,-59.));
#3819=CARTESIAN_POINT('',(-35.,90.,-59.));
#3820=CARTESIAN_POINT('',(-85.,90.,0.));
#3821=CARTESIAN_POINT('',(-11.,90.,-17.));
#3822=CARTESIAN_POINT('',(11.,90.,-17.));
#3823=CARTESIAN_POINT('',(-40.5,90.,-17.));
#3824=CARTESIAN_POINT('',(-11.,90.,-32.));
#3825=CARTESIAN_POINT('',(-11.,90.,-16.));
#3826=CARTESIAN_POINT('',(11.,90.,-32.));
#3827=CARTESIAN_POINT('',(-29.5,90.,-32.));
#3828=CARTESIAN_POINT('',(11.,90.,-8.5));
#3829=CARTESIAN_POINT('Origin',(11.,-80.,-17.));
#3830=CARTESIAN_POINT('',(11.,56.03,-32.));
#3831=CARTESIAN_POINT('',(11.,80.,-32.));
#3832=CARTESIAN_POINT('',(11.,56.03,-17.));
#3833=CARTESIAN_POINT('',(11.,56.03,-3.5));
#3834=CARTESIAN_POINT('',(11.,-80.,-17.));
#3835=CARTESIAN_POINT('Origin',(11.,-80.,-32.));
#3836=CARTESIAN_POINT('',(-11.,56.03,-32.));
#3837=CARTESIAN_POINT('',(-11.,80.,-32.));
#3838=CARTESIAN_POINT('',(-21.01,56.03,-32.));
#3839=CARTESIAN_POINT('Origin',(-85.,-80.,0.));
#3840=CARTESIAN_POINT('',(-85.,80.,-59.));
#3841=CARTESIAN_POINT('',(-85.,11.,-17.));
#3842=CARTESIAN_POINT('',(-85.,-11.,-17.));
#3843=CARTESIAN_POINT('',(-85.,-45.5,-17.));
#3844=CARTESIAN_POINT('',(-85.,-11.,-32.));
#3845=CARTESIAN_POINT('',(-85.,-11.,-16.));
#3846=CARTESIAN_POINT('',(-85.,11.,-32.));
#3847=CARTESIAN_POINT('',(-85.,-34.5,-32.));
#3848=CARTESIAN_POINT('',(-85.,11.,-8.5));
#3849=CARTESIAN_POINT('Origin',(-8.88178419700125E-15,0.,-59.));
#3850=CARTESIAN_POINT('',(-60.,70.,-59.));
#3851=CARTESIAN_POINT('',(60.,70.,-59.));
#3852=CARTESIAN_POINT('',(-30.,70.,-59.));
#3853=CARTESIAN_POINT('',(-60.,-70.,-59.));
#3854=CARTESIAN_POINT('',(-60.,-35.,-59.));
#3855=CARTESIAN_POINT('',(60.,-70.,-59.));
#3856=CARTESIAN_POINT('',(30.,-70.,-59.));
#3857=CARTESIAN_POINT('',(60.,35.,-59.));
#3858=CARTESIAN_POINT('Origin',(-11.,-80.,-17.));
#3859=CARTESIAN_POINT('',(11.,-56.03,-17.));
#3860=CARTESIAN_POINT('',(21.01,-56.03,-17.));
#3861=CARTESIAN_POINT('',(11.,-80.,-17.));
#3862=CARTESIAN_POINT('Origin',(-11.,-80.,-17.));
#3863=CARTESIAN_POINT('',(-11.,56.03,-17.));
#3864=CARTESIAN_POINT('',(-32.01,56.03,-17.));
#3865=CARTESIAN_POINT('',(-11.,80.,-17.));
#3866=CARTESIAN_POINT('Origin',(70.,-11.,-32.));
#3867=CARTESIAN_POINT('',(53.03,-11.,-32.));
#3868=CARTESIAN_POINT('',(53.03,-11.,-17.));
#3869=CARTESIAN_POINT('',(53.03,-11.,-11.));
#3870=CARTESIAN_POINT('',(70.,-11.,-17.));
#3871=CARTESIAN_POINT('',(70.,-11.,-32.));
#3872=CARTESIAN_POINT('Origin',(70.,-11.,-17.));
#3873=CARTESIAN_POINT('',(53.03,11.,-17.));
#3874=CARTESIAN_POINT('',(53.03,22.51,-17.));
#3875=CARTESIAN_POINT('',(70.,11.,-17.));
#3876=CARTESIAN_POINT('Origin',(70.,11.,-17.));
#3877=CARTESIAN_POINT('',(-53.03,11.,-32.));
#3878=CARTESIAN_POINT('',(-53.03,11.,-17.));
#3879=CARTESIAN_POINT('',(-53.03,11.,-3.5));
#3880=CARTESIAN_POINT('',(70.,11.,-17.));
#3881=CARTESIAN_POINT('',(-70.,11.,-32.));
#3882=CARTESIAN_POINT('Origin',(70.,-11.,-17.));
#3883=CARTESIAN_POINT('',(-53.03,-11.,-17.));
#3884=CARTESIAN_POINT('',(-53.03,-33.51,-17.));
#3885=CARTESIAN_POINT('',(-70.,-11.,-17.));
#3886=CARTESIAN_POINT('Origin',(0.,0.,-69.));
#3887=CARTESIAN_POINT('',(-12.5,1.53080849893419E-15,-69.));
#3888=CARTESIAN_POINT('Origin',(0.,0.,-69.));
#3889=CARTESIAN_POINT('',(-12.5,1.53080849893419E-15,-40.));
#3890=CARTESIAN_POINT('',(-12.5,-1.53080849893419E-15,-69.));
#3891=CARTESIAN_POINT('Origin',(0.,0.,-40.));
#3892=CARTESIAN_POINT('Origin',(35.,75.,-51.));
#3893=CARTESIAN_POINT('Origin',(65.,-40.,-51.));
#3894=CARTESIAN_POINT('Origin',(-35.,-75.,-51.));
#3895=CARTESIAN_POINT('Origin',(-65.,-40.,-51.));
#3896=CARTESIAN_POINT('Origin',(-65.,40.,-51.));
#3897=CARTESIAN_POINT('Origin',(-35.,75.,-51.));
#3898=CARTESIAN_POINT('Origin',(35.,-75.,-51.));
#3899=CARTESIAN_POINT('Origin',(65.,40.,-51.));
#3900=CARTESIAN_POINT('Origin',(60.,-70.,-49.));
#3901=CARTESIAN_POINT('',(-60.,-70.,-69.));
#3902=CARTESIAN_POINT('',(-60.,-70.,-49.));
#3903=CARTESIAN_POINT('',(60.,-70.,-69.));
#3904=CARTESIAN_POINT('',(60.,-70.,-69.));
#3905=CARTESIAN_POINT('',(60.,-70.,-49.));
#3906=CARTESIAN_POINT('Origin',(-60.,-70.,-49.));
#3907=CARTESIAN_POINT('',(-60.,70.,-69.));
#3908=CARTESIAN_POINT('',(-60.,70.,-49.));
#3909=CARTESIAN_POINT('',(-60.,-70.,-69.));
#3910=CARTESIAN_POINT('Origin',(0.,0.,-69.));
#3911=CARTESIAN_POINT('',(60.,70.,-69.));
#3912=CARTESIAN_POINT('',(60.,70.,-69.));
#3913=CARTESIAN_POINT('',(-60.,70.,-69.));
#3914=CARTESIAN_POINT('Origin',(-60.,70.,-49.));
#3915=CARTESIAN_POINT('',(60.,70.,-49.));
#3916=CARTESIAN_POINT('Origin',(60.,70.,-49.));
#3917=CARTESIAN_POINT('Origin',(-11.,-80.,-32.));
#3918=CARTESIAN_POINT('',(-11.,56.03,-11.));
#3919=CARTESIAN_POINT('Origin',(11.,-80.,-17.));
#3920=CARTESIAN_POINT('',(11.,-56.03,-3.5));
#3921=CARTESIAN_POINT('Origin',(70.,11.,-32.));
#3922=CARTESIAN_POINT('',(53.03,11.,-32.));
#3923=CARTESIAN_POINT('',(53.03,33.51,-32.));
#3924=CARTESIAN_POINT('',(70.,11.,-32.));
#3925=CARTESIAN_POINT('Origin',(70.,11.,-32.));
#3926=CARTESIAN_POINT('',(-53.03,-11.,-32.));
#3927=CARTESIAN_POINT('',(-53.03,-22.51,-32.));
#3928=CARTESIAN_POINT('',(-70.,-11.,-32.));
#3929=CARTESIAN_POINT('Origin',(70.,-11.,-32.));
#3930=CARTESIAN_POINT('',(-53.03,-11.,-11.));
#3931=CARTESIAN_POINT('Origin',(70.,11.,-17.));
#3932=CARTESIAN_POINT('',(53.03,11.,-3.5));
#3933=CARTESIAN_POINT('Origin',(0.,0.,-40.));
#3934=CARTESIAN_POINT('',(-53.03,56.03,-40.));
#3935=CARTESIAN_POINT('',(-53.03,-56.03,-40.));
#3936=CARTESIAN_POINT('',(-53.03,-56.02,-40.));
#3937=CARTESIAN_POINT('',(53.03,-56.03,-40.));
#3938=CARTESIAN_POINT('',(-53.02,-56.03,-40.));
#3939=CARTESIAN_POINT('',(53.03,56.03,-40.));
#3940=CARTESIAN_POINT('',(53.03,56.02,-40.));
#3941=CARTESIAN_POINT('',(53.02,56.03,-40.));
#3942=CARTESIAN_POINT('Origin',(195.,200.,0.));
#3943=CARTESIAN_POINT('',(195.,200.,10.));
#3944=CARTESIAN_POINT('Origin',(53.02,-56.03,10.));
#3945=CARTESIAN_POINT('',(-53.03,-56.03,10.));
#3946=CARTESIAN_POINT('',(-53.03,-56.03,10.));
#3947=CARTESIAN_POINT('',(53.03,-56.03,10.));
#3948=CARTESIAN_POINT('',(26.51,-56.03,10.));
#3949=CARTESIAN_POINT('',(53.03,-56.03,10.));
#3950=CARTESIAN_POINT('Origin',(-53.02,56.03,10.));
#3951=CARTESIAN_POINT('',(53.03,56.03,10.));
#3952=CARTESIAN_POINT('',(53.03,56.03,10.));
#3953=CARTESIAN_POINT('',(-53.03,56.03,10.));
#3954=CARTESIAN_POINT('',(-26.51,56.03,10.));
#3955=CARTESIAN_POINT('',(-53.03,56.03,10.));
#3956=CARTESIAN_POINT('Origin',(53.03,56.02,10.));
#3957=CARTESIAN_POINT('',(53.03,-28.01,10.));
#3958=CARTESIAN_POINT('Origin',(-53.03,-56.02,10.));
#3959=CARTESIAN_POINT('',(-53.03,-28.01,10.));
#3960=CARTESIAN_POINT('Origin',(-122.91269454885,-73.2715,0.));
#3961=CARTESIAN_POINT('',(-124.42769454885,-73.2715,10.));
#3962=CARTESIAN_POINT('Origin',(-122.91269454885,-73.2715,10.));
#3963=CARTESIAN_POINT('',(-124.42769454885,-73.2715,0.));
#3964=CARTESIAN_POINT('Origin',(-180.,30.,0.));
#3965=CARTESIAN_POINT('',(-185.,100.,10.));
#3966=CARTESIAN_POINT('',(-185.,100.,0.));
#3967=CARTESIAN_POINT('',(-180.,30.,10.));
#3968=CARTESIAN_POINT('',(-185.,100.,10.));
#3969=CARTESIAN_POINT('',(-180.,30.,0.));
#3970=CARTESIAN_POINT('Origin',(-140.,30.,0.));
#3971=CARTESIAN_POINT('',(-140.,30.,10.));
#3972=CARTESIAN_POINT('',(-140.,30.,10.));
#3973=CARTESIAN_POINT('',(-140.,30.,0.));
#3974=CARTESIAN_POINT('Origin',(-135.,100.,0.));
#3975=CARTESIAN_POINT('',(-135.,100.,10.));
#3976=CARTESIAN_POINT('',(-135.,100.,10.));
#3977=CARTESIAN_POINT('',(-135.,100.,0.));
#3978=CARTESIAN_POINT('Origin',(-140.,170.,0.));
#3979=CARTESIAN_POINT('',(-140.,170.,10.));
#3980=CARTESIAN_POINT('',(-140.,170.,10.));
#3981=CARTESIAN_POINT('',(-140.,170.,0.));
#3982=CARTESIAN_POINT('Origin',(-180.,170.,0.));
#3983=CARTESIAN_POINT('',(-180.,170.,10.));
#3984=CARTESIAN_POINT('',(-180.,170.,10.));
#3985=CARTESIAN_POINT('',(-180.,170.,0.));
#3986=CARTESIAN_POINT('Origin',(-185.,100.,0.));
#3987=CARTESIAN_POINT('',(-180.,170.,10.));
#3988=CARTESIAN_POINT('Origin',(122.91269454885,-126.7285,0.));
#3989=CARTESIAN_POINT('',(121.39769454885,-126.7285,10.));
#3990=CARTESIAN_POINT('Origin',(122.91269454885,-126.7285,10.));
#3991=CARTESIAN_POINT('',(121.39769454885,-126.7285,0.));
#3992=CARTESIAN_POINT('Origin',(-97.9126945488495,126.7285,0.));
#3993=CARTESIAN_POINT('',(-99.4276945488495,126.7285,10.));
#3994=CARTESIAN_POINT('Origin',(-97.9126945488495,126.7285,10.));
#3995=CARTESIAN_POINT('',(-99.4276945488495,126.7285,0.));
#3996=CARTESIAN_POINT('Origin',(97.9126945488496,73.2715,0.));
#3997=CARTESIAN_POINT('',(96.3976945488496,73.2715,10.));
#3998=CARTESIAN_POINT('Origin',(97.9126945488496,73.2715,10.));
#3999=CARTESIAN_POINT('',(96.3976945488496,73.2715,0.));
#4000=CARTESIAN_POINT('Origin',(-140.,-30.,0.));
#4001=CARTESIAN_POINT('',(-135.,-100.,10.));
#4002=CARTESIAN_POINT('',(-135.,-100.,0.));
#4003=CARTESIAN_POINT('',(-140.,-30.,10.));
#4004=CARTESIAN_POINT('',(-135.,-100.,10.));
#4005=CARTESIAN_POINT('',(-140.,-30.,0.));
#4006=CARTESIAN_POINT('Origin',(-180.,-30.,0.));
#4007=CARTESIAN_POINT('',(-180.,-30.,10.));
#4008=CARTESIAN_POINT('',(-140.,-30.,10.));
#4009=CARTESIAN_POINT('',(-180.,-30.,0.));
#4010=CARTESIAN_POINT('Origin',(-185.,-100.,0.));
#4011=CARTESIAN_POINT('',(-185.,-100.,10.));
#4012=CARTESIAN_POINT('',(-185.,-100.,10.));
#4013=CARTESIAN_POINT('',(-185.,-100.,0.));
#4014=CARTESIAN_POINT('Origin',(-180.,-170.,0.));
#4015=CARTESIAN_POINT('',(-180.,-170.,10.));
#4016=CARTESIAN_POINT('',(-180.,-170.,10.));
#4017=CARTESIAN_POINT('',(-180.,-170.,0.));
#4018=CARTESIAN_POINT('Origin',(-140.,-170.,0.));
#4019=CARTESIAN_POINT('',(-140.,-170.,10.));
#4020=CARTESIAN_POINT('',(-180.,-170.,10.));
#4021=CARTESIAN_POINT('',(-140.,-170.,0.));
#4022=CARTESIAN_POINT('Origin',(-135.,-100.,0.));
#4023=CARTESIAN_POINT('',(-140.,-170.,10.));
#4024=CARTESIAN_POINT('Origin',(-97.9126945488495,-126.7285,0.));
#4025=CARTESIAN_POINT('',(-99.4276945488495,-126.7285,10.));
#4026=CARTESIAN_POINT('Origin',(-97.9126945488495,-126.7285,10.));
#4027=CARTESIAN_POINT('',(-99.4276945488495,-126.7285,0.));
#4028=CARTESIAN_POINT('Origin',(-122.91269454885,73.2715,0.));
#4029=CARTESIAN_POINT('',(-124.42769454885,73.2715,10.));
#4030=CARTESIAN_POINT('Origin',(-122.91269454885,73.2715,10.));
#4031=CARTESIAN_POINT('',(-124.42769454885,73.2715,0.));
#4032=CARTESIAN_POINT('Origin',(122.91269454885,-73.2715,0.));
#4033=CARTESIAN_POINT('',(121.39769454885,-73.2715,10.));
#4034=CARTESIAN_POINT('Origin',(122.91269454885,-73.2715,10.));
#4035=CARTESIAN_POINT('',(121.39769454885,-73.2715,0.));
#4036=CARTESIAN_POINT('Origin',(122.91269454885,73.2715,0.));
#4037=CARTESIAN_POINT('',(121.39769454885,73.2715,10.));
#4038=CARTESIAN_POINT('Origin',(122.91269454885,73.2715,10.));
#4039=CARTESIAN_POINT('',(121.39769454885,73.2715,0.));
#4040=CARTESIAN_POINT('Origin',(-97.9126945488495,-73.2715,0.));
#4041=CARTESIAN_POINT('',(-99.4276945488495,-73.2715,10.));
#4042=CARTESIAN_POINT('Origin',(-97.9126945488495,-73.2715,10.));
#4043=CARTESIAN_POINT('',(-99.4276945488495,-73.2715,0.));
#4044=CARTESIAN_POINT('Origin',(97.9126945488496,-73.2715,0.));
#4045=CARTESIAN_POINT('',(96.3976945488496,-73.2715,10.));
#4046=CARTESIAN_POINT('Origin',(97.9126945488496,-73.2715,10.));
#4047=CARTESIAN_POINT('',(96.3976945488496,-73.2715,0.));
#4048=CARTESIAN_POINT('Origin',(97.9126945488495,-126.7285,0.));
#4049=CARTESIAN_POINT('',(96.3976945488495,-126.7285,10.));
#4050=CARTESIAN_POINT('Origin',(97.9126945488495,-126.7285,10.));
#4051=CARTESIAN_POINT('',(96.3976945488495,-126.7285,0.));
#4052=CARTESIAN_POINT('Origin',(-97.9126945488495,73.2715,0.));
#4053=CARTESIAN_POINT('',(-99.4276945488495,73.2715,10.));
#4054=CARTESIAN_POINT('Origin',(-97.9126945488495,73.2715,10.));
#4055=CARTESIAN_POINT('',(-99.4276945488495,73.2715,0.));
#4056=CARTESIAN_POINT('Origin',(97.9126945488496,126.7285,0.));
#4057=CARTESIAN_POINT('',(96.3976945488496,126.7285,10.));
#4058=CARTESIAN_POINT('Origin',(97.9126945488496,126.7285,10.));
#4059=CARTESIAN_POINT('',(96.3976945488496,126.7285,0.));
#4060=CARTESIAN_POINT('Origin',(122.91269454885,126.7285,0.));
#4061=CARTESIAN_POINT('',(121.39769454885,126.7285,10.));
#4062=CARTESIAN_POINT('Origin',(122.91269454885,126.7285,10.));
#4063=CARTESIAN_POINT('',(121.39769454885,126.7285,0.));
#4064=CARTESIAN_POINT('Origin',(135.,100.,0.));
#4065=CARTESIAN_POINT('',(140.,170.,10.));
#4066=CARTESIAN_POINT('',(140.,170.,0.));
#4067=CARTESIAN_POINT('',(135.,100.,10.));
#4068=CARTESIAN_POINT('',(140.,170.,10.));
#4069=CARTESIAN_POINT('',(135.,100.,0.));
#4070=CARTESIAN_POINT('Origin',(140.,30.,0.));
#4071=CARTESIAN_POINT('',(140.,30.,10.));
#4072=CARTESIAN_POINT('',(135.,100.,10.));
#4073=CARTESIAN_POINT('',(140.,30.,0.));
#4074=CARTESIAN_POINT('Origin',(180.,30.,0.));
#4075=CARTESIAN_POINT('',(180.,30.,10.));
#4076=CARTESIAN_POINT('',(140.,30.,10.));
#4077=CARTESIAN_POINT('',(180.,30.,0.));
#4078=CARTESIAN_POINT('Origin',(185.,100.,0.));
#4079=CARTESIAN_POINT('',(185.,100.,10.));
#4080=CARTESIAN_POINT('',(185.,100.,10.));
#4081=CARTESIAN_POINT('',(185.,100.,0.));
#4082=CARTESIAN_POINT('Origin',(180.,170.,0.));
#4083=CARTESIAN_POINT('',(180.,170.,10.));
#4084=CARTESIAN_POINT('',(180.,170.,10.));
#4085=CARTESIAN_POINT('',(180.,170.,0.));
#4086=CARTESIAN_POINT('Origin',(140.,170.,0.));
#4087=CARTESIAN_POINT('',(180.,170.,10.));
#4088=CARTESIAN_POINT('Origin',(-122.912694548849,-126.7285,0.));
#4089=CARTESIAN_POINT('',(-124.427694548849,-126.7285,10.));
#4090=CARTESIAN_POINT('Origin',(-122.912694548849,-126.7285,10.));
#4091=CARTESIAN_POINT('',(-124.427694548849,-126.7285,0.));
#4092=CARTESIAN_POINT('Origin',(-122.91269454885,126.7285,0.));
#4093=CARTESIAN_POINT('',(-124.42769454885,126.7285,10.));
#4094=CARTESIAN_POINT('Origin',(-122.91269454885,126.7285,10.));
#4095=CARTESIAN_POINT('',(-124.42769454885,126.7285,0.));
#4096=CARTESIAN_POINT('Origin',(185.,-100.,0.));
#4097=CARTESIAN_POINT('',(180.,-170.,10.));
#4098=CARTESIAN_POINT('',(180.,-170.,0.));
#4099=CARTESIAN_POINT('',(185.,-100.,10.));
#4100=CARTESIAN_POINT('',(180.,-170.,10.));
#4101=CARTESIAN_POINT('',(185.,-100.,0.));
#4102=CARTESIAN_POINT('Origin',(180.,-30.,0.));
#4103=CARTESIAN_POINT('',(180.,-30.,10.));
#4104=CARTESIAN_POINT('',(185.,-100.,10.));
#4105=CARTESIAN_POINT('',(180.,-30.,0.));
#4106=CARTESIAN_POINT('Origin',(140.,-30.,0.));
#4107=CARTESIAN_POINT('',(140.,-30.,10.));
#4108=CARTESIAN_POINT('',(140.,-30.,10.));
#4109=CARTESIAN_POINT('',(140.,-30.,0.));
#4110=CARTESIAN_POINT('Origin',(135.,-100.,0.));
#4111=CARTESIAN_POINT('',(135.,-100.,10.));
#4112=CARTESIAN_POINT('',(135.,-100.,10.));
#4113=CARTESIAN_POINT('',(135.,-100.,0.));
#4114=CARTESIAN_POINT('Origin',(140.,-170.,0.));
#4115=CARTESIAN_POINT('',(140.,-170.,10.));
#4116=CARTESIAN_POINT('',(140.,-170.,10.));
#4117=CARTESIAN_POINT('',(140.,-170.,0.));
#4118=CARTESIAN_POINT('Origin',(180.,-170.,0.));
#4119=CARTESIAN_POINT('',(180.,-170.,10.));
#4120=CARTESIAN_POINT('Origin',(-195.,-200.,0.));
#4121=CARTESIAN_POINT('',(-195.,-200.,10.));
#4122=CARTESIAN_POINT('Origin',(3.5527136788005E-14,0.,10.));
#4123=UNCERTAINTY_MEASURE_WITH_UNIT(LENGTH_MEASURE(0.01),#4127,
'DISTANCE_ACCURACY_VALUE',
'Maximum model space distance between geometric entities at asserted c
onnectivities');
#4124=UNCERTAINTY_MEASURE_WITH_UNIT(LENGTH_MEASURE(0.01),#4127,
'DISTANCE_ACCURACY_VALUE',
'Maximum model space distance between geometric entities at asserted c
onnectivities');
#4125=(
GEOMETRIC_REPRESENTATION_CONTEXT(3)
GLOBAL_UNCERTAINTY_ASSIGNED_CONTEXT((#4123))
GLOBAL_UNIT_ASSIGNED_CONTEXT((#4127,#4129,#4130))
REPRESENTATION_CONTEXT('','3D')
);
#4126=(
GEOMETRIC_REPRESENTATION_CONTEXT(3)
GLOBAL_UNCERTAINTY_ASSIGNED_CONTEXT((#4124))
GLOBAL_UNIT_ASSIGNED_CONTEXT((#4127,#4129,#4130))
REPRESENTATION_CONTEXT('','3D')
);
#4127=(
LENGTH_UNIT()
NAMED_UNIT(*)
SI_UNIT(.MILLI.,.METRE.)
);
#4128=(
LENGTH_UNIT()
NAMED_UNIT(*)
SI_UNIT($,.METRE.)
);
#4129=(
NAMED_UNIT(*)
PLANE_ANGLE_UNIT()
SI_UNIT($,.RADIAN.)
);
#4130=(
NAMED_UNIT(*)
SI_UNIT($,.STERADIAN.)
SOLID_ANGLE_UNIT()
);
#4131=SHAPE_DEFINITION_REPRESENTATION(#4132,#4133);
#4132=PRODUCT_DEFINITION_SHAPE('',$,#4135);
#4133=SHAPE_REPRESENTATION('',(#2495),#4125);
#4134=PRODUCT_DEFINITION_CONTEXT('part definition',#4139,'design');
#4135=PRODUCT_DEFINITION('2026-05-13-00-53-58-738','(\X2\672A4FDD5B58\X0\)',
#4136,#4134);
#4136=PRODUCT_DEFINITION_FORMATION('',$,#4141);
#4137=PRODUCT_RELATED_PRODUCT_CATEGORY('(\X2\672A4FDD5B58\X0\)',
'(\X2\672A4FDD5B58\X0\)',(#4141));
#4138=APPLICATION_PROTOCOL_DEFINITION('international standard',
'automotive_design',2009,#4139);
#4139=APPLICATION_CONTEXT(
'Core Data for Automotive Mechanical Design Process');
#4140=PRODUCT_CONTEXT('part definition',#4139,'mechanical');
#4141=PRODUCT('2026-05-13-00-53-58-738','(\X2\672A4FDD5B58\X0\)',$,(#4140));
#4142=PRESENTATION_STYLE_ASSIGNMENT((#4143));
#4143=SURFACE_STYLE_USAGE(.BOTH.,#4144);
#4144=SURFACE_SIDE_STYLE('',(#4145));
#4145=SURFACE_STYLE_FILL_AREA(#4146);
#4146=FILL_AREA_STYLE('\X2\94A2\X0\ - \X2\7F0E5149\X0\',(#4147));
#4147=FILL_AREA_STYLE_COLOUR('\X2\94A2\X0\ - \X2\7F0E5149\X0\',#4148);
#4148=COLOUR_RGB('\X2\94A2\X0\ - \X2\7F0E5149\X0\',0.627450980392157,0.627450980392157,
0.627450980392157);
ENDSEC;
END-ISO-10303-21;
