ISO-10303-21;
HEADER;
/* Generated by software containing ST-Developer
 * from STEP Tools, Inc. (www.steptools.com) 
 */

FILE_DESCRIPTION(
/* description */ (''),
/* implementation_level */ '2;1');

FILE_NAME(
/* name */ '',
/* time_stamp */ '2026-08-19T12:03:02+08:00',
/* author */ (''),
/* organization */ (''),
/* preprocessor_version */ 'ST-DEVELOPER v20.1',
/* originating_system */ 'Autodesk Translation Framework v15.8.0.0',
/* authorisation */ '');

FILE_SCHEMA (('AUTOMOTIVE_DESIGN { 1 0 10303 214 3 1 1 }'));
ENDSEC;

DATA;
#10=MECHANICAL_DESIGN_GEOMETRIC_PRESENTATION_REPRESENTATION('',(#13),#3662);
#11=SHAPE_REPRESENTATION_RELATIONSHIP('SRR','None',#3669,#12);
#12=ADVANCED_BREP_SHAPE_REPRESENTATION('',(#14),#3661);
#13=STYLED_ITEM('',(#3678),#14);
#14=MANIFOLD_SOLID_BREP('\X2\5B9E4F53\X0\2',#2186);
#15=CYLINDRICAL_SURFACE('',#2209,4.75);
#16=CYLINDRICAL_SURFACE('',#2211,2.5);
#17=CYLINDRICAL_SURFACE('',#2216,4.75);
#18=CYLINDRICAL_SURFACE('',#2218,2.5);
#19=CYLINDRICAL_SURFACE('',#2223,4.75);
#20=CYLINDRICAL_SURFACE('',#2225,2.5);
#21=CYLINDRICAL_SURFACE('',#2230,4.75);
#22=CYLINDRICAL_SURFACE('',#2232,2.5);
#23=CYLINDRICAL_SURFACE('',#2237,4.75);
#24=CYLINDRICAL_SURFACE('',#2239,2.5);
#25=CYLINDRICAL_SURFACE('',#2244,4.75);
#26=CYLINDRICAL_SURFACE('',#2246,2.5);
#27=CYLINDRICAL_SURFACE('',#2251,4.75);
#28=CYLINDRICAL_SURFACE('',#2253,2.5);
#29=CYLINDRICAL_SURFACE('',#2258,4.75);
#30=CYLINDRICAL_SURFACE('',#2260,2.5);
#31=CYLINDRICAL_SURFACE('',#2265,4.75);
#32=CYLINDRICAL_SURFACE('',#2267,2.5);
#33=CYLINDRICAL_SURFACE('',#2272,4.75);
#34=CYLINDRICAL_SURFACE('',#2274,2.5);
#35=CYLINDRICAL_SURFACE('',#2279,4.75);
#36=CYLINDRICAL_SURFACE('',#2281,2.5);
#37=CYLINDRICAL_SURFACE('',#2286,4.75);
#38=CYLINDRICAL_SURFACE('',#2288,2.5);
#39=CYLINDRICAL_SURFACE('',#2293,4.75);
#40=CYLINDRICAL_SURFACE('',#2295,2.5);
#41=CYLINDRICAL_SURFACE('',#2300,4.75);
#42=CYLINDRICAL_SURFACE('',#2302,2.5);
#43=CYLINDRICAL_SURFACE('',#2307,4.75);
#44=CYLINDRICAL_SURFACE('',#2309,2.5);
#45=CYLINDRICAL_SURFACE('',#2314,4.75);
#46=CYLINDRICAL_SURFACE('',#2316,2.5);
#47=CYLINDRICAL_SURFACE('',#2340,1.5);
#48=CYLINDRICAL_SURFACE('',#2342,1.5);
#49=CYLINDRICAL_SURFACE('',#2345,1.5);
#50=CYLINDRICAL_SURFACE('',#2347,1.5);
#51=CYLINDRICAL_SURFACE('',#2368,3.);
#52=CYLINDRICAL_SURFACE('',#2371,3.);
#53=CYLINDRICAL_SURFACE('',#2384,3.);
#54=CYLINDRICAL_SURFACE('',#2388,3.);
#55=CYLINDRICAL_SURFACE('',#2393,4.75);
#56=CYLINDRICAL_SURFACE('',#2394,2.5);
#57=CYLINDRICAL_SURFACE('',#2398,4.75);
#58=CYLINDRICAL_SURFACE('',#2399,2.5);
#59=CYLINDRICAL_SURFACE('',#2403,4.75);
#60=CYLINDRICAL_SURFACE('',#2404,2.5);
#61=CYLINDRICAL_SURFACE('',#2408,4.75);
#62=CYLINDRICAL_SURFACE('',#2409,2.5);
#63=CYLINDRICAL_SURFACE('',#2413,4.75);
#64=CYLINDRICAL_SURFACE('',#2414,2.5);
#65=CYLINDRICAL_SURFACE('',#2418,4.75);
#66=CYLINDRICAL_SURFACE('',#2419,2.5);
#67=FACE_BOUND('',#368,.T.);
#68=FACE_BOUND('',#371,.T.);
#69=FACE_BOUND('',#373,.T.);
#70=FACE_BOUND('',#377,.T.);
#71=FACE_BOUND('',#381,.T.);
#72=FACE_BOUND('',#385,.T.);
#73=FACE_BOUND('',#389,.T.);
#74=FACE_BOUND('',#393,.T.);
#75=FACE_BOUND('',#397,.T.);
#76=FACE_BOUND('',#401,.T.);
#77=FACE_BOUND('',#405,.T.);
#78=FACE_BOUND('',#409,.T.);
#79=FACE_BOUND('',#413,.T.);
#80=FACE_BOUND('',#417,.T.);
#81=FACE_BOUND('',#421,.T.);
#82=FACE_BOUND('',#425,.T.);
#83=FACE_BOUND('',#429,.T.);
#84=FACE_BOUND('',#433,.T.);
#85=FACE_BOUND('',#437,.T.);
#86=FACE_BOUND('',#438,.T.);
#87=FACE_BOUND('',#441,.T.);
#88=FACE_BOUND('',#442,.T.);
#89=FACE_BOUND('',#443,.T.);
#90=FACE_BOUND('',#444,.T.);
#91=FACE_BOUND('',#445,.T.);
#92=FACE_BOUND('',#446,.T.);
#93=FACE_BOUND('',#448,.T.);
#94=FACE_BOUND('',#449,.T.);
#95=FACE_BOUND('',#450,.T.);
#96=FACE_BOUND('',#451,.T.);
#97=FACE_BOUND('',#452,.T.);
#98=FACE_BOUND('',#453,.T.);
#99=FACE_BOUND('',#456,.T.);
#100=FACE_BOUND('',#457,.T.);
#101=FACE_BOUND('',#461,.T.);
#102=FACE_BOUND('',#462,.T.);
#103=FACE_BOUND('',#463,.T.);
#104=FACE_BOUND('',#464,.T.);
#105=FACE_BOUND('',#465,.T.);
#106=FACE_BOUND('',#466,.T.);
#107=FACE_BOUND('',#479,.T.);
#108=FACE_BOUND('',#481,.T.);
#109=FACE_BOUND('',#483,.T.);
#110=FACE_BOUND('',#485,.T.);
#111=FACE_BOUND('',#487,.T.);
#112=FACE_BOUND('',#492,.T.);
#113=FACE_BOUND('',#494,.T.);
#114=FACE_BOUND('',#496,.T.);
#115=FACE_BOUND('',#502,.T.);
#116=FACE_BOUND('',#503,.T.);
#117=FACE_BOUND('',#504,.T.);
#118=FACE_BOUND('',#505,.T.);
#119=FACE_BOUND('',#508,.T.);
#120=FACE_BOUND('',#509,.T.);
#121=FACE_BOUND('',#510,.T.);
#122=FACE_BOUND('',#511,.T.);
#123=FACE_BOUND('',#512,.T.);
#124=FACE_BOUND('',#513,.T.);
#125=FACE_BOUND('',#518,.T.);
#126=FACE_BOUND('',#519,.T.);
#127=FACE_BOUND('',#520,.T.);
#128=FACE_BOUND('',#521,.T.);
#129=FACE_BOUND('',#522,.T.);
#130=FACE_BOUND('',#523,.T.);
#131=FACE_BOUND('',#527,.T.);
#132=FACE_BOUND('',#528,.T.);
#133=FACE_BOUND('',#529,.T.);
#134=FACE_BOUND('',#530,.T.);
#135=FACE_BOUND('',#531,.T.);
#136=FACE_BOUND('',#532,.T.);
#137=FACE_BOUND('',#535,.T.);
#138=FACE_BOUND('',#539,.T.);
#139=FACE_BOUND('',#543,.T.);
#140=FACE_BOUND('',#547,.T.);
#141=FACE_BOUND('',#551,.T.);
#142=FACE_BOUND('',#555,.T.);
#143=FACE_BOUND('',#559,.T.);
#144=CIRCLE('',#2202,1.5);
#145=CIRCLE('',#2205,1.5);
#146=CIRCLE('',#2207,4.75);
#147=CIRCLE('',#2208,2.5);
#148=CIRCLE('',#2210,4.75);
#149=CIRCLE('',#2212,2.5);
#150=CIRCLE('',#2214,4.75);
#151=CIRCLE('',#2215,2.5);
#152=CIRCLE('',#2217,4.75);
#153=CIRCLE('',#2219,2.5);
#154=CIRCLE('',#2221,4.75);
#155=CIRCLE('',#2222,2.5);
#156=CIRCLE('',#2224,4.75);
#157=CIRCLE('',#2226,2.5);
#158=CIRCLE('',#2228,4.75);
#159=CIRCLE('',#2229,2.5);
#160=CIRCLE('',#2231,4.75);
#161=CIRCLE('',#2233,2.5);
#162=CIRCLE('',#2235,4.75);
#163=CIRCLE('',#2236,2.5);
#164=CIRCLE('',#2238,4.75);
#165=CIRCLE('',#2240,2.5);
#166=CIRCLE('',#2242,4.75);
#167=CIRCLE('',#2243,2.5);
#168=CIRCLE('',#2245,4.75);
#169=CIRCLE('',#2247,2.5);
#170=CIRCLE('',#2249,4.75);
#171=CIRCLE('',#2250,2.5);
#172=CIRCLE('',#2252,4.75);
#173=CIRCLE('',#2254,2.5);
#174=CIRCLE('',#2256,4.75);
#175=CIRCLE('',#2257,2.5);
#176=CIRCLE('',#2259,4.75);
#177=CIRCLE('',#2261,2.5);
#178=CIRCLE('',#2263,4.75);
#179=CIRCLE('',#2264,2.5);
#180=CIRCLE('',#2266,4.75);
#181=CIRCLE('',#2268,2.5);
#182=CIRCLE('',#2270,4.75);
#183=CIRCLE('',#2271,2.5);
#184=CIRCLE('',#2273,4.75);
#185=CIRCLE('',#2275,2.5);
#186=CIRCLE('',#2277,4.75);
#187=CIRCLE('',#2278,2.5);
#188=CIRCLE('',#2280,4.75);
#189=CIRCLE('',#2282,2.5);
#190=CIRCLE('',#2284,4.75);
#191=CIRCLE('',#2285,2.5);
#192=CIRCLE('',#2287,4.75);
#193=CIRCLE('',#2289,2.5);
#194=CIRCLE('',#2291,4.75);
#195=CIRCLE('',#2292,2.5);
#196=CIRCLE('',#2294,4.75);
#197=CIRCLE('',#2296,2.5);
#198=CIRCLE('',#2298,4.75);
#199=CIRCLE('',#2299,2.5);
#200=CIRCLE('',#2301,4.75);
#201=CIRCLE('',#2303,2.5);
#202=CIRCLE('',#2305,4.75);
#203=CIRCLE('',#2306,2.5);
#204=CIRCLE('',#2308,4.75);
#205=CIRCLE('',#2310,2.5);
#206=CIRCLE('',#2312,4.75);
#207=CIRCLE('',#2313,2.5);
#208=CIRCLE('',#2315,4.75);
#209=CIRCLE('',#2317,2.5);
#210=CIRCLE('',#2322,2.5);
#211=CIRCLE('',#2323,2.5);
#212=CIRCLE('',#2324,2.5);
#213=CIRCLE('',#2325,2.5);
#214=CIRCLE('',#2326,2.5);
#215=CIRCLE('',#2327,2.5);
#216=CIRCLE('',#2341,1.5);
#217=CIRCLE('',#2343,1.5);
#218=CIRCLE('',#2344,1.5);
#219=CIRCLE('',#2346,1.5);
#220=CIRCLE('',#2348,1.5);
#221=CIRCLE('',#2349,1.5);
#222=CIRCLE('',#2361,3.00000000000104);
#223=CIRCLE('',#2362,3.0000000000011);
#224=CIRCLE('',#2363,2.99999999999895);
#225=CIRCLE('',#2364,2.99999999999891);
#226=CIRCLE('',#2369,3.);
#227=CIRCLE('',#2372,3.);
#228=CIRCLE('',#2378,4.75);
#229=CIRCLE('',#2379,4.75);
#230=CIRCLE('',#2380,4.75);
#231=CIRCLE('',#2381,4.75);
#232=CIRCLE('',#2382,4.75);
#233=CIRCLE('',#2383,4.75);
#234=CIRCLE('',#2385,3.);
#235=CIRCLE('',#2389,3.);
#236=CIRCLE('',#2391,4.75);
#237=CIRCLE('',#2392,2.5);
#238=CIRCLE('',#2396,4.75);
#239=CIRCLE('',#2397,2.5);
#240=CIRCLE('',#2401,4.75);
#241=CIRCLE('',#2402,2.5);
#242=CIRCLE('',#2406,4.75);
#243=CIRCLE('',#2407,2.5);
#244=CIRCLE('',#2411,4.75);
#245=CIRCLE('',#2412,2.5);
#246=CIRCLE('',#2416,4.75);
#247=CIRCLE('',#2417,2.5);
#248=FACE_OUTER_BOUND('',#366,.T.);
#249=FACE_OUTER_BOUND('',#367,.T.);
#250=FACE_OUTER_BOUND('',#369,.T.);
#251=FACE_OUTER_BOUND('',#370,.T.);
#252=FACE_OUTER_BOUND('',#372,.T.);
#253=FACE_OUTER_BOUND('',#374,.T.);
#254=FACE_OUTER_BOUND('',#375,.T.);
#255=FACE_OUTER_BOUND('',#376,.T.);
#256=FACE_OUTER_BOUND('',#378,.T.);
#257=FACE_OUTER_BOUND('',#379,.T.);
#258=FACE_OUTER_BOUND('',#380,.T.);
#259=FACE_OUTER_BOUND('',#382,.T.);
#260=FACE_OUTER_BOUND('',#383,.T.);
#261=FACE_OUTER_BOUND('',#384,.T.);
#262=FACE_OUTER_BOUND('',#386,.T.);
#263=FACE_OUTER_BOUND('',#387,.T.);
#264=FACE_OUTER_BOUND('',#388,.T.);
#265=FACE_OUTER_BOUND('',#390,.T.);
#266=FACE_OUTER_BOUND('',#391,.T.);
#267=FACE_OUTER_BOUND('',#392,.T.);
#268=FACE_OUTER_BOUND('',#394,.T.);
#269=FACE_OUTER_BOUND('',#395,.T.);
#270=FACE_OUTER_BOUND('',#396,.T.);
#271=FACE_OUTER_BOUND('',#398,.T.);
#272=FACE_OUTER_BOUND('',#399,.T.);
#273=FACE_OUTER_BOUND('',#400,.T.);
#274=FACE_OUTER_BOUND('',#402,.T.);
#275=FACE_OUTER_BOUND('',#403,.T.);
#276=FACE_OUTER_BOUND('',#404,.T.);
#277=FACE_OUTER_BOUND('',#406,.T.);
#278=FACE_OUTER_BOUND('',#407,.T.);
#279=FACE_OUTER_BOUND('',#408,.T.);
#280=FACE_OUTER_BOUND('',#410,.T.);
#281=FACE_OUTER_BOUND('',#411,.T.);
#282=FACE_OUTER_BOUND('',#412,.T.);
#283=FACE_OUTER_BOUND('',#414,.T.);
#284=FACE_OUTER_BOUND('',#415,.T.);
#285=FACE_OUTER_BOUND('',#416,.T.);
#286=FACE_OUTER_BOUND('',#418,.T.);
#287=FACE_OUTER_BOUND('',#419,.T.);
#288=FACE_OUTER_BOUND('',#420,.T.);
#289=FACE_OUTER_BOUND('',#422,.T.);
#290=FACE_OUTER_BOUND('',#423,.T.);
#291=FACE_OUTER_BOUND('',#424,.T.);
#292=FACE_OUTER_BOUND('',#426,.T.);
#293=FACE_OUTER_BOUND('',#427,.T.);
#294=FACE_OUTER_BOUND('',#428,.T.);
#295=FACE_OUTER_BOUND('',#430,.T.);
#296=FACE_OUTER_BOUND('',#431,.T.);
#297=FACE_OUTER_BOUND('',#432,.T.);
#298=FACE_OUTER_BOUND('',#434,.T.);
#299=FACE_OUTER_BOUND('',#435,.T.);
#300=FACE_OUTER_BOUND('',#436,.T.);
#301=FACE_OUTER_BOUND('',#439,.T.);
#302=FACE_OUTER_BOUND('',#440,.T.);
#303=FACE_OUTER_BOUND('',#447,.T.);
#304=FACE_OUTER_BOUND('',#454,.T.);
#305=FACE_OUTER_BOUND('',#455,.T.);
#306=FACE_OUTER_BOUND('',#458,.T.);
#307=FACE_OUTER_BOUND('',#459,.T.);
#308=FACE_OUTER_BOUND('',#460,.T.);
#309=FACE_OUTER_BOUND('',#467,.T.);
#310=FACE_OUTER_BOUND('',#468,.T.);
#311=FACE_OUTER_BOUND('',#469,.T.);
#312=FACE_OUTER_BOUND('',#470,.T.);
#313=FACE_OUTER_BOUND('',#471,.T.);
#314=FACE_OUTER_BOUND('',#472,.T.);
#315=FACE_OUTER_BOUND('',#473,.T.);
#316=FACE_OUTER_BOUND('',#474,.T.);
#317=FACE_OUTER_BOUND('',#475,.T.);
#318=FACE_OUTER_BOUND('',#476,.T.);
#319=FACE_OUTER_BOUND('',#477,.T.);
#320=FACE_OUTER_BOUND('',#478,.T.);
#321=FACE_OUTER_BOUND('',#480,.T.);
#322=FACE_OUTER_BOUND('',#482,.T.);
#323=FACE_OUTER_BOUND('',#484,.T.);
#324=FACE_OUTER_BOUND('',#486,.T.);
#325=FACE_OUTER_BOUND('',#488,.T.);
#326=FACE_OUTER_BOUND('',#489,.T.);
#327=FACE_OUTER_BOUND('',#490,.T.);
#328=FACE_OUTER_BOUND('',#491,.T.);
#329=FACE_OUTER_BOUND('',#493,.T.);
#330=FACE_OUTER_BOUND('',#495,.T.);
#331=FACE_OUTER_BOUND('',#497,.T.);
#332=FACE_OUTER_BOUND('',#498,.T.);
#333=FACE_OUTER_BOUND('',#499,.T.);
#334=FACE_OUTER_BOUND('',#500,.T.);
#335=FACE_OUTER_BOUND('',#501,.T.);
#336=FACE_OUTER_BOUND('',#506,.T.);
#337=FACE_OUTER_BOUND('',#507,.T.);
#338=FACE_OUTER_BOUND('',#514,.T.);
#339=FACE_OUTER_BOUND('',#515,.T.);
#340=FACE_OUTER_BOUND('',#516,.T.);
#341=FACE_OUTER_BOUND('',#517,.T.);
#342=FACE_OUTER_BOUND('',#524,.T.);
#343=FACE_OUTER_BOUND('',#525,.T.);
#344=FACE_OUTER_BOUND('',#526,.T.);
#345=FACE_OUTER_BOUND('',#533,.T.);
#346=FACE_OUTER_BOUND('',#534,.T.);
#347=FACE_OUTER_BOUND('',#536,.T.);
#348=FACE_OUTER_BOUND('',#537,.T.);
#349=FACE_OUTER_BOUND('',#538,.T.);
#350=FACE_OUTER_BOUND('',#540,.T.);
#351=FACE_OUTER_BOUND('',#541,.T.);
#352=FACE_OUTER_BOUND('',#542,.T.);
#353=FACE_OUTER_BOUND('',#544,.T.);
#354=FACE_OUTER_BOUND('',#545,.T.);
#355=FACE_OUTER_BOUND('',#546,.T.);
#356=FACE_OUTER_BOUND('',#548,.T.);
#357=FACE_OUTER_BOUND('',#549,.T.);
#358=FACE_OUTER_BOUND('',#550,.T.);
#359=FACE_OUTER_BOUND('',#552,.T.);
#360=FACE_OUTER_BOUND('',#553,.T.);
#361=FACE_OUTER_BOUND('',#554,.T.);
#362=FACE_OUTER_BOUND('',#556,.T.);
#363=FACE_OUTER_BOUND('',#557,.T.);
#364=FACE_OUTER_BOUND('',#558,.T.);
#365=FACE_OUTER_BOUND('',#560,.T.);
#366=EDGE_LOOP('',(#1420,#1421,#1422,#1423,#1424,#1425));
#367=EDGE_LOOP('',(#1426,#1427,#1428,#1429,#1430,#1431,#1432,#1433));
#368=EDGE_LOOP('',(#1434));
#369=EDGE_LOOP('',(#1435,#1436,#1437,#1438,#1439,#1440));
#370=EDGE_LOOP('',(#1441,#1442,#1443,#1444,#1445,#1446,#1447,#1448,#1449,
#1450,#1451,#1452));
#371=EDGE_LOOP('',(#1453));
#372=EDGE_LOOP('',(#1454));
#373=EDGE_LOOP('',(#1455));
#374=EDGE_LOOP('',(#1456,#1457,#1458,#1459));
#375=EDGE_LOOP('',(#1460,#1461,#1462,#1463));
#376=EDGE_LOOP('',(#1464));
#377=EDGE_LOOP('',(#1465));
#378=EDGE_LOOP('',(#1466,#1467,#1468,#1469));
#379=EDGE_LOOP('',(#1470,#1471,#1472,#1473));
#380=EDGE_LOOP('',(#1474));
#381=EDGE_LOOP('',(#1475));
#382=EDGE_LOOP('',(#1476,#1477,#1478,#1479));
#383=EDGE_LOOP('',(#1480,#1481,#1482,#1483));
#384=EDGE_LOOP('',(#1484));
#385=EDGE_LOOP('',(#1485));
#386=EDGE_LOOP('',(#1486,#1487,#1488,#1489));
#387=EDGE_LOOP('',(#1490,#1491,#1492,#1493));
#388=EDGE_LOOP('',(#1494));
#389=EDGE_LOOP('',(#1495));
#390=EDGE_LOOP('',(#1496,#1497,#1498,#1499));
#391=EDGE_LOOP('',(#1500,#1501,#1502,#1503));
#392=EDGE_LOOP('',(#1504));
#393=EDGE_LOOP('',(#1505));
#394=EDGE_LOOP('',(#1506,#1507,#1508,#1509));
#395=EDGE_LOOP('',(#1510,#1511,#1512,#1513));
#396=EDGE_LOOP('',(#1514));
#397=EDGE_LOOP('',(#1515));
#398=EDGE_LOOP('',(#1516,#1517,#1518,#1519));
#399=EDGE_LOOP('',(#1520,#1521,#1522,#1523));
#400=EDGE_LOOP('',(#1524));
#401=EDGE_LOOP('',(#1525));
#402=EDGE_LOOP('',(#1526,#1527,#1528,#1529));
#403=EDGE_LOOP('',(#1530,#1531,#1532,#1533));
#404=EDGE_LOOP('',(#1534));
#405=EDGE_LOOP('',(#1535));
#406=EDGE_LOOP('',(#1536,#1537,#1538,#1539));
#407=EDGE_LOOP('',(#1540,#1541,#1542,#1543));
#408=EDGE_LOOP('',(#1544));
#409=EDGE_LOOP('',(#1545));
#410=EDGE_LOOP('',(#1546,#1547,#1548,#1549));
#411=EDGE_LOOP('',(#1550,#1551,#1552,#1553));
#412=EDGE_LOOP('',(#1554));
#413=EDGE_LOOP('',(#1555));
#414=EDGE_LOOP('',(#1556,#1557,#1558,#1559));
#415=EDGE_LOOP('',(#1560,#1561,#1562,#1563));
#416=EDGE_LOOP('',(#1564));
#417=EDGE_LOOP('',(#1565));
#418=EDGE_LOOP('',(#1566,#1567,#1568,#1569));
#419=EDGE_LOOP('',(#1570,#1571,#1572,#1573));
#420=EDGE_LOOP('',(#1574));
#421=EDGE_LOOP('',(#1575));
#422=EDGE_LOOP('',(#1576,#1577,#1578,#1579));
#423=EDGE_LOOP('',(#1580,#1581,#1582,#1583));
#424=EDGE_LOOP('',(#1584));
#425=EDGE_LOOP('',(#1585));
#426=EDGE_LOOP('',(#1586,#1587,#1588,#1589));
#427=EDGE_LOOP('',(#1590,#1591,#1592,#1593));
#428=EDGE_LOOP('',(#1594));
#429=EDGE_LOOP('',(#1595));
#430=EDGE_LOOP('',(#1596,#1597,#1598,#1599));
#431=EDGE_LOOP('',(#1600,#1601,#1602,#1603));
#432=EDGE_LOOP('',(#1604));
#433=EDGE_LOOP('',(#1605));
#434=EDGE_LOOP('',(#1606,#1607,#1608,#1609));
#435=EDGE_LOOP('',(#1610,#1611,#1612,#1613));
#436=EDGE_LOOP('',(#1614,#1615,#1616,#1617));
#437=EDGE_LOOP('',(#1618));
#438=EDGE_LOOP('',(#1619));
#439=EDGE_LOOP('',(#1620,#1621,#1622,#1623));
#440=EDGE_LOOP('',(#1624,#1625,#1626,#1627));
#441=EDGE_LOOP('',(#1628));
#442=EDGE_LOOP('',(#1629));
#443=EDGE_LOOP('',(#1630));
#444=EDGE_LOOP('',(#1631));
#445=EDGE_LOOP('',(#1632));
#446=EDGE_LOOP('',(#1633));
#447=EDGE_LOOP('',(#1634,#1635,#1636,#1637));
#448=EDGE_LOOP('',(#1638));
#449=EDGE_LOOP('',(#1639));
#450=EDGE_LOOP('',(#1640));
#451=EDGE_LOOP('',(#1641));
#452=EDGE_LOOP('',(#1642));
#453=EDGE_LOOP('',(#1643));
#454=EDGE_LOOP('',(#1644,#1645,#1646,#1647));
#455=EDGE_LOOP('',(#1648,#1649,#1650,#1651));
#456=EDGE_LOOP('',(#1652));
#457=EDGE_LOOP('',(#1653));
#458=EDGE_LOOP('',(#1654,#1655,#1656,#1657));
#459=EDGE_LOOP('',(#1658,#1659,#1660,#1661,#1662,#1663,#1664,#1665,#1666,
#1667,#1668,#1669,#1670,#1671,#1672,#1673,#1674,#1675));
#460=EDGE_LOOP('',(#1676,#1677,#1678,#1679,#1680,#1681));
#461=EDGE_LOOP('',(#1682));
#462=EDGE_LOOP('',(#1683));
#463=EDGE_LOOP('',(#1684));
#464=EDGE_LOOP('',(#1685));
#465=EDGE_LOOP('',(#1686));
#466=EDGE_LOOP('',(#1687));
#467=EDGE_LOOP('',(#1688,#1689,#1690,#1691,#1692,#1693,#1694,#1695));
#468=EDGE_LOOP('',(#1696,#1697,#1698,#1699,#1700,#1701));
#469=EDGE_LOOP('',(#1702,#1703,#1704,#1705,#1706,#1707));
#470=EDGE_LOOP('',(#1708,#1709,#1710,#1711,#1712,#1713));
#471=EDGE_LOOP('',(#1714,#1715,#1716,#1717,#1718,#1719));
#472=EDGE_LOOP('',(#1720,#1721,#1722,#1723,#1724,#1725));
#473=EDGE_LOOP('',(#1726,#1727,#1728,#1729,#1730,#1731));
#474=EDGE_LOOP('',(#1732,#1733,#1734,#1735));
#475=EDGE_LOOP('',(#1736,#1737,#1738,#1739));
#476=EDGE_LOOP('',(#1740,#1741,#1742,#1743));
#477=EDGE_LOOP('',(#1744,#1745,#1746,#1747));
#478=EDGE_LOOP('',(#1748,#1749,#1750,#1751));
#479=EDGE_LOOP('',(#1752));
#480=EDGE_LOOP('',(#1753,#1754,#1755,#1756));
#481=EDGE_LOOP('',(#1757));
#482=EDGE_LOOP('',(#1758,#1759,#1760,#1761));
#483=EDGE_LOOP('',(#1762));
#484=EDGE_LOOP('',(#1763,#1764,#1765,#1766));
#485=EDGE_LOOP('',(#1767));
#486=EDGE_LOOP('',(#1768,#1769,#1770,#1771));
#487=EDGE_LOOP('',(#1772,#1773,#1774,#1775));
#488=EDGE_LOOP('',(#1776,#1777,#1778,#1779));
#489=EDGE_LOOP('',(#1780,#1781,#1782,#1783,#1784,#1785));
#490=EDGE_LOOP('',(#1786,#1787,#1788,#1789,#1790,#1791,#1792,#1793));
#491=EDGE_LOOP('',(#1794,#1795,#1796,#1797));
#492=EDGE_LOOP('',(#1798));
#493=EDGE_LOOP('',(#1799,#1800,#1801,#1802,#1803,#1804,#1805,#1806));
#494=EDGE_LOOP('',(#1807));
#495=EDGE_LOOP('',(#1808,#1809,#1810,#1811,#1812,#1813,#1814,#1815));
#496=EDGE_LOOP('',(#1816,#1817,#1818,#1819));
#497=EDGE_LOOP('',(#1820,#1821,#1822,#1823,#1824,#1825));
#498=EDGE_LOOP('',(#1826,#1827,#1828,#1829,#1830,#1831));
#499=EDGE_LOOP('',(#1832,#1833,#1834,#1835,#1836,#1837));
#500=EDGE_LOOP('',(#1838,#1839,#1840,#1841));
#501=EDGE_LOOP('',(#1842,#1843,#1844,#1845));
#502=EDGE_LOOP('',(#1846));
#503=EDGE_LOOP('',(#1847));
#504=EDGE_LOOP('',(#1848));
#505=EDGE_LOOP('',(#1849));
#506=EDGE_LOOP('',(#1850,#1851,#1852,#1853));
#507=EDGE_LOOP('',(#1854,#1855,#1856,#1857));
#508=EDGE_LOOP('',(#1858));
#509=EDGE_LOOP('',(#1859));
#510=EDGE_LOOP('',(#1860));
#511=EDGE_LOOP('',(#1861));
#512=EDGE_LOOP('',(#1862));
#513=EDGE_LOOP('',(#1863));
#514=EDGE_LOOP('',(#1864,#1865,#1866,#1867,#1868,#1869));
#515=EDGE_LOOP('',(#1870,#1871,#1872,#1873,#1874,#1875,#1876,#1877));
#516=EDGE_LOOP('',(#1878,#1879,#1880,#1881));
#517=EDGE_LOOP('',(#1882,#1883,#1884,#1885));
#518=EDGE_LOOP('',(#1886));
#519=EDGE_LOOP('',(#1887));
#520=EDGE_LOOP('',(#1888));
#521=EDGE_LOOP('',(#1889));
#522=EDGE_LOOP('',(#1890));
#523=EDGE_LOOP('',(#1891));
#524=EDGE_LOOP('',(#1892,#1893,#1894,#1895));
#525=EDGE_LOOP('',(#1896,#1897,#1898,#1899,#1900,#1901));
#526=EDGE_LOOP('',(#1902,#1903,#1904,#1905));
#527=EDGE_LOOP('',(#1906));
#528=EDGE_LOOP('',(#1907));
#529=EDGE_LOOP('',(#1908));
#530=EDGE_LOOP('',(#1909));
#531=EDGE_LOOP('',(#1910));
#532=EDGE_LOOP('',(#1911));
#533=EDGE_LOOP('',(#1912,#1913,#1914,#1915));
#534=EDGE_LOOP('',(#1916));
#535=EDGE_LOOP('',(#1917));
#536=EDGE_LOOP('',(#1918,#1919,#1920,#1921));
#537=EDGE_LOOP('',(#1922,#1923,#1924,#1925));
#538=EDGE_LOOP('',(#1926));
#539=EDGE_LOOP('',(#1927));
#540=EDGE_LOOP('',(#1928,#1929,#1930,#1931));
#541=EDGE_LOOP('',(#1932,#1933,#1934,#1935));
#542=EDGE_LOOP('',(#1936));
#543=EDGE_LOOP('',(#1937));
#544=EDGE_LOOP('',(#1938,#1939,#1940,#1941));
#545=EDGE_LOOP('',(#1942,#1943,#1944,#1945));
#546=EDGE_LOOP('',(#1946));
#547=EDGE_LOOP('',(#1947));
#548=EDGE_LOOP('',(#1948,#1949,#1950,#1951));
#549=EDGE_LOOP('',(#1952,#1953,#1954,#1955));
#550=EDGE_LOOP('',(#1956));
#551=EDGE_LOOP('',(#1957));
#552=EDGE_LOOP('',(#1958,#1959,#1960,#1961));
#553=EDGE_LOOP('',(#1962,#1963,#1964,#1965));
#554=EDGE_LOOP('',(#1966));
#555=EDGE_LOOP('',(#1967));
#556=EDGE_LOOP('',(#1968,#1969,#1970,#1971));
#557=EDGE_LOOP('',(#1972,#1973,#1974,#1975));
#558=EDGE_LOOP('',(#1976,#1977,#1978,#1979,#1980,#1981,#1982,#1983));
#559=EDGE_LOOP('',(#1984,#1985,#1986,#1987,#1988,#1989,#1990,#1991));
#560=EDGE_LOOP('',(#1992,#1993,#1994,#1995,#1996,#1997,#1998,#1999,#2000,
#2001));
#561=LINE('',#3059,#748);
#562=LINE('',#3061,#749);
#563=LINE('',#3063,#750);
#564=LINE('',#3065,#751);
#565=LINE('',#3067,#752);
#566=LINE('',#3068,#753);
#567=LINE('',#3071,#754);
#568=LINE('',#3073,#755);
#569=LINE('',#3075,#756);
#570=LINE('',#3077,#757);
#571=LINE('',#3079,#758);
#572=LINE('',#3081,#759);
#573=LINE('',#3082,#760);
#574=LINE('',#3088,#761);
#575=LINE('',#3090,#762);
#576=LINE('',#3092,#763);
#577=LINE('',#3094,#764);
#578=LINE('',#3096,#765);
#579=LINE('',#3097,#766);
#580=LINE('',#3100,#767);
#581=LINE('',#3102,#768);
#582=LINE('',#3103,#769);
#583=LINE('',#3105,#770);
#584=LINE('',#3107,#771);
#585=LINE('',#3109,#772);
#586=LINE('',#3110,#773);
#587=LINE('',#3112,#774);
#588=LINE('',#3113,#775);
#589=LINE('',#3124,#776);
#590=LINE('',#3127,#777);
#591=LINE('',#3137,#778);
#592=LINE('',#3140,#779);
#593=LINE('',#3150,#780);
#594=LINE('',#3153,#781);
#595=LINE('',#3163,#782);
#596=LINE('',#3166,#783);
#597=LINE('',#3176,#784);
#598=LINE('',#3179,#785);
#599=LINE('',#3189,#786);
#600=LINE('',#3192,#787);
#601=LINE('',#3202,#788);
#602=LINE('',#3205,#789);
#603=LINE('',#3215,#790);
#604=LINE('',#3218,#791);
#605=LINE('',#3228,#792);
#606=LINE('',#3231,#793);
#607=LINE('',#3241,#794);
#608=LINE('',#3244,#795);
#609=LINE('',#3254,#796);
#610=LINE('',#3257,#797);
#611=LINE('',#3267,#798);
#612=LINE('',#3270,#799);
#613=LINE('',#3280,#800);
#614=LINE('',#3283,#801);
#615=LINE('',#3293,#802);
#616=LINE('',#3296,#803);
#617=LINE('',#3306,#804);
#618=LINE('',#3309,#805);
#619=LINE('',#3319,#806);
#620=LINE('',#3322,#807);
#621=LINE('',#3327,#808);
#622=LINE('',#3329,#809);
#623=LINE('',#3331,#810);
#624=LINE('',#3332,#811);
#625=LINE('',#3335,#812);
#626=LINE('',#3337,#813);
#627=LINE('',#3338,#814);
#628=LINE('',#3341,#815);
#629=LINE('',#3343,#816);
#630=LINE('',#3344,#817);
#631=LINE('',#3347,#818);
#632=LINE('',#3349,#819);
#633=LINE('',#3350,#820);
#634=LINE('',#3366,#821);
#635=LINE('',#3368,#822);
#636=LINE('',#3370,#823);
#637=LINE('',#3371,#824);
#638=LINE('',#3374,#825);
#639=LINE('',#3376,#826);
#640=LINE('',#3377,#827);
#641=LINE('',#3380,#828);
#642=LINE('',#3381,#829);
#643=LINE('',#3383,#830);
#644=LINE('',#3385,#831);
#645=LINE('',#3387,#832);
#646=LINE('',#3389,#833);
#647=LINE('',#3391,#834);
#648=LINE('',#3393,#835);
#649=LINE('',#3395,#836);
#650=LINE('',#3397,#837);
#651=LINE('',#3399,#838);
#652=LINE('',#3401,#839);
#653=LINE('',#3403,#840);
#654=LINE('',#3405,#841);
#655=LINE('',#3407,#842);
#656=LINE('',#3409,#843);
#657=LINE('',#3410,#844);
#658=LINE('',#3412,#845);
#659=LINE('',#3413,#846);
#660=LINE('',#3416,#847);
#661=LINE('',#3418,#848);
#662=LINE('',#3420,#849);
#663=LINE('',#3422,#850);
#664=LINE('',#3424,#851);
#665=LINE('',#3426,#852);
#666=LINE('',#3427,#853);
#667=LINE('',#3430,#854);
#668=LINE('',#3432,#855);
#669=LINE('',#3433,#856);
#670=LINE('',#3434,#857);
#671=LINE('',#3437,#858);
#672=LINE('',#3439,#859);
#673=LINE('',#3441,#860);
#674=LINE('',#3443,#861);
#675=LINE('',#3444,#862);
#676=LINE('',#3447,#863);
#677=LINE('',#3448,#864);
#678=LINE('',#3449,#865);
#679=LINE('',#3451,#866);
#680=LINE('',#3453,#867);
#681=LINE('',#3454,#868);
#682=LINE('',#3456,#869);
#683=LINE('',#3457,#870);
#684=LINE('',#3459,#871);
#685=LINE('',#3460,#872);
#686=LINE('',#3463,#873);
#687=LINE('',#3469,#874);
#688=LINE('',#3474,#875);
#689=LINE('',#3479,#876);
#690=LINE('',#3484,#877);
#691=LINE('',#3486,#878);
#692=LINE('',#3488,#879);
#693=LINE('',#3489,#880);
#694=LINE('',#3492,#881);
#695=LINE('',#3494,#882);
#696=LINE('',#3495,#883);
#697=LINE('',#3498,#884);
#698=LINE('',#3500,#885);
#699=LINE('',#3501,#886);
#700=LINE('',#3503,#887);
#701=LINE('',#3504,#888);
#702=LINE('',#3507,#889);
#703=LINE('',#3508,#890);
#704=LINE('',#3510,#891);
#705=LINE('',#3513,#892);
#706=LINE('',#3514,#893);
#707=LINE('',#3517,#894);
#708=LINE('',#3519,#895);
#709=LINE('',#3520,#896);
#710=LINE('',#3522,#897);
#711=LINE('',#3523,#898);
#712=LINE('',#3525,#899);
#713=LINE('',#3527,#900);
#714=LINE('',#3533,#901);
#715=LINE('',#3537,#902);
#716=LINE('',#3541,#903);
#717=LINE('',#3544,#904);
#718=LINE('',#3546,#905);
#719=LINE('',#3548,#906);
#720=LINE('',#3552,#907);
#721=LINE('',#3555,#908);
#722=LINE('',#3558,#909);
#723=LINE('',#3559,#910);
#724=LINE('',#3562,#911);
#725=LINE('',#3566,#912);
#726=LINE('',#3567,#913);
#727=LINE('',#3569,#914);
#728=LINE('',#3572,#915);
#729=LINE('',#3573,#916);
#730=LINE('',#3575,#917);
#731=LINE('',#3578,#918);
#732=LINE('',#3580,#919);
#733=LINE('',#3581,#920);
#734=LINE('',#3599,#921);
#735=LINE('',#3600,#922);
#736=LINE('',#3609,#923);
#737=LINE('',#3611,#924);
#738=LINE('',#3618,#925);
#739=LINE('',#3620,#926);
#740=LINE('',#3627,#927);
#741=LINE('',#3629,#928);
#742=LINE('',#3636,#929);
#743=LINE('',#3638,#930);
#744=LINE('',#3645,#931);
#745=LINE('',#3647,#932);
#746=LINE('',#3654,#933);
#747=LINE('',#3656,#934);
#748=VECTOR('',#2426,10.);
#749=VECTOR('',#2427,10.);
#750=VECTOR('',#2428,10.);
#751=VECTOR('',#2429,10.);
#752=VECTOR('',#2430,10.);
#753=VECTOR('',#2431,10.);
#754=VECTOR('',#2434,10.);
#755=VECTOR('',#2435,10.);
#756=VECTOR('',#2436,10.);
#757=VECTOR('',#2437,10.);
#758=VECTOR('',#2438,10.);
#759=VECTOR('',#2439,10.);
#760=VECTOR('',#2440,10.);
#761=VECTOR('',#2445,10.);
#762=VECTOR('',#2446,10.);
#763=VECTOR('',#2447,10.);
#764=VECTOR('',#2448,10.);
#765=VECTOR('',#2449,10.);
#766=VECTOR('',#2450,10.);
#767=VECTOR('',#2453,10.);
#768=VECTOR('',#2454,10.);
#769=VECTOR('',#2455,10.);
#770=VECTOR('',#2456,10.);
#771=VECTOR('',#2457,10.);
#772=VECTOR('',#2458,10.);
#773=VECTOR('',#2459,10.);
#774=VECTOR('',#2460,10.);
#775=VECTOR('',#2461,10.);
#776=VECTOR('',#2474,4.75);
#777=VECTOR('',#2477,2.5);
#778=VECTOR('',#2490,4.75);
#779=VECTOR('',#2493,2.5);
#780=VECTOR('',#2506,4.75);
#781=VECTOR('',#2509,2.5);
#782=VECTOR('',#2522,4.75);
#783=VECTOR('',#2525,2.5);
#784=VECTOR('',#2538,4.75);
#785=VECTOR('',#2541,2.5);
#786=VECTOR('',#2554,4.75);
#787=VECTOR('',#2557,2.5);
#788=VECTOR('',#2570,4.75);
#789=VECTOR('',#2573,2.5);
#790=VECTOR('',#2586,4.75);
#791=VECTOR('',#2589,2.5);
#792=VECTOR('',#2602,4.75);
#793=VECTOR('',#2605,2.5);
#794=VECTOR('',#2618,4.75);
#795=VECTOR('',#2621,2.5);
#796=VECTOR('',#2634,4.75);
#797=VECTOR('',#2637,2.5);
#798=VECTOR('',#2650,4.75);
#799=VECTOR('',#2653,2.5);
#800=VECTOR('',#2666,4.75);
#801=VECTOR('',#2669,2.5);
#802=VECTOR('',#2682,4.75);
#803=VECTOR('',#2685,2.5);
#804=VECTOR('',#2698,4.75);
#805=VECTOR('',#2701,2.5);
#806=VECTOR('',#2714,4.75);
#807=VECTOR('',#2717,2.5);
#808=VECTOR('',#2722,10.);
#809=VECTOR('',#2723,10.);
#810=VECTOR('',#2724,10.);
#811=VECTOR('',#2725,10.);
#812=VECTOR('',#2728,10.);
#813=VECTOR('',#2729,10.);
#814=VECTOR('',#2730,10.);
#815=VECTOR('',#2733,10.);
#816=VECTOR('',#2734,10.);
#817=VECTOR('',#2735,10.);
#818=VECTOR('',#2738,10.);
#819=VECTOR('',#2739,10.);
#820=VECTOR('',#2740,10.);
#821=VECTOR('',#2755,10.);
#822=VECTOR('',#2756,10.);
#823=VECTOR('',#2757,10.);
#824=VECTOR('',#2758,10.);
#825=VECTOR('',#2761,10.);
#826=VECTOR('',#2762,10.);
#827=VECTOR('',#2763,10.);
#828=VECTOR('',#2766,10.);
#829=VECTOR('',#2767,10.);
#830=VECTOR('',#2770,10.);
#831=VECTOR('',#2771,10.);
#832=VECTOR('',#2772,10.);
#833=VECTOR('',#2773,10.);
#834=VECTOR('',#2774,10.);
#835=VECTOR('',#2775,10.);
#836=VECTOR('',#2776,10.);
#837=VECTOR('',#2777,10.);
#838=VECTOR('',#2778,10.);
#839=VECTOR('',#2779,10.);
#840=VECTOR('',#2780,10.);
#841=VECTOR('',#2781,10.);
#842=VECTOR('',#2782,10.);
#843=VECTOR('',#2783,10.);
#844=VECTOR('',#2784,10.);
#845=VECTOR('',#2787,10.);
#846=VECTOR('',#2788,10.);
#847=VECTOR('',#2791,10.);
#848=VECTOR('',#2792,10.);
#849=VECTOR('',#2793,10.);
#850=VECTOR('',#2794,10.);
#851=VECTOR('',#2795,10.);
#852=VECTOR('',#2796,10.);
#853=VECTOR('',#2797,10.);
#854=VECTOR('',#2800,10.);
#855=VECTOR('',#2801,10.);
#856=VECTOR('',#2802,10.);
#857=VECTOR('',#2803,10.);
#858=VECTOR('',#2806,10.);
#859=VECTOR('',#2807,10.);
#860=VECTOR('',#2808,10.);
#861=VECTOR('',#2809,10.);
#862=VECTOR('',#2810,10.);
#863=VECTOR('',#2813,10.);
#864=VECTOR('',#2814,10.);
#865=VECTOR('',#2815,10.);
#866=VECTOR('',#2818,10.);
#867=VECTOR('',#2819,10.);
#868=VECTOR('',#2820,10.);
#869=VECTOR('',#2823,10.);
#870=VECTOR('',#2824,10.);
#871=VECTOR('',#2827,10.);
#872=VECTOR('',#2828,10.);
#873=VECTOR('',#2831,1.5);
#874=VECTOR('',#2838,1.5);
#875=VECTOR('',#2845,1.5);
#876=VECTOR('',#2850,1.5);
#877=VECTOR('',#2855,10.);
#878=VECTOR('',#2856,10.);
#879=VECTOR('',#2857,10.);
#880=VECTOR('',#2858,10.);
#881=VECTOR('',#2861,10.);
#882=VECTOR('',#2862,10.);
#883=VECTOR('',#2863,10.);
#884=VECTOR('',#2866,10.);
#885=VECTOR('',#2867,10.);
#886=VECTOR('',#2868,10.);
#887=VECTOR('',#2871,10.);
#888=VECTOR('',#2872,10.);
#889=VECTOR('',#2875,10.);
#890=VECTOR('',#2876,10.);
#891=VECTOR('',#2879,10.);
#892=VECTOR('',#2882,10.);
#893=VECTOR('',#2883,10.);
#894=VECTOR('',#2886,10.);
#895=VECTOR('',#2887,10.);
#896=VECTOR('',#2888,10.);
#897=VECTOR('',#2889,10.);
#898=VECTOR('',#2890,10.);
#899=VECTOR('',#2893,10.);
#900=VECTOR('',#2896,10.);
#901=VECTOR('',#2901,10.);
#902=VECTOR('',#2904,10.);
#903=VECTOR('',#2907,10.);
#904=VECTOR('',#2910,10.);
#905=VECTOR('',#2913,10.);
#906=VECTOR('',#2916,10.);
#907=VECTOR('',#2921,10.);
#908=VECTOR('',#2924,10.);
#909=VECTOR('',#2927,10.);
#910=VECTOR('',#2928,10.);
#911=VECTOR('',#2931,10.);
#912=VECTOR('',#2936,10.);
#913=VECTOR('',#2937,10.);
#914=VECTOR('',#2940,10.);
#915=VECTOR('',#2943,10.);
#916=VECTOR('',#2944,10.);
#917=VECTOR('',#2947,10.);
#918=VECTOR('',#2950,10.);
#919=VECTOR('',#2951,10.);
#920=VECTOR('',#2952,10.);
#921=VECTOR('',#2973,10.);
#922=VECTOR('',#2974,10.);
#923=VECTOR('',#2987,4.75);
#924=VECTOR('',#2990,2.5);
#925=VECTOR('',#2999,4.75);
#926=VECTOR('',#3002,2.5);
#927=VECTOR('',#3011,4.75);
#928=VECTOR('',#3014,2.5);
#929=VECTOR('',#3023,4.75);
#930=VECTOR('',#3026,2.5);
#931=VECTOR('',#3035,4.75);
#932=VECTOR('',#3038,2.5);
#933=VECTOR('',#3047,4.75);
#934=VECTOR('',#3050,2.5);
#935=VERTEX_POINT('',#3057);
#936=VERTEX_POINT('',#3058);
#937=VERTEX_POINT('',#3060);
#938=VERTEX_POINT('',#3062);
#939=VERTEX_POINT('',#3064);
#940=VERTEX_POINT('',#3066);
#941=VERTEX_POINT('',#3070);
#942=VERTEX_POINT('',#3072);
#943=VERTEX_POINT('',#3074);
#944=VERTEX_POINT('',#3076);
#945=VERTEX_POINT('',#3078);
#946=VERTEX_POINT('',#3080);
#947=VERTEX_POINT('',#3083);
#948=VERTEX_POINT('',#3086);
#949=VERTEX_POINT('',#3087);
#950=VERTEX_POINT('',#3089);
#951=VERTEX_POINT('',#3091);
#952=VERTEX_POINT('',#3093);
#953=VERTEX_POINT('',#3095);
#954=VERTEX_POINT('',#3099);
#955=VERTEX_POINT('',#3101);
#956=VERTEX_POINT('',#3104);
#957=VERTEX_POINT('',#3106);
#958=VERTEX_POINT('',#3108);
#959=VERTEX_POINT('',#3111);
#960=VERTEX_POINT('',#3114);
#961=VERTEX_POINT('',#3117);
#962=VERTEX_POINT('',#3119);
#963=VERTEX_POINT('',#3122);
#964=VERTEX_POINT('',#3126);
#965=VERTEX_POINT('',#3130);
#966=VERTEX_POINT('',#3132);
#967=VERTEX_POINT('',#3135);
#968=VERTEX_POINT('',#3139);
#969=VERTEX_POINT('',#3143);
#970=VERTEX_POINT('',#3145);
#971=VERTEX_POINT('',#3148);
#972=VERTEX_POINT('',#3152);
#973=VERTEX_POINT('',#3156);
#974=VERTEX_POINT('',#3158);
#975=VERTEX_POINT('',#3161);
#976=VERTEX_POINT('',#3165);
#977=VERTEX_POINT('',#3169);
#978=VERTEX_POINT('',#3171);
#979=VERTEX_POINT('',#3174);
#980=VERTEX_POINT('',#3178);
#981=VERTEX_POINT('',#3182);
#982=VERTEX_POINT('',#3184);
#983=VERTEX_POINT('',#3187);
#984=VERTEX_POINT('',#3191);
#985=VERTEX_POINT('',#3195);
#986=VERTEX_POINT('',#3197);
#987=VERTEX_POINT('',#3200);
#988=VERTEX_POINT('',#3204);
#989=VERTEX_POINT('',#3208);
#990=VERTEX_POINT('',#3210);
#991=VERTEX_POINT('',#3213);
#992=VERTEX_POINT('',#3217);
#993=VERTEX_POINT('',#3221);
#994=VERTEX_POINT('',#3223);
#995=VERTEX_POINT('',#3226);
#996=VERTEX_POINT('',#3230);
#997=VERTEX_POINT('',#3234);
#998=VERTEX_POINT('',#3236);
#999=VERTEX_POINT('',#3239);
#1000=VERTEX_POINT('',#3243);
#1001=VERTEX_POINT('',#3247);
#1002=VERTEX_POINT('',#3249);
#1003=VERTEX_POINT('',#3252);
#1004=VERTEX_POINT('',#3256);
#1005=VERTEX_POINT('',#3260);
#1006=VERTEX_POINT('',#3262);
#1007=VERTEX_POINT('',#3265);
#1008=VERTEX_POINT('',#3269);
#1009=VERTEX_POINT('',#3273);
#1010=VERTEX_POINT('',#3275);
#1011=VERTEX_POINT('',#3278);
#1012=VERTEX_POINT('',#3282);
#1013=VERTEX_POINT('',#3286);
#1014=VERTEX_POINT('',#3288);
#1015=VERTEX_POINT('',#3291);
#1016=VERTEX_POINT('',#3295);
#1017=VERTEX_POINT('',#3299);
#1018=VERTEX_POINT('',#3301);
#1019=VERTEX_POINT('',#3304);
#1020=VERTEX_POINT('',#3308);
#1021=VERTEX_POINT('',#3312);
#1022=VERTEX_POINT('',#3314);
#1023=VERTEX_POINT('',#3317);
#1024=VERTEX_POINT('',#3321);
#1025=VERTEX_POINT('',#3325);
#1026=VERTEX_POINT('',#3326);
#1027=VERTEX_POINT('',#3328);
#1028=VERTEX_POINT('',#3330);
#1029=VERTEX_POINT('',#3334);
#1030=VERTEX_POINT('',#3336);
#1031=VERTEX_POINT('',#3340);
#1032=VERTEX_POINT('',#3342);
#1033=VERTEX_POINT('',#3346);
#1034=VERTEX_POINT('',#3348);
#1035=VERTEX_POINT('',#3351);
#1036=VERTEX_POINT('',#3353);
#1037=VERTEX_POINT('',#3355);
#1038=VERTEX_POINT('',#3357);
#1039=VERTEX_POINT('',#3359);
#1040=VERTEX_POINT('',#3361);
#1041=VERTEX_POINT('',#3364);
#1042=VERTEX_POINT('',#3365);
#1043=VERTEX_POINT('',#3367);
#1044=VERTEX_POINT('',#3369);
#1045=VERTEX_POINT('',#3373);
#1046=VERTEX_POINT('',#3375);
#1047=VERTEX_POINT('',#3379);
#1048=VERTEX_POINT('',#3384);
#1049=VERTEX_POINT('',#3386);
#1050=VERTEX_POINT('',#3388);
#1051=VERTEX_POINT('',#3390);
#1052=VERTEX_POINT('',#3392);
#1053=VERTEX_POINT('',#3394);
#1054=VERTEX_POINT('',#3396);
#1055=VERTEX_POINT('',#3398);
#1056=VERTEX_POINT('',#3400);
#1057=VERTEX_POINT('',#3402);
#1058=VERTEX_POINT('',#3404);
#1059=VERTEX_POINT('',#3406);
#1060=VERTEX_POINT('',#3408);
#1061=VERTEX_POINT('',#3415);
#1062=VERTEX_POINT('',#3417);
#1063=VERTEX_POINT('',#3419);
#1064=VERTEX_POINT('',#3421);
#1065=VERTEX_POINT('',#3423);
#1066=VERTEX_POINT('',#3425);
#1067=VERTEX_POINT('',#3429);
#1068=VERTEX_POINT('',#3431);
#1069=VERTEX_POINT('',#3436);
#1070=VERTEX_POINT('',#3438);
#1071=VERTEX_POINT('',#3440);
#1072=VERTEX_POINT('',#3442);
#1073=VERTEX_POINT('',#3446);
#1074=VERTEX_POINT('',#3452);
#1075=VERTEX_POINT('',#3462);
#1076=VERTEX_POINT('',#3466);
#1077=VERTEX_POINT('',#3468);
#1078=VERTEX_POINT('',#3472);
#1079=VERTEX_POINT('',#3476);
#1080=VERTEX_POINT('',#3478);
#1081=VERTEX_POINT('',#3482);
#1082=VERTEX_POINT('',#3483);
#1083=VERTEX_POINT('',#3485);
#1084=VERTEX_POINT('',#3487);
#1085=VERTEX_POINT('',#3491);
#1086=VERTEX_POINT('',#3493);
#1087=VERTEX_POINT('',#3497);
#1088=VERTEX_POINT('',#3499);
#1089=VERTEX_POINT('',#3506);
#1090=VERTEX_POINT('',#3512);
#1091=VERTEX_POINT('',#3516);
#1092=VERTEX_POINT('',#3518);
#1093=VERTEX_POINT('',#3521);
#1094=VERTEX_POINT('',#3529);
#1095=VERTEX_POINT('',#3530);
#1096=VERTEX_POINT('',#3532);
#1097=VERTEX_POINT('',#3534);
#1098=VERTEX_POINT('',#3536);
#1099=VERTEX_POINT('',#3538);
#1100=VERTEX_POINT('',#3540);
#1101=VERTEX_POINT('',#3542);
#1102=VERTEX_POINT('',#3551);
#1103=VERTEX_POINT('',#3553);
#1104=VERTEX_POINT('',#3557);
#1105=VERTEX_POINT('',#3561);
#1106=VERTEX_POINT('',#3565);
#1107=VERTEX_POINT('',#3571);
#1108=VERTEX_POINT('',#3577);
#1109=VERTEX_POINT('',#3579);
#1110=VERTEX_POINT('',#3582);
#1111=VERTEX_POINT('',#3584);
#1112=VERTEX_POINT('',#3586);
#1113=VERTEX_POINT('',#3588);
#1114=VERTEX_POINT('',#3590);
#1115=VERTEX_POINT('',#3592);
#1116=VERTEX_POINT('',#3598);
#1117=VERTEX_POINT('',#3604);
#1118=VERTEX_POINT('',#3606);
#1119=VERTEX_POINT('',#3613);
#1120=VERTEX_POINT('',#3615);
#1121=VERTEX_POINT('',#3622);
#1122=VERTEX_POINT('',#3624);
#1123=VERTEX_POINT('',#3631);
#1124=VERTEX_POINT('',#3633);
#1125=VERTEX_POINT('',#3640);
#1126=VERTEX_POINT('',#3642);
#1127=VERTEX_POINT('',#3649);
#1128=VERTEX_POINT('',#3651);
#1129=EDGE_CURVE('',#935,#936,#561,.T.);
#1130=EDGE_CURVE('',#935,#937,#562,.T.);
#1131=EDGE_CURVE('',#937,#938,#563,.T.);
#1132=EDGE_CURVE('',#939,#938,#564,.T.);
#1133=EDGE_CURVE('',#939,#940,#565,.T.);
#1134=EDGE_CURVE('',#940,#936,#566,.T.);
#1135=EDGE_CURVE('',#941,#939,#567,.T.);
#1136=EDGE_CURVE('',#938,#942,#568,.T.);
#1137=EDGE_CURVE('',#942,#943,#569,.T.);
#1138=EDGE_CURVE('',#943,#944,#570,.T.);
#1139=EDGE_CURVE('',#945,#944,#571,.T.);
#1140=EDGE_CURVE('',#946,#945,#572,.T.);
#1141=EDGE_CURVE('',#946,#941,#573,.T.);
#1142=EDGE_CURVE('',#947,#947,#144,.T.);
#1143=EDGE_CURVE('',#948,#949,#574,.T.);
#1144=EDGE_CURVE('',#948,#950,#575,.T.);
#1145=EDGE_CURVE('',#950,#951,#576,.T.);
#1146=EDGE_CURVE('',#952,#951,#577,.T.);
#1147=EDGE_CURVE('',#952,#953,#578,.T.);
#1148=EDGE_CURVE('',#953,#949,#579,.T.);
#1149=EDGE_CURVE('',#936,#954,#580,.T.);
#1150=EDGE_CURVE('',#954,#955,#581,.T.);
#1151=EDGE_CURVE('',#955,#952,#582,.T.);
#1152=EDGE_CURVE('',#951,#956,#583,.T.);
#1153=EDGE_CURVE('',#956,#957,#584,.T.);
#1154=EDGE_CURVE('',#957,#958,#585,.T.);
#1155=EDGE_CURVE('',#944,#958,#586,.T.);
#1156=EDGE_CURVE('',#943,#959,#587,.T.);
#1157=EDGE_CURVE('',#959,#935,#588,.T.);
#1158=EDGE_CURVE('',#960,#960,#145,.T.);
#1159=EDGE_CURVE('',#961,#961,#146,.T.);
#1160=EDGE_CURVE('',#962,#962,#147,.T.);
#1161=EDGE_CURVE('',#963,#963,#148,.T.);
#1162=EDGE_CURVE('',#963,#961,#589,.T.);
#1163=EDGE_CURVE('',#962,#964,#590,.T.);
#1164=EDGE_CURVE('',#964,#964,#149,.T.);
#1165=EDGE_CURVE('',#965,#965,#150,.T.);
#1166=EDGE_CURVE('',#966,#966,#151,.T.);
#1167=EDGE_CURVE('',#967,#967,#152,.T.);
#1168=EDGE_CURVE('',#967,#965,#591,.T.);
#1169=EDGE_CURVE('',#966,#968,#592,.T.);
#1170=EDGE_CURVE('',#968,#968,#153,.T.);
#1171=EDGE_CURVE('',#969,#969,#154,.T.);
#1172=EDGE_CURVE('',#970,#970,#155,.T.);
#1173=EDGE_CURVE('',#971,#971,#156,.T.);
#1174=EDGE_CURVE('',#971,#969,#593,.T.);
#1175=EDGE_CURVE('',#970,#972,#594,.T.);
#1176=EDGE_CURVE('',#972,#972,#157,.T.);
#1177=EDGE_CURVE('',#973,#973,#158,.T.);
#1178=EDGE_CURVE('',#974,#974,#159,.T.);
#1179=EDGE_CURVE('',#975,#975,#160,.T.);
#1180=EDGE_CURVE('',#975,#973,#595,.T.);
#1181=EDGE_CURVE('',#974,#976,#596,.T.);
#1182=EDGE_CURVE('',#976,#976,#161,.T.);
#1183=EDGE_CURVE('',#977,#977,#162,.T.);
#1184=EDGE_CURVE('',#978,#978,#163,.T.);
#1185=EDGE_CURVE('',#979,#979,#164,.T.);
#1186=EDGE_CURVE('',#979,#977,#597,.T.);
#1187=EDGE_CURVE('',#978,#980,#598,.T.);
#1188=EDGE_CURVE('',#980,#980,#165,.T.);
#1189=EDGE_CURVE('',#981,#981,#166,.T.);
#1190=EDGE_CURVE('',#982,#982,#167,.T.);
#1191=EDGE_CURVE('',#983,#983,#168,.T.);
#1192=EDGE_CURVE('',#983,#981,#599,.T.);
#1193=EDGE_CURVE('',#982,#984,#600,.T.);
#1194=EDGE_CURVE('',#984,#984,#169,.T.);
#1195=EDGE_CURVE('',#985,#985,#170,.T.);
#1196=EDGE_CURVE('',#986,#986,#171,.T.);
#1197=EDGE_CURVE('',#987,#987,#172,.T.);
#1198=EDGE_CURVE('',#987,#985,#601,.T.);
#1199=EDGE_CURVE('',#986,#988,#602,.T.);
#1200=EDGE_CURVE('',#988,#988,#173,.T.);
#1201=EDGE_CURVE('',#989,#989,#174,.T.);
#1202=EDGE_CURVE('',#990,#990,#175,.T.);
#1203=EDGE_CURVE('',#991,#991,#176,.T.);
#1204=EDGE_CURVE('',#991,#989,#603,.T.);
#1205=EDGE_CURVE('',#990,#992,#604,.T.);
#1206=EDGE_CURVE('',#992,#992,#177,.T.);
#1207=EDGE_CURVE('',#993,#993,#178,.T.);
#1208=EDGE_CURVE('',#994,#994,#179,.T.);
#1209=EDGE_CURVE('',#995,#995,#180,.T.);
#1210=EDGE_CURVE('',#995,#993,#605,.T.);
#1211=EDGE_CURVE('',#994,#996,#606,.T.);
#1212=EDGE_CURVE('',#996,#996,#181,.T.);
#1213=EDGE_CURVE('',#997,#997,#182,.T.);
#1214=EDGE_CURVE('',#998,#998,#183,.T.);
#1215=EDGE_CURVE('',#999,#999,#184,.T.);
#1216=EDGE_CURVE('',#999,#997,#607,.T.);
#1217=EDGE_CURVE('',#998,#1000,#608,.T.);
#1218=EDGE_CURVE('',#1000,#1000,#185,.T.);
#1219=EDGE_CURVE('',#1001,#1001,#186,.T.);
#1220=EDGE_CURVE('',#1002,#1002,#187,.T.);
#1221=EDGE_CURVE('',#1003,#1003,#188,.T.);
#1222=EDGE_CURVE('',#1003,#1001,#609,.T.);
#1223=EDGE_CURVE('',#1002,#1004,#610,.T.);
#1224=EDGE_CURVE('',#1004,#1004,#189,.T.);
#1225=EDGE_CURVE('',#1005,#1005,#190,.T.);
#1226=EDGE_CURVE('',#1006,#1006,#191,.T.);
#1227=EDGE_CURVE('',#1007,#1007,#192,.T.);
#1228=EDGE_CURVE('',#1007,#1005,#611,.T.);
#1229=EDGE_CURVE('',#1006,#1008,#612,.T.);
#1230=EDGE_CURVE('',#1008,#1008,#193,.T.);
#1231=EDGE_CURVE('',#1009,#1009,#194,.T.);
#1232=EDGE_CURVE('',#1010,#1010,#195,.T.);
#1233=EDGE_CURVE('',#1011,#1011,#196,.T.);
#1234=EDGE_CURVE('',#1011,#1009,#613,.T.);
#1235=EDGE_CURVE('',#1010,#1012,#614,.T.);
#1236=EDGE_CURVE('',#1012,#1012,#197,.T.);
#1237=EDGE_CURVE('',#1013,#1013,#198,.T.);
#1238=EDGE_CURVE('',#1014,#1014,#199,.T.);
#1239=EDGE_CURVE('',#1015,#1015,#200,.T.);
#1240=EDGE_CURVE('',#1015,#1013,#615,.T.);
#1241=EDGE_CURVE('',#1014,#1016,#616,.T.);
#1242=EDGE_CURVE('',#1016,#1016,#201,.T.);
#1243=EDGE_CURVE('',#1017,#1017,#202,.T.);
#1244=EDGE_CURVE('',#1018,#1018,#203,.T.);
#1245=EDGE_CURVE('',#1019,#1019,#204,.T.);
#1246=EDGE_CURVE('',#1019,#1017,#617,.T.);
#1247=EDGE_CURVE('',#1018,#1020,#618,.T.);
#1248=EDGE_CURVE('',#1020,#1020,#205,.T.);
#1249=EDGE_CURVE('',#1021,#1021,#206,.T.);
#1250=EDGE_CURVE('',#1022,#1022,#207,.T.);
#1251=EDGE_CURVE('',#1023,#1023,#208,.T.);
#1252=EDGE_CURVE('',#1023,#1021,#619,.T.);
#1253=EDGE_CURVE('',#1022,#1024,#620,.T.);
#1254=EDGE_CURVE('',#1024,#1024,#209,.T.);
#1255=EDGE_CURVE('',#1025,#1026,#621,.T.);
#1256=EDGE_CURVE('',#1025,#1027,#622,.T.);
#1257=EDGE_CURVE('',#1028,#1027,#623,.T.);
#1258=EDGE_CURVE('',#1026,#1028,#624,.T.);
#1259=EDGE_CURVE('',#1029,#1028,#625,.T.);
#1260=EDGE_CURVE('',#1027,#1030,#626,.T.);
#1261=EDGE_CURVE('',#1029,#1030,#627,.T.);
#1262=EDGE_CURVE('',#1031,#1026,#628,.T.);
#1263=EDGE_CURVE('',#1032,#1031,#629,.T.);
#1264=EDGE_CURVE('',#1032,#1025,#630,.T.);
#1265=EDGE_CURVE('',#1033,#1031,#631,.T.);
#1266=EDGE_CURVE('',#1033,#1034,#632,.T.);
#1267=EDGE_CURVE('',#1032,#1034,#633,.T.);
#1268=EDGE_CURVE('',#1035,#1035,#210,.T.);
#1269=EDGE_CURVE('',#1036,#1036,#211,.T.);
#1270=EDGE_CURVE('',#1037,#1037,#212,.T.);
#1271=EDGE_CURVE('',#1038,#1038,#213,.T.);
#1272=EDGE_CURVE('',#1039,#1039,#214,.T.);
#1273=EDGE_CURVE('',#1040,#1040,#215,.T.);
#1274=EDGE_CURVE('',#1041,#1042,#634,.T.);
#1275=EDGE_CURVE('',#1043,#1041,#635,.T.);
#1276=EDGE_CURVE('',#1044,#1043,#636,.T.);
#1277=EDGE_CURVE('',#1042,#1044,#637,.T.);
#1278=EDGE_CURVE('',#1042,#1045,#638,.T.);
#1279=EDGE_CURVE('',#1046,#1044,#639,.T.);
#1280=EDGE_CURVE('',#1045,#1046,#640,.T.);
#1281=EDGE_CURVE('',#1047,#1043,#641,.T.);
#1282=EDGE_CURVE('',#1047,#1046,#642,.T.);
#1283=EDGE_CURVE('',#1047,#1030,#643,.T.);
#1284=EDGE_CURVE('',#1041,#1048,#644,.T.);
#1285=EDGE_CURVE('',#1048,#1049,#645,.T.);
#1286=EDGE_CURVE('',#1050,#1049,#646,.T.);
#1287=EDGE_CURVE('',#1050,#1051,#647,.T.);
#1288=EDGE_CURVE('',#1051,#1052,#648,.T.);
#1289=EDGE_CURVE('',#1052,#1053,#649,.T.);
#1290=EDGE_CURVE('',#1054,#1053,#650,.T.);
#1291=EDGE_CURVE('',#1054,#1055,#651,.T.);
#1292=EDGE_CURVE('',#1055,#1056,#652,.T.);
#1293=EDGE_CURVE('',#1056,#1057,#653,.T.);
#1294=EDGE_CURVE('',#1058,#1057,#654,.T.);
#1295=EDGE_CURVE('',#1058,#1059,#655,.T.);
#1296=EDGE_CURVE('',#1059,#1060,#656,.T.);
#1297=EDGE_CURVE('',#1060,#1029,#657,.T.);
#1298=EDGE_CURVE('',#1034,#1045,#658,.T.);
#1299=EDGE_CURVE('',#1033,#1048,#659,.T.);
#1300=EDGE_CURVE('',#1049,#1061,#660,.T.);
#1301=EDGE_CURVE('',#1062,#1061,#661,.T.);
#1302=EDGE_CURVE('',#1062,#1063,#662,.T.);
#1303=EDGE_CURVE('',#1063,#1064,#663,.T.);
#1304=EDGE_CURVE('',#1064,#1065,#664,.T.);
#1305=EDGE_CURVE('',#1066,#1065,#665,.T.);
#1306=EDGE_CURVE('',#1066,#1050,#666,.T.);
#1307=EDGE_CURVE('',#1065,#1067,#667,.T.);
#1308=EDGE_CURVE('',#1068,#1064,#668,.T.);
#1309=EDGE_CURVE('',#1053,#1068,#669,.T.);
#1310=EDGE_CURVE('',#1067,#1052,#670,.T.);
#1311=EDGE_CURVE('',#1057,#1069,#671,.T.);
#1312=EDGE_CURVE('',#1070,#1056,#672,.T.);
#1313=EDGE_CURVE('',#1071,#1070,#673,.T.);
#1314=EDGE_CURVE('',#1072,#1071,#674,.T.);
#1315=EDGE_CURVE('',#1069,#1072,#675,.T.);
#1316=EDGE_CURVE('',#1063,#1073,#676,.T.);
#1317=EDGE_CURVE('',#949,#1073,#677,.T.);
#1318=EDGE_CURVE('',#953,#1068,#678,.T.);
#1319=EDGE_CURVE('',#950,#1067,#679,.T.);
#1320=EDGE_CURVE('',#1074,#948,#680,.T.);
#1321=EDGE_CURVE('',#1074,#1066,#681,.T.);
#1322=EDGE_CURVE('',#1055,#954,#682,.T.);
#1323=EDGE_CURVE('',#940,#1070,#683,.T.);
#1324=EDGE_CURVE('',#937,#1069,#684,.T.);
#1325=EDGE_CURVE('',#959,#1058,#685,.T.);
#1326=EDGE_CURVE('',#960,#1075,#686,.T.);
#1327=EDGE_CURVE('',#1075,#1075,#216,.T.);
#1328=EDGE_CURVE('',#1076,#1076,#217,.T.);
#1329=EDGE_CURVE('',#1076,#1077,#687,.T.);
#1330=EDGE_CURVE('',#1077,#1077,#218,.T.);
#1331=EDGE_CURVE('',#1078,#1078,#219,.T.);
#1332=EDGE_CURVE('',#1078,#947,#688,.T.);
#1333=EDGE_CURVE('',#1079,#1079,#220,.T.);
#1334=EDGE_CURVE('',#1079,#1080,#689,.T.);
#1335=EDGE_CURVE('',#1080,#1080,#221,.T.);
#1336=EDGE_CURVE('',#1081,#1082,#690,.T.);
#1337=EDGE_CURVE('',#1081,#1083,#691,.T.);
#1338=EDGE_CURVE('',#1084,#1083,#692,.T.);
#1339=EDGE_CURVE('',#1082,#1084,#693,.T.);
#1340=EDGE_CURVE('',#1082,#1085,#694,.T.);
#1341=EDGE_CURVE('',#1086,#1084,#695,.T.);
#1342=EDGE_CURVE('',#1085,#1086,#696,.T.);
#1343=EDGE_CURVE('',#1085,#1087,#697,.T.);
#1344=EDGE_CURVE('',#1088,#1086,#698,.T.);
#1345=EDGE_CURVE('',#1087,#1088,#699,.T.);
#1346=EDGE_CURVE('',#1087,#1081,#700,.T.);
#1347=EDGE_CURVE('',#1083,#1088,#701,.T.);
#1348=EDGE_CURVE('',#958,#1089,#702,.T.);
#1349=EDGE_CURVE('',#1089,#945,#703,.T.);
#1350=EDGE_CURVE('',#955,#1054,#704,.T.);
#1351=EDGE_CURVE('',#1090,#942,#705,.T.);
#1352=EDGE_CURVE('',#1059,#1090,#706,.T.);
#1353=EDGE_CURVE('',#1091,#1062,#707,.T.);
#1354=EDGE_CURVE('',#1092,#1091,#708,.T.);
#1355=EDGE_CURVE('',#941,#1092,#709,.T.);
#1356=EDGE_CURVE('',#1093,#946,#710,.T.);
#1357=EDGE_CURVE('',#1073,#1093,#711,.T.);
#1358=EDGE_CURVE('',#1093,#1089,#712,.T.);
#1359=EDGE_CURVE('',#957,#1074,#713,.T.);
#1360=EDGE_CURVE('',#1094,#1095,#222,.T.);
#1361=EDGE_CURVE('',#1095,#1096,#714,.T.);
#1362=EDGE_CURVE('',#1096,#1097,#223,.T.);
#1363=EDGE_CURVE('',#1097,#1098,#715,.T.);
#1364=EDGE_CURVE('',#1098,#1099,#224,.T.);
#1365=EDGE_CURVE('',#1099,#1100,#716,.T.);
#1366=EDGE_CURVE('',#1100,#1101,#225,.T.);
#1367=EDGE_CURVE('',#1101,#1094,#717,.T.);
#1368=EDGE_CURVE('',#1051,#956,#718,.T.);
#1369=EDGE_CURVE('',#1092,#1071,#719,.T.);
#1370=EDGE_CURVE('',#1100,#1102,#720,.T.);
#1371=EDGE_CURVE('',#1102,#1103,#226,.T.);
#1372=EDGE_CURVE('',#1103,#1101,#721,.T.);
#1373=EDGE_CURVE('',#1104,#1099,#722,.T.);
#1374=EDGE_CURVE('',#1104,#1102,#723,.T.);
#1375=EDGE_CURVE('',#1098,#1105,#724,.T.);
#1376=EDGE_CURVE('',#1105,#1104,#227,.T.);
#1377=EDGE_CURVE('',#1106,#1097,#725,.T.);
#1378=EDGE_CURVE('',#1106,#1105,#726,.T.);
#1379=EDGE_CURVE('',#1090,#1072,#727,.T.);
#1380=EDGE_CURVE('',#1107,#1060,#728,.T.);
#1381=EDGE_CURVE('',#1091,#1107,#729,.T.);
#1382=EDGE_CURVE('',#1061,#1107,#730,.T.);
#1383=EDGE_CURVE('',#1108,#1095,#731,.T.);
#1384=EDGE_CURVE('',#1108,#1109,#732,.T.);
#1385=EDGE_CURVE('',#1096,#1109,#733,.T.);
#1386=EDGE_CURVE('',#1110,#1110,#228,.T.);
#1387=EDGE_CURVE('',#1111,#1111,#229,.T.);
#1388=EDGE_CURVE('',#1112,#1112,#230,.T.);
#1389=EDGE_CURVE('',#1113,#1113,#231,.T.);
#1390=EDGE_CURVE('',#1114,#1114,#232,.T.);
#1391=EDGE_CURVE('',#1115,#1115,#233,.T.);
#1392=EDGE_CURVE('',#1109,#1106,#234,.T.);
#1393=EDGE_CURVE('',#1103,#1116,#734,.T.);
#1394=EDGE_CURVE('',#1094,#1116,#735,.T.);
#1395=EDGE_CURVE('',#1116,#1108,#235,.T.);
#1396=EDGE_CURVE('',#1117,#1117,#236,.T.);
#1397=EDGE_CURVE('',#1118,#1118,#237,.T.);
#1398=EDGE_CURVE('',#1115,#1117,#736,.T.);
#1399=EDGE_CURVE('',#1118,#1040,#737,.T.);
#1400=EDGE_CURVE('',#1119,#1119,#238,.T.);
#1401=EDGE_CURVE('',#1120,#1120,#239,.T.);
#1402=EDGE_CURVE('',#1114,#1119,#738,.T.);
#1403=EDGE_CURVE('',#1120,#1039,#739,.T.);
#1404=EDGE_CURVE('',#1121,#1121,#240,.T.);
#1405=EDGE_CURVE('',#1122,#1122,#241,.T.);
#1406=EDGE_CURVE('',#1113,#1121,#740,.T.);
#1407=EDGE_CURVE('',#1122,#1038,#741,.T.);
#1408=EDGE_CURVE('',#1123,#1123,#242,.T.);
#1409=EDGE_CURVE('',#1124,#1124,#243,.T.);
#1410=EDGE_CURVE('',#1112,#1123,#742,.T.);
#1411=EDGE_CURVE('',#1124,#1037,#743,.T.);
#1412=EDGE_CURVE('',#1125,#1125,#244,.T.);
#1413=EDGE_CURVE('',#1126,#1126,#245,.T.);
#1414=EDGE_CURVE('',#1111,#1125,#744,.T.);
#1415=EDGE_CURVE('',#1126,#1036,#745,.T.);
#1416=EDGE_CURVE('',#1127,#1127,#246,.T.);
#1417=EDGE_CURVE('',#1128,#1128,#247,.T.);
#1418=EDGE_CURVE('',#1110,#1127,#746,.T.);
#1419=EDGE_CURVE('',#1128,#1035,#747,.T.);
#1420=ORIENTED_EDGE('',*,*,#1129,.F.);
#1421=ORIENTED_EDGE('',*,*,#1130,.T.);
#1422=ORIENTED_EDGE('',*,*,#1131,.T.);
#1423=ORIENTED_EDGE('',*,*,#1132,.F.);
#1424=ORIENTED_EDGE('',*,*,#1133,.T.);
#1425=ORIENTED_EDGE('',*,*,#1134,.T.);
#1426=ORIENTED_EDGE('',*,*,#1135,.T.);
#1427=ORIENTED_EDGE('',*,*,#1132,.T.);
#1428=ORIENTED_EDGE('',*,*,#1136,.T.);
#1429=ORIENTED_EDGE('',*,*,#1137,.T.);
#1430=ORIENTED_EDGE('',*,*,#1138,.T.);
#1431=ORIENTED_EDGE('',*,*,#1139,.F.);
#1432=ORIENTED_EDGE('',*,*,#1140,.F.);
#1433=ORIENTED_EDGE('',*,*,#1141,.T.);
#1434=ORIENTED_EDGE('',*,*,#1142,.T.);
#1435=ORIENTED_EDGE('',*,*,#1143,.F.);
#1436=ORIENTED_EDGE('',*,*,#1144,.T.);
#1437=ORIENTED_EDGE('',*,*,#1145,.T.);
#1438=ORIENTED_EDGE('',*,*,#1146,.F.);
#1439=ORIENTED_EDGE('',*,*,#1147,.T.);
#1440=ORIENTED_EDGE('',*,*,#1148,.T.);
#1441=ORIENTED_EDGE('',*,*,#1149,.T.);
#1442=ORIENTED_EDGE('',*,*,#1150,.T.);
#1443=ORIENTED_EDGE('',*,*,#1151,.T.);
#1444=ORIENTED_EDGE('',*,*,#1146,.T.);
#1445=ORIENTED_EDGE('',*,*,#1152,.T.);
#1446=ORIENTED_EDGE('',*,*,#1153,.T.);
#1447=ORIENTED_EDGE('',*,*,#1154,.T.);
#1448=ORIENTED_EDGE('',*,*,#1155,.F.);
#1449=ORIENTED_EDGE('',*,*,#1138,.F.);
#1450=ORIENTED_EDGE('',*,*,#1156,.T.);
#1451=ORIENTED_EDGE('',*,*,#1157,.T.);
#1452=ORIENTED_EDGE('',*,*,#1129,.T.);
#1453=ORIENTED_EDGE('',*,*,#1158,.T.);
#1454=ORIENTED_EDGE('',*,*,#1159,.F.);
#1455=ORIENTED_EDGE('',*,*,#1160,.T.);
#1456=ORIENTED_EDGE('',*,*,#1161,.F.);
#1457=ORIENTED_EDGE('',*,*,#1162,.T.);
#1458=ORIENTED_EDGE('',*,*,#1159,.T.);
#1459=ORIENTED_EDGE('',*,*,#1162,.F.);
#1460=ORIENTED_EDGE('',*,*,#1160,.F.);
#1461=ORIENTED_EDGE('',*,*,#1163,.T.);
#1462=ORIENTED_EDGE('',*,*,#1164,.F.);
#1463=ORIENTED_EDGE('',*,*,#1163,.F.);
#1464=ORIENTED_EDGE('',*,*,#1165,.F.);
#1465=ORIENTED_EDGE('',*,*,#1166,.T.);
#1466=ORIENTED_EDGE('',*,*,#1167,.F.);
#1467=ORIENTED_EDGE('',*,*,#1168,.T.);
#1468=ORIENTED_EDGE('',*,*,#1165,.T.);
#1469=ORIENTED_EDGE('',*,*,#1168,.F.);
#1470=ORIENTED_EDGE('',*,*,#1166,.F.);
#1471=ORIENTED_EDGE('',*,*,#1169,.T.);
#1472=ORIENTED_EDGE('',*,*,#1170,.F.);
#1473=ORIENTED_EDGE('',*,*,#1169,.F.);
#1474=ORIENTED_EDGE('',*,*,#1171,.F.);
#1475=ORIENTED_EDGE('',*,*,#1172,.T.);
#1476=ORIENTED_EDGE('',*,*,#1173,.F.);
#1477=ORIENTED_EDGE('',*,*,#1174,.T.);
#1478=ORIENTED_EDGE('',*,*,#1171,.T.);
#1479=ORIENTED_EDGE('',*,*,#1174,.F.);
#1480=ORIENTED_EDGE('',*,*,#1172,.F.);
#1481=ORIENTED_EDGE('',*,*,#1175,.T.);
#1482=ORIENTED_EDGE('',*,*,#1176,.F.);
#1483=ORIENTED_EDGE('',*,*,#1175,.F.);
#1484=ORIENTED_EDGE('',*,*,#1177,.F.);
#1485=ORIENTED_EDGE('',*,*,#1178,.T.);
#1486=ORIENTED_EDGE('',*,*,#1179,.F.);
#1487=ORIENTED_EDGE('',*,*,#1180,.T.);
#1488=ORIENTED_EDGE('',*,*,#1177,.T.);
#1489=ORIENTED_EDGE('',*,*,#1180,.F.);
#1490=ORIENTED_EDGE('',*,*,#1178,.F.);
#1491=ORIENTED_EDGE('',*,*,#1181,.T.);
#1492=ORIENTED_EDGE('',*,*,#1182,.F.);
#1493=ORIENTED_EDGE('',*,*,#1181,.F.);
#1494=ORIENTED_EDGE('',*,*,#1183,.F.);
#1495=ORIENTED_EDGE('',*,*,#1184,.T.);
#1496=ORIENTED_EDGE('',*,*,#1185,.F.);
#1497=ORIENTED_EDGE('',*,*,#1186,.T.);
#1498=ORIENTED_EDGE('',*,*,#1183,.T.);
#1499=ORIENTED_EDGE('',*,*,#1186,.F.);
#1500=ORIENTED_EDGE('',*,*,#1184,.F.);
#1501=ORIENTED_EDGE('',*,*,#1187,.T.);
#1502=ORIENTED_EDGE('',*,*,#1188,.F.);
#1503=ORIENTED_EDGE('',*,*,#1187,.F.);
#1504=ORIENTED_EDGE('',*,*,#1189,.F.);
#1505=ORIENTED_EDGE('',*,*,#1190,.T.);
#1506=ORIENTED_EDGE('',*,*,#1191,.F.);
#1507=ORIENTED_EDGE('',*,*,#1192,.T.);
#1508=ORIENTED_EDGE('',*,*,#1189,.T.);
#1509=ORIENTED_EDGE('',*,*,#1192,.F.);
#1510=ORIENTED_EDGE('',*,*,#1190,.F.);
#1511=ORIENTED_EDGE('',*,*,#1193,.T.);
#1512=ORIENTED_EDGE('',*,*,#1194,.F.);
#1513=ORIENTED_EDGE('',*,*,#1193,.F.);
#1514=ORIENTED_EDGE('',*,*,#1195,.F.);
#1515=ORIENTED_EDGE('',*,*,#1196,.T.);
#1516=ORIENTED_EDGE('',*,*,#1197,.F.);
#1517=ORIENTED_EDGE('',*,*,#1198,.T.);
#1518=ORIENTED_EDGE('',*,*,#1195,.T.);
#1519=ORIENTED_EDGE('',*,*,#1198,.F.);
#1520=ORIENTED_EDGE('',*,*,#1196,.F.);
#1521=ORIENTED_EDGE('',*,*,#1199,.T.);
#1522=ORIENTED_EDGE('',*,*,#1200,.F.);
#1523=ORIENTED_EDGE('',*,*,#1199,.F.);
#1524=ORIENTED_EDGE('',*,*,#1201,.F.);
#1525=ORIENTED_EDGE('',*,*,#1202,.T.);
#1526=ORIENTED_EDGE('',*,*,#1203,.F.);
#1527=ORIENTED_EDGE('',*,*,#1204,.T.);
#1528=ORIENTED_EDGE('',*,*,#1201,.T.);
#1529=ORIENTED_EDGE('',*,*,#1204,.F.);
#1530=ORIENTED_EDGE('',*,*,#1202,.F.);
#1531=ORIENTED_EDGE('',*,*,#1205,.T.);
#1532=ORIENTED_EDGE('',*,*,#1206,.F.);
#1533=ORIENTED_EDGE('',*,*,#1205,.F.);
#1534=ORIENTED_EDGE('',*,*,#1207,.F.);
#1535=ORIENTED_EDGE('',*,*,#1208,.T.);
#1536=ORIENTED_EDGE('',*,*,#1209,.F.);
#1537=ORIENTED_EDGE('',*,*,#1210,.T.);
#1538=ORIENTED_EDGE('',*,*,#1207,.T.);
#1539=ORIENTED_EDGE('',*,*,#1210,.F.);
#1540=ORIENTED_EDGE('',*,*,#1208,.F.);
#1541=ORIENTED_EDGE('',*,*,#1211,.T.);
#1542=ORIENTED_EDGE('',*,*,#1212,.F.);
#1543=ORIENTED_EDGE('',*,*,#1211,.F.);
#1544=ORIENTED_EDGE('',*,*,#1213,.F.);
#1545=ORIENTED_EDGE('',*,*,#1214,.T.);
#1546=ORIENTED_EDGE('',*,*,#1215,.F.);
#1547=ORIENTED_EDGE('',*,*,#1216,.T.);
#1548=ORIENTED_EDGE('',*,*,#1213,.T.);
#1549=ORIENTED_EDGE('',*,*,#1216,.F.);
#1550=ORIENTED_EDGE('',*,*,#1214,.F.);
#1551=ORIENTED_EDGE('',*,*,#1217,.T.);
#1552=ORIENTED_EDGE('',*,*,#1218,.F.);
#1553=ORIENTED_EDGE('',*,*,#1217,.F.);
#1554=ORIENTED_EDGE('',*,*,#1219,.F.);
#1555=ORIENTED_EDGE('',*,*,#1220,.T.);
#1556=ORIENTED_EDGE('',*,*,#1221,.F.);
#1557=ORIENTED_EDGE('',*,*,#1222,.T.);
#1558=ORIENTED_EDGE('',*,*,#1219,.T.);
#1559=ORIENTED_EDGE('',*,*,#1222,.F.);
#1560=ORIENTED_EDGE('',*,*,#1220,.F.);
#1561=ORIENTED_EDGE('',*,*,#1223,.T.);
#1562=ORIENTED_EDGE('',*,*,#1224,.F.);
#1563=ORIENTED_EDGE('',*,*,#1223,.F.);
#1564=ORIENTED_EDGE('',*,*,#1225,.F.);
#1565=ORIENTED_EDGE('',*,*,#1226,.T.);
#1566=ORIENTED_EDGE('',*,*,#1227,.F.);
#1567=ORIENTED_EDGE('',*,*,#1228,.T.);
#1568=ORIENTED_EDGE('',*,*,#1225,.T.);
#1569=ORIENTED_EDGE('',*,*,#1228,.F.);
#1570=ORIENTED_EDGE('',*,*,#1226,.F.);
#1571=ORIENTED_EDGE('',*,*,#1229,.T.);
#1572=ORIENTED_EDGE('',*,*,#1230,.F.);
#1573=ORIENTED_EDGE('',*,*,#1229,.F.);
#1574=ORIENTED_EDGE('',*,*,#1231,.F.);
#1575=ORIENTED_EDGE('',*,*,#1232,.T.);
#1576=ORIENTED_EDGE('',*,*,#1233,.F.);
#1577=ORIENTED_EDGE('',*,*,#1234,.T.);
#1578=ORIENTED_EDGE('',*,*,#1231,.T.);
#1579=ORIENTED_EDGE('',*,*,#1234,.F.);
#1580=ORIENTED_EDGE('',*,*,#1232,.F.);
#1581=ORIENTED_EDGE('',*,*,#1235,.T.);
#1582=ORIENTED_EDGE('',*,*,#1236,.F.);
#1583=ORIENTED_EDGE('',*,*,#1235,.F.);
#1584=ORIENTED_EDGE('',*,*,#1237,.F.);
#1585=ORIENTED_EDGE('',*,*,#1238,.T.);
#1586=ORIENTED_EDGE('',*,*,#1239,.F.);
#1587=ORIENTED_EDGE('',*,*,#1240,.T.);
#1588=ORIENTED_EDGE('',*,*,#1237,.T.);
#1589=ORIENTED_EDGE('',*,*,#1240,.F.);
#1590=ORIENTED_EDGE('',*,*,#1238,.F.);
#1591=ORIENTED_EDGE('',*,*,#1241,.T.);
#1592=ORIENTED_EDGE('',*,*,#1242,.F.);
#1593=ORIENTED_EDGE('',*,*,#1241,.F.);
#1594=ORIENTED_EDGE('',*,*,#1243,.F.);
#1595=ORIENTED_EDGE('',*,*,#1244,.T.);
#1596=ORIENTED_EDGE('',*,*,#1245,.F.);
#1597=ORIENTED_EDGE('',*,*,#1246,.T.);
#1598=ORIENTED_EDGE('',*,*,#1243,.T.);
#1599=ORIENTED_EDGE('',*,*,#1246,.F.);
#1600=ORIENTED_EDGE('',*,*,#1244,.F.);
#1601=ORIENTED_EDGE('',*,*,#1247,.T.);
#1602=ORIENTED_EDGE('',*,*,#1248,.F.);
#1603=ORIENTED_EDGE('',*,*,#1247,.F.);
#1604=ORIENTED_EDGE('',*,*,#1249,.F.);
#1605=ORIENTED_EDGE('',*,*,#1250,.T.);
#1606=ORIENTED_EDGE('',*,*,#1251,.F.);
#1607=ORIENTED_EDGE('',*,*,#1252,.T.);
#1608=ORIENTED_EDGE('',*,*,#1249,.T.);
#1609=ORIENTED_EDGE('',*,*,#1252,.F.);
#1610=ORIENTED_EDGE('',*,*,#1250,.F.);
#1611=ORIENTED_EDGE('',*,*,#1253,.T.);
#1612=ORIENTED_EDGE('',*,*,#1254,.F.);
#1613=ORIENTED_EDGE('',*,*,#1253,.F.);
#1614=ORIENTED_EDGE('',*,*,#1255,.F.);
#1615=ORIENTED_EDGE('',*,*,#1256,.T.);
#1616=ORIENTED_EDGE('',*,*,#1257,.F.);
#1617=ORIENTED_EDGE('',*,*,#1258,.F.);
#1618=ORIENTED_EDGE('',*,*,#1182,.T.);
#1619=ORIENTED_EDGE('',*,*,#1188,.T.);
#1620=ORIENTED_EDGE('',*,*,#1259,.T.);
#1621=ORIENTED_EDGE('',*,*,#1257,.T.);
#1622=ORIENTED_EDGE('',*,*,#1260,.T.);
#1623=ORIENTED_EDGE('',*,*,#1261,.F.);
#1624=ORIENTED_EDGE('',*,*,#1255,.T.);
#1625=ORIENTED_EDGE('',*,*,#1262,.F.);
#1626=ORIENTED_EDGE('',*,*,#1263,.F.);
#1627=ORIENTED_EDGE('',*,*,#1264,.T.);
#1628=ORIENTED_EDGE('',*,*,#1236,.T.);
#1629=ORIENTED_EDGE('',*,*,#1242,.T.);
#1630=ORIENTED_EDGE('',*,*,#1248,.T.);
#1631=ORIENTED_EDGE('',*,*,#1254,.T.);
#1632=ORIENTED_EDGE('',*,*,#1170,.T.);
#1633=ORIENTED_EDGE('',*,*,#1164,.T.);
#1634=ORIENTED_EDGE('',*,*,#1263,.T.);
#1635=ORIENTED_EDGE('',*,*,#1265,.F.);
#1636=ORIENTED_EDGE('',*,*,#1266,.T.);
#1637=ORIENTED_EDGE('',*,*,#1267,.F.);
#1638=ORIENTED_EDGE('',*,*,#1268,.T.);
#1639=ORIENTED_EDGE('',*,*,#1269,.T.);
#1640=ORIENTED_EDGE('',*,*,#1270,.T.);
#1641=ORIENTED_EDGE('',*,*,#1271,.T.);
#1642=ORIENTED_EDGE('',*,*,#1272,.T.);
#1643=ORIENTED_EDGE('',*,*,#1273,.T.);
#1644=ORIENTED_EDGE('',*,*,#1274,.F.);
#1645=ORIENTED_EDGE('',*,*,#1275,.F.);
#1646=ORIENTED_EDGE('',*,*,#1276,.F.);
#1647=ORIENTED_EDGE('',*,*,#1277,.F.);
#1648=ORIENTED_EDGE('',*,*,#1278,.F.);
#1649=ORIENTED_EDGE('',*,*,#1277,.T.);
#1650=ORIENTED_EDGE('',*,*,#1279,.F.);
#1651=ORIENTED_EDGE('',*,*,#1280,.F.);
#1652=ORIENTED_EDGE('',*,*,#1176,.T.);
#1653=ORIENTED_EDGE('',*,*,#1194,.T.);
#1654=ORIENTED_EDGE('',*,*,#1281,.F.);
#1655=ORIENTED_EDGE('',*,*,#1282,.T.);
#1656=ORIENTED_EDGE('',*,*,#1279,.T.);
#1657=ORIENTED_EDGE('',*,*,#1276,.T.);
#1658=ORIENTED_EDGE('',*,*,#1261,.T.);
#1659=ORIENTED_EDGE('',*,*,#1283,.F.);
#1660=ORIENTED_EDGE('',*,*,#1281,.T.);
#1661=ORIENTED_EDGE('',*,*,#1275,.T.);
#1662=ORIENTED_EDGE('',*,*,#1284,.T.);
#1663=ORIENTED_EDGE('',*,*,#1285,.T.);
#1664=ORIENTED_EDGE('',*,*,#1286,.F.);
#1665=ORIENTED_EDGE('',*,*,#1287,.T.);
#1666=ORIENTED_EDGE('',*,*,#1288,.T.);
#1667=ORIENTED_EDGE('',*,*,#1289,.T.);
#1668=ORIENTED_EDGE('',*,*,#1290,.F.);
#1669=ORIENTED_EDGE('',*,*,#1291,.T.);
#1670=ORIENTED_EDGE('',*,*,#1292,.T.);
#1671=ORIENTED_EDGE('',*,*,#1293,.T.);
#1672=ORIENTED_EDGE('',*,*,#1294,.F.);
#1673=ORIENTED_EDGE('',*,*,#1295,.T.);
#1674=ORIENTED_EDGE('',*,*,#1296,.T.);
#1675=ORIENTED_EDGE('',*,*,#1297,.T.);
#1676=ORIENTED_EDGE('',*,*,#1278,.T.);
#1677=ORIENTED_EDGE('',*,*,#1298,.F.);
#1678=ORIENTED_EDGE('',*,*,#1266,.F.);
#1679=ORIENTED_EDGE('',*,*,#1299,.T.);
#1680=ORIENTED_EDGE('',*,*,#1284,.F.);
#1681=ORIENTED_EDGE('',*,*,#1274,.T.);
#1682=ORIENTED_EDGE('',*,*,#1230,.T.);
#1683=ORIENTED_EDGE('',*,*,#1224,.T.);
#1684=ORIENTED_EDGE('',*,*,#1218,.T.);
#1685=ORIENTED_EDGE('',*,*,#1212,.T.);
#1686=ORIENTED_EDGE('',*,*,#1206,.T.);
#1687=ORIENTED_EDGE('',*,*,#1200,.T.);
#1688=ORIENTED_EDGE('',*,*,#1300,.T.);
#1689=ORIENTED_EDGE('',*,*,#1301,.F.);
#1690=ORIENTED_EDGE('',*,*,#1302,.T.);
#1691=ORIENTED_EDGE('',*,*,#1303,.T.);
#1692=ORIENTED_EDGE('',*,*,#1304,.T.);
#1693=ORIENTED_EDGE('',*,*,#1305,.F.);
#1694=ORIENTED_EDGE('',*,*,#1306,.T.);
#1695=ORIENTED_EDGE('',*,*,#1286,.T.);
#1696=ORIENTED_EDGE('',*,*,#1307,.F.);
#1697=ORIENTED_EDGE('',*,*,#1304,.F.);
#1698=ORIENTED_EDGE('',*,*,#1308,.F.);
#1699=ORIENTED_EDGE('',*,*,#1309,.F.);
#1700=ORIENTED_EDGE('',*,*,#1289,.F.);
#1701=ORIENTED_EDGE('',*,*,#1310,.F.);
#1702=ORIENTED_EDGE('',*,*,#1311,.F.);
#1703=ORIENTED_EDGE('',*,*,#1293,.F.);
#1704=ORIENTED_EDGE('',*,*,#1312,.F.);
#1705=ORIENTED_EDGE('',*,*,#1313,.F.);
#1706=ORIENTED_EDGE('',*,*,#1314,.F.);
#1707=ORIENTED_EDGE('',*,*,#1315,.F.);
#1708=ORIENTED_EDGE('',*,*,#1308,.T.);
#1709=ORIENTED_EDGE('',*,*,#1303,.F.);
#1710=ORIENTED_EDGE('',*,*,#1316,.T.);
#1711=ORIENTED_EDGE('',*,*,#1317,.F.);
#1712=ORIENTED_EDGE('',*,*,#1148,.F.);
#1713=ORIENTED_EDGE('',*,*,#1318,.T.);
#1714=ORIENTED_EDGE('',*,*,#1307,.T.);
#1715=ORIENTED_EDGE('',*,*,#1319,.F.);
#1716=ORIENTED_EDGE('',*,*,#1144,.F.);
#1717=ORIENTED_EDGE('',*,*,#1320,.F.);
#1718=ORIENTED_EDGE('',*,*,#1321,.T.);
#1719=ORIENTED_EDGE('',*,*,#1305,.T.);
#1720=ORIENTED_EDGE('',*,*,#1312,.T.);
#1721=ORIENTED_EDGE('',*,*,#1292,.F.);
#1722=ORIENTED_EDGE('',*,*,#1322,.T.);
#1723=ORIENTED_EDGE('',*,*,#1149,.F.);
#1724=ORIENTED_EDGE('',*,*,#1134,.F.);
#1725=ORIENTED_EDGE('',*,*,#1323,.T.);
#1726=ORIENTED_EDGE('',*,*,#1311,.T.);
#1727=ORIENTED_EDGE('',*,*,#1324,.F.);
#1728=ORIENTED_EDGE('',*,*,#1130,.F.);
#1729=ORIENTED_EDGE('',*,*,#1157,.F.);
#1730=ORIENTED_EDGE('',*,*,#1325,.T.);
#1731=ORIENTED_EDGE('',*,*,#1294,.T.);
#1732=ORIENTED_EDGE('',*,*,#1158,.F.);
#1733=ORIENTED_EDGE('',*,*,#1326,.T.);
#1734=ORIENTED_EDGE('',*,*,#1327,.F.);
#1735=ORIENTED_EDGE('',*,*,#1326,.F.);
#1736=ORIENTED_EDGE('',*,*,#1328,.F.);
#1737=ORIENTED_EDGE('',*,*,#1329,.T.);
#1738=ORIENTED_EDGE('',*,*,#1330,.F.);
#1739=ORIENTED_EDGE('',*,*,#1329,.F.);
#1740=ORIENTED_EDGE('',*,*,#1331,.F.);
#1741=ORIENTED_EDGE('',*,*,#1332,.T.);
#1742=ORIENTED_EDGE('',*,*,#1142,.F.);
#1743=ORIENTED_EDGE('',*,*,#1332,.F.);
#1744=ORIENTED_EDGE('',*,*,#1333,.F.);
#1745=ORIENTED_EDGE('',*,*,#1334,.T.);
#1746=ORIENTED_EDGE('',*,*,#1335,.F.);
#1747=ORIENTED_EDGE('',*,*,#1334,.F.);
#1748=ORIENTED_EDGE('',*,*,#1336,.F.);
#1749=ORIENTED_EDGE('',*,*,#1337,.T.);
#1750=ORIENTED_EDGE('',*,*,#1338,.F.);
#1751=ORIENTED_EDGE('',*,*,#1339,.F.);
#1752=ORIENTED_EDGE('',*,*,#1328,.T.);
#1753=ORIENTED_EDGE('',*,*,#1340,.F.);
#1754=ORIENTED_EDGE('',*,*,#1339,.T.);
#1755=ORIENTED_EDGE('',*,*,#1341,.F.);
#1756=ORIENTED_EDGE('',*,*,#1342,.F.);
#1757=ORIENTED_EDGE('',*,*,#1331,.T.);
#1758=ORIENTED_EDGE('',*,*,#1343,.F.);
#1759=ORIENTED_EDGE('',*,*,#1342,.T.);
#1760=ORIENTED_EDGE('',*,*,#1344,.F.);
#1761=ORIENTED_EDGE('',*,*,#1345,.F.);
#1762=ORIENTED_EDGE('',*,*,#1327,.T.);
#1763=ORIENTED_EDGE('',*,*,#1346,.F.);
#1764=ORIENTED_EDGE('',*,*,#1345,.T.);
#1765=ORIENTED_EDGE('',*,*,#1347,.F.);
#1766=ORIENTED_EDGE('',*,*,#1337,.F.);
#1767=ORIENTED_EDGE('',*,*,#1335,.T.);
#1768=ORIENTED_EDGE('',*,*,#1347,.T.);
#1769=ORIENTED_EDGE('',*,*,#1344,.T.);
#1770=ORIENTED_EDGE('',*,*,#1341,.T.);
#1771=ORIENTED_EDGE('',*,*,#1338,.T.);
#1772=ORIENTED_EDGE('',*,*,#1139,.T.);
#1773=ORIENTED_EDGE('',*,*,#1155,.T.);
#1774=ORIENTED_EDGE('',*,*,#1348,.T.);
#1775=ORIENTED_EDGE('',*,*,#1349,.T.);
#1776=ORIENTED_EDGE('',*,*,#1350,.F.);
#1777=ORIENTED_EDGE('',*,*,#1150,.F.);
#1778=ORIENTED_EDGE('',*,*,#1322,.F.);
#1779=ORIENTED_EDGE('',*,*,#1291,.F.);
#1780=ORIENTED_EDGE('',*,*,#1325,.F.);
#1781=ORIENTED_EDGE('',*,*,#1156,.F.);
#1782=ORIENTED_EDGE('',*,*,#1137,.F.);
#1783=ORIENTED_EDGE('',*,*,#1351,.F.);
#1784=ORIENTED_EDGE('',*,*,#1352,.F.);
#1785=ORIENTED_EDGE('',*,*,#1295,.F.);
#1786=ORIENTED_EDGE('',*,*,#1316,.F.);
#1787=ORIENTED_EDGE('',*,*,#1302,.F.);
#1788=ORIENTED_EDGE('',*,*,#1353,.F.);
#1789=ORIENTED_EDGE('',*,*,#1354,.F.);
#1790=ORIENTED_EDGE('',*,*,#1355,.F.);
#1791=ORIENTED_EDGE('',*,*,#1141,.F.);
#1792=ORIENTED_EDGE('',*,*,#1356,.F.);
#1793=ORIENTED_EDGE('',*,*,#1357,.F.);
#1794=ORIENTED_EDGE('',*,*,#1356,.T.);
#1795=ORIENTED_EDGE('',*,*,#1140,.T.);
#1796=ORIENTED_EDGE('',*,*,#1349,.F.);
#1797=ORIENTED_EDGE('',*,*,#1358,.F.);
#1798=ORIENTED_EDGE('',*,*,#1330,.T.);
#1799=ORIENTED_EDGE('',*,*,#1317,.T.);
#1800=ORIENTED_EDGE('',*,*,#1357,.T.);
#1801=ORIENTED_EDGE('',*,*,#1358,.T.);
#1802=ORIENTED_EDGE('',*,*,#1348,.F.);
#1803=ORIENTED_EDGE('',*,*,#1154,.F.);
#1804=ORIENTED_EDGE('',*,*,#1359,.T.);
#1805=ORIENTED_EDGE('',*,*,#1320,.T.);
#1806=ORIENTED_EDGE('',*,*,#1143,.T.);
#1807=ORIENTED_EDGE('',*,*,#1333,.T.);
#1808=ORIENTED_EDGE('',*,*,#1360,.T.);
#1809=ORIENTED_EDGE('',*,*,#1361,.T.);
#1810=ORIENTED_EDGE('',*,*,#1362,.T.);
#1811=ORIENTED_EDGE('',*,*,#1363,.T.);
#1812=ORIENTED_EDGE('',*,*,#1364,.T.);
#1813=ORIENTED_EDGE('',*,*,#1365,.T.);
#1814=ORIENTED_EDGE('',*,*,#1366,.T.);
#1815=ORIENTED_EDGE('',*,*,#1367,.T.);
#1816=ORIENTED_EDGE('',*,*,#1336,.T.);
#1817=ORIENTED_EDGE('',*,*,#1340,.T.);
#1818=ORIENTED_EDGE('',*,*,#1343,.T.);
#1819=ORIENTED_EDGE('',*,*,#1346,.T.);
#1820=ORIENTED_EDGE('',*,*,#1321,.F.);
#1821=ORIENTED_EDGE('',*,*,#1359,.F.);
#1822=ORIENTED_EDGE('',*,*,#1153,.F.);
#1823=ORIENTED_EDGE('',*,*,#1368,.F.);
#1824=ORIENTED_EDGE('',*,*,#1287,.F.);
#1825=ORIENTED_EDGE('',*,*,#1306,.F.);
#1826=ORIENTED_EDGE('',*,*,#1313,.T.);
#1827=ORIENTED_EDGE('',*,*,#1323,.F.);
#1828=ORIENTED_EDGE('',*,*,#1133,.F.);
#1829=ORIENTED_EDGE('',*,*,#1135,.F.);
#1830=ORIENTED_EDGE('',*,*,#1355,.T.);
#1831=ORIENTED_EDGE('',*,*,#1369,.T.);
#1832=ORIENTED_EDGE('',*,*,#1309,.T.);
#1833=ORIENTED_EDGE('',*,*,#1318,.F.);
#1834=ORIENTED_EDGE('',*,*,#1147,.F.);
#1835=ORIENTED_EDGE('',*,*,#1151,.F.);
#1836=ORIENTED_EDGE('',*,*,#1350,.T.);
#1837=ORIENTED_EDGE('',*,*,#1290,.T.);
#1838=ORIENTED_EDGE('',*,*,#1370,.T.);
#1839=ORIENTED_EDGE('',*,*,#1371,.T.);
#1840=ORIENTED_EDGE('',*,*,#1372,.T.);
#1841=ORIENTED_EDGE('',*,*,#1366,.F.);
#1842=ORIENTED_EDGE('',*,*,#1373,.F.);
#1843=ORIENTED_EDGE('',*,*,#1374,.T.);
#1844=ORIENTED_EDGE('',*,*,#1370,.F.);
#1845=ORIENTED_EDGE('',*,*,#1365,.F.);
#1846=ORIENTED_EDGE('',*,*,#1173,.T.);
#1847=ORIENTED_EDGE('',*,*,#1179,.T.);
#1848=ORIENTED_EDGE('',*,*,#1185,.T.);
#1849=ORIENTED_EDGE('',*,*,#1191,.T.);
#1850=ORIENTED_EDGE('',*,*,#1375,.T.);
#1851=ORIENTED_EDGE('',*,*,#1376,.T.);
#1852=ORIENTED_EDGE('',*,*,#1373,.T.);
#1853=ORIENTED_EDGE('',*,*,#1364,.F.);
#1854=ORIENTED_EDGE('',*,*,#1377,.F.);
#1855=ORIENTED_EDGE('',*,*,#1378,.T.);
#1856=ORIENTED_EDGE('',*,*,#1375,.F.);
#1857=ORIENTED_EDGE('',*,*,#1363,.F.);
#1858=ORIENTED_EDGE('',*,*,#1227,.T.);
#1859=ORIENTED_EDGE('',*,*,#1221,.T.);
#1860=ORIENTED_EDGE('',*,*,#1215,.T.);
#1861=ORIENTED_EDGE('',*,*,#1209,.T.);
#1862=ORIENTED_EDGE('',*,*,#1203,.T.);
#1863=ORIENTED_EDGE('',*,*,#1197,.T.);
#1864=ORIENTED_EDGE('',*,*,#1315,.T.);
#1865=ORIENTED_EDGE('',*,*,#1379,.F.);
#1866=ORIENTED_EDGE('',*,*,#1351,.T.);
#1867=ORIENTED_EDGE('',*,*,#1136,.F.);
#1868=ORIENTED_EDGE('',*,*,#1131,.F.);
#1869=ORIENTED_EDGE('',*,*,#1324,.T.);
#1870=ORIENTED_EDGE('',*,*,#1380,.T.);
#1871=ORIENTED_EDGE('',*,*,#1296,.F.);
#1872=ORIENTED_EDGE('',*,*,#1352,.T.);
#1873=ORIENTED_EDGE('',*,*,#1379,.T.);
#1874=ORIENTED_EDGE('',*,*,#1314,.T.);
#1875=ORIENTED_EDGE('',*,*,#1369,.F.);
#1876=ORIENTED_EDGE('',*,*,#1354,.T.);
#1877=ORIENTED_EDGE('',*,*,#1381,.T.);
#1878=ORIENTED_EDGE('',*,*,#1382,.T.);
#1879=ORIENTED_EDGE('',*,*,#1381,.F.);
#1880=ORIENTED_EDGE('',*,*,#1353,.T.);
#1881=ORIENTED_EDGE('',*,*,#1301,.T.);
#1882=ORIENTED_EDGE('',*,*,#1383,.F.);
#1883=ORIENTED_EDGE('',*,*,#1384,.T.);
#1884=ORIENTED_EDGE('',*,*,#1385,.F.);
#1885=ORIENTED_EDGE('',*,*,#1361,.F.);
#1886=ORIENTED_EDGE('',*,*,#1386,.T.);
#1887=ORIENTED_EDGE('',*,*,#1387,.T.);
#1888=ORIENTED_EDGE('',*,*,#1388,.T.);
#1889=ORIENTED_EDGE('',*,*,#1389,.T.);
#1890=ORIENTED_EDGE('',*,*,#1390,.T.);
#1891=ORIENTED_EDGE('',*,*,#1391,.T.);
#1892=ORIENTED_EDGE('',*,*,#1385,.T.);
#1893=ORIENTED_EDGE('',*,*,#1392,.T.);
#1894=ORIENTED_EDGE('',*,*,#1377,.T.);
#1895=ORIENTED_EDGE('',*,*,#1362,.F.);
#1896=ORIENTED_EDGE('',*,*,#1310,.T.);
#1897=ORIENTED_EDGE('',*,*,#1288,.F.);
#1898=ORIENTED_EDGE('',*,*,#1368,.T.);
#1899=ORIENTED_EDGE('',*,*,#1152,.F.);
#1900=ORIENTED_EDGE('',*,*,#1145,.F.);
#1901=ORIENTED_EDGE('',*,*,#1319,.T.);
#1902=ORIENTED_EDGE('',*,*,#1372,.F.);
#1903=ORIENTED_EDGE('',*,*,#1393,.T.);
#1904=ORIENTED_EDGE('',*,*,#1394,.F.);
#1905=ORIENTED_EDGE('',*,*,#1367,.F.);
#1906=ORIENTED_EDGE('',*,*,#1233,.T.);
#1907=ORIENTED_EDGE('',*,*,#1239,.T.);
#1908=ORIENTED_EDGE('',*,*,#1245,.T.);
#1909=ORIENTED_EDGE('',*,*,#1251,.T.);
#1910=ORIENTED_EDGE('',*,*,#1167,.T.);
#1911=ORIENTED_EDGE('',*,*,#1161,.T.);
#1912=ORIENTED_EDGE('',*,*,#1394,.T.);
#1913=ORIENTED_EDGE('',*,*,#1395,.T.);
#1914=ORIENTED_EDGE('',*,*,#1383,.T.);
#1915=ORIENTED_EDGE('',*,*,#1360,.F.);
#1916=ORIENTED_EDGE('',*,*,#1396,.F.);
#1917=ORIENTED_EDGE('',*,*,#1397,.T.);
#1918=ORIENTED_EDGE('',*,*,#1391,.F.);
#1919=ORIENTED_EDGE('',*,*,#1398,.T.);
#1920=ORIENTED_EDGE('',*,*,#1396,.T.);
#1921=ORIENTED_EDGE('',*,*,#1398,.F.);
#1922=ORIENTED_EDGE('',*,*,#1397,.F.);
#1923=ORIENTED_EDGE('',*,*,#1399,.T.);
#1924=ORIENTED_EDGE('',*,*,#1273,.F.);
#1925=ORIENTED_EDGE('',*,*,#1399,.F.);
#1926=ORIENTED_EDGE('',*,*,#1400,.F.);
#1927=ORIENTED_EDGE('',*,*,#1401,.T.);
#1928=ORIENTED_EDGE('',*,*,#1390,.F.);
#1929=ORIENTED_EDGE('',*,*,#1402,.T.);
#1930=ORIENTED_EDGE('',*,*,#1400,.T.);
#1931=ORIENTED_EDGE('',*,*,#1402,.F.);
#1932=ORIENTED_EDGE('',*,*,#1401,.F.);
#1933=ORIENTED_EDGE('',*,*,#1403,.T.);
#1934=ORIENTED_EDGE('',*,*,#1272,.F.);
#1935=ORIENTED_EDGE('',*,*,#1403,.F.);
#1936=ORIENTED_EDGE('',*,*,#1404,.F.);
#1937=ORIENTED_EDGE('',*,*,#1405,.T.);
#1938=ORIENTED_EDGE('',*,*,#1389,.F.);
#1939=ORIENTED_EDGE('',*,*,#1406,.T.);
#1940=ORIENTED_EDGE('',*,*,#1404,.T.);
#1941=ORIENTED_EDGE('',*,*,#1406,.F.);
#1942=ORIENTED_EDGE('',*,*,#1405,.F.);
#1943=ORIENTED_EDGE('',*,*,#1407,.T.);
#1944=ORIENTED_EDGE('',*,*,#1271,.F.);
#1945=ORIENTED_EDGE('',*,*,#1407,.F.);
#1946=ORIENTED_EDGE('',*,*,#1408,.F.);
#1947=ORIENTED_EDGE('',*,*,#1409,.T.);
#1948=ORIENTED_EDGE('',*,*,#1388,.F.);
#1949=ORIENTED_EDGE('',*,*,#1410,.T.);
#1950=ORIENTED_EDGE('',*,*,#1408,.T.);
#1951=ORIENTED_EDGE('',*,*,#1410,.F.);
#1952=ORIENTED_EDGE('',*,*,#1409,.F.);
#1953=ORIENTED_EDGE('',*,*,#1411,.T.);
#1954=ORIENTED_EDGE('',*,*,#1270,.F.);
#1955=ORIENTED_EDGE('',*,*,#1411,.F.);
#1956=ORIENTED_EDGE('',*,*,#1412,.F.);
#1957=ORIENTED_EDGE('',*,*,#1413,.T.);
#1958=ORIENTED_EDGE('',*,*,#1387,.F.);
#1959=ORIENTED_EDGE('',*,*,#1414,.T.);
#1960=ORIENTED_EDGE('',*,*,#1412,.T.);
#1961=ORIENTED_EDGE('',*,*,#1414,.F.);
#1962=ORIENTED_EDGE('',*,*,#1413,.F.);
#1963=ORIENTED_EDGE('',*,*,#1415,.T.);
#1964=ORIENTED_EDGE('',*,*,#1269,.F.);
#1965=ORIENTED_EDGE('',*,*,#1415,.F.);
#1966=ORIENTED_EDGE('',*,*,#1416,.F.);
#1967=ORIENTED_EDGE('',*,*,#1417,.T.);
#1968=ORIENTED_EDGE('',*,*,#1386,.F.);
#1969=ORIENTED_EDGE('',*,*,#1418,.T.);
#1970=ORIENTED_EDGE('',*,*,#1416,.T.);
#1971=ORIENTED_EDGE('',*,*,#1418,.F.);
#1972=ORIENTED_EDGE('',*,*,#1417,.F.);
#1973=ORIENTED_EDGE('',*,*,#1419,.T.);
#1974=ORIENTED_EDGE('',*,*,#1268,.F.);
#1975=ORIENTED_EDGE('',*,*,#1419,.F.);
#1976=ORIENTED_EDGE('',*,*,#1392,.F.);
#1977=ORIENTED_EDGE('',*,*,#1384,.F.);
#1978=ORIENTED_EDGE('',*,*,#1395,.F.);
#1979=ORIENTED_EDGE('',*,*,#1393,.F.);
#1980=ORIENTED_EDGE('',*,*,#1371,.F.);
#1981=ORIENTED_EDGE('',*,*,#1374,.F.);
#1982=ORIENTED_EDGE('',*,*,#1376,.F.);
#1983=ORIENTED_EDGE('',*,*,#1378,.F.);
#1984=ORIENTED_EDGE('',*,*,#1283,.T.);
#1985=ORIENTED_EDGE('',*,*,#1260,.F.);
#1986=ORIENTED_EDGE('',*,*,#1256,.F.);
#1987=ORIENTED_EDGE('',*,*,#1264,.F.);
#1988=ORIENTED_EDGE('',*,*,#1267,.T.);
#1989=ORIENTED_EDGE('',*,*,#1298,.T.);
#1990=ORIENTED_EDGE('',*,*,#1280,.T.);
#1991=ORIENTED_EDGE('',*,*,#1282,.F.);
#1992=ORIENTED_EDGE('',*,*,#1382,.F.);
#1993=ORIENTED_EDGE('',*,*,#1300,.F.);
#1994=ORIENTED_EDGE('',*,*,#1285,.F.);
#1995=ORIENTED_EDGE('',*,*,#1299,.F.);
#1996=ORIENTED_EDGE('',*,*,#1265,.T.);
#1997=ORIENTED_EDGE('',*,*,#1262,.T.);
#1998=ORIENTED_EDGE('',*,*,#1258,.T.);
#1999=ORIENTED_EDGE('',*,*,#1259,.F.);
#2000=ORIENTED_EDGE('',*,*,#1297,.F.);
#2001=ORIENTED_EDGE('',*,*,#1380,.F.);
#2002=PLANE('',#2200);
#2003=PLANE('',#2201);
#2004=PLANE('',#2203);
#2005=PLANE('',#2204);
#2006=PLANE('',#2206);
#2007=PLANE('',#2213);
#2008=PLANE('',#2220);
#2009=PLANE('',#2227);
#2010=PLANE('',#2234);
#2011=PLANE('',#2241);
#2012=PLANE('',#2248);
#2013=PLANE('',#2255);
#2014=PLANE('',#2262);
#2015=PLANE('',#2269);
#2016=PLANE('',#2276);
#2017=PLANE('',#2283);
#2018=PLANE('',#2290);
#2019=PLANE('',#2297);
#2020=PLANE('',#2304);
#2021=PLANE('',#2311);
#2022=PLANE('',#2318);
#2023=PLANE('',#2319);
#2024=PLANE('',#2320);
#2025=PLANE('',#2321);
#2026=PLANE('',#2328);
#2027=PLANE('',#2329);
#2028=PLANE('',#2330);
#2029=PLANE('',#2331);
#2030=PLANE('',#2332);
#2031=PLANE('',#2333);
#2032=PLANE('',#2334);
#2033=PLANE('',#2335);
#2034=PLANE('',#2336);
#2035=PLANE('',#2337);
#2036=PLANE('',#2338);
#2037=PLANE('',#2339);
#2038=PLANE('',#2350);
#2039=PLANE('',#2351);
#2040=PLANE('',#2352);
#2041=PLANE('',#2353);
#2042=PLANE('',#2354);
#2043=PLANE('',#2355);
#2044=PLANE('',#2356);
#2045=PLANE('',#2357);
#2046=PLANE('',#2358);
#2047=PLANE('',#2359);
#2048=PLANE('',#2360);
#2049=PLANE('',#2365);
#2050=PLANE('',#2366);
#2051=PLANE('',#2367);
#2052=PLANE('',#2370);
#2053=PLANE('',#2373);
#2054=PLANE('',#2374);
#2055=PLANE('',#2375);
#2056=PLANE('',#2376);
#2057=PLANE('',#2377);
#2058=PLANE('',#2386);
#2059=PLANE('',#2387);
#2060=PLANE('',#2390);
#2061=PLANE('',#2395);
#2062=PLANE('',#2400);
#2063=PLANE('',#2405);
#2064=PLANE('',#2410);
#2065=PLANE('',#2415);
#2066=PLANE('',#2420);
#2067=PLANE('',#2421);
#2068=ADVANCED_FACE('',(#248),#2002,.T.);
#2069=ADVANCED_FACE('',(#249,#67),#2003,.T.);
#2070=ADVANCED_FACE('',(#250),#2004,.T.);
#2071=ADVANCED_FACE('',(#251,#68),#2005,.T.);
#2072=ADVANCED_FACE('',(#252,#69),#2006,.F.);
#2073=ADVANCED_FACE('',(#253),#15,.F.);
#2074=ADVANCED_FACE('',(#254),#16,.F.);
#2075=ADVANCED_FACE('',(#255,#70),#2007,.F.);
#2076=ADVANCED_FACE('',(#256),#17,.F.);
#2077=ADVANCED_FACE('',(#257),#18,.F.);
#2078=ADVANCED_FACE('',(#258,#71),#2008,.F.);
#2079=ADVANCED_FACE('',(#259),#19,.F.);
#2080=ADVANCED_FACE('',(#260),#20,.F.);
#2081=ADVANCED_FACE('',(#261,#72),#2009,.F.);
#2082=ADVANCED_FACE('',(#262),#21,.F.);
#2083=ADVANCED_FACE('',(#263),#22,.F.);
#2084=ADVANCED_FACE('',(#264,#73),#2010,.F.);
#2085=ADVANCED_FACE('',(#265),#23,.F.);
#2086=ADVANCED_FACE('',(#266),#24,.F.);
#2087=ADVANCED_FACE('',(#267,#74),#2011,.F.);
#2088=ADVANCED_FACE('',(#268),#25,.F.);
#2089=ADVANCED_FACE('',(#269),#26,.F.);
#2090=ADVANCED_FACE('',(#270,#75),#2012,.F.);
#2091=ADVANCED_FACE('',(#271),#27,.F.);
#2092=ADVANCED_FACE('',(#272),#28,.F.);
#2093=ADVANCED_FACE('',(#273,#76),#2013,.F.);
#2094=ADVANCED_FACE('',(#274),#29,.F.);
#2095=ADVANCED_FACE('',(#275),#30,.F.);
#2096=ADVANCED_FACE('',(#276,#77),#2014,.F.);
#2097=ADVANCED_FACE('',(#277),#31,.F.);
#2098=ADVANCED_FACE('',(#278),#32,.F.);
#2099=ADVANCED_FACE('',(#279,#78),#2015,.F.);
#2100=ADVANCED_FACE('',(#280),#33,.F.);
#2101=ADVANCED_FACE('',(#281),#34,.F.);
#2102=ADVANCED_FACE('',(#282,#79),#2016,.F.);
#2103=ADVANCED_FACE('',(#283),#35,.F.);
#2104=ADVANCED_FACE('',(#284),#36,.F.);
#2105=ADVANCED_FACE('',(#285,#80),#2017,.F.);
#2106=ADVANCED_FACE('',(#286),#37,.F.);
#2107=ADVANCED_FACE('',(#287),#38,.F.);
#2108=ADVANCED_FACE('',(#288,#81),#2018,.F.);
#2109=ADVANCED_FACE('',(#289),#39,.F.);
#2110=ADVANCED_FACE('',(#290),#40,.F.);
#2111=ADVANCED_FACE('',(#291,#82),#2019,.F.);
#2112=ADVANCED_FACE('',(#292),#41,.F.);
#2113=ADVANCED_FACE('',(#293),#42,.F.);
#2114=ADVANCED_FACE('',(#294,#83),#2020,.F.);
#2115=ADVANCED_FACE('',(#295),#43,.F.);
#2116=ADVANCED_FACE('',(#296),#44,.F.);
#2117=ADVANCED_FACE('',(#297,#84),#2021,.F.);
#2118=ADVANCED_FACE('',(#298),#45,.F.);
#2119=ADVANCED_FACE('',(#299),#46,.F.);
#2120=ADVANCED_FACE('',(#300,#85,#86),#2022,.T.);
#2121=ADVANCED_FACE('',(#301),#2023,.T.);
#2122=ADVANCED_FACE('',(#302,#87,#88,#89,#90,#91,#92),#2024,.T.);
#2123=ADVANCED_FACE('',(#303,#93,#94,#95,#96,#97,#98),#2025,.T.);
#2124=ADVANCED_FACE('',(#304),#2026,.T.);
#2125=ADVANCED_FACE('',(#305,#99,#100),#2027,.T.);
#2126=ADVANCED_FACE('',(#306),#2028,.T.);
#2127=ADVANCED_FACE('',(#307),#2029,.T.);
#2128=ADVANCED_FACE('',(#308,#101,#102,#103,#104,#105,#106),#2030,.T.);
#2129=ADVANCED_FACE('',(#309),#2031,.T.);
#2130=ADVANCED_FACE('',(#310),#2032,.F.);
#2131=ADVANCED_FACE('',(#311),#2033,.F.);
#2132=ADVANCED_FACE('',(#312),#2034,.T.);
#2133=ADVANCED_FACE('',(#313),#2035,.T.);
#2134=ADVANCED_FACE('',(#314),#2036,.T.);
#2135=ADVANCED_FACE('',(#315),#2037,.T.);
#2136=ADVANCED_FACE('',(#316),#47,.F.);
#2137=ADVANCED_FACE('',(#317),#48,.F.);
#2138=ADVANCED_FACE('',(#318),#49,.F.);
#2139=ADVANCED_FACE('',(#319),#50,.F.);
#2140=ADVANCED_FACE('',(#320,#107),#2038,.T.);
#2141=ADVANCED_FACE('',(#321,#108),#2039,.T.);
#2142=ADVANCED_FACE('',(#322,#109),#2040,.T.);
#2143=ADVANCED_FACE('',(#323,#110),#2041,.T.);
#2144=ADVANCED_FACE('',(#324,#111),#2042,.T.);
#2145=ADVANCED_FACE('',(#325),#2043,.F.);
#2146=ADVANCED_FACE('',(#326),#2044,.F.);
#2147=ADVANCED_FACE('',(#327),#2045,.F.);
#2148=ADVANCED_FACE('',(#328,#112),#2046,.T.);
#2149=ADVANCED_FACE('',(#329,#113),#2047,.T.);
#2150=ADVANCED_FACE('',(#330,#114),#2048,.T.);
#2151=ADVANCED_FACE('',(#331),#2049,.F.);
#2152=ADVANCED_FACE('',(#332),#2050,.T.);
#2153=ADVANCED_FACE('',(#333),#2051,.T.);
#2154=ADVANCED_FACE('',(#334),#51,.T.);
#2155=ADVANCED_FACE('',(#335,#115,#116,#117,#118),#2052,.T.);
#2156=ADVANCED_FACE('',(#336),#52,.T.);
#2157=ADVANCED_FACE('',(#337,#119,#120,#121,#122,#123,#124),#2053,.T.);
#2158=ADVANCED_FACE('',(#338),#2054,.T.);
#2159=ADVANCED_FACE('',(#339),#2055,.T.);
#2160=ADVANCED_FACE('',(#340),#2056,.T.);
#2161=ADVANCED_FACE('',(#341,#125,#126,#127,#128,#129,#130),#2057,.T.);
#2162=ADVANCED_FACE('',(#342),#53,.T.);
#2163=ADVANCED_FACE('',(#343),#2058,.T.);
#2164=ADVANCED_FACE('',(#344,#131,#132,#133,#134,#135,#136),#2059,.T.);
#2165=ADVANCED_FACE('',(#345),#54,.T.);
#2166=ADVANCED_FACE('',(#346,#137),#2060,.F.);
#2167=ADVANCED_FACE('',(#347),#55,.F.);
#2168=ADVANCED_FACE('',(#348),#56,.F.);
#2169=ADVANCED_FACE('',(#349,#138),#2061,.F.);
#2170=ADVANCED_FACE('',(#350),#57,.F.);
#2171=ADVANCED_FACE('',(#351),#58,.F.);
#2172=ADVANCED_FACE('',(#352,#139),#2062,.F.);
#2173=ADVANCED_FACE('',(#353),#59,.F.);
#2174=ADVANCED_FACE('',(#354),#60,.F.);
#2175=ADVANCED_FACE('',(#355,#140),#2063,.F.);
#2176=ADVANCED_FACE('',(#356),#61,.F.);
#2177=ADVANCED_FACE('',(#357),#62,.F.);
#2178=ADVANCED_FACE('',(#358,#141),#2064,.F.);
#2179=ADVANCED_FACE('',(#359),#63,.F.);
#2180=ADVANCED_FACE('',(#360),#64,.F.);
#2181=ADVANCED_FACE('',(#361,#142),#2065,.F.);
#2182=ADVANCED_FACE('',(#362),#65,.F.);
#2183=ADVANCED_FACE('',(#363),#66,.F.);
#2184=ADVANCED_FACE('',(#364,#143),#2066,.T.);
#2185=ADVANCED_FACE('',(#365),#2067,.T.);
#2186=CLOSED_SHELL('',(#2068,#2069,#2070,#2071,#2072,#2073,#2074,#2075,
#2076,#2077,#2078,#2079,#2080,#2081,#2082,#2083,#2084,#2085,#2086,#2087,
#2088,#2089,#2090,#2091,#2092,#2093,#2094,#2095,#2096,#2097,#2098,#2099,
#2100,#2101,#2102,#2103,#2104,#2105,#2106,#2107,#2108,#2109,#2110,#2111,
#2112,#2113,#2114,#2115,#2116,#2117,#2118,#2119,#2120,#2121,#2122,#2123,
#2124,#2125,#2126,#2127,#2128,#2129,#2130,#2131,#2132,#2133,#2134,#2135,
#2136,#2137,#2138,#2139,#2140,#2141,#2142,#2143,#2144,#2145,#2146,#2147,
#2148,#2149,#2150,#2151,#2152,#2153,#2154,#2155,#2156,#2157,#2158,#2159,
#2160,#2161,#2162,#2163,#2164,#2165,#2166,#2167,#2168,#2169,#2170,#2171,
#2172,#2173,#2174,#2175,#2176,#2177,#2178,#2179,#2180,#2181,#2182,#2183,
#2184,#2185));
#2187=DERIVED_UNIT_ELEMENT(#2189,1.);
#2188=DERIVED_UNIT_ELEMENT(#3664,-3.);
#2189=(
MASS_UNIT()
NAMED_UNIT(*)
SI_UNIT(.KILO.,.GRAM.)
);
#2190=DERIVED_UNIT((#2187,#2188));
#2191=MEASURE_REPRESENTATION_ITEM('density measure',
POSITIVE_RATIO_MEASURE(7850.),#2190);
#2192=PROPERTY_DEFINITION_REPRESENTATION(#2197,#2194);
#2193=PROPERTY_DEFINITION_REPRESENTATION(#2198,#2195);
#2194=REPRESENTATION('material name',(#2196),#3661);
#2195=REPRESENTATION('density',(#2191),#3661);
#2196=DESCRIPTIVE_REPRESENTATION_ITEM('\X2\94A2\X0\','\X2\94A2\X0\');
#2197=PROPERTY_DEFINITION('material property','material name',#3671);
#2198=PROPERTY_DEFINITION('material property','density of part',#3671);
#2199=AXIS2_PLACEMENT_3D('',#3055,#2422,#2423);
#2200=AXIS2_PLACEMENT_3D('',#3056,#2424,#2425);
#2201=AXIS2_PLACEMENT_3D('',#3069,#2432,#2433);
#2202=AXIS2_PLACEMENT_3D('',#3084,#2441,#2442);
#2203=AXIS2_PLACEMENT_3D('',#3085,#2443,#2444);
#2204=AXIS2_PLACEMENT_3D('',#3098,#2451,#2452);
#2205=AXIS2_PLACEMENT_3D('',#3115,#2462,#2463);
#2206=AXIS2_PLACEMENT_3D('',#3116,#2464,#2465);
#2207=AXIS2_PLACEMENT_3D('',#3118,#2466,#2467);
#2208=AXIS2_PLACEMENT_3D('',#3120,#2468,#2469);
#2209=AXIS2_PLACEMENT_3D('',#3121,#2470,#2471);
#2210=AXIS2_PLACEMENT_3D('',#3123,#2472,#2473);
#2211=AXIS2_PLACEMENT_3D('',#3125,#2475,#2476);
#2212=AXIS2_PLACEMENT_3D('',#3128,#2478,#2479);
#2213=AXIS2_PLACEMENT_3D('',#3129,#2480,#2481);
#2214=AXIS2_PLACEMENT_3D('',#3131,#2482,#2483);
#2215=AXIS2_PLACEMENT_3D('',#3133,#2484,#2485);
#2216=AXIS2_PLACEMENT_3D('',#3134,#2486,#2487);
#2217=AXIS2_PLACEMENT_3D('',#3136,#2488,#2489);
#2218=AXIS2_PLACEMENT_3D('',#3138,#2491,#2492);
#2219=AXIS2_PLACEMENT_3D('',#3141,#2494,#2495);
#2220=AXIS2_PLACEMENT_3D('',#3142,#2496,#2497);
#2221=AXIS2_PLACEMENT_3D('',#3144,#2498,#2499);
#2222=AXIS2_PLACEMENT_3D('',#3146,#2500,#2501);
#2223=AXIS2_PLACEMENT_3D('',#3147,#2502,#2503);
#2224=AXIS2_PLACEMENT_3D('',#3149,#2504,#2505);
#2225=AXIS2_PLACEMENT_3D('',#3151,#2507,#2508);
#2226=AXIS2_PLACEMENT_3D('',#3154,#2510,#2511);
#2227=AXIS2_PLACEMENT_3D('',#3155,#2512,#2513);
#2228=AXIS2_PLACEMENT_3D('',#3157,#2514,#2515);
#2229=AXIS2_PLACEMENT_3D('',#3159,#2516,#2517);
#2230=AXIS2_PLACEMENT_3D('',#3160,#2518,#2519);
#2231=AXIS2_PLACEMENT_3D('',#3162,#2520,#2521);
#2232=AXIS2_PLACEMENT_3D('',#3164,#2523,#2524);
#2233=AXIS2_PLACEMENT_3D('',#3167,#2526,#2527);
#2234=AXIS2_PLACEMENT_3D('',#3168,#2528,#2529);
#2235=AXIS2_PLACEMENT_3D('',#3170,#2530,#2531);
#2236=AXIS2_PLACEMENT_3D('',#3172,#2532,#2533);
#2237=AXIS2_PLACEMENT_3D('',#3173,#2534,#2535);
#2238=AXIS2_PLACEMENT_3D('',#3175,#2536,#2537);
#2239=AXIS2_PLACEMENT_3D('',#3177,#2539,#2540);
#2240=AXIS2_PLACEMENT_3D('',#3180,#2542,#2543);
#2241=AXIS2_PLACEMENT_3D('',#3181,#2544,#2545);
#2242=AXIS2_PLACEMENT_3D('',#3183,#2546,#2547);
#2243=AXIS2_PLACEMENT_3D('',#3185,#2548,#2549);
#2244=AXIS2_PLACEMENT_3D('',#3186,#2550,#2551);
#2245=AXIS2_PLACEMENT_3D('',#3188,#2552,#2553);
#2246=AXIS2_PLACEMENT_3D('',#3190,#2555,#2556);
#2247=AXIS2_PLACEMENT_3D('',#3193,#2558,#2559);
#2248=AXIS2_PLACEMENT_3D('',#3194,#2560,#2561);
#2249=AXIS2_PLACEMENT_3D('',#3196,#2562,#2563);
#2250=AXIS2_PLACEMENT_3D('',#3198,#2564,#2565);
#2251=AXIS2_PLACEMENT_3D('',#3199,#2566,#2567);
#2252=AXIS2_PLACEMENT_3D('',#3201,#2568,#2569);
#2253=AXIS2_PLACEMENT_3D('',#3203,#2571,#2572);
#2254=AXIS2_PLACEMENT_3D('',#3206,#2574,#2575);
#2255=AXIS2_PLACEMENT_3D('',#3207,#2576,#2577);
#2256=AXIS2_PLACEMENT_3D('',#3209,#2578,#2579);
#2257=AXIS2_PLACEMENT_3D('',#3211,#2580,#2581);
#2258=AXIS2_PLACEMENT_3D('',#3212,#2582,#2583);
#2259=AXIS2_PLACEMENT_3D('',#3214,#2584,#2585);
#2260=AXIS2_PLACEMENT_3D('',#3216,#2587,#2588);
#2261=AXIS2_PLACEMENT_3D('',#3219,#2590,#2591);
#2262=AXIS2_PLACEMENT_3D('',#3220,#2592,#2593);
#2263=AXIS2_PLACEMENT_3D('',#3222,#2594,#2595);
#2264=AXIS2_PLACEMENT_3D('',#3224,#2596,#2597);
#2265=AXIS2_PLACEMENT_3D('',#3225,#2598,#2599);
#2266=AXIS2_PLACEMENT_3D('',#3227,#2600,#2601);
#2267=AXIS2_PLACEMENT_3D('',#3229,#2603,#2604);
#2268=AXIS2_PLACEMENT_3D('',#3232,#2606,#2607);
#2269=AXIS2_PLACEMENT_3D('',#3233,#2608,#2609);
#2270=AXIS2_PLACEMENT_3D('',#3235,#2610,#2611);
#2271=AXIS2_PLACEMENT_3D('',#3237,#2612,#2613);
#2272=AXIS2_PLACEMENT_3D('',#3238,#2614,#2615);
#2273=AXIS2_PLACEMENT_3D('',#3240,#2616,#2617);
#2274=AXIS2_PLACEMENT_3D('',#3242,#2619,#2620);
#2275=AXIS2_PLACEMENT_3D('',#3245,#2622,#2623);
#2276=AXIS2_PLACEMENT_3D('',#3246,#2624,#2625);
#2277=AXIS2_PLACEMENT_3D('',#3248,#2626,#2627);
#2278=AXIS2_PLACEMENT_3D('',#3250,#2628,#2629);
#2279=AXIS2_PLACEMENT_3D('',#3251,#2630,#2631);
#2280=AXIS2_PLACEMENT_3D('',#3253,#2632,#2633);
#2281=AXIS2_PLACEMENT_3D('',#3255,#2635,#2636);
#2282=AXIS2_PLACEMENT_3D('',#3258,#2638,#2639);
#2283=AXIS2_PLACEMENT_3D('',#3259,#2640,#2641);
#2284=AXIS2_PLACEMENT_3D('',#3261,#2642,#2643);
#2285=AXIS2_PLACEMENT_3D('',#3263,#2644,#2645);
#2286=AXIS2_PLACEMENT_3D('',#3264,#2646,#2647);
#2287=AXIS2_PLACEMENT_3D('',#3266,#2648,#2649);
#2288=AXIS2_PLACEMENT_3D('',#3268,#2651,#2652);
#2289=AXIS2_PLACEMENT_3D('',#3271,#2654,#2655);
#2290=AXIS2_PLACEMENT_3D('',#3272,#2656,#2657);
#2291=AXIS2_PLACEMENT_3D('',#3274,#2658,#2659);
#2292=AXIS2_PLACEMENT_3D('',#3276,#2660,#2661);
#2293=AXIS2_PLACEMENT_3D('',#3277,#2662,#2663);
#2294=AXIS2_PLACEMENT_3D('',#3279,#2664,#2665);
#2295=AXIS2_PLACEMENT_3D('',#3281,#2667,#2668);
#2296=AXIS2_PLACEMENT_3D('',#3284,#2670,#2671);
#2297=AXIS2_PLACEMENT_3D('',#3285,#2672,#2673);
#2298=AXIS2_PLACEMENT_3D('',#3287,#2674,#2675);
#2299=AXIS2_PLACEMENT_3D('',#3289,#2676,#2677);
#2300=AXIS2_PLACEMENT_3D('',#3290,#2678,#2679);
#2301=AXIS2_PLACEMENT_3D('',#3292,#2680,#2681);
#2302=AXIS2_PLACEMENT_3D('',#3294,#2683,#2684);
#2303=AXIS2_PLACEMENT_3D('',#3297,#2686,#2687);
#2304=AXIS2_PLACEMENT_3D('',#3298,#2688,#2689);
#2305=AXIS2_PLACEMENT_3D('',#3300,#2690,#2691);
#2306=AXIS2_PLACEMENT_3D('',#3302,#2692,#2693);
#2307=AXIS2_PLACEMENT_3D('',#3303,#2694,#2695);
#2308=AXIS2_PLACEMENT_3D('',#3305,#2696,#2697);
#2309=AXIS2_PLACEMENT_3D('',#3307,#2699,#2700);
#2310=AXIS2_PLACEMENT_3D('',#3310,#2702,#2703);
#2311=AXIS2_PLACEMENT_3D('',#3311,#2704,#2705);
#2312=AXIS2_PLACEMENT_3D('',#3313,#2706,#2707);
#2313=AXIS2_PLACEMENT_3D('',#3315,#2708,#2709);
#2314=AXIS2_PLACEMENT_3D('',#3316,#2710,#2711);
#2315=AXIS2_PLACEMENT_3D('',#3318,#2712,#2713);
#2316=AXIS2_PLACEMENT_3D('',#3320,#2715,#2716);
#2317=AXIS2_PLACEMENT_3D('',#3323,#2718,#2719);
#2318=AXIS2_PLACEMENT_3D('',#3324,#2720,#2721);
#2319=AXIS2_PLACEMENT_3D('',#3333,#2726,#2727);
#2320=AXIS2_PLACEMENT_3D('',#3339,#2731,#2732);
#2321=AXIS2_PLACEMENT_3D('',#3345,#2736,#2737);
#2322=AXIS2_PLACEMENT_3D('',#3352,#2741,#2742);
#2323=AXIS2_PLACEMENT_3D('',#3354,#2743,#2744);
#2324=AXIS2_PLACEMENT_3D('',#3356,#2745,#2746);
#2325=AXIS2_PLACEMENT_3D('',#3358,#2747,#2748);
#2326=AXIS2_PLACEMENT_3D('',#3360,#2749,#2750);
#2327=AXIS2_PLACEMENT_3D('',#3362,#2751,#2752);
#2328=AXIS2_PLACEMENT_3D('',#3363,#2753,#2754);
#2329=AXIS2_PLACEMENT_3D('',#3372,#2759,#2760);
#2330=AXIS2_PLACEMENT_3D('',#3378,#2764,#2765);
#2331=AXIS2_PLACEMENT_3D('',#3382,#2768,#2769);
#2332=AXIS2_PLACEMENT_3D('',#3411,#2785,#2786);
#2333=AXIS2_PLACEMENT_3D('',#3414,#2789,#2790);
#2334=AXIS2_PLACEMENT_3D('',#3428,#2798,#2799);
#2335=AXIS2_PLACEMENT_3D('',#3435,#2804,#2805);
#2336=AXIS2_PLACEMENT_3D('',#3445,#2811,#2812);
#2337=AXIS2_PLACEMENT_3D('',#3450,#2816,#2817);
#2338=AXIS2_PLACEMENT_3D('',#3455,#2821,#2822);
#2339=AXIS2_PLACEMENT_3D('',#3458,#2825,#2826);
#2340=AXIS2_PLACEMENT_3D('',#3461,#2829,#2830);
#2341=AXIS2_PLACEMENT_3D('',#3464,#2832,#2833);
#2342=AXIS2_PLACEMENT_3D('',#3465,#2834,#2835);
#2343=AXIS2_PLACEMENT_3D('',#3467,#2836,#2837);
#2344=AXIS2_PLACEMENT_3D('',#3470,#2839,#2840);
#2345=AXIS2_PLACEMENT_3D('',#3471,#2841,#2842);
#2346=AXIS2_PLACEMENT_3D('',#3473,#2843,#2844);
#2347=AXIS2_PLACEMENT_3D('',#3475,#2846,#2847);
#2348=AXIS2_PLACEMENT_3D('',#3477,#2848,#2849);
#2349=AXIS2_PLACEMENT_3D('',#3480,#2851,#2852);
#2350=AXIS2_PLACEMENT_3D('',#3481,#2853,#2854);
#2351=AXIS2_PLACEMENT_3D('',#3490,#2859,#2860);
#2352=AXIS2_PLACEMENT_3D('',#3496,#2864,#2865);
#2353=AXIS2_PLACEMENT_3D('',#3502,#2869,#2870);
#2354=AXIS2_PLACEMENT_3D('',#3505,#2873,#2874);
#2355=AXIS2_PLACEMENT_3D('',#3509,#2877,#2878);
#2356=AXIS2_PLACEMENT_3D('',#3511,#2880,#2881);
#2357=AXIS2_PLACEMENT_3D('',#3515,#2884,#2885);
#2358=AXIS2_PLACEMENT_3D('',#3524,#2891,#2892);
#2359=AXIS2_PLACEMENT_3D('',#3526,#2894,#2895);
#2360=AXIS2_PLACEMENT_3D('',#3528,#2897,#2898);
#2361=AXIS2_PLACEMENT_3D('',#3531,#2899,#2900);
#2362=AXIS2_PLACEMENT_3D('',#3535,#2902,#2903);
#2363=AXIS2_PLACEMENT_3D('',#3539,#2905,#2906);
#2364=AXIS2_PLACEMENT_3D('',#3543,#2908,#2909);
#2365=AXIS2_PLACEMENT_3D('',#3545,#2911,#2912);
#2366=AXIS2_PLACEMENT_3D('',#3547,#2914,#2915);
#2367=AXIS2_PLACEMENT_3D('',#3549,#2917,#2918);
#2368=AXIS2_PLACEMENT_3D('',#3550,#2919,#2920);
#2369=AXIS2_PLACEMENT_3D('',#3554,#2922,#2923);
#2370=AXIS2_PLACEMENT_3D('',#3556,#2925,#2926);
#2371=AXIS2_PLACEMENT_3D('',#3560,#2929,#2930);
#2372=AXIS2_PLACEMENT_3D('',#3563,#2932,#2933);
#2373=AXIS2_PLACEMENT_3D('',#3564,#2934,#2935);
#2374=AXIS2_PLACEMENT_3D('',#3568,#2938,#2939);
#2375=AXIS2_PLACEMENT_3D('',#3570,#2941,#2942);
#2376=AXIS2_PLACEMENT_3D('',#3574,#2945,#2946);
#2377=AXIS2_PLACEMENT_3D('',#3576,#2948,#2949);
#2378=AXIS2_PLACEMENT_3D('',#3583,#2953,#2954);
#2379=AXIS2_PLACEMENT_3D('',#3585,#2955,#2956);
#2380=AXIS2_PLACEMENT_3D('',#3587,#2957,#2958);
#2381=AXIS2_PLACEMENT_3D('',#3589,#2959,#2960);
#2382=AXIS2_PLACEMENT_3D('',#3591,#2961,#2962);
#2383=AXIS2_PLACEMENT_3D('',#3593,#2963,#2964);
#2384=AXIS2_PLACEMENT_3D('',#3594,#2965,#2966);
#2385=AXIS2_PLACEMENT_3D('',#3595,#2967,#2968);
#2386=AXIS2_PLACEMENT_3D('',#3596,#2969,#2970);
#2387=AXIS2_PLACEMENT_3D('',#3597,#2971,#2972);
#2388=AXIS2_PLACEMENT_3D('',#3601,#2975,#2976);
#2389=AXIS2_PLACEMENT_3D('',#3602,#2977,#2978);
#2390=AXIS2_PLACEMENT_3D('',#3603,#2979,#2980);
#2391=AXIS2_PLACEMENT_3D('',#3605,#2981,#2982);
#2392=AXIS2_PLACEMENT_3D('',#3607,#2983,#2984);
#2393=AXIS2_PLACEMENT_3D('',#3608,#2985,#2986);
#2394=AXIS2_PLACEMENT_3D('',#3610,#2988,#2989);
#2395=AXIS2_PLACEMENT_3D('',#3612,#2991,#2992);
#2396=AXIS2_PLACEMENT_3D('',#3614,#2993,#2994);
#2397=AXIS2_PLACEMENT_3D('',#3616,#2995,#2996);
#2398=AXIS2_PLACEMENT_3D('',#3617,#2997,#2998);
#2399=AXIS2_PLACEMENT_3D('',#3619,#3000,#3001);
#2400=AXIS2_PLACEMENT_3D('',#3621,#3003,#3004);
#2401=AXIS2_PLACEMENT_3D('',#3623,#3005,#3006);
#2402=AXIS2_PLACEMENT_3D('',#3625,#3007,#3008);
#2403=AXIS2_PLACEMENT_3D('',#3626,#3009,#3010);
#2404=AXIS2_PLACEMENT_3D('',#3628,#3012,#3013);
#2405=AXIS2_PLACEMENT_3D('',#3630,#3015,#3016);
#2406=AXIS2_PLACEMENT_3D('',#3632,#3017,#3018);
#2407=AXIS2_PLACEMENT_3D('',#3634,#3019,#3020);
#2408=AXIS2_PLACEMENT_3D('',#3635,#3021,#3022);
#2409=AXIS2_PLACEMENT_3D('',#3637,#3024,#3025);
#2410=AXIS2_PLACEMENT_3D('',#3639,#3027,#3028);
#2411=AXIS2_PLACEMENT_3D('',#3641,#3029,#3030);
#2412=AXIS2_PLACEMENT_3D('',#3643,#3031,#3032);
#2413=AXIS2_PLACEMENT_3D('',#3644,#3033,#3034);
#2414=AXIS2_PLACEMENT_3D('',#3646,#3036,#3037);
#2415=AXIS2_PLACEMENT_3D('',#3648,#3039,#3040);
#2416=AXIS2_PLACEMENT_3D('',#3650,#3041,#3042);
#2417=AXIS2_PLACEMENT_3D('',#3652,#3043,#3044);
#2418=AXIS2_PLACEMENT_3D('',#3653,#3045,#3046);
#2419=AXIS2_PLACEMENT_3D('',#3655,#3048,#3049);
#2420=AXIS2_PLACEMENT_3D('',#3657,#3051,#3052);
#2421=AXIS2_PLACEMENT_3D('',#3658,#3053,#3054);
#2422=DIRECTION('axis',(0.,0.,1.));
#2423=DIRECTION('refdir',(1.,0.,0.));
#2424=DIRECTION('center_axis',(0.,0.,-1.));
#2425=DIRECTION('ref_axis',(-1.,0.,0.));
#2426=DIRECTION('',(-1.,0.,0.));
#2427=DIRECTION('',(-5.9211894646675E-17,-1.,0.));
#2428=DIRECTION('',(1.,0.,0.));
#2429=DIRECTION('',(0.,1.,0.));
#2430=DIRECTION('',(-1.,-3.86164530304402E-16,0.));
#2431=DIRECTION('',(1.1842378929335E-16,1.,0.));
#2432=DIRECTION('center_axis',(-1.,0.,0.));
#2433=DIRECTION('ref_axis',(0.,1.,0.));
#2434=DIRECTION('',(0.,0.,-1.));
#2435=DIRECTION('',(0.,0.,1.));
#2436=DIRECTION('',(0.,1.,0.));
#2437=DIRECTION('',(0.,0.,-1.));
#2438=DIRECTION('',(0.,1.,0.));
#2439=DIRECTION('',(0.,0.,-1.));
#2440=DIRECTION('',(0.,1.,0.));
#2441=DIRECTION('center_axis',(1.,0.,0.));
#2442=DIRECTION('ref_axis',(0.,1.,0.));
#2443=DIRECTION('center_axis',(0.,0.,-1.));
#2444=DIRECTION('ref_axis',(-1.,0.,0.));
#2445=DIRECTION('',(0.,-1.,0.));
#2446=DIRECTION('',(1.,0.,0.));
#2447=DIRECTION('',(0.,1.,0.));
#2448=DIRECTION('',(-1.,0.,0.));
#2449=DIRECTION('',(0.,-1.,0.));
#2450=DIRECTION('',(-1.,3.86164530304402E-16,0.));
#2451=DIRECTION('center_axis',(0.,-1.,0.));
#2452=DIRECTION('ref_axis',(-1.,0.,0.));
#2453=DIRECTION('',(0.,0.,1.));
#2454=DIRECTION('',(-1.,0.,0.));
#2455=DIRECTION('',(0.,0.,-1.));
#2456=DIRECTION('',(0.,0.,1.));
#2457=DIRECTION('',(-1.,0.,0.));
#2458=DIRECTION('',(0.,0.,-1.));
#2459=DIRECTION('',(-1.,0.,0.));
#2460=DIRECTION('',(-1.,0.,0.));
#2461=DIRECTION('',(0.,0.,-1.));
#2462=DIRECTION('center_axis',(0.,1.,0.));
#2463=DIRECTION('ref_axis',(1.,0.,0.));
#2464=DIRECTION('center_axis',(-1.,0.,0.));
#2465=DIRECTION('ref_axis',(0.,1.,0.));
#2466=DIRECTION('center_axis',(-1.,0.,0.));
#2467=DIRECTION('ref_axis',(0.,1.,0.));
#2468=DIRECTION('center_axis',(-1.,0.,0.));
#2469=DIRECTION('ref_axis',(0.,1.,0.));
#2470=DIRECTION('center_axis',(-1.,0.,0.));
#2471=DIRECTION('ref_axis',(0.,1.,0.));
#2472=DIRECTION('center_axis',(-1.,-8.3790416952842E-17,0.));
#2473=DIRECTION('ref_axis',(0.,1.,0.));
#2474=DIRECTION('',(-1.,0.,0.));
#2475=DIRECTION('center_axis',(-1.,0.,0.));
#2476=DIRECTION('ref_axis',(0.,1.,0.));
#2477=DIRECTION('',(-1.,0.,0.));
#2478=DIRECTION('center_axis',(1.,0.,0.));
#2479=DIRECTION('ref_axis',(0.,1.,0.));
#2480=DIRECTION('center_axis',(-1.,0.,0.));
#2481=DIRECTION('ref_axis',(0.,1.,0.));
#2482=DIRECTION('center_axis',(-1.,0.,0.));
#2483=DIRECTION('ref_axis',(0.,1.,0.));
#2484=DIRECTION('center_axis',(-1.,0.,0.));
#2485=DIRECTION('ref_axis',(0.,1.,0.));
#2486=DIRECTION('center_axis',(-1.,0.,0.));
#2487=DIRECTION('ref_axis',(0.,1.,0.));
#2488=DIRECTION('center_axis',(-1.,-8.3790416952842E-17,0.));
#2489=DIRECTION('ref_axis',(0.,1.,0.));
#2490=DIRECTION('',(-1.,0.,0.));
#2491=DIRECTION('center_axis',(-1.,0.,0.));
#2492=DIRECTION('ref_axis',(0.,1.,0.));
#2493=DIRECTION('',(-1.,0.,0.));
#2494=DIRECTION('center_axis',(1.,0.,0.));
#2495=DIRECTION('ref_axis',(0.,1.,0.));
#2496=DIRECTION('center_axis',(0.,-1.,0.));
#2497=DIRECTION('ref_axis',(0.,0.,1.));
#2498=DIRECTION('center_axis',(0.,-1.,0.));
#2499=DIRECTION('ref_axis',(0.,0.,1.));
#2500=DIRECTION('center_axis',(0.,-1.,0.));
#2501=DIRECTION('ref_axis',(0.,0.,1.));
#2502=DIRECTION('center_axis',(0.,-1.,0.));
#2503=DIRECTION('ref_axis',(0.,0.,1.));
#2504=DIRECTION('center_axis',(0.,-1.,0.));
#2505=DIRECTION('ref_axis',(0.,0.,1.));
#2506=DIRECTION('',(0.,-1.,0.));
#2507=DIRECTION('center_axis',(0.,-1.,0.));
#2508=DIRECTION('ref_axis',(0.,0.,1.));
#2509=DIRECTION('',(0.,-1.,0.));
#2510=DIRECTION('center_axis',(0.,1.,0.));
#2511=DIRECTION('ref_axis',(0.,0.,1.));
#2512=DIRECTION('center_axis',(0.,-1.,0.));
#2513=DIRECTION('ref_axis',(0.,0.,1.));
#2514=DIRECTION('center_axis',(0.,-1.,0.));
#2515=DIRECTION('ref_axis',(0.,0.,1.));
#2516=DIRECTION('center_axis',(0.,-1.,0.));
#2517=DIRECTION('ref_axis',(0.,0.,1.));
#2518=DIRECTION('center_axis',(0.,-1.,0.));
#2519=DIRECTION('ref_axis',(0.,0.,1.));
#2520=DIRECTION('center_axis',(0.,-1.,0.));
#2521=DIRECTION('ref_axis',(0.,0.,1.));
#2522=DIRECTION('',(0.,-1.,0.));
#2523=DIRECTION('center_axis',(0.,-1.,0.));
#2524=DIRECTION('ref_axis',(0.,0.,1.));
#2525=DIRECTION('',(0.,-1.,0.));
#2526=DIRECTION('center_axis',(0.,1.,0.));
#2527=DIRECTION('ref_axis',(0.,0.,1.));
#2528=DIRECTION('center_axis',(0.,-1.,0.));
#2529=DIRECTION('ref_axis',(0.,0.,1.));
#2530=DIRECTION('center_axis',(0.,-1.,0.));
#2531=DIRECTION('ref_axis',(0.,0.,1.));
#2532=DIRECTION('center_axis',(0.,-1.,0.));
#2533=DIRECTION('ref_axis',(0.,0.,1.));
#2534=DIRECTION('center_axis',(0.,-1.,0.));
#2535=DIRECTION('ref_axis',(0.,0.,1.));
#2536=DIRECTION('center_axis',(0.,-1.,0.));
#2537=DIRECTION('ref_axis',(0.,0.,1.));
#2538=DIRECTION('',(0.,-1.,0.));
#2539=DIRECTION('center_axis',(0.,-1.,0.));
#2540=DIRECTION('ref_axis',(0.,0.,1.));
#2541=DIRECTION('',(0.,-1.,0.));
#2542=DIRECTION('center_axis',(0.,1.,0.));
#2543=DIRECTION('ref_axis',(0.,0.,1.));
#2544=DIRECTION('center_axis',(0.,-1.,0.));
#2545=DIRECTION('ref_axis',(0.,0.,1.));
#2546=DIRECTION('center_axis',(0.,-1.,0.));
#2547=DIRECTION('ref_axis',(0.,0.,1.));
#2548=DIRECTION('center_axis',(0.,-1.,0.));
#2549=DIRECTION('ref_axis',(0.,0.,1.));
#2550=DIRECTION('center_axis',(0.,-1.,0.));
#2551=DIRECTION('ref_axis',(0.,0.,1.));
#2552=DIRECTION('center_axis',(0.,-1.,0.));
#2553=DIRECTION('ref_axis',(0.,0.,1.));
#2554=DIRECTION('',(0.,-1.,0.));
#2555=DIRECTION('center_axis',(0.,-1.,0.));
#2556=DIRECTION('ref_axis',(0.,0.,1.));
#2557=DIRECTION('',(0.,-1.,0.));
#2558=DIRECTION('center_axis',(0.,1.,0.));
#2559=DIRECTION('ref_axis',(0.,0.,1.));
#2560=DIRECTION('center_axis',(1.,0.,0.));
#2561=DIRECTION('ref_axis',(0.,-1.,0.));
#2562=DIRECTION('center_axis',(1.,0.,0.));
#2563=DIRECTION('ref_axis',(0.,-1.,0.));
#2564=DIRECTION('center_axis',(1.,0.,0.));
#2565=DIRECTION('ref_axis',(0.,-1.,0.));
#2566=DIRECTION('center_axis',(1.,0.,0.));
#2567=DIRECTION('ref_axis',(0.,-1.,0.));
#2568=DIRECTION('center_axis',(1.,0.,0.));
#2569=DIRECTION('ref_axis',(0.,-1.,0.));
#2570=DIRECTION('',(1.,0.,0.));
#2571=DIRECTION('center_axis',(1.,0.,0.));
#2572=DIRECTION('ref_axis',(0.,-1.,0.));
#2573=DIRECTION('',(1.,0.,0.));
#2574=DIRECTION('center_axis',(-1.,0.,0.));
#2575=DIRECTION('ref_axis',(0.,-1.,0.));
#2576=DIRECTION('center_axis',(1.,0.,0.));
#2577=DIRECTION('ref_axis',(0.,-1.,0.));
#2578=DIRECTION('center_axis',(1.,0.,0.));
#2579=DIRECTION('ref_axis',(0.,-1.,0.));
#2580=DIRECTION('center_axis',(1.,0.,0.));
#2581=DIRECTION('ref_axis',(0.,-1.,0.));
#2582=DIRECTION('center_axis',(1.,0.,0.));
#2583=DIRECTION('ref_axis',(0.,-1.,0.));
#2584=DIRECTION('center_axis',(1.,0.,0.));
#2585=DIRECTION('ref_axis',(0.,-1.,0.));
#2586=DIRECTION('',(1.,0.,0.));
#2587=DIRECTION('center_axis',(1.,0.,0.));
#2588=DIRECTION('ref_axis',(0.,-1.,0.));
#2589=DIRECTION('',(1.,0.,0.));
#2590=DIRECTION('center_axis',(-1.,0.,0.));
#2591=DIRECTION('ref_axis',(0.,-1.,0.));
#2592=DIRECTION('center_axis',(1.,0.,0.));
#2593=DIRECTION('ref_axis',(0.,-1.,0.));
#2594=DIRECTION('center_axis',(1.,0.,0.));
#2595=DIRECTION('ref_axis',(0.,-1.,0.));
#2596=DIRECTION('center_axis',(1.,0.,0.));
#2597=DIRECTION('ref_axis',(0.,-1.,0.));
#2598=DIRECTION('center_axis',(1.,0.,0.));
#2599=DIRECTION('ref_axis',(0.,-1.,0.));
#2600=DIRECTION('center_axis',(1.,0.,0.));
#2601=DIRECTION('ref_axis',(0.,-1.,0.));
#2602=DIRECTION('',(1.,0.,0.));
#2603=DIRECTION('center_axis',(1.,0.,0.));
#2604=DIRECTION('ref_axis',(0.,-1.,0.));
#2605=DIRECTION('',(1.,0.,0.));
#2606=DIRECTION('center_axis',(-1.,0.,0.));
#2607=DIRECTION('ref_axis',(0.,-1.,0.));
#2608=DIRECTION('center_axis',(1.,0.,0.));
#2609=DIRECTION('ref_axis',(0.,-1.,0.));
#2610=DIRECTION('center_axis',(1.,0.,0.));
#2611=DIRECTION('ref_axis',(0.,-1.,0.));
#2612=DIRECTION('center_axis',(1.,0.,0.));
#2613=DIRECTION('ref_axis',(0.,-1.,0.));
#2614=DIRECTION('center_axis',(1.,0.,0.));
#2615=DIRECTION('ref_axis',(0.,-1.,0.));
#2616=DIRECTION('center_axis',(1.,0.,0.));
#2617=DIRECTION('ref_axis',(0.,-1.,0.));
#2618=DIRECTION('',(1.,0.,0.));
#2619=DIRECTION('center_axis',(1.,0.,0.));
#2620=DIRECTION('ref_axis',(0.,-1.,0.));
#2621=DIRECTION('',(1.,0.,0.));
#2622=DIRECTION('center_axis',(-1.,0.,0.));
#2623=DIRECTION('ref_axis',(0.,-1.,0.));
#2624=DIRECTION('center_axis',(1.,0.,0.));
#2625=DIRECTION('ref_axis',(0.,-1.,0.));
#2626=DIRECTION('center_axis',(1.,0.,0.));
#2627=DIRECTION('ref_axis',(0.,-1.,0.));
#2628=DIRECTION('center_axis',(1.,0.,0.));
#2629=DIRECTION('ref_axis',(0.,-1.,0.));
#2630=DIRECTION('center_axis',(1.,0.,0.));
#2631=DIRECTION('ref_axis',(0.,-1.,0.));
#2632=DIRECTION('center_axis',(1.,0.,0.));
#2633=DIRECTION('ref_axis',(0.,-1.,0.));
#2634=DIRECTION('',(1.,0.,0.));
#2635=DIRECTION('center_axis',(1.,0.,0.));
#2636=DIRECTION('ref_axis',(0.,-1.,0.));
#2637=DIRECTION('',(1.,0.,0.));
#2638=DIRECTION('center_axis',(-1.,0.,0.));
#2639=DIRECTION('ref_axis',(0.,-1.,0.));
#2640=DIRECTION('center_axis',(1.,0.,0.));
#2641=DIRECTION('ref_axis',(0.,-1.,0.));
#2642=DIRECTION('center_axis',(1.,0.,0.));
#2643=DIRECTION('ref_axis',(0.,-1.,0.));
#2644=DIRECTION('center_axis',(1.,0.,0.));
#2645=DIRECTION('ref_axis',(0.,-1.,0.));
#2646=DIRECTION('center_axis',(1.,0.,0.));
#2647=DIRECTION('ref_axis',(0.,-1.,0.));
#2648=DIRECTION('center_axis',(1.,0.,0.));
#2649=DIRECTION('ref_axis',(0.,-1.,0.));
#2650=DIRECTION('',(1.,0.,0.));
#2651=DIRECTION('center_axis',(1.,0.,0.));
#2652=DIRECTION('ref_axis',(0.,-1.,0.));
#2653=DIRECTION('',(1.,0.,0.));
#2654=DIRECTION('center_axis',(-1.,0.,0.));
#2655=DIRECTION('ref_axis',(0.,-1.,0.));
#2656=DIRECTION('center_axis',(-1.,0.,0.));
#2657=DIRECTION('ref_axis',(0.,1.,0.));
#2658=DIRECTION('center_axis',(-1.,0.,0.));
#2659=DIRECTION('ref_axis',(0.,1.,0.));
#2660=DIRECTION('center_axis',(-1.,0.,0.));
#2661=DIRECTION('ref_axis',(0.,1.,0.));
#2662=DIRECTION('center_axis',(-1.,0.,0.));
#2663=DIRECTION('ref_axis',(0.,1.,0.));
#2664=DIRECTION('center_axis',(-1.,-8.3790416952842E-17,0.));
#2665=DIRECTION('ref_axis',(0.,1.,0.));
#2666=DIRECTION('',(-1.,0.,0.));
#2667=DIRECTION('center_axis',(-1.,0.,0.));
#2668=DIRECTION('ref_axis',(0.,1.,0.));
#2669=DIRECTION('',(-1.,0.,0.));
#2670=DIRECTION('center_axis',(1.,0.,0.));
#2671=DIRECTION('ref_axis',(0.,1.,0.));
#2672=DIRECTION('center_axis',(-1.,0.,0.));
#2673=DIRECTION('ref_axis',(0.,1.,0.));
#2674=DIRECTION('center_axis',(-1.,0.,0.));
#2675=DIRECTION('ref_axis',(0.,1.,0.));
#2676=DIRECTION('center_axis',(-1.,0.,0.));
#2677=DIRECTION('ref_axis',(0.,1.,0.));
#2678=DIRECTION('center_axis',(-1.,0.,0.));
#2679=DIRECTION('ref_axis',(0.,1.,0.));
#2680=DIRECTION('center_axis',(-1.,-8.3790416952842E-17,0.));
#2681=DIRECTION('ref_axis',(0.,1.,0.));
#2682=DIRECTION('',(-1.,0.,0.));
#2683=DIRECTION('center_axis',(-1.,0.,0.));
#2684=DIRECTION('ref_axis',(0.,1.,0.));
#2685=DIRECTION('',(-1.,0.,0.));
#2686=DIRECTION('center_axis',(1.,0.,0.));
#2687=DIRECTION('ref_axis',(0.,1.,0.));
#2688=DIRECTION('center_axis',(-1.,0.,0.));
#2689=DIRECTION('ref_axis',(0.,1.,0.));
#2690=DIRECTION('center_axis',(-1.,0.,0.));
#2691=DIRECTION('ref_axis',(0.,1.,0.));
#2692=DIRECTION('center_axis',(-1.,0.,0.));
#2693=DIRECTION('ref_axis',(0.,1.,0.));
#2694=DIRECTION('center_axis',(-1.,0.,0.));
#2695=DIRECTION('ref_axis',(0.,1.,0.));
#2696=DIRECTION('center_axis',(-1.,-8.3790416952842E-17,0.));
#2697=DIRECTION('ref_axis',(0.,1.,0.));
#2698=DIRECTION('',(-1.,0.,0.));
#2699=DIRECTION('center_axis',(-1.,0.,0.));
#2700=DIRECTION('ref_axis',(0.,1.,0.));
#2701=DIRECTION('',(-1.,0.,0.));
#2702=DIRECTION('center_axis',(1.,0.,0.));
#2703=DIRECTION('ref_axis',(0.,1.,0.));
#2704=DIRECTION('center_axis',(-1.,0.,0.));
#2705=DIRECTION('ref_axis',(0.,1.,0.));
#2706=DIRECTION('center_axis',(-1.,0.,0.));
#2707=DIRECTION('ref_axis',(0.,1.,0.));
#2708=DIRECTION('center_axis',(-1.,0.,0.));
#2709=DIRECTION('ref_axis',(0.,1.,0.));
#2710=DIRECTION('center_axis',(-1.,0.,0.));
#2711=DIRECTION('ref_axis',(0.,1.,0.));
#2712=DIRECTION('center_axis',(-1.,-8.3790416952842E-17,0.));
#2713=DIRECTION('ref_axis',(0.,1.,0.));
#2714=DIRECTION('',(-1.,0.,0.));
#2715=DIRECTION('center_axis',(-1.,0.,0.));
#2716=DIRECTION('ref_axis',(0.,1.,0.));
#2717=DIRECTION('',(-1.,0.,0.));
#2718=DIRECTION('center_axis',(1.,0.,0.));
#2719=DIRECTION('ref_axis',(0.,1.,0.));
#2720=DIRECTION('center_axis',(0.,-1.,0.));
#2721=DIRECTION('ref_axis',(0.,0.,1.));
#2722=DIRECTION('',(0.,0.,-1.));
#2723=DIRECTION('',(-1.,0.,0.));
#2724=DIRECTION('',(0.,0.,1.));
#2725=DIRECTION('',(-1.,0.,0.));
#2726=DIRECTION('center_axis',(-1.,0.,0.));
#2727=DIRECTION('ref_axis',(0.,0.,1.));
#2728=DIRECTION('',(0.,-1.,0.));
#2729=DIRECTION('',(0.,1.,0.));
#2730=DIRECTION('',(0.,0.,1.));
#2731=DIRECTION('center_axis',(-1.,0.,0.));
#2732=DIRECTION('ref_axis',(0.,0.,1.));
#2733=DIRECTION('',(0.,1.,0.));
#2734=DIRECTION('',(0.,0.,-1.));
#2735=DIRECTION('',(0.,1.,0.));
#2736=DIRECTION('center_axis',(0.,1.,0.));
#2737=DIRECTION('ref_axis',(0.,0.,1.));
#2738=DIRECTION('',(1.,0.,0.));
#2739=DIRECTION('',(0.,0.,1.));
#2740=DIRECTION('',(-1.,0.,0.));
#2741=DIRECTION('center_axis',(0.,-1.,0.));
#2742=DIRECTION('ref_axis',(0.,0.,-1.));
#2743=DIRECTION('center_axis',(0.,-1.,0.));
#2744=DIRECTION('ref_axis',(0.,0.,-1.));
#2745=DIRECTION('center_axis',(0.,-1.,0.));
#2746=DIRECTION('ref_axis',(0.,0.,-1.));
#2747=DIRECTION('center_axis',(0.,-1.,0.));
#2748=DIRECTION('ref_axis',(0.,0.,-1.));
#2749=DIRECTION('center_axis',(0.,-1.,0.));
#2750=DIRECTION('ref_axis',(0.,0.,-1.));
#2751=DIRECTION('center_axis',(0.,-1.,0.));
#2752=DIRECTION('ref_axis',(0.,0.,-1.));
#2753=DIRECTION('center_axis',(0.,0.,-1.));
#2754=DIRECTION('ref_axis',(0.,1.,0.));
#2755=DIRECTION('',(0.,-1.,0.));
#2756=DIRECTION('',(-1.,0.,0.));
#2757=DIRECTION('',(0.,1.,0.));
#2758=DIRECTION('',(1.,0.,0.));
#2759=DIRECTION('center_axis',(0.,-1.,0.));
#2760=DIRECTION('ref_axis',(0.,0.,-1.));
#2761=DIRECTION('',(0.,0.,1.));
#2762=DIRECTION('',(0.,0.,-1.));
#2763=DIRECTION('',(1.,0.,0.));
#2764=DIRECTION('center_axis',(1.,0.,0.));
#2765=DIRECTION('ref_axis',(0.,0.,-1.));
#2766=DIRECTION('',(0.,0.,-1.));
#2767=DIRECTION('',(0.,-1.,0.));
#2768=DIRECTION('center_axis',(0.,-1.,0.));
#2769=DIRECTION('ref_axis',(1.,0.,0.));
#2770=DIRECTION('',(1.,0.,0.));
#2771=DIRECTION('',(0.,0.,-1.));
#2772=DIRECTION('',(-1.,0.,0.));
#2773=DIRECTION('',(0.,0.,1.));
#2774=DIRECTION('',(1.,0.,0.));
#2775=DIRECTION('',(0.,0.,1.));
#2776=DIRECTION('',(1.,0.,0.));
#2777=DIRECTION('',(0.,0.,1.));
#2778=DIRECTION('',(1.,0.,0.));
#2779=DIRECTION('',(0.,0.,1.));
#2780=DIRECTION('',(1.,0.,0.));
#2781=DIRECTION('',(0.,0.,1.));
#2782=DIRECTION('',(1.,0.,0.));
#2783=DIRECTION('',(0.,0.,1.));
#2784=DIRECTION('',(-1.,0.,0.));
#2785=DIRECTION('center_axis',(1.,0.,0.));
#2786=DIRECTION('ref_axis',(0.,0.,-1.));
#2787=DIRECTION('',(0.,1.,0.));
#2788=DIRECTION('',(0.,1.,0.));
#2789=DIRECTION('center_axis',(1.,0.,0.));
#2790=DIRECTION('ref_axis',(0.,1.,0.));
#2791=DIRECTION('',(0.,-1.,0.));
#2792=DIRECTION('',(0.,0.,1.));
#2793=DIRECTION('',(0.,1.,0.));
#2794=DIRECTION('',(0.,0.,1.));
#2795=DIRECTION('',(0.,1.,0.));
#2796=DIRECTION('',(0.,0.,1.));
#2797=DIRECTION('',(0.,1.,0.));
#2798=DIRECTION('center_axis',(0.,0.,-1.));
#2799=DIRECTION('ref_axis',(-1.,0.,0.));
#2800=DIRECTION('',(1.,0.,0.));
#2801=DIRECTION('',(-1.,3.86164530304402E-16,0.));
#2802=DIRECTION('',(0.,-1.,0.));
#2803=DIRECTION('',(0.,1.,0.));
#2804=DIRECTION('center_axis',(0.,0.,-1.));
#2805=DIRECTION('ref_axis',(-1.,0.,0.));
#2806=DIRECTION('',(-5.9211894646675E-17,-1.,0.));
#2807=DIRECTION('',(1.1842378929335E-16,1.,0.));
#2808=DIRECTION('',(-1.,-3.86164530304402E-16,0.));
#2809=DIRECTION('',(0.,-1.,0.));
#2810=DIRECTION('',(1.,0.,0.));
#2811=DIRECTION('center_axis',(-3.86164530304402E-16,-1.,0.));
#2812=DIRECTION('ref_axis',(1.,-3.86164530304402E-16,0.));
#2813=DIRECTION('',(1.,-3.86164530304402E-16,0.));
#2814=DIRECTION('',(0.,0.,1.));
#2815=DIRECTION('',(0.,0.,1.));
#2816=DIRECTION('center_axis',(0.,1.,0.));
#2817=DIRECTION('ref_axis',(-1.,0.,0.));
#2818=DIRECTION('',(0.,0.,1.));
#2819=DIRECTION('',(0.,0.,-1.));
#2820=DIRECTION('',(-1.,0.,0.));
#2821=DIRECTION('center_axis',(-1.,1.1842378929335E-16,0.));
#2822=DIRECTION('ref_axis',(-1.1842378929335E-16,-1.,0.));
#2823=DIRECTION('',(-1.1842378929335E-16,-1.,0.));
#2824=DIRECTION('',(0.,0.,1.));
#2825=DIRECTION('center_axis',(1.,-5.9211894646675E-17,0.));
#2826=DIRECTION('ref_axis',(5.9211894646675E-17,1.,0.));
#2827=DIRECTION('',(0.,0.,1.));
#2828=DIRECTION('',(5.9211894646675E-17,1.,0.));
#2829=DIRECTION('center_axis',(0.,1.,0.));
#2830=DIRECTION('ref_axis',(1.,0.,0.));
#2831=DIRECTION('',(0.,1.,0.));
#2832=DIRECTION('center_axis',(0.,-1.,0.));
#2833=DIRECTION('ref_axis',(1.,0.,0.));
#2834=DIRECTION('center_axis',(0.,1.,0.));
#2835=DIRECTION('ref_axis',(1.,0.,0.));
#2836=DIRECTION('center_axis',(0.,1.,0.));
#2837=DIRECTION('ref_axis',(1.,0.,0.));
#2838=DIRECTION('',(0.,1.,0.));
#2839=DIRECTION('center_axis',(0.,-1.,0.));
#2840=DIRECTION('ref_axis',(1.,0.,0.));
#2841=DIRECTION('center_axis',(-1.,0.,0.));
#2842=DIRECTION('ref_axis',(0.,1.,0.));
#2843=DIRECTION('center_axis',(-1.,8.88711646688138E-17,0.));
#2844=DIRECTION('ref_axis',(0.,1.,0.));
#2845=DIRECTION('',(-1.,0.,0.));
#2846=DIRECTION('center_axis',(-1.,0.,0.));
#2847=DIRECTION('ref_axis',(0.,1.,0.));
#2848=DIRECTION('center_axis',(-1.,0.,0.));
#2849=DIRECTION('ref_axis',(0.,1.,0.));
#2850=DIRECTION('',(-1.,0.,0.));
#2851=DIRECTION('center_axis',(1.,-8.88711646688138E-17,0.));
#2852=DIRECTION('ref_axis',(0.,1.,0.));
#2853=DIRECTION('center_axis',(0.,-1.,0.));
#2854=DIRECTION('ref_axis',(-1.,0.,0.));
#2855=DIRECTION('',(1.,0.,0.));
#2856=DIRECTION('',(0.,0.,-1.));
#2857=DIRECTION('',(-1.,0.,0.));
#2858=DIRECTION('',(0.,0.,-1.));
#2859=DIRECTION('center_axis',(1.,-8.88711646688138E-17,0.));
#2860=DIRECTION('ref_axis',(-8.88711646688138E-17,-1.,0.));
#2861=DIRECTION('',(8.88711646688138E-17,1.,0.));
#2862=DIRECTION('',(-8.88711646688138E-17,-1.,0.));
#2863=DIRECTION('',(0.,0.,-1.));
#2864=DIRECTION('center_axis',(0.,1.,0.));
#2865=DIRECTION('ref_axis',(1.,0.,0.));
#2866=DIRECTION('',(-1.,0.,0.));
#2867=DIRECTION('',(1.,0.,0.));
#2868=DIRECTION('',(0.,0.,-1.));
#2869=DIRECTION('center_axis',(-1.,8.88711646688138E-17,0.));
#2870=DIRECTION('ref_axis',(8.88711646688138E-17,1.,0.));
#2871=DIRECTION('',(-8.88711646688138E-17,-1.,0.));
#2872=DIRECTION('',(8.88711646688138E-17,1.,0.));
#2873=DIRECTION('center_axis',(0.,0.,-1.));
#2874=DIRECTION('ref_axis',(-1.,0.,0.));
#2875=DIRECTION('',(0.,-1.,0.));
#2876=DIRECTION('',(1.,0.,0.));
#2877=DIRECTION('center_axis',(0.,0.,-1.));
#2878=DIRECTION('ref_axis',(1.,0.,0.));
#2879=DIRECTION('',(0.,1.,0.));
#2880=DIRECTION('center_axis',(0.,0.,-1.));
#2881=DIRECTION('ref_axis',(1.,0.,0.));
#2882=DIRECTION('',(-1.,0.,0.));
#2883=DIRECTION('',(9.86578674176907E-16,-1.,0.));
#2884=DIRECTION('center_axis',(0.,0.,-1.));
#2885=DIRECTION('ref_axis',(1.,0.,0.));
#2886=DIRECTION('',(-1.,0.,0.));
#2887=DIRECTION('',(-1.77635683940025E-16,-1.,0.));
#2888=DIRECTION('',(1.,3.86164530304402E-16,0.));
#2889=DIRECTION('',(1.,0.,0.));
#2890=DIRECTION('',(0.,-1.,0.));
#2891=DIRECTION('center_axis',(0.,1.,0.));
#2892=DIRECTION('ref_axis',(1.,0.,0.));
#2893=DIRECTION('',(0.,0.,-1.));
#2894=DIRECTION('center_axis',(1.,0.,0.));
#2895=DIRECTION('ref_axis',(0.,-1.,0.));
#2896=DIRECTION('',(0.,-1.,0.));
#2897=DIRECTION('center_axis',(0.,0.,-1.));
#2898=DIRECTION('ref_axis',(1.,0.,0.));
#2899=DIRECTION('center_axis',(0.,0.,-1.));
#2900=DIRECTION('ref_axis',(1.,-3.64153152076925E-13,0.));
#2901=DIRECTION('',(-1.,0.,0.));
#2902=DIRECTION('center_axis',(0.,0.,-1.));
#2903=DIRECTION('ref_axis',(3.49350178415255E-13,-1.,0.));
#2904=DIRECTION('',(-1.77635683940025E-16,1.,0.));
#2905=DIRECTION('center_axis',(0.,0.,-1.));
#2906=DIRECTION('ref_axis',(-1.,-3.67113746809514E-13,0.));
#2907=DIRECTION('',(1.,0.,0.));
#2908=DIRECTION('center_axis',(0.,0.,-1.));
#2909=DIRECTION('ref_axis',(3.3750779948617E-13,1.,0.));
#2910=DIRECTION('',(0.,-1.,0.));
#2911=DIRECTION('center_axis',(0.,0.,-1.));
#2912=DIRECTION('ref_axis',(1.,0.,0.));
#2913=DIRECTION('',(0.,-1.,0.));
#2914=DIRECTION('center_axis',(3.86164530304402E-16,-1.,0.));
#2915=DIRECTION('ref_axis',(1.,3.86164530304402E-16,0.));
#2916=DIRECTION('',(0.,0.,1.));
#2917=DIRECTION('center_axis',(1.,0.,0.));
#2918=DIRECTION('ref_axis',(0.,1.,0.));
#2919=DIRECTION('center_axis',(0.,0.,1.));
#2920=DIRECTION('ref_axis',(0.707106781186548,0.707106781186548,0.));
#2921=DIRECTION('',(0.,0.,1.));
#2922=DIRECTION('center_axis',(0.,0.,-1.));
#2923=DIRECTION('ref_axis',(0.707106781186548,0.707106781186548,0.));
#2924=DIRECTION('',(0.,0.,-1.));
#2925=DIRECTION('center_axis',(0.,1.,0.));
#2926=DIRECTION('ref_axis',(-1.,0.,0.));
#2927=DIRECTION('',(0.,0.,-1.));
#2928=DIRECTION('',(1.,0.,0.));
#2929=DIRECTION('center_axis',(0.,0.,1.));
#2930=DIRECTION('ref_axis',(-0.707106781186545,0.70710678118655,0.));
#2931=DIRECTION('',(0.,0.,1.));
#2932=DIRECTION('center_axis',(0.,0.,-1.));
#2933=DIRECTION('ref_axis',(-0.707106781186545,0.70710678118655,0.));
#2934=DIRECTION('center_axis',(-1.,0.,0.));
#2935=DIRECTION('ref_axis',(0.,-1.,0.));
#2936=DIRECTION('',(0.,0.,-1.));
#2937=DIRECTION('',(0.,1.,0.));
#2938=DIRECTION('center_axis',(0.,1.,0.));
#2939=DIRECTION('ref_axis',(-1.,0.,0.));
#2940=DIRECTION('',(0.,0.,1.));
#2941=DIRECTION('center_axis',(-1.,1.77635683940025E-16,0.));
#2942=DIRECTION('ref_axis',(-1.77635683940025E-16,-1.,0.));
#2943=DIRECTION('',(1.77635683940025E-16,1.,0.));
#2944=DIRECTION('',(0.,0.,1.));
#2945=DIRECTION('center_axis',(0.,1.,0.));
#2946=DIRECTION('ref_axis',(-1.,0.,0.));
#2947=DIRECTION('',(1.,0.,0.));
#2948=DIRECTION('center_axis',(0.,-1.,0.));
#2949=DIRECTION('ref_axis',(1.,0.,0.));
#2950=DIRECTION('',(0.,0.,-1.));
#2951=DIRECTION('',(-1.,0.,0.));
#2952=DIRECTION('',(0.,0.,1.));
#2953=DIRECTION('center_axis',(0.,1.,0.));
#2954=DIRECTION('ref_axis',(0.,0.,-1.));
#2955=DIRECTION('center_axis',(0.,1.,0.));
#2956=DIRECTION('ref_axis',(0.,0.,-1.));
#2957=DIRECTION('center_axis',(0.,1.,0.));
#2958=DIRECTION('ref_axis',(0.,0.,-1.));
#2959=DIRECTION('center_axis',(0.,1.,0.));
#2960=DIRECTION('ref_axis',(0.,0.,-1.));
#2961=DIRECTION('center_axis',(0.,1.,0.));
#2962=DIRECTION('ref_axis',(0.,0.,-1.));
#2963=DIRECTION('center_axis',(0.,1.,0.));
#2964=DIRECTION('ref_axis',(0.,0.,-1.));
#2965=DIRECTION('center_axis',(0.,0.,1.));
#2966=DIRECTION('ref_axis',(-0.707106781186548,-0.707106781186548,0.));
#2967=DIRECTION('center_axis',(0.,0.,-1.));
#2968=DIRECTION('ref_axis',(-0.707106781186548,-0.707106781186548,0.));
#2969=DIRECTION('center_axis',(-1.,0.,0.));
#2970=DIRECTION('ref_axis',(0.,-1.,0.));
#2971=DIRECTION('center_axis',(1.,8.3790416952842E-17,0.));
#2972=DIRECTION('ref_axis',(-8.3790416952842E-17,1.,0.));
#2973=DIRECTION('',(8.3790416952842E-17,-1.,0.));
#2974=DIRECTION('',(0.,0.,1.));
#2975=DIRECTION('center_axis',(0.,0.,1.));
#2976=DIRECTION('ref_axis',(0.707106781186548,-0.707106781186548,0.));
#2977=DIRECTION('center_axis',(0.,0.,-1.));
#2978=DIRECTION('ref_axis',(0.707106781186548,-0.707106781186548,0.));
#2979=DIRECTION('center_axis',(0.,1.,0.));
#2980=DIRECTION('ref_axis',(0.,0.,-1.));
#2981=DIRECTION('center_axis',(0.,1.,0.));
#2982=DIRECTION('ref_axis',(0.,0.,-1.));
#2983=DIRECTION('center_axis',(0.,1.,0.));
#2984=DIRECTION('ref_axis',(0.,0.,-1.));
#2985=DIRECTION('center_axis',(0.,1.,0.));
#2986=DIRECTION('ref_axis',(0.,0.,-1.));
#2987=DIRECTION('',(0.,1.,0.));
#2988=DIRECTION('center_axis',(0.,1.,0.));
#2989=DIRECTION('ref_axis',(0.,0.,-1.));
#2990=DIRECTION('',(0.,1.,0.));
#2991=DIRECTION('center_axis',(0.,1.,0.));
#2992=DIRECTION('ref_axis',(0.,0.,-1.));
#2993=DIRECTION('center_axis',(0.,1.,0.));
#2994=DIRECTION('ref_axis',(0.,0.,-1.));
#2995=DIRECTION('center_axis',(0.,1.,0.));
#2996=DIRECTION('ref_axis',(0.,0.,-1.));
#2997=DIRECTION('center_axis',(0.,1.,0.));
#2998=DIRECTION('ref_axis',(0.,0.,-1.));
#2999=DIRECTION('',(0.,1.,0.));
#3000=DIRECTION('center_axis',(0.,1.,0.));
#3001=DIRECTION('ref_axis',(0.,0.,-1.));
#3002=DIRECTION('',(0.,1.,0.));
#3003=DIRECTION('center_axis',(0.,1.,0.));
#3004=DIRECTION('ref_axis',(0.,0.,-1.));
#3005=DIRECTION('center_axis',(0.,1.,0.));
#3006=DIRECTION('ref_axis',(0.,0.,-1.));
#3007=DIRECTION('center_axis',(0.,1.,0.));
#3008=DIRECTION('ref_axis',(0.,0.,-1.));
#3009=DIRECTION('center_axis',(0.,1.,0.));
#3010=DIRECTION('ref_axis',(0.,0.,-1.));
#3011=DIRECTION('',(0.,1.,0.));
#3012=DIRECTION('center_axis',(0.,1.,0.));
#3013=DIRECTION('ref_axis',(0.,0.,-1.));
#3014=DIRECTION('',(0.,1.,0.));
#3015=DIRECTION('center_axis',(0.,1.,0.));
#3016=DIRECTION('ref_axis',(0.,0.,-1.));
#3017=DIRECTION('center_axis',(0.,1.,0.));
#3018=DIRECTION('ref_axis',(0.,0.,-1.));
#3019=DIRECTION('center_axis',(0.,1.,0.));
#3020=DIRECTION('ref_axis',(0.,0.,-1.));
#3021=DIRECTION('center_axis',(0.,1.,0.));
#3022=DIRECTION('ref_axis',(0.,0.,-1.));
#3023=DIRECTION('',(0.,1.,0.));
#3024=DIRECTION('center_axis',(0.,1.,0.));
#3025=DIRECTION('ref_axis',(0.,0.,-1.));
#3026=DIRECTION('',(0.,1.,0.));
#3027=DIRECTION('center_axis',(0.,1.,0.));
#3028=DIRECTION('ref_axis',(0.,0.,-1.));
#3029=DIRECTION('center_axis',(0.,1.,0.));
#3030=DIRECTION('ref_axis',(0.,0.,-1.));
#3031=DIRECTION('center_axis',(0.,1.,0.));
#3032=DIRECTION('ref_axis',(0.,0.,-1.));
#3033=DIRECTION('center_axis',(0.,1.,0.));
#3034=DIRECTION('ref_axis',(0.,0.,-1.));
#3035=DIRECTION('',(0.,1.,0.));
#3036=DIRECTION('center_axis',(0.,1.,0.));
#3037=DIRECTION('ref_axis',(0.,0.,-1.));
#3038=DIRECTION('',(0.,1.,0.));
#3039=DIRECTION('center_axis',(0.,1.,0.));
#3040=DIRECTION('ref_axis',(0.,0.,-1.));
#3041=DIRECTION('center_axis',(0.,1.,0.));
#3042=DIRECTION('ref_axis',(0.,0.,-1.));
#3043=DIRECTION('center_axis',(0.,1.,0.));
#3044=DIRECTION('ref_axis',(0.,0.,-1.));
#3045=DIRECTION('center_axis',(0.,1.,0.));
#3046=DIRECTION('ref_axis',(0.,0.,-1.));
#3047=DIRECTION('',(0.,1.,0.));
#3048=DIRECTION('center_axis',(0.,1.,0.));
#3049=DIRECTION('ref_axis',(0.,0.,-1.));
#3050=DIRECTION('',(0.,1.,0.));
#3051=DIRECTION('center_axis',(0.,0.,1.));
#3052=DIRECTION('ref_axis',(1.,0.,0.));
#3053=DIRECTION('center_axis',(0.,0.,-1.));
#3054=DIRECTION('ref_axis',(-1.,0.,0.));
#3055=CARTESIAN_POINT('',(0.,0.,0.));
#3056=CARTESIAN_POINT('Origin',(1.04805053524615E-12,-1.09245945623115E-12,
2.));
#3057=CARTESIAN_POINT('',(27.,47.,2.));
#3058=CARTESIAN_POINT('',(24.,47.,2.));
#3059=CARTESIAN_POINT('',(22.0000000000005,47.,2.));
#3060=CARTESIAN_POINT('',(27.,-22.,2.));
#3061=CARTESIAN_POINT('',(27.,-11.0000000000005,2.));
#3062=CARTESIAN_POINT('',(44.,-22.,2.));
#3063=CARTESIAN_POINT('',(23.5000000000005,-22.,2.));
#3064=CARTESIAN_POINT('',(44.,-25.,2.));
#3065=CARTESIAN_POINT('',(44.,-23.5000000000005,2.));
#3066=CARTESIAN_POINT('',(24.,-25.,2.));
#3067=CARTESIAN_POINT('',(12.0000000000005,-25.,2.));
#3068=CARTESIAN_POINT('',(24.,24.9999999999995,2.));
#3069=CARTESIAN_POINT('Origin',(44.,-47.,29.));
#3070=CARTESIAN_POINT('',(44.,-25.,29.));
#3071=CARTESIAN_POINT('',(44.,-25.,29.));
#3072=CARTESIAN_POINT('',(44.,-22.,29.));
#3073=CARTESIAN_POINT('',(44.,-22.,29.));
#3074=CARTESIAN_POINT('',(44.,47.,29.));
#3075=CARTESIAN_POINT('',(44.,47.,29.));
#3076=CARTESIAN_POINT('',(44.,47.,0.));
#3077=CARTESIAN_POINT('',(44.,47.,29.));
#3078=CARTESIAN_POINT('',(44.,-47.,0.));
#3079=CARTESIAN_POINT('',(44.,-47.,0.));
#3080=CARTESIAN_POINT('',(44.,-47.,29.));
#3081=CARTESIAN_POINT('',(44.,-47.,29.));
#3082=CARTESIAN_POINT('',(44.,47.,29.));
#3083=CARTESIAN_POINT('',(44.,-1.49999999999992,12.5));
#3084=CARTESIAN_POINT('Origin',(44.,7.99360577730113E-14,12.5));
#3085=CARTESIAN_POINT('Origin',(1.04805053524615E-12,-1.09245945623115E-12,
2.));
#3086=CARTESIAN_POINT('',(-44.,-22.,2.));
#3087=CARTESIAN_POINT('',(-44.,-25.,2.));
#3088=CARTESIAN_POINT('',(-44.,23.4999999999995,2.));
#3089=CARTESIAN_POINT('',(-27.,-22.,2.));
#3090=CARTESIAN_POINT('',(-13.4999999999995,-22.,2.));
#3091=CARTESIAN_POINT('',(-27.,47.,2.));
#3092=CARTESIAN_POINT('',(-27.,24.9999999999995,2.));
#3093=CARTESIAN_POINT('',(-24.,47.,2.));
#3094=CARTESIAN_POINT('',(22.0000000000005,47.,2.));
#3095=CARTESIAN_POINT('',(-24.,-25.,2.));
#3096=CARTESIAN_POINT('',(-24.,-12.5000000000005,2.));
#3097=CARTESIAN_POINT('',(-23.4999999999995,-25.,2.));
#3098=CARTESIAN_POINT('Origin',(44.,47.,29.));
#3099=CARTESIAN_POINT('',(24.,47.,29.));
#3100=CARTESIAN_POINT('',(24.,47.,29.));
#3101=CARTESIAN_POINT('',(-24.,47.,29.));
#3102=CARTESIAN_POINT('',(-44.,47.,29.));
#3103=CARTESIAN_POINT('',(-24.,47.,29.));
#3104=CARTESIAN_POINT('',(-27.,47.,29.));
#3105=CARTESIAN_POINT('',(-27.,47.,29.));
#3106=CARTESIAN_POINT('',(-44.,47.,29.));
#3107=CARTESIAN_POINT('',(-44.,47.,29.));
#3108=CARTESIAN_POINT('',(-44.,47.,0.));
#3109=CARTESIAN_POINT('',(-44.,47.,29.));
#3110=CARTESIAN_POINT('',(44.,47.,0.));
#3111=CARTESIAN_POINT('',(27.,47.,29.));
#3112=CARTESIAN_POINT('',(-44.,47.,29.));
#3113=CARTESIAN_POINT('',(27.,47.,29.));
#3114=CARTESIAN_POINT('',(-1.50000000000003,47.,12.5));
#3115=CARTESIAN_POINT('Origin',(-3.5527136788005E-14,47.,12.5));
#3116=CARTESIAN_POINT('Origin',(48.000000000001,29.9999999999989,244.));
#3117=CARTESIAN_POINT('',(48.000000000001,25.2499999999989,244.));
#3118=CARTESIAN_POINT('Origin',(48.000000000001,29.9999999999989,244.));
#3119=CARTESIAN_POINT('',(48.000000000001,27.4999999999989,244.));
#3120=CARTESIAN_POINT('Origin',(48.000000000001,29.9999999999989,244.));
#3121=CARTESIAN_POINT('Origin',(49.0000000000011,29.9999999999989,244.));
#3122=CARTESIAN_POINT('',(50.0000000000011,25.2499999999989,244.));
#3123=CARTESIAN_POINT('Origin',(50.0000000000011,29.9999999999989,244.));
#3124=CARTESIAN_POINT('',(49.0000000000011,25.2499999999989,244.));
#3125=CARTESIAN_POINT('Origin',(42.5000000000011,29.9999999999989,244.));
#3126=CARTESIAN_POINT('',(42.,27.4999999999989,244.));
#3127=CARTESIAN_POINT('',(42.5000000000011,27.4999999999989,244.));
#3128=CARTESIAN_POINT('Origin',(42.,29.9999999999989,244.));
#3129=CARTESIAN_POINT('Origin',(48.000000000001,29.9999999999989,224.));
#3130=CARTESIAN_POINT('',(48.000000000001,25.2499999999989,224.));
#3131=CARTESIAN_POINT('Origin',(48.000000000001,29.9999999999989,224.));
#3132=CARTESIAN_POINT('',(48.000000000001,27.4999999999989,224.));
#3133=CARTESIAN_POINT('Origin',(48.000000000001,29.9999999999989,224.));
#3134=CARTESIAN_POINT('Origin',(49.0000000000011,29.9999999999989,224.));
#3135=CARTESIAN_POINT('',(50.0000000000011,25.2499999999989,224.));
#3136=CARTESIAN_POINT('Origin',(50.0000000000011,29.9999999999989,224.));
#3137=CARTESIAN_POINT('',(49.0000000000011,25.2499999999989,224.));
#3138=CARTESIAN_POINT('Origin',(42.5000000000011,29.9999999999989,224.));
#3139=CARTESIAN_POINT('',(42.,27.4999999999989,224.));
#3140=CARTESIAN_POINT('',(42.5000000000011,27.4999999999989,224.));
#3141=CARTESIAN_POINT('Origin',(42.,29.9999999999989,224.));
#3142=CARTESIAN_POINT('Origin',(-31.499999999999,50.9999999999989,244.));
#3143=CARTESIAN_POINT('',(-31.499999999999,50.9999999999989,239.25));
#3144=CARTESIAN_POINT('Origin',(-31.499999999999,50.9999999999989,244.));
#3145=CARTESIAN_POINT('',(-31.499999999999,50.9999999999989,241.5));
#3146=CARTESIAN_POINT('Origin',(-31.499999999999,50.9999999999989,244.));
#3147=CARTESIAN_POINT('Origin',(-31.499999999999,51.9999999999989,244.));
#3148=CARTESIAN_POINT('',(-31.499999999999,52.9999999999989,239.25));
#3149=CARTESIAN_POINT('Origin',(-31.499999999999,52.9999999999989,244.));
#3150=CARTESIAN_POINT('',(-31.499999999999,51.9999999999989,239.25));
#3151=CARTESIAN_POINT('Origin',(-31.499999999999,42.9999999999989,244.));
#3152=CARTESIAN_POINT('',(-31.499999999999,45.,241.5));
#3153=CARTESIAN_POINT('',(-31.499999999999,42.9999999999989,241.5));
#3154=CARTESIAN_POINT('Origin',(-31.499999999999,45.,244.));
#3155=CARTESIAN_POINT('Origin',(31.500000000001,50.9999999999989,244.));
#3156=CARTESIAN_POINT('',(31.500000000001,50.9999999999989,239.25));
#3157=CARTESIAN_POINT('Origin',(31.500000000001,50.9999999999989,244.));
#3158=CARTESIAN_POINT('',(31.500000000001,50.9999999999989,241.5));
#3159=CARTESIAN_POINT('Origin',(31.500000000001,50.9999999999989,244.));
#3160=CARTESIAN_POINT('Origin',(31.500000000001,51.9999999999989,244.));
#3161=CARTESIAN_POINT('',(31.500000000001,52.9999999999989,239.25));
#3162=CARTESIAN_POINT('Origin',(31.500000000001,52.9999999999989,244.));
#3163=CARTESIAN_POINT('',(31.500000000001,51.9999999999989,239.25));
#3164=CARTESIAN_POINT('Origin',(31.500000000001,42.9999999999989,244.));
#3165=CARTESIAN_POINT('',(31.500000000001,45.,241.5));
#3166=CARTESIAN_POINT('',(31.500000000001,42.9999999999989,241.5));
#3167=CARTESIAN_POINT('Origin',(31.500000000001,45.,244.));
#3168=CARTESIAN_POINT('Origin',(31.500000000001,50.9999999999989,224.));
#3169=CARTESIAN_POINT('',(31.500000000001,50.9999999999989,219.25));
#3170=CARTESIAN_POINT('Origin',(31.500000000001,50.9999999999989,224.));
#3171=CARTESIAN_POINT('',(31.500000000001,50.9999999999989,221.5));
#3172=CARTESIAN_POINT('Origin',(31.500000000001,50.9999999999989,224.));
#3173=CARTESIAN_POINT('Origin',(31.500000000001,51.9999999999989,224.));
#3174=CARTESIAN_POINT('',(31.500000000001,52.9999999999989,219.25));
#3175=CARTESIAN_POINT('Origin',(31.500000000001,52.9999999999989,224.));
#3176=CARTESIAN_POINT('',(31.500000000001,51.9999999999989,219.25));
#3177=CARTESIAN_POINT('Origin',(31.500000000001,42.9999999999989,224.));
#3178=CARTESIAN_POINT('',(31.500000000001,45.,221.5));
#3179=CARTESIAN_POINT('',(31.500000000001,42.9999999999989,221.5));
#3180=CARTESIAN_POINT('Origin',(31.500000000001,45.,224.));
#3181=CARTESIAN_POINT('Origin',(-31.499999999999,50.9999999999989,224.));
#3182=CARTESIAN_POINT('',(-31.499999999999,50.9999999999989,219.25));
#3183=CARTESIAN_POINT('Origin',(-31.499999999999,50.9999999999989,224.));
#3184=CARTESIAN_POINT('',(-31.499999999999,50.9999999999989,221.5));
#3185=CARTESIAN_POINT('Origin',(-31.499999999999,50.9999999999989,224.));
#3186=CARTESIAN_POINT('Origin',(-31.499999999999,51.9999999999989,224.));
#3187=CARTESIAN_POINT('',(-31.499999999999,52.9999999999989,219.25));
#3188=CARTESIAN_POINT('Origin',(-31.499999999999,52.9999999999989,224.));
#3189=CARTESIAN_POINT('',(-31.499999999999,51.9999999999989,219.25));
#3190=CARTESIAN_POINT('Origin',(-31.499999999999,42.9999999999989,224.));
#3191=CARTESIAN_POINT('',(-31.499999999999,45.,221.5));
#3192=CARTESIAN_POINT('',(-31.499999999999,42.9999999999989,221.5));
#3193=CARTESIAN_POINT('Origin',(-31.499999999999,45.,224.));
#3194=CARTESIAN_POINT('Origin',(-47.9999999999989,-10.0000000000011,244.));
#3195=CARTESIAN_POINT('',(-47.9999999999989,-5.25000000000109,244.));
#3196=CARTESIAN_POINT('Origin',(-47.9999999999989,-10.0000000000011,244.));
#3197=CARTESIAN_POINT('',(-47.9999999999989,-7.50000000000109,244.));
#3198=CARTESIAN_POINT('Origin',(-47.9999999999989,-10.0000000000011,244.));
#3199=CARTESIAN_POINT('Origin',(-48.999999999999,-10.0000000000011,244.));
#3200=CARTESIAN_POINT('',(-49.9999999999989,-5.25000000000109,244.));
#3201=CARTESIAN_POINT('Origin',(-49.9999999999989,-10.0000000000011,244.));
#3202=CARTESIAN_POINT('',(-48.999999999999,-5.25000000000109,244.));
#3203=CARTESIAN_POINT('Origin',(-39.9999999999989,-10.0000000000011,244.));
#3204=CARTESIAN_POINT('',(-42.,-7.50000000000109,244.));
#3205=CARTESIAN_POINT('',(-39.9999999999989,-7.50000000000109,244.));
#3206=CARTESIAN_POINT('Origin',(-42.,-10.0000000000011,244.));
#3207=CARTESIAN_POINT('Origin',(-47.9999999999989,9.99999999999891,244.));
#3208=CARTESIAN_POINT('',(-47.9999999999989,14.7499999999989,244.));
#3209=CARTESIAN_POINT('Origin',(-47.9999999999989,9.99999999999891,244.));
#3210=CARTESIAN_POINT('',(-47.9999999999989,12.4999999999989,244.));
#3211=CARTESIAN_POINT('Origin',(-47.9999999999989,9.99999999999891,244.));
#3212=CARTESIAN_POINT('Origin',(-48.999999999999,9.99999999999891,244.));
#3213=CARTESIAN_POINT('',(-49.9999999999989,14.7499999999989,244.));
#3214=CARTESIAN_POINT('Origin',(-49.9999999999989,9.99999999999891,244.));
#3215=CARTESIAN_POINT('',(-48.999999999999,14.7499999999989,244.));
#3216=CARTESIAN_POINT('Origin',(-39.9999999999989,9.99999999999891,244.));
#3217=CARTESIAN_POINT('',(-42.,12.4999999999989,244.));
#3218=CARTESIAN_POINT('',(-39.9999999999989,12.4999999999989,244.));
#3219=CARTESIAN_POINT('Origin',(-42.,9.99999999999891,244.));
#3220=CARTESIAN_POINT('Origin',(-47.9999999999989,29.9999999999989,244.));
#3221=CARTESIAN_POINT('',(-47.9999999999989,34.7499999999989,244.));
#3222=CARTESIAN_POINT('Origin',(-47.9999999999989,29.9999999999989,244.));
#3223=CARTESIAN_POINT('',(-47.9999999999989,32.4999999999989,244.));
#3224=CARTESIAN_POINT('Origin',(-47.9999999999989,29.9999999999989,244.));
#3225=CARTESIAN_POINT('Origin',(-48.999999999999,29.9999999999989,244.));
#3226=CARTESIAN_POINT('',(-49.9999999999989,34.7499999999989,244.));
#3227=CARTESIAN_POINT('Origin',(-49.9999999999989,29.9999999999989,244.));
#3228=CARTESIAN_POINT('',(-48.999999999999,34.7499999999989,244.));
#3229=CARTESIAN_POINT('Origin',(-39.9999999999989,29.9999999999989,244.));
#3230=CARTESIAN_POINT('',(-42.,32.4999999999989,244.));
#3231=CARTESIAN_POINT('',(-39.9999999999989,32.4999999999989,244.));
#3232=CARTESIAN_POINT('Origin',(-42.,29.9999999999989,244.));
#3233=CARTESIAN_POINT('Origin',(-47.9999999999989,29.9999999999989,224.));
#3234=CARTESIAN_POINT('',(-47.9999999999989,34.7499999999989,224.));
#3235=CARTESIAN_POINT('Origin',(-47.9999999999989,29.9999999999989,224.));
#3236=CARTESIAN_POINT('',(-47.9999999999989,32.4999999999989,224.));
#3237=CARTESIAN_POINT('Origin',(-47.9999999999989,29.9999999999989,224.));
#3238=CARTESIAN_POINT('Origin',(-48.999999999999,29.9999999999989,224.));
#3239=CARTESIAN_POINT('',(-49.9999999999989,34.7499999999989,224.));
#3240=CARTESIAN_POINT('Origin',(-49.9999999999989,29.9999999999989,224.));
#3241=CARTESIAN_POINT('',(-48.999999999999,34.7499999999989,224.));
#3242=CARTESIAN_POINT('Origin',(-39.9999999999989,29.9999999999989,224.));
#3243=CARTESIAN_POINT('',(-42.,32.4999999999989,224.));
#3244=CARTESIAN_POINT('',(-39.9999999999989,32.4999999999989,224.));
#3245=CARTESIAN_POINT('Origin',(-42.,29.9999999999989,224.));
#3246=CARTESIAN_POINT('Origin',(-47.9999999999989,9.99999999999891,224.));
#3247=CARTESIAN_POINT('',(-47.9999999999989,14.7499999999989,224.));
#3248=CARTESIAN_POINT('Origin',(-47.9999999999989,9.99999999999891,224.));
#3249=CARTESIAN_POINT('',(-47.9999999999989,12.4999999999989,224.));
#3250=CARTESIAN_POINT('Origin',(-47.9999999999989,9.99999999999891,224.));
#3251=CARTESIAN_POINT('Origin',(-48.999999999999,9.99999999999891,224.));
#3252=CARTESIAN_POINT('',(-49.9999999999989,14.7499999999989,224.));
#3253=CARTESIAN_POINT('Origin',(-49.9999999999989,9.99999999999891,224.));
#3254=CARTESIAN_POINT('',(-48.999999999999,14.7499999999989,224.));
#3255=CARTESIAN_POINT('Origin',(-39.9999999999989,9.99999999999891,224.));
#3256=CARTESIAN_POINT('',(-42.,12.4999999999989,224.));
#3257=CARTESIAN_POINT('',(-39.9999999999989,12.4999999999989,224.));
#3258=CARTESIAN_POINT('Origin',(-42.,9.99999999999891,224.));
#3259=CARTESIAN_POINT('Origin',(-47.9999999999989,-10.0000000000011,224.));
#3260=CARTESIAN_POINT('',(-47.9999999999989,-5.25000000000109,224.));
#3261=CARTESIAN_POINT('Origin',(-47.9999999999989,-10.0000000000011,224.));
#3262=CARTESIAN_POINT('',(-47.9999999999989,-7.50000000000109,224.));
#3263=CARTESIAN_POINT('Origin',(-47.9999999999989,-10.0000000000011,224.));
#3264=CARTESIAN_POINT('Origin',(-48.999999999999,-10.0000000000011,224.));
#3265=CARTESIAN_POINT('',(-49.9999999999989,-5.25000000000109,224.));
#3266=CARTESIAN_POINT('Origin',(-49.9999999999989,-10.0000000000011,224.));
#3267=CARTESIAN_POINT('',(-48.999999999999,-5.25000000000109,224.));
#3268=CARTESIAN_POINT('Origin',(-39.9999999999989,-10.0000000000011,224.));
#3269=CARTESIAN_POINT('',(-42.,-7.50000000000109,224.));
#3270=CARTESIAN_POINT('',(-39.9999999999989,-7.50000000000109,224.));
#3271=CARTESIAN_POINT('Origin',(-42.,-10.0000000000011,224.));
#3272=CARTESIAN_POINT('Origin',(48.000000000001,9.99999999999891,224.));
#3273=CARTESIAN_POINT('',(48.000000000001,5.24999999999891,224.));
#3274=CARTESIAN_POINT('Origin',(48.000000000001,9.99999999999891,224.));
#3275=CARTESIAN_POINT('',(48.000000000001,7.49999999999891,224.));
#3276=CARTESIAN_POINT('Origin',(48.000000000001,9.99999999999891,224.));
#3277=CARTESIAN_POINT('Origin',(49.0000000000011,9.99999999999891,224.));
#3278=CARTESIAN_POINT('',(50.0000000000011,5.24999999999891,224.));
#3279=CARTESIAN_POINT('Origin',(50.0000000000011,9.99999999999891,224.));
#3280=CARTESIAN_POINT('',(49.0000000000011,5.24999999999891,224.));
#3281=CARTESIAN_POINT('Origin',(40.0000000000011,9.99999999999891,224.));
#3282=CARTESIAN_POINT('',(42.,7.49999999999891,224.));
#3283=CARTESIAN_POINT('',(40.0000000000011,7.49999999999891,224.));
#3284=CARTESIAN_POINT('Origin',(42.,9.99999999999891,224.));
#3285=CARTESIAN_POINT('Origin',(48.000000000001,9.99999999999891,244.));
#3286=CARTESIAN_POINT('',(48.000000000001,5.24999999999891,244.));
#3287=CARTESIAN_POINT('Origin',(48.000000000001,9.99999999999891,244.));
#3288=CARTESIAN_POINT('',(48.000000000001,7.49999999999891,244.));
#3289=CARTESIAN_POINT('Origin',(48.000000000001,9.99999999999891,244.));
#3290=CARTESIAN_POINT('Origin',(49.0000000000011,9.99999999999891,244.));
#3291=CARTESIAN_POINT('',(50.0000000000011,5.24999999999891,244.));
#3292=CARTESIAN_POINT('Origin',(50.0000000000011,9.99999999999891,244.));
#3293=CARTESIAN_POINT('',(49.0000000000011,5.24999999999891,244.));
#3294=CARTESIAN_POINT('Origin',(40.0000000000011,9.99999999999891,244.));
#3295=CARTESIAN_POINT('',(42.,7.49999999999891,244.));
#3296=CARTESIAN_POINT('',(40.0000000000011,7.49999999999891,244.));
#3297=CARTESIAN_POINT('Origin',(42.,9.99999999999891,244.));
#3298=CARTESIAN_POINT('Origin',(48.000000000001,-10.0000000000011,224.));
#3299=CARTESIAN_POINT('',(48.000000000001,-14.7500000000011,224.));
#3300=CARTESIAN_POINT('Origin',(48.000000000001,-10.0000000000011,224.));
#3301=CARTESIAN_POINT('',(48.000000000001,-12.5000000000011,224.));
#3302=CARTESIAN_POINT('Origin',(48.000000000001,-10.0000000000011,224.));
#3303=CARTESIAN_POINT('Origin',(49.0000000000011,-10.0000000000011,224.));
#3304=CARTESIAN_POINT('',(50.0000000000011,-14.7500000000011,224.));
#3305=CARTESIAN_POINT('Origin',(50.0000000000011,-10.0000000000011,224.));
#3306=CARTESIAN_POINT('',(49.0000000000011,-14.7500000000011,224.));
#3307=CARTESIAN_POINT('Origin',(40.0000000000011,-10.0000000000011,224.));
#3308=CARTESIAN_POINT('',(42.,-12.5000000000011,224.));
#3309=CARTESIAN_POINT('',(40.0000000000011,-12.5000000000011,224.));
#3310=CARTESIAN_POINT('Origin',(42.,-10.0000000000011,224.));
#3311=CARTESIAN_POINT('Origin',(48.000000000001,-10.0000000000011,244.));
#3312=CARTESIAN_POINT('',(48.000000000001,-14.7500000000011,244.));
#3313=CARTESIAN_POINT('Origin',(48.000000000001,-10.0000000000011,244.));
#3314=CARTESIAN_POINT('',(48.000000000001,-12.5000000000011,244.));
#3315=CARTESIAN_POINT('Origin',(48.000000000001,-10.0000000000011,244.));
#3316=CARTESIAN_POINT('Origin',(49.0000000000011,-10.0000000000011,244.));
#3317=CARTESIAN_POINT('',(50.0000000000011,-14.7500000000011,244.));
#3318=CARTESIAN_POINT('Origin',(50.0000000000011,-10.0000000000011,244.));
#3319=CARTESIAN_POINT('',(49.0000000000011,-14.7500000000011,244.));
#3320=CARTESIAN_POINT('Origin',(40.0000000000011,-10.0000000000011,244.));
#3321=CARTESIAN_POINT('',(42.,-12.5000000000011,244.));
#3322=CARTESIAN_POINT('',(40.0000000000011,-12.5000000000011,244.));
#3323=CARTESIAN_POINT('Origin',(42.,-10.0000000000011,244.));
#3324=CARTESIAN_POINT('Origin',(42.,45.,214.));
#3325=CARTESIAN_POINT('',(42.,45.,254.));
#3326=CARTESIAN_POINT('',(42.,45.,214.));
#3327=CARTESIAN_POINT('',(42.,45.,214.));
#3328=CARTESIAN_POINT('',(24.,45.,254.));
#3329=CARTESIAN_POINT('',(42.,45.,254.));
#3330=CARTESIAN_POINT('',(24.,45.,214.));
#3331=CARTESIAN_POINT('',(24.,45.,254.));
#3332=CARTESIAN_POINT('',(42.,45.,214.));
#3333=CARTESIAN_POINT('Origin',(24.,47.5,234.));
#3334=CARTESIAN_POINT('',(24.,50.,214.));
#3335=CARTESIAN_POINT('',(24.,45.,214.));
#3336=CARTESIAN_POINT('',(24.,50.,254.));
#3337=CARTESIAN_POINT('',(24.,50.,254.));
#3338=CARTESIAN_POINT('',(24.,50.,109.));
#3339=CARTESIAN_POINT('Origin',(42.,-41.,214.));
#3340=CARTESIAN_POINT('',(42.,-41.,214.));
#3341=CARTESIAN_POINT('',(42.,-41.,214.));
#3342=CARTESIAN_POINT('',(42.,-41.,254.));
#3343=CARTESIAN_POINT('',(42.,-41.,224.));
#3344=CARTESIAN_POINT('',(42.,-41.,254.));
#3345=CARTESIAN_POINT('Origin',(0.,-41.,234.));
#3346=CARTESIAN_POINT('',(-42.,-41.,214.));
#3347=CARTESIAN_POINT('',(35.,-41.,214.));
#3348=CARTESIAN_POINT('',(-42.,-41.,254.));
#3349=CARTESIAN_POINT('',(-42.,-41.,244.));
#3350=CARTESIAN_POINT('',(-35.,-41.,254.));
#3351=CARTESIAN_POINT('',(27.5,-41.,226.5));
#3352=CARTESIAN_POINT('Origin',(27.5,-41.,224.));
#3353=CARTESIAN_POINT('',(27.5,-41.,246.5));
#3354=CARTESIAN_POINT('Origin',(27.5,-41.,244.));
#3355=CARTESIAN_POINT('',(-27.5,-41.,226.5));
#3356=CARTESIAN_POINT('Origin',(-27.5,-41.,224.));
#3357=CARTESIAN_POINT('',(-27.5,-41.,246.5));
#3358=CARTESIAN_POINT('Origin',(-27.5,-41.,244.));
#3359=CARTESIAN_POINT('',(-27.5,-41.,236.5));
#3360=CARTESIAN_POINT('Origin',(-27.5,-41.,234.));
#3361=CARTESIAN_POINT('',(27.5,-41.,236.5));
#3362=CARTESIAN_POINT('Origin',(27.5,-41.,234.));
#3363=CARTESIAN_POINT('Origin',(-42.,45.,214.284394714217));
#3364=CARTESIAN_POINT('',(-42.,50.,214.284394714217));
#3365=CARTESIAN_POINT('',(-42.,45.,214.284394714217));
#3366=CARTESIAN_POINT('',(-42.,2.00000000000001,214.284394714217));
#3367=CARTESIAN_POINT('',(-24.,50.,214.284394714217));
#3368=CARTESIAN_POINT('',(-33.,50.,214.284394714217));
#3369=CARTESIAN_POINT('',(-24.,45.,214.284394714217));
#3370=CARTESIAN_POINT('',(-24.,45.,214.284394714217));
#3371=CARTESIAN_POINT('',(-42.,45.,214.284394714217));
#3372=CARTESIAN_POINT('Origin',(-42.,45.,254.));
#3373=CARTESIAN_POINT('',(-42.,45.,254.));
#3374=CARTESIAN_POINT('',(-42.,45.,254.));
#3375=CARTESIAN_POINT('',(-24.,45.,254.));
#3376=CARTESIAN_POINT('',(-24.,45.,254.));
#3377=CARTESIAN_POINT('',(-42.,45.,254.));
#3378=CARTESIAN_POINT('Origin',(-24.,47.5,234.142197357108));
#3379=CARTESIAN_POINT('',(-24.,50.,254.));
#3380=CARTESIAN_POINT('',(-24.,50.,109.071098678554));
#3381=CARTESIAN_POINT('',(-24.,50.,254.));
#3382=CARTESIAN_POINT('Origin',(-24.,50.,-16.));
#3383=CARTESIAN_POINT('',(-31.,50.,254.));
#3384=CARTESIAN_POINT('',(-42.,50.,214.));
#3385=CARTESIAN_POINT('',(-42.,50.,119.));
#3386=CARTESIAN_POINT('',(-47.,50.,214.));
#3387=CARTESIAN_POINT('',(-33.,50.,214.));
#3388=CARTESIAN_POINT('',(-47.,50.,29.));
#3389=CARTESIAN_POINT('',(-47.,50.,-16.));
#3390=CARTESIAN_POINT('',(-27.,50.,29.));
#3391=CARTESIAN_POINT('',(-23.4999999999995,50.,29.));
#3392=CARTESIAN_POINT('',(-27.,50.,209.));
#3393=CARTESIAN_POINT('',(-27.,50.,-16.));
#3394=CARTESIAN_POINT('',(-24.,50.,209.));
#3395=CARTESIAN_POINT('',(47.,50.,209.));
#3396=CARTESIAN_POINT('',(-24.,50.,29.));
#3397=CARTESIAN_POINT('',(-24.,50.,-16.));
#3398=CARTESIAN_POINT('',(24.,50.,29.));
#3399=CARTESIAN_POINT('',(-11.9999999999995,50.,29.));
#3400=CARTESIAN_POINT('',(24.,50.,209.));
#3401=CARTESIAN_POINT('',(24.,50.,-16.));
#3402=CARTESIAN_POINT('',(27.,50.,209.));
#3403=CARTESIAN_POINT('',(47.,50.,209.));
#3404=CARTESIAN_POINT('',(27.,50.,29.));
#3405=CARTESIAN_POINT('',(27.,50.,-16.));
#3406=CARTESIAN_POINT('',(47.,50.,29.));
#3407=CARTESIAN_POINT('',(13.5000000000005,50.,29.));
#3408=CARTESIAN_POINT('',(47.,50.,214.));
#3409=CARTESIAN_POINT('',(47.,50.,-16.));
#3410=CARTESIAN_POINT('',(9.,50.,214.));
#3411=CARTESIAN_POINT('Origin',(-42.,-41.,254.));
#3412=CARTESIAN_POINT('',(-42.,-41.,254.));
#3413=CARTESIAN_POINT('',(-42.,-41.,214.));
#3414=CARTESIAN_POINT('Origin',(-47.,-50.,-16.));
#3415=CARTESIAN_POINT('',(-47.,-50.,214.));
#3416=CARTESIAN_POINT('',(-47.,-45.5,214.));
#3417=CARTESIAN_POINT('',(-47.,-50.,29.));
#3418=CARTESIAN_POINT('',(-47.,-50.,-16.));
#3419=CARTESIAN_POINT('',(-47.,-25.,29.));
#3420=CARTESIAN_POINT('',(-47.,-25.0000000000005,29.));
#3421=CARTESIAN_POINT('',(-47.,-25.,209.));
#3422=CARTESIAN_POINT('',(-47.,-25.,-16.));
#3423=CARTESIAN_POINT('',(-47.,-22.,209.));
#3424=CARTESIAN_POINT('',(-47.,50.,209.));
#3425=CARTESIAN_POINT('',(-47.,-22.,29.));
#3426=CARTESIAN_POINT('',(-47.,-22.,-16.));
#3427=CARTESIAN_POINT('',(-47.,-11.0000000000005,29.));
#3428=CARTESIAN_POINT('Origin',(-35.5,12.5,209.));
#3429=CARTESIAN_POINT('',(-27.,-22.,209.));
#3430=CARTESIAN_POINT('',(-31.25,-22.,209.));
#3431=CARTESIAN_POINT('',(-24.,-25.,209.));
#3432=CARTESIAN_POINT('',(-41.25,-25.,209.));
#3433=CARTESIAN_POINT('',(-24.,-6.24999999999999,209.));
#3434=CARTESIAN_POINT('',(-27.,31.25,209.));
#3435=CARTESIAN_POINT('Origin',(35.5,12.5,209.));
#3436=CARTESIAN_POINT('',(27.,-22.,209.));
#3437=CARTESIAN_POINT('',(27.,-4.74999999999999,209.));
#3438=CARTESIAN_POINT('',(24.,-25.,209.));
#3439=CARTESIAN_POINT('',(24.,31.25,209.));
#3440=CARTESIAN_POINT('',(47.,-25.,209.));
#3441=CARTESIAN_POINT('',(29.75,-25.,209.));
#3442=CARTESIAN_POINT('',(47.,-22.,209.));
#3443=CARTESIAN_POINT('',(47.,-50.,209.));
#3444=CARTESIAN_POINT('',(41.25,-22.,209.));
#3445=CARTESIAN_POINT('Origin',(-47.,-25.,-16.));
#3446=CARTESIAN_POINT('',(-44.,-25.,29.));
#3447=CARTESIAN_POINT('',(-23.4999999999995,-25.,29.));
#3448=CARTESIAN_POINT('',(-44.,-25.,29.));
#3449=CARTESIAN_POINT('',(-24.,-25.,-16.));
#3450=CARTESIAN_POINT('Origin',(-27.,-22.,-16.));
#3451=CARTESIAN_POINT('',(-27.,-22.,-16.));
#3452=CARTESIAN_POINT('',(-44.,-22.,29.));
#3453=CARTESIAN_POINT('',(-44.,-22.,29.));
#3454=CARTESIAN_POINT('',(-13.4999999999995,-22.,29.));
#3455=CARTESIAN_POINT('Origin',(24.,50.,-16.));
#3456=CARTESIAN_POINT('',(24.,24.9999999999995,29.));
#3457=CARTESIAN_POINT('',(24.,-25.,-16.));
#3458=CARTESIAN_POINT('Origin',(27.,-22.,-16.));
#3459=CARTESIAN_POINT('',(27.,-22.,-16.));
#3460=CARTESIAN_POINT('',(27.,-11.0000000000005,29.));
#3461=CARTESIAN_POINT('Origin',(-3.5527136788005E-14,-49.9699999999999,
12.5));
#3462=CARTESIAN_POINT('',(-1.50000000000003,49.9700000000001,12.5));
#3463=CARTESIAN_POINT('',(-1.50000000000003,-49.9699999999999,12.5));
#3464=CARTESIAN_POINT('Origin',(-3.5527136788005E-14,49.9700000000001,12.5));
#3465=CARTESIAN_POINT('Origin',(-3.5527136788005E-14,-49.9699999999999,
12.5));
#3466=CARTESIAN_POINT('',(-1.50000000000003,-49.9699999999999,12.5));
#3467=CARTESIAN_POINT('Origin',(-3.5527136788005E-14,-49.9699999999999,
12.5));
#3468=CARTESIAN_POINT('',(-1.50000000000003,-47.,12.5));
#3469=CARTESIAN_POINT('',(-1.50000000000003,-49.9699999999999,12.5));
#3470=CARTESIAN_POINT('Origin',(-3.5527136788005E-14,-47.,12.5));
#3471=CARTESIAN_POINT('Origin',(46.97,7.99360577730113E-14,12.5));
#3472=CARTESIAN_POINT('',(46.97,-1.49999999999992,12.5));
#3473=CARTESIAN_POINT('Origin',(46.97,7.99360577730113E-14,12.5));
#3474=CARTESIAN_POINT('',(46.97,-1.49999999999992,12.5));
#3475=CARTESIAN_POINT('Origin',(46.97,7.99360577730113E-14,12.5));
#3476=CARTESIAN_POINT('',(-44.,-1.49999999999992,12.5));
#3477=CARTESIAN_POINT('Origin',(-44.,7.99360577730113E-14,12.5));
#3478=CARTESIAN_POINT('',(-46.97,-1.49999999999992,12.5));
#3479=CARTESIAN_POINT('',(46.97,-1.49999999999992,12.5));
#3480=CARTESIAN_POINT('Origin',(-46.97,7.99360577730113E-14,12.5));
#3481=CARTESIAN_POINT('Origin',(46.97,-49.9699999999999,25.));
#3482=CARTESIAN_POINT('',(-46.97,-49.9699999999999,25.));
#3483=CARTESIAN_POINT('',(46.97,-49.9699999999999,25.));
#3484=CARTESIAN_POINT('',(23.485,-49.9699999999999,25.));
#3485=CARTESIAN_POINT('',(-46.97,-49.9699999999999,0.));
#3486=CARTESIAN_POINT('',(-46.97,-49.9699999999999,25.));
#3487=CARTESIAN_POINT('',(46.97,-49.9699999999999,0.));
#3488=CARTESIAN_POINT('',(46.97,-49.9699999999999,0.));
#3489=CARTESIAN_POINT('',(46.97,-49.9699999999999,25.));
#3490=CARTESIAN_POINT('Origin',(46.97,49.9700000000001,25.));
#3491=CARTESIAN_POINT('',(46.97,49.9700000000001,25.));
#3492=CARTESIAN_POINT('',(46.97,24.9849999999995,25.));
#3493=CARTESIAN_POINT('',(46.97,49.9700000000001,0.));
#3494=CARTESIAN_POINT('',(46.97,49.9700000000001,0.));
#3495=CARTESIAN_POINT('',(46.97,49.9700000000001,25.));
#3496=CARTESIAN_POINT('Origin',(-46.97,49.9700000000001,25.));
#3497=CARTESIAN_POINT('',(-46.97,49.9700000000001,25.));
#3498=CARTESIAN_POINT('',(-23.485,49.9700000000001,25.));
#3499=CARTESIAN_POINT('',(-46.97,49.9700000000001,0.));
#3500=CARTESIAN_POINT('',(-46.97,49.9700000000001,0.));
#3501=CARTESIAN_POINT('',(-46.97,49.9700000000001,25.));
#3502=CARTESIAN_POINT('Origin',(-46.97,-49.9699999999999,25.));
#3503=CARTESIAN_POINT('',(-46.97,-24.9850000000005,25.));
#3504=CARTESIAN_POINT('',(-46.97,-49.9699999999999,0.));
#3505=CARTESIAN_POINT('Origin',(-2.66453525910038E-14,7.99360577730113E-14,
0.));
#3506=CARTESIAN_POINT('',(-44.,-47.,0.));
#3507=CARTESIAN_POINT('',(-44.,47.,0.));
#3508=CARTESIAN_POINT('',(-44.,-47.,0.));
#3509=CARTESIAN_POINT('Origin',(-3.5527136788005E-14,-1.06581410364015E-12,
29.));
#3510=CARTESIAN_POINT('',(-24.,-12.5000000000005,29.));
#3511=CARTESIAN_POINT('Origin',(-3.5527136788005E-14,-1.06581410364015E-12,
29.));
#3512=CARTESIAN_POINT('',(47.,-22.,29.));
#3513=CARTESIAN_POINT('',(23.5000000000005,-22.,29.));
#3514=CARTESIAN_POINT('',(47.,24.9999999999995,29.));
#3515=CARTESIAN_POINT('Origin',(-3.5527136788005E-14,-1.06581410364015E-12,
29.));
#3516=CARTESIAN_POINT('',(47.,-50.,29.));
#3517=CARTESIAN_POINT('',(23.5000000000005,-50.,29.));
#3518=CARTESIAN_POINT('',(47.,-25.,29.));
#3519=CARTESIAN_POINT('',(47.,-12.5000000000005,29.));
#3520=CARTESIAN_POINT('',(12.0000000000005,-25.,29.));
#3521=CARTESIAN_POINT('',(-44.,-47.,29.));
#3522=CARTESIAN_POINT('',(44.,-47.,29.));
#3523=CARTESIAN_POINT('',(-44.,-47.,29.));
#3524=CARTESIAN_POINT('Origin',(-44.,-47.,29.));
#3525=CARTESIAN_POINT('',(-44.,-47.,29.));
#3526=CARTESIAN_POINT('Origin',(-44.,47.,29.));
#3527=CARTESIAN_POINT('',(-44.,-47.,29.));
#3528=CARTESIAN_POINT('Origin',(-3.5527136788005E-14,-1.06581410364015E-12,
25.));
#3529=CARTESIAN_POINT('',(50.0000000000011,-50.0000000000011,25.));
#3530=CARTESIAN_POINT('',(47.000000000001,-53.000000000001,25.));
#3531=CARTESIAN_POINT('Origin',(47.,-50.,25.));
#3532=CARTESIAN_POINT('',(-46.999999999999,-53.0000000000011,25.));
#3533=CARTESIAN_POINT('',(47.000000000001,-53.0000000000011,25.));
#3534=CARTESIAN_POINT('',(-49.9999999999989,-50.0000000000011,25.));
#3535=CARTESIAN_POINT('Origin',(-47.,-50.,25.));
#3536=CARTESIAN_POINT('',(-49.9999999999989,49.9999999999989,25.));
#3537=CARTESIAN_POINT('',(-49.9999999999989,-50.0000000000011,25.));
#3538=CARTESIAN_POINT('',(-46.999999999999,52.9999999999989,25.));
#3539=CARTESIAN_POINT('Origin',(-47.,50.,25.));
#3540=CARTESIAN_POINT('',(47.000000000001,52.9999999999989,25.));
#3541=CARTESIAN_POINT('',(-46.999999999999,52.9999999999989,25.));
#3542=CARTESIAN_POINT('',(50.0000000000011,49.9999999999989,25.));
#3543=CARTESIAN_POINT('Origin',(47.,50.,25.));
#3544=CARTESIAN_POINT('',(50.000000000001,49.9999999999989,25.));
#3545=CARTESIAN_POINT('Origin',(-3.5527136788005E-14,-1.06581410364015E-12,
29.));
#3546=CARTESIAN_POINT('',(-27.,24.9999999999995,29.));
#3547=CARTESIAN_POINT('Origin',(24.,-25.,-16.));
#3548=CARTESIAN_POINT('',(47.,-25.,-16.));
#3549=CARTESIAN_POINT('Origin',(-24.,-25.,-16.));
#3550=CARTESIAN_POINT('Origin',(47.000000000001,49.9999999999989,-16.));
#3551=CARTESIAN_POINT('',(47.0000000000011,52.9999999999989,254.));
#3552=CARTESIAN_POINT('',(47.000000000001,52.9999999999989,-16.));
#3553=CARTESIAN_POINT('',(50.000000000001,49.9999999999989,254.));
#3554=CARTESIAN_POINT('Origin',(47.000000000001,49.9999999999989,254.));
#3555=CARTESIAN_POINT('',(50.0000000000011,49.9999999999989,24.));
#3556=CARTESIAN_POINT('Origin',(50.000000000001,52.9999999999989,-16.));
#3557=CARTESIAN_POINT('',(-46.999999999999,52.9999999999989,254.));
#3558=CARTESIAN_POINT('',(-46.999999999999,52.9999999999989,29.));
#3559=CARTESIAN_POINT('',(25.000000000001,52.9999999999989,254.));
#3560=CARTESIAN_POINT('Origin',(-46.999999999999,49.9999999999989,-16.));
#3561=CARTESIAN_POINT('',(-49.9999999999989,49.9999999999989,254.));
#3562=CARTESIAN_POINT('',(-49.9999999999989,49.9999999999989,-16.));
#3563=CARTESIAN_POINT('Origin',(-46.999999999999,49.9999999999989,254.));
#3564=CARTESIAN_POINT('Origin',(-49.9999999999989,52.9999999999989,-16.));
#3565=CARTESIAN_POINT('',(-49.9999999999989,-50.0000000000011,254.));
#3566=CARTESIAN_POINT('',(-49.9999999999989,-50.0000000000011,-16.));
#3567=CARTESIAN_POINT('',(-49.9999999999989,26.4999999999989,254.));
#3568=CARTESIAN_POINT('Origin',(47.,-22.,-16.));
#3569=CARTESIAN_POINT('',(47.,-22.,-16.));
#3570=CARTESIAN_POINT('Origin',(47.,-25.,-16.));
#3571=CARTESIAN_POINT('',(47.,-50.,214.));
#3572=CARTESIAN_POINT('',(47.,-33.,214.));
#3573=CARTESIAN_POINT('',(47.,-50.,-16.));
#3574=CARTESIAN_POINT('Origin',(47.,-50.,-16.));
#3575=CARTESIAN_POINT('',(41.,-50.,214.));
#3576=CARTESIAN_POINT('Origin',(-49.9999999999989,-53.0000000000011,-16.));
#3577=CARTESIAN_POINT('',(47.0000000000011,-53.0000000000011,254.));
#3578=CARTESIAN_POINT('',(47.000000000001,-53.0000000000011,-16.));
#3579=CARTESIAN_POINT('',(-46.9999999999989,-53.0000000000011,254.));
#3580=CARTESIAN_POINT('',(-24.999999999999,-53.0000000000011,254.));
#3581=CARTESIAN_POINT('',(-46.9999999999989,-53.0000000000011,-16.));
#3582=CARTESIAN_POINT('',(27.5,-53.0000000000011,228.75));
#3583=CARTESIAN_POINT('Origin',(27.5,-53.0000000000011,224.));
#3584=CARTESIAN_POINT('',(27.5,-53.0000000000011,248.75));
#3585=CARTESIAN_POINT('Origin',(27.5,-53.0000000000011,244.));
#3586=CARTESIAN_POINT('',(-27.5,-53.0000000000011,228.75));
#3587=CARTESIAN_POINT('Origin',(-27.5,-53.0000000000011,224.));
#3588=CARTESIAN_POINT('',(-27.5,-53.0000000000011,248.75));
#3589=CARTESIAN_POINT('Origin',(-27.5,-53.0000000000011,244.));
#3590=CARTESIAN_POINT('',(-27.5,-53.0000000000011,238.75));
#3591=CARTESIAN_POINT('Origin',(-27.5,-53.0000000000011,234.));
#3592=CARTESIAN_POINT('',(27.5,-53.0000000000011,238.75));
#3593=CARTESIAN_POINT('Origin',(27.5,-53.0000000000011,234.));
#3594=CARTESIAN_POINT('Origin',(-46.9999999999989,-50.0000000000011,-16.));
#3595=CARTESIAN_POINT('Origin',(-46.9999999999989,-50.0000000000011,254.));
#3596=CARTESIAN_POINT('Origin',(-27.,50.,-16.));
#3597=CARTESIAN_POINT('Origin',(50.0000000000011,-53.0000000000011,-16.));
#3598=CARTESIAN_POINT('',(50.0000000000011,-50.0000000000011,254.));
#3599=CARTESIAN_POINT('',(50.0000000000011,-26.5000000000011,254.));
#3600=CARTESIAN_POINT('',(50.0000000000011,-50.0000000000011,-16.));
#3601=CARTESIAN_POINT('Origin',(47.000000000001,-50.0000000000011,-16.));
#3602=CARTESIAN_POINT('Origin',(47.000000000001,-50.0000000000011,254.));
#3603=CARTESIAN_POINT('Origin',(27.5,-49.5000000000011,234.));
#3604=CARTESIAN_POINT('',(27.5,-49.5000000000011,238.75));
#3605=CARTESIAN_POINT('Origin',(27.5,-49.5000000000011,234.));
#3606=CARTESIAN_POINT('',(27.5,-49.5000000000011,236.5));
#3607=CARTESIAN_POINT('Origin',(27.5,-49.5000000000011,234.));
#3608=CARTESIAN_POINT('Origin',(27.5,-51.2500000000011,234.));
#3609=CARTESIAN_POINT('',(27.5,-51.2500000000011,238.75));
#3610=CARTESIAN_POINT('Origin',(27.5,-40.5000000000011,234.));
#3611=CARTESIAN_POINT('',(27.5,-40.5000000000011,236.5));
#3612=CARTESIAN_POINT('Origin',(-27.5,-49.5000000000011,234.));
#3613=CARTESIAN_POINT('',(-27.5,-49.5000000000011,238.75));
#3614=CARTESIAN_POINT('Origin',(-27.5,-49.5000000000011,234.));
#3615=CARTESIAN_POINT('',(-27.5,-49.5000000000011,236.5));
#3616=CARTESIAN_POINT('Origin',(-27.5,-49.5000000000011,234.));
#3617=CARTESIAN_POINT('Origin',(-27.5,-51.2500000000011,234.));
#3618=CARTESIAN_POINT('',(-27.5,-51.2500000000011,238.75));
#3619=CARTESIAN_POINT('Origin',(-27.5,-40.5000000000011,234.));
#3620=CARTESIAN_POINT('',(-27.5,-40.5000000000011,236.5));
#3621=CARTESIAN_POINT('Origin',(-27.5,-49.5000000000011,244.));
#3622=CARTESIAN_POINT('',(-27.5,-49.5000000000011,248.75));
#3623=CARTESIAN_POINT('Origin',(-27.5,-49.5000000000011,244.));
#3624=CARTESIAN_POINT('',(-27.5,-49.5000000000011,246.5));
#3625=CARTESIAN_POINT('Origin',(-27.5,-49.5000000000011,244.));
#3626=CARTESIAN_POINT('Origin',(-27.5,-51.2500000000011,244.));
#3627=CARTESIAN_POINT('',(-27.5,-51.2500000000011,248.75));
#3628=CARTESIAN_POINT('Origin',(-27.5,-40.5000000000011,244.));
#3629=CARTESIAN_POINT('',(-27.5,-40.5000000000011,246.5));
#3630=CARTESIAN_POINT('Origin',(-27.5,-49.5000000000011,224.));
#3631=CARTESIAN_POINT('',(-27.5,-49.5000000000011,228.75));
#3632=CARTESIAN_POINT('Origin',(-27.5,-49.5000000000011,224.));
#3633=CARTESIAN_POINT('',(-27.5,-49.5000000000011,226.5));
#3634=CARTESIAN_POINT('Origin',(-27.5,-49.5000000000011,224.));
#3635=CARTESIAN_POINT('Origin',(-27.5,-51.2500000000011,224.));
#3636=CARTESIAN_POINT('',(-27.5,-51.2500000000011,228.75));
#3637=CARTESIAN_POINT('Origin',(-27.5,-40.5000000000011,224.));
#3638=CARTESIAN_POINT('',(-27.5,-40.5000000000011,226.5));
#3639=CARTESIAN_POINT('Origin',(27.5,-49.5000000000011,244.));
#3640=CARTESIAN_POINT('',(27.5,-49.5000000000011,248.75));
#3641=CARTESIAN_POINT('Origin',(27.5,-49.5000000000011,244.));
#3642=CARTESIAN_POINT('',(27.5,-49.5000000000011,246.5));
#3643=CARTESIAN_POINT('Origin',(27.5,-49.5000000000011,244.));
#3644=CARTESIAN_POINT('Origin',(27.5,-51.2500000000011,244.));
#3645=CARTESIAN_POINT('',(27.5,-51.2500000000011,248.75));
#3646=CARTESIAN_POINT('Origin',(27.5,-40.5000000000011,244.));
#3647=CARTESIAN_POINT('',(27.5,-40.5000000000011,246.5));
#3648=CARTESIAN_POINT('Origin',(27.5,-49.5000000000011,224.));
#3649=CARTESIAN_POINT('',(27.5,-49.5000000000011,228.75));
#3650=CARTESIAN_POINT('Origin',(27.5,-49.5000000000011,224.));
#3651=CARTESIAN_POINT('',(27.5,-49.5000000000011,226.5));
#3652=CARTESIAN_POINT('Origin',(27.5,-49.5000000000011,224.));
#3653=CARTESIAN_POINT('Origin',(27.5,-51.2500000000011,224.));
#3654=CARTESIAN_POINT('',(27.5,-51.2500000000011,228.75));
#3655=CARTESIAN_POINT('Origin',(27.5,-40.5000000000011,224.));
#3656=CARTESIAN_POINT('',(27.5,-40.5000000000011,226.5));
#3657=CARTESIAN_POINT('Origin',(-35.,-50.,254.));
#3658=CARTESIAN_POINT('Origin',(35.,-50.,214.));
#3659=UNCERTAINTY_MEASURE_WITH_UNIT(LENGTH_MEASURE(0.01),#3663,
'DISTANCE_ACCURACY_VALUE',
'Maximum model space distance between geometric entities at asserted c
onnectivities');
#3660=UNCERTAINTY_MEASURE_WITH_UNIT(LENGTH_MEASURE(0.01),#3663,
'DISTANCE_ACCURACY_VALUE',
'Maximum model space distance between geometric entities at asserted c
onnectivities');
#3661=(
GEOMETRIC_REPRESENTATION_CONTEXT(3)
GLOBAL_UNCERTAINTY_ASSIGNED_CONTEXT((#3659))
GLOBAL_UNIT_ASSIGNED_CONTEXT((#3663,#3665,#3666))
REPRESENTATION_CONTEXT('','3D')
);
#3662=(
GEOMETRIC_REPRESENTATION_CONTEXT(3)
GLOBAL_UNCERTAINTY_ASSIGNED_CONTEXT((#3660))
GLOBAL_UNIT_ASSIGNED_CONTEXT((#3663,#3665,#3666))
REPRESENTATION_CONTEXT('','3D')
);
#3663=(
LENGTH_UNIT()
NAMED_UNIT(*)
SI_UNIT(.MILLI.,.METRE.)
);
#3664=(
LENGTH_UNIT()
NAMED_UNIT(*)
SI_UNIT($,.METRE.)
);
#3665=(
NAMED_UNIT(*)
PLANE_ANGLE_UNIT()
SI_UNIT($,.RADIAN.)
);
#3666=(
NAMED_UNIT(*)
SI_UNIT($,.STERADIAN.)
SOLID_ANGLE_UNIT()
);
#3667=SHAPE_DEFINITION_REPRESENTATION(#3668,#3669);
#3668=PRODUCT_DEFINITION_SHAPE('',$,#3671);
#3669=SHAPE_REPRESENTATION('',(#2199),#3661);
#3670=PRODUCT_DEFINITION_CONTEXT('part definition',#3675,'design');
#3671=PRODUCT_DEFINITION('2026-05-03-18-45-41-926','(\X2\672A4FDD5B58\X0\)',
#3672,#3670);
#3672=PRODUCT_DEFINITION_FORMATION('',$,#3677);
#3673=PRODUCT_RELATED_PRODUCT_CATEGORY('(\X2\672A4FDD5B58\X0\)',
'(\X2\672A4FDD5B58\X0\)',(#3677));
#3674=APPLICATION_PROTOCOL_DEFINITION('international standard',
'automotive_design',2009,#3675);
#3675=APPLICATION_CONTEXT(
'Core Data for Automotive Mechanical Design Process');
#3676=PRODUCT_CONTEXT('part definition',#3675,'mechanical');
#3677=PRODUCT('2026-05-03-18-45-41-926','(\X2\672A4FDD5B58\X0\)',$,(#3676));
#3678=PRESENTATION_STYLE_ASSIGNMENT((#3679));
#3679=SURFACE_STYLE_USAGE(.BOTH.,#3680);
#3680=SURFACE_SIDE_STYLE('',(#3681));
#3681=SURFACE_STYLE_FILL_AREA(#3682);
#3682=FILL_AREA_STYLE('\X2\94A2\X0\ - \X2\7F0E5149\X0\',(#3683));
#3683=FILL_AREA_STYLE_COLOUR('\X2\94A2\X0\ - \X2\7F0E5149\X0\',#3684);
#3684=COLOUR_RGB('\X2\94A2\X0\ - \X2\7F0E5149\X0\',0.627450980392157,0.627450980392157,
0.627450980392157);
ENDSEC;
END-ISO-10303-21;
